obs_wl_air(nm)	ritz_wl_air(nm)	intens	Aki(s^-1)	Acc	Ei(cm-1)	Ek(cm-1)	conf_i	term_i	J_i	conf_k	term_k	J_k	Type	tp_ref	line_ref	
"380.065"	"380.06662"	"10hl"	""		"33113.212"	"59416.921"	"3d5.(2F1).4s"	"b 3F"	"4"	"3d4.(3F1).4s.4p.(1P*)"	"r 3F*"	"3"		""	"L808"	
"380.47983"	"380.479845"	"170"	"6.9e+07"	D	"24282.3486"	"50557.4907"	"3d5.(4D).4s"	"b 5D"	"4"	"3d5.(4D).4p"	"u 5D*"	"4"		"T1426n"	"L14866"	
"380.591"	"380.59210"	"2w"	""		"31008.9708"	"57276.363"	"3d5.(2D3).4s"	"b 3D"	"3"	"3d4.(3D).4s.4p.(3P*)"	"t 3F*"	"3"		""	"L808"	
"380.65587"	"380.655886"	"19"	""		"7927.4410"	"34190.4320"	"3d4.4s2"	"a 5D"	"2"	"3d4.(5D).4s.4p.(3P*)"	"z 3P*"	"2"		""	"L14866"	
"380.683"	"380.6818"	"50"	""		"27816.7783"	"54077.98"	"3d4.4s2"	"b 3G"	"5"	"3d3.(4F).4s2.4p"	"v 3G*"	"5"		""	"L808"	
"380.79222"	"380.792222"	"30"	""		"24303.9025"	"50557.4907"	"3d5.(4D).4s"	"b 5D"	"3"	"3d5.(4D).4p"	"u 5D*"	"4"		""	"L14866"	
"380.94830"	"380.94835"	"11"	""		"33762.6622"	"60005.491"	"3d5.(2I).4s"	"b 1I"	"6"	"3d5.(2G1).4p"	"x 1H*"	"5"		""	"L14866"	
"381.194"	"381.194128"	"5"	""		"24833.7957"	"51059.7045"	"3d5.(4G).4s"	"a 3G"	"3"	"3d4.(3G).4s.4p.(3P*)"	"w 3F*"	"4"		""	"L808"	
"381.2259"	"381.2257"	"65"	""		"27703.7743"	"53927.51"	"3d4.4s2"	"b 3G"	"4"	"3d3.(4F).4s2.4p"	"v 3G*"	"4"		""	"L808"	
"381.46232"	"381.46233"	"6"	""		"27597.2409"	"53804.711"	"3d4.4s2"	"b 3G"	"3"	"3d3.(4F).4s2.4p"	"v 3G*"	"3"		""	"L14866"	
"381.54331"	"381.54329"	"91*"	""		"21840.8096"	"48042.7187"	"3d5.(4P).4s"	"a 5P"	"3"	""	"*"	"4"		""	"L14866"	
"381.54331"	"381.5440"	"91*"	""		"31355.1192"	"57556.98"	"3d5.(4F).4s"	"a 5F"	"2"	"3d5.(2F1).4p"	"t 3G*"	"3"		""	"L14866"	
"381.57742"	"381.577383"	"24"	""		"20520.9029"	"46720.4711"	"3d5.(4G).4s"	"a 5G"	"3"	"3d4.(3G).4s.4p.(3P*)"	"w 5F*"	"4"		""	"L14866"	
"381.61709"	"381.617092"	"72"	""		"20523.6290"	"46720.4711"	"3d5.(4G).4s"	"a 5G"	"4"	"3d4.(3G).4s.4p.(3P*)"	"w 5F*"	"4"		""	"L14866"	
"381.62103"	"381.621039"	"32"	""		"20523.8999"	"46720.4711"	"3d5.(4G).4s"	"a 5G"	"5"	"3d4.(3G).4s.4p.(3P*)"	"w 5F*"	"4"		""	"L14866"	
"381.78451"	"381.784503"	"49"	""		"20519.5515"	"46704.9067"	"3d5.(4G).4s"	"a 5G"	"6"	"3d4.(3G).4s.4p.(3P*)"	"w 5F*"	"5"		""	"L14866"	
"381.84392"	"381.843964"	"21"	""		"20523.6290"	"46704.9067"	"3d5.(4G).4s"	"a 5G"	"4"	"3d4.(3G).4s.4p.(3P*)"	"w 5F*"	"5"		""	"L14866"	
"381.84791"	"381.847915"	"91"	""		"20523.8999"	"46704.9067"	"3d5.(4G).4s"	"a 5G"	"5"	"3d4.(3G).4s.4p.(3P*)"	"w 5F*"	"5"		""	"L14866"	
"381.941"	"381.93932"	"2"	""		"35862.764"	"62037.505"	"3d5.(4F).4s"	"c 3F"	"4"	"3d5.(4F).4p"	"q 3G*"	"5"		""	"L808"	
"381.95652"	"381.956508"	"81"	""		"21840.8096"	"48014.3731"	"3d5.(4P).4s"	"a 5P"	"3"	"3d5.(4G).4p"	"u 5F*"	"4"		""	"L14866"	
"381.988"	"381.98895"	"3w"	""		"24093.1182"	"50264.4589"	"3d4.4s2"	"a 3P"	"2"	"3d5.(4D).4p"	"w 3D*"	"3"		""	"L808"	
"381.99678"	"381.996779"	"16"	""		"20517.4222"	"46688.2265"	"3d5.(4G).4s"	"a 5G"	"2"	"3d4.(3G).4s.4p.(3P*)"	"w 5F*"	"3"		""	"L14866"	
"382.036"	"382.0346"	"62:"	""		"23933.8561"	"50102.07"	"3d4.4s2"	"a 3H"	"4"	"3d5.(4D).4p"	"s 5F*"	"3"		""	"L9365"	
"382.04759"	"382.047592"	"52"	""		"20520.9029"	"46688.2265"	"3d5.(4G).4s"	"a 5G"	"3"	"3d4.(3G).4s.4p.(3P*)"	"w 5F*"	"3"		""	"L14866"	
"382.08741"	"382.087399"	"27"	""		"20523.6290"	"46688.2265"	"3d5.(4G).4s"	"a 5G"	"4"	"3d4.(3G).4s.4p.(3P*)"	"w 5F*"	"3"		""	"L14866"	
"382.12190"	"382.121815"	"8"	""		"24897.4635"	"51059.7045"	"3d5.(4G).4s"	"a 3G"	"4"	"3d4.(3G).4s.4p.(3P*)"	"w 3F*"	"4"		""	"L14866"	
"382.139"	"382.14063"	"4w"	""		"20517.4222"	"46678.375"	"3d5.(4G).4s"	"a 5G"	"2"	"3d4.(3G).4s.4p.(3P*)"	"w 5F*"	"1"		""	"L808"	
"382.15835"	"382.158331"	"28"	""		"20517.4222"	"46677.1634"	"3d5.(4G).4s"	"a 5G"	"2"	"3d4.(3G).4s.4p.(3P*)"	"w 5F*"	"2"		""	"L14866"	
"382.20940"	"382.209188"	"14"	""		"20520.9029"	"46677.1634"	"3d5.(4G).4s"	"a 5G"	"3"	"3d4.(3G).4s.4p.(3P*)"	"w 5F*"	"2"		""	"L14866"	
"382.35177"	"382.351810"	"120"	""		"7750.7465"	"33897.2506"	"3d4.4s2"	"a 5D"	"0"	"3d4.(5D).4s.4p.(3P*)"	"z 3P*"	"1"		""	"L14866"	
"382.53856"	"382.538537"	"29"	""		"21840.8096"	"47974.5512"	"3d5.(4P).4s"	"a 5P"	"3"	"3d5.(4G).4p"	"u 5F*"	"3"		""	"L14866"	
"382.64142"	"382.641402"	"47"	""		"21847.8349"	"47974.5512"	"3d5.(4P).4s"	"a 5P"	"2"	"3d5.(4G).4p"	"u 5F*"	"3"		""	"L14866"	
"382.788"	"382.79055"	"3"	""		"24833.7957"	"50950.3326"	"3d5.(4G).4s"	"a 3G"	"3"	"3d4.(3G).4s.4p.(3P*)"	"w 3F*"	"3"		""	"L808"	
"382.834"	"382.83460"	"23:"	""		"31028.2590"	"57141.791"	"3d5.(2D3).4s"	"b 3D"	"2"	""	"*"	"3"		""	"L9365"	
"382.950"	"382.9484"	"8"	""		"31048.7488"	"57154.52"	"3d5.(2D3).4s"	"b 3D"	"1"	"3d4.(1S1).4s.4p.(3P*)"	"u 3P*"	"0"		""	"L808"	
"382.9714"	"382.9713"	"8w"	""		"31028.2590"	"57132.47"	"3d5.(2D3).4s"	"b 3D"	"2"	"3d4.(1S1).4s.4p.(3P*)"	"u 3P*"	"1"		""	"L808"	
"382.995"	"382.99606"	"97:"	""		"31280.3147"	"57382.838"	"3d4.(5D).4s.4p.(3P*)"	"z 5F*"	"5"	"3d5.(4G).5s"	"e 5G"	"5"		""	"L9365"	
"383.003"	"383.00240"	"150H"	""		"27825.3207"	"53927.412"	"3d4.(5D).4s.4p.(3P*)"	"z 7D*"	"5"	"3d4.4s.4d"	"e 7F"	"6"		""	"L808"	
"383.10286"	"383.102843"	"100"	""		"8095.1842"	"34190.4320"	"3d4.4s2"	"a 5D"	"3"	"3d4.(5D).4s.4p.(3P*)"	"z 3P*"	"2"		""	"L14866"	
"383.149"	"383.1465"	"3:"	""		"35884.255"	"61976.53"	"3d5.(2H).4s"	"b 3H"	"5"	"3d5.(4F).4p"	"3G*"	"4"		""	"L9365"	
"383.156"	"383.1541"	"7w"	""		"31008.9708"	"57100.73"	"3d5.(2D3).4s"	"b 3D"	"3"	""	"p 5F*"	"2"		""	"L808"	
"383.23157"	"383.231740"	"21"	""		"7810.7795"	"33897.2506"	"3d4.4s2"	"a 5D"	"1"	"3d4.(5D).4s.4p.(3P*)"	"z 3P*"	"1"		""	"L14866"	
"383.273"	"383.2721"	"10wh"	""		"31048.7488"	"57132.47"	"3d5.(2D3).4s"	"b 3D"	"1"	"3d4.(1S1).4s.4p.(3P*)"	"u 3P*"	"1"		""	"L808"	
"383.35067"	"383.350661"	"7"	""		"7593.1484"	"33671.5273"	"3d5.(6S).4s"	"a 5S"	"2"	"3d4.(5D).4s.4p.(3P*)"	"z 5D*"	"3"		""	"L14866"	
"383.36959"	"383.369313"	"3"	""		"21840.8096"	"47917.9197"	"3d5.(4P).4s"	"a 5P"	"3"	"3d5.(4G).4p"	"u 5F*"	"2"		""	"L14866"	
"383.47262"	"383.472625"	"23"	""		"21847.8349"	"47917.9197"	"3d5.(4P).4s"	"a 5P"	"2"	"3d5.(4G).4p"	"u 5F*"	"2"		""	"L14866"	
"383.60642"	"383.606439"	"12"	""		"21856.9287"	"47917.9197"	"3d5.(4P).4s"	"a 5P"	"1"	"3d5.(4G).4p"	"u 5F*"	"2"		""	"L14866"	
"383.630"	"383.6301"	"14:"	""		"31028.2590"	"57087.645"	"3d5.(2D3).4s"	"b 3D"	"2"	"3d4.(1S1).4s.4p.(3P*)"	"u 3P*"	"2"		""	"L9365"	
"383.673"	"383.67528"	"7wH*"	""		"27649.6960"	"53706.011"	"3d4.(5D).4s.4p.(3P*)"	"z 7D*"	"4"	"3d4.4s.4d"	"e 7F"	"5"		""	"L808"	
"383.673"	"383.67578"	"7wH*"	""		"24833.7957"	"50890.077"	"3d5.(4G).4s"	"a 3G"	"3"	"3d4.(3G).4s.4p.(3P*)"	"w 3F*"	"2"		""	"L808"	
"383.742"	"383.7391"	"2h"	""		"31048.7488"	"57100.73"	"3d5.(2D3).4s"	"b 3D"	"1"	""	"p 5F*"	"2"		""	"L808"	
"383.802"	"383.8023"	"3h"	""		"31048.7488"	"57096.44"	"3d5.(2D3).4s"	"b 3D"	"1"	""	"p 5F*"	"1"		""	"L808"	
"384.06678"	"384.06669"	"4"	""		"21847.8349"	"47877.596"	"3d5.(4P).4s"	"a 5P"	"2"	"3d5.(4G).4p"	"u 5F*"	"1"		""	"L14866"	
"384.12736"	"384.127350"	"180"	""		"21840.8096"	"47866.4604"	"3d5.(4P).4s"	"a 5P"	"3"	"3d5.(4P).4p"	"v 5D*"	"4"		""	"L14866"	
"384.193"	"384.192960"	"18:"	""		"25038.4981"	"51059.7045"	"3d5.(4G).4s"	"a 3G"	"5"	"3d4.(3G).4s.4p.(3P*)"	"w 3F*"	"4"		""	"L9365"	
"384.20101"	"384.20092"	"8"	""		"21856.9287"	"47877.596"	"3d5.(4P).4s"	"a 5P"	"1"	"3d5.(4G).4p"	"u 5F*"	"1"		""	"L14866"	
"384.363"	"384.36236"	"10"	""		"24940.594"	"50950.3326"	"3d4.4s2"	"a 3F"	"2"	"3d4.(3G).4s.4p.(3P*)"	"w 3F*"	"3"		""	"L808"	
"384.378"	"384.3763"	"4"	""		"33113.212"	"59122.01"	"3d5.(2F1).4s"	"b 3F"	"4"	"3d5.(4F).4p"	"u 3D*"	"3"		""	"L808"	
"384.89757"	"384.897559"	"68"	""		"21840.8096"	"47814.3823"	"3d5.(4P).4s"	"a 5P"	"3"	"3d5.(4P).4p"	"v 5D*"	"3"		""	"L14866"	
"384.93649"	"384.93648"	"65"	""		"24282.3486"	"50253.295"	"3d5.(4D).4s"	"b 5D"	"4"	"3d5.(4D).4p"	"s 5F*"	"5"		""	"L14866"	
"384.95334"	"384.953333"	"230"	"2.3e+06"	E	"7927.4410"	"33897.2506"	"3d4.4s2"	"a 5D"	"2"	"3d4.(5D).4s.4p.(3P*)"	"z 3P*"	"1"		"T3196"	"L14866"	
"385.00170"	"385.001696"	"120"	""		"21847.8349"	"47814.3823"	"3d5.(4P).4s"	"a 5P"	"2"	"3d5.(4P).4p"	"v 5D*"	"3"		""	"L14866"	
"385.02443"	"385.024481"	"5"	""		"23511.9739"	"49476.9847"	"3d4.4s2"	"a 3P"	"1"	"3d5.(4P).4p"	"y 3S*"	"1"		""	"L14866"	
"385.090"	"385.09055"	"3h"	""		"24303.9025"	"50264.4589"	"3d5.(4D).4s"	"b 5D"	"3"	"3d5.(4D).4p"	"w 3D*"	"3"		""	"L808"	
"385.196"	"385.196597"	"10"	""		"25106.2953"	"51059.7045"	"3d4.4s2"	"a 3F"	"3"	"3d4.(3G).4s.4p.(3P*)"	"w 3F*"	"4"		""	"L808"	
"385.22118"	"385.221179"	"220"	"7.0e+06"	E	"7810.7795"	"33762.5326"	"3d4.4s2"	"a 5D"	"1"	"3d4.(5D).4s.4p.(3P*)"	"z 3P*"	"0"		"T3196"	"L14866"	
"385.256"	"385.252"	"15*"	""		"31377.8624"	"57327.51"	"3d5.(4F).4s"	"a 5F"	"4"	""	"p 5F*"	"5"		""	"L808"	
"385.256"	"385.25488"	"15*"	""		"24940.594"	"50890.077"	"3d4.4s2"	"a 3F"	"2"	"3d4.(3G).4s.4p.(3P*)"	"w 3F*"	"2"		""	"L808"	
"385.256"	"385.25727"	"15*"	""		"37233.423"	"63182.745"	"3d5.(2G2).4s"	"c 3G"	"5"	""	"q 3H*"	"6"		""	"L808"	
"385.26276"	"385.262792"	"5"	""		"7593.1484"	"33542.0985"	"3d5.(6S).4s"	"a 5S"	"2"	"3d4.(5D).4s.4p.(3P*)"	"z 5D*"	"2"		""	"L14866"	
"385.31719"	"385.317197"	"13"	""		"21840.8096"	"47786.0959"	"3d5.(4P).4s"	"a 5P"	"3"	"3d5.(4P).4p"	"v 5D*"	"2"		""	"L14866"	
"385.42156"	"385.421561"	"87"	""		"21847.8349"	"47786.0959"	"3d5.(4P).4s"	"a 5P"	"2"	"3d5.(4P).4p"	"v 5D*"	"2"		""	"L14866"	
"385.480"	"385.482"	"50w"	""		"31393.2968"	"57327.51"	"3d5.(4F).4s"	"a 5F"	"5"	""	"p 5F*"	"5"		""	"L808"	
"385.52855"	"385.52853"	"42"	""		"21856.9287"	"47787.993"	"3d5.(4P).4s"	"a 5P"	"1"	"3d5.(4P).4p"	"v 5D*"	"0"		""	"L14866"	
"385.55674"	"385.556738"	"56"	""		"21856.9287"	"47786.0959"	"3d5.(4P).4s"	"a 5P"	"1"	"3d5.(4P).4p"	"v 5D*"	"2"		""	"L14866"	
"385.62709"	"385.627114"	"31"	""		"21847.8349"	"47772.2702"	"3d5.(4P).4s"	"a 5P"	"2"	"3d5.(4P).4p"	"v 5D*"	"1"		""	"L14866"	
"385.675"	"385.67460"	"3w"	""		"31355.1192"	"57276.363"	"3d5.(4F).4s"	"a 5F"	"2"	"3d4.(3D).4s.4p.(3P*)"	"t 3F*"	"3"		""	"L808"	
"385.76244"	"385.762436"	"83"	""		"21856.9287"	"47772.2702"	"3d5.(4P).4s"	"a 5P"	"1"	"3d5.(4P).4p"	"v 5D*"	"1"		""	"L14866"	
"385.889"	"385.8897"	"50w"	""		"24303.9025"	"50210.70"	"3d5.(4D).4s"	"b 5D"	"3"	"3d5.(4D).4p"	"s 5F*"	"4"		""	"L808"	
"385.959"	"385.95880"	"37:"	""		"27382.1739"	"53284.331"	"3d4.(5D).4s.4p.(3P*)"	"z 7D*"	"2"	"3d4.4s.4d"	"h 7D"	"3"		""	"L9365"	
"386.00893"	"386.008927"	"8"	""		"20523.6290"	"46422.4223"	"3d5.(4G).4s"	"a 5G"	"4"	"3d4.(3F1).4s.4p.(3P*)"	"w 5D*"	"4"		""	"L14866"	
"386.01299"	"386.012965"	"10"	""		"20523.8999"	"46422.4223"	"3d5.(4G).4s"	"a 5G"	"5"	"3d4.(3F1).4s.4p.(3P*)"	"w 5D*"	"4"		""	"L14866"	
"386.186"	"386.1898"	"2h"	""		"35640.6434"	"61527.31"	"3d6"	"c 5D"	"0"	"3d4.(1D1).4s.4p.(3P*)"	"t 3P*"	"1"		""	"L808"	
"386.226"	"386.22434"	"3h*"	""		"24299.8419"	"50184.191"	"3d5.(4D).4s"	"b 5D"	"2"	"3d5.(4D).4p"	"w 3D*"	"2"		""	"L808"	
"386.226"	"386.22462"	"3h*"	""		"27500.3699"	"53384.700"	"3d4.(5D).4s.4p.(3P*)"	"z 7D*"	"3"	"3d4.4s.4d"	"e 7F"	"3"		""	"L808"	
"386.25418"	"386.254159"	"17"	""		"25177.3539"	"51059.7045"	"3d4.4s2"	"a 3F"	"4"	"3d4.(3G).4s.4p.(3P*)"	"w 3F*"	"4"		""	"L14866"	
"386.323"	"386.3257"	"8:"	""		"27300.1433"	"53177.70"	"3d4.(5D).4s.4p.(3P*)"	"z 7D*"	"1"	"3d4.4s.4d"	"e 7G"	"2"		""	"L9365"	
"386.368"	"386.36384"	"15wh"	""		"27500.3699"	"53375.373"	"3d4.(5D).4s.4p.(3P*)"	"z 7D*"	"3"	"3d4.4s.4d"	"h 7D"	"4"		""	"L808"	
"386.396"	"386.3957"	"5h"	""		"23305.0026"	"49177.87"	"3d5.(6S).4p"	"z 7P*"	"2"	"3d5.(6S).7s"	"g 7S"	"3"		""	"L808"	
"386.493"	"386.49459"	"77:"	""		"36895.8060"	"62762.056"	"3d5.(6S).5s"	"e 7S"	"3"	"3d4.4s.4p"	"r 3H*"	"4"		""	"L9365"	
"386.503"	"386.50653"	"4wh"	""		"31355.1192"	"57220.570"	"3d5.(4F).4s"	"a 5F"	"2"	"3d4.(3D).4s.4p.(3P*)"	"t 3F*"	"2"		""	"L808"	
"386.596"	"386.5928"	"20wh"	""		"31377.8624"	"57237.54"	"3d5.(4F).4s"	"a 5F"	"4"	""	"p 5F*"	"4"		""	"L808"	
"386.775"	"386.776960"	"4w"	""		"20520.9029"	"46368.2695"	"3d5.(4G).4s"	"a 5G"	"3"	"3d4.(3F1).4s.4p.(3P*)"	"w 5D*"	"3"		""	"L808"	
"386.81789"	"386.817758"	"3"	""		"20523.6290"	"46368.2695"	"3d5.(4G).4s"	"a 5G"	"4"	"3d4.(3F1).4s.4p.(3P*)"	"w 5D*"	"3"		""	"L14866"	
"386.82678"	"386.82679"	"14"	""		"25106.2953"	"50950.3326"	"3d4.4s2"	"a 3F"	"3"	"3d4.(3G).4s.4p.(3P*)"	"w 3F*"	"3"		""	"L14866"	
"387.024"	"387.027481"	"50wH"	""		"7593.1484"	"33423.7845"	"3d5.(6S).4s"	"a 5S"	"2"	"3d4.(5D).4s.4p.(3P*)"	"z 5D*"	"1"		""	"L808"	
"387.153"	"387.1534"	"10h"	""		"31364.2327"	"57186.47"	"3d5.(4F).4s"	"a 5F"	"3"	""	"p 5F*"	"3"		""	"L808"	
"387.274"	"387.26916"	"3w"	""		"27222.9417"	"53037.458"	"3d5.(4P).4s"	"b 3P"	"2"	"3d4.(3D).4s.4p.(3P*)"	"r 5F*"	"2"		""	"L808"	
"387.358"	"387.3578"	"7h"	""		"31377.8624"	"57186.47"	"3d5.(4F).4s"	"a 5F"	"4"	""	"p 5F*"	"3"		""	"L808"	
"387.455"	"387.4498"	"75w*"	""		"27825.3207"	"53627.80"	"3d4.(5D).4s.4p.(3P*)"	"z 7D*"	"5"	"3d4.4s.4d"	"h 7D"	"5"		""	"L808"	
"387.455"	"387.4536"	"75w*"	""		"24299.8419"	"50102.07"	"3d5.(4D).4s"	"b 5D"	"2"	"3d5.(4D).4p"	"s 5F*"	"3"		""	"L808"	
"387.49808"	"387.498284"	"3"	""		"21840.8096"	"47640.0627"	"3d5.(4P).4s"	"a 5P"	"3"	"3d4.(5D).4s.5p.(3P*)"	"v 5F*"	"4"		""	"L14866"	
"387.51141"	"387.51138"	"9"	""		"27500.3699"	"53298.751"	"3d4.(5D).4s.4p.(3P*)"	"z 7D*"	"3"	"3d4.4s.4d"	"e 7G"	"4"		""	"L14866"	
"387.554"	"387.552048"	"2w*"	""		"21840.8096"	"47636.4837"	"3d5.(4P).4s"	"a 5P"	"3"	"3d4.(5D).4s.5p.(3P*)"	"v 5F*"	"3"		""	"L808"	
"387.554"	"387.5543"	"2w*"	""		"27382.1739"	"53177.70"	"3d4.(5D).4s.4p.(3P*)"	"z 7D*"	"2"	"3d4.4s.4d"	"e 7G"	"2"		""	"L808"	
"387.612"	"387.6143"	"4w"	""		"23386.3419"	"49177.87"	"3d5.(6S).4p"	"z 7P*"	"3"	"3d5.(6S).7s"	"g 7S"	"3"		""	"L808"	
"387.620"	"387.624277"	"4h"	""		"21840.8096"	"47631.6771"	"3d5.(4P).4s"	"a 5P"	"3"	"3d4.(5D).4s.5p.(3P*)"	"v 5F*"	"2"		""	"L808"	
"387.638"	"387.6399"	"4h"	""		"35897.7833"	"61687.61"	"3d4.(5D).4s.4p.(3P*)"	"z 3F*"	"2"	"3d4.4s.5s"	"e 5P"	"2"		""	"L808"	
"387.65752"	"387.657627"	"2"	""		"21847.8349"	"47636.4837"	"3d5.(4P).4s"	"a 5P"	"2"	"3d4.(5D).4s.5p.(3P*)"	"v 5F*"	"3"		""	"L14866"	
"387.688"	"387.68735"	"5h"	""		"31355.1192"	"57141.791"	"3d5.(4F).4s"	"a 5F"	"2"	""	"*"	"3"		""	"L808"	
"387.73067"	"387.73081"	"4"	""		"25106.2953"	"50890.077"	"3d4.4s2"	"a 3F"	"3"	"3d4.(3G).4s.4p.(3P*)"	"w 3F*"	"2"		""	"L14866"	
"387.779"	"387.775319"	"3w"	""		"20517.4222"	"46298.2442"	"3d5.(4G).4s"	"a 5G"	"2"	"3d4.(3F1).4s.4p.(3P*)"	"w 5D*"	"1"		""	"L808"	
"387.787"	"387.7864"	"3"	""		"31352.3828"	"57132.47"	"3d5.(4F).4s"	"a 5F"	"1"	"3d4.(1S1).4s.4p.(3P*)"	"u 3P*"	"1"		""	"L808"	
"387.830"	"387.82442"	"10ws*"	""		"31364.2327"	"57141.791"	"3d5.(4F).4s"	"a 5F"	"3"	""	"*"	"3"		""	"L808"	
"387.830"	"387.8275"	"10ws*"	""		"31355.1192"	"57132.47"	"3d5.(4F).4s"	"a 5F"	"2"	"3d4.(1S1).4s.4p.(3P*)"	"u 3P*"	"1"		""	"L808"	
"387.872"	"387.866697"	"3w"	""		"21856.9287"	"47631.6771"	"3d5.(4P).4s"	"a 5P"	"1"	"3d4.(5D).4s.5p.(3P*)"	"v 5F*"	"2"		""	"L808"	
"387.886"	"387.88506"	"3"	""		"21847.8349"	"47621.363"	"3d5.(4P).4s"	"a 5P"	"2"	"3d4.(3G).4s.4p.(3P*)"	"x 5H*"	"3"		""	"L808"	
"387.89333"	"387.89333"	"3"	""		"25177.3539"	"50950.3326"	"3d4.4s2"	"a 3F"	"4"	"3d4.(3G).4s.4p.(3P*)"	"w 3F*"	"3"		""	"L14866"	
"387.9231"	"387.9233"	"50w*"	""		"24286.5418"	"50057.53"	"3d5.(4D).4s"	"b 5D"	"1"	"3d5.(4D).4p"	"s 5F*"	"2"		""	"L808"	
"387.9231"	"387.92658"	"50w*"	""		"27935.2412"	"53706.011"	"3d4.(5D).4s.4p.(3P*)"	"y 7P*"	"4"	"3d4.4s.4d"	"e 7F"	"5"		""	"L808"	
"388.035"	"388.02959"	"10w*"	""		"31377.8624"	"57141.791"	"3d5.(4F).4s"	"a 5F"	"4"	""	"*"	"3"		""	"L808"	
"388.035"	"388.03819"	"10w*"	""		"35397.9566"	"61161.314"	"3d6"	"c 5D"	"4"	"3d5.(2H).4p"	"r 3G*"	"5"		""	"L808"	
"388.123"	"388.1236"	"50w"	""		"24299.8419"	"50057.53"	"3d5.(4D).4s"	"b 5D"	"2"	"3d5.(4D).4p"	"s 5F*"	"2"		""	"L808"	
"388.1862"	"388.1844"	"25*"	""		"31048.7488"	"56802.40"	"3d5.(2D3).4s"	"b 3D"	"1"	"3d4.(3D).4s.4p.(3P*)"	"v 3P*"	"0"		""	"L808"	
"388.1862"	"388.1848"	"25*"	""		"24303.9025"	"50057.53"	"3d5.(4D).4s"	"b 5D"	"3"	"3d5.(4D).4p"	"s 5F*"	"2"		""	"L808"	
"388.267"	"388.2644"	"4w"	""		"31352.3828"	"57100.73"	"3d5.(4F).4s"	"a 5F"	"1"	""	"p 5F*"	"2"		""	"L808"	
"388.32869"	"388.328670"	"910"	"3.9e+06"	C	"7927.4410"	"33671.5273"	"3d4.4s2"	"a 5D"	"2"	"3d4.(5D).4s.4p.(3P*)"	"z 5D*"	"3"		"T3196"	"L14866"	
"388.36351"	"388.36352"	"19"	""		"24277.0546"	"50018.831"	"3d5.(4D).4s"	"b 5D"	"0"	"3d5.(4D).4p"	"s 5F*"	"1"		""	"L14866"	
"388.445"	"388.4432"	"10w"	""		"31364.2327"	"57100.73"	"3d5.(4F).4s"	"a 5F"	"3"	""	"p 5F*"	"2"		""	"L808"	
"388.467"	"388.46572"	"3w"	""		"27649.6960"	"53384.700"	"3d4.(5D).4s.4p.(3P*)"	"z 7D*"	"4"	"3d4.4s.4d"	"e 7F"	"3"		""	"L808"	
"388.5083"	"388.50671"	"100w"	""		"24286.5418"	"50018.831"	"3d5.(4D).4s"	"b 5D"	"1"	"3d5.(4D).4p"	"s 5F*"	"1"		""	"L808"	
"388.52137"	"388.521354"	"810"	"3.9e+06"	C	"7810.7795"	"33542.0985"	"3d4.4s2"	"a 5D"	"1"	"3d4.(5D).4s.4p.(3P*)"	"z 5D*"	"2"		"T3196"	"L14866"	
"388.550"	"388.55000"	"13:"	""		"24093.1182"	"49822.5403"	"3d4.4s2"	"a 3P"	"2"	"3d4.(3P1).4s.4p.(3P*)"	"y 5S*"	"2"		""	"L9365"	
"388.605"	"388.60656"	"10hs"	""		"27649.6960"	"53375.373"	"3d4.(5D).4s.4p.(3P*)"	"z 7D*"	"4"	"3d4.4s.4d"	"h 7D"	"4"		""	"L808"	
"388.67953"	"388.679508"	"740"	"2.2e+06"	C	"8095.1842"	"33816.0334"	"3d4.4s2"	"a 5D"	"3"	"3d4.(5D).4s.4p.(3P*)"	"z 5D*"	"4"		"T3196"	"L14866"	
"388.708"	"388.70762"	"15hl"	""		"24299.8419"	"50018.831"	"3d5.(4D).4s"	"b 5D"	"2"	"3d5.(4D).4p"	"s 5F*"	"1"		""	"L808"	
"388.826"	"388.8249"	"10"	""		"33060.661"	"58771.89"	"3d5.(2F1).4s"	"b 3F"	"3"	"3d5.(4P).5p"	"t 3D*"	"2"		""	"L808"	
"388.839"	"388.8377"	"1"	""		"31377.8624"	"57088.25"	"3d5.(4F).4s"	"a 5F"	"4"	"3d4.(3F1).4s.4p.(1P*)"	"u 3G*"	"5"		""	"L808"	
"388.910"	"388.90409"	"1h"	""		"27820.1975"	"53526.194"	"3d4.(5D).4s.4p.(3P*)"	"y 7P*"	"3"	"3d4.4s.4d"	"e 7F"	"4"		""	"L808"	
"389.072"	"389.0712"	"8hs*"	""		"31393.2968"	"57088.25"	"3d5.(4F).4s"	"a 5F"	"5"	"3d4.(3F1).4s.4p.(1P*)"	"u 3G*"	"5"		""	"L808"	
"389.072"	"389.07521"	"8hs*"	""		"27500.3699"	"53195.061"	"3d4.(5D).4s.4p.(3P*)"	"z 7D*"	"3"	"3d4.4s.4d"	"h 7D"	"2"		""	"L808"	
"389.0826"	"389.0820"	"20"	""		"31028.2590"	"56722.50"	"3d5.(2D3).4s"	"b 3D"	"2"	"3d4.(3D).4s.4p.(3P*)"	"v 3P*"	"1"		""	"L808"	
"389.106"	"389.1075"	"7wH*"	""		"27935.2412"	"53627.80"	"3d4.(5D).4s.4p.(3P*)"	"y 7P*"	"4"	"3d4.4s.4d"	"h 7D"	"5"		""	"L808"	
"389.106"	"389.10837"	"7wH*"	""		"27825.3207"	"53517.822"	"3d4.(5D).4s.4p.(3P*)"	"z 7D*"	"5"	"3d4.4s.4d"	"e 7G"	"6"		""	"L808"	
"389.1932"	"389.19613"	"100w"	""		"23933.8561"	"49620.5640"	"3d4.4s2"	"a 3H"	"4"	"3d5.(4D).4p"	"x 3F*"	"4"		""	"L808"	
"389.314"	"389.3121"	"5h"	""		"23498.8156"	"49177.87"	"3d5.(6S).4p"	"z 7P*"	"4"	"3d5.(6S).7s"	"g 7S"	"3"		""	"L808"	
"389.350"	"389.34999"	"3"	""		"23163.2205"	"48839.778"	"3d4.4s2"	"a 3P"	"0"	"3d4.(3P1).4s.4p.(3P*)"	"x 3D*"	"1"		""	"L808"	
"389.40338"	"389.403367"	"480"	"3.9e+06"	C	"7750.7465"	"33423.7845"	"3d4.4s2"	"a 5D"	"0"	"3d4.(5D).4s.4p.(3P*)"	"z 5D*"	"1"		"T3196"	"L14866"	
"389.45466"	"389.45461"	"4"	""		"37233.423"	"62903.083"	"3d5.(2G2).4s"	"c 3G"	"5"	"3d4.4s.4p"	"r 3H*"	"6"		""	"L14866"	
"389.489"	"389.48608"	"1"	""		"33060.661"	"58728.247"	"3d5.(2F1).4s"	"b 3F"	"3"	"3d5.(2H).4p"	"t 3H*"	"4"		""	"L808"	
"389.601"	"389.600816"	"4:"	""		"24897.4635"	"50557.4907"	"3d5.(4G).4s"	"a 3G"	"4"	"3d5.(4D).4p"	"u 5D*"	"4"		""	"L9365"	
"389.648"	"389.647299"	"5"	""		"20517.4222"	"46174.3884"	"3d5.(4G).4s"	"a 5G"	"2"	"3d5.(4P).4p"	"y 3D*"	"3"		""	"L808"	
"389.667"	"389.6672"	"10"	""		"31377.8624"	"57033.52"	"3d5.(4F).4s"	"a 5F"	"4"	"3d4.(3F1).4s.4p.(1P*)"	"u 3G*"	"4"		""	"L808"	
"389.7008"	"389.700168"	"5"	""		"20520.9029"	"46174.3884"	"3d5.(4G).4s"	"a 5G"	"3"	"3d5.(4P).4p"	"y 3D*"	"3"		""	"L808"	
"389.742"	"389.741585"	"4"	""		"20523.6290"	"46174.3884"	"3d5.(4G).4s"	"a 5G"	"4"	"3d5.(4P).4p"	"y 3D*"	"3"		""	"L808"	
"389.766"	"389.76748"	"75"	""		"27649.6960"	"53298.751"	"3d4.(5D).4s.4p.(3P*)"	"z 7D*"	"4"	"3d4.4s.4d"	"e 7G"	"4"		""	"L808"	
"389.9012"	"389.9017"	"5"	""		"31393.2968"	"57033.52"	"3d5.(4F).4s"	"a 5F"	"5"	"3d4.(3F1).4s.4p.(1P*)"	"u 3G*"	"4"		""	"L808"	
"389.920"	"389.91897"	"4w"	""		"23933.8561"	"49572.9466"	"3d4.4s2"	"a 3H"	"4"	"3d4.(3G).4s.4p.(3P*)"	"w 5G*"	"4"		""	"L808"	
"390.29092"	"390.290908"	"590"	"3.5e+06"	D	"7927.4410"	"33542.0985"	"3d4.4s2"	"a 5D"	"2"	"3d4.(5D).4s.4p.(3P*)"	"z 5D*"	"2"		"T3196"	"L14866"	
"390.31611"	"390.316090"	"130"	"1.8e+06"	D	"7810.7795"	"33423.7845"	"3d4.4s2"	"a 5D"	"1"	"3d4.(5D).4s.4p.(3P*)"	"z 5D*"	"1"		"T3196"	"L14866"	
"390.4006"	"390.3956"	"10"	""		"31377.8624"	"56985.65"	"3d5.(4F).4s"	"a 5F"	"4"	"3d4.(3F1).4s.4p.(1P*)"	"3G*"	"3"		""	"L808"	
"390.4407"	"390.43874"	"5"	""		"32097.2978"	"57702.257"	"3d4.4s2"	"a 1I"	"6"	"3d5.(2F1).4p"	"t 3G*"	"5"		""	"L808"	
"390.645"	"390.639512"	"3"	""		"20517.4222"	"46109.2219"	"3d5.(4G).4s"	"a 5G"	"2"	"3d5.(4P).4p"	"y 3D*"	"2"		""	"L808"	
"390.694"	"390.692651"	"3w"	""		"20520.9029"	"46109.2219"	"3d5.(4G).4s"	"a 5G"	"3"	"3d5.(4P).4p"	"y 3D*"	"2"		""	"L808"	
"390.72421"	"390.72432"	"3"	""		"37244.011"	"62830.256"	"3d5.(2G2).4s"	"c 3G"	"4"	"3d4.4s.4p"	"r 3H*"	"5"		""	"L14866"	
"390.7777"	"390.7765"	"30"	""		"31008.9708"	"56591.80"	"3d5.(2D3).4s"	"b 3D"	"3"	"3d4.(3D).4s.4p.(3P*)"	"v 3P*"	"2"		""	"L808"	
"390.87561"	"390.875593"	"1310"	"6.2e+06"	C	"8095.1842"	"33671.5273"	"3d4.4s2"	"a 5D"	"3"	"3d4.(5D).4s.4p.(3P*)"	"z 5D*"	"3"		"T3196"	"L14866"	
"390.998"	"391.00181"	"2w"	""		"27825.3207"	"53393.408"	"3d4.(5D).4s.4p.(3P*)"	"z 7D*"	"5"	"3d4.4s.4d"	"e 7G"	"5"		""	"L808"	
"391.056"	"391.056315"	"2"	""		"24056.0404"	"49620.5640"	"3d4.4s2"	"a 3H"	"5"	"3d5.(4D).4p"	"x 3F*"	"4"		""	"L808"	
"391.0724"	"391.0713"	"12"	""		"31028.2590"	"56591.80"	"3d5.(2D3).4s"	"b 3D"	"2"	"3d4.(3D).4s.4p.(3P*)"	"v 3P*"	"2"		""	"L808"	
"391.104"	"391.10244"	"7w"	""		"24056.0404"	"49617.5488"	"3d4.4s2"	"a 3H"	"5"	"3d4.(3G).4s.4p.(3P*)"	"w 5G*"	"5"		""	"L808"	
"391.18335"	"391.18361"	"3"	""		"37205.851"	"62762.056"	"3d5.(2G2).4s"	"c 3G"	"3"	"3d4.4s.4p"	"r 3H*"	"4"		""	"L14866"	
"391.201"	"391.19937"	"7w"	""		"27820.1975"	"53375.373"	"3d4.(5D).4s.4p.(3P*)"	"y 7P*"	"3"	"3d4.4s.4d"	"h 7D"	"4"		""	"L808"	
"391.236"	"391.23606"	"4"	""		"33934.757"	"59487.536"	"3d4.4s2"	"c 3D"	"3"	"3d4.(3F1).4s.4p.(1P*)"	"r 3F*"	"4"		""	"L808"	
"391.279"	"391.27781"	"2h"	""		"27825.3207"	"53375.373"	"3d4.(5D).4s.4p.(3P*)"	"z 7D*"	"5"	"3d4.4s.4d"	"h 7D"	"4"		""	"L808"	
"391.390"	"391.3851"	"1w"	""		"31048.7488"	"56591.80"	"3d5.(2D3).4s"	"b 3D"	"1"	"3d4.(3D).4s.4p.(3P*)"	"v 3P*"	"2"		""	"L808"	
"391.470"	"391.473278"	"1w"	""		"20520.9029"	"46058.1980"	"3d5.(4G).4s"	"a 5G"	"3"	"3d5.(4G).4p"	"y 3F*"	"4"		""	"L808"	
"391.4948"	"391.49316"	"7w"	""		"24286.5418"	"49822.5403"	"3d5.(4D).4s"	"b 5D"	"1"	"3d4.(3P1).4s.4p.(3P*)"	"y 5S*"	"2"		""	"L808"	
"391.5203"	"391.515073"	"4"	""		"20523.6290"	"46058.1980"	"3d5.(4G).4s"	"a 5G"	"4"	"3d5.(4G).4p"	"y 3F*"	"4"		""	"L808"	
"391.58393"	"391.58389"	"32"	""		"24282.3486"	"49812.430"	"3d5.(4D).4s"	"b 5D"	"4"	"3d5.(4D).4p"	"t 5P*"	"3"		""	"L14866"	
"391.62386"	"391.623849"	"420"	"9.7e+06"	C	"7810.7795"	"33338.2563"	"3d4.4s2"	"a 5D"	"1"	"3d4.(5D).4s.4p.(3P*)"	"z 5D*"	"0"		"T3196"	"L14866"	
"391.69713"	"391.69717"	"5"	""		"24299.8419"	"49822.5403"	"3d5.(4D).4s"	"b 5D"	"2"	"3d4.(3P1).4s.4p.(3P*)"	"y 5S*"	"2"		""	"L14866"	
"391.75951"	"391.75950"	"11"	""		"24303.9025"	"49822.5403"	"3d5.(4D).4s"	"b 5D"	"3"	"3d4.(3P1).4s.4p.(3P*)"	"y 5S*"	"2"		""	"L14866"	
"391.785"	"391.78609"	"3w"	""		"24056.0404"	"49572.9466"	"3d4.4s2"	"a 3H"	"5"	"3d4.(3G).4s.4p.(3P*)"	"w 5G*"	"4"		""	"L808"	
"391.80888"	"391.80889"	"3"	""		"23511.9739"	"49027.3953"	"3d4.4s2"	"a 3P"	"1"	"3d4.(3P1).4s.4p.(3P*)"	"x 3D*"	"2"		""	"L14866"	
"391.91586"	"391.915844"	"2030"	"9.2e+06"	C	"8307.5753"	"33816.0334"	"3d4.4s2"	"a 5D"	"4"	"3d4.(5D).4s.4p.(3P*)"	"z 5D*"	"4"		"T3196"	"L14866"	
"392.10207"	"392.102067"	"740"	"5.8e+06"	C	"7927.4410"	"33423.7845"	"3d4.4s2"	"a 5D"	"2"	"3d4.(5D).4s.4p.(3P*)"	"z 5D*"	"1"		"T3196"	"L14866"	
"392.150"	"392.1549"	"2h"	""		"35572.9194"	"61065.83"	"3d6"	"c 5D"	"2"	""	"r 5P*"	"1"		""	"L808"	
"392.214"	"392.2090"	"2h"	""		"35618.4806"	"61107.87"	"3d6"	"c 5D"	"1"	""	"r 5P*"	"2"		""	"L808"	
"392.244"	"392.25282"	"2w"	""		"27728.8110"	"53215.356"	"3d4.(5D).4s.4p.(3P*)"	"y 7P*"	"2"	"3d4.4s.4d"	"e 7F"	"1"		""	"L808"	
"392.326"	"392.32026"	"3*"	""		"33934.757"	"59416.921"	"3d4.4s2"	"c 3D"	"3"	"3d4.(3F1).4s.4p.(1P*)"	"r 3F*"	"3"		""	"L808"	
"392.326"	"392.32371"	"3*"	""		"24056.0404"	"49537.9802"	"3d4.4s2"	"a 3H"	"5"	"3d4.(3F1).4s.4p.(3P*)"	"w 3G*"	"5"		""	"L808"	
"392.3345"	"392.33344"	"20"	""		"33935.613"	"59416.921"	"3d4.4s2"	"c 3D"	"2"	"3d4.(3F1).4s.4p.(1P*)"	"r 3F*"	"3"		""	"L808"	
"392.366"	"392.36099"	"4"	""		"20520.9029"	"46000.4213"	"3d5.(4G).4s"	"a 5G"	"3"	"3d5.(4G).4p"	"y 3F*"	"3"		""	"L808"	
"392.404"	"392.40298"	"4"	""		"20523.6290"	"46000.4213"	"3d5.(4G).4s"	"a 5G"	"4"	"3d5.(4G).4p"	"y 3F*"	"3"		""	"L808"	
"392.468"	"392.46749"	"1w"	""		"35397.9566"	"60870.561"	"3d6"	"c 5D"	"4"	"3d5.(2G1).4p"	"s 3H*"	"4"		""	"L808"	
"392.565"	"392.56543"	"5hs"	""		"27728.8110"	"53195.061"	"3d4.(5D).4s.4p.(3P*)"	"y 7P*"	"2"	"3d4.4s.4d"	"h 7D"	"2"		""	"L808"	
"392.600"	"392.59805"	"7whl"	""		"27820.1975"	"53284.331"	"3d4.(5D).4s.4p.(3P*)"	"y 7P*"	"3"	"3d4.4s.4d"	"h 7D"	"3"		""	"L808"	
"392.66406"	"392.66410"	"9"	""		"36577.6545"	"62037.505"	"3d5.(2F2).4s"	"d 3F"	"4"	"3d5.(4F).4p"	"q 3G*"	"5"		""	"L14866"	
"392.796"	"392.79746"	"2"	""		"33906.539"	"59357.746"	"3d4.4s2"	"c 3D"	"1"	"3d4.(3F1).4s.4p.(1P*)"	"r 3F*"	"2"		""	"L808"	
"392.816"	"392.8158"	"5"	""		"31352.3828"	"56802.40"	"3d5.(4F).4s"	"a 5F"	"1"	"3d4.(3D).4s.4p.(3P*)"	"v 3P*"	"0"		""	"L808"	
"392.86374"	"392.863720"	"880"	"5.2e+06"	C	"8095.1842"	"33542.0985"	"3d4.4s2"	"a 5D"	"3"	"3d4.(5D).4s.4p.(3P*)"	"z 5D*"	"2"		"T3196"	"L14866"	
"392.966"	"392.96715"	"20wh*"	""		"27597.2409"	"53037.458"	"3d4.4s2"	"b 3G"	"3"	"3d4.(3D).4s.4p.(3P*)"	"r 5F*"	"2"		""	"L808"	
"392.966"	"392.96846"	"20wh*"	""		"27935.2412"	"53375.373"	"3d4.(5D).4s.4p.(3P*)"	"y 7P*"	"4"	"3d4.4s.4d"	"h 7D"	"4"		""	"L808"	
"393.117"	"393.11478"	"2w"	""		"24833.7957"	"50264.4589"	"3d5.(4G).4s"	"a 3G"	"3"	"3d5.(4D).4p"	"w 3D*"	"3"		""	"L808"	
"393.201"	"393.1995"	"1"	""		"35640.6434"	"61065.83"	"3d6"	"c 5D"	"0"	""	"r 5P*"	"1"		""	"L808"	
"393.248"	"393.24669"	"3w"	""		"33935.613"	"59357.746"	"3d4.4s2"	"c 3D"	"2"	"3d4.(3F1).4s.4p.(1P*)"	"r 3F*"	"2"		""	"L808"	
"393.320"	"393.32068"	"4"	""		"24200.1980"	"49617.5488"	"3d4.4s2"	"a 3H"	"6"	"3d4.(3G).4s.4p.(3P*)"	"w 5G*"	"5"		""	"L808"	
"393.555"	"393.5545"	"8w"	""		"29584.5708"	"54986.82"	"3d4.(5D).4s.4p.(3P*)"	"y 5P*"	"2"	"3d4.4s.5s"	"g 5D"	"3"		""	"L808"	
"393.6115"	"393.6068"	"20"	""		"36577.6545"	"61976.53"	"3d5.(2F2).4s"	"d 3F"	"4"	"3d5.(4F).4p"	"3G*"	"4"		""	"L808"	
"393.624"	"393.62305"	"7hl*"	""		"24056.0404"	"49453.867"	"3d4.4s2"	"a 3H"	"5"	"3d4.(3F1).4s.4p.(3P*)"	"w 3G*"	"4"		""	"L808"	
"393.624"	"393.62633"	"7hl*"	""		"29420.8645"	"54818.479"	"3d4.(5D).4s.4p.(3P*)"	"y 5P*"	"1"	"3d4.4s.5s"	"g 5D"	"2"		""	"L808"	
"393.745"	"393.74446"	"6h*"	""		"29584.5708"	"54974.566"	"3d4.(5D).4s.4p.(3P*)"	"y 5P*"	"2"	"3d4.4s.5s"	"e 3D"	"2"		""	"L808"	
"393.745"	"393.75034"	"6h*"	""		"38537.591"	"63927.207"	"3d5.(2H).4s"	"a 1H"	"5"	"3d5.4p"	"p 3H*"	"5"		""	"L808"	
"393.8352"	"393.8316"	"25w*"	""		"29824.6909"	"55209.07"	"3d4.(5D).4s.4p.(3P*)"	"y 5P*"	"3"	"3d4.4s.5s"	"g 5D"	"4"		""	"L808"	
"393.8352"	"393.83953"	"25w*"	""		"24093.1182"	"49476.9847"	"3d4.4s2"	"a 3P"	"2"	"3d5.(4P).4p"	"y 3S*"	"1"		""	"L808"	
"393.8352"	"393.8411"	"25w*"	""		"29420.8645"	"54804.63"	"3d4.(5D).4s.4p.(3P*)"	"y 5P*"	"1"	"3d4.4s.5s"	"e 3D"	"1"		""	"L808"	
"393.898"	"393.8980"	"2"	""		"29824.6909"	"55204.79"	"3d4.(5D).4s.4p.(3P*)"	"y 5P*"	"3"	"3d4.4s.5s"	"e 3D"	"3"		""	"L808"	
"393.9302"	"393.9319"	"10w"	""		"36552.1351"	"61930.05"	"3d5.(2F2).4s"	"d 3F"	"3"	"3d5.(4F).4p"	"q 3G*"	"3"		""	"L808"	
"393.981"	"393.97926"	"3w"	""		"27820.1975"	"53195.061"	"3d4.(5D).4s.4p.(3P*)"	"y 7P*"	"3"	"3d4.4s.4d"	"h 7D"	"2"		""	"L808"	
"394.000"	"393.99909"	"1"	""		"24093.1182"	"49466.705"	"3d4.4s2"	"a 3P"	"2"	"3d4.(3G).4s.4p.(3P*)"	"w 5G*"	"2"		""	"L808"	
"394.0245"	"394.0299"	"7w"	""		"36558.446"	"61930.05"	"3d5.(2F2).4s"	"d 3F"	"2"	"3d5.(4F).4p"	"q 3G*"	"3"		""	"L808"	
"394.054"	"394.0530"	"3*"	""		"31352.3828"	"56722.50"	"3d5.(4F).4s"	"a 5F"	"1"	"3d4.(3D).4s.4p.(3P*)"	"v 3P*"	"1"		""	"L808"	
"394.054"	"394.05503"	"3*"	""		"27703.7743"	"53073.759"	"3d4.4s2"	"b 3G"	"4"	"3d4.(3D).4s.4p.(3P*)"	"r 5F*"	"3"		""	"L808"	
"394.090"	"394.089226"	"8"	""		"24282.3486"	"49650.1320"	"3d5.(4D).4s"	"b 5D"	"4"	"3d5.(4D).4p"	"x 3F*"	"3"		""	"L808"	
"394.11485"	"394.11491"	"13"	""		"27597.2409"	"52963.371"	"3d4.4s2"	"b 3G"	"3"	"3d4.(1G1).4s.4p.(3P*)"	"x 3H*"	"4"		""	"L14866"	
"394.14876"	"394.148757"	"720"	"2.8e+06"	C	"8307.5753"	"33671.5273"	"3d4.4s2"	"a 5D"	"4"	"3d4.(5D).4s.4p.(3P*)"	"z 5D*"	"3"		"T3196"	"L14866"	
"394.282"	"394.28118"	"2h"	""		"27816.7783"	"53172.212"	"3d4.4s2"	"b 3G"	"5"	"3d4.(3D).4s.4p.(3P*)"	"r 5F*"	"5"		""	"L808"	
"394.32097"	"394.320884"	"4"	""		"24299.8419"	"49652.7224"	"3d5.(4D).4s"	"b 5D"	"2"	"3d5.(4D).4p"	"x 3F*"	"2"		""	"L14866"	
"394.36112"	"394.361178"	"5"	""		"24299.8419"	"49650.1320"	"3d5.(4D).4s"	"b 5D"	"2"	"3d5.(4D).4p"	"x 3F*"	"3"		""	"L14866"	
"394.380"	"394.37985"	"18:"	""		"27935.2412"	"53284.331"	"3d4.(5D).4s.4p.(3P*)"	"y 7P*"	"4"	"3d4.4s.4d"	"h 7D"	"3"		""	"L9365"	
"394.42452"	"394.424358"	"5"	""		"24303.9025"	"49650.1320"	"3d5.(4D).4s"	"b 5D"	"3"	"3d5.(4D).4p"	"x 3F*"	"3"		""	"L14866"	
"394.54902"	"394.549112"	"12"	""		"24282.3486"	"49620.5640"	"3d5.(4D).4s"	"b 5D"	"4"	"3d5.(4D).4p"	"x 3F*"	"4"		""	"L14866"	
"394.55583"	"394.55586"	"2"	""		"24200.1980"	"49537.9802"	"3d4.4s2"	"a 3H"	"6"	"3d4.(3F1).4s.4p.(3P*)"	"w 3G*"	"5"		""	"L14866"	
"394.59603"	"394.596069"	"16"	""		"24282.3486"	"49617.5488"	"3d5.(4D).4s"	"b 5D"	"4"	"3d4.(3G).4s.4p.(3P*)"	"w 5G*"	"5"		""	"L14866"	
"394.712"	"394.71130"	"5"	""		"23511.9739"	"48839.778"	"3d4.4s2"	"a 3P"	"1"	"3d4.(3P1).4s.4p.(3P*)"	"x 3D*"	"1"		""	"L808"	
"394.88500"	"394.885027"	"8"	""		"24303.9025"	"49620.5640"	"3d5.(4D).4s"	"b 5D"	"3"	"3d5.(4D).4p"	"x 3F*"	"4"		""	"L14866"	
"394.96132"	"394.96124"	"3"	""		"24277.0546"	"49588.831"	"3d5.(4D).4s"	"b 5D"	"0"	"3d5.(4D).4p"	"t 5P*"	"1"		""	"L14866"	
"394.9655"	"394.96847"	"20w"	""		"24286.5418"	"49597.855"	"3d5.(4D).4s"	"b 5D"	"1"	"3d4.(3F1).4s.4p.(3P*)"	"1D*"	"2"		""	"L808"	
"395.032"	"395.03074"	"5"	""		"35884.255"	"61191.578"	"3d5.(2H).4s"	"b 3H"	"5"	"3d5.(2G1).4p"	"s 3H*"	"6"		""	"L808"	
"395.10925"	"395.10934"	"7"	""		"24286.5418"	"49588.831"	"3d5.(4D).4s"	"b 5D"	"1"	"3d5.(4D).4p"	"t 5P*"	"1"		""	"L14866"	
"395.1767"	"395.17612"	"20w"	""		"24299.8419"	"49597.855"	"3d5.(4D).4s"	"b 5D"	"2"	"3d4.(3F1).4s.4p.(3P*)"	"1D*"	"2"		""	"L808"	
"395.2398"	"395.23956"	"40w"	""		"24303.9025"	"49597.855"	"3d5.(4D).4s"	"b 5D"	"3"	"3d4.(3F1).4s.4p.(3P*)"	"1D*"	"2"		""	"L808"	
"395.31720"	"395.31714"	"7"	""		"24299.8419"	"49588.831"	"3d5.(4D).4s"	"b 5D"	"2"	"3d5.(4D).4p"	"t 5P*"	"1"		""	"L14866"	
"395.383"	"395.382141"	"2"	""		"21840.8096"	"47125.6412"	"3d5.(4P).4s"	"a 5P"	"3"	"3d4.(3H).4s.4p.(3P*)"	"x 5G*"	"3"		""	"L808"	
"395.494"	"395.492029"	"2l*"	""		"21847.8349"	"47125.6412"	"3d5.(4P).4s"	"a 5P"	"2"	"3d4.(3H).4s.4p.(3P*)"	"x 5G*"	"3"		""	"L808"	
"395.494"	"395.49681"	"2l*"	""		"24093.1182"	"49370.619"	"3d4.4s2"	"a 3P"	"2"	"3d4.(3F1).4s.4p.(3P*)"	"w 3G*"	"3"		""	"L808"	
"395.6075"	"395.6069"	"10"	""		"35807.707"	"61078.175"	"3d5.(4F).4s"	"c 3F"	"2"	"3d5.(2H).4p"	"r 3G*"	"3"		""	"L808"	
"395.62919"	"395.629172"	"5"	""		"24303.9025"	"49572.9466"	"3d5.(4D).4s"	"b 5D"	"3"	"3d4.(3G).4s.4p.(3P*)"	"w 5G*"	"4"		""	"L14866"	
"395.762"	"395.76539"	"1l"	""		"35862.764"	"61123.111"	"3d5.(4F).4s"	"c 3F"	"4"	"3d5.(2H).4p"	"r 3G*"	"4"		""	"L808"	
"395.80720"	"395.80730"	"6"	""		"35933.906"	"61191.578"	"3d5.(2H).4s"	"b 3H"	"6"	"3d5.(2G1).4p"	"s 3H*"	"6"		""	"L14866"	
"395.841"	"395.83928"	"10"	""		"24282.3486"	"49537.9802"	"3d5.(4D).4s"	"b 5D"	"4"	"3d4.(3F1).4s.4p.(3P*)"	"w 3G*"	"5"		""	"L808"	
"395.914"	"395.91362"	"1"	""		"29420.8645"	"54671.754"	"3d4.(5D).4s.4p.(3P*)"	"y 5P*"	"1"	"3d4.4s.5s"	"g 5D"	"1"		""	"L808"	
"396.07570"	"396.07574"	"12"	""		"21847.8349"	"47088.389"	"3d5.(4P).4s"	"a 5P"	"2"	"3d4.(3P1).4s.4p.(3P*)"	"z 3S*"	"1"		""	"L14866"	
"396.2189"	"396.21850"	"12"	""		"21856.9287"	"47088.389"	"3d5.(4P).4s"	"a 5P"	"1"	"3d4.(3P1).4s.4p.(3P*)"	"z 3S*"	"1"		""	"L808"	
"396.280"	"396.27801"	"1l*"	""		"35397.9566"	"60625.628"	"3d6"	"c 5D"	"4"	""	"q 5D*"	"4"		""	"L808"	
"396.280"	"396.28214"	"1l*"	""		"35933.906"	"61161.314"	"3d5.(2H).4s"	"b 3H"	"6"	"3d5.(2H).4p"	"r 3G*"	"5"		""	"L808"	
"396.36839"	"396.36840"	"620"	"1.3e+08"	D	"20519.5515"	"45741.4701"	"3d5.(4G).4s"	"a 5G"	"6"	"3d5.(4G).4p"	"y 5H*"	"7"		"T3196"	"L14866"	
"396.399"	"396.3976"	"3*"	""		"29584.5708"	"54804.63"	"3d4.(5D).4s.4p.(3P*)"	"y 5P*"	"2"	"3d4.4s.5s"	"e 3D"	"1"		""	"L808"	
"396.399"	"396.40055"	"3*"	""		"24299.8419"	"49519.7149"	"3d5.(4D).4s"	"b 5D"	"2"	"3d4.(3G).4s.4p.(3P*)"	"w 5G*"	"3"		""	"L808"	
"396.43455"	"396.43452"	"5"	""		"24093.1182"	"49310.830"	"3d4.4s2"	"a 3P"	"2"	"3d4.(3P1).4s.4p.(3P*)"	"x 3D*"	"3"		""	"L14866"	
"396.465"	"396.46438"	"3"	""		"24303.9025"	"49519.7149"	"3d5.(4D).4s"	"b 5D"	"3"	"3d4.(3G).4s.4p.(3P*)"	"w 5G*"	"3"		""	"L808"	
"396.491"	"396.491345"	"3"	""		"21840.8096"	"47054.9072"	"3d5.(4P).4s"	"a 5P"	"3"	"3d5.(4G).4p"	"y 3G*"	"4"		""	"L808"	
"396.594"	"396.59171"	"1"	""		"35870.458"	"61078.175"	"3d5.(2H).4s"	"b 3H"	"4"	"3d5.(2H).4p"	"r 3G*"	"3"		""	"L808"	
"396.716"	"396.71426"	"5"	""		"24277.0546"	"49476.9847"	"3d5.(4D).4s"	"b 5D"	"0"	"3d5.(4P).4p"	"y 3S*"	"1"		""	"L808"	
"396.864"	"396.86367"	"6"	""		"24286.5418"	"49476.9847"	"3d5.(4D).4s"	"b 5D"	"1"	"3d5.(4P).4p"	"y 3S*"	"1"		""	"L808"	
"396.90572"	"396.905718"	"97"	""		"20519.5515"	"45707.3259"	"3d5.(4G).4s"	"a 5G"	"6"	"3d5.(4G).4p"	"y 5H*"	"6"		""	"L14866"	
"396.97427"	"396.974253"	"570"	"1.2e+08"	D	"20523.8999"	"45707.3259"	"3d5.(4G).4s"	"a 5G"	"5"	"3d5.(4G).4p"	"y 5H*"	"6"		"T3196"	"L14866"	
"397.00597"	"397.00602"	"15"	""		"27703.7743"	"52885.185"	"3d4.4s2"	"b 3G"	"4"	"3d4.(1G1).4s.4p.(3P*)"	"x 3H*"	"5"		""	"L14866"	
"397.039"	"397.0389"	"3w"	""		"33113.212"	"58292.54"	"3d5.(2F1).4s"	"b 3F"	"4"	"3d4.4s.5p"	"r 5D*"	"4"		""	"L808"	
"397.073"	"397.073324"	"4w"	""		"24299.8419"	"49476.9847"	"3d5.(4D).4s"	"b 5D"	"2"	"3d5.(4P).4p"	"y 3S*"	"1"		""	"L808"	
"397.12484"	"397.124849"	"32"	""		"21847.8349"	"47021.7112"	"3d5.(4P).4s"	"a 5P"	"2"	"3d5.(4P).4p"	"u 5P*"	"1"		""	"L14866"	
"397.235"	"397.23552"	"2"	""		"24299.8419"	"49466.705"	"3d5.(4D).4s"	"b 5D"	"2"	"3d4.(3G).4s.4p.(3P*)"	"w 5G*"	"2"		""	"L808"	
"397.26838"	"397.268361"	"7"	""		"21856.9287"	"47021.7112"	"3d5.(4P).4s"	"a 5P"	"1"	"3d5.(4P).4p"	"u 5P*"	"1"		""	"L14866"	
"397.308"	"397.29962"	"5h*"	""		"24303.9025"	"49466.705"	"3d5.(4D).4s"	"b 5D"	"3"	"3d4.(3G).4s.4p.(3P*)"	"w 5G*"	"2"		""	"L808"	
"397.308"	"397.3023"	"5h*"	""		"33039.969"	"58202.60"	"3d5.(2F1).4s"	"b 3F"	"2"	"3d5.(2F1).4p"	"s 3F*"	"3"		""	"L808"	
"397.376"	"397.37288"	"2"	""		"25106.2953"	"50264.4589"	"3d4.4s2"	"a 3F"	"3"	"3d5.(4D).4p"	"w 3D*"	"3"		""	"L808"	
"397.503"	"397.50243"	"2w*"	""		"24303.9025"	"49453.867"	"3d5.(4D).4s"	"b 5D"	"3"	"3d4.(3F1).4s.4p.(3P*)"	"w 3G*"	"4"		""	"L808"	
"397.503"	"397.50384"	"2w*"	""		"29824.6909"	"54974.566"	"3d4.(5D).4s.4p.(3P*)"	"y 5P*"	"3"	"3d4.4s.5s"	"e 3D"	"2"		""	"L808"	
"397.556"	"397.55457"	"2"	""		"35813.685"	"60960.351"	"3d5.(4F).4s"	"c 3F"	"3"	"3d5.(2F2).4p"	"p 3F*"	"4"		""	"L808"	
"397.60141"	"397.601369"	"3"	"2.3e+05"	D	"20519.5515"	"45663.2579"	"3d5.(4G).4s"	"a 5G"	"6"	"3d5.(4G).4p"	"y 5H*"	"5"		"T2268"	"L14866"	
"397.6308"	"397.6293"	"18"	""		"33060.661"	"58202.60"	"3d5.(2F1).4s"	"b 3F"	"3"	"3d5.(2F1).4p"	"s 3F*"	"3"		""	"L808"	
"397.66587"	"397.665859"	"520"	""		"20523.6290"	"45663.2579"	"3d5.(4G).4s"	"a 5G"	"4"	"3d5.(4G).4p"	"y 5H*"	"5"		""	"L14866"	
"397.67014"	"397.670144"	"130"	""		"20523.8999"	"45663.2579"	"3d5.(4G).4s"	"a 5G"	"5"	"3d5.(4G).4p"	"y 5H*"	"5"		""	"L14866"	
"397.86771"	"397.867740"	"29"	""		"21840.8096"	"46967.6827"	"3d5.(4P).4s"	"a 5P"	"3"	"3d5.(4P).4p"	"u 5P*"	"2"		""	"L14866"	
"397.92010"	"397.92015"	"5"	""		"35884.255"	"61007.819"	"3d5.(2H).4s"	"b 3H"	"5"	"3d5.(2G1).4p"	"s 3H*"	"5"		""	"L14866"	
"397.93204"	"397.93214"	"2"	""		"33039.969"	"58162.776"	"3d5.(2F1).4s"	"b 3F"	"2"	"3d5.(2F1).4p"	"s 3F*"	"2"		""	"L14866"	
"397.97900"	"397.979015"	"17"	""		"21847.8349"	"46967.6827"	"3d5.(4P).4s"	"a 5P"	"2"	"3d5.(4P).4p"	"u 5P*"	"2"		""	"L14866"	
"398.070"	"398.06394"	"2w"	""		"35501.1774"	"60615.666"	"3d6"	"c 5D"	"3"	"3d5.(4F).4p"	"s 3D*"	"3"		""	"L808"	
"398.12313"	"398.123145"	"31"	"1.1e+07"	D	"21856.9287"	"46967.6827"	"3d5.(4P).4s"	"a 5P"	"1"	"3d5.(4P).4p"	"u 5P*"	"2"		"T1621n"	"L14866"	
"398.193"	"398.19288"	"20"	""		"31048.7488"	"56155.105"	"3d5.(2D3).4s"	"b 3D"	"1"	"3d5.(4F).4p"	"v 5G*"	"2"		""	"L808"	
"398.2613"	"398.26016"	"7"	""		"33060.661"	"58162.776"	"3d5.(2F1).4s"	"b 3F"	"3"	"3d5.(2F1).4p"	"s 3F*"	"2"		""	"L808"	
"398.32300"	"398.32297"	"16"	""		"27816.7783"	"52914.9351"	"3d4.4s2"	"b 3G"	"5"	"3d4.(1G1).4s.4p.(3P*)"	"x 3H*"	"6"		""	"L14866"	
"398.38989"	"398.389886"	"470"	"1.05e+08"	C	"20520.9029"	"45614.8444"	"3d5.(4G).4s"	"a 5G"	"3"	"3d5.(4G).4p"	"y 5H*"	"4"		"T2268"	"L14866"	
"398.43318"	"398.433171"	"130"	""		"20523.6290"	"45614.8444"	"3d5.(4G).4s"	"a 5G"	"4"	"3d5.(4G).4p"	"y 5H*"	"4"		""	"L14866"	
"398.43762"	"398.437473"	"5"	""		"20523.8999"	"45614.8444"	"3d5.(4G).4s"	"a 5G"	"5"	"3d5.(4G).4p"	"y 5H*"	"4"		""	"L14866"	
"398.465"	"398.4622"	"1"	""		"33113.212"	"58202.60"	"3d5.(2F1).4s"	"b 3F"	"4"	"3d5.(2F1).4p"	"s 3F*"	"3"		""	"L808"	
"398.503"	"398.49721"	"1w*"	""		"29584.5708"	"54671.754"	"3d4.(5D).4s.4p.(3P*)"	"y 5P*"	"2"	"3d4.4s.5s"	"g 5D"	"1"		""	"L808"	
"398.503"	"398.49845"	"1w*"	""		"25177.3539"	"50264.4589"	"3d4.4s2"	"a 3F"	"4"	"3d5.(4D).4p"	"w 3D*"	"3"		""	"L808"	
"398.865"	"398.862176"	"6w"	""		"21840.8096"	"46905.0382"	"3d5.(4P).4s"	"a 5P"	"3"	"3d4.(3H).4s.4p.(3P*)"	"z 3G*"	"4"		""	"L808"	
"398.977"	"398.9785"	"5w*"	""		"35572.9194"	"60629.84"	"3d6"	"c 5D"	"2"	"3d5.(2D1).4p"	"s 3D*"	"2"		""	"L808"	
"398.977"	"398.97922"	"5w*"	""		"35813.685"	"60870.561"	"3d5.(4F).4s"	"c 3F"	"3"	"3d5.(2G1).4p"	"s 3H*"	"4"		""	"L808"	
"398.99779"	"398.99778"	"86"	""		"31393.2968"	"56449.007"	"3d5.(4F).4s"	"a 5F"	"5"	"3d5.(4F).4p"	"v 5G*"	"6"		""	"L14866"	
"399.016"	"399.0153"	"10w"	""		"33113.212"	"58167.82"	"3d5.(2F1).4s"	"b 3F"	"4"	"3d5.(2F1).4p"	"s 3F*"	"4"		""	"L808"	
"399.11135"	"399.11134"	"420"	"1.07e+08"	B	"20517.4222"	"45566.0035"	"3d5.(4G).4s"	"a 5G"	"2"	"3d5.(4G).4p"	"y 5H*"	"3"		"u10"	"L14866"	
"399.16680"	"399.16681"	"94"	""		"20520.9029"	"45566.0035"	"3d5.(4G).4s"	"a 5G"	"3"	"3d5.(4G).4p"	"y 5H*"	"3"		""	"L14866"	
"399.21026"	"399.21026"	"4"	""		"20523.6290"	"45566.0035"	"3d5.(4G).4s"	"a 5G"	"4"	"3d5.(4G).4p"	"y 5H*"	"3"		""	"L14866"	
"399.28400"	"399.28403"	"84"	""		"21840.8096"	"46878.558"	"3d5.(4P).4s"	"a 5P"	"3"	"3d5.(4P).4p"	"u 5P*"	"3"		""	"L14866"	
"399.39606"	"399.39609"	"23"	""		"21847.8349"	"46878.558"	"3d5.(4P).4s"	"a 5P"	"2"	"3d5.(4P).4p"	"u 5P*"	"3"		""	"L14866"	
"399.4317"	"399.43187"	"6"	""		"24282.3486"	"49310.830"	"3d5.(4D).4s"	"b 5D"	"4"	"3d4.(3P1).4s.4p.(3P*)"	"x 3D*"	"3"		""	"L808"	
"399.6277"	"399.62791"	"8"	""		"27703.7743"	"52719.978"	"3d4.4s2"	"b 3G"	"4"	"3d4.(3G).4s.4p.(3P*)"	"3G*"	"4"		""	"L808"	
"399.684"	"399.68554"	"3w"	""		"33762.6622"	"58775.259"	"3d5.(2I).4s"	"b 1I"	"6"	"3d5.(2H).4p"	"t 3H*"	"6"		""	"L808"	
"399.71122"	"399.71125"	"3"	""		"24299.8419"	"49310.830"	"3d5.(4D).4s"	"b 5D"	"2"	"3d4.(3P1).4s.4p.(3P*)"	"x 3D*"	"3"		""	"L14866"	
"399.776"	"399.77615"	"2w"	""		"24303.9025"	"49310.830"	"3d5.(4D).4s"	"b 5D"	"3"	"3d4.(3P1).4s.4p.(3P*)"	"x 3D*"	"3"		""	"L808"	
"399.792"	"399.791966"	"3*"	""		"21840.8096"	"46846.7480"	"3d5.(4P).4s"	"a 5P"	"3"	"3d4.(3H).4s.4p.(3P*)"	"z 3G*"	"3"		""	"L808"	
"399.792"	"399.7963"	"3*"	""		"35813.685"	"60819.35"	"3d5.(4F).4s"	"c 3F"	"3"	"3d5.(2F2).4p"	"p 3F*"	"3"		""	"L808"	
"399.88527"	"399.88529"	"4"	""		"35870.458"	"60870.561"	"3d5.(2H).4s"	"b 3H"	"4"	"3d5.(2G1).4p"	"s 3H*"	"4"		""	"L14866"	
"400.060"	"400.05939"	"20"	""		"33934.757"	"58923.980"	"3d4.4s2"	"c 3D"	"3"	"3d5.(4P).5p"	"t 3D*"	"3"		""	"L808"	
"400.14372"	"400.14374"	"17"	"6.8e+07"	D	"31377.8624"	"56361.818"	"3d5.(4F).4s"	"a 5F"	"4"	"3d5.(4F).4p"	"v 5G*"	"5"		"T1621n"	"L14866"	
"400.39123"	"400.39110"	"1"	""		"31393.2968"	"56361.818"	"3d5.(4F).4s"	"a 5F"	"5"	"3d5.(4F).4p"	"v 5G*"	"5"		""	"L14866"	
"400.4697"	"400.4679"	"12"	""		"33906.539"	"58870.27"	"3d4.4s2"	"c 3D"	"1"	"3d5.(4P).5p"	"t 3D*"	"1"		""	"L808"	
"400.743"	"400.74287"	"1"	""		"23511.9739"	"48458.5780"	"3d4.4s2"	"a 3P"	"1"	"3d4.(3P1).4s.4p.(3P*)"	"x 3P*"	"2"		""	"L808"	
"400.9411"	"400.94100"	"4"	""		"24093.1182"	"49027.3953"	"3d4.4s2"	"a 3P"	"2"	"3d4.(3P1).4s.4p.(3P*)"	"x 3D*"	"2"		""	"L808"	
"401.0836"	"401.0837"	"8"	""		"33934.757"	"58860.16"	"3d4.4s2"	"c 3D"	"3"	"3d5.(4F).4p"	"u 3D*"	"2"		""	"L808"	
"401.0983"	"401.0948"	"10*"	""		"25177.3539"	"50102.07"	"3d4.4s2"	"a 3F"	"4"	"3d5.(4D).4p"	"s 5F*"	"3"		""	"L808"	
"401.0983"	"401.0975"	"10*"	""		"33935.613"	"58860.16"	"3d4.4s2"	"c 3D"	"2"	"3d5.(4F).4p"	"u 3D*"	"2"		""	"L808"	
"401.200"	"401.19945"	"2ws"	""		"35572.9194"	"60491.134"	"3d6"	"c 5D"	"2"	""	"q 5D*"	"3"		""	"L808"	
"401.24696"	"401.24694"	"12"	""		"31364.2327"	"56279.498"	"3d5.(4F).4s"	"a 5F"	"3"	"3d5.(4F).4p"	"v 5G*"	"4"		""	"L14866"	
"401.444"	"401.44135"	"5"	""		"27816.7783"	"52719.978"	"3d4.4s2"	"b 3G"	"5"	"3d4.(3G).4s.4p.(3P*)"	"3G*"	"4"		""	"L808"	
"401.46654"	"401.46657"	"4"	""		"31377.8624"	"56279.498"	"3d5.(4F).4s"	"a 5F"	"4"	"3d5.(4F).4p"	"v 5G*"	"4"		""	"L14866"	
"401.626"	"401.62636"	"3h"	""		"29584.5708"	"54476.299"	"3d4.(5D).4s.4p.(3P*)"	"y 5P*"	"2"	""	"e 5F"	"3"		""	"L808"	
"401.660"	"401.65967"	"3"	""		"31055.2777"	"55944.942"	"3d5.(2I).4s"	"a 3I"	"5"	"3d5.(2I).4p"	"y 1H*"	"5"		""	"L808"	
"401.6824"	"401.68757"	"30"	""		"27703.7743"	"52591.7094"	"3d4.4s2"	"b 3G"	"4"	"3d4.(1I).4s.4p.(3P*)"	"y 3I*"	"5"		""	"L808"	
"401.82115"	"401.821156"	"16"	""		"21840.8096"	"46720.4711"	"3d5.(4P).4s"	"a 5P"	"3"	"3d4.(3G).4s.4p.(3P*)"	"w 5F*"	"4"		""	"L14866"	
"402.1385"	"402.1355"	"12*"	""		"31055.2777"	"55915.49"	"3d5.(2I).4s"	"a 3I"	"5"	"3d4.(1I).4s.4p.(3P*)"	"u 3H*"	"4"		""	"L808"	
"402.1385"	"402.13830"	"12*"	""		"31047.9572"	"55907.998"	"3d5.(2I).4s"	"a 3I"	"7"	"3d4.(1I).4s.4p.(3P*)"	"u 3H*"	"6"		""	"L808"	
"402.22597"	"402.22595"	"10"	""		"31355.1192"	"56209.743"	"3d5.(4F).4s"	"a 5F"	"2"	"3d5.(4F).4p"	"v 5G*"	"3"		""	"L14866"	
"402.257"	"402.25675"	"2"	""		"31055.2777"	"55907.998"	"3d5.(2I).4s"	"a 3I"	"5"	"3d4.(1I).4s.4p.(3P*)"	"u 3H*"	"6"		""	"L808"	
"402.343"	"402.342612"	"10"	""		"21840.8096"	"46688.2265"	"3d5.(4P).4s"	"a 5P"	"3"	"3d4.(3G).4s.4p.(3P*)"	"w 5F*"	"3"		""	"L808"	
"402.37336"	"402.37349"	"2"	""		"31364.2327"	"56209.743"	"3d5.(4F).4s"	"a 5F"	"3"	"3d5.(4F).4p"	"v 5G*"	"3"		""	"L14866"	
"402.403"	"402.40286"	"1"	""		"27816.7783"	"52660.475"	"3d4.4s2"	"b 3G"	"5"	"3d4.(1I).4s.4p.(3P*)"	"y 3I*"	"6"		""	"L808"	
"402.45648"	"402.456404"	"8"	""		"21847.8349"	"46688.2265"	"3d5.(4P).4s"	"a 5P"	"2"	"3d4.(3G).4s.4p.(3P*)"	"w 5F*"	"3"		""	"L14866"	
"402.50034"	"402.500329"	"51"	""		"20520.9029"	"45358.5837"	"3d5.(4G).4s"	"a 5G"	"3"	"3d5.(4G).4p"	"z 3H*"	"4"		""	"L14866"	
"402.54457"	"402.544512"	"7"	""		"20523.6290"	"45358.5837"	"3d5.(4G).4s"	"a 5G"	"4"	"3d5.(4G).4p"	"z 3H*"	"4"		""	"L14866"	
"402.595"	"402.59435"	"6"	""		"31377.8624"	"56209.743"	"3d5.(4F).4s"	"a 5F"	"4"	"3d5.(4F).4p"	"v 5G*"	"3"		""	"L808"	
"402.61641"	"402.616392"	"74"	""		"20523.6290"	"45354.1500"	"3d5.(4G).4s"	"a 5G"	"4"	"3d5.(4G).4p"	"z 3H*"	"5"		""	"L14866"	
"402.62074"	"402.620784"	"8"	""		"20523.8999"	"45354.1500"	"3d5.(4G).4s"	"a 5G"	"5"	"3d5.(4G).4p"	"z 3H*"	"5"		""	"L14866"	
"402.70952"	"402.709514"	"69"	""		"20523.8999"	"45348.6792"	"3d5.(4G).4s"	"a 5G"	"5"	"3d5.(4G).4p"	"z 3H*"	"6"		""	"L14866"	
"402.761"	"402.76359"	"2"	""		"21856.9287"	"46678.375"	"3d5.(4P).4s"	"a 5P"	"1"	"3d4.(3G).4s.4p.(3P*)"	"w 5F*"	"1"		""	"L808"	
"402.784"	"402.783252"	"3"	""		"21856.9287"	"46677.1634"	"3d5.(4P).4s"	"a 5P"	"1"	"3d4.(3G).4s.4p.(3P*)"	"w 5F*"	"2"		""	"L808"	
"402.80423"	"402.80448"	"4"	""		"24833.7957"	"49652.7224"	"3d5.(4G).4s"	"a 3G"	"3"	"3d5.(4D).4p"	"x 3F*"	"2"		""	"L14866"	
"402.809"	"402.80973"	"10"	""		"33906.539"	"58725.142"	"3d4.4s2"	"c 3D"	"1"	"3d5.(4F).4p"	"u 3D*"	"1"		""	"L808"	
"402.8467"	"402.846527"	"10*"	""		"24833.7957"	"49650.1320"	"3d5.(4G).4s"	"a 3G"	"3"	"3d5.(4D).4p"	"x 3F*"	"3"		""	"L808"	
"402.8467"	"402.8495"	"10*"	""		"35813.685"	"60629.84"	"3d5.(4F).4s"	"c 3F"	"3"	"3d5.(2D1).4p"	"s 3D*"	"2"		""	"L808"	
"403.06764"	"403.06765"	"12"	""		"31352.3828"	"56155.105"	"3d5.(4F).4s"	"a 5F"	"1"	"3d5.(4F).4p"	"v 5G*"	"2"		""	"L14866"	
"403.11214"	"403.11213"	"3"	""		"31355.1192"	"56155.105"	"3d5.(4F).4s"	"a 5F"	"2"	"3d5.(4F).4p"	"v 5G*"	"2"		""	"L14866"	
"403.218"	"403.21768"	"2w*"	""		"37244.011"	"62037.505"	"3d5.(2G2).4s"	"c 3G"	"4"	"3d5.(4F).4p"	"q 3G*"	"5"		""	"L808"	
"403.218"	"403.21774"	"2w*"	""		"33934.757"	"58728.247"	"3d4.4s2"	"c 3D"	"3"	"3d5.(2H).4p"	"t 3H*"	"4"		""	"L808"	
"403.263"	"403.26032"	"5"	""		"31364.2327"	"56155.105"	"3d5.(4F).4s"	"a 5F"	"3"	"3d5.(4F).4p"	"v 5G*"	"2"		""	"L808"	
"403.32672"	"403.326734"	"29"	""		"20519.5515"	"45306.3417"	"3d5.(4G).4s"	"a 5G"	"6"	"3d4.(3F1).4s.4p.(3P*)"	"x 5F*"	"5"		""	"L14866"	
"403.394"	"403.393095"	"8"	""		"20523.6290"	"45306.3417"	"3d5.(4G).4s"	"a 5G"	"4"	"3d4.(3F1).4s.4p.(3P*)"	"x 5F*"	"5"		""	"L808"	
"403.39737"	"403.397504"	"3"	""		"20523.8999"	"45306.3417"	"3d5.(4G).4s"	"a 5G"	"5"	"3d4.(3F1).4s.4p.(3P*)"	"x 5F*"	"5"		""	"L14866"	
"403.51985"	"403.51980"	"5"	""		"27816.7783"	"52591.7094"	"3d4.4s2"	"b 3G"	"5"	"3d4.(1I).4s.4p.(3P*)"	"y 3I*"	"5"		""	"L14866"	
"403.588"	"403.5891"	"2"	""		"37205.851"	"61976.53"	"3d5.(2G2).4s"	"c 3G"	"3"	"3d5.(4F).4p"	"3G*"	"4"		""	"L808"	
"403.68072"	"403.680610"	"1"	""		"20520.9029"	"45285.9649"	"3d5.(4G).4s"	"a 5G"	"3"	"3d4.(3F1).4s.4p.(3P*)"	"x 5F*"	"4"		""	"L14866"	
"403.72515"	"403.725052"	"5"	""		"20523.6290"	"45285.9649"	"3d5.(4G).4s"	"a 5G"	"4"	"3d4.(3F1).4s.4p.(3P*)"	"x 5F*"	"4"		""	"L14866"	
"403.72944"	"403.729469"	"23"	""		"20523.8999"	"45285.9649"	"3d5.(4G).4s"	"a 5G"	"5"	"3d4.(3F1).4s.4p.(3P*)"	"x 5F*"	"4"		""	"L14866"	
"403.88258"	"403.882734"	"3"	""		"24897.4635"	"49650.1320"	"3d5.(4G).4s"	"a 3G"	"4"	"3d5.(4D).4p"	"x 3F*"	"3"		""	"L14866"	
"403.90906"	"403.90899"	"110"	"6.7e+07"	B	"31047.9572"	"55799.017"	"3d5.(2I).4s"	"a 3I"	"7"	"3d5.(2I).4p"	"x 3I*"	"7"		"T4913"	"L14866"	
"403.92953"	"403.92952"	"8"	"6.0e+06"	D	"31049.2155"	"55799.017"	"3d5.(2I).4s"	"a 3I"	"6"	"3d5.(2I).4p"	"x 3I*"	"7"		"T4913"	"L14866"	
"403.958"	"403.9570"	"4"	""		"29824.6909"	"54572.81"	"3d4.(5D).4s.4p.(3P*)"	"y 5P*"	"3"	""	"e 5F"	"4"		""	"L808"	
"404.0753"	"404.07561"	"12"	""		"24286.5418"	"49027.3953"	"3d5.(4D).4s"	"b 5D"	"1"	"3d4.(3P1).4s.4p.(3P*)"	"x 3D*"	"2"		""	"L808"	
"404.104"	"404.10342"	"10"	""		"24833.7957"	"49572.9466"	"3d5.(4G).4s"	"a 3G"	"3"	"3d4.(3G).4s.4p.(3P*)"	"w 5G*"	"4"		""	"L808"	
"404.17964"	"404.179714"	"6"	""		"20520.9029"	"45255.3842"	"3d5.(4G).4s"	"a 5G"	"3"	"3d4.(3F1).4s.4p.(3P*)"	"x 5F*"	"3"		""	"L14866"	
"404.22425"	"404.224267"	"17"	"8.8e+05"	D	"20523.6290"	"45255.3842"	"3d5.(4G).4s"	"a 5G"	"4"	"3d4.(3F1).4s.4p.(3P*)"	"x 5F*"	"3"		"T4288"	"L14866"	
"404.292"	"404.29296"	"3"	""		"24299.8419"	"49027.3953"	"3d5.(4D).4s"	"b 5D"	"2"	"3d4.(3P1).4s.4p.(3P*)"	"x 3D*"	"2"		""	"L808"	
"404.36564"	"404.365774"	"4"	""		"24897.4635"	"49620.5640"	"3d5.(4G).4s"	"a 3G"	"4"	"3d5.(4D).4p"	"x 3F*"	"4"		""	"L14866"	
"404.36838"	"404.36850"	"5"	""		"35933.906"	"60656.840"	"3d5.(2H).4s"	"b 3H"	"6"	"3d5.(2H).4p"	"v 3I*"	"7"		""	"L14866"	
"404.4152"	"404.41510"	"20"	""		"24897.4635"	"49617.5488"	"3d5.(4G).4s"	"a 3G"	"4"	"3d4.(3G).4s.4p.(3P*)"	"w 5G*"	"5"		""	"L808"	
"404.512"	"404.5115"	"3w*"	""		"23511.9739"	"48226.171"	"3d4.4s2"	"a 3P"	"1"	"3d4.(3P1).4s.4p.(3P*)"	"x 3P*"	"0"		""	"L808"	
"404.512"	"404.5197"	"3w*"	""		"35572.9194"	"60286.61"	"3d6"	"c 5D"	"2"	""	"q 5D*"	"1"		""	"L808"	
"404.547"	"404.546"	"3"	""		"29584.5708"	"54296.66"	"3d4.(5D).4s.4p.(3P*)"	"y 5P*"	"2"	""	"e 5F"	"1"		""	"L808"	
"404.575"	"404.5742"	"5"	""		"35807.707"	"60518.074"	"3d5.(4F).4s"	"c 3F"	"2"	"3d5.(2G1).4p"	"s 3G*"	"3"		""	"L808"	
"404.61854"	"404.618702"	"4"	""		"20517.4222"	"45225.0686"	"3d5.(4G).4s"	"a 5G"	"2"	"3d4.(3F1).4s.4p.(3P*)"	"x 5F*"	"2"		""	"L14866"	
"404.67563"	"404.675712"	"12"	""		"20520.9029"	"45225.0686"	"3d5.(4G).4s"	"a 5G"	"3"	"3d4.(3F1).4s.4p.(3P*)"	"x 5F*"	"2"		""	"L14866"	
"404.87797"	"404.87794"	"93"	"6.4e+07"	B	"31049.2155"	"55741.042"	"3d5.(2I).4s"	"a 3I"	"6"	"3d5.(2I).4p"	"x 3I*"	"6"		"T4913"	"L14866"	
"404.9083"	"404.90419"	"15"	""		"35813.685"	"60503.911"	"3d5.(4F).4s"	"c 3F"	"3"	"3d5.(2G1).4p"	"s 3G*"	"4"		""	"L808"	
"404.97738"	"404.97737"	"8"	"5.6e+06"	D	"31055.2777"	"55741.042"	"3d5.(2I).4s"	"a 3I"	"5"	"3d5.(2I).4p"	"x 3I*"	"6"		"T4913"	"L14866"	
"405.00220"	"405.00229"	"8"	"1.2e+06"	D	"20517.4222"	"45201.6676"	"3d5.(4G).4s"	"a 5G"	"2"	"3d4.(3F1).4s.4p.(3P*)"	"x 5F*"	"1"		"T4288"	"L14866"	
"405.480"	"405.47761"	"3"	""		"35862.764"	"60518.074"	"3d5.(4F).4s"	"c 3F"	"4"	"3d5.(2G1).4p"	"s 3G*"	"3"		""	"L808"	
"405.60422"	"405.60419"	"5"	""		"35870.458"	"60518.074"	"3d5.(2H).4s"	"b 3H"	"4"	"3d5.(2G1).4p"	"s 3G*"	"3"		""	"L14866"	
"405.67790"	"405.67799"	"4"	""		"35884.255"	"60527.387"	"3d5.(2H).4s"	"b 3H"	"5"	"3d5.(2H).4p"	"v 3I*"	"6"		""	"L14866"	
"405.7126"	"405.71067"	"10"	""		"35862.764"	"60503.911"	"3d5.(4F).4s"	"c 3F"	"4"	"3d5.(2G1).4p"	"s 3G*"	"4"		""	"L808"	
"405.7214"	"405.72105"	"15"	""		"24897.4635"	"49537.9802"	"3d5.(4G).4s"	"a 3G"	"4"	"3d4.(3F1).4s.4p.(3P*)"	"w 3G*"	"5"		""	"L808"	
"405.783"	"405.77702"	"18"	"7.2e+05"	D	"31049.2155"	"55686.334"	"3d5.(2I).4s"	"a 3I"	"6"	"3d5.(2I).4p"	"x 3I*"	"5"		"T2268"	"L808"	
"405.87693"	"405.87689"	"81"	"6.7e+07"	B	"31055.2777"	"55686.334"	"3d5.(2I).4s"	"a 3I"	"5"	"3d5.(2I).4p"	"x 3I*"	"5"		"T4913"	"L14866"	
"406.06487"	"406.06484"	"3"	""		"35884.255"	"60503.911"	"3d5.(2H).4s"	"b 3H"	"5"	"3d5.(2G1).4p"	"s 3G*"	"4"		""	"L14866"	
"406.284"	"406.28087"	"2w"	""		"38537.591"	"63144.156"	"3d5.(2H).4s"	"a 1H"	"5"	""	"q 3H*"	"5"		""	"L808"	
"406.308"	"406.30417"	"10"	""		"35862.764"	"60467.918"	"3d5.(4F).4s"	"c 3F"	"4"	"3d5.(2G1).4p"	"s 3G*"	"5"		""	"L808"	
"406.4582"	"406.46092"	"30"	""		"20517.4222"	"45113.0874"	"3d5.(4G).4s"	"a 5G"	"2"	"3d4.(3P1).4s.4p.(3P*)"	"v 5P*"	"3"		""	"L808"	
"406.494"	"406.49702"	"5"	""		"35933.906"	"60527.387"	"3d5.(2H).4s"	"b 3H"	"6"	"3d5.(2H).4p"	"v 3I*"	"6"		""	"L808"	
"406.57036"	"406.57036"	"5"	"3.5e+07"	D	"33113.212"	"57702.257"	"3d5.(2F1).4s"	"b 3F"	"4"	"3d5.(2F1).4p"	"t 3G*"	"5"		"T4288"	"L14866"	
"406.6610"	"406.65937"	"8*"	""		"35884.255"	"60467.918"	"3d5.(2H).4s"	"b 3H"	"5"	"3d5.(2G1).4p"	"s 3G*"	"5"		""	"L808"	
"406.6610"	"406.65943"	"8*"	""		"36577.6545"	"61161.314"	"3d5.(2F2).4s"	"d 3F"	"4"	"3d5.(2H).4p"	"r 3G*"	"5"		""	"L808"	
"406.68585"	"406.68579"	"13"	""		"25038.4981"	"49620.5640"	"3d5.(4G).4s"	"a 3G"	"5"	"3d5.(4D).4p"	"x 3F*"	"4"		""	"L14866"	
"406.69328"	"406.693287"	"95"	""		"21840.8096"	"46422.4223"	"3d5.(4P).4s"	"a 5P"	"3"	"3d4.(3F1).4s.4p.(3P*)"	"w 5D*"	"4"		""	"L14866"	
"406.7346"	"406.73452"	"10*"	""		"24940.594"	"49519.7149"	"3d4.4s2"	"a 3F"	"2"	"3d4.(3G).4s.4p.(3P*)"	"w 5G*"	"3"		""	"L808"	
"406.7346"	"406.73568"	"10*"	""		"25038.4981"	"49617.5488"	"3d5.(4G).4s"	"a 3G"	"5"	"3d4.(3G).4s.4p.(3P*)"	"w 5G*"	"5"		""	"L808"	
"406.7346"	"406.73639"	"10*"	""		"38537.591"	"63116.599"	"3d5.(2H).4s"	"a 1H"	"5"	""	"q 3H*"	"4"		""	"L808"	
"406.790"	"406.7890"	"2:"	""		"25010.6397"	"49586.47"	"3d4.(5D).4s.4p.(3P*)"	"z 7F*"	"1"	""	"e 3F"	"2"		""	"L9365"	
"406.870"	"406.86935"	"5w"	""		"36552.1351"	"61123.111"	"3d5.(2F2).4s"	"d 3F"	"3"	"3d5.(2H).4p"	"r 3G*"	"4"		""	"L808"	
"406.935"	"406.93388"	"2w"	""		"31377.8624"	"55944.942"	"3d5.(4F).4s"	"a 5F"	"4"	"3d5.(2I).4p"	"y 1H*"	"5"		""	"L808"	
"406.968"	"406.97118"	"3w"	""		"35862.764"	"60427.592"	"3d5.(4F).4s"	"c 3F"	"4"	"3d5.(2H).4p"	"v 3I*"	"5"		""	"L808"	
"407.0065"	"407.00605"	"8"	""		"24277.0546"	"48839.778"	"3d5.(4D).4s"	"b 5D"	"0"	"3d4.(3P1).4s.4p.(3P*)"	"x 3D*"	"1"		""	"L808"	
"407.09881"	"407.09869"	"3"	""		"35870.458"	"60427.592"	"3d5.(2H).4s"	"b 3H"	"4"	"3d5.(2H).4p"	"v 3I*"	"5"		""	"L14866"	
"407.110"	"407.11080"	"1"	""		"24897.4635"	"49453.867"	"3d5.(4G).4s"	"a 3G"	"4"	"3d4.(3F1).4s.4p.(3P*)"	"w 3G*"	"4"		""	"L808"	
"407.225"	"407.2265"	"3w"	""		"36558.446"	"61107.87"	"3d5.(2F2).4s"	"d 3F"	"2"	""	"r 5P*"	"2"		""	"L808"	
"407.27638"	"407.27627"	"6"	""		"25106.2953"	"49652.7224"	"3d4.4s2"	"a 3F"	"3"	"3d5.(4D).4p"	"x 3F*"	"2"		""	"L14866"	
"407.332"	"407.32754"	"6"	""		"35884.255"	"60427.592"	"3d5.(2H).4s"	"b 3H"	"5"	"3d5.(2H).4p"	"v 3I*"	"5"		""	"L808"	
"407.435"	"407.43568"	"3"	""		"24833.7957"	"49370.619"	"3d5.(4G).4s"	"a 3G"	"3"	"3d4.(3F1).4s.4p.(3P*)"	"w 3G*"	"3"		""	"L808"	
"407.4857"	"407.48237"	"50"	""		"35933.906"	"60467.918"	"3d5.(2H).4s"	"b 3H"	"6"	"3d5.(2G1).4p"	"s 3G*"	"5"		""	"L808"	
"407.59120"	"407.591221"	"6"	""		"21840.8096"	"46368.2695"	"3d5.(4P).4s"	"a 5P"	"3"	"3d4.(3F1).4s.4p.(3P*)"	"w 5D*"	"3"		""	"L14866"	
"407.60486"	"407.60488"	"5"	""		"33060.661"	"57587.299"	"3d5.(2F1).4s"	"b 3F"	"3"	"3d5.(2F1).4p"	"t 3G*"	"4"		""	"L14866"	
"407.70798"	"407.708002"	"43"	""		"21847.8349"	"46368.2695"	"3d5.(4P).4s"	"a 5P"	"2"	"3d4.(3F1).4s.4p.(3P*)"	"w 5D*"	"3"		""	"L14866"	
"407.74594"	"407.74596"	"4"	""		"35807.707"	"60325.859"	"3d5.(4F).4s"	"c 3F"	"2"	""	"q 3F*"	"3"		""	"L14866"	
"407.7679"	"407.7649"	"60"	""		"33039.969"	"57556.98"	"3d5.(2F1).4s"	"b 3F"	"2"	"3d5.(2F1).4p"	"t 3G*"	"3"		""	"L808"	
"407.8095"	"407.81055"	"2"	""		"25106.2953"	"49620.5640"	"3d4.4s2"	"a 3F"	"3"	"3d5.(4D).4p"	"x 3F*"	"4"		""	"L808"	
"407.8475"	"407.8454"	"4"	""		"35813.685"	"60325.859"	"3d5.(4F).4s"	"c 3F"	"3"	""	"q 3F*"	"3"		""	"L808"	
"407.904"	"407.904743"	"3"	""		"21840.8096"	"46349.4177"	"3d5.(4P).4s"	"a 5P"	"3"	"3d4.(3F1).4s.4p.(3P*)"	"w 5D*"	"2"		""	"L808"	
"407.970"	"407.97369"	"3w"	""		"35862.764"	"60367.230"	"3d5.(4F).4s"	"c 3F"	"4"	""	"q 3F*"	"4"		""	"L808"	
"408.02167"	"408.021703"	"11"	""		"21847.8349"	"46349.4177"	"3d5.(4P).4s"	"a 5P"	"2"	"3d4.(3F1).4s.4p.(3P*)"	"w 5D*"	"2"		""	"L14866"	
"408.0564"	"408.05669"	"10"	""		"25038.4981"	"49537.9802"	"3d5.(4G).4s"	"a 3G"	"5"	"3d4.(3F1).4s.4p.(3P*)"	"w 3G*"	"5"		""	"L808"	
"408.17318"	"408.173201"	"12"	"1.2e+06"	D	"21856.9287"	"46349.4177"	"3d5.(4P).4s"	"a 5P"	"1"	"3d4.(3F1).4s.4p.(3P*)"	"w 5D*"	"2"		"T4288"	"L14866"	
"408.1896"	"408.18869"	"22"	""		"25106.2953"	"49597.855"	"3d4.4s2"	"a 3F"	"3"	"3d4.(3F1).4s.4p.(3P*)"	"1D*"	"2"		""	"L808"	
"408.332"	"408.33182"	"10"	""		"35884.255"	"60367.230"	"3d5.(2H).4s"	"b 3H"	"5"	""	"q 3F*"	"4"		""	"L808"	
"408.430"	"408.43092"	"3"	""		"24833.7957"	"49310.830"	"3d5.(4G).4s"	"a 3G"	"3"	"3d4.(3P1).4s.4p.(3P*)"	"x 3D*"	"3"		""	"L808"	
"408.50174"	"408.50196"	"8"	""		"25177.3539"	"49650.1320"	"3d4.4s2"	"a 3F"	"4"	"3d5.(4D).4p"	"x 3F*"	"3"		""	"L14866"	
"408.571"	"408.57163"	"6"	""		"31047.9572"	"55516.562"	"3d5.(2I).4s"	"a 3I"	"7"	"3d5.(2I).4p"	"y 1I*"	"6"		""	"L808"	
"408.59269"	"408.59265"	"5"	""		"31049.2155"	"55516.562"	"3d5.(2I).4s"	"a 3I"	"6"	"3d5.(2I).4p"	"y 1I*"	"6"		""	"L14866"	
"408.605"	"408.60759"	"6"	""		"23163.2205"	"47629.672"	"3d4.4s2"	"a 3P"	"0"	"3d4.(5D).4s.5p.(3P*)"	"v 5F*"	"1"		""	"L808"	
"408.69393"	"408.69391"	"3"	""		"31055.2777"	"55516.562"	"3d5.(2I).4s"	"a 3I"	"5"	"3d5.(2I).4p"	"y 1I*"	"6"		""	"L14866"	
"408.790"	"408.7922"	"1"	""		"35870.458"	"60325.859"	"3d5.(2H).4s"	"b 3H"	"4"	""	"q 3F*"	"3"		""	"L808"	
"408.8766"	"408.875690"	"12"	""		"21847.8349"	"46298.2442"	"3d5.(4P).4s"	"a 5P"	"2"	"3d4.(3F1).4s.4p.(3P*)"	"w 5D*"	"1"		""	"L808"	
"408.9627"	"408.9605"	"12*"	""		"31028.2590"	"55473.60"	"3d5.(2D3).4s"	"b 3D"	"2"	"3d5.(4G).5p"	"u 3F*"	"2"		""	"L808"	
"408.9627"	"408.9619"	"12*"	""		"35807.707"	"60252.961"	"3d5.(4F).4s"	"c 3F"	"2"	""	"q 3F*"	"2"		""	"L808"	
"409.007"	"409.0047"	"8hs"	""		"31008.9708"	"55451.67"	"3d5.(2D3).4s"	"b 3D"	"3"	"3d4.(3D).4s.4p.(3P*)"	"v 3D*"	"3"		""	"L808"	
"409.02780"	"409.027822"	"8"	""		"21856.9287"	"46298.2442"	"3d5.(4P).4s"	"a 5P"	"1"	"3d4.(3F1).4s.4p.(3P*)"	"w 5D*"	"1"		""	"L14866"	
"409.04653"	"409.04658"	"3"	""		"25177.3539"	"49617.5488"	"3d4.4s2"	"a 3F"	"4"	"3d4.(3G).4s.4p.(3P*)"	"w 5G*"	"5"		""	"L14866"	
"409.2178"	"409.21686"	"30"	""		"24940.594"	"49370.619"	"3d4.4s2"	"a 3F"	"2"	"3d4.(3F1).4s.4p.(3P*)"	"w 3G*"	"3"		""	"L808"	
"409.3059"	"409.3035"	"18"	""		"31048.7488"	"55473.60"	"3d5.(2D3).4s"	"b 3D"	"1"	"3d5.(4G).5p"	"u 3F*"	"2"		""	"L808"	
"409.331"	"409.3277"	"7h"	""		"31028.2590"	"55451.67"	"3d5.(2D3).4s"	"b 3D"	"2"	"3d4.(3D).4s.4p.(3P*)"	"v 3D*"	"3"		""	"L808"	
"409.462"	"409.46251"	"3*"	""		"25038.4981"	"49453.867"	"3d5.(4G).4s"	"a 3G"	"5"	"3d4.(3F1).4s.4p.(3P*)"	"w 3G*"	"4"		""	"L808"	
"409.462"	"409.4665"	"3*"	""		"27597.2409"	"52012.37"	"3d4.4s2"	"b 3G"	"3"	"3d4.(3D).4s.4p.(3P*)"	"t 5D*"	"2"		""	"L808"	
"409.49614"	"409.49610"	"6"	""		"24897.4635"	"49310.830"	"3d5.(4G).4s"	"a 3G"	"4"	"3d4.(3P1).4s.4p.(3P*)"	"x 3D*"	"3"		""	"L14866"	
"409.76426"	"409.76430"	"5"	"5.3e+06"	D	"23305.0026"	"47702.390"	"3d5.(6S).4p"	"z 7P*"	"2"	"3d5.(6S).5d"	"g 7D"	"3"		"T4288"	"L14866"	
"409.789"	"409.78925"	"20wH"	""		"23305.0026"	"47700.905"	"3d5.(6S).4p"	"z 7P*"	"2"	"3d5.(6S).5d"	"g 7D"	"2"		""	"L808"	
"409.802"	"409.803"	"8w"	""		"23305.0026"	"47700.1"	"3d5.(6S).4p"	"z 7P*"	"2"	"3d5.(6S).5d"	"g 7D"	"1"		""	"L808"	
"409.90095"	"409.90096"	"32"	""		"24056.0404"	"48445.2943"	"3d4.4s2"	"a 3H"	"5"	"3d4.(3H).4s.4p.(3P*)"	"y 3H*"	"6"		""	"L14866"	
"410.11549"	"410.115525"	"25"	""		"23933.8561"	"48310.3500"	"3d4.4s2"	"a 3H"	"4"	"3d4.(3H).4s.4p.(3P*)"	"y 3H*"	"5"		""	"L14866"	
"410.222"	"410.22084"	"3"	""		"24940.594"	"49310.830"	"3d4.4s2"	"a 3F"	"2"	"3d4.(3P1).4s.4p.(3P*)"	"x 3D*"	"3"		""	"L808"	
"410.302"	"410.30071"	"4*"	""		"38537.591"	"62903.083"	"3d5.(2H).4s"	"a 1H"	"5"	"3d4.4s.4p"	"r 3H*"	"6"		""	"L808"	
"410.302"	"410.30125"	"4*"	""		"24093.1182"	"48458.5780"	"3d4.4s2"	"a 3P"	"2"	"3d4.(3P1).4s.4p.(3P*)"	"x 3P*"	"2"		""	"L808"	
"410.38262"	"410.38266"	"5"	""		"25177.3539"	"49537.9802"	"3d4.4s2"	"a 3F"	"4"	"3d4.(3F1).4s.4p.(3P*)"	"w 3G*"	"5"		""	"L14866"	
"410.429"	"410.4306"	"4w"	""		"33934.757"	"58292.54"	"3d4.4s2"	"c 3D"	"3"	"3d4.4s.5p"	"r 5D*"	"4"		""	"L808"	
"410.48591"	"410.48591"	"62"	""		"23933.8561"	"48288.3556"	"3d4.4s2"	"a 3H"	"4"	"3d4.(3H).4s.4p.(3P*)"	"y 3H*"	"4"		""	"L14866"	
"410.60267"	"410.60271"	"6"	""		"25106.2953"	"49453.867"	"3d4.4s2"	"a 3F"	"3"	"3d4.(3F1).4s.4p.(3P*)"	"w 3G*"	"4"		""	"L14866"	
"410.669"	"410.6692"	"4"	""		"31008.9708"	"55352.60"	"3d5.(2D3).4s"	"b 3D"	"3"	"3d5.(4G).5p"	"u 3F*"	"3"		""	"L808"	
"410.83884"	"410.838826"	"14"	""		"21840.8096"	"46174.3884"	"3d5.(4P).4s"	"a 5P"	"3"	"3d5.(4P).4p"	"y 3D*"	"3"		""	"L14866"	
"410.95748"	"410.957475"	"43"	"3.1e+06"	D	"21847.8349"	"46174.3884"	"3d5.(4P).4s"	"a 5P"	"2"	"3d5.(4P).4p"	"y 3D*"	"3"		"T4288"	"L14866"	
"410.995"	"410.9949"	"3w"	""		"31028.2590"	"55352.60"	"3d5.(2D3).4s"	"b 3D"	"2"	"3d5.(4G).5p"	"u 3F*"	"3"		""	"L808"	
"411.095"	"411.09483"	"15w*"	""		"36552.1351"	"60870.561"	"3d5.(2F2).4s"	"d 3F"	"3"	"3d5.(2G1).4p"	"s 3H*"	"4"		""	"L808"	
"411.095"	"411.097"	"15w*"	""		"23386.3419"	"47704.62"	"3d5.(6S).4p"	"z 7P*"	"3"	"3d5.(6S).5d"	"g 7D"	"4"		""	"L808"	
"411.13505"	"411.13503"	"11"	"1.2e+07"	D	"23386.3419"	"47702.390"	"3d5.(6S).4p"	"z 7P*"	"3"	"3d5.(6S).5d"	"g 7D"	"3"		"T4288"	"L14866"	
"411.160"	"411.16014"	"4w"	""		"23386.3419"	"47700.905"	"3d5.(6S).4p"	"z 7P*"	"3"	"3d5.(6S).5d"	"g 7D"	"2"		""	"L808"	
"411.532"	"411.52447"	"15w*"	""		"31393.2968"	"55686.334"	"3d5.(4F).4s"	"a 5F"	"5"	"3d5.(2I).4p"	"x 3I*"	"5"		""	"L808"	
"411.532"	"411.52669"	"15w*"	""		"36577.6545"	"60870.561"	"3d5.(2F2).4s"	"d 3F"	"4"	"3d5.(2G1).4p"	"s 3H*"	"4"		""	"L808"	
"411.532"	"411.53078"	"15w*"	""		"38537.591"	"62830.256"	"3d5.(2H).4s"	"a 1H"	"5"	"3d4.4s.4p"	"r 3H*"	"5"		""	"L808"	
"411.805"	"411.80459"	"4"	""		"25177.3539"	"49453.867"	"3d4.4s2"	"a 3F"	"4"	"3d4.(3F1).4s.4p.(3P*)"	"w 3G*"	"4"		""	"L808"	
"411.94197"	"411.942049"	"4"	""		"21840.8096"	"46109.2219"	"3d5.(4P).4s"	"a 5P"	"3"	"3d5.(4P).4p"	"y 3D*"	"2"		""	"L14866"	
"411.954"	"411.9517"	"1"	""		"33934.757"	"58202.60"	"3d4.4s2"	"c 3D"	"3"	"3d5.(2F1).4p"	"s 3F*"	"3"		""	"L808"	
"411.969"	"411.9662"	"6w"	""		"33935.613"	"58202.60"	"3d4.4s2"	"c 3D"	"2"	"3d5.(2F1).4p"	"s 3F*"	"3"		""	"L808"	
"412.011"	"412.01146"	"4w"	""		"25106.2953"	"49370.619"	"3d4.4s2"	"a 3F"	"3"	"3d4.(3F1).4s.4p.(3P*)"	"w 3G*"	"3"		""	"L808"	
"412.06132"	"412.061337"	"44"	""		"21847.8349"	"46109.2219"	"3d5.(4P).4s"	"a 5P"	"2"	"3d5.(4P).4p"	"y 3D*"	"2"		""	"L14866"	
"412.1487"	"412.14883"	"7w"	""		"33906.539"	"58162.776"	"3d4.4s2"	"c 3D"	"1"	"3d5.(2F1).4p"	"s 3F*"	"2"		""	"L808"	
"412.18157"	"412.181578"	"93"	""		"24056.0404"	"48310.3500"	"3d4.4s2"	"a 3H"	"5"	"3d4.(3H).4s.4p.(3P*)"	"y 3H*"	"5"		""	"L14866"	
"412.21585"	"412.215849"	"27"	""		"21856.9287"	"46109.2219"	"3d5.(4P).4s"	"a 5P"	"1"	"3d5.(4P).4p"	"y 3D*"	"2"		""	"L14866"	
"412.287"	"412.28601"	"4h"	""		"26787.4640"	"51035.630"	"3d5.(6S).4p"	"z 5P*"	"3"	"3d5.(6S).8s"	"h 5S"	"2"		""	"L808"	
"412.33822"	"412.338213"	"128"	""		"24200.1980"	"48445.2943"	"3d4.4s2"	"a 3H"	"6"	"3d4.(3H).4s.4p.(3P*)"	"y 3H*"	"6"		""	"L14866"	
"412.435"	"412.4349"	"2w*"	""		"30965.3799"	"55204.79"	"3d4.(5D).4s.4p.(3P*)"	"z 5F*"	"3"	"3d4.4s.5s"	"e 3D"	"3"		""	"L808"	
"412.435"	"412.43578"	"2w*"	""		"26796.2691"	"51035.630"	"3d5.(6S).4p"	"z 5P*"	"2"	"3d5.(6S).8s"	"h 5S"	"2"		""	"L808"	
"412.457"	"412.45683"	"3w"	""		"24093.1182"	"48331.242"	"3d4.4s2"	"a 3P"	"2"	"3d4.(3P1).4s.4p.(3P*)"	"x 3P*"	"1"		""	"L808"	
"412.544"	"412.5430"	"15w"	""		"33934.757"	"58167.82"	"3d4.4s2"	"c 3D"	"3"	"3d5.(2F1).4p"	"s 3F*"	"4"		""	"L808"	
"412.55569"	"412.55570"	"5"	""		"24056.0404"	"48288.3556"	"3d4.4s2"	"a 3H"	"5"	"3d4.(3H).4s.4p.(3P*)"	"y 3H*"	"4"		""	"L14866"	
"412.60866"	"412.608667"	"13"	""		"21847.8349"	"46077.0395"	"3d5.(4P).4s"	"a 5P"	"2"	"3d5.(4P).4p"	"y 3D*"	"1"		""	"L14866"	
"412.65121"	"412.65120"	"390"	"6.71e+06"	B	"20519.5515"	"44746.259"	"3d5.(4G).4s"	"a 5G"	"6"	"3d4.(3F1).4s.4p.(3P*)"	"y 5G*"	"6"		"u10"	"L14866"	
"412.69173"	"412.69176"	"23"	""		"21856.9287"	"46081.255"	"3d5.(4P).4s"	"a 5P"	"1"	"3d4.(3F1).4s.4p.(3P*)"	"w 5D*"	"0"		""	"L14866"	
"412.72869"	"412.72865"	"13"	""		"33113.212"	"57335.373"	"3d5.(2F1).4s"	"b 3F"	"4"	"3d4.(3D).4s.4p.(3P*)"	"t 3F*"	"4"		""	"L14866"	
"412.76357"	"412.763590"	"44"	""		"21856.9287"	"46077.0395"	"3d5.(4P).4s"	"a 5P"	"1"	"3d5.(4P).4p"	"y 3D*"	"1"		""	"L14866"	
"412.808"	"412.809992"	"5w"	""		"21840.8096"	"46058.1980"	"3d5.(4P).4s"	"a 5P"	"3"	"3d5.(4G).4p"	"y 3F*"	"4"		""	"L808"	
"412.83874"	"412.83874"	"6"	""		"33060.661"	"57276.363"	"3d5.(2F1).4s"	"b 3F"	"3"	"3d4.(3D).4s.4p.(3P*)"	"t 3F*"	"3"		""	"L14866"	
"412.91837"	"412.91837"	"31"	""		"23498.8156"	"47709.848"	"3d5.(6S).4p"	"z 7P*"	"4"	"3d5.(6S).5d"	"g 7D"	"5"		""	"L14866"	
"413.010"	"413.008"	"15w"	""		"23498.8156"	"47704.62"	"3d5.(6S).4p"	"z 7P*"	"4"	"3d5.(6S).5d"	"g 7D"	"4"		""	"L808"	
"413.0454"	"413.04561"	"3"	""		"23498.8156"	"47702.390"	"3d5.(6S).4p"	"z 7P*"	"4"	"3d5.(6S).5d"	"g 7D"	"3"		""	"L9190"	
"413.13560"	"413.13563"	"14"	""		"31008.9708"	"55207.271"	"3d5.(2D3).4s"	"b 3D"	"3"	"3d5.(2D1).4p"	"v 3F*"	"4"		""	"L14866"	
"413.21605"	"413.21590"	"4"	""		"24833.7957"	"49027.3953"	"3d5.(4G).4s"	"a 3G"	"3"	"3d4.(3P1).4s.4p.(3P*)"	"x 3D*"	"2"		""	"L14866"	
"413.43814"	"413.43804"	"3"	""		"33039.969"	"57220.570"	"3d5.(2F1).4s"	"b 3F"	"2"	"3d4.(3D).4s.4p.(3P*)"	"t 3F*"	"2"		""	"L14866"	
"413.505"	"413.5017"	"3w"	""		"33060.661"	"57237.54"	"3d5.(2F1).4s"	"b 3F"	"3"	""	"p 5F*"	"4"		""	"L808"	
"413.584"	"413.58453"	"3"	""		"24286.5418"	"48458.5780"	"3d5.(4D).4s"	"b 5D"	"1"	"3d4.(3P1).4s.4p.(3P*)"	"x 3P*"	"2"		""	"L808"	
"413.7374"	"413.73662"	"10"	""		"33113.212"	"57276.363"	"3d5.(2F1).4s"	"b 3F"	"4"	"3d4.(3D).4s.4p.(3P*)"	"t 3F*"	"3"		""	"L808"	
"413.792"	"413.79214"	"10"	""		"33060.661"	"57220.570"	"3d5.(2F1).4s"	"b 3F"	"3"	"3d4.(3D).4s.4p.(3P*)"	"t 3F*"	"2"		""	"L808"	
"413.795"	"413.79723"	"3w"	""		"21840.8096"	"46000.4213"	"3d5.(4P).4s"	"a 5P"	"3"	"3d5.(4G).4p"	"y 3F*"	"3"		""	"L808"	
"413.918"	"413.91759"	"7w"	""		"21847.8349"	"46000.4213"	"3d5.(4P).4s"	"a 5P"	"2"	"3d5.(4G).4p"	"y 3F*"	"3"		""	"L808"	
"413.928"	"413.92776"	"8w"	""		"31055.2777"	"55207.271"	"3d5.(2I).4s"	"a 3I"	"5"	"3d5.(2D1).4p"	"v 3F*"	"4"		""	"L808"	
"414.071"	"414.0713"	"5wh"	""		"31008.9708"	"55152.59"	"3d5.(2D3).4s"	"b 3D"	"3"	"3d4.(3D).4s.4p.(3P*)"	"v 3D*"	"2"		""	"L808"	
"414.21861"	"414.21864"	"12"	""		"35870.458"	"60005.491"	"3d5.(2H).4s"	"b 3H"	"4"	"3d5.(2G1).4p"	"x 1H*"	"5"		""	"L14866"	
"414.24535"	"414.24536"	"8"	""		"25177.3539"	"49310.830"	"3d4.4s2"	"a 3F"	"4"	"3d4.(3P1).4s.4p.(3P*)"	"x 3D*"	"3"		""	"L14866"	
"414.455"	"414.45557"	"5"	""		"35884.255"	"60005.491"	"3d5.(2H).4s"	"b 3H"	"5"	"3d5.(2G1).4p"	"x 1H*"	"5"		""	"L808"	
"414.501"	"414.50216"	"3"	""		"21847.8349"	"45966.3597"	"3d5.(4P).4s"	"a 5P"	"2"	"3d5.(4G).4p"	"y 3F*"	"2"		""	"L808"	
"414.549"	"414.54875"	"5w"	""		"30858.7516"	"54974.566"	"3d4.(5D).4s.4p.(3P*)"	"z 5F*"	"2"	"3d4.4s.5s"	"e 3D"	"2"		""	"L808"	
"414.61989"	"414.61992"	"14"	""		"31008.9708"	"55120.646"	"3d5.(2D3).4s"	"b 3D"	"3"	"3d5.(4G).5p"	"u 3F*"	"4"		""	"L14866"	
"414.64606"	"414.64611"	"9"	""		"24200.1980"	"48310.3500"	"3d4.4s2"	"a 3H"	"6"	"3d4.(3H).4s.4p.(3P*)"	"y 3H*"	"5"		""	"L14866"	
"414.66830"	"414.66829"	"8"	""		"23933.8561"	"48042.7187"	"3d4.4s2"	"a 3H"	"4"	""	"*"	"4"		""	"L14866"	
"414.755"	"414.7547"	"4h"	""		"31048.7488"	"55152.59"	"3d5.(2D3).4s"	"b 3D"	"1"	"3d4.(3D).4s.4p.(3P*)"	"v 3D*"	"2"		""	"L808"	
"414.774"	"414.7734"	"8h"	""		"31106.3170"	"55209.07"	"3d4.(5D).4s.4p.(3P*)"	"z 5F*"	"4"	"3d4.4s.5s"	"g 5D"	"4"		""	"L808"	
"414.849"	"414.8471"	"8w"	""		"31106.3170"	"55204.79"	"3d4.(5D).4s.4p.(3P*)"	"z 5F*"	"4"	"3d4.4s.5s"	"e 3D"	"3"		""	"L808"	
"414.9453"	"414.9439"	"30"	""		"31008.9708"	"55101.82"	"3d5.(2D3).4s"	"b 3D"	"3"	"3d5.(2D1).4p"	"v 3F*"	"3"		""	"L808"	
"415.048"	"415.04809"	"2"	""		"24940.594"	"49027.3953"	"3d4.4s2"	"a 3F"	"2"	"3d4.(3P1).4s.4p.(3P*)"	"x 3D*"	"2"		""	"L808"	
"415.102"	"415.10091"	"6w"	""		"27163.1052"	"51246.842"	"3d5.(4P).4s"	"b 3P"	"0"	"3d5.(4D).4p"	"w 3P*"	"1"		""	"L808"	
"415.1575"	"415.15641"	"15w"	""		"23933.8561"	"48014.3731"	"3d4.4s2"	"a 3H"	"4"	"3d5.(4G).4p"	"u 5F*"	"4"		""	"L808"	
"415.205"	"415.2049"	"5w"	""		"36552.1351"	"60629.84"	"3d5.(2F2).4s"	"d 3F"	"3"	"3d5.(2D1).4p"	"s 3D*"	"2"		""	"L808"	
"415.2765"	"415.2764"	"40"	""		"31028.2590"	"55101.82"	"3d5.(2D3).4s"	"b 3D"	"2"	"3d5.(2D1).4p"	"v 3F*"	"3"		""	"L9190"	
"415.30632"	"415.30632"	"38"	""		"20519.5515"	"44591.3768"	"3d5.(4G).4s"	"a 5G"	"6"	"3d4.(3F1).4s.4p.(3P*)"	"y 5G*"	"5"		""	"L14866"	
"415.38134"	"415.38135"	"320"	""		"20523.8999"	"44591.3768"	"3d5.(4G).4s"	"a 5G"	"5"	"3d4.(3F1).4s.4p.(3P*)"	"y 5G*"	"5"		""	"L14866"	
"415.417"	"415.41775"	"2"	""		"31055.2777"	"55120.646"	"3d5.(2I).4s"	"a 3I"	"5"	"3d5.(4G).5p"	"u 3F*"	"4"		""	"L808"	
"415.499"	"415.4973"	"4w"	""		"33039.969"	"57100.73"	"3d5.(2F1).4s"	"b 3F"	"2"	""	"p 5F*"	"2"		""	"L808"	
"415.725"	"415.7234"	"2w"	""		"33039.969"	"57087.645"	"3d5.(2F1).4s"	"b 3F"	"2"	"3d4.(1S1).4s.4p.(3P*)"	"u 3P*"	"2"		""	"L808"	
"415.889"	"415.89053"	"15w"	""		"36577.6545"	"60615.666"	"3d5.(2F2).4s"	"d 3F"	"4"	"3d5.(4F).4p"	"s 3D*"	"3"		""	"L808"	
"416.003"	"416.00495"	"1w"	""		"24299.8419"	"48331.242"	"3d5.(4D).4s"	"b 5D"	"2"	"3d4.(3P1).4s.4p.(3P*)"	"x 3P*"	"1"		""	"L808"	
"416.061"	"416.063796"	"4w"	""		"24282.3486"	"48310.3500"	"3d5.(4D).4s"	"b 5D"	"4"	"3d4.(3H).4s.4p.(3P*)"	"y 3H*"	"5"		""	"L808"	
"416.082"	"416.0814"	"2"	""		"33060.661"	"57087.645"	"3d5.(2F1).4s"	"b 3F"	"3"	"3d4.(1S1).4s.4p.(3P*)"	"u 3P*"	"2"		""	"L808"	
"416.14145"	"416.14145"	"47"	""		"35933.906"	"59957.4238"	"3d5.(2H).4s"	"b 3H"	"6"	"3d4.(3H).4s.4p.(1P*)"	"w 3I*"	"7"		""	"L14866"	
"416.178"	"416.1774"	"7h"	""		"30965.3799"	"54986.82"	"3d4.(5D).4s.4p.(3P*)"	"z 5F*"	"3"	"3d4.4s.5s"	"g 5D"	"3"		""	"L808"	
"416.248"	"416.2483"	"4h"	""		"30787.2817"	"54804.63"	"3d4.(5D).4s.4p.(3P*)"	"z 5F*"	"1"	"3d4.4s.5s"	"e 3D"	"1"		""	"L808"	
"416.315"	"416.31460"	"4"	""		"20520.9029"	"44534.429"	"3d5.(4G).4s"	"a 5G"	"3"	"3d4.(3F1).4s.4p.(3P*)"	"y 5G*"	"4"		""	"L808"	
"416.36187"	"416.36187"	"170"	""		"20523.6290"	"44534.429"	"3d5.(4G).4s"	"a 5G"	"4"	"3d4.(3F1).4s.4p.(3P*)"	"y 5G*"	"4"		""	"L14866"	
"416.391"	"416.38986"	"7w"	""		"30965.3799"	"54974.566"	"3d4.(5D).4s.4p.(3P*)"	"z 5F*"	"3"	"3d4.4s.5s"	"e 3D"	"2"		""	"L808"	
"416.55149"	"416.55153"	"6"	"7.5e+07"	D	"35884.255"	"59884.123"	"3d5.(2H).4s"	"b 3H"	"5"	"3d4.(3H).4s.4p.(1P*)"	"w 3I*"	"6"		"T1621n"	"L14866"	
"416.644"	"416.6395"	"1h"	""		"20519.5515"	"44514.35"	"3d5.(4G).4s"	"a 5G"	"6"	"3d4.(3H).4s.4p.(3P*)"	"z 5I*"	"7"		""	"L808"	
"416.7811"	"416.78058"	"12"	""		"24056.0404"	"48042.7187"	"3d4.4s2"	"a 3H"	"5"	""	"*"	"4"		""	"L808"	
"416.8309"	"416.8303"	"8"	""		"31008.9708"	"54992.79"	"3d5.(2D3).4s"	"b 3D"	"3"	"3d5.(2D1).4p"	"v 3F*"	"2"		""	"L808"	
"416.9841"	"416.9829"	"65"	""		"33113.212"	"57088.25"	"3d5.(2F1).4s"	"b 3F"	"4"	"3d4.(3F1).4s.4p.(1P*)"	"u 3G*"	"5"		""	"L808"	
"417.0214"	"417.0208"	"50"	""		"33060.661"	"57033.52"	"3d5.(2F1).4s"	"b 3F"	"3"	"3d4.(3F1).4s.4p.(1P*)"	"u 3G*"	"4"		""	"L808"	
"417.075"	"417.07782"	"4w"	""		"24282.3486"	"48251.933"	"3d5.(4D).4s"	"b 5D"	"4"	"3d4.(3F1).4s.4p.(3P*)"	"3D*"	"3"		""	"L808"	
"417.1676"	"417.1658"	"40"	""		"31028.2590"	"54992.79"	"3d5.(2D3).4s"	"b 3D"	"2"	"3d5.(2D1).4p"	"v 3F*"	"2"		""	"L808"	
"417.2517"	"417.24941"	"10w*"	""		"30858.7516"	"54818.479"	"3d4.(5D).4s.4p.(3P*)"	"z 5F*"	"2"	"3d4.4s.5s"	"g 5D"	"2"		""	"L808"	
"417.2517"	"417.25114"	"10w*"	""		"36558.446"	"60518.074"	"3d5.(2F2).4s"	"d 3F"	"2"	"3d5.(2G1).4p"	"s 3G*"	"3"		""	"L808"	
"417.27677"	"417.27679"	"25*"	""		"37233.423"	"61191.578"	"3d5.(2G2).4s"	"c 3G"	"5"	"3d5.(2G1).4p"	"s 3H*"	"6"		""	"L14866"	
"417.27677"	"417.2768"	"25*"	""		"31986.786"	"55944.942"	"3d4.4s2"	"a 1G"	"4"	"3d5.(2I).4p"	"y 1H*"	"5"		""	"L14866"	
"417.3877"	"417.38793"	"7"	""		"36552.1351"	"60503.911"	"3d5.(2F2).4s"	"d 3F"	"3"	"3d5.(2G1).4p"	"s 3G*"	"4"		""	"L808"	
"417.4159"	"417.41510"	"7"	""		"35933.906"	"59884.123"	"3d5.(2H).4s"	"b 3H"	"6"	"3d4.(3H).4s.4p.(1P*)"	"w 3I*"	"6"		""	"L808"	
"417.496"	"417.4942"	"25"	""		"33039.969"	"56985.65"	"3d5.(2F1).4s"	"b 3F"	"2"	"3d4.(3F1).4s.4p.(1P*)"	"3G*"	"3"		""	"L808"	
"417.5235"	"417.5228"	"35"	""		"31048.7488"	"54992.79"	"3d5.(2D3).4s"	"b 3D"	"1"	"3d5.(2D1).4p"	"v 3F*"	"2"		""	"L808"	
"417.59493"	"417.59493"	"74"	""		"24200.1980"	"48140.101"	"3d4.4s2"	"a 3H"	"6"	"3d4.(3G).4s.4p.(3P*)"	"x 5H*"	"7"		""	"L14866"	
"417.66688"	"417.66687"	"10"	""		"35870.458"	"59806.238"	"3d5.(2H).4s"	"b 3H"	"4"	"3d4.(3H).4s.4p.(1P*)"	"w 3I*"	"5"		""	"L14866"	
"417.7166"	"417.71602"	"4"	""		"24277.0546"	"48210.018"	"3d5.(4D).4s"	"b 5D"	"0"	"3d4.(3F1).4s.4p.(3P*)"	"3D*"	"1"		""	"L808"	
"417.746"	"417.74505"	"4"	""		"24286.5418"	"48217.842"	"3d5.(4D).4s"	"b 5D"	"1"	"3d4.(3F1).4s.4p.(3P*)"	"3D*"	"2"		""	"L808"	
"417.784"	"417.7895"	"50h*"	""		"31280.3147"	"55209.07"	"3d4.(5D).4s.4p.(3P*)"	"z 5F*"	"5"	"3d4.4s.5s"	"g 5D"	"4"		""	"L808"	
"417.784"	"417.7904"	"50h*"	""		"31986.786"	"55915.49"	"3d4.4s2"	"a 1G"	"4"	"3d4.(1I).4s.4p.(3P*)"	"u 3H*"	"4"		""	"L808"	
"417.798"	"417.7995"	"7:"	""		"31028.2590"	"54956.44"	"3d5.(2D3).4s"	"b 3D"	"2"	"3d4.(3D).4s.4p.(3P*)"	"v 3D*"	"1"		""	"L9365"	
"417.807"	"417.80457"	"25w"	""		"37233.423"	"61161.314"	"3d5.(2G2).4s"	"c 3G"	"5"	"3d5.(2H).4p"	"r 3G*"	"5"		""	"L808"	
"417.836"	"417.83312"	"2"	""		"36577.6545"	"60503.911"	"3d5.(2F2).4s"	"d 3F"	"4"	"3d5.(2G1).4p"	"s 3G*"	"4"		""	"L808"	
"417.852"	"417.8553"	"4w"	""		"33060.661"	"56985.65"	"3d5.(2F1).4s"	"b 3F"	"3"	"3d4.(3F1).4s.4p.(1P*)"	"3G*"	"3"		""	"L808"	
"417.878"	"417.88168"	"4w"	""		"24286.5418"	"48210.018"	"3d5.(4D).4s"	"b 5D"	"1"	"3d4.(3F1).4s.4p.(3P*)"	"3D*"	"1"		""	"L808"	
"417.90362"	"417.90361"	"8"	""		"31047.9572"	"54970.178"	"3d5.(2I).4s"	"a 3I"	"7"	"3d5.(2I).4p"	"z 1K*"	"7"		""	"L14866"	
"417.92558"	"417.92559"	"150"	""		"31049.2155"	"54970.178"	"3d5.(2I).4s"	"a 3I"	"6"	"3d5.(2I).4p"	"z 1K*"	"7"		""	"L14866"	
"417.942"	"417.9370"	"20"	""		"33113.212"	"57033.52"	"3d5.(2F1).4s"	"b 3F"	"4"	"3d4.(3F1).4s.4p.(1P*)"	"u 3G*"	"4"		""	"L808"	
"417.978"	"417.97735"	"2"	""		"24299.8419"	"48217.842"	"3d5.(4D).4s"	"b 5D"	"2"	"3d4.(3F1).4s.4p.(3P*)"	"3D*"	"2"		""	"L808"	
"418.052"	"418.04833"	"8h"	""		"24303.9025"	"48217.842"	"3d5.(4D).4s"	"b 5D"	"3"	"3d4.(3F1).4s.4p.(3P*)"	"3D*"	"2"		""	"L808"	
"418.154"	"418.1576"	"4h"	""		"31048.7488"	"54956.44"	"3d5.(2D3).4s"	"b 3D"	"1"	"3d4.(3D).4s.4p.(3P*)"	"v 3D*"	"1"		""	"L808"	
"418.3071"	"418.30644"	"30"	""		"24940.594"	"48839.778"	"3d4.4s2"	"a 3F"	"2"	"3d4.(3P1).4s.4p.(3P*)"	"x 3D*"	"1"		""	"L808"	
"418.4662"	"418.46263"	"20"	""		"36577.6545"	"60467.918"	"3d5.(2F2).4s"	"d 3F"	"4"	"3d5.(2G1).4p"	"s 3G*"	"5"		""	"L808"	
"418.49001"	"418.49007"	"55"	""		"24897.4635"	"48786.161"	"3d5.(4G).4s"	"a 3G"	"4"	""	"x 3G*"	"5"		""	"L14866"	
"418.504"	"418.5014"	"12"	""		"31986.786"	"55874.838"	"3d4.4s2"	"a 1G"	"4"	"3d4.(1I).4s.4p.(3P*)"	"u 3H*"	"5"		""	"L808"	
"418.53454"	"418.53455"	"25"	""		"24056.0404"	"47942.1990"	"3d4.4s2"	"a 3H"	"5"	"3d4.(3G).4s.4p.(3P*)"	"x 5H*"	"6"		""	"L14866"	
"418.6343"	"418.6337"	"45*"	""		"31106.3170"	"54986.82"	"3d4.(5D).4s.4p.(3P*)"	"z 5F*"	"4"	"3d4.4s.5s"	"g 5D"	"3"		""	"L9190"	
"418.6343"	"418.6347"	"45*"	""		"31049.2155"	"54929.66"	"3d5.(2I).4s"	"a 3I"	"6"	"3d5.(4G).5p"	"v 3H*"	"5"		""	"L9190"	
"418.659"	"418.65827"	"7w"	""		"37244.011"	"61123.111"	"3d5.(2G2).4s"	"c 3G"	"4"	"3d5.(2H).4p"	"r 3G*"	"4"		""	"L808"	
"418.6888"	"418.689160"	"10"	""		"21856.9287"	"45734.2670"	"3d5.(4P).4s"	"a 5P"	"1"	"3d5.(4P).4p"	"y 3P*"	"2"		""	"L808"	
"418.99596"	"418.99589"	"8"	""		"23933.8561"	"47793.715"	"3d4.4s2"	"a 3H"	"4"	"3d4.(3G).4s.4p.(3P*)"	"x 5H*"	"5"		""	"L14866"	
"419.0132"	"419.0136"	"40"	""		"30787.2817"	"54646.13"	"3d4.(5D).4s.4p.(3P*)"	"z 5F*"	"1"	"3d4.4s.5s"	"g 5D"	"0"		""	"L9190"	
"419.06586"	"419.06594"	"7"	""		"20517.4222"	"44373.2928"	"3d5.(4G).4s"	"a 5G"	"2"	"3d4.(3F1).4s.4p.(3P*)"	"y 5G*"	"3"		""	"L14866"	
"419.12711"	"419.12710"	"180"	""		"20520.9029"	"44373.2928"	"3d5.(4G).4s"	"a 5G"	"3"	"3d4.(3F1).4s.4p.(3P*)"	"y 5G*"	"3"		""	"L14866"	
"419.17502"	"419.17500"	"52"	""		"20523.6290"	"44373.2928"	"3d5.(4G).4s"	"a 5G"	"4"	"3d4.(3F1).4s.4p.(3P*)"	"y 5G*"	"3"		""	"L14866"	
"419.21049"	"419.21050"	"43"	""		"32097.2978"	"55944.942"	"3d4.4s2"	"a 1I"	"6"	"3d5.(2I).4p"	"y 1H*"	"5"		""	"L14866"	
"419.36619"	"419.36618"	"53"	""		"31047.9572"	"54886.749"	"3d5.(2I).4s"	"a 3I"	"7"	"3d4.(3H).4s.4p.(1P*)"	"w 3H*"	"6"		""	"L14866"	
"419.38829"	"419.38832"	"4"	""		"31049.2155"	"54886.749"	"3d5.(2I).4s"	"a 3I"	"6"	"3d4.(3H).4s.4p.(1P*)"	"w 3H*"	"6"		""	"L14866"	
"419.49502"	"419.49500"	"40"	""		"31055.2777"	"54886.749"	"3d5.(2I).4s"	"a 3I"	"5"	"3d4.(3H).4s.4p.(1P*)"	"w 3H*"	"6"		""	"L14866"	
"419.559"	"419.5600"	"2w"	""		"27703.7743"	"51531.555"	"3d4.4s2"	"b 3G"	"4"	"3d5.(6S).8p"	"7P*"	"3"		""	"L808"	
"419.72328"	"419.72326"	"45"	""		"31047.9572"	"54866.4684"	"3d5.(2I).4s"	"a 3I"	"7"	"3d5.(4G).5p"	"v 3H*"	"6"		""	"L14866"	
"419.745"	"419.74544"	"10"	""		"31049.2155"	"54866.4684"	"3d5.(2I).4s"	"a 3I"	"6"	"3d5.(4G).5p"	"v 3H*"	"6"		""	"L808"	
"419.7824"	"419.78347"	"8"	""		"36552.1351"	"60367.230"	"3d5.(2F2).4s"	"d 3F"	"3"	""	"q 3F*"	"4"		""	"L808"	
"419.802"	"419.80323"	"2"	""		"31393.2968"	"55207.271"	"3d5.(4F).4s"	"a 5F"	"5"	"3d5.(2D1).4p"	"v 3F*"	"4"		""	"L808"	
"419.85230"	"419.85230"	"54"	""		"31055.2777"	"54866.4684"	"3d5.(2I).4s"	"a 3I"	"5"	"3d5.(4G).5p"	"v 3H*"	"6"		""	"L14866"	
"420.01008"	"420.01010"	"41"	""		"24833.7957"	"48636.0405"	"3d5.(4G).4s"	"a 3G"	"3"	"3d4.(3F1).4s.4p.(3P*)"	"3F*"	"3"		""	"L14866"	
"420.305"	"420.30422"	"2w"	""		"24200.1980"	"47985.787"	"3d4.4s2"	"a 3H"	"6"	"3d5.(4G).4p"	"u 5F*"	"5"		""	"L808"	
"420.35890"	"420.35890"	"130"	"5.7e+06"	D	"20517.4222"	"44299.9171"	"3d5.(4G).4s"	"a 5G"	"2"	"3d4.(3F1).4s.4p.(3P*)"	"y 5G*"	"2"		"T1621n"	"L14866"	
"420.42042"	"420.42044"	"32"	""		"20520.9029"	"44299.9171"	"3d5.(4G).4s"	"a 5G"	"3"	"3d4.(3F1).4s.4p.(3P*)"	"y 5G*"	"2"		""	"L14866"	
"420.44650"	"420.44650"	"49"	"3.1e+07"	D	"32097.2978"	"55874.838"	"3d4.4s2"	"a 1I"	"6"	"3d4.(1I).4s.4p.(3P*)"	"u 3H*"	"5"		"T4288"	"L14866"	
"420.504"	"420.50210"	"8"	""		"37233.423"	"61007.819"	"3d5.(2G2).4s"	"c 3G"	"5"	"3d5.(2G1).4p"	"s 3H*"	"5"		""	"L808"	
"420.622"	"420.6257"	"2w"	""		"36558.446"	"60325.859"	"3d5.(2F2).4s"	"d 3F"	"2"	""	"q 3F*"	"3"		""	"L808"	
"420.68952"	"420.68946"	"20"	""		"37244.011"	"61007.819"	"3d5.(2G2).4s"	"c 3G"	"4"	"3d5.(2G1).4p"	"s 3H*"	"5"		""	"L14866"	
"420.7503"	"420.75033"	"5"	""		"24282.3486"	"48042.7187"	"3d5.(4D).4s"	"b 5D"	"4"	""	"*"	"4"		""	"L808"	
"420.810"	"420.8129"	"4"	""		"29420.8645"	"53177.70"	"3d4.(5D).4s.4p.(3P*)"	"y 5P*"	"1"	"3d4.4s.4d"	"e 7G"	"2"		""	"L808"	
"420.83535"	"420.83528"	"10"	""		"31055.2777"	"54810.852"	"3d5.(2I).4s"	"a 3I"	"5"	"3d5.(4G).5p"	"v 3H*"	"4"		""	"L14866"	
"420.850"	"420.85431"	"2"	""		"37205.851"	"60960.351"	"3d5.(2G2).4s"	"c 3G"	"3"	"3d5.(2F2).4p"	"p 3F*"	"4"		""	"L808"	
"420.91734"	"420.91727"	"5"	""		"31049.2155"	"54800.1623"	"3d5.(2I).4s"	"a 3I"	"6"	"3d4.(1I).4s.4p.(3P*)"	"3K*"	"6"		""	"L14866"	
"420.93643"	"420.93626"	"5"	""		"31049.2155"	"54799.091"	"3d5.(2I).4s"	"a 3I"	"6"	"3d4.(3H).4s.4p.(1P*)"	"w 3H*"	"5"		""	"L14866"	
"420.97548"	"420.97548"	"84"	""		"25038.4981"	"48786.161"	"3d5.(4G).4s"	"a 3G"	"5"	""	"x 3G*"	"5"		""	"L14866"	
"421.042"	"421.04373"	"3ws"	""		"31055.2777"	"54799.091"	"3d5.(2I).4s"	"a 3I"	"5"	"3d4.(3H).4s.4p.(1P*)"	"w 3H*"	"5"		""	"L808"	
"421.07591"	"421.07587"	"7"	""		"24200.1980"	"47942.1990"	"3d4.4s2"	"a 3H"	"6"	"3d4.(3G).4s.4p.(3P*)"	"x 5H*"	"6"		""	"L14866"	
"421.13237"	"421.13237"	"12"	""		"24303.9025"	"48042.7187"	"3d5.(4D).4s"	"b 5D"	"3"	""	"*"	"4"		""	"L14866"	
"421.13663"	"421.13661"	"36"	""		"24897.4635"	"48636.0405"	"3d5.(4G).4s"	"a 3G"	"4"	"3d4.(3F1).4s.4p.(3P*)"	"3F*"	"3"		""	"L14866"	
"421.15272"	"421.15262"	"4"	"7.1e+05"	D	"24056.0404"	"47793.715"	"3d4.4s2"	"a 3H"	"5"	"3d4.(3G).4s.4p.(3P*)"	"x 5H*"	"5"		"T4288"	"L14866"	
"421.31754"	"421.31753"	"27"	"7.9e+06"	D	"24833.7957"	"48562.1792"	"3d5.(4G).4s"	"a 3G"	"3"	""	"x 3G*"	"4"		"T1621n"	"L14866"	
"421.41446"	"421.41442"	"15"	""		"20523.6290"	"44246.557"	"3d5.(4G).4s"	"a 5G"	"4"	"3d4.(3H).4s.4p.(3P*)"	"z 5I*"	"4"		""	"L14866"	
"421.41915"	"421.41923"	"6"	""		"20523.8999"	"44246.557"	"3d5.(4G).4s"	"a 5G"	"5"	"3d4.(3H).4s.4p.(3P*)"	"z 5I*"	"4"		""	"L14866"	
"421.500"	"421.49899"	"2wh"	""		"21847.8349"	"45566.0035"	"3d5.(4P).4s"	"a 5P"	"2"	"3d5.(4G).4p"	"y 5H*"	"3"		""	"L808"	
"421.531"	"421.53148"	"1w"	""		"37244.011"	"60960.351"	"3d5.(2G2).4s"	"c 3G"	"4"	"3d5.(2F2).4p"	"p 3F*"	"4"		""	"L808"	
"421.620"	"421.624877"	"2h"	""		"23933.8561"	"47644.9429"	"3d4.4s2"	"a 3H"	"4"	"3d4.(5D).4s.5p.(3P*)"	"v 5F*"	"5"		""	"L808"	
"421.63583"	"421.635834"	"19"	""		"24303.9025"	"48014.3731"	"3d5.(4D).4s"	"b 5D"	"3"	"3d5.(4G).4p"	"u 5F*"	"4"		""	"L14866"	
"421.76083"	"421.76093"	"33"	""		"24282.3486"	"47985.787"	"3d5.(4D).4s"	"b 5D"	"4"	"3d5.(4G).4p"	"u 5F*"	"5"		""	"L14866"	
"421.903"	"421.90318"	"1"	""		"24940.594"	"48636.0405"	"3d4.4s2"	"a 3F"	"2"	"3d4.(3F1).4s.4p.(3P*)"	"3F*"	"3"		""	"L808"	
"421.961"	"421.960945"	"3"	""		"24282.3486"	"47974.5512"	"3d5.(4D).4s"	"b 5D"	"4"	"3d5.(4G).4p"	"u 5F*"	"3"		""	"L808"	
"422.04466"	"422.04459"	"3"	""		"23933.8561"	"47621.363"	"3d4.4s2"	"a 3H"	"4"	"3d4.(3G).4s.4p.(3P*)"	"x 5H*"	"3"		""	"L14866"	
"422.15707"	"422.1571"	"5*"	""		"31055.2777"	"54736.474"	"3d5.(2I).4s"	"a 3I"	"5"	"3d4.(3H).4s.4p.(1P*)"	"w 3H*"	"4"		""	"L14866"	
"422.15707"	"422.1571"	"5*"	""		"24833.7957"	"48514.992"	"3d5.(4G).4s"	"a 3G"	"3"	""	"x 3G*"	"3"		""	"L14866"	
"422.27280"	"422.272739"	"17"	"5.6e+06"	D	"24299.8419"	"47974.5512"	"3d5.(4D).4s"	"b 5D"	"2"	"3d5.(4G).4p"	"u 5F*"	"3"		"T4288"	"L14866"	
"422.3468"	"422.345180"	"10"	""		"24303.9025"	"47974.5512"	"3d5.(4D).4s"	"b 5D"	"3"	"3d5.(4G).4p"	"u 5F*"	"3"		""	"L808"	
"422.45104"	"422.45107"	"17*"	""		"24897.4635"	"48562.1792"	"3d5.(4G).4s"	"a 3G"	"4"	""	"x 3G*"	"4"		""	"L14866"	
"422.45104"	"422.45117"	"17*"	""		"37205.851"	"60870.561"	"3d5.(2G2).4s"	"c 3G"	"3"	"3d5.(2G1).4p"	"s 3H*"	"4"		""	"L14866"	
"422.67503"	"422.67505"	"120"	""		"23933.8561"	"47586.0318"	"3d4.4s2"	"a 3H"	"4"	"3d4.(3H).4s.4p.(3P*)"	"z 3I*"	"5"		""	"L14866"	
"423.02796"	"423.02788"	"3"	""		"24056.0404"	"47688.489"	"3d4.4s2"	"a 3H"	"5"	"3d4.(3G).4s.4p.(3P*)"	"x 5H*"	"4"		""	"L14866"	
"423.04708"	"423.04705"	"10"	"5.1e+06"	D	"24286.5418"	"47917.9197"	"3d5.(4D).4s"	"b 5D"	"1"	"3d5.(4G).4p"	"u 5F*"	"2"		"T3963"	"L14866"	
"423.103"	"423.0976"	"5"	""		"31364.2327"	"54992.79"	"3d5.(4F).4s"	"a 5F"	"3"	"3d5.(2D1).4p"	"v 3F*"	"2"		""	"L808"	
"423.1335"	"423.13350"	"18"	""		"37244.011"	"60870.561"	"3d5.(2G2).4s"	"c 3G"	"4"	"3d5.(2G1).4p"	"s 3H*"	"4"		""	"L808"	
"423.1515"	"423.1485"	"1"	""		"41086.218"	"64711.93"	"3d4.(5D).4s.4p.(1P*)"	"y 5F*"	"3"	"3d4.4s.5s"	"e 5H"	"3"		""	"L808"	
"423.165"	"423.16534"	"3"	""		"35862.764"	"59487.536"	"3d5.(4F).4s"	"c 3F"	"4"	"3d4.(3F1).4s.4p.(1P*)"	"r 3F*"	"4"		""	"L808"	
"423.2233"	"423.2263"	"15"	"1.7e+07"	D	"33935.613"	"57556.98"	"3d4.4s2"	"c 3D"	"2"	"3d5.(2F1).4p"	"t 3G*"	"3"		"T3963"	"L808"	
"423.28503"	"423.285285"	"4"	""		"24299.8419"	"47917.9197"	"3d5.(4D).4s"	"b 5D"	"2"	"3d5.(4G).4p"	"u 5F*"	"2"		""	"L14866"	
"423.45156"	"423.45150"	"18"	"2.2e+06"	D	"25177.3539"	"48786.161"	"3d4.4s2"	"a 3F"	"4"	""	"x 3G*"	"5"		"T3963"	"L14866"	
"423.478"	"423.4762"	"2w"	""		"30965.3799"	"54572.81"	"3d4.(5D).4s.4p.(3P*)"	"z 5F*"	"3"	""	"e 5F"	"4"		""	"L808"	
"423.550"	"423.55065"	"1*"	""		"35884.255"	"59487.536"	"3d5.(2H).4s"	"b 3H"	"5"	"3d4.(3F1).4s.4p.(1P*)"	"r 3F*"	"4"		""	"L808"	
"423.550"	"423.55145"	"1*"	""		"35813.685"	"59416.921"	"3d5.(4F).4s"	"c 3F"	"3"	"3d4.(3F1).4s.4p.(1P*)"	"r 3F*"	"3"		""	"L808"	
"423.59978"	"423.59981"	"5"	"6.6e+06"	D	"24277.0546"	"47877.596"	"3d5.(4D).4s"	"b 5D"	"0"	"3d5.(4G).4p"	"u 5F*"	"1"		"T3963"	"L14866"	
"423.679"	"423.68110"	"2w"	""		"30787.2817"	"54383.295"	"3d4.(5D).4s.4p.(3P*)"	"z 5F*"	"1"	""	"e 5F"	"2"		""	"L808"	
"423.725"	"423.72593"	"2"	""		"24200.1980"	"47793.715"	"3d4.4s2"	"a 3H"	"6"	"3d4.(3G).4s.4p.(3P*)"	"x 5H*"	"5"		""	"L808"	
"423.77019"	"423.77017"	"3"	"4.0e+06"	D	"24286.5418"	"47877.596"	"3d5.(4D).4s"	"b 5D"	"1"	"3d5.(4G).4p"	"u 5F*"	"1"		"T3963"	"L14866"	
"423.89491"	"423.894915"	"20"	"7.4e+06"	D	"24282.3486"	"47866.4604"	"3d5.(4D).4s"	"b 5D"	"4"	"3d5.(4P).4p"	"v 5D*"	"4"		"T1621n"	"L14866"	
"424.033"	"424.03330"	"2"	""		"23511.9739"	"47088.389"	"3d4.4s2"	"a 3P"	"1"	"3d4.(3P1).4s.4p.(3P*)"	"z 3S*"	"1"		""	"L808"	
"424.07072"	"424.07072"	"130"	""		"24056.0404"	"47630.3750"	"3d4.4s2"	"a 3H"	"5"	"3d4.(3H).4s.4p.(3P*)"	"z 3I*"	"6"		""	"L14866"	
"424.241"	"424.241"	"9:"	""		"33762.6622"	"57327.51"	"3d5.(2I).4s"	"b 1I"	"6"	""	"p 5F*"	"5"		""	"L9365"	
"424.28306"	"424.282681"	"3"	"1.8e+06"	D	"24303.9025"	"47866.4604"	"3d5.(4D).4s"	"b 5D"	"3"	"3d5.(4P).4p"	"v 5D*"	"4"		"T3963"	"L14866"	
"424.434"	"424.43401"	"3w*"	""		"35862.764"	"59416.921"	"3d5.(4F).4s"	"c 3F"	"4"	"3d4.(3F1).4s.4p.(1P*)"	"r 3F*"	"3"		""	"L808"	
"424.434"	"424.43821"	"3w*"	""		"31106.3170"	"54660.241"	"3d4.(5D).4s.4p.(3P*)"	"z 5F*"	"4"	""	"e 5F"	"5"		""	"L808"	
"424.478"	"424.4759"	"2w*"	""		"33039.969"	"56591.80"	"3d5.(2F1).4s"	"b 3F"	"2"	"3d4.(3D).4s.4p.(3P*)"	"v 3P*"	"2"		""	"L808"	
"424.478"	"424.4765"	"2w*"	""		"31377.8624"	"54929.66"	"3d5.(4F).4s"	"a 5F"	"4"	"3d5.(4G).5p"	"v 3H*"	"5"		""	"L808"	
"424.566"	"424.57270"	"2w"	""		"35870.458"	"59416.921"	"3d5.(2H).4s"	"b 3H"	"4"	"3d4.(3F1).4s.4p.(1P*)"	"r 3F*"	"3"		""	"L808"	
"424.83302"	"424.833043"	"6"	"2.8e+06"	D	"24282.3486"	"47814.3823"	"3d5.(4D).4s"	"b 5D"	"4"	"3d5.(4P).4p"	"v 5D*"	"3"		"T3963"	"L14866"	
"424.849"	"424.8492"	"68:"	""		"33060.661"	"56591.80"	"3d5.(2F1).4s"	"b 3F"	"3"	"3d4.(3D).4s.4p.(3P*)"	"v 3P*"	"2"		""	"L9365"	
"424.86998"	"424.86992"	"12"	""		"24056.0404"	"47586.0318"	"3d4.4s2"	"a 3H"	"5"	"3d4.(3H).4s.4p.(3P*)"	"z 3I*"	"5"		""	"L14866"	
"424.87437"	"424.87436"	"9"	""		"25106.2953"	"48636.0405"	"3d4.4s2"	"a 3F"	"3"	"3d4.(3F1).4s.4p.(3P*)"	"3F*"	"3"		""	"L14866"	
"424.968"	"424.96831"	"4w"	""		"30858.7516"	"54383.295"	"3d4.(5D).4s.4p.(3P*)"	"z 5F*"	"2"	""	"e 5F"	"2"		""	"L808"	
"425.13782"	"425.13799"	"3"	""		"23163.2205"	"46678.375"	"3d4.4s2"	"a 3P"	"0"	"3d4.(3G).4s.4p.(3P*)"	"w 5F*"	"1"		""	"L14866"	
"425.150"	"425.149097"	"1"	""		"24299.8419"	"47814.3823"	"3d5.(4D).4s"	"b 5D"	"2"	"3d5.(4P).4p"	"v 5D*"	"3"		""	"L808"	
"425.22249"	"425.222528"	"9"	"5.1e+06"	D	"24303.9025"	"47814.3823"	"3d5.(4D).4s"	"b 5D"	"3"	"3d5.(4P).4p"	"v 5D*"	"3"		"T3963"	"L14866"	
"425.43517"	"425.433602"	"2480q"	"3.15e+07"	B	"0.0000"	"23498.8156"	"3d5.(6S).4s"	"a 7S"	"3"	"3d5.(6S).4p"	"z 7P*"	"4"		"T2887,T3125,T2360,T2778"	"L14866"	
"425.498"	"425.49879"	"25:"	""		"24277.0546"	"47772.2702"	"3d5.(4D).4s"	"b 5D"	"0"	"3d5.(4P).4p"	"v 5D*"	"1"		""	"L9365"	
"425.54995"	"425.54994"	"170"	"6.1e+06"	D	"24200.1980"	"47692.5894"	"3d4.4s2"	"a 3H"	"6"	"3d4.(3H).4s.4p.(3P*)"	"z 3I*"	"7"		"T3963"	"L14866"	
"425.66124"	"425.661149"	"4"	""		"24299.8419"	"47786.0959"	"3d5.(4D).4s"	"b 5D"	"2"	"3d5.(4P).4p"	"v 5D*"	"2"		""	"L14866"	
"425.73476"	"425.734756"	"6"	"2.9e+06"	D	"24303.9025"	"47786.0959"	"3d5.(4D).4s"	"b 5D"	"3"	"3d5.(4P).4p"	"v 5D*"	"2"		"T4288"	"L14866"	
"425.91186"	"425.91188"	"4"	""		"24299.8419"	"47772.2702"	"3d5.(4D).4s"	"b 5D"	"2"	"3d5.(4P).4p"	"v 5D*"	"1"		""	"L14866"	
"426.018"	"426.0196"	"5h"	""		"31106.3170"	"54572.81"	"3d4.(5D).4s.4p.(3P*)"	"z 5F*"	"4"	""	"e 5F"	"4"		""	"L808"	
"426.13370"	"426.13370"	"32"	"6.6e+06"	D	"23498.8156"	"46959.0255"	"3d5.(6S).4p"	"z 7P*"	"4"	"3d4.4s.5s"	"f 7D"	"5"		"T3963"	"L14866"	
"426.16138"	"426.16137"	"43"	"6.4e+06"	D	"25177.3539"	"48636.0405"	"3d4.4s2"	"a 3F"	"4"	"3d4.(3F1).4s.4p.(3P*)"	"3F*"	"3"		"T3963"	"L14866"	
"426.21229"	"426.21229"	"35"	""		"25106.2953"	"48562.1792"	"3d4.4s2"	"a 3F"	"3"	""	"x 3G*"	"4"		""	"L14866"	
"426.23637"	"426.23635"	"25"	"2.4e+06"	D	"24833.7957"	"48288.3556"	"3d5.(4G).4s"	"a 3G"	"3"	"3d4.(3H).4s.4p.(3P*)"	"y 3H*"	"4"		"T3963"	"L14866"	
"426.31382"	"426.31382"	"200"	"6.4e+07"	D	"31047.9572"	"54498.255"	"3d5.(2I).4s"	"a 3I"	"7"	"3d5.(2I).4p"	"z 3K*"	"8"		"T3963"	"L14866"	
"426.411"	"426.407335"	"1w*"	""		"21840.8096"	"45285.9649"	"3d5.(4P).4s"	"a 5P"	"3"	"3d4.(3F1).4s.4p.(3P*)"	"x 5F*"	"4"		""	"L808"	
"426.411"	"426.414799"	"1w*"	""		"24200.1980"	"47644.9429"	"3d4.4s2"	"a 3H"	"6"	"3d4.(5D).4s.5p.(3P*)"	"v 5F*"	"5"		""	"L808"	
"426.67999"	"426.67993"	"13"	""		"24200.1980"	"47630.3750"	"3d4.4s2"	"a 3H"	"6"	"3d4.(3H).4s.4p.(3P*)"	"z 3I*"	"6"		""	"L14866"	
"426.87874"	"426.87876"	"16"	"1.7e+07"	D	"32097.2978"	"55516.562"	"3d4.4s2"	"a 1I"	"6"	"3d5.(2I).4p"	"y 1I*"	"6"		"T3963"	"L14866"	
"426.902"	"426.89930"	"5h*"	""		"24833.7957"	"48251.933"	"3d5.(4G).4s"	"a 3G"	"3"	"3d4.(3F1).4s.4p.(3P*)"	"3D*"	"3"		""	"L808"	
"426.902"	"426.90335"	"5h*"	""		"30965.3799"	"54383.295"	"3d4.(5D).4s.4p.(3P*)"	"z 5F*"	"3"	""	"e 5F"	"2"		""	"L808"	
"426.954"	"426.951"	"1w"	""		"24303.9025"	"47719.18"	"3d5.(4D).4s"	"b 5D"	"3"	"3d5.(6S).6p"	"w 7P*"	"4"		""	"L808"	
"426.99505"	"426.99504"	"40"	"3.2e+06"	D	"24897.4635"	"48310.3500"	"3d5.(4G).4s"	"a 3G"	"4"	"3d4.(3H).4s.4p.(3P*)"	"y 3H*"	"5"		"T3963"	"L14866"	
"427.10617"	"427.10614"	"77"	"5.3e+06"	D	"25038.4981"	"48445.2943"	"3d5.(4G).4s"	"a 3G"	"5"	"3d4.(3H).4s.4p.(3P*)"	"y 3H*"	"6"		"T1621n"	"L14866"	
"427.120"	"427.12443"	"1w"	""		"31393.2968"	"54799.091"	"3d5.(4F).4s"	"a 5F"	"5"	"3d4.(3H).4s.4p.(1P*)"	"w 3H*"	"5"		""	"L808"	
"427.29031"	"427.29025"	"21"	"4.7e+06"	D	"23386.3419"	"46783.0528"	"3d5.(6S).4p"	"z 7P*"	"3"	"3d4.4s.5s"	"f 7D"	"4"		"T3963"	"L14866"	
"427.401"	"427.39655"	"2w"	""		"24897.4635"	"48288.3556"	"3d5.(4G).4s"	"a 3G"	"4"	"3d4.(3H).4s.4p.(3P*)"	"y 3H*"	"4"		""	"L808"	
"427.48117"	"427.479710"	"2500q"	"3.07e+07"	B	"0.0000"	"23386.3419"	"3d5.(6S).4s"	"a 7S"	"3"	"3d5.(6S).4p"	"z 7P*"	"3"		"T2887,T3125,T2360,T3239"	"L14866"	
"427.598"	"427.59701"	"7w"	"2.2e+07"	D	"31280.3147"	"54660.241"	"3d4.(5D).4s.4p.(3P*)"	"z 5F*"	"5"	""	"e 5F"	"5"		"T3963"	"L808"	
"427.780"	"427.7782"	"2h*"	""		"31055.2777"	"54425.30"	"3d5.(2I).4s"	"a 3I"	"5"	"3d4.4s.5p"	"q 5F*"	"4"		""	"L808"	
"427.780"	"427.77897"	"2h*"	""		"31106.3170"	"54476.299"	"3d4.(5D).4s.4p.(3P*)"	"z 5F*"	"4"	""	"e 5F"	"3"		""	"L808"	
"427.917"	"427.914242"	"1h"	""		"24282.3486"	"47644.9429"	"3d5.(4D).4s"	"b 5D"	"4"	"3d4.(5D).4s.5p.(3P*)"	"v 5F*"	"5"		""	"L808"	
"428.01727"	"428.01727"	"10"	""		"31047.9572"	"54404.928"	"3d5.(2I).4s"	"a 3I"	"7"	"3d5.(2I).4p"	"z 3K*"	"7"		""	"L14866"	
"428.04034"	"428.04033"	"180"	"4.7e+07"	D	"31049.2155"	"54404.928"	"3d5.(2I).4s"	"a 3I"	"6"	"3d5.(2I).4p"	"z 3K*"	"7"		"T1621n"	"L14866"	
"428.065"	"428.06311"	"3w*"	""		"24897.4635"	"48251.933"	"3d5.(4G).4s"	"a 3G"	"4"	"3d4.(3F1).4s.4p.(3P*)"	"3D*"	"3"		""	"L808"	
"428.065"	"428.069242"	"3w*"	""		"24282.3486"	"47636.4837"	"3d5.(4D).4s"	"b 5D"	"4"	"3d4.(5D).4s.5p.(3P*)"	"v 5F*"	"3"		""	"L808"	
"428.089"	"428.08837"	"4w"	"1.9e+06"	D	"27597.2409"	"50950.3326"	"3d4.4s2"	"b 3G"	"3"	"3d4.(3G).4s.4p.(3P*)"	"w 3F*"	"3"		"T3963"	"L808"	
"428.104"	"428.10320"	"3"	""		"25106.2953"	"48458.5780"	"3d4.4s2"	"a 3F"	"3"	"3d4.(3P1).4s.4p.(3P*)"	"x 3P*"	"2"		""	"L808"	
"428.275"	"428.2702"	"1*"	""		"31393.2968"	"54736.474"	"3d5.(4F).4s"	"a 5F"	"5"	"3d4.(3H).4s.4p.(1P*)"	"w 3H*"	"4"		""	"L808"	
"428.275"	"428.27105"	"1*"	""		"24286.5418"	"47629.672"	"3d5.(4D).4s"	"b 5D"	"1"	"3d4.(5D).4s.5p.(3P*)"	"v 5F*"	"1"		""	"L808"	
"428.3004"	"428.29902"	"4"	"8.8e+06"	D	"33934.757"	"57276.363"	"3d4.4s2"	"c 3D"	"3"	"3d4.(3D).4s.4p.(3P*)"	"t 3F*"	"3"		"T3963"	"L808"	
"428.317"	"428.31473"	"1"	""		"33935.613"	"57276.363"	"3d4.4s2"	"c 3D"	"2"	"3d4.(3D).4s.4p.(3P*)"	"t 3F*"	"3"		""	"L808"	
"428.400"	"428.398972"	"3w"	""		"24303.9025"	"47640.0627"	"3d5.(4D).4s"	"b 5D"	"3"	"3d4.(5D).4s.5p.(3P*)"	"v 5F*"	"4"		""	"L808"	
"428.47110"	"428.471170"	"10"	""		"23305.0026"	"46637.2307"	"3d5.(6S).4p"	"z 7P*"	"2"	"3d4.4s.5s"	"f 7D"	"3"		""	"L14866"	
"428.482"	"428.47839"	"13:"	""		"24299.8419"	"47631.6771"	"3d5.(4D).4s"	"b 5D"	"2"	"3d4.(5D).4s.5p.(3P*)"	"v 5F*"	"2"		""	"L9365"	
"428.8404"	"428.8389"	"6"	""		"37205.851"	"60518.074"	"3d5.(2G2).4s"	"c 3G"	"3"	"3d5.(2G1).4p"	"s 3G*"	"3"		""	"L808"	
"428.856"	"428.85513"	"3:"	"2.8e+06"	D	"24940.594"	"48251.933"	"3d4.4s2"	"a 3F"	"2"	"3d4.(3F1).4s.4p.(3P*)"	"3D*"	"3"		"T3963"	"L9365"	
"428.97307"	"428.97173"	"2380q"	"3.16e+07"	B	"0.0000"	"23305.0026"	"3d5.(6S).4s"	"a 7S"	"3"	"3d5.(6S).4p"	"z 7P*"	"2"		"T2887,T3125,T2360,T3239"	"L14866"	
"429.19582"	"429.19580"	"50"	"2.4e+07"	D	"27597.2409"	"50890.077"	"3d4.4s2"	"b 3G"	"3"	"3d4.(3G).4s.4p.(3P*)"	"w 3F*"	"2"		"T3963"	"L14866"	
"429.342"	"429.34103"	"2"	""		"33935.613"	"57220.570"	"3d4.4s2"	"c 3D"	"2"	"3d4.(3D).4s.4p.(3P*)"	"t 3F*"	"2"		""	"L808"	
"429.35427"	"429.354304"	"12"	"2.5e+06"	D	"23498.8156"	"46783.0528"	"3d5.(6S).4p"	"z 7P*"	"4"	"3d4.4s.5s"	"f 7D"	"4"		"T4288"	"L14866"	
"429.484"	"429.48322"	"2"	""		"24940.594"	"48217.842"	"3d4.4s2"	"a 3F"	"2"	"3d4.(3F1).4s.4p.(3P*)"	"3D*"	"2"		""	"L808"	
"429.543"	"429.54200"	"2"	""		"37244.011"	"60518.074"	"3d5.(2G2).4s"	"c 3G"	"4"	"3d5.(2G1).4p"	"s 3G*"	"3"		""	"L808"	
"429.57493"	"429.574949"	"110"	""		"21840.8096"	"45113.0874"	"3d5.(4P).4s"	"a 5P"	"3"	"3d4.(3P1).4s.4p.(3P*)"	"v 5P*"	"3"		""	"L14866"	
"429.58296"	"429.58281"	"3"	""		"25038.4981"	"48310.3500"	"3d5.(4G).4s"	"a 3G"	"5"	"3d4.(3H).4s.4p.(3P*)"	"y 3H*"	"5"		""	"L14866"	
"429.611"	"429.60799"	"2"	"8.9e+06"	D	"37233.423"	"60503.911"	"3d5.(2G2).4s"	"c 3G"	"5"	"3d5.(2G1).4p"	"s 3G*"	"4"		"T3963"	"L808"	
"429.62760"	"429.62763"	"4"	"3.2e+06"	D	"24940.594"	"48210.018"	"3d4.4s2"	"a 3F"	"2"	"3d4.(3F1).4s.4p.(3P*)"	"3D*"	"1"		"T3963"	"L14866"	
"429.638"	"429.63803"	"3:"	""		"31047.9572"	"54316.818"	"3d5.(2I).4s"	"a 3I"	"7"	"3d5.(2I).4p"	"z 3K*"	"6"		""	"L9365"	
"429.66130"	"429.66127"	"9"	"2.8e+06"	D	"31049.2155"	"54316.818"	"3d5.(2I).4s"	"a 3I"	"6"	"3d5.(2I).4p"	"z 3K*"	"6"		"T3963"	"L14866"	
"429.70466"	"429.704668"	"37"	"4.8e+06"	D	"21847.8349"	"45113.0874"	"3d5.(4P).4s"	"a 5P"	"2"	"3d4.(3P1).4s.4p.(3P*)"	"v 5P*"	"3"		"T3963"	"L14866"	
"429.77325"	"429.77324"	"150"	"4.9e+07"	D	"31055.2777"	"54316.818"	"3d5.(2I).4s"	"a 3I"	"5"	"3d5.(2I).4p"	"z 3K*"	"6"		"T1621n"	"L14866"	
"429.8048"	"429.80355"	"10"	"2.6e+07"	D	"37244.011"	"60503.911"	"3d5.(2G2).4s"	"c 3G"	"4"	"3d5.(2G1).4p"	"s 3G*"	"4"		"T3963"	"L808"	
"429.97015"	"429.970132"	"17"	"6.1e+06"	D	"23386.3419"	"46637.2307"	"3d5.(6S).4p"	"z 7P*"	"3"	"3d4.4s.5s"	"f 7D"	"3"		"T3963"	"L14866"	
"429.98912"	"429.98920"	"10"	""		"25038.4981"	"48288.3556"	"3d5.(4G).4s"	"a 3G"	"5"	"3d4.(3H).4s.4p.(3P*)"	"y 3H*"	"4"		""	"L14866"	
"430.028"	"430.0239"	"1w"	""		"33906.539"	"57154.52"	"3d4.4s2"	"c 3D"	"1"	"3d4.(1S1).4s.4p.(3P*)"	"u 3P*"	"0"		""	"L808"	
"430.05025"	"430.05023"	"62"	"1.9e+07"	D	"27703.7743"	"50950.3326"	"3d4.4s2"	"b 3G"	"4"	"3d4.(3G).4s.4p.(3P*)"	"w 3F*"	"3"		"T3963"	"L14866"	
"430.11744"	"430.11743"	"80"	"2.6e+07"	D	"27816.7783"	"51059.7045"	"3d4.4s2"	"b 3G"	"5"	"3d4.(3G).4s.4p.(3P*)"	"w 3F*"	"4"		"T3963"	"L14866"	
"430.2784"	"430.27352"	"15"	"2.5e+07"	D	"37233.423"	"60467.918"	"3d5.(2G2).4s"	"c 3G"	"5"	"3d5.(2G1).4p"	"s 3G*"	"5"		"T3963"	"L808"	
"430.4331"	"430.4322"	"5"	""		"33906.539"	"57132.47"	"3d4.4s2"	"c 3D"	"1"	"3d4.(1S1).4s.4p.(3P*)"	"u 3P*"	"1"		""	"L808"	
"430.4737"	"430.46968"	"3*"	""		"37244.011"	"60467.918"	"3d5.(2G2).4s"	"c 3G"	"4"	"3d5.(2G1).4p"	"s 3G*"	"5"		""	"L808"	
"430.4737"	"430.4711"	"3*"	""		"31028.2590"	"54252.09"	"3d5.(2D3).4s"	"b 3D"	"2"	"3d4.4s.5p"	"q 5F*"	"2"		""	"L808"	
"430.54379"	"430.543673"	"17"	"7.6e+06"	D	"23305.0026"	"46524.9187"	"3d5.(6S).4p"	"z 7P*"	"2"	"3d4.4s.5s"	"f 7D"	"2"		"T1621n"	"L14866"	
"430.74761"	"430.74761"	"4"	""		"24833.7957"	"48042.7187"	"3d5.(4G).4s"	"a 3G"	"3"	""	"*"	"4"		""	"L14866"	
"430.76663"	"430.76684"	"5"	"8.2e+06"	D	"37233.423"	"60441.310"	"3d5.(2G2).4s"	"c 3G"	"5"	"3d5.(2H).4p"	"x 1I*"	"6"		"T3963"	"L14866"	
"430.973"	"430.9717"	"8"	"1.7e+07"	D	"33935.613"	"57132.47"	"3d4.4s2"	"c 3D"	"2"	"3d4.(1S1).4s.4p.(3P*)"	"u 3P*"	"1"		"T3963"	"L808"	
"431.24674"	"431.24675"	"20"	"1.7e+06"	D	"25106.2953"	"48288.3556"	"3d4.4s2"	"a 3F"	"3"	"3d4.(3H).4s.4p.(3P*)"	"y 3H*"	"4"		"T3963"	"L14866"	
"431.2772"	"431.27434"	"8"	""		"24833.7957"	"48014.3731"	"3d5.(4G).4s"	"a 3G"	"3"	"3d5.(4G).4p"	"u 5F*"	"4"		""	"L808"	
"431.53824"	"431.53826"	"2"	""		"23511.9739"	"46678.375"	"3d4.4s2"	"a 3P"	"1"	"3d4.(3G).4s.4p.(3P*)"	"w 5F*"	"1"		""	"L14866"	
"431.56065"	"431.56083"	"3"	""		"23511.9739"	"46677.1634"	"3d4.4s2"	"a 3P"	"1"	"3d4.(3G).4s.4p.(3P*)"	"w 5F*"	"2"		""	"L14866"	
"431.688"	"431.684"	"1wh"	""		"31377.8624"	"54536.45"	"3d5.(4F).4s"	"a 5F"	"4"	"3d4.4s.5p"	"q 5F*"	"5"		""	"L808"	
"431.7901"	"431.7901"	"15"	"1.1e+07"	D	"33934.757"	"57087.645"	"3d4.4s2"	"c 3D"	"3"	"3d4.(1S1).4s.4p.(3P*)"	"u 3P*"	"2"		"T3963"	"L9190"	
"431.805"	"431.8061"	"3"	""		"33935.613"	"57087.645"	"3d4.4s2"	"c 3D"	"2"	"3d4.(1S1).4s.4p.(3P*)"	"u 3P*"	"2"		""	"L808"	
"431.8615"	"431.86112"	"4"	""		"33060.661"	"56209.743"	"3d5.(2F1).4s"	"b 3F"	"3"	"3d5.(4F).4p"	"v 5G*"	"3"		""	"L808"	
"431.9308"	"431.93253"	"7"	""		"24897.4635"	"48042.7187"	"3d5.(4G).4s"	"a 3G"	"4"	""	"*"	"4"		""	"L808"	
"431.96295"	"431.96293"	"15"	"1.8e+07"	D	"23305.0026"	"46448.6289"	"3d5.(6S).4p"	"z 7P*"	"2"	"3d4.4s.5s"	"f 7D"	"1"		"T1621n"	"L14866"	
"432.05725"	"432.05720"	"8"	""		"23386.3419"	"46524.9187"	"3d5.(6S).4p"	"z 7P*"	"3"	"3d4.4s.5s"	"f 7D"	"2"		""	"L14866"	
"432.12362"	"432.12355"	"16"	"3.4e+06"	D	"23163.2205"	"46298.2442"	"3d4.4s2"	"a 3P"	"0"	"3d4.(3F1).4s.4p.(3P*)"	"w 5D*"	"1"		"T3963"	"L14866"	
"432.16145"	"432.16143"	"34"	"1.7e+06"	D	"25177.3539"	"48310.3500"	"3d4.4s2"	"a 3F"	"4"	"3d4.(3H).4s.4p.(3P*)"	"y 3H*"	"5"		"T3963"	"L14866"	
"432.3847"	"432.384700"	"3"	""		"23933.8561"	"47054.9072"	"3d4.4s2"	"a 3H"	"4"	"3d5.(4G).4p"	"y 3G*"	"4"		""	"L808"	
"432.46208"	"432.46216"	"2"	""		"24897.4635"	"48014.3731"	"3d5.(4G).4s"	"a 3G"	"4"	"3d5.(4G).4p"	"u 5F*"	"4"		""	"L14866"	
"432.50613"	"432.506125"	"100"	"1.4e+07"	D	"23933.8561"	"47048.4161"	"3d4.4s2"	"a 3H"	"4"	"3d5.(4G).4p"	"y 3G*"	"3"		"T3963"	"L14866"	
"432.56262"	"432.56252"	"5"	"2.8e+06"	D	"25106.2953"	"48217.842"	"3d4.4s2"	"a 3F"	"3"	"3d4.(3F1).4s.4p.(3P*)"	"3D*"	"2"		"T3963"	"L14866"	
"432.8007"	"432.8019"	"5"	""		"33934.757"	"57033.52"	"3d4.4s2"	"c 3D"	"3"	"3d4.(3F1).4s.4p.(1P*)"	"u 3G*"	"4"		""	"L808"	
"432.886"	"432.88286"	"1"	""		"33060.661"	"56155.105"	"3d5.(2F1).4s"	"b 3F"	"3"	"3d5.(4F).4p"	"v 5G*"	"2"		""	"L808"	
"433.076"	"433.07639"	"3"	"1.4e+06"	D	"24833.7957"	"47917.9197"	"3d5.(4G).4s"	"a 3G"	"3"	"3d5.(4G).4p"	"u 5F*"	"2"		"T3963"	"L808"	
"433.213"	"433.20844"	"2"	""		"24897.4635"	"47974.5512"	"3d5.(4G).4s"	"a 3G"	"4"	"3d5.(4G).4p"	"u 5F*"	"3"		""	"L808"	
"433.224"	"433.22897"	"2"	""		"26787.4640"	"49863.458"	"3d5.(6S).4p"	"z 5P*"	"3"	""	"e 3F"	"4"		""	"L808"	
"433.25557"	"433.25553"	"7"	"2.1e+06"	D	"25177.3539"	"48251.933"	"3d4.4s2"	"a 3F"	"4"	"3d4.(3F1).4s.4p.(3P*)"	"3D*"	"3"		"T3963"	"L14866"	
"433.515"	"433.5094"	"1w"	""		"31364.2327"	"54425.30"	"3d5.(4F).4s"	"a 5F"	"3"	"3d4.4s.5p"	"q 5F*"	"4"		""	"L808"	
"433.578"	"433.57700"	"1"	""		"27597.2409"	"50654.7121"	"3d4.4s2"	"b 3G"	"3"	"3d5.(4D).4p"	"u 5D*"	"2"		""	"L808"	
"433.655"	"433.65128"	"1"	""		"35870.458"	"58923.980"	"3d5.(2H).4s"	"b 3H"	"4"	"3d5.(4P).5p"	"t 3D*"	"3"		""	"L808"	
"433.725"	"433.7168"	"10w"	"2.0e+07"	D	"33935.613"	"56985.65"	"3d4.4s2"	"c 3D"	"2"	"3d4.(3F1).4s.4p.(1P*)"	"3G*"	"3"		"T3963"	"L808"	
"433.75570"	"433.755701"	"1900"	"5.48e+06"	B	"7810.7795"	"30858.7516"	"3d4.4s2"	"a 5D"	"1"	"3d4.(5D).4s.4p.(3P*)"	"z 5F*"	"2"		"T4624"	"L14866"	
"433.87720"	"433.87722"	"16"	"7.0e+06"	D	"27222.9417"	"50264.4589"	"3d5.(4P).4s"	"b 3P"	"2"	"3d5.(4D).4p"	"w 3D*"	"3"		"T3963"	"L14866"	
"433.94463"	"433.944609"	"2600"	"6.92e+06"	B	"7927.4410"	"30965.3799"	"3d4.4s2"	"a 5D"	"2"	"3d4.(5D).4s.4p.(3P*)"	"z 5F*"	"3"		"T4624"	"L14866"	
"433.97105"	"433.971051"	"1120"	"4.40e+06"	B	"7750.7465"	"30787.2817"	"3d4.4s2"	"a 5D"	"0"	"3d4.(5D).4s.4p.(3P*)"	"z 5F*"	"1"		"T4624"	"L14866"	
"434.01277"	"434.01278"	"78"	"1.2e+07"	D	"21840.8096"	"44875.1301"	"3d5.(4P).4s"	"a 5P"	"3"	"3d4.(3P1).4s.4p.(3P*)"	"v 5P*"	"2"		"T3963"	"L14866"	
"434.1196"	"434.1175"	"3"	""		"31049.2155"	"54077.98"	"3d5.(2I).4s"	"a 3I"	"6"	"3d3.(4F).4s2.4p"	"v 3G*"	"5"		""	"L808"	
"434.14519"	"434.14519"	"5"	"6.4e+05"	E	"21847.8349"	"44875.1301"	"3d5.(4P).4s"	"a 5P"	"2"	"3d4.(3P1).4s.4p.(3P*)"	"v 5P*"	"2"		"T3963"	"L14866"	
"434.31670"	"434.31671"	"26"	"3.6e+06"	D	"21856.9287"	"44875.1301"	"3d5.(4P).4s"	"a 5P"	"1"	"3d4.(3P1).4s.4p.(3P*)"	"v 5P*"	"2"		"T3963"	"L14866"	
"434.45016"	"434.450128"	"3100"	"1.1e+07"	C	"8095.1842"	"31106.3170"	"3d4.4s2"	"a 5D"	"3"	"3d4.(5D).4s.4p.(3P*)"	"z 5F*"	"4"		"T3196"	"L14866"	
"434.50747"	"434.50770"	"4"	"9.8e+06"	D	"27176.1072"	"50184.191"	"3d5.(4P).4s"	"b 3P"	"1"	"3d5.(4D).4p"	"w 3D*"	"2"		"T4288"	"L14866"	
"434.5808"	"434.58067"	"7"	""		"25038.4981"	"48042.7187"	"3d5.(4G).4s"	"a 3G"	"5"	""	"*"	"4"		""	"L808"	
"434.68185"	"434.681838"	"135"	"9.0e+06"	D	"24056.0404"	"47054.9072"	"3d4.4s2"	"a 3H"	"5"	"3d5.(4G).4p"	"y 3G*"	"4"		"T4288"	"L14866"	
"434.7491"	"434.74981"	"8"	"1.9e+06"	D	"24093.1182"	"47088.389"	"3d4.4s2"	"a 3P"	"2"	"3d4.(3P1).4s.4p.(3P*)"	"z 3S*"	"1"		"T3963"	"L808"	
"435.10495"	"435.104951"	"1080"	"4.18e+06"	B	"7810.7795"	"30787.2817"	"3d4.4s2"	"a 5D"	"1"	"3d4.(5D).4s.4p.(3P*)"	"z 5F*"	"1"		"T4624"	"L14866"	
"435.17625"	"435.176220"	"3500"	"1.2e+07"	C	"8307.5753"	"31280.3147"	"3d4.4s2"	"a 5D"	"4"	"3d4.(5D).4s.4p.(3P*)"	"z 5F*"	"5"		"T3196"	"L14866"	
"435.328"	"435.32697"	"3w"	""		"31364.2327"	"54329.017"	"3d5.(4F).4s"	"a 5F"	"3"	"3d4.4s.5p"	"q 5F*"	"3"		""	"L808"	
"435.39390"	"435.39399"	"4"	"1.3e+07"	D	"27222.9417"	"50184.191"	"3d5.(4P).4s"	"b 3P"	"2"	"3d5.(4D).4p"	"w 3D*"	"2"		"T4288"	"L14866"	
"435.528"	"435.52455"	"4w"	""		"24093.1182"	"47047.4845"	"3d4.4s2"	"a 3P"	"2"	"3d4.(3H).4s.4p.(3P*)"	"x 5G*"	"2"		""	"L808"	
"435.656"	"435.65888"	"3"	""		"25038.4981"	"47985.787"	"3d5.(4G).4s"	"a 3G"	"5"	"3d5.(4G).4p"	"u 5F*"	"5"		""	"L808"	
"435.67554"	"435.67554"	"18"	"2.2e+06"	D	"24282.3486"	"47228.7599"	"3d5.(4D).4s"	"b 5D"	"4"	"3d4.(3H).4s.4p.(3P*)"	"x 5G*"	"5"		"T3963"	"L14866"	
"435.75200"	"435.75200"	"14"	"6.8e+06"	D	"27163.1052"	"50105.4904"	"3d5.(4P).4s"	"b 3P"	"0"	"3d5.(4D).4p"	"w 3D*"	"1"		"T3963"	"L14866"	
"435.857"	"435.85427"	"2"	""		"24940.594"	"47877.596"	"3d4.4s2"	"a 3F"	"2"	"3d5.(4G).4p"	"u 5F*"	"1"		""	"L808"	
"435.86527"	"435.86526"	"4"	""		"25106.2953"	"48042.7187"	"3d4.4s2"	"a 3F"	"3"	""	"*"	"4"		""	"L14866"	
"435.96246"	"435.962444"	"1420"	"5.4e+06"	C	"7927.4410"	"30858.7516"	"3d4.4s2"	"a 5D"	"2"	"3d4.(5D).4s.4p.(3P*)"	"z 5F*"	"2"		"T3196"	"L14866"	
"435.99118"	"435.99105"	"3"	""		"24056.0404"	"46985.8465"	"3d4.4s2"	"a 3H"	"5"	"3d4.(3H).4s.4p.(3P*)"	"z 3G*"	"5"		""	"L14866"	
"435.99911"	"435.99909"	"17"	""		"27176.1072"	"50105.4904"	"3d5.(4P).4s"	"b 3P"	"1"	"3d5.(4D).4p"	"w 3D*"	"1"		""	"L14866"	
"436.0955"	"436.09628"	"3"	""		"27703.7743"	"50628.0474"	"3d4.4s2"	"b 3G"	"4"	"3d5.(4D).4p"	"u 5D*"	"3"		""	"L808"	
"436.145"	"436.14830"	"3"	""		"26796.2691"	"49717.808"	"3d5.(6S).4p"	"z 5P*"	"2"	""	"e 3F"	"3"		""	"L808"	
"436.208"	"436.2054"	"3"	""		"31008.9708"	"53927.51"	"3d5.(2D3).4s"	"b 3D"	"3"	"3d3.(4F).4s2.4p"	"v 3G*"	"4"		""	"L808"	
"436.29521"	"436.29525"	"6"	"3.2e+06"	D	"23163.2205"	"46077.0395"	"3d4.4s2"	"a 3P"	"0"	"3d5.(4P).4p"	"y 3D*"	"1"		"T3963"	"L14866"	
"436.31290"	"436.312902"	"120"	"1.6e+07"	D	"23933.8561"	"46846.7480"	"3d4.4s2"	"a 3H"	"4"	"3d4.(3H).4s.4p.(3P*)"	"z 3G*"	"3"		"T3963"	"L14866"	
"436.3693"	"436.37024"	"4"	""		"36577.6545"	"59487.536"	"3d5.(2F2).4s"	"d 3F"	"4"	"3d4.(3F1).4s.4p.(1P*)"	"r 3F*"	"4"		""	"L808"	
"436.409"	"436.40459"	"4w"	""		"25106.2953"	"48014.3731"	"3d4.4s2"	"a 3F"	"3"	"3d5.(4G).4p"	"u 5F*"	"4"		""	"L808"	
"436.41410"	"436.41441"	"3"	""		"24282.3486"	"47189.9110"	"3d5.(4D).4s"	"b 5D"	"4"	"3d4.(3H).4s.4p.(3P*)"	"x 5G*"	"4"		""	"L14866"	
"436.48809"	"436.48799"	"8"	""		"25038.4981"	"47942.1990"	"3d5.(4G).4s"	"a 3G"	"5"	"3d4.(3G).4s.4p.(3P*)"	"x 5H*"	"6"		""	"L14866"	
"436.63009"	"436.63001"	"3"	""		"24897.4635"	"47793.715"	"3d5.(4G).4s"	"a 3G"	"4"	"3d4.(3G).4s.4p.(3P*)"	"x 5H*"	"5"		""	"L14866"	
"436.662"	"436.6617"	"2"	""		"28636.9634"	"51531.555"	"3d5.(4D).4s"	"a 3D"	"3"	"3d5.(6S).8p"	"7P*"	"3"		""	"L808"	
"436.7307"	"436.73010"	"2"	""		"35884.255"	"58775.259"	"3d5.(2H).4s"	"b 3H"	"5"	"3d5.(2H).4p"	"t 3H*"	"6"		""	"L808"	
"436.82542"	"436.82543"	"16"	"2.1e+06"	D	"24303.9025"	"47189.9110"	"3d5.(4D).4s"	"b 5D"	"3"	"3d4.(3H).4s.4p.(3P*)"	"x 5G*"	"4"		"T3963"	"L14866"	
"436.835"	"436.837"	"4"	""		"24833.7957"	"47719.18"	"3d5.(4G).4s"	"a 3G"	"3"	"3d5.(6S).6p"	"w 7P*"	"4"		""	"L808"	
"436.8647"	"436.86496"	"2"	""		"35870.458"	"58754.396"	"3d5.(2H).4s"	"b 3H"	"4"	"3d5.(2H).4p"	"t 3H*"	"5"		""	"L808"	
"436.89148"	"436.89148"	"3"	"5.8e+06"	D	"27222.9417"	"50105.4904"	"3d5.(4P).4s"	"b 3P"	"2"	"3d5.(4D).4p"	"w 3D*"	"1"		"T3963"	"L14866"	
"436.9122"	"436.9130"	"3"	""		"27176.1072"	"50057.53"	"3d5.(4P).4s"	"b 3P"	"1"	"3d5.(4D).4p"	"s 5F*"	"2"		""	"L808"	
"436.9624"	"436.9618"	"1"	""		"39158.64"	"62037.505"	"3d5.(2G2).4s"	"b 1G"	"4"	"3d5.(4F).4p"	"q 3G*"	"5"		""	"L808"	
"437.044"	"437.043977"	"2"	""		"24093.1182"	"46967.6827"	"3d4.4s2"	"a 3P"	"2"	"3d5.(4P).4p"	"u 5P*"	"2"		""	"L808"	
"437.07628"	"437.07616"	"4"	"2.5e+06"	D	"32097.2978"	"54970.178"	"3d4.4s2"	"a 1I"	"6"	"3d5.(2I).4p"	"z 1K*"	"7"		"T3963"	"L14866"	
"437.087"	"437.0885"	"5"	"5.0e+06"	D	"31055.2777"	"53927.51"	"3d5.(2I).4s"	"a 3I"	"5"	"3d3.(4F).4s2.4p"	"v 3G*"	"4"		"T3963"	"L808"	
"437.12748"	"437.127465"	"1400"	"4.1e+06"	C	"8095.1842"	"30965.3799"	"3d4.4s2"	"a 5D"	"3"	"3d4.(5D).4s.4p.(3P*)"	"z 5F*"	"3"		"T3196"	"L14866"	
"437.231"	"437.23089"	"4"	""		"36552.1351"	"59416.921"	"3d5.(2F2).4s"	"d 3F"	"3"	"3d4.(3F1).4s.4p.(1P*)"	"r 3F*"	"3"		""	"L808"	
"437.32549"	"437.325478"	"170"	"5.24e+05"	B	"7927.4410"	"30787.2817"	"3d4.4s2"	"a 5D"	"2"	"3d4.(5D).4s.4p.(3P*)"	"z 5F*"	"1"		"T4624"	"L14866"	
"437.36462"	"437.36473"	"15"	"2.8e+07"	D	"35870.458"	"58728.247"	"3d5.(2H).4s"	"b 3H"	"4"	"3d5.(2H).4p"	"t 3H*"	"4"		"T3963"	"L14866"	
"437.41537"	"437.415357"	"200"	"1.03e+07"	C	"24200.1980"	"47055.3416"	"3d4.4s2"	"a 3H"	"6"	"3d5.(4G).4p"	"y 3G*"	"5"		"T2268"	"L14866"	
"437.53303"	"437.533013"	"130"	"7.2e+06"	D	"24056.0404"	"46905.0382"	"3d4.4s2"	"a 3H"	"5"	"3d4.(3H).4s.4p.(3P*)"	"z 3G*"	"4"		"T1621n"	"L14866"	
"437.67953"	"437.67945"	"22"	"3.2e+07"	D	"35933.906"	"58775.259"	"3d5.(2H).4s"	"b 3H"	"6"	"3d5.(2H).4p"	"t 3H*"	"6"		"T3963"	"L14866"	
"437.75441"	"437.754375"	"40"	"3.3e+06"	D	"23511.9739"	"46349.4177"	"3d4.4s2"	"a 3P"	"1"	"3d4.(3F1).4s.4p.(3P*)"	"w 5D*"	"2"		"T4288"	"L14866"	
"437.97763"	"437.97770"	"9"	"1.9e+06"	D	"24299.8419"	"47125.6412"	"3d5.(4D).4s"	"b 5D"	"2"	"3d4.(3H).4s.4p.(3P*)"	"x 5G*"	"3"		"T3963"	"L14866"	
"438.05558"	"438.05563"	"5"	""		"24303.9025"	"47125.6412"	"3d5.(4D).4s"	"b 5D"	"3"	"3d4.(3H).4s.4p.(3P*)"	"x 5G*"	"3"		""	"L14866"	
"438.0793"	"438.07960"	"4"	""		"35933.906"	"58754.396"	"3d5.(2H).4s"	"b 3H"	"6"	"3d5.(2H).4p"	"t 3H*"	"5"		""	"L808"	
"438.11097"	"438.11097"	"43"	"1.0e+07"	D	"21847.8349"	"44666.6907"	"3d5.(4P).4s"	"a 5P"	"2"	"3d4.(3P1).4s.4p.(3P*)"	"v 5P*"	"1"		"T1621n"	"L14866"	
"438.247"	"438.24986"	"2"	""		"25106.2953"	"47917.9197"	"3d4.4s2"	"a 3F"	"3"	"3d5.(4G).4p"	"u 5F*"	"2"		""	"L808"	
"438.254"	"438.25543"	"5"	""		"24277.0546"	"47088.389"	"3d5.(4D).4s"	"b 5D"	"0"	"3d4.(3P1).4s.4p.(3P*)"	"z 3S*"	"1"		""	"L808"	
"438.28549"	"438.28564"	"12"	"3.0e+06"	D	"21856.9287"	"44666.6907"	"3d5.(4P).4s"	"a 5P"	"1"	"3d4.(3P1).4s.4p.(3P*)"	"v 5P*"	"1"		"T3963"	"L14866"	
"438.4373"	"438.43778"	"8D?"	""		"24286.5418"	"47088.389"	"3d5.(4D).4s"	"b 5D"	"1"	"3d4.(3P1).4s.4p.(3P*)"	"z 3S*"	"1"		""	"L808"	
"438.49751"	"438.497500"	"1060"	"2.7e+06"	D	"8307.5753"	"31106.3170"	"3d4.4s2"	"a 5D"	"4"	"3d4.(5D).4s.4p.(3P*)"	"z 5F*"	"4"		"T3196"	"L14866"	
"438.530"	"438.52721"	"2"	""		"25177.3539"	"47974.5512"	"3d4.4s2"	"a 3F"	"4"	"3d5.(4G).4p"	"u 5F*"	"3"		""	"L808"	
"438.6465"	"438.64596"	"4"	""		"24897.4635"	"47688.489"	"3d5.(4G).4s"	"a 3G"	"4"	"3d4.(3G).4s.4p.(3P*)"	"x 5H*"	"4"		""	"L808"	
"438.6934"	"438.69367"	"3"	""		"24299.8419"	"47088.389"	"3d5.(4D).4s"	"b 5D"	"2"	"3d4.(3P1).4s.4p.(3P*)"	"z 3S*"	"1"		""	"L14866"	
"438.73749"	"438.737503"	"26"	"5.4e+06"	D	"23511.9739"	"46298.2442"	"3d4.4s2"	"a 3P"	"1"	"3d4.(3F1).4s.4p.(3P*)"	"w 5D*"	"1"		"T3963"	"L14866"	
"438.74949"	"438.749476"	"100"	""		"24200.1980"	"46985.8465"	"3d4.4s2"	"a 3H"	"6"	"3d4.(3H).4s.4p.(3P*)"	"z 3G*"	"5"		""	"L14866"	
"439.007"	"439.01114"	"2D"	""		"37233.423"	"60005.491"	"3d5.(2G2).4s"	"c 3G"	"5"	"3d5.(2G1).4p"	"x 1H*"	"5"		""	"L808"	
"439.053"	"439.0536"	"1"	""		"35397.9566"	"58167.82"	"3d6"	"c 5D"	"4"	"3d5.(2F1).4p"	"s 3F*"	"4"		""	"L808"	
"439.082"	"439.0773"	"1"	""		"31364.2327"	"54132.87"	"3d5.(4F).4s"	"a 5F"	"3"	"3d4.4s.5p"	"s 5P*"	"3"		""	"L808"	
"439.17509"	"439.175079"	"160"	"2.88e+05"	B	"8095.1842"	"30858.7516"	"3d4.4s2"	"a 5D"	"3"	"3d4.(5D).4s.4p.(3P*)"	"z 5F*"	"2"		"T4624"	"L14866"	
"439.2257"	"439.22572"	"3"	""		"24286.5418"	"47047.4845"	"3d5.(4D).4s"	"b 5D"	"1"	"3d4.(3H).4s.4p.(3P*)"	"x 5G*"	"2"		""	"L14866"	
"439.3369"	"439.33625"	"5"	""		"25038.4981"	"47793.715"	"3d5.(4G).4s"	"a 3G"	"5"	"3d4.(3G).4s.4p.(3P*)"	"x 5H*"	"5"		""	"L808"	
"439.35269"	"439.35259"	"8"	"7.e+05"	E	"23933.8561"	"46688.2265"	"3d4.4s2"	"a 3H"	"4"	"3d4.(3G).4s.4p.(3P*)"	"w 5F*"	"3"		"T3963"	"L14866"	
"439.4188"	"439.417587"	"5"	""		"24303.9025"	"47054.9072"	"3d5.(4D).4s"	"b 5D"	"3"	"3d5.(4G).4p"	"y 3G*"	"4"		""	"L808"	
"439.467"	"439.464536"	"2"	""		"24299.8419"	"47048.4161"	"3d5.(4D).4s"	"b 5D"	"2"	"3d5.(4G).4p"	"y 3G*"	"3"		""	"L808"	
"439.484"	"439.48253"	"8*"	""		"24299.8419"	"47047.4845"	"3d5.(4D).4s"	"b 5D"	"2"	"3d4.(3H).4s.4p.(3P*)"	"x 5G*"	"2"		""	"L808"	
"439.484"	"439.485688"	"8*"	""		"24897.4635"	"47644.9429"	"3d5.(4G).4s"	"a 3G"	"4"	"3d4.(5D).4s.5p.(3P*)"	"v 5F*"	"5"		""	"L808"	
"439.5416"	"439.54023"	"18"	""		"24277.0546"	"47021.7112"	"3d5.(4D).4s"	"b 5D"	"0"	"3d5.(4P).4p"	"u 5P*"	"1"		""	"L808"	
"439.616"	"439.61647"	"2"	""		"27816.7783"	"50557.4907"	"3d4.4s2"	"b 3G"	"5"	"3d5.(4D).4p"	"u 5D*"	"4"		""	"L808"	
"439.72366"	"439.72365"	"12"	"1.0e+07"	D	"24286.5418"	"47021.7112"	"3d5.(4D).4s"	"b 5D"	"1"	"3d5.(4P).4p"	"u 5P*"	"1"		"T1621n"	"L14866"	
"439.904"	"439.9043"	"2"	""		"42025.4956"	"64751.33"	"3d4.(3H).4s.4p.(3P*)"	"z 5H*"	"3"	"3d4.4s.5s"	"e 5H"	"4"		""	"L808"	
"439.98111"	"439.98105"	"10"	"9.8e+06"	D	"24299.8419"	"47021.7112"	"3d5.(4D).4s"	"b 5D"	"2"	"3d5.(4P).4p"	"u 5P*"	"1"		"T1621n"	"L14866"	
"440.33708"	"440.337080"	"54"	""		"24282.3486"	"46985.8465"	"3d5.(4D).4s"	"b 5D"	"4"	"3d4.(3H).4s.4p.(3P*)"	"z 3G*"	"5"		""	"L14866"	
"440.34936"	"440.34937"	"78"	""		"32097.2978"	"54800.1623"	"3d4.4s2"	"a 1I"	"6"	"3d4.(1I).4s.4p.(3P*)"	"3K*"	"6"		""	"L14866"	
"440.62688"	"440.62684"	"13"	""		"24897.4635"	"47586.0318"	"3d5.(4G).4s"	"a 3G"	"4"	"3d4.(3H).4s.4p.(3P*)"	"z 3I*"	"5"		""	"L14866"	
"440.667"	"440.6683"	"20*"	""		"42025.4956"	"64711.93"	"3d4.(3H).4s.4p.(3P*)"	"z 5H*"	"3"	"3d4.4s.5s"	"e 5H"	"3"		""	"L808"	
"440.667"	"440.67002"	"20*"	""		"33762.6622"	"56449.007"	"3d5.(2I).4s"	"b 1I"	"6"	"3d5.(4F).4p"	"v 5G*"	"6"		""	"L808"	
"440.7027"	"440.7023"	"3"	""		"31393.2968"	"54077.98"	"3d5.(4F).4s"	"a 5F"	"5"	"3d3.(4F).4s2.4p"	"v 3G*"	"5"		""	"L808"	
"440.77111"	"440.771131"	"4"	""		"24286.5418"	"46967.6827"	"3d5.(4D).4s"	"b 5D"	"1"	"3d5.(4P).4p"	"u 5P*"	"2"		""	"L14866"	
"440.9565"	"440.9566"	"12"	""		"42079.7263"	"64751.33"	"3d4.(3H).4s.4p.(3P*)"	"z 5H*"	"4"	"3d4.4s.5s"	"e 5H"	"4"		""	"L808"	
"441.02977"	"441.029753"	"18"	"6.7e+06"	D	"24299.8419"	"46967.6827"	"3d5.(4D).4s"	"b 5D"	"2"	"3d5.(4P).4p"	"u 5P*"	"2"		"T3963"	"L14866"	
"441.09614"	"441.096112"	"19"	"2.3e+06"	D	"24056.0404"	"46720.4711"	"3d4.4s2"	"a 3H"	"5"	"3d4.(3G).4s.4p.(3P*)"	"w 5F*"	"4"		"T3963"	"L14866"	
"441.10878"	"441.108773"	"28"	"1.3e+07"	D	"24303.9025"	"46967.6827"	"3d5.(4D).4s"	"b 5D"	"3"	"3d5.(4P).4p"	"u 5P*"	"2"		"T3963"	"L14866"	
"441.22510"	"441.225109"	"71"	"9.86e+04"	B	"8307.5753"	"30965.3799"	"3d4.4s2"	"a 5D"	"4"	"3d4.(5D).4s.4p.(3P*)"	"z 5F*"	"3"		"T4624"	"L14866"	
"441.2996"	"441.29946"	"3"	"9.7e+06"	D	"38537.591"	"61191.578"	"3d5.(2H).4s"	"a 1H"	"5"	"3d5.(2G1).4p"	"s 3H*"	"6"		"T3963"	"L14866"	
"441.38551"	"441.38548"	"51"	"2.7e+07"	D	"28636.9634"	"51286.5356"	"3d5.(4D).4s"	"a 3D"	"3"	"3d5.(4D).4p"	"w 3P*"	"2"		"T4288"	"L14866"	
"441.4065"	"441.40650"	"3"	""		"42153.499"	"64801.993"	"3d4.(3H).4s.4p.(3P*)"	"z 5H*"	"5"	"3d4.4s.5s"	"e 5H"	"5"		""	"L14866"	
"441.438"	"441.43372"	"10w"	""		"31280.3147"	"53927.412"	"3d4.(5D).4s.4p.(3P*)"	"z 5F*"	"5"	"3d4.4s.4d"	"e 7F"	"6"		""	"L808"	
"441.447"	"441.44667"	"8w"	""		"27176.1072"	"49822.5403"	"3d5.(4P).4s"	"b 3P"	"1"	"3d4.(3P1).4s.4p.(3P*)"	"y 5S*"	"2"		""	"L808"	
"441.724"	"441.7242"	"1"	""		"42079.7263"	"64711.93"	"3d4.(3H).4s.4p.(3P*)"	"z 5H*"	"4"	"3d4.4s.5s"	"e 5H"	"3"		""	"L808"	
"441.771"	"441.7735"	"1"	""		"35572.9194"	"58202.60"	"3d6"	"c 5D"	"2"	"3d5.(2F1).4p"	"s 3F*"	"3"		""	"L808"	
"441.90998"	"441.909992"	"5"	""		"24282.3486"	"46905.0382"	"3d5.(4D).4s"	"b 5D"	"4"	"3d4.(3H).4s.4p.(3P*)"	"z 3G*"	"4"		""	"L14866"	
"442.034"	"442.03365"	"1"	""		"25177.3539"	"47793.715"	"3d4.4s2"	"a 3F"	"4"	"3d4.(3G).4s.4p.(3P*)"	"x 5H*"	"5"		""	"L808"	
"442.0963"	"442.09661"	"10"	""		"25089.2497"	"47702.390"	"3d4.(5D).4s.4p.(3P*)"	"z 7F*"	"2"	"3d5.(6S).5d"	"g 7D"	"3"		""	"L808"	
"442.26890"	"442.26891"	"14"	"2.7e+07"	D	"28682.2050"	"51286.5356"	"3d5.(4D).4s"	"a 3D"	"2"	"3d5.(4D).4p"	"w 3P*"	"2"		"T3963"	"L14866"	
"442.33145"	"442.331433"	"25"	""		"24303.9025"	"46905.0382"	"3d5.(4D).4s"	"b 5D"	"3"	"3d4.(3H).4s.4p.(3P*)"	"z 3G*"	"4"		""	"L14866"	
"442.367"	"442.36152"	"7wh*"	""		"27222.9417"	"49822.5403"	"3d5.(4P).4s"	"b 3P"	"2"	"3d4.(3P1).4s.4p.(3P*)"	"y 5S*"	"2"		""	"L808"	
"442.367"	"442.37019"	"7wh*"	""		"33762.6622"	"56361.818"	"3d5.(2I).4s"	"b 1I"	"6"	"3d5.(4F).4p"	"v 5G*"	"5"		""	"L808"	
"442.40757"	"442.407534"	"16"	"5.7e+06"	D	"23511.9739"	"46109.2219"	"3d4.4s2"	"a 3P"	"1"	"3d5.(4P).4p"	"y 3D*"	"2"		"T3963"	"L14866"	
"442.42784"	"442.42787"	"56"	"2.1e+07"	D	"24282.3486"	"46878.558"	"3d5.(4D).4s"	"b 5D"	"4"	"3d5.(4P).4p"	"u 5P*"	"3"		"T3963"	"L14866"	
"442.4497"	"442.449430"	"1"	""		"24093.1182"	"46688.2265"	"3d4.4s2"	"a 3P"	"2"	"3d4.(3G).4s.4p.(3P*)"	"w 5F*"	"3"		""	"L14866"	
"442.51269"	"442.51272"	"19"	""		"25038.4981"	"47630.3750"	"3d5.(4G).4s"	"a 3G"	"5"	"3d4.(3H).4s.4p.(3P*)"	"z 3I*"	"6"		""	"L14866"	
"442.561"	"442.55951"	"2"	""		"27222.9417"	"49812.430"	"3d5.(4P).4s"	"b 3P"	"2"	"3d5.(4D).4p"	"t 5P*"	"3"		""	"L808"	
"442.6653"	"442.6641"	"8*"	""		"42252.141"	"64836.29"	"3d4.(3H).4s.4p.(3P*)"	"z 5H*"	"6"	"3d4.4s.5s"	"e 5H"	"6"		""	"L808"	
"442.6653"	"442.66617"	"8*"	""		"24093.1182"	"46677.1634"	"3d4.4s2"	"a 3P"	"2"	"3d4.(3G).4s.4p.(3P*)"	"w 5F*"	"2"		""	"L808"	
"442.702"	"442.70247"	"1"	""		"25106.2953"	"47688.489"	"3d4.4s2"	"a 3F"	"3"	"3d4.(3G).4s.4p.(3P*)"	"x 5H*"	"4"		""	"L808"	
"442.7709"	"442.77065"	"10"	""		"24299.8419"	"46878.558"	"3d5.(4D).4s"	"b 5D"	"2"	"3d5.(4P).4p"	"u 5P*"	"3"		""	"L808"	
"442.85033"	"442.85030"	"17"	"5.5e+06"	D	"24303.9025"	"46878.558"	"3d5.(4D).4s"	"b 5D"	"3"	"3d5.(4P).4p"	"u 5P*"	"3"		"T3963"	"L14866"	
"442.954"	"442.95576"	"5wh"	""		"23511.9739"	"46081.255"	"3d4.4s2"	"a 3P"	"1"	"3d4.(3F1).4s.4p.(3P*)"	"w 5D*"	"0"		""	"L808"	
"442.99239"	"442.99232"	"12"	"2.4e+07"	D	"28679.4239"	"51246.842"	"3d5.(4D).4s"	"a 3D"	"1"	"3d5.(4D).4p"	"w 3P*"	"1"		"T3963"	"L14866"	
"443.04692"	"443.04692"	"30"	""		"28682.2050"	"51246.842"	"3d5.(4D).4s"	"a 3D"	"2"	"3d5.(4D).4p"	"w 3P*"	"1"		""	"L14866"	
"443.21663"	"443.21665"	"66"	"1.8e+07"	D	"23163.2205"	"45719.2168"	"3d4.4s2"	"a 3P"	"0"	"3d5.(4P).4p"	"y 3P*"	"1"		"T4288"	"L14866"	
"443.27589"	"443.27591"	"6"	"4.9e+07"	D	"42387.260"	"64940.241"	"3d4.(3H).4s.4p.(3P*)"	"z 5H*"	"7"	"3d4.4s.5s"	"e 5H"	"7"		"T3963"	"L14866"	
"443.341"	"443.33742"	"1"	""		"42252.141"	"64801.993"	"3d4.(3H).4s.4p.(3P*)"	"z 5H*"	"6"	"3d4.4s.5s"	"e 5H"	"5"		""	"L808"	
"443.39529"	"443.395343"	"9"	""		"24299.8419"	"46846.7480"	"3d5.(4D).4s"	"b 5D"	"2"	"3d4.(3H).4s.4p.(3P*)"	"z 3G*"	"3"		""	"L14866"	
"443.4474"	"443.44669"	"8"	""		"35618.4806"	"58162.776"	"3d6"	"c 5D"	"1"	"3d5.(2F1).4p"	"s 3F*"	"2"		""	"L808"	
"443.47530"	"443.475212"	"4"	""		"24303.9025"	"46846.7480"	"3d5.(4D).4s"	"b 5D"	"3"	"3d4.(3H).4s.4p.(3P*)"	"z 3G*"	"3"		""	"L14866"	
"443.644"	"443.6451"	"7"	""		"31393.2968"	"53927.51"	"3d5.(4F).4s"	"a 5F"	"5"	"3d3.(4F).4s2.4p"	"v 3G*"	"4"		""	"L808"	
"443.649"	"443.64715"	"7wh*"	""		"26787.4640"	"49321.573"	"3d5.(6S).4p"	"z 5P*"	"3"	"3d5.(6S).7s"	"g 5S"	"2"		""	"L808"	
"443.649"	"443.653876"	"7wh*"	""		"25106.2953"	"47640.0627"	"3d4.4s2"	"a 3F"	"3"	"3d4.(5D).4s.5p.(3P*)"	"v 5F*"	"4"		""	"L808"	
"443.823"	"443.81904"	"5wh*"	""		"25106.2953"	"47631.6771"	"3d4.4s2"	"a 3F"	"3"	"3d4.(5D).4s.5p.(3P*)"	"v 5F*"	"2"		""	"L808"	
"443.823"	"443.82057"	"5wh*"	""		"26796.2691"	"49321.573"	"3d5.(6S).4p"	"z 5P*"	"2"	"3d5.(6S).7s"	"g 5S"	"2"		""	"L808"	
"443.934"	"443.93157"	"4wh"	""		"26801.9009"	"49321.573"	"3d5.(6S).4p"	"z 5P*"	"1"	"3d5.(6S).7s"	"g 5S"	"2"		""	"L808"	
"444.102"	"444.09993"	"1"	""		"25177.3539"	"47688.489"	"3d4.4s2"	"a 3F"	"4"	"3d4.(3G).4s.4p.(3P*)"	"x 5H*"	"4"		""	"L808"	
"444.22678"	"444.226744"	"28"	"1.9e+06"	D	"24200.1980"	"46704.9067"	"3d4.4s2"	"a 3H"	"6"	"3d4.(3G).4s.4p.(3P*)"	"w 5F*"	"5"		"T3963"	"L14866"	
"444.37077"	"444.37074"	"13"	"4.5e+07"	D	"28679.4239"	"51176.840"	"3d5.(4D).4s"	"a 3D"	"1"	"3d5.(4D).4p"	"w 3P*"	"0"		"T3963"	"L14866"	
"444.785"	"444.78199"	"1"	""		"27176.1072"	"49652.7224"	"3d5.(4P).4s"	"b 3P"	"1"	"3d5.(4D).4p"	"x 3F*"	"2"		""	"L808"	
"444.961"	"444.96068"	"1"	""		"25177.3539"	"47644.9429"	"3d4.4s2"	"a 3F"	"4"	"3d4.(5D).4s.5p.(3P*)"	"v 5F*"	"5"		""	"L808"	
"445.3309"	"445.3285"	"3"	""		"42387.260"	"64836.29"	"3d4.(3H).4s.4p.(3P*)"	"z 5H*"	"7"	"3d4.4s.5s"	"e 5H"	"6"		""	"L808"	
"445.54524"	"445.545031"	"4"	""		"24282.3486"	"46720.4711"	"3d5.(4D).4s"	"b 5D"	"4"	"3d4.(3G).4s.4p.(3P*)"	"w 5F*"	"4"		""	"L14866"	
"445.619"	"445.61869"	"3"	""		"23933.8561"	"46368.2695"	"3d4.4s2"	"a 3H"	"4"	"3d4.(3F1).4s.4p.(3P*)"	"w 5D*"	"3"		""	"L808"	
"445.636"	"445.6342"	"3"	""		"33039.969"	"55473.60"	"3d5.(2F1).4s"	"b 3F"	"2"	"3d5.(4G).5p"	"u 3F*"	"2"		""	"L808"	
"445.85065"	"445.85067"	"120"	""		"28636.9634"	"51059.7045"	"3d5.(4D).4s"	"a 3D"	"3"	"3d4.(3G).4s.4p.(3P*)"	"w 3F*"	"4"		""	"L14866"	
"445.85429"	"445.854307"	"140"	""		"24282.3486"	"46704.9067"	"3d5.(4D).4s"	"b 5D"	"4"	"3d4.(3G).4s.4p.(3P*)"	"w 5F*"	"5"		""	"L14866"	
"445.93754"	"445.93755"	"12"	""		"21840.8096"	"44259.182"	"3d5.(4P).4s"	"a 5P"	"3"	"3d5.(6S).5p"	"w 5P*"	"3"		""	"L14866"	
"445.97343"	"445.973437"	"93"	"8.4e+06"	D	"24303.9025"	"46720.4711"	"3d5.(4D).4s"	"b 5D"	"3"	"3d4.(3G).4s.4p.(3P*)"	"w 5F*"	"4"		"T3963"	"L14866"	
"446.07731"	"446.07734"	"9"	"1.5e+06"	D	"21847.8349"	"44259.182"	"3d5.(4P).4s"	"a 5P"	"2"	"3d5.(6S).5p"	"w 5P*"	"3"		"T4288"	"L14866"	
"446.13052"	"446.13048"	"7"	""		"25177.3539"	"47586.0318"	"3d4.4s2"	"a 3F"	"4"	"3d4.(3H).4s.4p.(3P*)"	"z 3I*"	"5"		""	"L14866"	
"446.209"	"446.2054"	"2w"	""		"31377.8624"	"53782.78"	"3d5.(4F).4s"	"a 5F"	"4"	"3d4.4s.5p"	"s 5D*"	"4"		""	"L808"	
"446.27690"	"446.27701"	"27"	"5.6e+06"	D	"24277.0546"	"46678.375"	"3d5.(4D).4s"	"b 5D"	"0"	"3d4.(3G).4s.4p.(3P*)"	"w 5F*"	"1"		"T3963"	"L14866"	
"446.46620"	"446.46609"	"29"	"4.9e+06"	D	"24286.5418"	"46678.375"	"3d5.(4D).4s"	"b 5D"	"1"	"3d4.(3G).4s.4p.(3P*)"	"w 5F*"	"1"		"T3963"	"L14866"	
"446.49023"	"446.49025"	"55"	""		"24286.5418"	"46677.1634"	"3d5.(4D).4s"	"b 5D"	"1"	"3d4.(3G).4s.4p.(3P*)"	"w 5F*"	"2"		""	"L14866"	
"446.5128"	"446.5130"	"20"	""		"31393.2968"	"53782.78"	"3d5.(4F).4s"	"a 5F"	"5"	"3d4.4s.5p"	"s 5D*"	"4"		""	"L9190"	
"446.53486"	"446.534868"	"79"	"5.9e+06"	D	"24299.8419"	"46688.2265"	"3d5.(4D).4s"	"b 5D"	"2"	"3d4.(3G).4s.4p.(3P*)"	"w 5F*"	"3"		"T4288"	"L14866"	
"446.61583"	"446.615872"	"21"	""		"24303.9025"	"46688.2265"	"3d5.(4D).4s"	"b 5D"	"3"	"3d4.(3G).4s.4p.(3P*)"	"w 5F*"	"3"		""	"L14866"	
"446.732"	"446.73144"	"7"	""		"24299.8419"	"46678.375"	"3d5.(4D).4s"	"b 5D"	"2"	"3d4.(3G).4s.4p.(3P*)"	"w 5F*"	"1"		""	"L808"	
"446.75560"	"446.75563"	"30"	"3.7e+06"	D	"24299.8419"	"46677.1634"	"3d5.(4D).4s"	"b 5D"	"2"	"3d4.(3G).4s.4p.(3P*)"	"w 5F*"	"2"		"T4288"	"L14866"	
"446.8376"	"446.83672"	"7"	""		"24303.9025"	"46677.1634"	"3d5.(4D).4s"	"b 5D"	"3"	"3d4.(3G).4s.4p.(3P*)"	"w 5F*"	"2"		""	"L808"	
"446.865"	"446.86500"	"4"	""		"36552.1351"	"58923.980"	"3d5.(2F2).4s"	"d 3F"	"3"	"3d5.(4P).5p"	"t 3D*"	"3"		""	"L808"	
"446.9765"	"446.97415"	"4"	""		"24056.0404"	"46422.4223"	"3d4.4s2"	"a 3H"	"5"	"3d4.(3F1).4s.4p.(3P*)"	"w 5D*"	"4"		""	"L808"	
"446.984"	"446.98399"	"3"	""		"27222.9417"	"49588.831"	"3d5.(4P).4s"	"b 3P"	"2"	"3d5.(4D).4p"	"t 5P*"	"1"		""	"L808"	
"447.0442"	"447.03998"	"3"	""		"27500.3699"	"49863.458"	"3d4.(5D).4s.4p.(3P*)"	"z 7D*"	"3"	""	"e 3F"	"4"		""	"L808"	
"447.378"	"447.37533"	"40"	""		"36577.6545"	"58923.980"	"3d5.(2F2).4s"	"d 3F"	"4"	"3d5.(4P).5p"	"t 3D*"	"3"		""	"L808"	
"447.38270"	"447.382788"	"7"	""		"21840.8096"	"44186.7624"	"3d5.(4P).4s"	"a 5P"	"3"	"3d5.(6S).5p"	"w 5P*"	"2"		""	"L14866"	
"447.536"	"447.5329"	"50w*"	""		"33113.212"	"55451.67"	"3d5.(2F1).4s"	"b 3F"	"4"	"3d4.(3D).4s.4p.(3P*)"	"v 3D*"	"3"		""	"L808"	
"447.536"	"447.53749"	"50w*"	"3.0e+06"	D	"23305.0026"	"45643.231"	"3d5.(6S).4p"	"z 7P*"	"2"	"3d5.(6S).6s"	"f 7S"	"3"		"T4288"	"L808"	
"447.6131"	"447.61154"	"7"	""		"42605.7080"	"64940.241"	"3d5.(4G).4p"	"z 5G*"	"6"	"3d4.4s.5s"	"e 5H"	"7"		""	"L808"	
"447.70572"	"447.705743"	"7"	"1.3e+06"	D	"21856.9287"	"44186.7624"	"3d5.(4P).4s"	"a 5P"	"1"	"3d5.(6S).5p"	"w 5P*"	"2"		"T4288"	"L14866"	
"448.02586"	"448.02585"	"17"	"1.0e+07"	D	"27163.1052"	"49476.9847"	"3d5.(4P).4s"	"b 3P"	"0"	"3d5.(4P).4p"	"y 3S*"	"1"		"T3963"	"L14866"	
"448.03604"	"448.03610"	"11"	"3.5e+06"	D	"28636.9634"	"50950.3326"	"3d5.(4D).4s"	"a 3D"	"3"	"3d4.(3G).4s.4p.(3P*)"	"w 3F*"	"3"		"T3963"	"L14866"	
"448.145"	"448.1434"	"18"	""		"36552.1351"	"58860.16"	"3d5.(2F2).4s"	"d 3F"	"3"	"3d5.(4F).4p"	"u 3D*"	"2"		""	"L808"	
"448.273"	"448.2703"	"1"	""		"36558.446"	"58860.16"	"3d5.(2F2).4s"	"d 3F"	"2"	"3d5.(4F).4p"	"u 3D*"	"2"		""	"L808"	
"448.28708"	"448.28707"	"53"	"3.0e+07"	D	"27176.1072"	"49476.9847"	"3d5.(4P).4s"	"b 3P"	"1"	"3d5.(4P).4p"	"y 3S*"	"1"		"T1621n"	"L14866"	
"448.461"	"448.45659"	"5"	""		"24897.4635"	"47189.9110"	"3d5.(4G).4s"	"a 3G"	"4"	"3d4.(3H).4s.4p.(3P*)"	"x 5G*"	"4"		""	"L808"	
"448.4683"	"448.46870"	"8"	""		"24833.7957"	"47125.6412"	"3d5.(4G).4s"	"a 3G"	"3"	"3d4.(3H).4s.4p.(3P*)"	"x 5G*"	"3"		""	"L808"	
"448.568"	"448.56438"	"1w"	""		"31106.3170"	"53393.408"	"3d4.(5D).4s.4p.(3P*)"	"z 5F*"	"4"	"3d4.4s.4d"	"e 7G"	"5"		""	"L808"	
"448.638"	"448.6354"	"1w"	""		"35884.255"	"58167.82"	"3d5.(2H).4s"	"b 3H"	"5"	"3d5.(2F1).4p"	"s 3F*"	"4"		""	"L808"	
"448.7499"	"448.749854"	"3"	""		"21847.8349"	"44125.7144"	"3d5.(4P).4s"	"a 5P"	"2"	"3d5.(6S).5p"	"w 5P*"	"1"		""	"L14866"	
"448.80482"	"448.804817"	"77"	""		"24093.1182"	"46368.2695"	"3d4.4s2"	"a 3P"	"2"	"3d4.(3F1).4s.4p.(3P*)"	"w 5D*"	"3"		""	"L14866"	
"448.9329"	"448.933111"	"2"	""		"21856.9287"	"44125.7144"	"3d5.(4P).4s"	"a 5P"	"1"	"3d5.(6S).5p"	"w 5P*"	"1"		""	"L14866"	
"448.94637"	"448.94638"	"83"	""		"28682.2050"	"50950.3326"	"3d5.(4D).4s"	"a 3D"	"2"	"3d4.(3G).4s.4p.(3P*)"	"w 3F*"	"3"		""	"L14866"	
"449.055"	"449.050"	"8wl"	"3.9e+07"	D	"31377.8624"	"53640.86"	"3d5.(4F).4s"	"a 5F"	"4"	"3d4.4s.5p"	"s 5D*"	"3"		"T3963"	"L808"	
"449.1687"	"449.17308"	"30"	"4.4e+06"	D	"23386.3419"	"45643.231"	"3d5.(6S).4p"	"z 7P*"	"3"	"3d5.(6S).6s"	"f 7S"	"3"		"T4288"	"L808"	
"449.18497"	"449.184975"	"37"	"3.4e+06"	D	"24093.1182"	"46349.4177"	"3d4.4s2"	"a 3P"	"2"	"3d4.(3F1).4s.4p.(3P*)"	"w 5D*"	"2"		"T4288"	"L14866"	
"449.23052"	"449.23052"	"89"	"4.47e+07"	B	"27222.9417"	"49476.9847"	"3d5.(4P).4s"	"b 3P"	"2"	"3d5.(4P).4p"	"y 3S*"	"1"		"u10"	"L14866"	
"449.341"	"449.34111"	"2"	""		"33906.539"	"56155.105"	"3d4.4s2"	"c 3D"	"1"	"3d5.(4F).4p"	"v 5G*"	"2"		""	"L808"	
"449.5041"	"449.50343"	"4"	""		"23933.8561"	"46174.3884"	"3d4.4s2"	"a 3H"	"4"	"3d5.(4P).4p"	"y 3D*"	"3"		""	"L808"	
"449.5282"	"449.5266"	"12"	"2.0e+07"	D	"33113.212"	"55352.60"	"3d5.(2F1).4s"	"b 3F"	"4"	"3d5.(4G).5p"	"u 3F*"	"3"		"T3963"	"L808"	
"449.5685"	"449.56457"	"2*"	""		"31280.3147"	"53517.822"	"3d4.(5D).4s.4p.(3P*)"	"z 5F*"	"5"	"3d4.4s.4d"	"e 7G"	"6"		""	"L808"	
"449.5685"	"449.57049"	"2*"	""		"42564.7783"	"64801.993"	"3d5.(4G).4p"	"z 5G*"	"4"	"3d4.4s.5s"	"e 5H"	"5"		""	"L808"	
"449.68518"	"449.685195"	"1300"	"3.3e+06"	B	"7593.1484"	"29824.6909"	"3d5.(6S).4s"	"a 5S"	"2"	"3d4.(5D).4s.4p.(3P*)"	"y 5P*"	"3"		"T4624,T4913"	"L14866"	
"449.87239"	"449.872367"	"95"	"7.9e+06"	D	"23511.9739"	"45734.2670"	"3d4.4s2"	"a 3P"	"1"	"3d5.(4P).4p"	"y 3P*"	"2"		"T4288"	"L14866"	
"449.9256"	"449.9238"	"5*"	""		"36552.1351"	"58771.89"	"3d5.(2F2).4s"	"d 3F"	"3"	"3d5.(4P).5p"	"t 3D*"	"2"		""	"L808"	
"449.9256"	"449.92851"	"5*"	""		"32097.2978"	"54316.818"	"3d4.4s2"	"a 1I"	"6"	"3d5.(2I).4p"	"z 3K*"	"6"		""	"L808"	
"450.02778"	"450.02775"	"160"	"2.1e+07"	D	"24833.7957"	"47048.4161"	"3d5.(4G).4s"	"a 3G"	"3"	"3d5.(4G).4p"	"y 3G*"	"3"		"T3963"	"L14866"	
"450.068"	"450.06421"	"2w*"	""		"42589.1721"	"64801.993"	"3d5.(4G).4p"	"z 5G*"	"5"	"3d4.4s.5s"	"e 5H"	"5"		""	"L808"	
"450.068"	"450.0689"	"2w*"	""		"42538.7424"	"64751.33"	"3d5.(4G).4p"	"z 5G*"	"3"	"3d4.4s.5s"	"e 5H"	"4"		""	"L808"	
"450.10998"	"450.11026"	"58"	""		"23511.9739"	"45722.522"	"3d4.4s2"	"a 3P"	"1"	"3d5.(4P).4p"	"y 3P*"	"0"		""	"L14866"	
"450.16446"	"450.16450"	"10"	""		"28682.2050"	"50890.077"	"3d5.(4D).4s"	"a 3D"	"2"	"3d4.(3G).4s.4p.(3P*)"	"w 3F*"	"2"		""	"L14866"	
"450.17724"	"450.17726"	"37"	"1.0e+07"	D	"23511.9739"	"45719.2168"	"3d4.4s2"	"a 3P"	"1"	"3d5.(4P).4p"	"y 3P*"	"1"		"T3963"	"L14866"	
"450.2210"	"450.220175"	"7"	""		"24093.1182"	"46298.2442"	"3d4.4s2"	"a 3P"	"2"	"3d4.(3F1).4s.4p.(3P*)"	"w 5D*"	"1"		""	"L808"	
"450.304"	"450.3091"	"12"	"8.3e+06"	D	"37883.4010"	"60084.14"	"3d5.(6S).5s"	"e 5S"	"2"	"3d4.(3P1).4s.4p.(1P*)"	"x 3S*"	"1"		"T3963"	"L808"	
"450.391"	"450.3932"	"2"	""		"42515.3342"	"64711.93"	"3d5.(4G).4p"	"z 5G*"	"2"	"3d4.4s.5s"	"e 5H"	"3"		""	"L808"	
"450.522"	"450.52176"	"1"	""		"25038.4981"	"47228.7599"	"3d5.(4G).4s"	"a 3G"	"5"	"3d4.(3H).4s.4p.(3P*)"	"x 5G*"	"5"		""	"L808"	
"450.549"	"450.5519"	"1"	""		"31352.3828"	"53541.16"	"3d5.(4F).4s"	"a 5F"	"1"	"3d4.4s.5p"	"s 5D*"	"2"		""	"L808"	
"450.588"	"450.5971"	"1wh"	""		"42564.7783"	"64751.33"	"3d5.(4G).4p"	"z 5G*"	"4"	"3d4.4s.5s"	"e 5H"	"4"		""	"L808"	
"450.608"	"450.6075"	"2wh"	""		"31355.1192"	"53541.16"	"3d5.(4F).4s"	"a 5F"	"2"	"3d4.4s.5p"	"s 5D*"	"2"		""	"L808"	
"450.68389"	"450.68388"	"48"	"2.7e+07"	D	"33762.6622"	"55944.942"	"3d5.(2I).4s"	"b 1I"	"6"	"3d5.(2I).4p"	"y 1H*"	"5"		"T1621n"	"L14866"	
"450.794"	"450.793"	"4w*"	""		"31364.2327"	"53541.16"	"3d5.(4F).4s"	"a 5F"	"3"	"3d4.4s.5p"	"s 5D*"	"2"		""	"L808"	
"450.794"	"450.79643"	"4w*"	""		"36577.6545"	"58754.396"	"3d5.(2F2).4s"	"d 3F"	"4"	"3d5.(2H).4p"	"t 3H*"	"5"		""	"L808"	
"450.8758"	"450.87433"	"5"	""		"37244.011"	"59416.921"	"3d5.(2G2).4s"	"c 3G"	"4"	"3d4.(3F1).4s.4p.(1P*)"	"r 3F*"	"3"		""	"L808"	
"451.0005"	"451.00073"	"15"	"4.1e+05"	E	"36558.446"	"58725.142"	"3d5.(2F2).4s"	"d 3F"	"2"	"3d5.(4F).4p"	"u 3D*"	"1"		"T3963"	"L9190"	
"451.18909"	"451.189055"	"210"	"1.65e+07"	B	"24897.4635"	"47054.9072"	"3d5.(4G).4s"	"a 3G"	"4"	"3d5.(4G).4p"	"y 3G*"	"4"		"u10"	"L14866"	
"451.3025"	"451.3021"	"3"	""		"37205.851"	"59357.746"	"3d5.(2G2).4s"	"c 3G"	"3"	"3d4.(3F1).4s.4p.(1P*)"	"r 3F*"	"2"		""	"L808"	
"451.32122"	"451.32127"	"6"	""		"24897.4635"	"47048.4161"	"3d5.(4G).4s"	"a 3G"	"4"	"3d5.(4G).4p"	"y 3G*"	"3"		""	"L14866"	
"451.388"	"451.38802"	"3"	""		"27222.9417"	"49370.619"	"3d5.(4P).4s"	"b 3P"	"2"	"3d4.(3F1).4s.4p.(3P*)"	"w 3G*"	"3"		""	"L808"	
"451.43580"	"451.43575"	"31"	"1.1e+07"	D	"33762.6622"	"55907.998"	"3d5.(2I).4s"	"b 1I"	"6"	"3d4.(1I).4s.4p.(3P*)"	"u 3H*"	"6"		"T3963"	"L14866"	
"451.453"	"451.45451"	"40wl"	""		"23498.8156"	"45643.231"	"3d5.(6S).4p"	"z 7P*"	"4"	"3d5.(6S).6s"	"f 7S"	"3"		""	"L808"	
"451.54301"	"451.54304"	"50"	"2.2e+06"	D	"24282.3486"	"46422.4223"	"3d5.(4D).4s"	"b 5D"	"4"	"3d4.(3F1).4s.4p.(3P*)"	"w 5D*"	"4"		"T3963"	"L14866"	
"451.8579"	"451.85826"	"6"	""		"20523.6290"	"42648.2577"	"3d5.(4G).4s"	"a 5G"	"4"	"3d4.(3P1).4s.4p.(3P*)"	"x 5D*"	"3"		""	"L9190"	
"451.98290"	"451.98306"	"6"	""		"24303.9025"	"46422.4223"	"3d5.(4D).4s"	"b 5D"	"3"	"3d4.(3F1).4s.4p.(3P*)"	"w 5D*"	"4"		""	"L14866"	
"452.11276"	"452.11274"	"53"	""		"33762.6622"	"55874.838"	"3d5.(2I).4s"	"b 1I"	"6"	"3d4.(1I).4s.4p.(3P*)"	"u 3H*"	"5"		""	"L14866"	
"452.2019"	"452.20178"	"12"	""		"24940.594"	"47048.4161"	"3d4.4s2"	"a 3F"	"2"	"3d5.(4G).4p"	"y 3G*"	"3"		""	"L808"	
"452.48341"	"452.48347"	"7"	"1.1e+07"	D	"33113.212"	"55207.271"	"3d5.(2F1).4s"	"b 3F"	"4"	"3d5.(2D1).4p"	"v 3F*"	"4"		"T3963"	"L14866"	
"452.529"	"452.5271"	"2wh"	""		"33060.661"	"55152.59"	"3d5.(2F1).4s"	"b 3F"	"3"	"3d4.(3D).4s.4p.(3P*)"	"v 3D*"	"2"		""	"L808"	
"452.59975"	"452.59975"	"7"	""		"24897.4635"	"46985.8465"	"3d5.(4G).4s"	"a 3G"	"4"	"3d4.(3H).4s.4p.(3P*)"	"z 3G*"	"5"		""	"L14866"	
"452.60987"	"452.60989"	"80"	""		"27222.9417"	"49310.830"	"3d5.(4P).4s"	"b 3P"	"2"	"3d4.(3P1).4s.4p.(3P*)"	"x 3D*"	"3"		""	"L14866"	
"452.64537"	"452.64538"	"960"	"1.75e+07"	B	"20519.5515"	"42605.7080"	"3d5.(4G).4s"	"a 5G"	"6"	"3d5.(4G).4p"	"z 5G*"	"6"		"T4913"	"L14866"	
"452.7335"	"452.73451"	"40"	"2.1e+06"	B	"20523.8999"	"42605.7080"	"3d5.(4G).4s"	"a 5G"	"5"	"3d5.(4G).4p"	"z 5G*"	"6"		"T4913"	"L808"	
"452.74555"	"452.745542"	"85"	"6.2e+06"	D	"24093.1182"	"46174.3884"	"3d4.4s2"	"a 3P"	"2"	"3d5.(4P).4p"	"y 3D*"	"3"		"T3963"	"L14866"	
"452.950"	"452.951243"	"3"	""		"24833.7957"	"46905.0382"	"3d5.(4G).4s"	"a 3G"	"3"	"3d4.(3H).4s.4p.(3P*)"	"z 3G*"	"4"		""	"L808"	
"452.98450"	"452.98453"	"75"	"1.1e+06"	C+	"20519.5515"	"42589.1721"	"3d5.(4G).4s"	"a 5G"	"6"	"3d5.(4G).4p"	"z 5G*"	"5"		"T4913"	"L14866"	
"453.04715"	"453.04725"	"8"	"6.7e+05"	D	"23933.8561"	"46000.4213"	"3d4.4s2"	"a 3H"	"4"	"3d5.(4G).4p"	"y 3F*"	"3"		"T3963"	"L14866"	
"453.06824"	"453.068239"	"190"	"3.6e+06"	B	"20523.6290"	"42589.1721"	"3d5.(4G).4s"	"a 5G"	"4"	"3d5.(4G).4p"	"z 5G*"	"5"		"T4913"	"L14866"	
"453.07379"	"453.073802"	"770"	"1.58e+07"	B	"20523.8999"	"42589.1721"	"3d5.(4G).4s"	"a 5G"	"5"	"3d5.(4G).4p"	"z 5G*"	"5"		"T4913"	"L14866"	
"453.09243"	"453.092389"	"10"	"6.5e+05"	D	"24303.9025"	"46368.2695"	"3d5.(4D).4s"	"b 5D"	"3"	"3d4.(3F1).4s.4p.(3P*)"	"w 5D*"	"3"		"T3963"	"L14866"	
"453.12305"	"453.123012"	"10"	"1.0e+06"	D	"24286.5418"	"46349.4177"	"3d5.(4D).4s"	"b 5D"	"1"	"3d4.(3F1).4s.4p.(3P*)"	"w 5D*"	"2"		"T3963"	"L14866"	
"453.144"	"453.1441"	"1"	""		"33039.969"	"55101.82"	"3d5.(2F1).4s"	"b 3F"	"2"	"3d5.(2D1).4p"	"v 3F*"	"3"		""	"L808"	
"453.1825"	"453.18239"	"2"	""		"33060.661"	"55120.646"	"3d5.(2F1).4s"	"b 3F"	"3"	"3d5.(4G).5p"	"u 3F*"	"4"		""	"L14866"	
"453.271"	"453.2683"	"2"	""		"35501.1774"	"57556.98"	"3d6"	"c 5D"	"3"	"3d5.(2F1).4p"	"t 3G*"	"3"		""	"L808"	
"453.27496"	"453.27493"	"12"	""		"27597.2409"	"49652.7224"	"3d4.4s2"	"b 3G"	"3"	"3d5.(4D).4p"	"x 3F*"	"2"		""	"L14866"	
"453.324"	"453.32817"	"2"	""		"27597.2409"	"49650.1320"	"3d4.4s2"	"b 3G"	"3"	"3d5.(4D).4p"	"x 3F*"	"3"		""	"L808"	
"453.480"	"453.479849"	"4"	""		"24303.9025"	"46349.4177"	"3d5.(4D).4s"	"b 5D"	"3"	"3d4.(3F1).4s.4p.(3P*)"	"w 5D*"	"2"		""	"L808"	
"453.51357"	"453.513583"	"170"	"3.8e+06"	B	"20520.9029"	"42564.7783"	"3d5.(4G).4s"	"a 5G"	"3"	"3d5.(4G).4p"	"z 5G*"	"4"		"u10,T4913"	"L14866"	
"453.56966"	"453.569676"	"600"	"1.49e+07"	B	"20523.6290"	"42564.7783"	"3d5.(4G).4s"	"a 5G"	"4"	"3d5.(4G).4p"	"z 5G*"	"4"		"T4913"	"L14866"	
"453.57524"	"453.575250"	"120"	"2.5e+06"	C+	"20523.8999"	"42564.7783"	"3d5.(4G).4s"	"a 5G"	"5"	"3d5.(4G).4p"	"z 5G*"	"4"		"T4913"	"L14866"	
"453.6542"	"453.654679"	"4"	""		"26787.4640"	"48824.4834"	"3d5.(6S).4p"	"z 5P*"	"3"	"3d4.4s.5s"	"f 5D"	"4"		""	"L808"	
"453.97810"	"453.97810"	"110"	"3.2e+06"	B	"20517.4222"	"42538.7424"	"3d5.(4G).4s"	"a 5G"	"2"	"3d5.(4G).4p"	"z 5G*"	"3"		"u10,T4913"	"L14866"	
"454.04984"	"454.04987"	"500"	"1.50e+07"	B	"20520.9029"	"42538.7424"	"3d5.(4G).4s"	"a 5G"	"3"	"3d5.(4G).4p"	"z 5G*"	"3"		"u10,T4913"	"L14866"	
"454.07044"	"454.070408"	"460"	"3.14e+07"	B	"25038.4981"	"47055.3416"	"3d5.(4G).4s"	"a 3G"	"5"	"3d5.(4G).4p"	"y 3G*"	"5"		"u10"	"L14866"	
"454.07935"	"454.079368"	"12"	""		"25038.4981"	"47054.9072"	"3d5.(4G).4s"	"a 3G"	"5"	"3d5.(4G).4p"	"y 3G*"	"4"		""	"L14866"	
"454.08568"	"454.085666"	"14"	""		"24093.1182"	"46109.2219"	"3d4.4s2"	"a 3P"	"2"	"3d5.(4P).4p"	"y 3D*"	"2"		""	"L14866"	
"454.10606"	"454.10609"	"120"	"3.4e+06"	B	"20523.6290"	"42538.7424"	"3d5.(4G).4s"	"a 5G"	"4"	"3d5.(4G).4p"	"z 5G*"	"3"		"u10,T4913"	"L14866"	
"454.15066"	"454.150675"	"57"	"3.8e+06"	D	"24833.7957"	"46846.7480"	"3d5.(4G).4s"	"a 3G"	"3"	"3d4.(3H).4s.4p.(3P*)"	"z 3G*"	"3"		"T3963"	"L14866"	
"454.17647"	"454.176464"	"4"	""		"24286.5418"	"46298.2442"	"3d5.(4D).4s"	"b 5D"	"1"	"3d4.(3F1).4s.4p.(3P*)"	"w 5D*"	"1"		""	"L14866"	
"454.264"	"454.261650"	"35*"	""		"24897.4635"	"46905.0382"	"3d5.(4G).4s"	"a 3G"	"4"	"3d4.(3H).4s.4p.(3P*)"	"z 3G*"	"4"		""	"L808"	
"454.264"	"454.26455"	"35*"	""		"33113.212"	"55120.646"	"3d5.(2F1).4s"	"b 3F"	"4"	"3d5.(4G).5p"	"u 3F*"	"4"		""	"L808"	
"454.37349"	"454.37349"	"18"	"1.0e+06"	D	"24056.0404"	"46058.1980"	"3d4.4s2"	"a 3H"	"5"	"3d5.(4G).4p"	"y 3F*"	"4"		"T3963"	"L14866"	
"454.46119"	"454.46119"	"440"	"1.69e+07"	B	"20517.4222"	"42515.3342"	"3d5.(4G).4s"	"a 5G"	"2"	"3d5.(4G).4p"	"z 5G*"	"2"		"T4913"	"L14866"	
"454.53310"	"454.53311"	"90"	"3.4e+06"	B	"20520.9029"	"42515.3342"	"3d5.(4G).4s"	"a 5G"	"3"	"3d5.(4G).4p"	"z 5G*"	"2"		"T4913"	"L14866"	
"454.59527"	"454.595302"	"930"	"2.7e+06"	B	"7593.1484"	"29584.5708"	"3d5.(6S).4s"	"a 5S"	"2"	"3d4.(5D).4s.4p.(3P*)"	"y 5P*"	"2"		"T4624,T4913"	"L14866"	
"454.653"	"454.65140"	"1*"	""		"31048.7488"	"53037.458"	"3d5.(2D3).4s"	"b 3D"	"1"	"3d4.(3D).4s.4p.(3P*)"	"r 5F*"	"2"		""	"L808"	
"454.653"	"454.6535"	"1*"	""		"33113.212"	"55101.82"	"3d5.(2F1).4s"	"b 3F"	"4"	"3d5.(2D1).4p"	"v 3F*"	"3"		""	"L808"	
"454.794"	"454.79583"	"2"	""		"28679.4239"	"50661.150"	"3d5.(4D).4s"	"a 3D"	"1"	"3d5.(4D).4p"	"u 5D*"	"0"		""	"L808"	
"454.8207"	"454.82070"	"5"	""		"28682.2050"	"50662.729"	"3d5.(4D).4s"	"a 3D"	"2"	"3d5.(4D).4p"	"u 5D*"	"1"		""	"L808"	
"454.8652"	"454.86508"	"3"	"2.8e+06"	E	"33762.6622"	"55741.042"	"3d5.(2I).4s"	"b 1I"	"6"	"3d5.(2I).4p"	"x 3I*"	"6"		"T4913"	"L808"	
"455.2877"	"455.28683"	"7"	""		"36034.1524"	"57992.173"	"3d4.(5D).4s.4p.(3P*)"	"z 3F*"	"3"	""	"e 3G"	"4"		""	"L808"	
"455.395"	"455.3947"	"18"	"1.2e+07"	D	"33039.969"	"54992.79"	"3d5.(2F1).4s"	"b 3F"	"2"	"3d5.(2D1).4p"	"v 3F*"	"2"		"T3963"	"L808"	
"455.48204"	"455.481999"	"33"	"2.0e+06"	D	"25106.2953"	"47054.9072"	"3d4.4s2"	"a 3F"	"3"	"3d5.(4G).4p"	"y 3G*"	"4"		"T4288"	"L14866"	
"455.50823"	"455.50822"	"31"	""		"25038.4981"	"46985.8465"	"3d5.(4G).4s"	"a 3G"	"5"	"3d4.(3H).4s.4p.(3P*)"	"z 3G*"	"5"		""	"L14866"	
"455.52886"	"455.52878"	"16"	"2.9e+06"	D	"27703.7743"	"49650.1320"	"3d4.4s2"	"b 3G"	"4"	"3d5.(4D).4p"	"x 3F*"	"3"		"T4288"	"L14866"	
"455.61676"	"455.616745"	"99"	"7.7e+06"	D	"25106.2953"	"47048.4161"	"3d4.4s2"	"a 3F"	"3"	"3d5.(4G).4p"	"y 3G*"	"3"		"T3963"	"L14866"	
"455.8246"	"455.8243"	"8"	""		"33060.661"	"54992.79"	"3d5.(2F1).4s"	"b 3F"	"3"	"3d5.(2D1).4p"	"v 3F*"	"2"		""	"L808"	
"456.001"	"456.00016"	"1"	""		"33762.6622"	"55686.334"	"3d5.(2I).4s"	"b 1I"	"6"	"3d5.(2I).4p"	"x 3I*"	"5"		""	"L808"	
"456.026"	"456.02507"	"1"	""		"27597.2409"	"49519.7149"	"3d4.4s2"	"b 3G"	"3"	"3d4.(3G).4s.4p.(3P*)"	"w 5G*"	"3"		""	"L808"	
"456.051"	"456.04890"	"1"	""		"20517.4222"	"42438.751"	"3d5.(4G).4s"	"a 5G"	"2"	"3d4.(3P1).4s.4p.(3P*)"	"x 5D*"	"2"		""	"L808"	
"456.120"	"456.12132"	"2"	""		"20520.9029"	"42438.751"	"3d5.(4G).4s"	"a 5G"	"3"	"3d4.(3P1).4s.4p.(3P*)"	"x 5D*"	"2"		""	"L808"	
"456.151"	"456.14335"	"10w*"	""		"27703.7743"	"49620.5640"	"3d4.4s2"	"b 3G"	"4"	"3d5.(4D).4p"	"x 3F*"	"4"		""	"L808"	
"456.151"	"456.1500"	"10w*"	""		"33039.969"	"54956.44"	"3d5.(2F1).4s"	"b 3F"	"2"	"3d4.(3D).4s.4p.(3P*)"	"v 3D*"	"1"		""	"L808"	
"456.32440"	"456.32442"	"20"	"1.0e+07"	D	"31055.2777"	"52963.371"	"3d5.(2I).4s"	"a 3I"	"5"	"3d4.(1G1).4s.4p.(3P*)"	"x 3H*"	"4"		"T4288"	"L14866"	
"456.34094"	"456.34088"	"7"	"5.5e+05"	D	"24093.1182"	"46000.4213"	"3d4.4s2"	"a 3P"	"2"	"3d5.(4G).4p"	"y 3F*"	"3"		"T3963"	"L14866"	
"456.36484"	"456.36482"	"30"	"2.3e+06"	D	"24940.594"	"46846.7480"	"3d4.4s2"	"a 3F"	"2"	"3d4.(3H).4s.4p.(3P*)"	"z 3G*"	"3"		"T3963"	"L14866"	
"456.41551"	"456.41555"	"41"	"5.1e+07"	D	"38537.591"	"60441.310"	"3d5.(2H).4s"	"a 1H"	"5"	"3d5.(2H).4p"	"x 1I*"	"6"		"T4288"	"L14866"	
"456.55041"	"456.550391"	"250"	"4.1e+05"	B	"7927.4410"	"29824.6909"	"3d4.4s2"	"a 5D"	"2"	"3d4.(5D).4s.4p.(3P*)"	"y 5P*"	"3"		"T4624,T4913"	"L14866"	
"456.6593"	"456.659047"	"3"	""		"24282.3486"	"46174.3884"	"3d5.(4D).4s"	"b 5D"	"4"	"3d5.(4P).4p"	"y 3D*"	"3"		""	"L14866"	
"456.7018"	"456.70158"	"2"	""		"38537.591"	"60427.592"	"3d5.(2H).4s"	"a 1H"	"5"	"3d5.(2H).4p"	"v 3I*"	"5"		""	"L808"	
"456.95235"	"456.952361"	"55"	""		"25177.3539"	"47055.3416"	"3d4.4s2"	"a 3F"	"4"	"3d5.(4G).4p"	"y 3G*"	"5"		""	"L14866"	
"456.96146"	"456.96143"	"130"	"8.2e+06"	D	"25177.3539"	"47054.9072"	"3d4.4s2"	"a 3F"	"4"	"3d5.(4G).4p"	"y 3G*"	"4"		"T3963"	"L14866"	
"457.023"	"457.024248"	"1w"	""		"24299.8419"	"46174.3884"	"3d5.(4D).4s"	"b 5D"	"2"	"3d5.(4P).4p"	"y 3D*"	"3"		""	"L808"	
"457.034"	"457.03474"	"6"	""		"26787.4640"	"48661.5083"	"3d5.(6S).4p"	"z 5P*"	"3"	"3d4.4s.5s"	"f 5D"	"3"		""	"L808"	
"457.0515"	"457.05152"	"3"	""		"24093.1182"	"45966.3597"	"3d4.4s2"	"a 3P"	"2"	"3d5.(4G).4p"	"y 3F*"	"2"		""	"L14866"	
"457.09719"	"457.09706"	"8"	"4.3e+05"	E	"25177.3539"	"47048.4161"	"3d4.4s2"	"a 3F"	"4"	"3d5.(4G).4p"	"y 3G*"	"3"		"T3963"	"L14866"	
"457.10908"	"457.109103"	"16"	"9.5e+05"	D	"24303.9025"	"46174.3884"	"3d5.(4D).4s"	"b 5D"	"3"	"3d5.(4P).4p"	"y 3D*"	"3"		"T3963"	"L14866"	
"457.16715"	"457.16716"	"480"	"3.6e+06"	D	"20519.5515"	"42387.260"	"3d5.(4G).4s"	"a 5G"	"6"	"3d4.(3H).4s.4p.(3P*)"	"z 5H*"	"7"		"T3963"	"L14866"	
"457.18239"	"457.18244"	"29"	""		"31047.9572"	"52914.9351"	"3d5.(2I).4s"	"a 3I"	"7"	"3d4.(1G1).4s.4p.(3P*)"	"x 3H*"	"6"		""	"L14866"	
"457.2187"	"457.21879"	"3"	""		"26796.2691"	"48661.5083"	"3d5.(6S).4p"	"z 5P*"	"2"	"3d4.4s.5s"	"f 5D"	"3"		""	"L14866"	
"457.338"	"457.33554"	"1"	""		"31055.2777"	"52914.9351"	"3d5.(2I).4s"	"a 3I"	"5"	"3d4.(1G1).4s.4p.(3P*)"	"x 3H*"	"6"		""	"L808"	
"457.394"	"457.39897"	"3"	""		"27597.2409"	"49453.867"	"3d4.4s2"	"b 3G"	"3"	"3d4.(3F1).4s.4p.(3P*)"	"w 3G*"	"4"		""	"L808"	
"457.44491"	"457.44492"	"7"	""		"24833.7957"	"46688.2265"	"3d5.(4G).4s"	"a 3G"	"3"	"3d4.(3G).4s.4p.(3P*)"	"w 5F*"	"3"		""	"L14866"	
"457.51071"	"457.51071"	"56"	"6.8e+06"	D	"27176.1072"	"49027.3953"	"3d5.(4P).4s"	"b 3P"	"1"	"3d4.(3P1).4s.4p.(3P*)"	"x 3D*"	"2"		"T4288"	"L14866"	
"457.67649"	"457.67661"	"4"	""		"24833.7957"	"46677.1634"	"3d5.(4G).4s"	"a 3G"	"3"	"3d4.(3G).4s.4p.(3P*)"	"w 5F*"	"2"		""	"L14866"	
"457.83166"	"457.83167"	"21"	"4.0e+06"	D	"31049.2155"	"52885.185"	"3d5.(2I).4s"	"a 3I"	"6"	"3d4.(1G1).4s.4p.(3P*)"	"x 3H*"	"5"		"T3963"	"L14866"	
"457.95876"	"457.95882"	"4"	""		"31055.2777"	"52885.185"	"3d5.(2I).4s"	"a 3I"	"5"	"3d4.(1G1).4s.4p.(3P*)"	"x 3H*"	"5"		""	"L14866"	
"458.00477"	"458.004789"	"560"	"2.4e+06"	B	"7593.1484"	"29420.8645"	"3d5.(6S).4s"	"a 5S"	"2"	"3d4.(5D).4s.4p.(3P*)"	"y 5P*"	"1"		"T4913"	"L14866"	
"458.10362"	"458.103609"	"14"	""		"24897.4635"	"46720.4711"	"3d5.(4G).4s"	"a 3G"	"4"	"3d4.(3G).4s.4p.(3P*)"	"w 5F*"	"4"		""	"L14866"	
"458.204"	"458.20023"	"2w*"	""		"27816.7783"	"49635.184"	"3d4.4s2"	"b 3G"	"5"	"3d4.(3G).4s.4p.(3P*)"	"w 5G*"	"6"		""	"L808"	
"458.204"	"458.20871"	"2w*"	""		"35884.255"	"57702.257"	"3d5.(2H).4s"	"b 3H"	"5"	"3d5.(2F1).4p"	"t 3G*"	"5"		""	"L808"	
"458.204"	"458.2103"	"2w*"	""		"31986.786"	"53804.711"	"3d4.4s2"	"a 1G"	"4"	"3d3.(4F).4s2.4p"	"v 3G*"	"3"		""	"L808"	
"458.240"	"458.2414"	"6"	"3.2e+06"	D	"33113.212"	"54929.66"	"3d5.(2F1).4s"	"b 3F"	"4"	"3d5.(4G).5p"	"v 3H*"	"5"		"T3963"	"L808"	
"458.38980"	"458.389860"	"13"	"1.6e+06"	D	"24299.8419"	"46109.2219"	"3d5.(4D).4s"	"b 5D"	"2"	"3d5.(4P).4p"	"y 3D*"	"2"		"T3963"	"L14866"	
"458.40855"	"458.40851"	"46"	"2.1e+06"	D	"25177.3539"	"46985.8465"	"3d4.4s2"	"a 3F"	"4"	"3d4.(3H).4s.4p.(3P*)"	"z 3G*"	"5"		"T3963"	"L14866"	
"458.47519"	"458.475223"	"8"	"7.5e+05"	D	"24303.9025"	"46109.2219"	"3d5.(4D).4s"	"b 5D"	"3"	"3d5.(4P).4p"	"y 3D*"	"2"		"T3963"	"L14866"	
"458.49342"	"458.49343"	"25"	"3.9e+06"	D	"27222.9417"	"49027.3953"	"3d5.(4P).4s"	"b 3P"	"2"	"3d4.(3P1).4s.4p.(3P*)"	"x 3D*"	"2"		"T3963"	"L14866"	
"458.50747"	"458.50747"	"25"	"3.3e+06"	D	"27816.7783"	"49620.5640"	"3d4.4s2"	"b 3G"	"5"	"3d5.(4D).4p"	"x 3F*"	"4"		"T4288"	"L14866"	
"458.5713"	"458.57089"	"3"	""		"27816.7783"	"49617.5488"	"3d4.4s2"	"b 3G"	"5"	"3d4.(3G).4s.4p.(3P*)"	"w 5G*"	"5"		""	"L808"	
"458.61354"	"458.61354"	"47"	"2.7e+06"	D	"25106.2953"	"46905.0382"	"3d4.4s2"	"a 3F"	"3"	"3d4.(3H).4s.4p.(3P*)"	"z 3G*"	"4"		"T3963"	"L14866"	
"458.6990"	"458.69834"	"8"	""		"24286.5418"	"46081.255"	"3d5.(4D).4s"	"b 5D"	"1"	"3d4.(3F1).4s.4p.(3P*)"	"w 5D*"	"0"		""	"L9190"	
"458.7817"	"458.78149"	"2"	""		"24897.4635"	"46688.2265"	"3d5.(4G).4s"	"a 3G"	"4"	"3d4.(3G).4s.4p.(3P*)"	"w 5F*"	"3"		""	"L14866"	
"458.78705"	"458.78708"	"4"	""		"24286.5418"	"46077.0395"	"3d5.(4D).4s"	"b 5D"	"1"	"3d5.(4P).4p"	"y 3D*"	"1"		""	"L14866"	
"459.04676"	"459.04695"	"4"	""		"36212.1339"	"57990.296"	"3d4.(5D).4s.4p.(3P*)"	"z 3F*"	"4"	""	"e 3G"	"5"		""	"L14866"	
"459.06725"	"459.06728"	"9"	""		"24299.8419"	"46077.0395"	"3d5.(4D).4s"	"b 5D"	"2"	"3d5.(4P).4p"	"y 3D*"	"1"		""	"L14866"	
"459.13908"	"459.139098"	"490"	"1.1e+06"	B	"7810.7795"	"29584.5708"	"3d4.4s2"	"a 5D"	"1"	"3d4.(5D).4s.4p.(3P*)"	"y 5P*"	"2"		"T4624,T4913"	"L14866"	
"459.2538"	"459.25385"	"3"	"1.3e+07"	D	"35933.906"	"57702.257"	"3d5.(2H).4s"	"b 3H"	"6"	"3d5.(2F1).4p"	"t 3G*"	"5"		"T3963"	"L14866"	
"459.38501"	"459.38505"	"4"	""		"26796.2691"	"48558.403"	"3d5.(6S).4p"	"z 5P*"	"2"	"3d4.4s.5s"	"f 5D"	"2"		""	"L14866"	
"459.5039"	"459.50397"	"3"	""		"26801.9009"	"48558.403"	"3d5.(6S).4p"	"z 5P*"	"1"	"3d4.4s.5s"	"f 5D"	"2"		""	"L14866"	
"459.55895"	"459.55894"	"170"	"4.7e+07"	D	"33762.6622"	"55516.562"	"3d5.(2I).4s"	"b 1I"	"6"	"3d5.(2I).4p"	"y 1I*"	"6"		"T1621n"	"L14866"	
"459.6395"	"459.63938"	"3"	""		"27703.7743"	"49453.867"	"3d4.4s2"	"b 3G"	"4"	"3d4.(3F1).4s.4p.(3P*)"	"w 3G*"	"4"		""	"L14866"	
"459.6921"	"459.69137"	"3"	""		"24940.594"	"46688.2265"	"3d4.4s2"	"a 3F"	"2"	"3d4.(3G).4s.4p.(3P*)"	"w 5F*"	"3"		""	"L808"	
"459.84321"	"459.84319"	"23"	""		"25106.2953"	"46846.7480"	"3d4.4s2"	"a 3F"	"3"	"3d4.(3H).4s.4p.(3P*)"	"z 3G*"	"3"		""	"L14866"	
"459.89956"	"459.89971"	"10"	""		"24940.594"	"46678.375"	"3d4.4s2"	"a 3F"	"2"	"3d4.(3G).4s.4p.(3P*)"	"w 5F*"	"1"		""	"L14866"	
"459.925"	"459.92534"	"1"	""		"24940.594"	"46677.1634"	"3d4.4s2"	"a 3F"	"2"	"3d4.(3G).4s.4p.(3P*)"	"w 5F*"	"2"		""	"L808"	
"460.0099"	"460.00957"	"40"	"1.6e+06"	D	"20519.5515"	"42252.141"	"3d5.(4G).4s"	"a 5G"	"6"	"3d4.(3H).4s.4p.(3P*)"	"z 5H*"	"6"		"T4288"	"L9190"	
"460.07485"	"460.074835"	"1190"	"2.5e+06"	B	"8095.1842"	"29824.6909"	"3d4.4s2"	"a 5D"	"3"	"3d4.(5D).4s.4p.(3P*)"	"y 5P*"	"3"		"T4624,T4913"	"L14866"	
"460.10164"	"460.10163"	"270"	"1.5e+06"	D	"20523.8999"	"42252.141"	"3d5.(4G).4s"	"a 5G"	"5"	"3d4.(3H).4s.4p.(3P*)"	"z 5H*"	"6"		"T3963"	"L14866"	
"460.11343"	"460.11342"	"21"	""		"25177.3539"	"46905.0382"	"3d4.4s2"	"a 3F"	"4"	"3d4.(3H).4s.4p.(3P*)"	"z 3G*"	"4"		""	"L14866"	
"460.25078"	"460.25074"	"4"	""		"27816.7783"	"49537.9802"	"3d4.4s2"	"b 3G"	"5"	"3d4.(3F1).4s.4p.(3P*)"	"w 3G*"	"5"		""	"L14866"	
"460.2867"	"460.28908"	"7"	""		"35501.1774"	"57220.570"	"3d6"	"c 5D"	"3"	"3d4.(3D).4s.4p.(3P*)"	"t 3F*"	"2"		""	"L808"	
"460.344"	"460.34316"	"2"	""		"35870.458"	"57587.299"	"3d5.(2H).4s"	"b 3H"	"4"	"3d5.(2F1).4p"	"t 3G*"	"4"		""	"L808"	
"460.384"	"460.3846"	"2"	""		"36577.6545"	"58292.54"	"3d5.(2F2).4s"	"d 3F"	"4"	"3d4.4s.5p"	"r 5D*"	"4"		""	"L808"	
"460.410"	"460.41211"	"2"	""		"27597.2409"	"49310.830"	"3d4.4s2"	"b 3G"	"3"	"3d4.(3P1).4s.4p.(3P*)"	"x 3D*"	"3"		""	"L808"	
"460.459"	"460.46407"	"5w"	""		"26796.2691"	"48507.408"	"3d5.(6S).4p"	"z 5P*"	"2"	"3d4.4s.5s"	"f 5D"	"1"		""	"L808"	
"460.58359"	"460.58354"	"5"	""		"26801.9009"	"48507.408"	"3d5.(6S).4p"	"z 5P*"	"1"	"3d4.4s.5s"	"f 5D"	"1"		""	"L14866"	
"460.6364"	"460.63582"	"15"	"1.2e+07"	D	"35884.255"	"57587.299"	"3d5.(2H).4s"	"b 3H"	"5"	"3d5.(2F1).4p"	"t 3G*"	"4"		"T3963"	"L808"	
"460.692"	"460.68813"	"1w"	""		"24299.8419"	"46000.4213"	"3d5.(4D).4s"	"b 5D"	"2"	"3d5.(4G).4p"	"y 3F*"	"3"		""	"L808"	
"460.750"	"460.75054"	"1"	""		"33113.212"	"54810.852"	"3d5.(2F1).4s"	"b 3F"	"4"	"3d5.(4G).5p"	"v 3H*"	"4"		""	"L808"	
"460.9896"	"460.9868"	"8*"	""		"35870.458"	"57556.98"	"3d5.(2H).4s"	"b 3H"	"4"	"3d5.(2F1).4p"	"t 3G*"	"3"		""	"L808"	
"460.9896"	"460.99367"	"8*"	""		"26801.9009"	"48488.098"	"3d5.(6S).4p"	"z 5P*"	"1"	"3d4.4s.5s"	"f 5D"	"0"		""	"L808"	
"461.1056"	"461.10442"	"4"	"2.0e+05"	D	"23933.8561"	"45614.8444"	"3d4.4s2"	"a 3H"	"4"	"3d5.(4G).4p"	"y 5H*"	"4"		"T2268"	"L808"	
"461.19620"	"461.19622"	"32"	"8.0e+06"	D	"27163.1052"	"48839.778"	"3d5.(4P).4s"	"b 3P"	"0"	"3d4.(3P1).4s.4p.(3P*)"	"x 3D*"	"1"		"T3963"	"L14866"	
"461.33573"	"461.335727"	"590"	"2.2e+06"	B	"7750.7465"	"29420.8645"	"3d4.4s2"	"a 5D"	"0"	"3d4.(5D).4s.4p.(3P*)"	"y 5P*"	"1"		"T4624,T4913"	"L14866"	
"461.41468"	"461.414712"	"21"	""		"25038.4981"	"46704.9067"	"3d5.(4G).4s"	"a 3G"	"5"	"3d4.(3G).4s.4p.(3P*)"	"w 5F*"	"5"		""	"L14866"	
"461.45106"	"461.45110"	"45"	"5.7e+06"	D	"31055.2777"	"52719.978"	"3d5.(2I).4s"	"a 3I"	"5"	"3d4.(3G).4s.4p.(3P*)"	"3G*"	"4"		"T3963"	"L14866"	
"461.47304"	"461.47302"	"22"	""		"27176.1072"	"48839.778"	"3d5.(4P).4s"	"b 3P"	"1"	"3d4.(3P1).4s.4p.(3P*)"	"x 3D*"	"1"		""	"L14866"	
"461.61240"	"461.612404"	"1360"	"4.1e+06"	B	"7927.4410"	"29584.5708"	"3d4.4s2"	"a 5D"	"2"	"3d4.(5D).4s.4p.(3P*)"	"y 5P*"	"2"		"T4624,T4913"	"L14866"	
"461.737"	"461.73701"	"2"	"5.1e+04"	D	"24056.0404"	"45707.3259"	"3d4.4s2"	"a 3H"	"5"	"3d5.(4G).4p"	"y 5H*"	"6"		"T2268"	"L808"	
"461.7560"	"461.7545"	"2"	""		"36552.1351"	"58202.60"	"3d5.(2F2).4s"	"d 3F"	"3"	"3d5.(2F1).4p"	"s 3F*"	"3"		""	"L808"	
"461.95328"	"461.953289"	"190"	"1.6e+07"	D	"24093.1182"	"45734.2670"	"3d4.4s2"	"a 3P"	"2"	"3d5.(4P).4p"	"y 3P*"	"2"		"T3963"	"L14866"	
"462.040"	"462.03997"	"2"	""		"27816.7783"	"49453.867"	"3d4.4s2"	"b 3G"	"5"	"3d4.(3F1).4s.4p.(3P*)"	"w 3G*"	"4"		""	"L808"	
"462.147"	"462.14552"	"2"	""		"23933.8561"	"45566.0035"	"3d4.4s2"	"a 3H"	"4"	"3d5.(4G).4p"	"y 5H*"	"3"		""	"L808"	
"462.19418"	"462.19418"	"220"	""		"20523.6290"	"42153.499"	"3d5.(4G).4s"	"a 5G"	"4"	"3d4.(3H).4s.4p.(3P*)"	"z 5H*"	"5"		""	"L14866"	
"462.24491"	"462.24492"	"83"	"4.1e+07"	D	"28636.9634"	"50264.4589"	"3d5.(4D).4s"	"a 3D"	"3"	"3d5.(4D).4p"	"w 3D*"	"3"		"T4288"	"L14866"	
"462.27475"	"462.27478"	"71"	"1.1e+07"	D	"24093.1182"	"45719.2168"	"3d4.4s2"	"a 3P"	"2"	"3d5.(4P).4p"	"y 3P*"	"1"		"T4288"	"L14866"	
"462.52969"	"462.52978"	"6"	""		"25106.2953"	"46720.4711"	"3d4.4s2"	"a 3F"	"3"	"3d4.(3G).4s.4p.(3P*)"	"w 5F*"	"4"		""	"L14866"	
"462.5652"	"462.56527"	"4"	""		"31047.9572"	"52660.475"	"3d5.(2I).4s"	"a 3I"	"7"	"3d4.(1I).4s.4p.(3P*)"	"y 3I*"	"6"		""	"L14866"	
"462.59217"	"462.59220"	"89"	"1.2e+07"	D	"31049.2155"	"52660.475"	"3d5.(2I).4s"	"a 3I"	"6"	"3d4.(1I).4s.4p.(3P*)"	"y 3I*"	"6"		"T4288"	"L14866"	
"462.61734"	"462.617342"	"1100"	"5.0e+06"	B	"7810.7795"	"29420.8645"	"3d4.4s2"	"a 5D"	"1"	"3d4.(5D).4s.4p.(3P*)"	"y 5P*"	"1"		"T4624,T4913"	"L14866"	
"462.6786"	"462.67874"	"3"	""		"24056.0404"	"45663.2579"	"3d4.4s2"	"a 3H"	"5"	"3d5.(4G).4p"	"y 5H*"	"5"		""	"L14866"	
"462.7406"	"462.74058"	"3"	""		"36558.446"	"58162.776"	"3d5.(2F2).4s"	"d 3F"	"2"	"3d5.(2F1).4p"	"s 3F*"	"2"		""	"L14866"	
"462.7652"	"462.7634"	"8"	""		"41043.3464"	"62646.61"	"3d4.(5D).4s.4p.(1P*)"	"x 5P*"	"3"	"3d5.(4G).4d"	"f 5G"	"2"		""	"L808"	
"462.84607"	"462.84595"	"5"	"1.2e+06"	D	"25359.6141"	"46959.0255"	"3d4.(5D).4s.4p.(3P*)"	"z 7F*"	"4"	"3d4.4s.5s"	"f 7D"	"5"		"T4288"	"L14866"	
"463.0439"	"463.0442"	"5"	""		"36577.6545"	"58167.82"	"3d5.(2F2).4s"	"d 3F"	"4"	"3d5.(2F1).4p"	"s 3F*"	"4"		""	"L808"	
"463.21391"	"463.21391"	"21"	""		"28682.2050"	"50264.4589"	"3d5.(4D).4s"	"a 3D"	"2"	"3d5.(4D).4p"	"w 3D*"	"3"		""	"L14866"	
"463.32548"	"463.32553"	"13"	"2.0e+06"	D	"25205.9980"	"46783.0528"	"3d4.(5D).4s.4p.(3P*)"	"z 7F*"	"3"	"3d4.4s.5s"	"f 7D"	"4"		"T4288"	"L14866"	
"463.4581"	"463.45842"	"4"	""		"25106.2953"	"46677.1634"	"3d4.4s2"	"a 3F"	"3"	"3d4.(3G).4s.4p.(3P*)"	"w 5F*"	"2"		""	"L14866"	
"463.5426"	"463.5402"	"6"	""		"33906.539"	"55473.60"	"3d4.4s2"	"c 3D"	"1"	"3d5.(4G).5p"	"u 3F*"	"2"		""	"L808"	
"463.71736"	"463.71735"	"170"	""		"20520.9029"	"42079.7263"	"3d5.(4G).4s"	"a 5G"	"3"	"3d4.(3H).4s.4p.(3P*)"	"z 5H*"	"4"		""	"L14866"	
"463.77598"	"463.77599"	"160"	""		"20523.6290"	"42079.7263"	"3d5.(4G).4s"	"a 5G"	"4"	"3d4.(3H).4s.4p.(3P*)"	"z 5H*"	"4"		""	"L14866"	
"463.78183"	"463.78182"	"14"	""		"20523.8999"	"42079.7263"	"3d5.(4G).4s"	"a 5G"	"5"	"3d4.(3H).4s.4p.(3P*)"	"z 5H*"	"4"		""	"L14866"	
"463.95071"	"463.95068"	"22"	"9.5e+06"	D	"25089.2497"	"46637.2307"	"3d4.(5D).4s.4p.(3P*)"	"z 7F*"	"2"	"3d4.4s.5s"	"f 7D"	"3"		"T1621n"	"L14866"	
"463.96675"	"463.96691"	"7"	"7.7e+06"	D	"28636.9634"	"50184.191"	"3d5.(4D).4s"	"a 3D"	"3"	"3d5.(4D).4p"	"w 3D*"	"2"		"T3963"	"L14866"	
"464.0556"	"464.05543"	"4"	""		"25177.3539"	"46720.4711"	"3d4.4s2"	"a 3F"	"4"	"3d4.(3G).4s.4p.(3P*)"	"w 5F*"	"4"		""	"L14866"	
"464.068"	"464.06886"	"1"	""		"31049.2155"	"52591.7094"	"3d5.(2I).4s"	"a 3I"	"6"	"3d4.(1I).4s.4p.(3P*)"	"y 3I*"	"5"		""	"L808"	
"464.082"	"464.08303"	"1"	""		"37233.423"	"58775.259"	"3d5.(2G2).4s"	"c 3G"	"5"	"3d5.(2H).4p"	"t 3H*"	"6"		""	"L808"	
"464.149"	"464.1475"	"3"	"3.8e+06"	D	"33934.757"	"55473.60"	"3d4.4s2"	"c 3D"	"3"	"3d5.(4G).5p"	"u 3F*"	"2"		"T3963"	"L808"	
"464.169"	"464.1660"	"4*"	""		"33935.613"	"55473.60"	"3d4.4s2"	"c 3D"	"2"	"3d5.(4G).5p"	"u 3F*"	"2"		""	"L808"	
"464.169"	"464.1755"	"4*"	""		"33671.5273"	"55209.07"	"3d4.(5D).4s.4p.(3P*)"	"z 5D*"	"3"	"3d4.4s.5s"	"g 5D"	"4"		""	"L808"	
"464.19946"	"464.19949"	"51"	"6.0e+06"	D	"31055.2777"	"52591.7094"	"3d5.(2I).4s"	"a 3I"	"5"	"3d4.(1I).4s.4p.(3P*)"	"y 3I*"	"5"		"T4288"	"L14866"	
"464.24176"	"464.241695"	"5"	""		"24833.7957"	"46368.2695"	"3d5.(4G).4s"	"a 3G"	"3"	"3d4.(3F1).4s.4p.(3P*)"	"w 5D*"	"3"		""	"L14866"	
"464.39094"	"464.39095"	"8"	""		"25177.3539"	"46704.9067"	"3d4.4s2"	"a 3F"	"4"	"3d4.(3G).4s.4p.(3P*)"	"w 5F*"	"5"		""	"L14866"	
"464.61620"	"464.616212"	"2400"	"8.7e+06"	B	"8307.5753"	"29824.6909"	"3d4.4s2"	"a 5D"	"4"	"3d4.(5D).4s.4p.(3P*)"	"y 5P*"	"3"		"T4624,T4913"	"L14866"	
"464.64849"	"464.648466"	"37"	"5.8e+06"	D	"24833.7957"	"46349.4177"	"3d5.(4G).4s"	"a 3G"	"3"	"3d4.(3F1).4s.4p.(3P*)"	"w 5D*"	"2"		"T3963"	"L14866"	
"464.67747"	"464.67747"	"29"	"7.8e+06"	D	"25010.6397"	"46524.9187"	"3d4.(5D).4s.4p.(3P*)"	"z 7F*"	"1"	"3d4.4s.5s"	"f 7D"	"2"		"T3963"	"L14866"	
"464.81155"	"464.81154"	"157"	"1.8e+06"	D	"20517.4222"	"42025.4956"	"3d5.(4G).4s"	"a 5G"	"2"	"3d4.(3H).4s.4p.(3P*)"	"z 5H*"	"3"		"T3963"	"L14866"	
"464.833"	"464.83198"	"2"	"1.5e+05"	D	"24200.1980"	"45707.3259"	"3d4.4s2"	"a 3H"	"6"	"3d5.(4G).4p"	"y 5H*"	"6"		"T2268"	"L808"	
"464.88677"	"464.88678"	"82"	""		"20520.9029"	"42025.4956"	"3d5.(4G).4s"	"a 5G"	"3"	"3d4.(3H).4s.4p.(3P*)"	"z 5H*"	"3"		""	"L14866"	
"464.94318"	"464.94314"	"20"	""		"28682.2050"	"50184.191"	"3d5.(4D).4s"	"a 3D"	"2"	"3d5.(4D).4p"	"w 3D*"	"2"		""	"L14866"	
"465.1291"	"465.128365"	"75"	"3.6e+06"	B	"7927.4410"	"29420.8645"	"3d4.4s2"	"a 5D"	"2"	"3d4.(5D).4s.4p.(3P*)"	"y 5P*"	"1"		"T4624,T4913"	"L9190"	
"465.21573"	"465.215743"	"1750"	"5.8e+06"	B	"8095.1842"	"29584.5708"	"3d4.4s2"	"a 5D"	"3"	"3d4.(5D).4s.4p.(3P*)"	"y 5P*"	"2"		"T4913"	"L14866"	
"465.47242"	"465.47242"	"29"	"9.1e+06"	D	"24971.092"	"46448.6289"	"3d4.(5D).4s.4p.(3P*)"	"z 7F*"	"0"	"3d4.4s.5s"	"f 7D"	"1"		"T3963"	"L14866"	
"465.61834"	"465.618342"	"49"	"3.27e+06"	B	"24897.4635"	"46368.2695"	"3d5.(4G).4s"	"a 3G"	"4"	"3d4.(3F1).4s.4p.(3P*)"	"w 5D*"	"3"		"u10"	"L14866"	
"465.68141"	"465.68137"	"8"	"1.1e+07"	D	"38537.591"	"60005.491"	"3d5.(2H).4s"	"a 1H"	"5"	"3d5.(2G1).4p"	"x 1H*"	"5"		"T3963"	"L14866"	
"466.120"	"466.119421"	"2"	""		"24286.5418"	"45734.2670"	"3d5.(4D).4s"	"b 5D"	"1"	"3d5.(4P).4p"	"y 3P*"	"2"		""	"L808"	
"466.188"	"466.1847"	"2w"	""		"33542.0985"	"54986.82"	"3d4.(5D).4s.4p.(3P*)"	"z 5D*"	"2"	"3d4.4s.5s"	"g 5D"	"3"		""	"L808"	
"466.242"	"466.24035"	"2"	""		"24277.0546"	"45719.2168"	"3d5.(4D).4s"	"b 5D"	"0"	"3d5.(4P).4p"	"y 3P*"	"1"		""	"L808"	
"466.33112"	"466.33111"	"58"	"2.0e+07"	D	"25010.6397"	"46448.6289"	"3d4.(5D).4s.4p.(3P*)"	"z 7F*"	"1"	"3d4.4s.5s"	"f 7D"	"1"		"T3963"	"L14866"	
"466.38159"	"466.38159"	"82"	""		"25089.2497"	"46524.9187"	"3d4.(5D).4s.4p.(3P*)"	"z 7F*"	"2"	"3d4.4s.5s"	"f 7D"	"2"		""	"L14866"	
"466.47815"	"466.47813"	"91"	""		"25205.9980"	"46637.2307"	"3d4.(5D).4s.4p.(3P*)"	"z 7F*"	"3"	"3d4.4s.5s"	"f 7D"	"3"		""	"L14866"	
"466.59060"	"466.59061"	"86"	"3.0e+07"	D	"28679.4239"	"50105.4904"	"3d5.(4D).4s"	"a 3D"	"1"	"3d5.(4D).4p"	"w 3D*"	"1"		"T3963"	"L14866"	
"466.61974"	"466.61977"	"74"	"3.6e+06"	D	"23933.8561"	"45358.5837"	"3d4.4s2"	"a 3H"	"4"	"3d5.(4G).4p"	"z 3H*"	"4"		"T3963"	"L14866"	
"466.65117"	"466.65118"	"34"	""		"28682.2050"	"50105.4904"	"3d5.(4D).4s"	"a 3D"	"2"	"3d5.(4D).4p"	"w 3D*"	"1"		""	"L14866"	
"466.71635"	"466.71635"	"31"	""		"23933.8561"	"45354.1500"	"3d4.4s2"	"a 3H"	"4"	"3d5.(4G).4p"	"z 3H*"	"5"		""	"L14866"	
"466.771"	"466.7698"	"1"	""		"33934.757"	"55352.60"	"3d4.4s2"	"c 3D"	"3"	"3d5.(4G).5p"	"u 3F*"	"3"		""	"L808"	
"466.7894"	"466.7884"	"2"	""		"33935.613"	"55352.60"	"3d4.4s2"	"c 3D"	"2"	"3d5.(4G).5p"	"u 3F*"	"3"		""	"L808"	
"466.93166"	"466.93168"	"52"	"9.08e+06"	B	"25548.6093"	"46959.0255"	"3d4.(5D).4s.4p.(3P*)"	"z 7F*"	"5"	"3d4.4s.5s"	"f 7D"	"5"		"u10"	"L14866"	
"466.967"	"466.96641"	"10"	""		"24940.594"	"46349.4177"	"3d4.4s2"	"a 3F"	"2"	"3d4.(3F1).4s.4p.(3P*)"	"w 5D*"	"2"		""	"L808"	
"467.008"	"467.0087"	"1"	""		"35813.685"	"57220.570"	"3d5.(4F).4s"	"c 3F"	"3"	"3d4.(3D).4s.4p.(3P*)"	"t 3F*"	"2"		""	"L808"	
"467.277"	"467.27480"	"5w"	""		"33423.7845"	"54818.479"	"3d4.(5D).4s.4p.(3P*)"	"z 5D*"	"1"	"3d4.4s.5s"	"g 5D"	"2"		""	"L808"	
"467.316"	"467.3110"	"10w"	""		"33816.0334"	"55209.07"	"3d4.(5D).4s.4p.(3P*)"	"z 5D*"	"4"	"3d4.4s.5s"	"g 5D"	"4"		""	"L808"	
"467.503"	"467.51015"	"4w"	""		"25038.4981"	"46422.4223"	"3d5.(4G).4s"	"a 3G"	"5"	"3d4.(3F1).4s.4p.(3P*)"	"w 5D*"	"4"		""	"L808"	
"467.580"	"467.57608"	"2w"	""		"24282.3486"	"45663.2579"	"3d5.(4D).4s"	"b 5D"	"4"	"3d5.(4G).4p"	"y 5H*"	"5"		""	"L808"	
"467.630"	"467.6230"	"8w"	""		"35807.707"	"57186.47"	"3d5.(4F).4s"	"c 3F"	"2"	""	"p 5F*"	"3"		""	"L808"	
"467.762"	"467.76037"	"4w"	""		"23933.8561"	"45306.3417"	"3d4.4s2"	"a 3H"	"4"	"3d4.(3F1).4s.4p.(3P*)"	"x 5F*"	"5"		""	"L808"	
"468.04738"	"468.04740"	"36"	""		"25089.2497"	"46448.6289"	"3d4.(5D).4s.4p.(3P*)"	"z 7F*"	"2"	"3d4.4s.5s"	"f 7D"	"1"		""	"L14866"	
"468.0864"	"468.08529"	"35"	"1.6e+07"	D	"24940.594"	"46298.2442"	"3d4.4s2"	"a 3F"	"2"	"3d4.(3F1).4s.4p.(3P*)"	"w 5D*"	"1"		"T4288"	"L808"	
"468.45945"	"468.459436"	"11"	""		"24833.7957"	"46174.3884"	"3d5.(4G).4s"	"a 3G"	"3"	"3d5.(4P).4p"	"y 3D*"	"3"		""	"L14866"	
"468.620"	"468.6152"	"15"	""		"33338.2563"	"54671.754"	"3d4.(5D).4s.4p.(3P*)"	"z 5D*"	"0"	"3d4.4s.5s"	"g 5D"	"1"		""	"L808"	
"468.93565"	"468.93566"	"82"	"2.3e+07"	D	"25205.9980"	"46524.9187"	"3d4.(5D).4s.4p.(3P*)"	"z 7F*"	"3"	"3d4.4s.5s"	"f 7D"	"2"		"T1621n"	"L14866"	
"469.015"	"469.0155"	"6w"	""		"33671.5273"	"54986.82"	"3d4.(5D).4s.4p.(3P*)"	"z 5D*"	"3"	"3d4.4s.5s"	"g 5D"	"3"		""	"L808"	
"469.2962"	"469.29618"	"4"	""		"24056.0404"	"45358.5837"	"3d4.4s2"	"a 3H"	"5"	"3d5.(4G).4p"	"z 3H*"	"4"		""	"L14866"	
"469.39387"	"469.39388"	"85"	"3.4e+06"	D	"24056.0404"	"45354.1500"	"3d4.4s2"	"a 3H"	"5"	"3d5.(4G).4p"	"z 3H*"	"5"		"T4288"	"L14866"	
"469.51446"	"469.51449"	"44"	"1.5e+06"	D	"24056.0404"	"45348.6792"	"3d4.4s2"	"a 3H"	"5"	"3d5.(4G).4p"	"z 3H*"	"6"		"T4288"	"L14866"	
"469.70499"	"469.70514"	"170"	"5.3e+06"	D	"21840.8096"	"43124.806"	"3d5.(4P).4s"	"a 5P"	"3"	"3d5.(4P).4p"	"z 5S*"	"2"		"T4288"	"L14866"	
"469.73880"	"469.73881"	"27"	"3.1e+06"	D	"27176.1072"	"48458.5780"	"3d5.(4P).4s"	"b 3P"	"1"	"3d4.(3P1).4s.4p.(3P*)"	"x 3P*"	"2"		"T3963"	"L14866"	
"469.84599"	"469.84597"	"140"	"2.2e+07"	D	"25359.6141"	"46637.2307"	"3d4.(5D).4s.4p.(3P*)"	"z 7F*"	"4"	"3d4.4s.5s"	"f 7D"	"3"		"T3963"	"L14866"	
"469.86056"	"469.86023"	"190"	""		"21847.8349"	"43124.806"	"3d5.(4P).4s"	"a 5P"	"2"	"3d5.(4P).4p"	"z 5S*"	"2"		""	"L14866"	
"469.89433"	"469.894346"	"23"	"2.2e+06"	D	"24833.7957"	"46109.2219"	"3d5.(4G).4s"	"a 3G"	"3"	"3d5.(4P).4p"	"y 3D*"	"2"		"T3963"	"L14866"	
"469.9585"	"469.95867"	"25"	"1.3e+07"	D	"33934.757"	"55207.271"	"3d4.4s2"	"c 3D"	"3"	"3d5.(2D1).4p"	"v 3F*"	"4"		"T3963"	"L9190"	
"470.06101"	"470.06113"	"86"	"3.36e+06"	B	"21856.9287"	"43124.806"	"3d5.(4P).4s"	"a 5P"	"1"	"3d5.(4P).4p"	"z 5S*"	"2"		"u10"	"L14866"	
"470.19156"	"470.19164"	"5"	""		"25106.2953"	"46368.2695"	"3d4.4s2"	"a 3F"	"3"	"3d4.(3F1).4s.4p.(3P*)"	"w 5D*"	"3"		""	"L14866"	
"470.274"	"470.27443"	"2"	""		"20523.8999"	"41782.1313"	"3d5.(4G).4s"	"a 5G"	"5"	"3d4.(5D).4s.4p.(1P*)"	"y 5D*"	"4"		""	"L808"	
"470.567"	"470.56580"	"2"	""		"25177.3539"	"46422.4223"	"3d4.4s2"	"a 3F"	"4"	"3d4.(3F1).4s.4p.(3P*)"	"w 5D*"	"4"		""	"L808"	
"470.60892"	"470.608911"	"38"	"3.5e+06"	D	"25106.2953"	"46349.4177"	"3d4.4s2"	"a 3F"	"3"	"3d4.(3F1).4s.4p.(3P*)"	"w 5D*"	"2"		"T4288"	"L14866"	
"470.77482"	"470.77482"	"30"	"3.1e+06"	D	"27222.9417"	"48458.5780"	"3d5.(4P).4s"	"b 3P"	"2"	"3d4.(3P1).4s.4p.(3P*)"	"x 3P*"	"2"		"T3963"	"L14866"	
"470.80125"	"470.80126"	"190"	"4.31e+07"	B	"25548.6093"	"46783.0528"	"3d4.(5D).4s.4p.(3P*)"	"z 7F*"	"5"	"3d4.4s.5s"	"f 7D"	"4"		"u10"	"L14866"	
"471.024"	"471.02400"	"6"	""		"24833.7957"	"46058.1980"	"3d5.(4G).4s"	"a 3G"	"3"	"3d5.(4G).4p"	"y 3F*"	"4"		""	"L808"	
"471.39901"	"471.39906"	"12"	""		"33762.6622"	"54970.178"	"3d5.(2I).4s"	"b 1I"	"6"	"3d5.(2I).4p"	"z 1K*"	"7"		""	"L14866"	
"471.76835"	"471.76834"	"25"	"7.7e+05"	D	"25177.3539"	"46368.2695"	"3d4.4s2"	"a 3F"	"4"	"3d4.(3F1).4s.4p.(3P*)"	"w 5D*"	"3"		"T3963"	"L14866"	
"471.84197"	"471.84198"	"230"	"3.4e+07"	D	"25771.417"	"46959.0255"	"3d4.(5D).4s.4p.(3P*)"	"z 7F*"	"6"	"3d4.4s.5s"	"f 7D"	"5"		"T4288"	"L14866"	
"471.88041"	"471.88027"	"6"	""		"33934.757"	"55120.646"	"3d4.4s2"	"c 3D"	"3"	"3d5.(4G).5p"	"u 3F*"	"4"		""	"L14866"	
"472.114"	"472.11253"	"8w"	""		"28636.9634"	"49812.430"	"3d5.(4D).4s"	"a 3D"	"3"	"3d5.(4D).4p"	"t 5P*"	"3"		""	"L808"	
"472.214"	"472.2169"	"3w"	""		"33816.0334"	"54986.82"	"3d4.(5D).4s.4p.(3P*)"	"z 5D*"	"4"	"3d4.4s.5s"	"g 5D"	"3"		""	"L808"	
"472.26503"	"472.26506"	"6"	"6.9e+05"	D	"24940.594"	"46109.2219"	"3d4.4s2"	"a 3F"	"2"	"3d5.(4P).4p"	"y 3D*"	"2"		"T3963"	"L14866"	
"472.27601"	"472.27601"	"15"	""		"27163.1052"	"48331.242"	"3d5.(4P).4s"	"b 3P"	"0"	"3d4.(3P1).4s.4p.(3P*)"	"x 3P*"	"1"		""	"L14866"	
"472.30972"	"472.30973"	"75"	"9.3e+06"	D	"24833.7957"	"46000.4213"	"3d5.(4G).4s"	"a 3G"	"3"	"3d5.(4G).4p"	"y 3F*"	"3"		"T1621n"	"L14866"	
"472.318"	"472.3191"	"8"	""		"33935.613"	"55101.82"	"3d4.4s2"	"c 3D"	"2"	"3d5.(2D1).4p"	"v 3F*"	"3"		""	"L808"	
"472.388"	"472.3893"	"1"	""		"35870.458"	"57033.52"	"3d5.(2H).4s"	"b 3H"	"4"	"3d4.(3F1).4s.4p.(1P*)"	"u 3G*"	"4"		""	"L808"	
"472.44123"	"472.44122"	"95"	"6.14e+06"	B	"24897.4635"	"46058.1980"	"3d5.(4G).4s"	"a 3G"	"4"	"3d5.(4G).4p"	"y 3F*"	"4"		"u10"	"L14866"	
"472.56630"	"472.56628"	"5"	""		"27176.1072"	"48331.242"	"3d5.(4P).4s"	"b 3P"	"1"	"3d4.(3P1).4s.4p.(3P*)"	"x 3P*"	"1"		""	"L14866"	
"472.5923"	"472.59270"	"3"	""		"24200.1980"	"45354.1500"	"3d4.4s2"	"a 3H"	"6"	"3d5.(4G).4p"	"z 3H*"	"5"		""	"L14866"	
"472.71496"	"472.71496"	"130"	"5.1e+06"	D	"24200.1980"	"45348.6792"	"3d4.4s2"	"a 3H"	"6"	"3d5.(4G).4p"	"z 3H*"	"6"		"T1621n"	"L14866"	
"472.748"	"472.74915"	"4l?"	""		"33671.5273"	"54818.479"	"3d4.(5D).4s.4p.(3P*)"	"z 5D*"	"3"	"3d4.4s.5s"	"g 5D"	"2"		""	"L808"	
"472.98413"	"472.98414"	"11"	"1.7e+07"	D	"24940.594"	"46077.0395"	"3d4.4s2"	"a 3F"	"2"	"3d5.(4P).4p"	"y 3D*"	"1"		"T1621n"	"L14866"	
"473.07101"	"473.07101"	"290"	"3.83e+07"	B	"24833.7957"	"45966.3597"	"3d5.(4G).4s"	"a 3G"	"3"	"3d5.(4G).4p"	"y 3F*"	"2"		"u10"	"L14866"	
"473.119"	"473.12338"	"4w"	""		"28682.2050"	"49812.430"	"3d5.(4D).4s"	"a 3D"	"2"	"3d5.(4D).4p"	"t 5P*"	"3"		""	"L808"	
"473.255"	"473.26086"	"2w"	""		"33762.6622"	"54886.749"	"3d5.(2I).4s"	"b 1I"	"6"	"3d4.(3H).4s.4p.(1P*)"	"w 3H*"	"6"		""	"L808"	
"473.4596"	"473.4602"	"4"	""		"35870.458"	"56985.65"	"3d5.(2H).4s"	"b 3H"	"4"	"3d4.(3F1).4s.4p.(1P*)"	"3G*"	"3"		""	"L808"	
"473.6147"	"473.61481"	"4"	""		"27222.9417"	"48331.242"	"3d5.(4P).4s"	"b 3P"	"2"	"3d4.(3P1).4s.4p.(3P*)"	"x 3P*"	"1"		""	"L14866"	
"473.660"	"473.66320"	"2"	""		"24200.1980"	"45306.3417"	"3d4.4s2"	"a 3H"	"6"	"3d4.(3F1).4s.4p.(3P*)"	"x 5F*"	"5"		""	"L808"	
"473.73471"	"473.73471"	"360"	"3.38e+07"	B	"24897.4635"	"46000.4213"	"3d5.(4G).4s"	"a 3G"	"4"	"3d5.(4G).4p"	"y 3F*"	"3"		"u10"	"L14866"	
"474.1092"	"474.1101"	"12"	"2.2e+07"	D	"33906.539"	"54992.79"	"3d4.4s2"	"c 3D"	"1"	"3d5.(2D1).4p"	"v 3F*"	"2"		"T3963"	"L808"	
"474.200"	"474.19697"	"2w"	""		"27703.7743"	"48786.161"	"3d4.4s2"	"b 3G"	"4"	""	"x 3G*"	"5"		""	"L808"	
"474.3118"	"474.31106"	"12w"	"8.0e+06"	D	"33897.2506"	"54974.566"	"3d4.(5D).4s.4p.(3P*)"	"z 3P*"	"1"	"3d4.4s.5s"	"e 3D"	"2"		"T3963"	"L808"	
"474.51876"	"474.51869"	"8"	""		"25106.2953"	"46174.3884"	"3d4.4s2"	"a 3F"	"3"	"3d5.(4P).4p"	"y 3D*"	"3"		""	"L14866"	
"474.53065"	"474.53073"	"33"	"2.0e+06"	D	"21840.8096"	"42908.3681"	"3d5.(4P).4s"	"a 5P"	"3"	"3d4.(3P1).4s.4p.(3P*)"	"x 5D*"	"4"		"T1621n"	"L14866"	
"474.703"	"474.70494"	"4"	""		"24940.594"	"46000.4213"	"3d4.4s2"	"a 3F"	"2"	"3d5.(4G).4p"	"y 3F*"	"3"		""	"L808"	
"474.763"	"474.7647"	"3"	""		"33935.613"	"54992.79"	"3d4.4s2"	"c 3D"	"2"	"3d5.(2D1).4p"	"v 3F*"	"2"		""	"L808"	
"474.893"	"474.89339"	"1"	""		"20523.6290"	"41575.099"	"3d5.(4G).4s"	"a 5G"	"4"	"3d4.(5D).4s.4p.(1P*)"	"y 5D*"	"3"		""	"L808"	
"474.927"	"474.9251"	"1w*"	""		"27176.1072"	"48226.171"	"3d5.(4P).4s"	"b 3P"	"1"	"3d4.(3P1).4s.4p.(3P*)"	"x 3P*"	"0"		""	"L808"	
"474.927"	"474.9288"	"1w*"	""		"33906.539"	"54956.44"	"3d4.4s2"	"c 3D"	"1"	"3d4.(3D).4s.4p.(3P*)"	"v 3D*"	"1"		""	"L808"	
"474.996"	"474.99622"	"1w"	""		"27163.1052"	"48210.018"	"3d5.(4P).4s"	"b 3P"	"0"	"3d4.(3F1).4s.4p.(3P*)"	"3D*"	"1"		""	"L808"	
"475.104"	"475.1049"	"5w"	""		"33762.5326"	"54804.63"	"3d4.(5D).4s.4p.(3P*)"	"z 3P*"	"0"	"3d4.4s.5s"	"e 3D"	"1"		""	"L808"	
"475.20875"	"475.20875"	"210"	"6.2e+07"	D	"33762.6622"	"54800.1623"	"3d5.(2I).4s"	"b 1I"	"6"	"3d4.(1I).4s.4p.(3P*)"	"3K*"	"6"		"T3963"	"L14866"	
"475.2896"	"475.28984"	"4"	""		"27176.1072"	"48210.018"	"3d5.(4P).4s"	"b 3P"	"1"	"3d4.(3F1).4s.4p.(3P*)"	"3D*"	"1"		""	"L14866"	
"475.404"	"475.40103"	"25"	""		"27222.9417"	"48251.933"	"3d5.(4P).4s"	"b 3P"	"2"	"3d4.(3F1).4s.4p.(3P*)"	"3D*"	"3"		""	"L808"	
"475.473"	"475.47397"	"20"	"2.6e+06"	D	"24940.594"	"45966.3597"	"3d4.4s2"	"a 3F"	"2"	"3d5.(4G).4p"	"y 3F*"	"2"		"T3963"	"L808"	
"475.51401"	"475.51406"	"37"	"9.6e+05"	D	"24282.3486"	"45306.3417"	"3d5.(4D).4s"	"b 5D"	"4"	"3d4.(3F1).4s.4p.(3P*)"	"x 5F*"	"5"		"T3963"	"L14866"	
"475.6118"	"475.61118"	"100*"	"4.0e+07"	D	"25038.4981"	"46058.1980"	"3d5.(4G).4s"	"a 3G"	"5"	"3d5.(4G).4p"	"y 3F*"	"4"		"T4288"	"L9190"	
"475.6118"	"475.6121"	"100*"	""		"33113.212"	"54132.87"	"3d5.(2F1).4s"	"b 3F"	"4"	"3d4.4s.5p"	"s 5P*"	"3"		""	"L9190"	
"475.7006"	"475.70037"	"2"	""		"28636.9634"	"49652.7224"	"3d5.(4D).4s"	"a 3D"	"3"	"3d5.(4D).4p"	"x 3F*"	"2"		""	"L14866"	
"475.7316"	"475.7321"	"15"	"1.2e+07"	D	"34190.4320"	"55204.79"	"3d4.(5D).4s.4p.(3P*)"	"z 3P*"	"2"	"3d4.4s.5s"	"e 3D"	"3"		"T3963"	"L9190"	
"475.75902"	"475.75901"	"35"	"5.1e+06"	D	"28636.9634"	"49650.1320"	"3d5.(4D).4s"	"a 3D"	"3"	"3d5.(4D).4p"	"x 3F*"	"3"		"T3963"	"L14866"	
"475.97537"	"475.97539"	"7"	""		"24282.3486"	"45285.9649"	"3d5.(4D).4s"	"b 5D"	"4"	"3d4.(3F1).4s.4p.(3P*)"	"x 5F*"	"4"		""	"L14866"	
"475.99103"	"475.99102"	"10"	""		"25106.2953"	"46109.2219"	"3d4.4s2"	"a 3F"	"3"	"3d5.(4P).4p"	"y 3D*"	"2"		""	"L14866"	
"476.12453"	"476.12459"	"13"	""		"25177.3539"	"46174.3884"	"3d4.4s2"	"a 3F"	"4"	"3d5.(4P).4p"	"y 3D*"	"3"		""	"L14866"	
"476.1731"	"476.17299"	"3"	""		"27222.9417"	"48217.842"	"3d5.(4P).4s"	"b 3P"	"2"	"3d4.(3F1).4s.4p.(3P*)"	"3D*"	"2"		""	"L14866"	
"476.3509"	"476.35051"	"3"	""		"27222.9417"	"48210.018"	"3d5.(4P).4s"	"b 3P"	"2"	"3d4.(3F1).4s.4p.(3P*)"	"3D*"	"1"		""	"L808"	
"476.42940"	"476.42941"	"190"	"1.7e+07"	D	"28636.9634"	"49620.5640"	"3d5.(4D).4s"	"a 3D"	"3"	"3d5.(4D).4p"	"x 3F*"	"4"		"T4288"	"L14866"	
"476.46428"	"476.46434"	"25"	"7.3e+05"	D	"24303.9025"	"45285.9649"	"3d5.(4D).4s"	"b 5D"	"3"	"3d4.(3F1).4s.4p.(3P*)"	"x 5F*"	"4"		"T3963"	"L14866"	
"476.66341"	"476.66344"	"72"	""		"28679.4239"	"49652.7224"	"3d5.(4D).4s"	"a 3D"	"1"	"3d5.(4D).4p"	"x 3F*"	"2"		""	"L14866"	
"476.72662"	"476.72665"	"28"	"5.6e+06"	D	"28682.2050"	"49652.7224"	"3d5.(4D).4s"	"a 3D"	"2"	"3d5.(4D).4p"	"x 3F*"	"2"		"T3963"	"L14866"	
"476.78553"	"476.78555"	"98"	"1.2e+07"	D	"28682.2050"	"49650.1320"	"3d5.(4D).4s"	"a 3D"	"2"	"3d5.(4D).4p"	"x 3F*"	"3"		"T4288"	"L14866"	
"476.856"	"476.85352"	"4*"	""		"27597.2409"	"48562.1792"	"3d4.4s2"	"b 3G"	"3"	""	"x 3G*"	"4"		""	"L808"	
"476.856"	"476.8574"	"4*"	""		"33113.212"	"54077.98"	"3d5.(2F1).4s"	"b 3F"	"4"	"3d3.(4F).4s2.4p"	"v 3G*"	"5"		""	"L808"	
"476.979"	"476.9770"	"4w"	""		"33423.7845"	"54383.295"	"3d4.(5D).4s.4p.(3P*)"	"z 5D*"	"1"	""	"e 5F"	"2"		""	"L808"	
"476.999"	"476.9980"	"4w*"	""		"37244.011"	"58202.60"	"3d5.(2G2).4s"	"c 3G"	"4"	"3d5.(2F1).4p"	"s 3F*"	"3"		""	"L808"	
"476.999"	"477.002"	"4w*"	""		"33338.2563"	"54296.66"	"3d4.(5D).4s.4p.(3P*)"	"z 5D*"	"0"	""	"e 5F"	"1"		""	"L808"	
"477.034"	"477.0359"	"4"	""		"37205.851"	"58162.776"	"3d5.(2G2).4s"	"c 3G"	"3"	"3d5.(2F1).4p"	"s 3F*"	"2"		""	"L808"	
"477.06725"	"477.06733"	"16"	"9.8e+05"	D	"24299.8419"	"45255.3842"	"3d5.(4D).4s"	"b 5D"	"2"	"3d4.(3F1).4s.4p.(3P*)"	"x 5F*"	"3"		"T4288"	"L14866"	
"477.15972"	"477.15980"	"9"	""		"24303.9025"	"45255.3842"	"3d5.(4D).4s"	"b 5D"	"3"	"3d4.(3F1).4s.4p.(3P*)"	"x 5F*"	"3"		""	"L14866"	
"477.237"	"477.237"	"1"	""		"41086.218"	"62034.33"	"3d4.(5D).4s.4p.(1P*)"	"y 5F*"	"3"	"3d4.4p2"	"f 7F"	"3"		""	"L808"	
"477.45502"	"477.45502"	"10"	""		"24286.5418"	"45225.0686"	"3d5.(4D).4s"	"b 5D"	"1"	"3d4.(3F1).4s.4p.(3P*)"	"x 5F*"	"2"		""	"L14866"	
"477.51297"	"477.51303"	"15"	"2.9e+06"	D	"28636.9634"	"49572.9466"	"3d5.(4D).4s"	"a 3D"	"3"	"3d4.(3G).4s.4p.(3P*)"	"w 5G*"	"4"		"T4288"	"L14866"	
"477.554"	"477.55370"	"10w"	""		"33542.0985"	"54476.299"	"3d4.(5D).4s.4p.(3P*)"	"z 5D*"	"2"	""	"e 5F"	"3"		""	"L808"	
"477.599"	"477.59783"	"1"	""		"27703.7743"	"48636.0405"	"3d4.4s2"	"b 3G"	"4"	"3d4.(3F1).4s.4p.(3P*)"	"3F*"	"3"		""	"L808"	
"477.75849"	"477.75850"	"8"	""		"24299.8419"	"45225.0686"	"3d5.(4D).4s"	"b 5D"	"2"	"3d4.(3F1).4s.4p.(3P*)"	"x 5F*"	"2"		""	"L14866"	
"477.77233"	"477.77251"	"5"	""		"24277.0546"	"45201.6676"	"3d5.(4D).4s"	"b 5D"	"0"	"3d4.(3F1).4s.4p.(3P*)"	"x 5F*"	"1"		""	"L14866"	
"477.8514"	"477.84981"	"2*"	""		"33897.2506"	"54818.479"	"3d4.(5D).4s.4p.(3P*)"	"z 3P*"	"1"	"3d4.4s.5s"	"g 5D"	"2"		""	"L808"	
"477.8514"	"477.85123"	"2*"	""		"24303.9025"	"45225.0686"	"3d5.(4D).4s"	"b 5D"	"3"	"3d4.(3F1).4s.4p.(3P*)"	"x 5F*"	"2"		""	"L808"	
"477.98919"	"477.98924"	"5"	""		"24286.5418"	"45201.6676"	"3d5.(4D).4s"	"b 5D"	"1"	"3d4.(3F1).4s.4p.(3P*)"	"x 5F*"	"1"		""	"L14866"	
"478.165"	"478.1663"	"2"	""		"33897.2506"	"54804.63"	"3d4.(5D).4s.4p.(3P*)"	"z 3P*"	"1"	"3d4.4s.5s"	"e 3D"	"1"		""	"L808"	
"478.306"	"478.3058"	"10w"	""		"33671.5273"	"54572.81"	"3d4.(5D).4s.4p.(3P*)"	"z 5D*"	"3"	""	"e 5F"	"4"		""	"L808"	
"478.7302"	"478.73027"	"3"	""		"28636.9634"	"49519.7149"	"3d5.(4D).4s"	"a 3D"	"3"	"3d4.(3G).4s.4p.(3P*)"	"w 5G*"	"3"		""	"L808"	
"478.7736"	"478.77400"	"5"	""		"25177.3539"	"46058.1980"	"3d4.4s2"	"a 3F"	"4"	"3d5.(4G).4p"	"y 3F*"	"4"		""	"L808"	
"478.9340"	"478.93340"	"75"	"1.14e+07"	B	"20519.5515"	"41393.446"	"3d5.(4G).4s"	"a 5G"	"6"	"3d4.(5D).4s.4p.(1P*)"	"y 5F*"	"5"		"u10"	"L9190"	
"479.03329"	"479.03319"	"31"	""		"20523.8999"	"41393.446"	"3d5.(4G).4s"	"a 5G"	"5"	"3d4.(5D).4s.4p.(1P*)"	"y 5F*"	"5"		""	"L14866"	
"479.091"	"479.0951"	"5"	""		"33060.661"	"53927.51"	"3d5.(2F1).4s"	"b 3F"	"3"	"3d3.(4F).4s2.4p"	"v 3G*"	"4"		""	"L808"	
"479.2512"	"479.25094"	"75"	"2.6e+07"	D	"25106.2953"	"45966.3597"	"3d4.4s2"	"a 3F"	"3"	"3d5.(4G).4p"	"y 3F*"	"2"		"T1621n"	"L9190"	
"479.6145"	"479.6155"	"40w"	"1.3e+07"	D	"33816.0334"	"54660.241"	"3d4.(5D).4s.4p.(3P*)"	"z 5D*"	"4"	""	"e 5F"	"5"		"T3963"	"L808"	
"479.684"	"479.6848"	"12w"	""		"33542.0985"	"54383.295"	"3d4.(5D).4s.4p.(3P*)"	"z 5D*"	"2"	""	"e 5F"	"2"		""	"L808"	
"479.76957"	"479.76968"	"7"	"1.3e+06"	D	"28682.2050"	"49519.7149"	"3d5.(4D).4s"	"a 3D"	"2"	"3d4.(3G).4s.4p.(3P*)"	"w 5G*"	"3"		"T3963"	"L14866"	
"479.919"	"479.92564"	"8"	""		"24282.3486"	"45113.0874"	"3d5.(4D).4s"	"b 5D"	"4"	"3d4.(3P1).4s.4p.(3P*)"	"v 5P*"	"3"		""	"L808"	
"480.1028"	"480.10245"	"75"	"3.06e+07"	B	"25177.3539"	"46000.4213"	"3d4.4s2"	"a 3F"	"4"	"3d5.(4G).4p"	"y 3F*"	"3"		"u10"	"L9190"	
"480.308"	"480.3047"	"6"	""		"33113.212"	"53927.51"	"3d5.(2F1).4s"	"b 3F"	"4"	"3d3.(4F).4s2.4p"	"v 3G*"	"4"		""	"L808"	
"480.322"	"480.32901"	"7w"	""		"24299.8419"	"45113.0874"	"3d5.(4D).4s"	"b 5D"	"2"	"3d4.(3P1).4s.4p.(3P*)"	"v 5P*"	"3"		""	"L808"	
"480.423"	"480.42274"	"4"	""		"24303.9025"	"45113.0874"	"3d5.(4D).4s"	"b 5D"	"3"	"3d4.(3P1).4s.4p.(3P*)"	"v 5P*"	"3"		""	"L808"	
"480.4624"	"480.46285"	"4"	""		"21840.8096"	"42648.2577"	"3d5.(4P).4s"	"a 5P"	"3"	"3d4.(3P1).4s.4p.(3P*)"	"x 5D*"	"3"		""	"L14866"	
"480.525"	"480.52466"	"15w"	""		"33671.5273"	"54476.299"	"3d4.(5D).4s.4p.(3P*)"	"z 5D*"	"3"	""	"e 5F"	"3"		""	"L808"	
"480.62500"	"480.62512"	"13"	"5.6e+05"	D	"21847.8349"	"42648.2577"	"3d5.(4P).4s"	"a 5P"	"2"	"3d4.(3P1).4s.4p.(3P*)"	"x 5D*"	"3"		"T3963"	"L14866"	
"480.714"	"480.7184"	"3w"	""		"34190.4320"	"54986.82"	"3d4.(5D).4s.4p.(3P*)"	"z 3P*"	"2"	"3d4.4s.5s"	"g 5D"	"3"		""	"L808"	
"480.9285"	"480.92898"	"3"	""		"28679.4239"	"49466.705"	"3d5.(4D).4s"	"a 3D"	"1"	"3d4.(3G).4s.4p.(3P*)"	"w 5G*"	"2"		""	"L14866"	
"481.001"	"480.99333"	"10w*"	""		"28682.2050"	"49466.705"	"3d5.(4D).4s"	"a 3D"	"2"	"3d4.(3G).4s.4p.(3P*)"	"w 5G*"	"2"		""	"L808"	
"481.001"	"481.00180"	"10w*"	""		"34190.4320"	"54974.566"	"3d4.(5D).4s.4p.(3P*)"	"z 3P*"	"2"	"3d4.4s.5s"	"e 3D"	"2"		""	"L808"	
"481.023"	"481.02254"	"7"	""		"36552.1351"	"57335.373"	"3d5.(2F2).4s"	"d 3F"	"3"	"3d4.(3D).4s.4p.(3P*)"	"t 3F*"	"4"		""	"L808"	
"481.058"	"481.05092"	"3w"	""		"24093.1182"	"44875.1301"	"3d4.4s2"	"a 3P"	"2"	"3d4.(3P1).4s.4p.(3P*)"	"v 5P*"	"2"		""	"L808"	
"481.07307"	"481.07322"	"13"	"1.6e+06"	D	"24833.7957"	"45614.8444"	"3d5.(4G).4s"	"a 3G"	"3"	"3d5.(4G).4p"	"y 5H*"	"4"		"T2268"	"L14866"	
"481.42657"	"481.42661"	"21"	"1.61e+06"	C	"24897.4635"	"45663.2579"	"3d5.(4G).4s"	"a 3G"	"4"	"3d5.(4G).4p"	"y 5H*"	"5"		"T2268"	"L14866"	
"481.61390"	"481.61392"	"9"	"1.8e+07"	D	"36577.6545"	"57335.373"	"3d5.(2F2).4s"	"d 3F"	"4"	"3d4.(3D).4s.4p.(3P*)"	"t 3F*"	"4"		"T4288"	"L14866"	
"481.639"	"481.6358"	"10w"	""		"33816.0334"	"54572.81"	"3d4.(5D).4s.4p.(3P*)"	"z 5D*"	"4"	""	"e 5F"	"4"		""	"L808"	
"481.755"	"481.75570"	"2"	""		"27222.9417"	"47974.5512"	"3d5.(4P).4s"	"b 3P"	"2"	"3d5.(4G).4p"	"u 5F*"	"3"		""	"L808"	
"481.823"	"481.8191"	"5w"	""		"33897.2506"	"54646.13"	"3d4.(5D).4s.4p.(3P*)"	"z 3P*"	"1"	"3d4.4s.5s"	"g 5D"	"0"		""	"L808"	
"481.930"	"481.93126"	"4"	"1.3e+07"	D	"33060.661"	"53804.711"	"3d5.(2F1).4s"	"b 3F"	"3"	"3d3.(4F).4s2.4p"	"v 3G*"	"3"		"T3963"	"L808"	
"482.206"	"482.20654"	"5"	""		"24833.7957"	"45566.0035"	"3d5.(4G).4s"	"a 3G"	"3"	"3d5.(4G).4p"	"y 5H*"	"3"		""	"L808"	
"482.39219"	"482.39222"	"5"	"1.2e+07"	D	"36552.1351"	"57276.363"	"3d5.(2F2).4s"	"d 3F"	"3"	"3d4.(3D).4s.4p.(3P*)"	"t 3F*"	"3"		"T3963"	"L14866"	
"482.540"	"482.53916"	"7"	""		"36558.446"	"57276.363"	"3d5.(2F2).4s"	"d 3F"	"2"	"3d4.(3D).4s.4p.(3P*)"	"t 3F*"	"3"		""	"L808"	
"482.5517"	"482.55165"	"4"	"3.6e+05"	D	"24897.4635"	"45614.8444"	"3d5.(4G).4s"	"a 3G"	"4"	"3d5.(4G).4p"	"y 5H*"	"4"		"T2268"	"L14866"	
"482.684"	"482.6824"	"5w"	""		"33671.5273"	"54383.295"	"3d4.(5D).4s.4p.(3P*)"	"z 5D*"	"3"	""	"e 5F"	"2"		""	"L808"	
"482.865"	"482.86726"	"8"	""		"20520.9029"	"41224.7429"	"3d5.(4G).4s"	"a 5G"	"3"	"3d4.(5D).4s.4p.(1P*)"	"y 5F*"	"4"		""	"L808"	
"482.93084"	"482.93085"	"35"	""		"20523.6290"	"41224.7429"	"3d5.(4G).4s"	"a 5G"	"4"	"3d4.(5D).4s.4p.(1P*)"	"y 5F*"	"4"		""	"L14866"	
"482.93719"	"482.93717"	"12"	""		"20523.8999"	"41224.7429"	"3d5.(4G).4s"	"a 5G"	"5"	"3d4.(5D).4s.4p.(1P*)"	"y 5F*"	"4"		""	"L14866"	
"483.1648"	"483.16423"	"15"	"1.2e+06"	D	"27597.2409"	"48288.3556"	"3d4.4s2"	"b 3G"	"3"	"3d4.(3H).4s.4p.(3P*)"	"y 3H*"	"4"		"T3963"	"L9190"	
"483.275"	"483.2744"	"4"	""		"31377.8624"	"52064.26"	"3d5.(4F).4s"	"a 5F"	"4"	"3d4.(3D).4s.4p.(3P*)"	"t 5D*"	"4"		""	"L808"	
"483.5672"	"483.56734"	"4"	""		"28636.9634"	"49310.830"	"3d5.(4D).4s"	"a 3D"	"3"	"3d4.(3P1).4s.4p.(3P*)"	"x 3D*"	"3"		""	"L14866"	
"483.636"	"483.6353"	"10"	""		"31393.2968"	"52064.26"	"3d5.(4F).4s"	"a 5F"	"5"	"3d4.(3D).4s.4p.(3P*)"	"t 5D*"	"4"		""	"L808"	
"483.68515"	"483.68523"	"29"	"1.60e+06"	B	"25038.4981"	"45707.3259"	"3d5.(4G).4s"	"a 3G"	"5"	"3d5.(4G).4p"	"y 5H*"	"6"		"u10"	"L14866"	
"483.719"	"483.7166"	"8"	""		"31364.2327"	"52031.72"	"3d5.(4F).4s"	"a 5F"	"3"	"3d4.(3D).4s.4p.(3P*)"	"t 5D*"	"3"		""	"L808"	
"483.8418"	"483.8422"	"15"	"1.1e+07"	D	"36558.446"	"57220.570"	"3d5.(2F2).4s"	"d 3F"	"2"	"3d4.(3D).4s.4p.(3P*)"	"t 3F*"	"2"		"T3963"	"L808"	
"483.888"	"483.88568"	"6w*"	""		"33816.0334"	"54476.299"	"3d4.(5D).4s.4p.(3P*)"	"z 5D*"	"4"	""	"e 5F"	"3"		""	"L808"	
"483.888"	"483.8922"	"6w*"	""		"31352.3828"	"52012.37"	"3d5.(4F).4s"	"a 5F"	"1"	"3d4.(3D).4s.4p.(3P*)"	"t 5D*"	"2"		""	"L808"	
"483.888"	"483.895"	"6w*"	""		"36577.6545"	"57237.54"	"3d5.(2F2).4s"	"d 3F"	"4"	""	"p 5F*"	"4"		""	"L808"	
"483.957"	"483.9563"	"7"	""		"31355.1192"	"52012.37"	"3d5.(4F).4s"	"a 5F"	"2"	"3d4.(3D).4s.4p.(3P*)"	"t 5D*"	"2"		""	"L808"	
"484.037"	"484.0358"	"10"	""		"31377.8624"	"52031.72"	"3d5.(4F).4s"	"a 5F"	"4"	"3d4.(3D).4s.4p.(3P*)"	"t 5D*"	"3"		""	"L808"	
"484.114"	"484.1104"	"4"	""		"31352.3828"	"52003.06"	"3d5.(4F).4s"	"a 5F"	"1"	"3d4.(3D).4s.4p.(3P*)"	"t 5D*"	"1"		""	"L808"	
"484.1734"	"484.1699"	"12*"	""		"31364.2327"	"52012.37"	"3d5.(4F).4s"	"a 5F"	"3"	"3d4.(3D).4s.4p.(3P*)"	"t 5D*"	"2"		""	"L808"	
"484.1734"	"484.1745"	"12*"	""		"31355.1192"	"52003.06"	"3d5.(4F).4s"	"a 5F"	"2"	"3d4.(3D).4s.4p.(3P*)"	"t 5D*"	"1"		""	"L808"	
"484.191"	"484.1913"	"3"	""		"31352.3828"	"51999.61"	"3d5.(4F).4s"	"a 5F"	"1"	"3d4.(3D).4s.4p.(3P*)"	"t 5D*"	"0"		""	"L808"	
"484.3073"	"484.30763"	"6"	""		"33762.6622"	"54404.928"	"3d5.(2I).4s"	"b 1I"	"6"	"3d5.(2I).4p"	"z 3K*"	"7"		""	"L808"	
"484.6304"	"484.63045"	"2"	""		"27816.7783"	"48445.2943"	"3d4.4s2"	"b 3G"	"5"	"3d4.(3H).4s.4p.(3P*)"	"y 3H*"	"6"		""	"L14866"	
"484.644"	"484.64147"	"18*"	""		"34190.4320"	"54818.479"	"3d4.(5D).4s.4p.(3P*)"	"z 3P*"	"2"	"3d4.4s.5s"	"g 5D"	"2"		""	"L808"	
"484.644"	"484.6420"	"18*"	""		"36558.446"	"57186.47"	"3d5.(2F2).4s"	"d 3F"	"2"	""	"p 5F*"	"3"		""	"L808"	
"484.644"	"484.64324"	"18*"	""		"25106.2953"	"45734.2670"	"3d4.4s2"	"a 3F"	"3"	"3d5.(4P).4p"	"y 3P*"	"2"		""	"L808"	
"484.71878"	"484.71871"	"5"	""		"25038.4981"	"45663.2579"	"3d5.(4G).4s"	"a 3G"	"5"	"3d5.(4G).4p"	"y 5H*"	"5"		""	"L14866"	
"485.0211"	"485.02147"	"8"	""		"27176.1072"	"47787.993"	"3d5.(4P).4s"	"b 3P"	"1"	"3d5.(4P).4p"	"v 5D*"	"0"		""	"L9190"	
"485.096"	"485.0937"	"7w"	""		"36577.6545"	"57186.47"	"3d5.(2F2).4s"	"d 3F"	"4"	""	"p 5F*"	"3"		""	"L808"	
"485.1464"	"485.14645"	"1"	""		"27703.7743"	"48310.3500"	"3d4.4s2"	"b 3G"	"4"	"3d4.(3H).4s.4p.(3P*)"	"y 3H*"	"5"		""	"L14866"	
"485.5152"	"485.51542"	"4"	""		"21847.8349"	"42438.751"	"3d5.(4P).4s"	"a 5P"	"2"	"3d4.(3P1).4s.4p.(3P*)"	"x 5D*"	"2"		""	"L14866"	
"485.7299"	"485.72994"	"4"	""		"21856.9287"	"42438.751"	"3d5.(4P).4s"	"a 5P"	"1"	"3d4.(3P1).4s.4p.(3P*)"	"x 5D*"	"2"		""	"L14866"	
"485.883"	"485.88419"	"4"	""		"24299.8419"	"44875.1301"	"3d5.(4D).4s"	"b 5D"	"2"	"3d4.(3P1).4s.4p.(3P*)"	"v 5P*"	"2"		""	"L808"	
"485.980"	"485.98011"	"7"	""		"24303.9025"	"44875.1301"	"3d5.(4D).4s"	"b 5D"	"3"	"3d4.(3P1).4s.4p.(3P*)"	"v 5P*"	"2"		""	"L808"	
"486.037"	"486.03756"	"7"	""		"20517.4222"	"41086.218"	"3d5.(4G).4s"	"a 5G"	"2"	"3d4.(5D).4s.4p.(1P*)"	"y 5F*"	"3"		""	"L808"	
"486.11966"	"486.11983"	"28"	""		"20520.9029"	"41086.218"	"3d5.(4G).4s"	"a 5G"	"3"	"3d4.(5D).4s.4p.(1P*)"	"y 5F*"	"3"		""	"L14866"	
"486.18409"	"486.18427"	"150"	""		"20523.6290"	"41086.218"	"3d5.(4G).4s"	"a 5G"	"4"	"3d4.(5D).4s.4p.(1P*)"	"y 5F*"	"3"		""	"L14866"	
"486.384"	"486.38375"	"7*"	""		"33762.6622"	"54316.818"	"3d5.(2I).4s"	"b 1I"	"6"	"3d5.(2I).4p"	"z 3K*"	"6"		""	"L808"	
"486.384"	"486.3879"	"7*"	""		"25089.2497"	"45643.231"	"3d4.(5D).4s.4p.(3P*)"	"z 7F*"	"2"	"3d5.(6S).6s"	"f 7S"	"3"		""	"L808"	
"486.518"	"486.5154"	"3w"	""		"36552.1351"	"57100.73"	"3d5.(2F2).4s"	"d 3F"	"3"	""	"p 5F*"	"2"		""	"L808"	
"486.571"	"486.57538"	"4w"	""		"24200.1980"	"44746.259"	"3d4.4s2"	"a 3H"	"6"	"3d4.(3F1).4s.4p.(3P*)"	"y 5G*"	"6"		""	"L808"	
"486.660"	"486.6648"	"10"	""		"36558.446"	"57100.73"	"3d5.(2F2).4s"	"d 3F"	"2"	""	"p 5F*"	"2"		""	"L808"	
"486.829"	"486.82950"	"8"	""		"24056.0404"	"44591.3768"	"3d4.4s2"	"a 3H"	"5"	"3d4.(3F1).4s.4p.(3P*)"	"y 5G*"	"5"		""	"L808"	
"487.07975"	"487.07970"	"47"	"3.5e+07"	D	"24833.7957"	"45358.5837"	"3d5.(4G).4s"	"a 3G"	"3"	"3d5.(4G).4p"	"z 3H*"	"4"		"T1426n"	"L14866"	
"487.2000"	"487.200068"	"3"	""		"20523.6290"	"41043.3464"	"3d5.(4G).4s"	"a 5G"	"4"	"3d4.(5D).4s.4p.(1P*)"	"x 5P*"	"3"		""	"L14866"	
"487.46522"	"487.46539"	"6"	"6.9e+05"	D	"25106.2953"	"45614.8444"	"3d4.4s2"	"a 3F"	"3"	"3d5.(4G).4p"	"y 5H*"	"4"		"T2268"	"L14866"	
"487.557"	"487.5552"	"20"	""		"44246.557"	"64751.33"	"3d4.(3H).4s.4p.(3P*)"	"z 5I*"	"4"	"3d4.4s.5s"	"e 5H"	"4"		""	"L808"	
"487.805"	"487.80165"	"2"	""		"32097.2978"	"52591.7094"	"3d4.4s2"	"a 1I"	"6"	"3d4.(1I).4s.4p.(3P*)"	"y 3I*"	"5"		""	"L808"	
"488.004"	"488.00424"	"22"	"8.1e+05"	D	"25177.3539"	"45663.2579"	"3d4.4s2"	"a 3F"	"4"	"3d5.(4G).4p"	"y 5H*"	"5"		"T4288"	"L808"	
"488.411"	"488.41121"	"4"	""		"37233.423"	"57702.257"	"3d5.(2G2).4s"	"c 3G"	"5"	"3d5.(2F1).4p"	"t 3G*"	"5"		""	"L808"	
"488.49384"	"488.493941"	"12"	""		"20517.4222"	"40982.7898"	"3d5.(4G).4s"	"a 5G"	"2"	"3d4.(5D).4s.4p.(1P*)"	"x 5P*"	"2"		""	"L14866"	
"488.57694"	"488.577038"	"64"	"4.92e+06"	B	"20520.9029"	"40982.7898"	"3d5.(4G).4s"	"a 5G"	"3"	"3d4.(5D).4s.4p.(1P*)"	"x 5P*"	"2"		"u10"	"L14866"	
"488.5952"	"488.59535"	"5"	"2.44e+06"	B	"24897.4635"	"45358.5837"	"3d5.(4G).4s"	"a 3G"	"4"	"3d5.(4G).4p"	"z 3H*"	"4"		"u10"	"L14866"	
"488.70123"	"488.70124"	"75"	"3.2e+07"	D	"24897.4635"	"45354.1500"	"3d5.(4G).4s"	"a 3G"	"4"	"3d5.(4G).4p"	"z 3H*"	"5"		"T1426n"	"L14866"	
"488.76916"	"488.76931"	"7"	""		"20517.4222"	"40971.2599"	"3d5.(4G).4s"	"a 5G"	"2"	"3d4.(5D).4s.4p.(1P*)"	"y 5F*"	"2"		""	"L14866"	
"488.85224"	"488.852502"	"6"	""		"20520.9029"	"40971.2599"	"3d5.(4G).4s"	"a 5G"	"3"	"3d4.(5D).4s.4p.(1P*)"	"y 5F*"	"2"		""	"L14866"	
"488.971"	"488.96917"	"20"	""		"27597.2409"	"48042.7187"	"3d4.4s2"	"b 3G"	"3"	""	"*"	"4"		""	"L808"	
"489.022"	"489.020"	"22*"	""		"44307.97"	"64751.33"	"3d4.(3H).4s.4p.(3P*)"	"z 5I*"	"5"	"3d4.4s.5s"	"e 5H"	"4"		""	"L808"	
"489.022"	"489.022"	"22*"	""		"44393.02"	"64836.29"	"3d4.(3H).4s.4p.(3P*)"	"z 5I*"	"6"	"3d4.4s.5s"	"e 5H"	"6"		""	"L808"	
"489.159"	"489.16026"	"1"	""		"25177.3539"	"45614.8444"	"3d4.4s2"	"a 3F"	"4"	"3d5.(4G).4p"	"y 5H*"	"4"		""	"L808"	
"489.1978"	"489.19802"	"2"	""		"21856.9287"	"42292.8417"	"3d5.(4P).4s"	"a 5P"	"1"	"3d4.(3P1).4s.4p.(3P*)"	"x 5D*"	"1"		""	"L14866"	
"489.437"	"489.4381"	"25"	""		"44514.35"	"64940.241"	"3d4.(3H).4s.4p.(3P*)"	"z 5I*"	"7"	"3d4.4s.5s"	"e 5H"	"7"		""	"L808"	
"489.544"	"489.54117"	"3w"	""		"24833.7957"	"45255.3842"	"3d5.(4G).4s"	"a 3G"	"3"	"3d4.(3F1).4s.4p.(3P*)"	"x 5F*"	"3"		""	"L808"	
"489.647"	"489.64802"	"4"	""		"27597.2409"	"48014.3731"	"3d4.4s2"	"b 3G"	"3"	"3d5.(4G).4p"	"u 5F*"	"4"		""	"L808"	
"489.7515"	"489.750689"	"5"	""		"20517.4222"	"40930.2744"	"3d5.(4G).4s"	"a 5G"	"2"	"3d4.(5D).4s.4p.(1P*)"	"x 5P*"	"1"		""	"L808"	
"489.8461"	"489.84605"	"1"	""		"24897.4635"	"45306.3417"	"3d5.(4G).4s"	"a 3G"	"4"	"3d4.(3F1).4s.4p.(3P*)"	"x 5F*"	"5"		""	"L14866"	
"490.206"	"490.1972"	"10w"	""		"33934.757"	"54329.017"	"3d4.4s2"	"c 3D"	"3"	"3d4.4s.5p"	"q 5F*"	"3"		""	"L808"	
"490.32344"	"490.32374"	"9"	"7.4e+06"	D	"20517.4222"	"40906.418"	"3d5.(4G).4s"	"a 5G"	"2"	"3d4.(5D).4s.4p.(1P*)"	"y 5F*"	"1"		"T1621n"	"L14866"	
"490.5050"	"490.50532"	"20"	""		"37205.851"	"57587.299"	"3d5.(2G2).4s"	"c 3G"	"3"	"3d5.(2F1).4p"	"t 3G*"	"4"		""	"L808"	
"490.537"	"490.53659"	"7"	""		"24286.5418"	"44666.6907"	"3d5.(4D).4s"	"b 5D"	"1"	"3d4.(3P1).4s.4p.(3P*)"	"v 5P*"	"1"		""	"L808"	
"490.856"	"490.85692"	"4"	""		"24299.8419"	"44666.6907"	"3d5.(4D).4s"	"b 5D"	"2"	"3d4.(3P1).4s.4p.(3P*)"	"v 5P*"	"1"		""	"L808"	
"490.9878"	"490.98847"	"6"	""		"21856.9287"	"42218.321"	"3d5.(4P).4s"	"a 5P"	"1"	"3d4.(3P1).4s.4p.(3P*)"	"x 5D*"	"0"		""	"L808"	
"491.427"	"491.42542"	"3"	""		"37244.011"	"57587.299"	"3d5.(2G2).4s"	"c 3G"	"4"	"3d5.(2F1).4p"	"t 3G*"	"4"		""	"L808"	
"491.9427"	"491.9417"	"20"	""		"44514.35"	"64836.29"	"3d4.(3H).4s.4p.(3P*)"	"z 5I*"	"7"	"3d4.4s.5s"	"e 5H"	"6"		""	"L9190"	
"492.09398"	"492.09394"	"12"	""		"25038.4981"	"45354.1500"	"3d5.(4G).4s"	"a 3G"	"5"	"3d5.(4G).4p"	"z 3H*"	"5"		""	"L14866"	
"492.22647"	"492.22649"	"230"	"4.0e+07"	D	"25038.4981"	"45348.6792"	"3d5.(4G).4s"	"a 3G"	"5"	"3d5.(4G).4p"	"z 3H*"	"6"		"T1426n"	"L14866"	
"492.260"	"492.25443"	"5"	""		"24282.3486"	"44591.3768"	"3d5.(4D).4s"	"b 5D"	"4"	"3d4.(3F1).4s.4p.(3P*)"	"y 5G*"	"5"		""	"L808"	
"493.0179"	"493.01824"	"30"	""		"31008.9708"	"51286.5356"	"3d5.(2D3).4s"	"b 3D"	"3"	"3d5.(4D).4p"	"w 3P*"	"2"		""	"L808"	
"493.1120"	"493.1120"	"15"	""		"44666.532"	"64940.241"	"3d4.(3H).4s.4p.(3P*)"	"z 5I*"	"8"	"3d4.4s.5s"	"e 5H"	"7"		""	"L9190"	
"493.2545"	"493.25471"	"5"	""		"25038.4981"	"45306.3417"	"3d5.(4G).4s"	"a 3G"	"5"	"3d4.(3F1).4s.4p.(3P*)"	"x 5F*"	"5"		""	"L14866"	
"493.262"	"493.2615"	"4"	""		"44534.429"	"64801.993"	"3d4.(3F1).4s.4p.(3P*)"	"y 5G*"	"4"	"3d4.4s.5s"	"e 5H"	"5"		""	"L808"	
"493.4879"	"493.48766"	"15"	""		"31028.2590"	"51286.5356"	"3d5.(2D3).4s"	"b 3D"	"2"	"3d5.(4D).4p"	"w 3P*"	"2"		""	"L9190"	
"493.63354"	"493.63357"	"58"	"1.4e+07"	D	"25106.2953"	"45358.5837"	"3d4.4s2"	"a 3F"	"3"	"3d5.(4G).4p"	"z 3H*"	"4"		"T1621n"	"L14866"	
"493.751"	"493.75113"	"5"	""		"25038.4981"	"45285.9649"	"3d5.(4G).4s"	"a 3G"	"5"	"3d4.(3F1).4s.4p.(3P*)"	"x 5F*"	"4"		""	"L808"	
"494.24952"	"494.249538"	"220"	"1.98e+05"	B	"7593.1484"	"27820.1975"	"3d5.(6S).4s"	"a 5S"	"2"	"3d4.(5D).4s.4p.(3P*)"	"y 7P*"	"3"		"T4624"	"L14866"	
"494.4562"	"494.45650"	"2"	"1.3e+07"	D	"31028.2590"	"51246.842"	"3d5.(2D3).4s"	"b 3D"	"2"	"3d5.(4D).4p"	"w 3P*"	"1"		"T4288"	"L14866"	
"494.9582"	"494.95810"	"12"	""		"31048.7488"	"51246.842"	"3d5.(2D3).4s"	"b 3D"	"1"	"3d5.(4D).4p"	"w 3P*"	"1"		""	"L9190"	
"495.3717"	"495.37169"	"4"	"8.5e+05"	D	"25177.3539"	"45358.5837"	"3d4.4s2"	"a 3F"	"4"	"3d5.(4G).4p"	"z 3H*"	"4"		"T4288"	"L14866"	
"495.48055"	"495.48055"	"78"	"1.2e+07"	D	"25177.3539"	"45354.1500"	"3d4.4s2"	"a 3F"	"4"	"3d5.(4G).4p"	"z 3H*"	"5"		"T1621n"	"L14866"	
"495.672"	"495.67186"	"6"	""		"27816.7783"	"47985.787"	"3d4.4s2"	"b 3G"	"5"	"3d5.(4G).4p"	"u 5F*"	"5"		""	"L808"	
"496.228"	"496.2233"	"4w"	""		"42515.3342"	"62661.93"	"3d5.(4G).4p"	"z 5G*"	"2"	"3d5.(4G).4d"	"f 5G"	"3"		""	"L808"	
"496.49271"	"496.49274"	"130"	"1.61e+05"	B	"7593.1484"	"27728.8110"	"3d5.(6S).4s"	"a 5S"	"2"	"3d4.(5D).4s.4p.(3P*)"	"y 7P*"	"2"		"T4624"	"L14866"	
"496.582"	"496.5757"	"3w"	""		"42538.7424"	"62671.04"	"3d5.(4G).4p"	"z 5G*"	"3"	"3d5.(4G).4d"	"f 5G"	"4"		""	"L808"	
"496.605"	"496.6009"	"4w"	""		"42515.3342"	"62646.61"	"3d5.(4G).4p"	"z 5G*"	"2"	"3d5.(4G).4d"	"f 5G"	"2"		""	"L808"	
"496.680"	"496.67950"	"25"	"3.0e+07"	D	"31048.7488"	"51176.840"	"3d5.(2D3).4s"	"b 3D"	"1"	"3d5.(4D).4p"	"w 3P*"	"0"		"T4288"	"L808"	
"496.797"	"496.8005"	"5"	""		"42538.7424"	"62661.93"	"3d5.(4G).4p"	"z 5G*"	"3"	"3d5.(4G).4d"	"f 5G"	"3"		""	"L808"	
"496.913"	"496.90954"	"7w"	""		"25106.2953"	"45225.0686"	"3d4.4s2"	"a 3F"	"3"	"3d4.(3F1).4s.4p.(3P*)"	"x 5F*"	"2"		""	"L808"	
"497.097"	"497.099"	"3w"	""		"27597.2409"	"47708.35"	"3d4.4s2"	"b 3G"	"3"	"3d5.(6S).6p"	"w 7P*"	"3"		""	"L808"	
"497.222"	"497.2188"	"6w"	""		"42564.7783"	"62671.04"	"3d5.(4G).4p"	"z 5G*"	"4"	"3d5.(4G).4d"	"f 5G"	"4"		""	"L808"	
"497.330"	"497.32541"	"4w*"	""		"37233.423"	"57335.373"	"3d5.(2G2).4s"	"c 3G"	"5"	"3d4.(3D).4s.4p.(3P*)"	"t 3F*"	"4"		""	"L808"	
"497.330"	"497.329"	"4w*"	""		"35813.685"	"55915.49"	"3d5.(4F).4s"	"c 3F"	"3"	"3d4.(1I).4s.4p.(3P*)"	"u 3H*"	"4"		""	"L808"	
"497.330"	"497.3309"	"4w*"	""		"42589.1721"	"62690.90"	"3d5.(4G).4p"	"z 5G*"	"5"	"3d5.(4G).4d"	"f 5G"	"5"		""	"L808"	
"497.754"	"497.7526"	"10w"	""		"42589.1721"	"62673.869"	"3d5.(4G).4p"	"z 5G*"	"5"	"3d5.(4G).4d"	"f 5G"	"6"		""	"L808"	
"498.1607"	"498.1628"	"15w"	""		"42605.7080"	"62673.869"	"3d5.(4G).4p"	"z 5G*"	"6"	"3d5.(4G).4d"	"f 5G"	"6"		""	"L808"	
"498.345"	"498.34838"	"1"	""		"35884.255"	"55944.942"	"3d5.(2H).4s"	"b 3H"	"5"	"3d5.(2I).4p"	"y 1H*"	"5"		""	"L808"	
"498.5956"	"498.59576"	"4"	""		"31008.9708"	"51059.7045"	"3d5.(2D3).4s"	"b 3D"	"3"	"3d4.(3G).4s.4p.(3P*)"	"w 3F*"	"4"		""	"L14866"	
"499.857"	"499.85868"	"4"	""		"24299.8419"	"44299.9171"	"3d5.(4D).4s"	"b 5D"	"2"	"3d4.(3F1).4s.4p.(3P*)"	"y 5G*"	"2"		""	"L808"	
"500.095"	"500.09603"	"4"	""		"35884.255"	"55874.838"	"3d5.(2H).4s"	"b 3H"	"5"	"3d4.(1I).4s.4p.(3P*)"	"u 3H*"	"5"		""	"L808"	
"500.4400"	"500.44024"	"4"	""		"24282.3486"	"44259.182"	"3d5.(4D).4s"	"b 5D"	"4"	"3d5.(6S).5p"	"w 5P*"	"3"		""	"L14866"	
"500.508"	"500.50893"	"7"	""		"35933.906"	"55907.998"	"3d5.(2H).4s"	"b 3H"	"6"	"3d4.(1I).4s.4p.(3P*)"	"u 3H*"	"6"		""	"L808"	
"500.875"	"500.87886"	"5w"	""		"24299.8419"	"44259.182"	"3d5.(4D).4s"	"b 5D"	"2"	"3d5.(6S).5p"	"w 5P*"	"3"		""	"L808"	
"500.978"	"500.98078"	"10w"	""		"24303.9025"	"44259.182"	"3d5.(4D).4s"	"b 5D"	"3"	"3d5.(6S).5p"	"w 5P*"	"3"		""	"L808"	
"501.33136"	"501.33144"	"44"	"3.5e+06"	D	"21840.8096"	"41782.1313"	"3d5.(4P).4s"	"a 5P"	"3"	"3d4.(5D).4s.4p.(1P*)"	"y 5D*"	"4"		"T1621n"	"L14866"	
"501.733"	"501.73497"	"4"	""		"27163.1052"	"47088.389"	"3d5.(4P).4s"	"b 3P"	"0"	"3d4.(3P1).4s.4p.(3P*)"	"z 3S*"	"1"		""	"L808"	
"501.8158"	"501.81582"	"3"	""		"31028.2590"	"50950.3326"	"3d5.(2D3).4s"	"b 3D"	"2"	"3d4.(3G).4s.4p.(3P*)"	"w 3F*"	"3"		""	"L14866"	
"501.91762"	"501.917658"	"6"	""		"7810.7795"	"27728.8110"	"3d4.4s2"	"a 5D"	"1"	"3d4.(5D).4s.4p.(3P*)"	"y 7P*"	"2"		""	"L14866"	
"502.0608"	"502.06259"	"15"	""		"27176.1072"	"47088.389"	"3d5.(4P).4s"	"b 3P"	"1"	"3d4.(3P1).4s.4p.(3P*)"	"z 3S*"	"1"		""	"L808"	
"502.19017"	"502.19021"	"29"	""		"7593.1484"	"27500.3699"	"3d5.(6S).4s"	"a 5S"	"2"	"3d4.(5D).4s.4p.(3P*)"	"z 7D*"	"3"		""	"L14866"	
"502.363"	"502.36689"	"5w"	""		"24286.5418"	"44186.7624"	"3d5.(4D).4s"	"b 5D"	"1"	"3d5.(6S).5p"	"w 5P*"	"2"		""	"L808"	
"502.5555"	"502.555384"	"5"	""		"7927.4410"	"27820.1975"	"3d4.4s2"	"a 5D"	"2"	"3d4.(5D).4s.4p.(3P*)"	"y 7P*"	"3"		""	"L14866"	
"502.583"	"502.58150"	"4"	""		"31355.1192"	"51246.842"	"3d5.(4F).4s"	"a 5F"	"2"	"3d5.(4D).4p"	"w 3P*"	"1"		""	"L808"	
"502.7029"	"502.702866"	"3"	""		"24299.8419"	"44186.7624"	"3d5.(4D).4s"	"b 5D"	"2"	"3d5.(6S).5p"	"w 5P*"	"2"		""	"L14866"	
"502.8052"	"502.805532"	"2"	""		"24303.9025"	"44186.7624"	"3d5.(4D).4s"	"b 5D"	"3"	"3d5.(6S).5p"	"w 5P*"	"2"		""	"L14866"	
"503.128"	"503.13212"	"10"	""		"33934.757"	"53804.711"	"3d4.4s2"	"c 3D"	"3"	"3d3.(4F).4s2.4p"	"v 3G*"	"3"		""	"L808"	
"503.254"	"503.25478"	"12"	"2.0e+06"	E	"35933.906"	"55799.017"	"3d5.(2H).4s"	"b 3H"	"6"	"3d5.(2I).4p"	"x 3I*"	"7"		"T4913"	"L808"	
"503.337"	"503.33822"	"5"	""		"31028.2590"	"50890.077"	"3d5.(2D3).4s"	"b 3D"	"2"	"3d4.(3G).4s.4p.(3P*)"	"w 3F*"	"2"		""	"L808"	
"503.465"	"503.46575"	"7"	"1.7e+06"	E	"35884.255"	"55741.042"	"3d5.(2H).4s"	"b 3H"	"5"	"3d5.(2I).4p"	"x 3I*"	"6"		"T4913"	"L808"	
"503.8578"	"503.85801"	"2"	""		"31048.7488"	"50890.077"	"3d5.(2D3).4s"	"b 3D"	"1"	"3d4.(3G).4s.4p.(3P*)"	"w 3F*"	"2"		""	"L14866"	
"503.909"	"503.91276"	"5w"	""		"24286.5418"	"44125.7144"	"3d5.(4D).4s"	"b 5D"	"1"	"3d5.(6S).5p"	"w 5P*"	"1"		""	"L808"	
"504.253"	"504.25081"	"4w"	""		"24299.8419"	"44125.7144"	"3d5.(4D).4s"	"b 5D"	"2"	"3d5.(6S).5p"	"w 5P*"	"1"		""	"L808"	
"504.285"	"504.28681"	"3"	""		"31352.3828"	"51176.840"	"3d5.(4F).4s"	"a 5F"	"1"	"3d5.(4D).4p"	"w 3P*"	"0"		""	"L808"	
"504.35907"	"504.35913"	"6"	""		"28636.9634"	"48458.5780"	"3d5.(4D).4s"	"a 3D"	"3"	"3d4.(3P1).4s.4p.(3P*)"	"x 3P*"	"2"		""	"L14866"	
"504.504"	"504.50520"	"6"	"1.8e+06"	D	"35870.458"	"55686.334"	"3d5.(2H).4s"	"b 3H"	"4"	"3d5.(2I).4p"	"x 3I*"	"5"		"T2268"	"L808"	
"504.87479"	"504.874788"	"23"	""		"7927.4410"	"27728.8110"	"3d4.4s2"	"a 5D"	"2"	"3d4.(5D).4s.4p.(3P*)"	"y 7P*"	"2"		""	"L14866"	
"504.942"	"504.94110"	"5"	""		"27222.9417"	"47021.7112"	"3d5.(4P).4s"	"b 3P"	"2"	"3d5.(4P).4p"	"u 5P*"	"1"		""	"L808"	
"505.18970"	"505.18974"	"115"	"5.41e+04"	B	"7593.1484"	"27382.1739"	"3d5.(6S).4s"	"a 5S"	"2"	"3d4.(5D).4s.4p.(3P*)"	"z 7D*"	"2"		"T4624"	"L14866"	
"505.513"	"505.51295"	"3"	""		"28682.2050"	"48458.5780"	"3d5.(4D).4s"	"a 3D"	"2"	"3d4.(3P1).4s.4p.(3P*)"	"x 3P*"	"2"		""	"L808"	
"506.324"	"506.32282"	"6"	""		"27222.9417"	"46967.6827"	"3d5.(4P).4s"	"b 3P"	"2"	"3d5.(4P).4p"	"u 5P*"	"2"		""	"L808"	
"506.59086"	"506.59098"	"11"	""		"21840.8096"	"41575.099"	"3d5.(4P).4s"	"a 5P"	"3"	"3d4.(5D).4s.4p.(1P*)"	"y 5D*"	"3"		""	"L14866"	
"506.77129"	"506.77139"	"22"	""		"21847.8349"	"41575.099"	"3d5.(4P).4s"	"a 5P"	"2"	"3d4.(5D).4s.4p.(1P*)"	"y 5D*"	"3"		""	"L14866"	
"506.82922"	"506.829214"	"32"	""		"8095.1842"	"27820.1975"	"3d4.4s2"	"a 5D"	"3"	"3d4.(5D).4s.4p.(3P*)"	"y 7P*"	"3"		""	"L14866"	
"507.27290"	"507.27290"	"11"	""		"25038.4981"	"44746.259"	"3d5.(4G).4s"	"a 3G"	"5"	"3d4.(3F1).4s.4p.(3P*)"	"y 5G*"	"6"		""	"L14866"	
"507.29259"	"507.292621"	"200"	"1.59e+05"	B	"7593.1484"	"27300.1433"	"3d5.(6S).4s"	"a 5S"	"2"	"3d4.(5D).4s.4p.(3P*)"	"z 7D*"	"1"		"T4624"	"L14866"	
"508.621"	"508.61867"	"8"	""		"27222.9417"	"46878.558"	"3d5.(4P).4s"	"b 3P"	"2"	"3d5.(4P).4p"	"u 5P*"	"3"		""	"L808"	
"509.18830"	"509.188327"	"34"	""		"8095.1842"	"27728.8110"	"3d4.4s2"	"a 5D"	"3"	"3d4.(5D).4s.4p.(3P*)"	"y 7P*"	"2"		""	"L14866"	
"509.3427"	"509.34297"	"3"	""		"8307.5753"	"27935.2412"	"3d4.4s2"	"a 5D"	"4"	"3d4.(5D).4s.4p.(3P*)"	"y 7P*"	"4"		""	"L14866"	
"510.770"	"510.76740"	"7"	""		"7927.4410"	"27500.3699"	"3d4.4s2"	"a 5D"	"2"	"3d4.(5D).4s.4p.(3P*)"	"z 7D*"	"3"		""	"L808"	
"510.8909"	"510.89150"	"12"	""		"21840.8096"	"41408.9840"	"3d5.(4P).4s"	"a 5P"	"3"	"3d4.(5D).4s.4p.(1P*)"	"y 5D*"	"2"		""	"L9190"	
"511.07489"	"511.07499"	"15"	""		"21847.8349"	"41408.9840"	"3d5.(4P).4s"	"a 5P"	"2"	"3d4.(5D).4s.4p.(1P*)"	"y 5D*"	"2"		""	"L14866"	
"511.24846"	"511.24846"	"25"	"5.7e+03"	D	"8095.1842"	"27649.6960"	"3d4.4s2"	"a 5D"	"3"	"3d4.(5D).4s.4p.(3P*)"	"z 7D*"	"4"		"T4288"	"L14866"	
"511.31255"	"511.31270"	"10"	""		"21856.9287"	"41408.9840"	"3d5.(4P).4s"	"a 5P"	"1"	"3d4.(5D).4s.4p.(1P*)"	"y 5D*"	"2"		""	"L14866"	
"511.946"	"511.94746"	"10"	""		"28682.2050"	"48210.018"	"3d5.(4D).4s"	"a 3D"	"2"	"3d4.(3F1).4s.4p.(3P*)"	"3D*"	"1"		""	"L808"	
"512.2116"	"512.21153"	"30"	""		"8307.5753"	"27825.3207"	"3d4.4s2"	"a 5D"	"4"	"3d4.(5D).4s.4p.(3P*)"	"z 7D*"	"5"		""	"L9190"	
"512.2770"	"512.27651"	"18"	""		"27163.1052"	"46678.375"	"3d5.(4P).4s"	"b 3P"	"0"	"3d4.(3G).4s.4p.(3P*)"	"w 5F*"	"1"		""	"L808"	
"512.34603"	"512.346021"	"88"	"4.0e+04"	D	"8307.5753"	"27820.1975"	"3d4.4s2"	"a 5D"	"4"	"3d4.(5D).4s.4p.(3P*)"	"y 7P*"	"3"		"T4288"	"L14866"	
"512.6168"	"512.61805"	"10"	""		"27176.1072"	"46678.375"	"3d5.(4P).4s"	"b 3P"	"1"	"3d4.(3G).4s.4p.(3P*)"	"w 5F*"	"1"		""	"L808"	
"512.6500"	"512.64990"	"15"	""		"27176.1072"	"46677.1634"	"3d5.(4P).4s"	"b 3P"	"1"	"3d4.(3G).4s.4p.(3P*)"	"w 5F*"	"2"		""	"L9190"	
"512.9575"	"512.957457"	"4"	""		"7810.7795"	"27300.1433"	"3d4.4s2"	"a 5D"	"1"	"3d4.(5D).4s.4p.(3P*)"	"z 7D*"	"1"		""	"L14866"	
"513.566"	"513.56993"	"10"	""		"24833.7957"	"44299.9171"	"3d5.(4G).4s"	"a 3G"	"3"	"3d4.(3F1).4s.4p.(3P*)"	"y 5G*"	"2"		""	"L808"	
"513.5917"	"513.59201"	"2"	""		"27222.9417"	"46688.2265"	"3d5.(4P).4s"	"b 3P"	"2"	"3d4.(3G).4s.4p.(3P*)"	"w 5F*"	"3"		""	"L14866"	
"513.7931"	"513.79310"	"4"	""		"27597.2409"	"47054.9072"	"3d4.4s2"	"b 3G"	"3"	"3d5.(4G).4p"	"y 3G*"	"4"		""	"L14866"	
"513.87065"	"513.870572"	"13"	""		"7927.4410"	"27382.1739"	"3d4.4s2"	"a 5D"	"2"	"3d4.(5D).4s.4p.(3P*)"	"z 7D*"	"2"		""	"L14866"	
"513.886"	"513.88408"	"10w"	""		"27222.9417"	"46677.1634"	"3d5.(4P).4s"	"b 3P"	"2"	"3d4.(3G).4s.4p.(3P*)"	"w 5F*"	"2"		""	"L808"	
"513.96457"	"513.96456"	"75"	"1.3e+07"	D	"27597.2409"	"47048.4161"	"3d4.4s2"	"b 3G"	"3"	"3d5.(4G).4p"	"y 3G*"	"3"		"T1621n"	"L14866"	
"514.2262"	"514.22620"	"4"	""		"21847.8349"	"41289.1133"	"3d5.(4P).4s"	"a 5P"	"2"	"3d4.(5D).4s.4p.(1P*)"	"y 5D*"	"1"		""	"L14866"	
"514.46674"	"514.46685"	"13"	""		"21856.9287"	"41289.1133"	"3d5.(4P).4s"	"a 5P"	"1"	"3d4.(5D).4s.4p.(1P*)"	"y 5D*"	"1"		""	"L14866"	
"514.9481"	"514.94814"	"2"	""		"25177.3539"	"44591.3768"	"3d4.4s2"	"a 3F"	"4"	"3d4.(3F1).4s.4p.(3P*)"	"y 5G*"	"5"		""	"L14866"	
"515.18267"	"515.18265"	"13"	""		"8095.1842"	"27500.3699"	"3d4.4s2"	"a 5D"	"3"	"3d4.(5D).4s.4p.(3P*)"	"z 7D*"	"3"		""	"L14866"	
"516.0465"	"516.046501"	"3"	""		"7927.4410"	"27300.1433"	"3d4.4s2"	"a 5D"	"2"	"3d4.(5D).4s.4p.(3P*)"	"z 7D*"	"1"		""	"L14866"	
"516.077"	"516.0751"	"5"	""		"46637.2307"	"66008.86"	"3d4.4s.5s"	"f 7D"	"3"	"3d5.4p"	"p 3G*"	"3"		""	"L808"	
"516.1763"	"516.17653"	"5"	""		"21856.9287"	"41224.751"	"3d5.(4P).4s"	"a 5P"	"1"	"3d4.(5D).4s.4p.(1P*)"	"y 5D*"	"0"		""	"L14866"	
"516.62168"	"516.621711"	"90"	""		"27703.7743"	"47054.9072"	"3d4.4s2"	"b 3G"	"4"	"3d5.(4G).4p"	"y 3G*"	"4"		""	"L14866"	
"516.79506"	"516.79507"	"6"	""		"27703.7743"	"47048.4161"	"3d4.4s2"	"b 3G"	"4"	"3d5.(4G).4p"	"y 3G*"	"3"		""	"L14866"	
"516.8625"	"516.86243"	"4"	""		"8307.5753"	"27649.6960"	"3d4.4s2"	"a 5D"	"4"	"3d4.(5D).4s.4p.(3P*)"	"z 7D*"	"4"		""	"L14866"	
"517.74019"	"517.74018"	"20"	"6.1e+06"	D	"27649.6960"	"46959.0255"	"3d4.(5D).4s.4p.(3P*)"	"z 7D*"	"4"	"3d4.4s.5s"	"f 7D"	"5"		"T1621n"	"L14866"	
"517.7811"	"517.78126"	"10"	""		"27597.2409"	"46905.0382"	"3d4.4s2"	"b 3G"	"3"	"3d4.(3H).4s.4p.(3P*)"	"z 3G*"	"4"		""	"L9190"	
"518.33984"	"518.339873"	"10"	""		"8095.1842"	"27382.1739"	"3d4.4s2"	"a 5D"	"3"	"3d4.(5D).4s.4p.(3P*)"	"z 7D*"	"2"		""	"L14866"	
"518.45564"	"518.45565"	"33"	""		"27500.3699"	"46783.0528"	"3d4.(5D).4s.4p.(3P*)"	"z 7D*"	"3"	"3d4.4s.5s"	"f 7D"	"4"		""	"L14866"	
"519.19947"	"519.19951"	"34"	"1.4e+07"	D	"27382.1739"	"46637.2307"	"3d4.(5D).4s.4p.(3P*)"	"z 7D*"	"2"	"3d4.4s.5s"	"f 7D"	"3"		"T1621n"	"L14866"	
"519.34917"	"519.34920"	"27"	"6.7e+06"	D	"27597.2409"	"46846.7480"	"3d4.4s2"	"b 3G"	"3"	"3d4.(3H).4s.4p.(3P*)"	"z 3G*"	"3"		"T1621n"	"L14866"	
"519.460"	"519.45980"	"10"	""		"21840.8096"	"41086.218"	"3d5.(4P).4s"	"a 5P"	"3"	"3d4.(5D).4s.4p.(1P*)"	"y 5F*"	"3"		""	"L808"	
"519.64461"	"519.644629"	"210"	"1.2e+07"	D	"27816.7783"	"47055.3416"	"3d4.4s2"	"b 3G"	"5"	"3d5.(4G).4p"	"y 3G*"	"5"		"T2268"	"L14866"	
"519.6563"	"519.65636"	"5"	""		"27816.7783"	"47054.9072"	"3d4.4s2"	"b 3G"	"5"	"3d5.(4G).4p"	"y 3G*"	"4"		""	"L14866"	
"520.01728"	"520.01732"	"24"	"1.1e+07"	D	"27300.1433"	"46524.9187"	"3d4.(5D).4s.4p.(3P*)"	"z 7D*"	"1"	"3d4.4s.5s"	"f 7D"	"2"		"T4288"	"L14866"	
"520.44981"	"520.45110"	"5900q"	"5.09e+07"	B	"7593.1484"	"26801.9009"	"3d5.(6S).4s"	"a 5S"	"2"	"3d5.(6S).4p"	"z 5P*"	"1"		"T4624,T4913"	"L14866"	
"520.60229"	"520.603733"	"7100q"	"5.14e+07"	B	"7593.1484"	"26796.2691"	"3d5.(6S).4s"	"a 5S"	"2"	"3d5.(6S).4p"	"z 5P*"	"2"		"T4624,T4913"	"L14866"	
"520.61956"	"520.619563"	"45"	""		"21840.8096"	"41043.3464"	"3d5.(4P).4s"	"a 5P"	"3"	"3d4.(5D).4s.4p.(1P*)"	"x 5P*"	"3"		""	"L14866"	
"520.65405"	"520.65408"	"24"	""		"27703.7743"	"46905.0382"	"3d4.4s2"	"b 3G"	"4"	"3d4.(3H).4s.4p.(3P*)"	"z 3G*"	"4"		""	"L14866"	
"520.81001"	"520.810105"	"14"	""		"21847.8349"	"41043.3464"	"3d5.(4P).4s"	"a 5P"	"2"	"3d4.(5D).4s.4p.(1P*)"	"x 5P*"	"3"		""	"L14866"	
"520.84094"	"520.842555"	"7800q"	"5.06e+07"	B	"7593.1484"	"26787.4640"	"3d5.(6S).4s"	"a 5S"	"2"	"3d5.(6S).4p"	"z 5P*"	"3"		"T4624,T4913"	"L14866"	
"520.88379"	"520.88383"	"12"	""		"8307.5753"	"27500.3699"	"3d4.4s2"	"a 5D"	"4"	"3d4.(5D).4s.4p.(3P*)"	"z 7D*"	"3"		""	"L14866"	
"521.22193"	"521.22202"	"16"	""		"26787.4640"	"45967.8057"	"3d5.(6S).4p"	"z 5P*"	"3"	"3d5.(6S).6s"	"f 5S"	"2"		""	"L14866"	
"521.366"	"521.36124"	"5"	""		"31008.9708"	"50184.191"	"3d5.(2D3).4s"	"b 3D"	"3"	"3d5.(4D).4p"	"w 3D*"	"2"		""	"L808"	
"521.41312"	"521.413165"	"57"	"8.9e+06"	D	"27176.1072"	"46349.4177"	"3d5.(4P).4s"	"b 3P"	"1"	"3d4.(3F1).4s.4p.(3P*)"	"w 5D*"	"2"		"T4288"	"L14866"	
"521.46132"	"521.46141"	"11"	""		"26796.2691"	"45967.8057"	"3d5.(6S).4p"	"z 5P*"	"2"	"3d5.(6S).6s"	"f 5S"	"2"		""	"L14866"	
"521.488"	"521.4859"	"4w"	""		"36034.1524"	"55204.79"	"3d4.(5D).4s.4p.(3P*)"	"z 3F*"	"3"	"3d4.4s.5s"	"e 3D"	"3"		""	"L808"	
"521.52843"	"521.52856"	"9"	""		"27816.7783"	"46985.8465"	"3d4.4s2"	"b 3G"	"5"	"3d4.(3H).4s.4p.(3P*)"	"z 3G*"	"5"		""	"L14866"	
"521.61439"	"521.61464"	"7"	""		"26801.9009"	"45967.8057"	"3d5.(6S).4p"	"z 5P*"	"1"	"3d5.(6S).6s"	"f 5S"	"2"		""	"L14866"	
"521.659"	"521.66121"	"10wD?"	""		"31393.2968"	"50557.4907"	"3d5.(4F).4s"	"a 5F"	"5"	"3d5.(4D).4p"	"u 5D*"	"4"		""	"L808"	
"522.08912"	"522.08915"	"13"	""		"27300.1433"	"46448.6289"	"3d4.(5D).4s.4p.(3P*)"	"z 7D*"	"1"	"3d4.4s.5s"	"f 7D"	"1"		""	"L14866"	
"522.17524"	"522.17527"	"81"	""		"27222.9417"	"46368.2695"	"3d5.(4P).4s"	"b 3P"	"2"	"3d4.(3F1).4s.4p.(3P*)"	"w 5D*"	"3"		""	"L14866"	
"522.2392"	"522.23948"	"2"	""		"27703.7743"	"46846.7480"	"3d4.4s2"	"b 3G"	"4"	"3d4.(3H).4s.4p.(3P*)"	"z 3G*"	"3"		""	"L14866"	
"522.26662"	"522.266589"	"8"	""		"21840.8096"	"40982.7898"	"3d5.(4P).4s"	"a 5P"	"3"	"3d4.(5D).4s.4p.(1P*)"	"x 5P*"	"2"		""	"L14866"	
"522.3877"	"522.38780"	"3"	""		"29420.8645"	"48558.403"	"3d4.(5D).4s.4p.(3P*)"	"y 5P*"	"1"	"3d4.4s.5s"	"f 5D"	"2"		""	"L14866"	
"522.40635"	"522.40630"	"10"	""		"27500.3699"	"46637.2307"	"3d4.(5D).4s.4p.(3P*)"	"z 7D*"	"3"	"3d4.4s.5s"	"f 7D"	"3"		""	"L14866"	
"522.45328"	"522.45331"	"29"	""		"27163.1052"	"46298.2442"	"3d5.(4P).4s"	"b 3P"	"0"	"3d4.(3F1).4s.4p.(3P*)"	"w 5D*"	"1"		""	"L14866"	
"522.49247"	"522.49247"	"91"	""		"27825.3207"	"46959.0255"	"3d4.(5D).4s.4p.(3P*)"	"z 7D*"	"5"	"3d4.4s.5s"	"f 7D"	"5"		""	"L14866"	
"522.50197"	"522.50198"	"44"	""		"27649.6960"	"46783.0528"	"3d4.(5D).4s.4p.(3P*)"	"z 7D*"	"4"	"3d4.4s.5s"	"f 7D"	"4"		""	"L14866"	
"522.58121"	"522.581362"	"16"	""		"21840.8096"	"40971.2599"	"3d5.(4P).4s"	"a 5P"	"3"	"3d4.(5D).4s.4p.(1P*)"	"y 5F*"	"2"		""	"L14866"	
"522.68992"	"522.689951"	"34"	""		"27222.9417"	"46349.4177"	"3d5.(4P).4s"	"b 3P"	"2"	"3d4.(3F1).4s.4p.(3P*)"	"w 5D*"	"2"		""	"L14866"	
"522.7066"	"522.706755"	"5"	""		"21856.9287"	"40982.7898"	"3d5.(4P).4s"	"a 5P"	"1"	"3d4.(5D).4s.4p.(1P*)"	"x 5P*"	"2"		""	"L14866"	
"522.7732"	"522.773343"	"4"	""		"21847.8349"	"40971.2599"	"3d5.(4P).4s"	"a 5P"	"2"	"3d4.(5D).4s.4p.(1P*)"	"y 5F*"	"2"		""	"L14866"	
"522.80856"	"522.80856"	"32"	""		"27176.1072"	"46298.2442"	"3d5.(4P).4s"	"b 3P"	"1"	"3d4.(3F1).4s.4p.(3P*)"	"w 5D*"	"1"		""	"L14866"	
"523.02190"	"523.022060"	"10"	""		"21856.9287"	"40971.2599"	"3d5.(4P).4s"	"a 5P"	"1"	"3d4.(5D).4s.4p.(1P*)"	"y 5F*"	"2"		""	"L14866"	
"523.6616"	"523.66165"	"3"	""		"27597.2409"	"46688.2265"	"3d4.4s2"	"b 3G"	"3"	"3d4.(3G).4s.4p.(3P*)"	"w 5F*"	"3"		""	"L14866"	
"523.706"	"523.7065"	"4"	""		"34190.4320"	"53279.783"	"3d4.(5D).4s.4p.(3P*)"	"z 3P*"	"2"	"3d4.4s.4d"	"e 7F"	"2"		""	"L808"	
"523.736"	"523.73643"	"2"	""		"27816.7783"	"46905.0382"	"3d4.4s2"	"b 3G"	"5"	"3d4.(3H).4s.4p.(3P*)"	"z 3G*"	"4"		""	"L808"	
"523.89608"	"523.896175"	"22"	"4.01e+06"	B	"21847.8349"	"40930.2744"	"3d5.(4P).4s"	"a 5P"	"2"	"3d4.(5D).4s.4p.(1P*)"	"x 5P*"	"1"		"u10"	"L14866"	
"524.04723"	"524.04727"	"10"	""		"29584.5708"	"48661.5083"	"3d4.(5D).4s.4p.(3P*)"	"y 5P*"	"2"	"3d4.4s.5s"	"f 5D"	"3"		""	"L14866"	
"524.0921"	"524.09219"	"4"	""		"27222.9417"	"46298.2442"	"3d5.(4P).4s"	"b 3P"	"2"	"3d4.(3F1).4s.4p.(3P*)"	"w 5D*"	"1"		""	"L14866"	
"524.1458"	"524.145962"	"5"	"6.7e+05"	D	"21856.9287"	"40930.2744"	"3d5.(4P).4s"	"a 5P"	"1"	"3d4.(5D).4s.4p.(1P*)"	"x 5P*"	"1"		"T4288"	"L14866"	
"524.33539"	"524.33539"	"26"	"2.19e+07"	B	"27382.1739"	"46448.6289"	"3d4.(5D).4s.4p.(3P*)"	"z 7D*"	"2"	"3d4.4s.5s"	"f 7D"	"1"		"u10"	"L14866"	
"524.75646"	"524.756509"	"1250"	"1.9e+06"	B	"7750.7465"	"26801.9009"	"3d4.4s2"	"a 5D"	"0"	"3d5.(6S).4p"	"z 5P*"	"1"		"T4624,T4913"	"L14866"	
"524.792"	"524.79635"	"15"	""		"38537.591"	"57587.299"	"3d5.(2H).4s"	"a 1H"	"5"	"3d5.(2F1).4p"	"t 3G*"	"4"		""	"L808"	
"525.49038"	"525.49038"	"39"	""		"27500.3699"	"46524.9187"	"3d4.(5D).4s.4p.(3P*)"	"z 7D*"	"3"	"3d4.4s.5s"	"f 7D"	"2"		""	"L14866"	
"525.5117"	"525.51150"	"100"	""		"27935.2412"	"46959.0255"	"3d4.(5D).4s.4p.(3P*)"	"y 7P*"	"4"	"3d4.4s.5s"	"f 7D"	"5"		""	"L9190"	
"525.70738"	"525.70736"	"6"	""		"27703.7743"	"46720.4711"	"3d4.4s2"	"b 3G"	"4"	"3d4.(3G).4s.4p.(3P*)"	"w 5F*"	"4"		""	"L14866"	
"526.17505"	"526.17509"	"24"	"1.3e+07"	D	"29824.6909"	"48824.4834"	"3d4.(5D).4s.4p.(3P*)"	"y 5P*"	"3"	"3d4.4s.5s"	"f 5D"	"4"		"T1621n"	"L14866"	
"526.376"	"526.3728"	"30"	""		"36212.1339"	"55204.79"	"3d4.(5D).4s.4p.(3P*)"	"z 3F*"	"4"	"3d4.4s.5s"	"e 3D"	"3"		""	"L808"	
"526.41530"	"526.415341"	"2600"	"4.1e+06"	B	"7810.7795"	"26801.9009"	"3d4.4s2"	"a 5D"	"1"	"3d5.(6S).4p"	"z 5P*"	"1"		"T4624,T4913"	"L14866"	
"526.51480"	"526.51478"	"40"	""		"27649.6960"	"46637.2307"	"3d4.(5D).4s.4p.(3P*)"	"z 7D*"	"4"	"3d4.4s.5s"	"f 7D"	"3"		""	"L14866"	
"526.57143"	"526.571497"	"1050"	"8.5e+05"	B	"7810.7795"	"26796.2691"	"3d4.4s2"	"a 5D"	"1"	"3d5.(6S).4p"	"z 5P*"	"2"		"T4624,T4913"	"L14866"	
"526.8948"	"526.89502"	"5"	""		"29584.5708"	"48558.403"	"3d4.(5D).4s.4p.(3P*)"	"y 5P*"	"2"	"3d4.4s.5s"	"f 5D"	"2"		""	"L14866"	
"527.19995"	"527.20003"	"33"	"1.01e+07"	B	"27820.1975"	"46783.0528"	"3d4.(5D).4s.4p.(3P*)"	"y 7P*"	"3"	"3d4.4s.5s"	"f 7D"	"4"		"u10"	"L14866"	
"527.34250"	"527.34250"	"28"	""		"27825.3207"	"46783.0528"	"3d4.(5D).4s.4p.(3P*)"	"z 7D*"	"5"	"3d4.4s.5s"	"f 7D"	"4"		""	"L14866"	
"527.51736"	"527.517400"	"100"	""		"27222.9417"	"46174.3884"	"3d5.(4P).4s"	"b 3P"	"2"	"3d5.(4P).4p"	"y 3D*"	"3"		""	"L14866"	
"527.52747"	"527.527490"	"150"	""		"23305.0026"	"42256.0868"	"3d5.(6S).4p"	"z 7P*"	"2"	"3d5.(6S).4d"	"e 7D"	"3"		""	"L14866"	
"527.57463"	"527.574647"	"220"	""		"23305.0026"	"42254.3929"	"3d5.(6S).4p"	"z 7P*"	"2"	"3d5.(6S).4d"	"e 7D"	"2"		""	"L14866"	
"527.60670"	"527.60670"	"250"	""		"23305.0026"	"42253.2416"	"3d5.(6S).4p"	"z 7P*"	"2"	"3d5.(6S).4d"	"e 7D"	"1"		""	"L14866"	
"527.8235"	"527.82469"	"40"	""		"36034.1524"	"54974.566"	"3d4.(5D).4s.4p.(3P*)"	"z 3F*"	"3"	"3d4.4s.5s"	"e 3D"	"2"		""	"L9190"	
"528.02814"	"528.02817"	"29"	""		"27176.1072"	"46109.2219"	"3d5.(4P).4s"	"b 3P"	"1"	"3d5.(4P).4p"	"y 3D*"	"2"		""	"L14866"	
"528.537"	"528.53845"	"7"	""		"35884.255"	"54799.091"	"3d5.(2H).4s"	"b 3H"	"5"	"3d4.(3H).4s.4p.(1P*)"	"w 3H*"	"5"		""	"L808"	
"528.56360"	"528.56365"	"10"	""		"27163.1052"	"46077.0395"	"3d5.(4P).4s"	"b 3P"	"0"	"3d5.(4P).4p"	"y 3D*"	"1"		""	"L14866"	
"528.71780"	"528.71780"	"12"	"4.22e+06"	B	"27728.8110"	"46637.2307"	"3d4.(5D).4s.4p.(3P*)"	"y 7P*"	"2"	"3d4.4s.5s"	"f 7D"	"3"		"u10"	"L14866"	
"528.763"	"528.7618"	"10w"	""		"35897.7833"	"54804.63"	"3d4.(5D).4s.4p.(3P*)"	"z 3F*"	"2"	"3d4.4s.5s"	"e 3D"	"1"		""	"L808"	
"528.811"	"528.80931"	"7"	""		"27176.1072"	"46081.255"	"3d5.(4P).4s"	"b 3P"	"1"	"3d4.(3F1).4s.4p.(3P*)"	"w 5D*"	"0"		""	"L808"	
"528.9271"	"528.92725"	"4"	""		"27176.1072"	"46077.0395"	"3d5.(4P).4s"	"b 3P"	"1"	"3d5.(4P).4p"	"y 3D*"	"1"		""	"L14866"	
"529.2857"	"529.28581"	"7"	""		"27816.7783"	"46704.9067"	"3d4.4s2"	"b 3G"	"5"	"3d4.(3G).4s.4p.(3P*)"	"w 5F*"	"5"		""	"L14866"	
"529.33761"	"529.33760"	"11"	"2.1e+06"	D	"27222.9417"	"46109.2219"	"3d5.(4P).4s"	"b 3P"	"2"	"3d5.(4P).4p"	"y 3D*"	"2"		"T4288"	"L14866"	
"529.66905"	"529.669109"	"2100"	"3.1e+06"	B	"7927.4410"	"26801.9009"	"3d4.4s2"	"a 5D"	"2"	"3d5.(6S).4p"	"z 5P*"	"1"		"T4624,T4913"	"L14866"	
"529.73762"	"529.737623"	"460"	"3.88e+07"	B	"23386.3419"	"42258.3607"	"3d5.(6S).4p"	"z 7P*"	"3"	"3d5.(6S).4d"	"e 7D"	"4"		"u10"	"L14866"	
"529.80143"	"529.801460"	"340"	"3.0e+07"	D	"23386.3419"	"42256.0868"	"3d5.(6S).4p"	"z 7P*"	"3"	"3d5.(6S).4d"	"e 7D"	"3"		"T4288"	"L14866"	
"529.82715"	"529.827202"	"3540"	"3.3e+06"	B	"7927.4410"	"26796.2691"	"3d4.4s2"	"a 5D"	"2"	"3d5.(6S).4p"	"z 5P*"	"2"		"T4624,T4913"	"L14866"	
"529.84900"	"529.849024"	"110"	""		"23386.3419"	"42254.3929"	"3d5.(6S).4p"	"z 7P*"	"3"	"3d5.(6S).4d"	"e 7D"	"2"		""	"L14866"	
"530.07451"	"530.074563"	"530"	"2.5e+05"	B	"7927.4410"	"26787.4640"	"3d4.4s2"	"a 5D"	"2"	"3d5.(6S).4p"	"z 5P*"	"3"		"T4624,T4913"	"L14866"	
"530.41796"	"530.41800"	"19"	"5.35e+06"	B	"27935.2412"	"46783.0528"	"3d4.(5D).4s.4p.(3P*)"	"y 7P*"	"4"	"3d4.4s.5s"	"f 7D"	"4"		"u10"	"L14866"	
"530.7275"	"530.72758"	"6"	""		"29824.6909"	"48661.5083"	"3d4.(5D).4s.4p.(3P*)"	"y 5P*"	"3"	"3d4.4s.5s"	"f 5D"	"3"		""	"L14866"	
"530.870"	"530.86876"	"4"	""		"31352.3828"	"50184.191"	"3d5.(4F).4s"	"a 5F"	"1"	"3d5.(4D).4p"	"w 3D*"	"2"		""	"L808"	
"530.9469"	"530.94660"	"10"	""		"33762.6622"	"52591.7094"	"3d5.(2I).4s"	"b 1I"	"6"	"3d4.(1I).4s.4p.(3P*)"	"y 3I*"	"5"		""	"L9190"	
"531.28557"	"531.28560"	"27"	"9.26e+06"	B	"27820.1975"	"46637.2307"	"3d4.(5D).4s.4p.(3P*)"	"y 7P*"	"3"	"3d4.4s.5s"	"f 7D"	"3"		"u10"	"L14866"	
"531.87707"	"531.87708"	"21"	"9.67e+06"	B	"27728.8110"	"46524.9187"	"3d4.(5D).4s.4p.(3P*)"	"y 7P*"	"2"	"3d4.4s.5s"	"f 7D"	"2"		"u10"	"L14866"	
"532.406"	"532.40473"	"20"	""		"27222.9417"	"46000.4213"	"3d5.(4P).4s"	"b 3P"	"2"	"3d5.(4G).4p"	"y 3F*"	"3"		""	"L808"	
"532.83238"	"532.832346"	"930"	"6.2e+07"	D	"23498.8156"	"42261.2258"	"3d5.(6S).4p"	"z 7P*"	"4"	"3d5.(6S).4d"	"e 7D"	"5"		"T1426n"	"L14866"	
"532.91370"	"532.913725"	"290"	"2.25e+07"	B	"23498.8156"	"42258.3607"	"3d5.(6S).4p"	"z 7P*"	"4"	"3d5.(6S).4d"	"e 7D"	"4"		"u10"	"L14866"	
"532.97831"	"532.97833"	"51"	"5.38e+06"	B	"23498.8156"	"42256.0868"	"3d5.(6S).4p"	"z 7P*"	"4"	"3d5.(6S).4d"	"e 7D"	"3"		"u10"	"L14866"	
"533.371"	"533.37226"	"12"	""		"27222.9417"	"45966.3597"	"3d5.(4P).4s"	"b 3P"	"2"	"3d5.(4G).4p"	"y 3F*"	"2"		""	"L808"	
"534.04469"	"534.04469"	"19"	"1.45e+07"	B	"27728.8110"	"46448.6289"	"3d4.(5D).4s.4p.(3P*)"	"y 7P*"	"2"	"3d4.4s.5s"	"f 7D"	"1"		"u10"	"L14866"	
"534.47564"	"534.47572"	"10"	"4.1e+06"	D	"27820.1975"	"46524.9187"	"3d4.(5D).4s.4p.(3P*)"	"y 7P*"	"3"	"3d4.4s.5s"	"f 7D"	"2"		"T4288"	"L14866"	
"534.5541"	"534.55377"	"*"	""		"42258.3607"	"60960.351"	"3d5.(6S).4d"	"e 7D"	"4"	"3d5.(2F2).4p"	"p 3F*"	"4"		""	"L9190"	
"534.5541"	"534.55379"	"*"	""		"27935.2412"	"46637.2307"	"3d4.(5D).4s.4p.(3P*)"	"y 7P*"	"4"	"3d4.4s.5s"	"f 7D"	"3"		""	"L9190"	
"534.57959"	"534.579650"	"5100"	"4.9e+06"	B	"8095.1842"	"26796.2691"	"3d4.4s2"	"a 5D"	"3"	"3d5.(6S).4p"	"z 5P*"	"2"		"T4624,T4913"	"L14866"	
"534.83141"	"534.831470"	"3200"	"1.7e+06"	B	"8095.1842"	"26787.4640"	"3d4.4s2"	"a 5D"	"3"	"3d5.(6S).4p"	"z 5P*"	"3"		"T4624,T4913"	"L14866"	
"535.572"	"535.57161"	"2"	""		"31352.3828"	"50018.831"	"3d5.(4F).4s"	"a 5F"	"1"	"3d5.(4D).4p"	"s 5F*"	"1"		""	"L808"	
"535.630"	"535.62765"	"2w"	""		"27703.7743"	"46368.2695"	"3d4.4s2"	"b 3G"	"4"	"3d4.(3F1).4s.4p.(3P*)"	"w 5D*"	"3"		""	"L808"	
"535.651"	"535.65013"	"8"	""		"31355.1192"	"50018.831"	"3d5.(4F).4s"	"a 5F"	"2"	"3d5.(4D).4p"	"s 5F*"	"1"		""	"L808"	
"536.299"	"536.29812"	"25"	""		"31008.9708"	"49650.1320"	"3d5.(2D3).4s"	"b 3D"	"3"	"3d5.(4D).4p"	"x 3F*"	"3"		""	"L808"	
"536.599"	"536.59560"	"20"	""		"37244.011"	"55874.838"	"3d5.(2G2).4s"	"c 3G"	"4"	"3d4.(1I).4s.4p.(3P*)"	"u 3H*"	"5"		""	"L808"	
"536.7790"	"536.77895"	"2"	""		"31028.2590"	"49652.7224"	"3d5.(2D3).4s"	"b 3D"	"2"	"3d5.(4D).4p"	"x 3F*"	"2"		""	"L14866"	
"536.85365"	"536.85362"	"16"	""		"31028.2590"	"49650.1320"	"3d5.(2D3).4s"	"b 3D"	"2"	"3d5.(4D).4p"	"x 3F*"	"3"		""	"L14866"	
"537.148"	"537.15014"	"50"	""		"31008.9708"	"49620.5640"	"3d5.(2D3).4s"	"b 3D"	"3"	"3d5.(4D).4p"	"x 3F*"	"4"		""	"L808"	
"537.37013"	"537.37015"	"11"	""		"31048.7488"	"49652.7224"	"3d5.(2D3).4s"	"b 3D"	"1"	"3d5.(4D).4p"	"x 3F*"	"2"		""	"L14866"	
"537.468"	"537.472"	"7w"	""		"36552.1351"	"55152.59"	"3d5.(2F2).4s"	"d 3F"	"3"	"3d4.(3D).4s.4p.(3P*)"	"v 3D*"	"2"		""	"L808"	
"538.530"	"538.52797"	"20s"	""		"31008.9708"	"49572.9466"	"3d5.(2D3).4s"	"b 3D"	"3"	"3d4.(3G).4s.4p.(3P*)"	"w 5G*"	"4"		""	"L808"	
"538.69674"	"538.69675"	"65"	""		"27176.1072"	"45734.2670"	"3d5.(4P).4s"	"b 3P"	"1"	"3d5.(4P).4p"	"y 3P*"	"2"		""	"L14866"	
"538.75617"	"538.75621"	"41"	""		"27163.1052"	"45719.2168"	"3d5.(4P).4s"	"b 3P"	"0"	"3d5.(4P).4p"	"y 3P*"	"1"		""	"L14866"	
"539.03803"	"539.03789"	"32"	""		"27176.1072"	"45722.522"	"3d5.(4P).4s"	"b 3P"	"1"	"3d5.(4P).4p"	"y 3P*"	"0"		""	"L14866"	
"539.134"	"539.13397"	"35"	""		"27176.1072"	"45719.2168"	"3d5.(4P).4s"	"b 3P"	"1"	"3d5.(4P).4p"	"y 3P*"	"1"		""	"L808"	
"540.05967"	"540.059689"	"110"	"1.6e+07"	D	"27222.9417"	"45734.2670"	"3d5.(4P).4s"	"b 3P"	"2"	"3d5.(4P).4p"	"y 3P*"	"2"		"T1621n"	"L14866"	
"540.4993"	"540.49913"	"35"	""		"27222.9417"	"45719.2168"	"3d5.(4P).4s"	"b 3P"	"2"	"3d5.(4P).4p"	"y 3P*"	"1"		""	"L9190"	
"540.643"	"540.64000"	"10"	""		"31028.2590"	"49519.7149"	"3d5.(2D3).4s"	"b 3D"	"2"	"3d4.(3G).4s.4p.(3P*)"	"w 5G*"	"3"		""	"L808"	
"540.97834"	"540.978408"	"8500"	"6.2e+06"	B	"8307.5753"	"26787.4640"	"3d4.4s2"	"a 5D"	"4"	"3d5.(6S).4p"	"z 5P*"	"3"		"T4624,T4913"	"L14866"	
"541.250"	"541.25005"	"10"	""		"27703.7743"	"46174.3884"	"3d4.4s2"	"b 3G"	"4"	"3d5.(4P).4p"	"y 3D*"	"3"		""	"L808"	
"542.197"	"542.19434"	"5w"	""		"31028.2590"	"49466.705"	"3d5.(2D3).4s"	"b 3D"	"2"	"3d4.(3G).4s.4p.(3P*)"	"w 5G*"	"2"		""	"L808"	
"542.7974"	"542.79753"	"12*"	""		"31048.7488"	"49466.705"	"3d5.(2D3).4s"	"b 3D"	"1"	"3d4.(3G).4s.4p.(3P*)"	"w 5G*"	"2"		""	"L9190"	
"542.7974"	"542.79790"	"12*"	""		"28636.9634"	"47054.9072"	"3d5.(4D).4s"	"a 3D"	"3"	"3d5.(4G).4p"	"y 3G*"	"4"		""	"L9190"	
"543.235"	"543.23334"	"25"	""		"27597.2409"	"46000.4213"	"3d4.4s2"	"b 3G"	"3"	"3d5.(4G).4p"	"y 3F*"	"3"		""	"L808"	
"543.386"	"543.3865"	"8"	""		"36558.446"	"54956.44"	"3d5.(2F2).4s"	"d 3F"	"2"	"3d4.(3D).4s.4p.(3P*)"	"v 3D*"	"1"		""	"L808"	
"543.779"	"543.7758"	"15"	""		"35397.9566"	"53782.78"	"3d6"	"c 5D"	"4"	"3d4.4s.5p"	"s 5D*"	"4"		""	"L808"	
"544.24069"	"544.24066"	"21"	"3.9e+06"	D	"27597.2409"	"45966.3597"	"3d4.4s2"	"b 3G"	"3"	"3d5.(4G).4p"	"y 3F*"	"2"		"T4288"	"L14866"	
"544.334"	"544.33578"	"10"	""		"24282.3486"	"42648.2577"	"3d5.(4D).4s"	"b 5D"	"4"	"3d4.(3P1).4s.4p.(3P*)"	"x 5D*"	"3"		""	"L808"	
"544.6764"	"544.67641"	"2"	""		"27703.7743"	"46058.1980"	"3d4.4s2"	"b 3G"	"4"	"3d5.(4G).4p"	"y 3F*"	"4"		""	"L14866"	
"544.750"	"544.7482"	"7"	""		"36577.6545"	"54929.66"	"3d5.(2F2).4s"	"d 3F"	"4"	"3d5.(4G).5p"	"v 3H*"	"5"		""	"L808"	
"544.792"	"544.794"	"5"	""		"44307.97"	"62658.42"	"3d4.(3H).4s.4p.(3P*)"	"z 5I*"	"5"	"3d4.4p2"	"f 7F"	"6"		""	"L808"	
"546.241"	"546.24078"	"15"	""		"31008.9708"	"49310.830"	"3d5.(2D3).4s"	"b 3D"	"3"	"3d4.(3P1).4s.4p.(3P*)"	"x 3D*"	"3"		""	"L808"	
"546.291"	"546.28614"	"10"	""		"31352.3828"	"49652.7224"	"3d5.(4F).4s"	"a 5F"	"1"	"3d5.(4D).4p"	"x 3F*"	"2"		""	"L808"	
"546.3963"	"546.39639"	"40"	""		"27703.7743"	"46000.4213"	"3d4.4s2"	"b 3G"	"4"	"3d5.(4G).4p"	"y 3F*"	"3"		""	"L9190"	
"546.439"	"546.44520"	"10"	""		"31355.1192"	"49650.1320"	"3d5.(4F).4s"	"a 5F"	"2"	"3d5.(4D).4p"	"x 3F*"	"3"		""	"L808"	
"546.817"	"546.81707"	"10"	""		"31028.2590"	"49310.830"	"3d5.(2D3).4s"	"b 3D"	"2"	"3d4.(3P1).4s.4p.(3P*)"	"x 3D*"	"3"		""	"L808"	
"547.603"	"547.60302"	"5"	""		"31364.2327"	"49620.5640"	"3d5.(4F).4s"	"a 5F"	"3"	"3d5.(4D).4p"	"x 3F*"	"4"		""	"L808"	
"548.05063"	"548.05066"	"30"	""		"27816.7783"	"46058.1980"	"3d4.4s2"	"b 3G"	"5"	"3d5.(4G).4p"	"y 3F*"	"4"		""	"L14866"	
"548.101"	"548.10275"	"7"	""		"31377.8624"	"49617.5488"	"3d5.(4F).4s"	"a 5F"	"4"	"3d4.(3G).4s.4p.(3P*)"	"w 5G*"	"5"		""	"L808"	
"548.519"	"548.51811"	"3"	""		"33060.661"	"51286.5356"	"3d5.(2F1).4s"	"b 3F"	"3"	"3d5.(4D).4p"	"w 3P*"	"2"		""	"L808"	
"548.572"	"548.56695"	"8"	""		"31393.2968"	"49617.5488"	"3d5.(4F).4s"	"a 5F"	"5"	"3d4.(3G).4s.4p.(3P*)"	"w 5G*"	"5"		""	"L808"	
"548.6510"	"548.65171"	"10"	""		"36577.6545"	"54799.091"	"3d5.(2F2).4s"	"d 3F"	"4"	"3d4.(3H).4s.4p.(1P*)"	"w 3H*"	"5"		""	"L9190"	
"548.903"	"548.89936"	"10"	""		"20517.4222"	"38730.6379"	"3d5.(4G).4s"	"a 5G"	"2"	"3d4.(5D).4s.4p.(3P*)"	"z 3D*"	"2"		""	"L808"	
"549.030"	"549.03506"	"8"	""		"31364.2327"	"49572.9466"	"3d5.(4F).4s"	"a 5F"	"3"	"3d4.(3G).4s.4p.(3P*)"	"w 5G*"	"4"		""	"L808"	
"549.416"	"549.41565"	"4"	""		"24056.0404"	"42252.141"	"3d4.4s2"	"a 3H"	"5"	"3d4.(3H).4s.4p.(3P*)"	"z 5H*"	"6"		""	"L808"	
"549.766"	"549.7710"	"18"	""		"36552.1351"	"54736.474"	"3d5.(2F2).4s"	"d 3F"	"3"	"3d4.(3H).4s.4p.(1P*)"	"w 3H*"	"4"		""	"L808"	
"550.372"	"550.36857"	"4*"	""		"31355.1192"	"49519.7149"	"3d5.(4F).4s"	"a 5F"	"2"	"3d4.(3G).4s.4p.(3P*)"	"w 5G*"	"3"		""	"L808"	
"550.372"	"550.37017"	"4*"	""		"28682.2050"	"46846.7480"	"3d5.(4D).4s"	"a 3D"	"2"	"3d4.(3H).4s.4p.(3P*)"	"z 3G*"	"3"		""	"L808"	
"550.500"	"550.50429"	"10"	""		"31377.8624"	"49537.9802"	"3d5.(4F).4s"	"a 5F"	"4"	"3d4.(3F1).4s.4p.(3P*)"	"w 3G*"	"5"		""	"L808"	
"550.745"	"550.74413"	"6"	""		"24286.5418"	"42438.751"	"3d5.(4D).4s"	"b 5D"	"1"	"3d4.(3P1).4s.4p.(3P*)"	"x 5D*"	"2"		""	"L808"	
"550.994"	"550.9911"	"15"	""		"35933.906"	"54077.98"	"3d5.(2H).4s"	"b 3H"	"6"	"3d3.(4F).4s2.4p"	"v 3G*"	"5"		""	"L808"	
"551.147"	"551.14796"	"3"	""		"24299.8419"	"42438.751"	"3d5.(4D).4s"	"b 5D"	"2"	"3d4.(3P1).4s.4p.(3P*)"	"x 5D*"	"2"		""	"L808"	
"551.205"	"551.20518"	"7"	""		"27597.2409"	"45734.2670"	"3d4.4s2"	"b 3G"	"3"	"3d5.(4P).4p"	"y 3P*"	"2"		""	"L808"	
"551.270"	"551.27137"	"10"	""		"24303.9025"	"42438.751"	"3d5.(4D).4s"	"b 5D"	"3"	"3d4.(3P1).4s.4p.(3P*)"	"x 5D*"	"2"		""	"L808"	
"551.338"	"551.333"	"5"	""		"35884.255"	"54017.09"	"3d5.(2H).4s"	"b 3H"	"5"	"3d5.(6S).16p"	"7P*"	"4"		""	"L808"	
"551.900"	"551.89605"	"3"	""		"31352.3828"	"49466.705"	"3d5.(4F).4s"	"a 5F"	"1"	"3d4.(3G).4s.4p.(3P*)"	"w 5G*"	"2"		""	"L808"	
"552.591"	"552.58801"	"4"	""		"23933.8561"	"42025.4956"	"3d4.4s2"	"a 3H"	"4"	"3d4.(3H).4s.4p.(3P*)"	"z 5H*"	"3"		""	"L808"	
"552.649"	"552.64926"	"7"	""		"31364.2327"	"49453.867"	"3d5.(4F).4s"	"a 5F"	"3"	"3d4.(3F1).4s.4p.(3P*)"	"w 3G*"	"4"		""	"L808"	
"552.837"	"552.83650"	"3"	""		"28636.9634"	"46720.4711"	"3d5.(4D).4s"	"a 3D"	"3"	"3d4.(3G).4s.4p.(3P*)"	"w 5F*"	"4"		""	"L808"	
"552.955"	"552.954"	"10*"	""		"44591.3768"	"62671.04"	"3d4.(3F1).4s.4p.(3P*)"	"y 5G*"	"5"	"3d5.(4G).4d"	"f 5G"	"4"		""	"L808"	
"552.955"	"552.95692"	"10*"	""		"20517.4222"	"38596.9917"	"3d5.(4G).4s"	"a 5G"	"2"	"3d4.(5D).4s.4p.(3P*)"	"z 3D*"	"1"		""	"L808"	
"553.463"	"553.4610"	"7"	""		"46688.2265"	"64751.33"	"3d4.(3G).4s.4p.(3P*)"	"w 5F*"	"3"	"3d4.4s.5s"	"e 5H"	"4"		""	"L808"	
"553.820"	"553.82403"	"6"	""		"28636.9634"	"46688.2265"	"3d5.(4D).4s"	"a 3D"	"3"	"3d4.(3G).4s.4p.(3P*)"	"w 5F*"	"3"		""	"L808"	
"554.070"	"554.0698"	"15"	""		"35884.255"	"53927.51"	"3d5.(2H).4s"	"b 3H"	"5"	"3d3.(4F).4s2.4p"	"v 3G*"	"4"		""	"L808"	
"554.333"	"554.3306"	"20"	""		"46677.1634"	"64711.93"	"3d4.(3G).4s.4p.(3P*)"	"w 5F*"	"2"	"3d4.4s.5s"	"e 5H"	"3"		""	"L808"	
"554.861"	"554.85867"	"15"	"1.9e+05"	D	"27597.2409"	"45614.8444"	"3d4.4s2"	"b 3G"	"3"	"3d5.(4G).4p"	"y 5H*"	"4"		"T2268"	"L808"	
"554.917"	"554.91461"	"7"	""		"24277.0546"	"42292.8417"	"3d5.(4D).4s"	"b 5D"	"0"	"3d4.(3P1).4s.4p.(3P*)"	"x 5D*"	"1"		""	"L808"	
"555.432"	"555.42796"	"15*"	""		"31028.2590"	"49027.3953"	"3d5.(2D3).4s"	"b 3D"	"2"	"3d4.(3P1).4s.4p.(3P*)"	"x 3D*"	"2"		""	"L808"	
"555.432"	"555.43083"	"15*"	""		"33060.661"	"51059.7045"	"3d5.(2F1).4s"	"b 3F"	"3"	"3d4.(3G).4s.4p.(3P*)"	"w 3F*"	"4"		""	"L808"	
"555.432"	"555.43368"	"15*"	""		"28679.4239"	"46678.375"	"3d5.(4D).4s"	"a 3D"	"1"	"3d4.(3G).4s.4p.(3P*)"	"w 5F*"	"1"		""	"L808"	
"555.559"	"555.55692"	"8"	""		"28682.2050"	"46677.1634"	"3d5.(4D).4s"	"a 3D"	"2"	"3d4.(3G).4s.4p.(3P*)"	"w 5F*"	"2"		""	"L808"	
"555.618"	"555.61739"	"10"	""		"24299.8419"	"42292.8417"	"3d5.(4D).4s"	"b 5D"	"2"	"3d4.(3P1).4s.4p.(3P*)"	"x 5D*"	"1"		""	"L808"	
"555.917"	"555.9217"	"25"	""		"39158.64"	"57141.791"	"3d5.(2G2).4s"	"b 1G"	"4"	""	"*"	"3"		""	"L808"	
"556.366"	"556.36685"	"15"	""		"27597.2409"	"45566.0035"	"3d4.4s2"	"b 3G"	"3"	"3d5.(4G).4p"	"y 5H*"	"3"		""	"L808"	
"556.540"	"556.53728"	"5"	""		"37244.011"	"55207.271"	"3d5.(2G2).4s"	"c 3G"	"4"	"3d5.(2D1).4p"	"v 3F*"	"4"		""	"L808"	
"556.655"	"556.65430"	"20"	"1.5e+05"	D	"27703.7743"	"45663.2579"	"3d4.4s2"	"b 3G"	"4"	"3d5.(4G).4p"	"y 5H*"	"5"		"T2268"	"L808"	
"557.4387"	"557.4374"	"12"	""		"35870.458"	"53804.711"	"3d5.(2H).4s"	"b 3H"	"4"	"3d3.(4F).4s2.4p"	"v 3G*"	"3"		""	"L9190"	
"557.518"	"557.51434"	"10"	""		"24286.5418"	"42218.321"	"3d5.(4D).4s"	"b 5D"	"1"	"3d4.(3P1).4s.4p.(3P*)"	"x 5D*"	"0"		""	"L808"	
"557.648"	"557.6440"	"8"	""		"44746.259"	"62673.869"	"3d4.(3F1).4s.4p.(3P*)"	"y 5G*"	"6"	"3d5.(4G).4d"	"f 5G"	"6"		""	"L808"	
"558.048"	"558.0546"	"25"	""		"27728.8110"	"45643.231"	"3d4.(5D).4s.4p.(3P*)"	"y 7P*"	"2"	"3d5.(6S).6s"	"f 7S"	"3"		""	"L808"	
"558.160"	"558.15895"	"15"	"1.9e+05"	E	"27703.7743"	"45614.8444"	"3d4.4s2"	"b 3G"	"4"	"3d5.(4G).4p"	"y 5H*"	"4"		"T2268"	"L808"	
"558.805"	"558.79923"	"30"	"1.1e+05"	E	"27816.7783"	"45707.3259"	"3d4.4s2"	"b 3G"	"5"	"3d5.(4G).4p"	"y 5H*"	"6"		"T2268"	"L808"	
"558.823"	"558.82659"	"12"	""		"33060.661"	"50950.3326"	"3d5.(2F1).4s"	"b 3F"	"3"	"3d4.(3G).4s.4p.(3P*)"	"w 3F*"	"3"		""	"L808"	
"559.244"	"559.2473"	"10"	""		"29824.6909"	"47700.905"	"3d4.(5D).4s.4p.(3P*)"	"y 5P*"	"3"	"3d5.(6S).5d"	"g 7D"	"2"		""	"L808"	
"559.787"	"559.78311"	"18"	""		"30965.3799"	"48824.4834"	"3d4.(5D).4s.4p.(3P*)"	"z 5F*"	"3"	"3d4.4s.5s"	"f 5D"	"4"		""	"L808"	
"560.068"	"560.06521"	"12"	""		"33039.969"	"50890.077"	"3d5.(2F1).4s"	"b 3F"	"2"	"3d4.(3G).4s.4p.(3P*)"	"w 3F*"	"2"		""	"L808"	
"560.180"	"560.17908"	"12"	""		"27816.7783"	"45663.2579"	"3d4.4s2"	"b 3G"	"5"	"3d5.(4G).4p"	"y 5H*"	"5"		""	"L808"	
"560.917"	"560.9160"	"35"	""		"27820.1975"	"45643.231"	"3d4.(5D).4s.4p.(3P*)"	"y 7P*"	"3"	"3d5.(6S).6s"	"f 7S"	"3"		""	"L808"	
"562.369"	"562.36409"	"10"	""		"23511.9739"	"41289.1133"	"3d4.4s2"	"a 3P"	"1"	"3d4.(5D).4s.4p.(1P*)"	"y 5D*"	"1"		""	"L808"	
"562.369"	"562.3722"	"10"	""		"36552.1351"	"54329.017"	"3d5.(2F2).4s"	"d 3F"	"3"	"3d4.4s.5p"	"q 5F*"	"3"		""	"L808"	
"562.558"	"562.55454"	"10"	""		"30787.2817"	"48558.403"	"3d4.(5D).4s.4p.(3P*)"	"z 5F*"	"1"	"3d4.4s.5s"	"f 5D"	"2"		""	"L808"	
"562.86425"	"562.86426"	"44"	"3.95e+06"	B	"27597.2409"	"45358.5837"	"3d4.4s2"	"b 3G"	"3"	"3d5.(4G).4p"	"z 3H*"	"4"		"u10"	"L14866"	
"563.81769"	"563.81775"	"9"	""		"28636.9634"	"46368.2695"	"3d5.(4D).4s"	"a 3D"	"3"	"3d4.(3F1).4s.4p.(3P*)"	"w 5D*"	"3"		""	"L14866"	
"564.1738"	"564.17348"	"3"	""		"30787.2817"	"48507.408"	"3d4.(5D).4s.4p.(3P*)"	"z 5F*"	"1"	"3d4.4s.5s"	"f 5D"	"1"		""	"L14866"	
"564.2359"	"564.23588"	"7"	"3.4e+06"	D	"31106.3170"	"48824.4834"	"3d4.(5D).4s.4p.(3P*)"	"z 5F*"	"4"	"3d4.4s.5s"	"f 5D"	"4"		"T4288"	"L14866"	
"564.4178"	"564.41784"	"2"	""		"28636.9634"	"46349.4177"	"3d5.(4D).4s"	"a 3D"	"3"	"3d4.(3F1).4s.4p.(3P*)"	"w 5D*"	"2"		""	"L14866"	
"564.7890"	"564.78894"	"2"	""		"30787.2817"	"48488.098"	"3d4.(5D).4s.4p.(3P*)"	"z 5F*"	"1"	"3d4.4s.5s"	"f 5D"	"0"		""	"L14866"	
"564.8261"	"564.82612"	"6"	"4.2e+06"	D	"30858.7516"	"48558.403"	"3d4.(5D).4s.4p.(3P*)"	"z 5F*"	"2"	"3d4.4s.5s"	"f 5D"	"2"		"T4288"	"L14866"	
"564.9386"	"564.93856"	"8"	"5.1e+06"	D	"30965.3799"	"48661.5083"	"3d4.(5D).4s.4p.(3P*)"	"z 5F*"	"3"	"3d4.4s.5s"	"f 5D"	"3"		"T4288"	"L14866"	
"565.410"	"565.40473"	"10"	""		"24833.7957"	"42515.3342"	"3d5.(4G).4s"	"a 3G"	"3"	"3d5.(4G).4p"	"z 5G*"	"2"		""	"L808"	
"565.86310"	"565.86320"	"10"	""		"28682.2050"	"46349.4177"	"3d5.(4D).4s"	"a 3D"	"2"	"3d4.(3F1).4s.4p.(3P*)"	"w 5D*"	"2"		""	"L14866"	
"565.952"	"565.9518"	"10"	""		"47047.4845"	"64711.93"	"3d4.(3H).4s.4p.(3P*)"	"x 5G*"	"2"	"3d4.4s.5s"	"e 5H"	"3"		""	"L808"	
"566.264"	"566.26075"	"15"	""		"27703.7743"	"45358.5837"	"3d4.4s2"	"b 3G"	"4"	"3d5.(4G).4p"	"z 3H*"	"4"		""	"L808"	
"566.40302"	"566.40299"	"48"	""		"27703.7743"	"45354.1500"	"3d4.4s2"	"b 3G"	"4"	"3d5.(4G).4p"	"z 3H*"	"5"		""	"L14866"	
"566.4580"	"566.45817"	"6"	""		"30858.7516"	"48507.408"	"3d4.(5D).4s.4p.(3P*)"	"z 5F*"	"2"	"3d4.4s.5s"	"f 5D"	"1"		""	"L14866"	
"566.699"	"566.69506"	"10"	""		"24897.4635"	"42538.7424"	"3d5.(4G).4s"	"a 3G"	"4"	"3d5.(4G).4p"	"z 5G*"	"3"		""	"L808"	
"566.783"	"566.7815"	"18"	""		"33762.6622"	"51401.25"	"3d5.(2I).4s"	"b 1I"	"6"	"3d4.(3H).4s.4p.(3P*)"	"z 1H*"	"5"		""	"L808"	
"567.199"	"567.1963"	"12"	""		"47125.6412"	"64751.33"	"3d4.(3H).4s.4p.(3P*)"	"x 5G*"	"3"	"3d4.4s.5s"	"e 5H"	"4"		""	"L808"	
"567.4175"	"567.41743"	"7"	""		"28679.4239"	"46298.2442"	"3d5.(4D).4s"	"a 3D"	"1"	"3d4.(3F1).4s.4p.(3P*)"	"w 5D*"	"1"		""	"L14866"	
"567.5067"	"567.50702"	"3"	""		"28682.2050"	"46298.2442"	"3d5.(4D).4s"	"a 3D"	"2"	"3d4.(3F1).4s.4p.(3P*)"	"w 5D*"	"1"		""	"L14866"	
"567.632"	"567.6345"	"10"	""		"47189.9110"	"64801.993"	"3d4.(3H).4s.4p.(3P*)"	"x 5G*"	"4"	"3d4.4s.5s"	"e 5H"	"5"		""	"L808"	
"567.778"	"567.7813"	"12"	""		"47228.7599"	"64836.29"	"3d4.(3H).4s.4p.(3P*)"	"x 5G*"	"5"	"3d4.4s.5s"	"e 5H"	"6"		""	"L808"	
"567.942"	"567.94135"	"8"	""		"27703.7743"	"45306.3417"	"3d4.4s2"	"b 3G"	"4"	"3d4.(3F1).4s.4p.(3P*)"	"x 5F*"	"5"		""	"L808"	
"568.107"	"568.1095"	"40"	""		"44591.3768"	"62188.733"	"3d4.(3F1).4s.4p.(3P*)"	"y 5G*"	"5"	"3d4.4p2"	"f 7F"	"4"		""	"L808"	
"568.24950"	"568.24946"	"15"	""		"30965.3799"	"48558.403"	"3d4.(5D).4s.4p.(3P*)"	"z 5F*"	"3"	"3d4.4s.5s"	"f 5D"	"2"		""	"L14866"	
"568.908"	"568.9105"	"10"	""		"35501.1774"	"53073.759"	"3d6"	"c 5D"	"3"	"3d4.(3D).4s.4p.(3P*)"	"r 5F*"	"3"		""	"L808"	
"569.0961"	"569.09641"	"20"	""		"37244.011"	"54810.852"	"3d5.(2G2).4s"	"c 3G"	"4"	"3d5.(4G).5p"	"v 3H*"	"4"		""	"L9190"	
"569.47404"	"569.47407"	"32"	"1.4e+07"	D	"31106.3170"	"48661.5083"	"3d4.(5D).4s.4p.(3P*)"	"z 5F*"	"4"	"3d4.4s.5s"	"f 5D"	"3"		"T4288"	"L14866"	
"569.620"	"569.62064"	"50"	""		"25038.4981"	"42589.1721"	"3d5.(4G).4s"	"a 3G"	"5"	"3d5.(4G).4p"	"z 5G*"	"5"		""	"L808"	
"569.83185"	"569.83186"	"54"	""		"31280.3147"	"48824.4834"	"3d4.(5D).4s.4p.(3P*)"	"z 5F*"	"5"	"3d4.4s.5s"	"f 5D"	"4"		""	"L14866"	
"570.05114"	"570.05098"	"10"	""		"28636.9634"	"46174.3884"	"3d5.(4D).4s"	"a 3D"	"3"	"3d5.(4P).4p"	"y 3D*"	"3"		""	"L14866"	
"570.23063"	"570.23060"	"55"	"3.40e+06"	B	"27816.7783"	"45348.6792"	"3d4.4s2"	"b 3G"	"5"	"3d5.(4G).4p"	"z 3H*"	"6"		"u10"	"L14866"	
"571.27714"	"571.27718"	"39"	""		"24282.3486"	"41782.1313"	"3d5.(4D).4s"	"b 5D"	"4"	"3d4.(5D).4s.4p.(1P*)"	"y 5D*"	"4"		""	"L14866"	
"571.520"	"571.52537"	"15"	""		"28682.2050"	"46174.3884"	"3d5.(4D).4s"	"a 3D"	"2"	"3d5.(4P).4p"	"y 3D*"	"3"		""	"L808"	
"571.610"	"571.61098"	"10"	""		"27816.7783"	"45306.3417"	"3d4.4s2"	"b 3G"	"5"	"3d4.(3F1).4s.4p.(3P*)"	"x 5F*"	"5"		""	"L808"	
"571.98157"	"571.98168"	"10"	"4.96e+05"	B	"24303.9025"	"41782.1313"	"3d5.(4D).4s"	"b 5D"	"3"	"3d4.(5D).4s.4p.(1P*)"	"y 5D*"	"4"		"u10"	"L14866"	
"572.178"	"572.17713"	"10"	""		"28636.9634"	"46109.2219"	"3d5.(4D).4s"	"a 3D"	"3"	"3d5.(4P).4p"	"y 3D*"	"2"		""	"L808"	
"572.9200"	"572.91987"	"20"	""		"31008.9708"	"48458.5780"	"3d5.(2D3).4s"	"b 3D"	"3"	"3d4.(3P1).4s.4p.(3P*)"	"x 3P*"	"2"		""	"L9190"	
"573.5536"	"573.55387"	"1"	""		"31028.2590"	"48458.5780"	"3d5.(2D3).4s"	"b 3D"	"2"	"3d4.(3P1).4s.4p.(3P*)"	"x 3P*"	"2"		""	"L14866"	
"573.6624"	"573.66255"	"4"	""		"28682.2050"	"46109.2219"	"3d5.(4D).4s"	"a 3D"	"2"	"3d5.(4P).4p"	"y 3D*"	"2"		""	"L14866"	
"573.8530"	"573.85295"	"8"	""		"28636.9634"	"46058.1980"	"3d5.(4D).4s"	"a 3D"	"3"	"3d5.(4G).4p"	"y 3F*"	"4"		""	"L14866"	
"574.256"	"574.25496"	"8"	""		"25106.2953"	"42515.3342"	"3d4.4s2"	"a 3F"	"3"	"3d5.(4G).4p"	"z 5G*"	"2"		""	"L808"	
"574.311"	"574.31065"	"10"	""		"38537.591"	"55944.942"	"3d5.(2H).4s"	"a 1H"	"5"	"3d5.(2I).4p"	"y 1H*"	"5"		""	"L808"	
"574.64119"	"574.64122"	"23"	""		"31047.9572"	"48445.2943"	"3d5.(2I).4s"	"a 3I"	"7"	"3d4.(3H).4s.4p.(3P*)"	"y 3H*"	"6"		""	"L14866"	
"574.783"	"574.7772"	"40s*"	""		"35618.4806"	"53011.703"	"3d6"	"c 5D"	"1"	"3d4.(3D).4s.4p.(3P*)"	"r 5F*"	"1"		""	"L808"	
"574.783"	"574.78900"	"40s*"	""		"31393.2968"	"48786.161"	"3d5.(4F).4s"	"a 5F"	"5"	""	"x 3G*"	"5"		""	"L808"	
"575.366"	"575.3676"	"25"	""		"36552.1351"	"53927.51"	"3d5.(2F2).4s"	"d 3F"	"3"	"3d3.(4F).4s2.4p"	"v 3G*"	"4"		""	"L808"	
"575.530"	"575.53212"	"10"	""		"38537.591"	"55907.998"	"3d5.(2H).4s"	"a 1H"	"5"	"3d4.(1I).4s.4p.(3P*)"	"u 3H*"	"6"		""	"L808"	
"575.826"	"575.83109"	"25s"	""		"25177.3539"	"42538.7424"	"3d4.4s2"	"a 3F"	"4"	"3d5.(4G).4p"	"z 5G*"	"3"		""	"L808"	
"576.151"	"576.15000"	"10"	""		"33934.757"	"51286.5356"	"3d4.4s2"	"c 3D"	"3"	"3d5.(4D).4p"	"w 3P*"	"2"		""	"L808"	
"576.213"	"576.2139"	"15"	""		"36577.6545"	"53927.51"	"3d5.(2F2).4s"	"d 3F"	"4"	"3d3.(4F).4s2.4p"	"v 3G*"	"4"		""	"L808"	
"576.632"	"576.63292"	"15"	""		"38537.591"	"55874.838"	"3d5.(2H).4s"	"a 1H"	"5"	"3d4.(1I).4s.4p.(3P*)"	"u 3H*"	"5"		""	"L808"	
"577.2663"	"577.26658"	"25"	""		"28682.2050"	"46000.4213"	"3d5.(4D).4s"	"a 3D"	"2"	"3d5.(4G).4p"	"y 3F*"	"3"		""	"L9190"	
"577.494"	"577.49958"	"40s"	""		"33935.613"	"51246.842"	"3d4.4s2"	"c 3D"	"2"	"3d5.(4D).4p"	"w 3P*"	"1"		""	"L808"	
"577.732"	"577.732"	"20"	""		"45354.1500"	"62658.42"	"3d5.(4G).4p"	"z 3H*"	"5"	"3d4.4p2"	"f 7F"	"6"		""	"L808"	
"577.7748"	"577.77480"	"5"	""		"31028.2590"	"48331.242"	"3d5.(2D3).4s"	"b 3D"	"2"	"3d4.(3P1).4s.4p.(3P*)"	"x 3P*"	"1"		""	"L14866"	
"578.09050"	"578.09052"	"12"	""		"26787.4640"	"44080.9973"	"3d5.(6S).4p"	"z 5P*"	"3"	"3d5.(6S).4d"	"e 5D"	"2"		""	"L14866"	
"578.11791"	"578.11809"	"28"	""		"26796.2691"	"44088.9776"	"3d5.(6S).4p"	"z 5P*"	"2"	"3d5.(6S).4d"	"e 5D"	"1"		""	"L14866"	
"578.17512"	"578.17513"	"33"	""		"26801.9009"	"44092.9034"	"3d5.(6S).4p"	"z 5P*"	"1"	"3d5.(6S).4d"	"e 5D"	"0"		""	"L14866"	
"578.30642"	"578.30643"	"77"	"2.1e+07"	D	"26801.9009"	"44088.9776"	"3d5.(6S).4p"	"z 5P*"	"1"	"3d5.(6S).4d"	"e 5D"	"1"		"T4288"	"L14866"	
"578.3109"	"578.31115"	"3"	""		"28679.4239"	"45966.3597"	"3d5.(4D).4s"	"a 3D"	"1"	"3d5.(4G).4p"	"y 3F*"	"2"		""	"L14866"	
"578.38498"	"578.385010"	"100"	"2.02e+07"	B	"26796.2691"	"44080.9973"	"3d5.(6S).4p"	"z 5P*"	"2"	"3d5.(6S).4d"	"e 5D"	"2"		"u10"	"L14866"	
"578.49694"	"578.496971"	"85"	"1.19e+07"	B	"26787.4640"	"44068.8470"	"3d5.(6S).4p"	"z 5P*"	"3"	"3d5.(6S).4d"	"e 5D"	"3"		"u10"	"L14866"	
"578.57351"	"578.57353"	"62"	""		"26801.9009"	"44080.9973"	"3d5.(6S).4p"	"z 5P*"	"1"	"3d5.(6S).4d"	"e 5D"	"2"		""	"L14866"	
"578.592"	"578.59159"	"10*"	""		"7927.4410"	"25205.9980"	"3d4.4s2"	"a 5D"	"2"	"3d4.(5D).4s.4p.(3P*)"	"z 7F*"	"3"		""	"L808"	
"578.592"	"578.59449"	"10*"	""		"7810.7795"	"25089.2497"	"3d4.4s2"	"a 5D"	"1"	"3d4.(5D).4s.4p.(3P*)"	"z 7F*"	"2"		""	"L808"	
"578.7021"	"578.70211"	"8"	""		"24299.8419"	"41575.099"	"3d5.(4D).4s"	"b 5D"	"2"	"3d4.(5D).4s.4p.(1P*)"	"y 5D*"	"3"		""	"L14866"	
"578.79184"	"578.791876"	"170"	"2.35e+07"	B	"26796.2691"	"44068.8470"	"3d5.(6S).4p"	"z 5P*"	"2"	"3d5.(6S).4d"	"e 5D"	"3"		"u10"	"L14866"	
"578.83809"	"578.83817"	"10"	""		"24303.9025"	"41575.099"	"3d5.(4D).4s"	"b 5D"	"3"	"3d4.(5D).4s.4p.(1P*)"	"y 5D*"	"3"		""	"L14866"	
"579.010"	"579.0106"	"25"	""		"35807.707"	"53073.759"	"3d5.(4F).4s"	"c 3F"	"2"	"3d4.(3D).4s.4p.(3P*)"	"r 5F*"	"3"		""	"L808"	
"579.06507"	"579.06504"	"24"	""		"8095.1842"	"25359.6141"	"3d4.4s2"	"a 5D"	"3"	"3d4.(5D).4s.4p.(3P*)"	"z 7F*"	"4"		""	"L14866"	
"579.09570"	"579.095743"	"340"	""		"26787.4640"	"44050.9786"	"3d5.(6S).4p"	"z 5P*"	"3"	"3d5.(6S).4d"	"e 5D"	"4"		""	"L14866"	
"579.1758"	"579.17559"	"25"	""		"31049.2155"	"48310.3500"	"3d5.(2I).4s"	"a 3I"	"6"	"3d4.(3H).4s.4p.(3P*)"	"y 3H*"	"5"		""	"L9190"	
"579.2173"	"579.21725"	"6"	""		"7750.7465"	"25010.6397"	"3d4.4s2"	"a 5D"	"0"	"3d4.(5D).4s.4p.(3P*)"	"z 7F*"	"1"		""	"L14866"	
"579.459"	"579.46291"	"12"	""		"36552.1351"	"53804.711"	"3d5.(2F2).4s"	"d 3F"	"3"	"3d3.(4F).4s2.4p"	"v 3G*"	"3"		""	"L808"	
"579.6745"	"579.6750"	"40"	""		"36558.446"	"53804.711"	"3d5.(2F2).4s"	"d 3F"	"2"	"3d3.(4F).4s2.4p"	"v 3G*"	"3"		""	"L9190"	
"579.790"	"579.79811"	"30s"	""		"25010.6397"	"42253.2416"	"3d4.(5D).4s.4p.(3P*)"	"z 7F*"	"1"	"3d5.(6S).4d"	"e 7D"	"1"		""	"L808"	
"579.85083"	"579.85083"	"19"	""		"8307.5753"	"25548.6093"	"3d4.4s2"	"a 5D"	"4"	"3d4.(5D).4s.4p.(3P*)"	"z 7F*"	"5"		""	"L14866"	
"580.114"	"580.11854"	"30"	""		"31055.2777"	"48288.3556"	"3d5.(2I).4s"	"a 3I"	"5"	"3d4.(3H).4s.4p.(3P*)"	"y 3H*"	"4"		""	"L808"	
"581.5865"	"581.58643"	"20"	""		"31028.2590"	"48217.842"	"3d5.(2D3).4s"	"b 3D"	"2"	"3d4.(3F1).4s.4p.(3P*)"	"3D*"	"2"		""	"L9190"	
"581.849"	"581.85127"	"8"	""		"31028.2590"	"48210.018"	"3d5.(2D3).4s"	"b 3D"	"2"	"3d4.(3F1).4s.4p.(3P*)"	"3D*"	"1"		""	"L808"	
"582.287"	"582.28051"	"7*"	""		"31048.7488"	"48217.842"	"3d5.(2D3).4s"	"b 3D"	"1"	"3d4.(3F1).4s.4p.(3P*)"	"3D*"	"2"		""	"L808"	
"582.287"	"582.29376"	"7*"	""		"24056.0404"	"41224.7429"	"3d4.4s2"	"a 3H"	"5"	"3d4.(5D).4s.4p.(1P*)"	"y 5F*"	"4"		""	"L808"	
"582.405"	"582.4092"	"15"	""		"47586.0318"	"64751.33"	"3d4.(3H).4s.4p.(3P*)"	"z 3I*"	"5"	"3d4.4s.5s"	"e 5H"	"4"		""	"L808"	
"582.543"	"582.54598"	"10"	""		"31048.7488"	"48210.018"	"3d5.(2D3).4s"	"b 3D"	"1"	"3d4.(3F1).4s.4p.(3P*)"	"3D*"	"1"		""	"L808"	
"582.888"	"582.88639"	"15"	""		"33113.212"	"50264.4589"	"3d5.(2F1).4s"	"b 3F"	"4"	"3d5.(4D).4p"	"w 3D*"	"3"		""	"L808"	
"583.7814"	"583.78156"	"2"	""		"33934.757"	"51059.7045"	"3d4.4s2"	"c 3D"	"3"	"3d4.(3G).4s.4p.(3P*)"	"w 3F*"	"4"		""	"L14866"	
"583.838"	"583.8423"	"15"	""		"37205.851"	"54329.017"	"3d5.(2G2).4s"	"c 3G"	"3"	"3d4.4s.5p"	"q 5F*"	"3"		""	"L808"	
"583.8669"	"583.86698"	"6"	"6.5e+05"	D	"24286.5418"	"41408.9840"	"3d5.(4D).4s"	"b 5D"	"1"	"3d4.(5D).4s.4p.(1P*)"	"y 5D*"	"2"		"T4288"	"L14866"	
"584.3208"	"584.32086"	"3"	""		"24299.8419"	"41408.9840"	"3d5.(4D).4s"	"b 5D"	"2"	"3d4.(5D).4s.4p.(1P*)"	"y 5D*"	"2"		""	"L14866"	
"584.4595"	"584.45958"	"6"	"6.8e+05"	D	"24303.9025"	"41408.9840"	"3d5.(4D).4s"	"b 5D"	"3"	"3d4.(5D).4s.4p.(1P*)"	"y 5D*"	"2"		"T4288"	"L14866"	
"584.777"	"584.7726"	"20"	""		"45566.0035"	"62661.93"	"3d5.(4G).4p"	"y 5H*"	"3"	"3d5.(4G).4d"	"f 5G"	"3"		""	"L808"	
"584.9019"	"584.90198"	"1"	""		"31047.9572"	"48140.101"	"3d5.(2I).4s"	"a 3I"	"7"	"3d4.(3G).4s.4p.(3P*)"	"x 5H*"	"7"		""	"L14866"	
"585.2083"	"585.20825"	"3"	""		"7927.4410"	"25010.6397"	"3d4.4s2"	"a 5D"	"2"	"3d4.(5D).4s.4p.(3P*)"	"z 7F*"	"1"		""	"L14866"	
"585.427"	"585.42152"	"75"	""		"27222.9417"	"44299.9171"	"3d5.(4P).4s"	"b 3P"	"2"	"3d4.(3F1).4s.4p.(3P*)"	"y 5G*"	"2"		""	"L808"	
"585.6437"	"585.64376"	"2"	""		"21840.8096"	"38911.3046"	"3d5.(4P).4s"	"a 5P"	"3"	"3d4.(5D).4s.4p.(3P*)"	"z 3D*"	"3"		""	"L14866"	
"585.815"	"585.81444"	"12"	""		"33039.969"	"50105.4904"	"3d5.(2F1).4s"	"b 3F"	"2"	"3d5.(4D).4p"	"w 3D*"	"1"		""	"L808"	
"586.280"	"586.27684"	"25"	""		"28682.2050"	"45734.2670"	"3d5.(4D).4s"	"a 3D"	"2"	"3d5.(4P).4p"	"y 3P*"	"2"		""	"L808"	
"586.3448"	"586.34469"	"3"	""		"25205.9980"	"42256.0868"	"3d4.(5D).4s.4p.(3P*)"	"z 7F*"	"3"	"3d5.(6S).4d"	"e 7D"	"3"		""	"L14866"	
"586.4028"	"586.40295"	"2"	""		"25205.9980"	"42254.3929"	"3d4.(5D).4s.4p.(3P*)"	"z 7F*"	"3"	"3d5.(6S).4d"	"e 7D"	"2"		""	"L14866"	
"586.444"	"586.4480"	"20w"	""		"45614.8444"	"62661.93"	"3d5.(4G).4p"	"y 5H*"	"4"	"3d5.(4G).4d"	"f 5G"	"3"		""	"L808"	
"586.588"	"586.58520"	"10"	""		"28679.4239"	"45722.522"	"3d5.(4D).4s"	"a 3D"	"1"	"3d5.(4P).4p"	"y 3P*"	"0"		""	"L808"	
"586.588"	"586.589"	"10"	""		"47708.35"	"64751.33"	"3d5.(6S).6p"	"w 7P*"	"3"	"3d4.4s.5s"	"e 5H"	"4"		""	"L808"	
"586.705"	"586.69898"	"50"	""		"28679.4239"	"45719.2168"	"3d5.(4D).4s"	"a 3D"	"1"	"3d5.(4P).4p"	"y 3P*"	"1"		""	"L808"	
"586.798"	"586.79475"	"10"	""		"28682.2050"	"45719.2168"	"3d5.(4D).4s"	"a 3D"	"2"	"3d5.(4P).4p"	"y 3P*"	"1"		""	"L808"	
"587.118"	"587.1176"	"15"	""		"45663.2579"	"62690.90"	"3d5.(4G).4p"	"y 5H*"	"5"	"3d5.(4G).4d"	"f 5G"	"5"		""	"L808"	
"587.304"	"587.29773"	"75s"	""		"35862.764"	"52885.185"	"3d5.(4F).4s"	"c 3F"	"4"	"3d4.(1G1).4s.4p.(3P*)"	"x 3H*"	"5"		""	"L808"	
"587.563"	"587.56356"	"25"	""		"33935.613"	"50950.3326"	"3d4.4s2"	"c 3D"	"2"	"3d4.(3G).4s.4p.(3P*)"	"w 3F*"	"3"		""	"L808"	
"587.6555"	"587.65546"	"3"	""		"24277.0546"	"41289.1133"	"3d5.(4D).4s"	"b 5D"	"0"	"3d4.(5D).4s.4p.(1P*)"	"y 5D*"	"1"		""	"L14866"	
"587.804"	"587.803"	"50s"	""		"45663.2579"	"62671.04"	"3d5.(4G).4p"	"y 5H*"	"5"	"3d5.(4G).4d"	"f 5G"	"4"		""	"L808"	
"587.981"	"587.98337"	"20"	""		"24286.5418"	"41289.1133"	"3d5.(4D).4s"	"b 5D"	"1"	"3d4.(5D).4s.4p.(1P*)"	"y 5D*"	"1"		""	"L808"	
"588.143"	"588.1401"	"15"	""		"47942.1990"	"64940.241"	"3d4.(3G).4s.4p.(3P*)"	"x 5H*"	"6"	"3d4.4s.5s"	"e 5H"	"7"		""	"L808"	
"588.4436"	"588.44368"	"4"	""		"24299.8419"	"41289.1133"	"3d5.(4D).4s"	"b 5D"	"2"	"3d4.(5D).4s.4p.(1P*)"	"y 5D*"	"1"		""	"L14866"	
"588.5070"	"588.50708"	"1"	""		"31055.2777"	"48042.7187"	"3d5.(2I).4s"	"a 3I"	"5"	""	"*"	"4"		""	"L14866"	
"588.6423"	"588.6423"	"1"	""		"33906.539"	"50890.077"	"3d4.4s2"	"c 3D"	"1"	"3d4.(3G).4s.4p.(3P*)"	"w 3F*"	"2"		""	"L14866"	
"588.8007"	"588.80066"	"3"	""		"38537.591"	"55516.562"	"3d5.(2H).4s"	"a 1H"	"5"	"3d5.(2I).4p"	"y 1I*"	"6"		""	"L14866"	
"589.233"	"589.2320"	"35s"	""		"45707.3259"	"62673.869"	"3d5.(4G).4p"	"y 5H*"	"6"	"3d5.(4G).4d"	"f 5G"	"6"		""	"L808"	
"589.487"	"589.49073"	"3"	""		"31055.2777"	"48014.3731"	"3d5.(2I).4s"	"a 3I"	"5"	"3d5.(4G).4p"	"u 5F*"	"4"		""	"L808"	
"590.2176"	"590.21763"	"2"	""		"24286.5418"	"41224.751"	"3d5.(4D).4s"	"b 5D"	"1"	"3d4.(5D).4s.4p.(1P*)"	"y 5D*"	"0"		""	"L14866"	
"590.4198"	"590.4202"	"40"	""		"45741.4701"	"62673.869"	"3d5.(4G).4p"	"y 5H*"	"7"	"3d5.(4G).4d"	"f 5G"	"6"		""	"L9190"	
"591.5959"	"591.59594"	"2"	""		"25359.6141"	"42258.3607"	"3d4.(5D).4s.4p.(3P*)"	"z 7F*"	"4"	"3d5.(6S).4d"	"e 7D"	"4"		""	"L14866"	
"591.6756"	"591.67555"	"3"	""		"25359.6141"	"42256.0868"	"3d4.(5D).4s.4p.(3P*)"	"z 7F*"	"4"	"3d5.(6S).4d"	"e 7D"	"3"		""	"L14866"	
"591.797"	"591.79776"	"15"	""		"31049.2155"	"47942.1990"	"3d5.(2I).4s"	"a 3I"	"6"	"3d4.(3G).4s.4p.(3P*)"	"x 5H*"	"6"		""	"L808"	
"591.990"	"591.98633"	"15"	""		"27703.7743"	"44591.3768"	"3d4.4s2"	"b 3G"	"4"	"3d4.(3F1).4s.4p.(3P*)"	"y 5G*"	"5"		""	"L808"	
"592.861"	"592.85977"	"7"	""		"31355.1192"	"48217.842"	"3d5.(4F).4s"	"a 5F"	"2"	"3d4.(3F1).4s.4p.(3P*)"	"3D*"	"2"		""	"L808"	
"593.035"	"593.03870"	"12"	""		"31352.3828"	"48210.018"	"3d5.(4F).4s"	"a 5F"	"1"	"3d4.(3F1).4s.4p.(3P*)"	"3D*"	"1"		""	"L808"	
"593.3240"	"593.32433"	"1"	""		"35870.458"	"52719.978"	"3d5.(2H).4s"	"b 3H"	"4"	"3d4.(3G).4s.4p.(3P*)"	"3G*"	"4"		""	"L14866"	
"593.502"	"593.4991"	"15"	""		"37233.423"	"54077.98"	"3d5.(2G2).4s"	"c 3G"	"5"	"3d3.(4F).4s2.4p"	"v 3G*"	"5"		""	"L808"	
"593.537"	"593.53151"	"12"	""		"30858.7516"	"47702.390"	"3d4.(5D).4s.4p.(3P*)"	"z 5F*"	"2"	"3d5.(6S).5d"	"g 7D"	"3"		""	"L808"	
"593.874"	"593.8724"	"15"	""		"37244.011"	"54077.98"	"3d5.(2G2).4s"	"c 3G"	"4"	"3d3.(4F).4s2.4p"	"v 3G*"	"5"		""	"L808"	
"595.070"	"595.0683"	"10"	""		"48140.101"	"64940.241"	"3d4.(3G).4s.4p.(3P*)"	"x 5H*"	"7"	"3d4.4s.5s"	"e 5H"	"7"		""	"L808"	
"595.475"	"595.46900"	"8"	""		"27300.1433"	"44088.9776"	"3d4.(5D).4s.4p.(3P*)"	"z 7D*"	"1"	"3d5.(6S).4d"	"e 5D"	"1"		""	"L808"	
"595.556"	"595.55620"	"7*"	""		"24299.8419"	"41086.218"	"3d5.(4D).4s"	"b 5D"	"2"	"3d4.(5D).4s.4p.(1P*)"	"y 5F*"	"3"		""	"L808"	
"595.556"	"595.5588"	"7*"	""		"39158.64"	"55944.942"	"3d5.(2G2).4s"	"b 1G"	"4"	"3d5.(2I).4p"	"y 1H*"	"5"		""	"L808"	
"595.756"	"595.75219"	"7"	""		"27300.1433"	"44080.9973"	"3d4.(5D).4s.4p.(3P*)"	"z 7D*"	"1"	"3d5.(6S).4d"	"e 5D"	"2"		""	"L808"	
"595.9166"	"595.91675"	"3"	""		"35884.255"	"52660.475"	"3d5.(2H).4s"	"b 3H"	"5"	"3d4.(1I).4s.4p.(3P*)"	"y 3I*"	"6"		""	"L14866"	
"596.4580"	"596.457961"	"2"	""		"24282.3486"	"41043.3464"	"3d5.(4D).4s"	"b 5D"	"4"	"3d4.(5D).4s.4p.(1P*)"	"x 5P*"	"3"		""	"L14866"	
"596.523"	"596.5193"	"4"	""		"48042.7187"	"64801.993"	""	"*"	"4"	"3d4.4s.5s"	"e 5H"	"5"		""	"L808"	
"597.069"	"597.06896"	"18"	""		"35933.906"	"52677.752"	"3d5.(2H).4s"	"b 3H"	"6"	"3d4.(1I).4s.4p.(3P*)"	"y 3I*"	"7"		""	"L808"	
"597.230"	"597.225974"	"10"	""		"24303.9025"	"41043.3464"	"3d5.(4D).4s"	"b 5D"	"3"	"3d4.(5D).4s.4p.(1P*)"	"x 5P*"	"3"		""	"L808"	
"597.869"	"597.86256"	"4"	""		"28636.9634"	"45358.5837"	"3d5.(4D).4s"	"a 3D"	"3"	"3d5.(4G).4p"	"z 3H*"	"4"		""	"L808"	
"597.873"	"597.87575"	"18"	""		"35870.458"	"52591.7094"	"3d5.(2H).4s"	"b 3H"	"4"	"3d4.(1I).4s.4p.(3P*)"	"y 3I*"	"5"		""	"L808"	
"598.1852"	"598.18466"	"2"	""		"25548.6093"	"42261.2258"	"3d4.(5D).4s.4p.(3P*)"	"z 7F*"	"5"	"3d5.(6S).4d"	"e 7D"	"5"		""	"L14866"	
"598.2872"	"598.28723"	"7"	""		"25548.6093"	"42258.3607"	"3d4.(5D).4s.4p.(3P*)"	"z 7F*"	"5"	"3d5.(6S).4d"	"e 7D"	"4"		""	"L14866"	
"598.322"	"598.3281"	"20"	""		"48042.7187"	"64751.33"	""	"*"	"4"	"3d4.4s.5s"	"e 5H"	"4"		""	"L808"	
"599.120"	"599.11469"	"10"	""		"27382.1739"	"44068.8470"	"3d4.(5D).4s.4p.(3P*)"	"z 7D*"	"2"	"3d5.(6S).4d"	"e 5D"	"3"		""	"L808"	
"599.231"	"599.2287"	"15"	""		"37244.011"	"53927.51"	"3d5.(2G2).4s"	"c 3G"	"4"	"3d3.(4F).4s2.4p"	"v 3G*"	"4"		""	"L808"	
"599.809"	"599.80901"	"15"	""		"24303.9025"	"40971.2599"	"3d5.(4D).4s"	"b 5D"	"3"	"3d4.(5D).4s.4p.(1P*)"	"y 5F*"	"2"		""	"L808"	
"599.891"	"599.89903"	"1"	""		"31377.8624"	"48042.7187"	"3d5.(4F).4s"	"a 5F"	"4"	""	"*"	"4"		""	"L808"	
"599.997"	"600.00399"	"7"	""		"27597.2409"	"44259.182"	"3d4.4s2"	"b 3G"	"3"	"3d5.(6S).5p"	"w 5P*"	"3"		""	"L808"	
"600.457"	"600.45515"	"10*"	""		"31393.2968"	"48042.7187"	"3d5.(4F).4s"	"a 5F"	"5"	""	"*"	"4"		""	"L808"	
"600.457"	"600.45897"	"10*"	""		"27597.2409"	"44246.557"	"3d4.4s2"	"b 3G"	"3"	"3d4.(3H).4s.4p.(3P*)"	"z 5I*"	"4"		""	"L808"	
"600.457"	"600.4612"	"10*"	""		"31986.786"	"48636.0405"	"3d4.4s2"	"a 1G"	"4"	"3d4.(3F1).4s.4p.(3P*)"	"3F*"	"3"		""	"L808"	
"600.6279"	"600.62794"	"4"	""		"31047.9572"	"47692.5894"	"3d5.(2I).4s"	"a 3I"	"7"	"3d4.(3H).4s.4p.(3P*)"	"z 3I*"	"7"		""	"L14866"	
"600.661"	"600.66041"	"1"	""		"24286.5418"	"40930.2744"	"3d5.(4D).4s"	"b 5D"	"1"	"3d4.(5D).4s.4p.(1P*)"	"x 5P*"	"1"		""	"L808"	
"601.137"	"601.14079"	"1"	""		"24299.8419"	"40930.2744"	"3d5.(4D).4s"	"b 5D"	"2"	"3d4.(5D).4s.4p.(1P*)"	"x 5P*"	"1"		""	"L808"	
"601.479"	"601.47918"	"10"	""		"31393.2968"	"48014.3731"	"3d5.(4F).4s"	"a 5F"	"5"	"3d5.(4G).4p"	"u 5F*"	"4"		""	"L808"	
"601.958"	"601.95549"	"10"	""		"31377.8624"	"47985.787"	"3d5.(4F).4s"	"a 5F"	"4"	"3d5.(4G).4p"	"u 5F*"	"5"		""	"L808"	
"602.285"	"602.2842"	"2"	""		"37205.851"	"53804.711"	"3d5.(2G2).4s"	"c 3G"	"3"	"3d3.(4F).4s2.4p"	"v 3G*"	"3"		""	"L808"	
"602.368"	"602.36301"	"10"	""		"31377.8624"	"47974.5512"	"3d5.(4F).4s"	"a 5F"	"4"	"3d5.(4G).4p"	"u 5F*"	"3"		""	"L808"	
"602.5153"	"602.51544"	"4"	""		"31393.2968"	"47985.787"	"3d5.(4F).4s"	"a 5F"	"5"	"3d5.(4G).4p"	"u 5F*"	"5"		""	"L14866"	
"602.775"	"602.7702"	"1"	""		"44092.9034"	"60678.381"	"3d5.(6S).4d"	"e 5D"	"0"	""	"o 5F*"	"1"		""	"L808"	
"602.853"	"602.85825"	"1"	""		"38537.591"	"55120.646"	"3d5.(2H).4s"	"a 1H"	"5"	"3d5.(4G).5p"	"u 3F*"	"4"		""	"L808"	
"602.930"	"602.92717"	"18"	""		"31049.2155"	"47630.3750"	"3d5.(2I).4s"	"a 3I"	"6"	"3d4.(3H).4s.4p.(3P*)"	"z 3I*"	"6"		""	"L808"	
"603.700"	"603.70110"	"8"	""		"33060.661"	"49620.5640"	"3d5.(2F1).4s"	"b 3F"	"3"	"3d5.(4D).4p"	"x 3F*"	"4"		""	"L808"	
"603.927"	"603.92779"	"8"	""		"31364.2327"	"47917.9197"	"3d5.(4F).4s"	"a 5F"	"3"	"3d5.(4G).4p"	"u 5F*"	"2"		""	"L808"	
"604.044"	"604.04012"	"6w"	""		"27500.3699"	"44050.9786"	"3d4.(5D).4s.4p.(3P*)"	"z 7D*"	"3"	"3d5.(6S).4d"	"e 5D"	"4"		""	"L808"	
"604.541"	"604.54013"	"12*"	""		"33113.212"	"49650.1320"	"3d5.(2F1).4s"	"b 3F"	"4"	"3d5.(4D).4p"	"x 3F*"	"3"		""	"L808"	
"604.541"	"604.54392"	"12*"	""		"31049.2155"	"47586.0318"	"3d5.(2I).4s"	"a 3I"	"6"	"3d4.(3H).4s.4p.(3P*)"	"z 3I*"	"5"		""	"L808"	
"604.7657"	"604.76562"	"4"	""		"31055.2777"	"47586.0318"	"3d5.(2I).4s"	"a 3I"	"5"	"3d4.(3H).4s.4p.(3P*)"	"z 3I*"	"5"		""	"L14866"	
"605.312"	"605.3131"	"30"	""		"42256.0868"	"58771.89"	"3d5.(6S).4d"	"e 7D"	"3"	"3d5.(4P).5p"	"t 3D*"	"2"		""	"L808"	
"605.441"	"605.44204"	"25"	""		"33060.661"	"49572.9466"	"3d5.(2F1).4s"	"b 3F"	"3"	"3d4.(3G).4s.4p.(3P*)"	"w 5G*"	"4"		""	"L808"	
"606.2674"	"606.26731"	"9"	""		"25771.417"	"42261.2258"	"3d4.(5D).4s.4p.(3P*)"	"z 7F*"	"6"	"3d5.(6S).4d"	"e 7D"	"5"		""	"L14866"	
"606.847"	"606.8435"	"10"	""		"38730.6379"	"55204.79"	"3d4.(5D).4s.4p.(3P*)"	"z 3D*"	"2"	"3d4.4s.5s"	"e 3D"	"3"		""	"L808"	
"608.774"	"608.77577"	"5"	""		"31364.2327"	"47786.0959"	"3d5.(4F).4s"	"a 5F"	"3"	"3d5.(4P).4p"	"v 5D*"	"2"		""	"L808"	
"609.839"	"609.83999"	"3"	""		"33060.661"	"49453.867"	"3d5.(2F1).4s"	"b 3F"	"3"	"3d4.(3F1).4s.4p.(3P*)"	"w 3G*"	"4"		""	"L808"	
"609.954"	"609.9595"	"5"	""		"40971.2599"	"57361.253"	"3d4.(5D).4s.4p.(1P*)"	"y 5F*"	"2"	"3d5.(4G).5s"	"e 5G"	"3"		""	"L808"	
"610.420"	"610.42206"	"5"	""		"38596.9917"	"54974.566"	"3d4.(5D).4s.4p.(3P*)"	"z 3D*"	"1"	"3d4.4s.5s"	"e 3D"	"2"		""	"L808"	
"612.217"	"612.21160"	"7"	""		"33934.757"	"50264.4589"	"3d4.4s2"	"c 3D"	"3"	"3d5.(4D).4p"	"w 3D*"	"3"		""	"L808"	
"612.249"	"612.24369"	"5"	""		"33935.613"	"50264.4589"	"3d4.4s2"	"c 3D"	"2"	"3d5.(4D).4p"	"w 3D*"	"3"		""	"L808"	
"613.576"	"613.5724"	"25"	""		"38911.3046"	"55204.79"	"3d4.(5D).4s.4p.(3P*)"	"z 3D*"	"3"	"3d4.4s.5s"	"e 3D"	"3"		""	"L808"	
"613.824"	"613.8236"	"4"	""		"45643.231"	"61930.05"	"3d5.(6S).6s"	"f 7S"	"3"	"3d5.(4F).4p"	"q 3G*"	"3"		""	"L808"	
"614.171"	"614.1692"	"15"	""		"33906.539"	"50184.191"	"3d4.4s2"	"c 3D"	"1"	"3d5.(4D).4p"	"w 3D*"	"2"		""	"L808"	
"615.2080"	"615.20796"	"1"	""		"33060.661"	"49310.830"	"3d5.(2F1).4s"	"b 3F"	"3"	"3d4.(3P1).4s.4p.(3P*)"	"x 3D*"	"3"		""	"L14866"	
"615.271"	"615.26549"	"10*"	""		"27820.1975"	"44068.8470"	"3d4.(5D).4s.4p.(3P*)"	"y 7P*"	"3"	"3d5.(6S).4d"	"e 5D"	"3"		""	"L808"	
"615.271"	"615.26820"	"10*"	""		"33935.613"	"50184.191"	"3d4.4s2"	"c 3D"	"2"	"3d5.(4D).4p"	"w 3D*"	"2"		""	"L808"	
"615.4453"	"615.44432"	"25"	""		"38730.6379"	"54974.566"	"3d4.(5D).4s.4p.(3P*)"	"z 3D*"	"2"	"3d4.4s.5s"	"e 3D"	"2"		""	"L9190"	
"615.9424"	"615.94284"	"1"	""		"27820.1975"	"44050.9786"	"3d4.(5D).4s.4p.(3P*)"	"y 7P*"	"3"	"3d5.(6S).4d"	"e 5D"	"4"		""	"L14866"	
"616.821"	"616.8223"	"10w"	""		"38596.9917"	"54804.63"	"3d4.(5D).4s.4p.(3P*)"	"z 3D*"	"1"	"3d4.4s.5s"	"e 3D"	"1"		""	"L808"	
"617.156"	"617.1531"	"7"	""		"33906.539"	"50105.4904"	"3d4.4s2"	"c 3D"	"1"	"3d5.(4D).4p"	"w 3D*"	"1"		""	"L808"	
"617.2040"	"617.20393"	"5"	""		"33113.212"	"49310.830"	"3d5.(2F1).4s"	"b 3F"	"4"	"3d4.(3P1).4s.4p.(3P*)"	"x 3D*"	"3"		""	"L14866"	
"618.7137"	"618.7136"	"3"	""		"41224.7429"	"57382.838"	"3d4.(5D).4s.4p.(1P*)"	"y 5F*"	"4"	"3d5.(4G).5s"	"e 5G"	"5"		""	"L14866"	
"621.952"	"621.9509"	"4"	""		"38730.6379"	"54804.63"	"3d4.(5D).4s.4p.(3P*)"	"z 3D*"	"2"	"3d4.4s.5s"	"e 3D"	"1"		""	"L808"	
"622.371"	"622.36641"	"7"	""		"38911.3046"	"54974.566"	"3d4.(5D).4s.4p.(3P*)"	"z 3D*"	"3"	"3d4.4s.5s"	"e 3D"	"2"		""	"L808"	
"622.491"	"622.48776"	"1"	""		"31028.2590"	"47088.389"	"3d5.(2D3).4s"	"b 3D"	"2"	"3d4.(3P1).4s.4p.(3P*)"	"z 3S*"	"1"		""	"L808"	
"624.992"	"624.98771"	"8"	""		"41393.446"	"57389.3358"	"3d4.(5D).4s.4p.(1P*)"	"y 5F*"	"5"	"3d5.(4G).5s"	"e 5G"	"6"		""	"L808"	
"625.3184"	"625.31858"	"1"	""		"33039.969"	"49027.3953"	"3d5.(2F1).4s"	"b 3F"	"2"	"3d4.(3P1).4s.4p.(3P*)"	"x 3D*"	"2"		""	"L14866"	
"626.1288"	"626.12896"	"4"	""		"33060.661"	"49027.3953"	"3d5.(2F1).4s"	"b 3F"	"3"	"3d4.(3P1).4s.4p.(3P*)"	"x 3D*"	"2"		""	"L14866"	
"628.687"	"628.68321"	"4"	""		"27222.9417"	"43124.806"	"3d5.(4P).4s"	"b 3P"	"2"	"3d5.(4P).4p"	"z 5S*"	"2"		""	"L808"	
"630.707"	"630.70469"	"4"	""		"31377.8624"	"47228.7599"	"3d5.(4F).4s"	"a 5F"	"4"	"3d4.(3H).4s.4p.(3P*)"	"x 5G*"	"5"		""	"L808"	
"631.3196"	"631.31942"	"2"	""		"31393.2968"	"47228.7599"	"3d5.(4F).4s"	"a 5F"	"5"	"3d4.(3H).4s.4p.(3P*)"	"x 5G*"	"5"		""	"L14866"	
"631.5808"	"631.58074"	"1"	""		"31393.2968"	"47222.2081"	"3d5.(4F).4s"	"a 5F"	"5"	"3d4.(3H).4s.4p.(3P*)"	"x 5G*"	"6"		""	"L14866"	
"631.710"	"631.70976"	"1"	""		"31364.2327"	"47189.9110"	"3d5.(4F).4s"	"a 5F"	"3"	"3d4.(3H).4s.4p.(3P*)"	"x 5G*"	"4"		""	"L808"	
"632.257"	"632.25429"	"10"	""		"31377.8624"	"47189.9110"	"3d5.(4F).4s"	"a 5F"	"4"	"3d4.(3H).4s.4p.(3P*)"	"x 5G*"	"4"		""	"L808"	
"632.745"	"632.74408"	"12"	""		"33039.969"	"48839.778"	"3d5.(2F1).4s"	"b 3F"	"2"	"3d4.(3P1).4s.4p.(3P*)"	"x 3D*"	"1"		""	"L808"	
"632.884"	"632.87205"	"2w"	""		"31393.2968"	"47189.9110"	"3d5.(4F).4s"	"a 5F"	"5"	"3d4.(3H).4s.4p.(3P*)"	"x 5G*"	"4"		""	"L808"	
"633.00911"	"633.00913"	"360"	"2.9e+04"	D	"7593.1484"	"23386.3419"	"3d5.(6S).4s"	"a 5S"	"2"	"3d5.(6S).4p"	"z 7P*"	"3"		"T4288"	"L14866"	
"634.287"	"634.28569"	"7"	""		"31364.2327"	"47125.6412"	"3d5.(4F).4s"	"a 5F"	"3"	"3d4.(3H).4s.4p.(3P*)"	"x 5G*"	"3"		""	"L808"	
"634.4424"	"634.4422"	"1"	""		"37205.851"	"52963.371"	"3d5.(2G2).4s"	"c 3G"	"3"	"3d4.(1G1).4s.4p.(3P*)"	"x 3H*"	"4"		""	"L14866"	
"634.840"	"634.83466"	"2"	""		"31377.8624"	"47125.6412"	"3d5.(4F).4s"	"a 5F"	"4"	"3d4.(3H).4s.4p.(3P*)"	"x 5G*"	"3"		""	"L808"	
"634.901"	"634.8990"	"3"	""		"33906.539"	"49652.7224"	"3d4.4s2"	"c 3D"	"1"	"3d5.(4D).4p"	"x 3F*"	"2"		""	"L808"	
"635.300"	"635.29656"	"2"	""		"28636.9634"	"44373.2928"	"3d5.(4D).4s"	"a 3D"	"3"	"3d4.(3F1).4s.4p.(3P*)"	"y 5G*"	"3"		""	"L808"	
"636.182"	"636.17830"	"2"	""		"33935.613"	"49650.1320"	"3d4.4s2"	"c 3D"	"2"	"3d5.(4D).4p"	"x 3F*"	"3"		""	"L808"	
"636.28621"	"636.28620"	"170"	""		"7593.1484"	"23305.0026"	"3d5.(6S).4s"	"a 5S"	"2"	"3d5.(6S).4p"	"z 7P*"	"2"		""	"L14866"	
"636.969"	"636.96536"	"1"	""		"31352.3828"	"47047.4845"	"3d5.(4F).4s"	"a 5F"	"1"	"3d4.(3H).4s.4p.(3P*)"	"x 5G*"	"2"		""	"L808"	
"637.078"	"637.07643"	"5"	""		"31355.1192"	"47047.4845"	"3d5.(4F).4s"	"a 5F"	"2"	"3d4.(3H).4s.4p.(3P*)"	"x 5G*"	"2"		""	"L808"	
"637.345"	"637.34280"	"4"	""		"33934.757"	"49620.5640"	"3d4.4s2"	"c 3D"	"3"	"3d5.(4D).4p"	"x 3F*"	"4"		""	"L808"	
"637.460"	"637.44664"	"3w"	""		"31364.2327"	"47047.4845"	"3d5.(4F).4s"	"a 5F"	"3"	"3d4.(3H).4s.4p.(3P*)"	"x 5G*"	"2"		""	"L808"	
"637.519"	"637.51736"	"7"	""		"37233.423"	"52914.9351"	"3d5.(2G2).4s"	"c 3G"	"5"	"3d4.(1G1).4s.4p.(3P*)"	"x 3H*"	"6"		""	"L808"	
"637.635"	"637.63127"	"3w"	""		"31280.3147"	"46959.0255"	"3d4.(5D).4s.4p.(3P*)"	"z 5F*"	"5"	"3d4.4s.5s"	"f 7D"	"5"		""	"L808"	
"637.716"	"637.71160"	"1"	""		"31106.3170"	"46783.0528"	"3d4.(5D).4s.4p.(3P*)"	"z 5F*"	"4"	"3d4.4s.5s"	"f 7D"	"4"		""	"L808"	
"637.869"	"637.86568"	"3"	""		"33113.212"	"48786.161"	"3d5.(2F1).4s"	"b 3F"	"4"	""	"x 3G*"	"5"		""	"L808"	
"638.314"	"638.30978"	"2"	""		"31393.2968"	"47055.3416"	"3d5.(4F).4s"	"a 5F"	"5"	"3d5.(4G).4p"	"y 3G*"	"5"		""	"L808"	
"639.1613"	"639.16151"	"1"	""		"37244.011"	"52885.185"	"3d5.(2G2).4s"	"c 3G"	"4"	"3d4.(1G1).4s.4p.(3P*)"	"x 3H*"	"5"		""	"L14866"	
"641.1546"	"641.15471"	"4"	""		"31393.2968"	"46985.8465"	"3d5.(4F).4s"	"a 5F"	"5"	"3d4.(3H).4s.4p.(3P*)"	"z 3G*"	"5"		""	"L14866"	
"642.814"	"642.81090"	"25"	""		"35397.9566"	"50950.3326"	"3d6"	"c 5D"	"4"	"3d4.(3G).4s.4p.(3P*)"	"w 3F*"	"3"		""	"L808"	
"643.8541"	"643.85418"	"2"	""		"31377.8624"	"46905.0382"	"3d5.(4F).4s"	"a 5F"	"4"	"3d4.(3H).4s.4p.(3P*)"	"z 3G*"	"4"		""	"L14866"	
"645.2234"	"645.22352"	"7"	""		"7810.7795"	"23305.0026"	"3d4.4s2"	"a 5D"	"1"	"3d5.(6S).4p"	"z 7P*"	"2"		""	"L14866"	
"646.6978"	"646.69781"	"8"	""		"7927.4410"	"23386.3419"	"3d4.4s2"	"a 5D"	"2"	"3d5.(6S).4p"	"z 7P*"	"3"		""	"L14866"	
"647.005"	"647.0008"	"6"	""		"47222.2081"	"62673.869"	"3d4.(3H).4s.4p.(3P*)"	"x 5G*"	"6"	"3d5.(4G).4d"	"f 5G"	"6"		""	"L808"	
"647.7507"	"647.75079"	"3"	""		"23163.2205"	"38596.9917"	"3d4.4s2"	"a 3P"	"0"	"3d4.(5D).4s.4p.(3P*)"	"z 3D*"	"1"		""	"L14866"	
"649.0181"	"649.01823"	"2"	""		"8095.1842"	"23498.8156"	"3d4.4s2"	"a 5D"	"3"	"3d5.(6S).4p"	"z 7P*"	"4"		""	"L14866"	
"650.11855"	"650.11853"	"23"	""		"7927.4410"	"23305.0026"	"3d4.4s2"	"a 5D"	"2"	"3d5.(6S).4p"	"z 7P*"	"2"		""	"L14866"	
"650.613"	"650.61013"	"5"	""		"44050.9786"	"59416.921"	"3d5.(6S).4d"	"e 5D"	"4"	"3d4.(3F1).4s.4p.(1P*)"	"r 3F*"	"3"		""	"L808"	
"650.894"	"650.89155"	"4"	""		"31008.9708"	"46368.2695"	"3d5.(2D3).4s"	"b 3D"	"3"	"3d4.(3F1).4s.4p.(3P*)"	"w 5D*"	"3"		""	"L808"	
"650.937"	"650.9345"	"3"	""		"37233.423"	"52591.7094"	"3d5.(2G2).4s"	"c 3G"	"5"	"3d4.(1I).4s.4p.(3P*)"	"y 3I*"	"5"		""	"L808"	
"651.0214"	"651.02127"	"4"	""		"31364.2327"	"46720.4711"	"3d5.(4F).4s"	"a 5F"	"3"	"3d4.(3G).4s.4p.(3P*)"	"w 5F*"	"4"		""	"L14866"	
"651.5996"	"651.59961"	"6"	""		"31377.8624"	"46720.4711"	"3d5.(4F).4s"	"a 5F"	"4"	"3d4.(3G).4s.4p.(3P*)"	"w 5F*"	"4"		""	"L14866"	
"651.695"	"651.69144"	"4"	""		"31008.9708"	"46349.4177"	"3d5.(2D3).4s"	"b 3D"	"3"	"3d4.(3F1).4s.4p.(3P*)"	"w 5D*"	"2"		""	"L808"	
"651.712"	"651.70998"	"3"	""		"31028.2590"	"46368.2695"	"3d5.(2D3).4s"	"b 3D"	"2"	"3d4.(3F1).4s.4p.(3P*)"	"w 5D*"	"3"		""	"L808"	
"651.898"	"651.8907"	"3"	""		"42025.4956"	"57361.253"	"3d4.(3H).4s.4p.(3P*)"	"z 5H*"	"3"	"3d5.(4G).5s"	"e 5G"	"3"		""	"L808"	
"652.0035"	"652.00339"	"4"	""		"31355.1192"	"46688.2265"	"3d5.(4F).4s"	"a 5F"	"2"	"3d4.(3G).4s.4p.(3P*)"	"w 5F*"	"3"		""	"L14866"	
"652.2613"	"652.26131"	"4"	""		"31377.8624"	"46704.9067"	"3d5.(4F).4s"	"a 5F"	"4"	"3d4.(3G).4s.4p.(3P*)"	"w 5F*"	"5"		""	"L14866"	
"652.308"	"652.30608"	"8"	""		"31352.3828"	"46678.375"	"3d5.(4F).4s"	"a 5F"	"1"	"3d4.(3G).4s.4p.(3P*)"	"w 5F*"	"1"		""	"L808"	
"652.351"	"652.345"	"5"	""		"42025.4956"	"57350.57"	"3d4.(3H).4s.4p.(3P*)"	"z 5H*"	"3"	"3d5.(4G).5s"	"e 5G"	"2"		""	"L808"	
"652.362"	"652.35766"	"8"	""		"31352.3828"	"46677.1634"	"3d5.(4F).4s"	"a 5F"	"1"	"3d4.(3G).4s.4p.(3P*)"	"w 5F*"	"2"		""	"L808"	
"652.3911"	"652.39115"	"4"	""		"31364.2327"	"46688.2265"	"3d5.(4F).4s"	"a 5F"	"3"	"3d4.(3G).4s.4p.(3P*)"	"w 5F*"	"3"		""	"L14866"	
"652.427"	"652.42257"	"4"	""		"31355.1192"	"46678.375"	"3d5.(4F).4s"	"a 5F"	"2"	"3d4.(3G).4s.4p.(3P*)"	"w 5F*"	"1"		""	"L808"	
"652.476"	"652.47416"	"15"	""		"31355.1192"	"46677.1634"	"3d5.(4F).4s"	"a 5F"	"2"	"3d4.(3G).4s.4p.(3P*)"	"w 5F*"	"2"		""	"L808"	
"652.516"	"652.51187"	"2"	""		"31028.2590"	"46349.4177"	"3d5.(2D3).4s"	"b 3D"	"2"	"3d4.(3F1).4s.4p.(3P*)"	"w 5D*"	"2"		""	"L808"	
"652.866"	"652.86249"	"6"	""		"31364.2327"	"46677.1634"	"3d5.(4F).4s"	"a 5F"	"3"	"3d4.(3G).4s.4p.(3P*)"	"w 5F*"	"2"		""	"L808"	
"652.9188"	"652.91880"	"12"	""		"31393.2968"	"46704.9067"	"3d5.(4F).4s"	"a 5F"	"5"	"3d4.(3G).4s.4p.(3P*)"	"w 5F*"	"5"		""	"L14866"	
"652.9718"	"652.97193"	"2"	""		"31377.8624"	"46688.2265"	"3d5.(4F).4s"	"a 5F"	"4"	"3d4.(3G).4s.4p.(3P*)"	"w 5F*"	"3"		""	"L14866"	
"653.394"	"653.38569"	"2"	""		"31048.7488"	"46349.4177"	"3d5.(2D3).4s"	"b 3D"	"1"	"3d4.(3F1).4s.4p.(3P*)"	"w 5D*"	"2"		""	"L808"	
"653.715"	"653.7149"	"5"	""		"42079.7263"	"57372.69"	"3d4.(3H).4s.4p.(3P*)"	"z 5H*"	"4"	"3d5.(4G).5s"	"e 5G"	"4"		""	"L808"	
"653.79209"	"653.79210"	"36"	""		"8095.1842"	"23386.3419"	"3d4.4s2"	"a 5D"	"3"	"3d5.(6S).4p"	"z 7P*"	"3"		""	"L14866"	
"654.209"	"654.2041"	"10"	""		"42079.7263"	"57361.253"	"3d4.(3H).4s.4p.(3P*)"	"z 5H*"	"4"	"3d5.(4G).5s"	"e 5G"	"3"		""	"L808"	
"654.702"	"654.69862"	"3"	""		"31028.2590"	"46298.2442"	"3d5.(2D3).4s"	"b 3D"	"2"	"3d4.(3F1).4s.4p.(3P*)"	"w 5D*"	"1"		""	"L808"	
"655.582"	"655.57830"	"4"	""		"31048.7488"	"46298.2442"	"3d5.(2D3).4s"	"b 3D"	"1"	"3d4.(3F1).4s.4p.(3P*)"	"w 5D*"	"1"		""	"L808"	
"656.415"	"656.41358"	"7"	""		"35397.9566"	"50628.0474"	"3d6"	"c 5D"	"4"	"3d5.(4D).4p"	"u 5D*"	"3"		""	"L808"	
"656.457"	"656.4460"	"8"	""		"42153.499"	"57382.838"	"3d4.(3H).4s.4p.(3P*)"	"z 5H*"	"5"	"3d5.(4G).5s"	"e 5G"	"5"		""	"L808"	
"656.9066"	"656.90645"	"3"	""		"23511.9739"	"38730.6379"	"3d4.4s2"	"a 3P"	"1"	"3d4.(5D).4s.4p.(3P*)"	"z 3D*"	"2"		""	"L14866"	
"657.28846"	"657.28849"	"27"	""		"8095.1842"	"23305.0026"	"3d4.4s2"	"a 5D"	"3"	"3d5.(6S).4p"	"z 7P*"	"2"		""	"L14866"	
"658.0923"	"658.09232"	"7"	""		"8307.5753"	"23498.8156"	"3d4.4s2"	"a 5D"	"4"	"3d5.(6S).4p"	"z 7P*"	"4"		""	"L14866"	
"659.0499"	"659.05061"	"2"	""		"33338.2563"	"48507.408"	"3d4.(5D).4s.4p.(3P*)"	"z 5D*"	"0"	"3d4.4s.5s"	"f 5D"	"1"		""	"L14866"	
"659.2134"	"659.21289"	"2"	""		"31008.9708"	"46174.3884"	"3d5.(2D3).4s"	"b 3D"	"3"	"3d5.(4P).4p"	"y 3D*"	"3"		""	"L14866"	
"659.4683"	"659.46873"	"3"	""		"35397.9566"	"50557.4907"	"3d6"	"c 5D"	"4"	"3d5.(4D).4p"	"u 5D*"	"4"		""	"L14866"	
"659.7550"	"659.75502"	"8"	""		"33671.5273"	"48824.4834"	"3d4.(5D).4s.4p.(3P*)"	"z 5D*"	"3"	"3d4.4s.5s"	"f 5D"	"4"		""	"L14866"	
"660.0524"	"660.05238"	"2"	""		"31028.2590"	"46174.3884"	"3d5.(2D3).4s"	"b 3D"	"2"	"3d5.(4P).4p"	"y 3D*"	"3"		""	"L14866"	
"660.377"	"660.37540"	"2"	""		"33113.212"	"48251.933"	"3d5.(2F1).4s"	"b 3F"	"4"	"3d4.(3F1).4s.4p.(3P*)"	"3D*"	"3"		""	"L808"	
"660.446"	"660.44198"	"12"	""		"42252.141"	"57389.3358"	"3d4.(3H).4s.4p.(3P*)"	"z 5H*"	"6"	"3d5.(4G).5s"	"e 5G"	"6"		""	"L808"	
"660.5542"	"660.55440"	"5"	""		"33423.7845"	"48558.403"	"3d4.(5D).4s.4p.(3P*)"	"z 5D*"	"1"	"3d4.4s.5s"	"f 5D"	"2"		""	"L14866"	
"660.723"	"660.7256"	"15"	""		"42252.141"	"57382.838"	"3d4.(3H).4s.4p.(3P*)"	"z 5H*"	"6"	"3d5.(4G).5s"	"e 5G"	"5"		""	"L808"	
"660.890"	"660.89276"	"15"	""		"35501.1774"	"50628.0474"	"3d6"	"c 5D"	"3"	"3d5.(4D).4p"	"u 5D*"	"3"		""	"L808"	
"661.2189"	"661.21886"	"8"	""		"33542.0985"	"48661.5083"	"3d4.(5D).4s.4p.(3P*)"	"z 5D*"	"2"	"3d4.4s.5s"	"f 5D"	"3"		""	"L14866"	
"662.054"	"662.05780"	"2"	""		"31008.9708"	"46109.2219"	"3d5.(2D3).4s"	"b 3D"	"3"	"3d5.(4P).4p"	"y 3D*"	"2"		""	"L808"	
"662.392"	"662.3917"	"3"	""		"33934.757"	"49027.3953"	"3d4.4s2"	"c 3D"	"3"	"3d4.(3P1).4s.4p.(3P*)"	"x 3D*"	"2"		""	"L808"	
"662.518"	"662.51592"	"10"	""		"35572.9194"	"50662.729"	"3d6"	"c 5D"	"2"	"3d5.(4D).4p"	"u 5D*"	"1"		""	"L808"	
"662.7264"	"662.72637"	"5"	""		"23511.9739"	"38596.9917"	"3d4.4s2"	"a 3P"	"1"	"3d4.(5D).4s.4p.(3P*)"	"z 3D*"	"1"		""	"L14866"	
"662.783"	"662.78763"	"3w"	""		"33423.7845"	"48507.408"	"3d4.(5D).4s.4p.(3P*)"	"z 5D*"	"1"	"3d4.4s.5s"	"f 5D"	"1"		""	"L808"	
"662.869"	"662.86809"	"6"	""		"35572.9194"	"50654.7121"	"3d6"	"c 5D"	"2"	"3d5.(4D).4p"	"u 5D*"	"2"		""	"L808"	
"662.908"	"662.90456"	"2"	""		"31028.2590"	"46109.2219"	"3d5.(2D3).4s"	"b 3D"	"2"	"3d5.(4P).4p"	"y 3D*"	"2"		""	"L808"	
"663.00106"	"663.00112"	"75"	"6.0e+03"	D	"8307.5753"	"23386.3419"	"3d4.4s2"	"a 5D"	"4"	"3d5.(6S).4p"	"z 7P*"	"3"		"T4288"	"L14866"	
"663.539"	"663.550"	"2"	""		"42261.2258"	"57327.51"	"3d5.(6S).4d"	"e 7D"	"5"	""	"p 5F*"	"5"		""	"L808"	
"663.6360"	"663.63723"	"10"	""		"33423.7845"	"48488.098"	"3d4.(5D).4s.4p.(3P*)"	"z 5D*"	"1"	"3d4.4s.5s"	"f 5D"	"0"		""	"L9190"	
"663.807"	"663.80645"	"1"	""		"31048.7488"	"46109.2219"	"3d5.(2D3).4s"	"b 3D"	"1"	"3d5.(4P).4p"	"y 3D*"	"2"		""	"L808"	
"663.906"	"663.90712"	"5"	""		"31364.2327"	"46422.4223"	"3d5.(4F).4s"	"a 5F"	"3"	"3d4.(3F1).4s.4p.(3P*)"	"w 5D*"	"4"		""	"L808"	
"663.991"	"663.98985"	"8"	""		"35501.1774"	"50557.4907"	"3d6"	"c 5D"	"3"	"3d5.(4D).4p"	"u 5D*"	"4"		""	"L808"	
"664.042"	"664.04213"	"8"	""		"35572.9194"	"50628.0474"	"3d6"	"c 5D"	"2"	"3d5.(4D).4p"	"u 5D*"	"3"		""	"L808"	
"664.227"	"664.231"	"10"	""		"47640.0627"	"62690.90"	"3d4.(5D).4s.5p.(3P*)"	"v 5F*"	"4"	"3d5.(4G).4d"	"f 5G"	"5"		""	"L808"	
"664.3027"	"664.30250"	"5"	""		"31008.9708"	"46058.1980"	"3d5.(2D3).4s"	"b 3D"	"3"	"3d5.(4G).4p"	"y 3F*"	"4"		""	"L14866"	
"664.512"	"664.50859"	"6"	""		"31377.8624"	"46422.4223"	"3d5.(4F).4s"	"a 5F"	"4"	"3d4.(3F1).4s.4p.(3P*)"	"w 5D*"	"4"		""	"L808"	
"664.593"	"664.5921"	"5"	""		"35618.4806"	"50661.150"	"3d6"	"c 5D"	"1"	"3d5.(4D).4p"	"u 5D*"	"0"		""	"L808"	
"664.876"	"664.87666"	"7"	""		"35618.4806"	"50654.7121"	"3d6"	"c 5D"	"1"	"3d5.(4D).4p"	"u 5D*"	"2"		""	"L808"	
"665.1911"	"665.19102"	"3"	""		"31393.2968"	"46422.4223"	"3d5.(4F).4s"	"a 5F"	"5"	"3d4.(3F1).4s.4p.(3P*)"	"w 5D*"	"4"		""	"L14866"	
"665.235"	"665.22798"	"3"	""		"31048.7488"	"46077.0395"	"3d5.(2D3).4s"	"b 3D"	"1"	"3d5.(4P).4p"	"y 3D*"	"1"		""	"L808"	
"665.445"	"665.44016"	"4"	""		"33762.6622"	"48786.161"	"3d5.(2I).4s"	"b 1I"	"6"	""	"x 3G*"	"5"		""	"L808"	
"665.502"	"665.50276"	"5"	""		"35640.6434"	"50662.729"	"3d6"	"c 5D"	"0"	"3d5.(4D).4p"	"u 5D*"	"1"		""	"L808"	
"665.7591"	"665.75897"	"4"	""		"33542.0985"	"48558.403"	"3d4.(5D).4s.4p.(3P*)"	"z 5D*"	"2"	"3d4.4s.5s"	"f 5D"	"2"		""	"L14866"	
"666.10744"	"666.10739"	"38"	"1.1e+07"	D	"33816.0334"	"48824.4834"	"3d4.(5D).4s.4p.(3P*)"	"z 5D*"	"4"	"3d4.4s.5s"	"f 5D"	"4"		"T4288"	"L14866"	
"666.393"	"666.39042"	"18"	""		"42387.260"	"57389.3358"	"3d4.(3H).4s.4p.(3P*)"	"z 5H*"	"7"	"3d5.(4G).5s"	"e 5G"	"6"		""	"L808"	
"666.511"	"666.510"	"2"	""		"46688.2265"	"61687.61"	"3d4.(3G).4s.4p.(3P*)"	"w 5F*"	"3"	"3d4.4s.5s"	"e 5P"	"2"		""	"L808"	
"666.740"	"666.73606"	"1"	""		"31355.1192"	"46349.4177"	"3d5.(4F).4s"	"a 5F"	"2"	"3d4.(3F1).4s.4p.(3P*)"	"w 5D*"	"2"		""	"L808"	
"666.867"	"666.86273"	"5"	""		"31008.9708"	"46000.4213"	"3d5.(2D3).4s"	"b 3D"	"3"	"3d5.(4G).4p"	"y 3F*"	"3"		""	"L808"	
"666.92806"	"666.92810"	"15"	"5.9e+06"	D	"33671.5273"	"48661.5083"	"3d4.(5D).4s.4p.(3P*)"	"z 5D*"	"3"	"3d4.4s.5s"	"f 5D"	"3"		"T4288"	"L14866"	
"667.724"	"667.72183"	"10"	""		"31028.2590"	"46000.4213"	"3d5.(2D3).4s"	"b 3D"	"2"	"3d5.(4G).4p"	"y 3F*"	"3"		""	"L808"	
"668.0275"	"668.02759"	"4"	""		"33542.0985"	"48507.408"	"3d4.(5D).4s.4p.(3P*)"	"z 5D*"	"2"	"3d4.4s.5s"	"f 5D"	"1"		""	"L14866"	
"668.380"	"668.38135"	"2"	""		"31008.9708"	"45966.3597"	"3d5.(2D3).4s"	"b 3D"	"3"	"3d5.(4G).4p"	"y 3F*"	"2"		""	"L808"	
"668.896"	"668.89686"	"2"	""		"31352.3828"	"46298.2442"	"3d5.(4F).4s"	"a 5F"	"1"	"3d4.(3F1).4s.4p.(3P*)"	"w 5D*"	"1"		""	"L808"	
"669.248"	"669.24437"	"1"	""		"31028.2590"	"45966.3597"	"3d5.(2D3).4s"	"b 3D"	"2"	"3d5.(4G).4p"	"y 3F*"	"2"		""	"L808"	
"670.1633"	"670.16361"	"5"	""		"31048.7488"	"45966.3597"	"3d5.(2D3).4s"	"b 3D"	"1"	"3d5.(4G).4p"	"y 3F*"	"2"		""	"L14866"	
"671.5471"	"671.54723"	"9"	""		"33671.5273"	"48558.403"	"3d4.(5D).4s.4p.(3P*)"	"z 5D*"	"3"	"3d4.4s.5s"	"f 5D"	"2"		""	"L14866"	
"672.9734"	"672.97290"	"40"	""		"35397.9566"	"50253.295"	"3d6"	"c 5D"	"4"	"3d5.(4D).4p"	"s 5F*"	"5"		""	"L9190"	
"673.4200"	"673.42004"	"11"	""		"33816.0334"	"48661.5083"	"3d4.(5D).4s.4p.(3P*)"	"z 5D*"	"4"	"3d4.4s.5s"	"f 5D"	"3"		""	"L14866"	
"673.572"	"673.576"	"8w"	""		"42254.3929"	"57096.44"	"3d5.(6S).4d"	"e 7D"	"2"	""	"p 5F*"	"1"		""	"L808"	
"673.881"	"673.885"	"18"	""		"42515.3342"	"57350.57"	"3d5.(4G).4p"	"z 5G*"	"2"	"3d5.(4G).5s"	"e 5G"	"2"		""	"L808"	
"673.941"	"673.9433"	"6"	""		"42538.7424"	"57372.69"	"3d5.(4G).4p"	"z 5G*"	"3"	"3d5.(4G).5s"	"e 5G"	"4"		""	"L808"	
"674.464"	"674.4634"	"15"	""		"42538.7424"	"57361.253"	"3d5.(4G).4p"	"z 5G*"	"3"	"3d5.(4G).5s"	"e 5G"	"3"		""	"L808"	
"674.66011"	"674.66019"	"15"	""		"24093.1182"	"38911.3046"	"3d4.4s2"	"a 3P"	"2"	"3d4.(5D).4s.4p.(3P*)"	"z 3D*"	"3"		""	"L14866"	
"674.907"	"674.908"	"6w"	""		"35397.9566"	"50210.70"	"3d6"	"c 5D"	"4"	"3d5.(4D).4p"	"s 5F*"	"4"		""	"L808"	
"674.943"	"674.950"	"7w"	""		"42538.7424"	"57350.57"	"3d5.(4G).4p"	"z 5G*"	"3"	"3d5.(4G).5s"	"e 5G"	"2"		""	"L808"	
"675.020"	"675.02602"	"2"	""		"31364.2327"	"46174.3884"	"3d5.(4F).4s"	"a 5F"	"3"	"3d5.(4P).4p"	"y 3D*"	"3"		""	"L808"	
"675.133"	"675.1283"	"40"	""		"42564.7783"	"57372.69"	"3d5.(4G).4p"	"z 5G*"	"4"	"3d5.(4G).5s"	"e 5G"	"4"		""	"L808"	
"675.486"	"675.48175"	"5w"	""		"42589.1721"	"57389.3358"	"3d5.(4G).4p"	"z 5G*"	"5"	"3d5.(4G).5s"	"e 5G"	"6"		""	"L808"	
"675.649"	"675.64782"	"15*"	""		"31377.8624"	"46174.3884"	"3d5.(4F).4s"	"a 5F"	"4"	"3d5.(4P).4p"	"y 3D*"	"3"		""	"L808"	
"675.649"	"675.6502"	"15*"	""		"42564.7783"	"57361.253"	"3d5.(4G).4p"	"z 5G*"	"4"	"3d5.(4G).5s"	"e 5G"	"3"		""	"L808"	
"675.776"	"675.7784"	"25"	""		"42589.1721"	"57382.838"	"3d5.(4G).4p"	"z 5G*"	"5"	"3d5.(4G).5s"	"e 5G"	"5"		""	"L808"	
"676.241"	"676.23730"	"40*"	""		"42605.7080"	"57389.3358"	"3d5.(4G).4p"	"z 5G*"	"6"	"3d5.(4G).5s"	"e 5G"	"6"		""	"L808"	
"676.241"	"676.2423"	"40*"	""		"42589.1721"	"57372.69"	"3d5.(4G).4p"	"z 5G*"	"5"	"3d5.(4G).5s"	"e 5G"	"4"		""	"L808"	
"676.530"	"676.5347"	"8"	""		"42605.7080"	"57382.838"	"3d5.(4G).4p"	"z 5G*"	"6"	"3d5.(4G).5s"	"e 5G"	"5"		""	"L808"	
"678.009"	"678.00936"	"8*"	""		"31364.2327"	"46109.2219"	"3d5.(4F).4s"	"a 5F"	"3"	"3d5.(4P).4p"	"y 3D*"	"2"		""	"L808"	
"678.009"	"678.01460"	"8*"	""		"33762.5326"	"48507.408"	"3d4.(5D).4s.4p.(3P*)"	"z 3P*"	"0"	"3d4.4s.5s"	"f 5D"	"1"		""	"L808"	
"678.491"	"678.49661"	"8w"	""		"36552.1351"	"51286.5356"	"3d5.(2F2).4s"	"d 3F"	"3"	"3d5.(4D).4p"	"w 3P*"	"2"		""	"L808"	
"678.91612"	"678.91611"	"29"	""		"31008.9708"	"45734.2670"	"3d5.(2D3).4s"	"b 3D"	"3"	"3d5.(4P).4p"	"y 3P*"	"2"		""	"L14866"	
"679.652"	"679.644"	"25w"	""		"35501.1774"	"50210.70"	"3d6"	"c 5D"	"3"	"3d5.(4D).4p"	"s 5F*"	"4"		""	"L808"	
"679.8065"	"679.80657"	"8"	""		"31028.2590"	"45734.2670"	"3d5.(2D3).4s"	"b 3D"	"2"	"3d5.(4P).4p"	"y 3P*"	"2"		""	"L14866"	
"680.500"	"680.50301"	"15"	""		"31028.2590"	"45719.2168"	"3d5.(2D3).4s"	"b 3D"	"2"	"3d5.(4P).4p"	"y 3P*"	"1"		""	"L808"	
"681.3001"	"681.29996"	"6"	""		"31048.7488"	"45722.522"	"3d5.(2D3).4s"	"b 3D"	"1"	"3d5.(4P).4p"	"y 3P*"	"0"		""	"L14866"	
"681.452"	"681.45345"	"10"	""		"31048.7488"	"45719.2168"	"3d5.(2D3).4s"	"b 3D"	"1"	"3d5.(4P).4p"	"y 3P*"	"1"		""	"L808"	
"681.882"	"681.88645"	"4w"	""		"33897.2506"	"48558.403"	"3d4.(5D).4s.4p.(3P*)"	"z 3P*"	"1"	"3d4.4s.5s"	"f 5D"	"2"		""	"L808"	
"682.945"	"682.940"	"10ws"	""		"36895.8060"	"51534.35"	"3d5.(6S).5s"	"e 7S"	"3"	"3d5.(6S).8p"	"7P*"	"4"		""	"L808"	
"682.9875"	"682.98738"	"13"	""		"24093.1182"	"38730.6379"	"3d4.4s2"	"a 3P"	"2"	"3d4.(5D).4s.4p.(3P*)"	"z 3D*"	"2"		""	"L14866"	
"684.500"	"684.501"	"10ws"	""		"50196.84"	"64801.993"	"3d5.(6S).7p"	"7P*"	"4"	"3d4.4s.5s"	"e 5H"	"5"		""	"L808"	
"686.628"	"686.64417"	"15ws"	""		"31055.2777"	"45614.8444"	"3d5.(2I).4s"	"a 3I"	"5"	"3d5.(4G).4p"	"y 5H*"	"4"		""	"L808"	
"688.162"	"688.17044"	"100"	""		"27728.8110"	"42256.0868"	"3d4.(5D).4s.4p.(3P*)"	"y 7P*"	"2"	"3d5.(6S).4d"	"e 7D"	"3"		""	"L808"	
"688.240"	"688.25069"	"75"	"1.19e+07"	B	"27728.8110"	"42254.3929"	"3d4.(5D).4s.4p.(3P*)"	"y 7P*"	"2"	"3d5.(6S).4d"	"e 7D"	"2"		"u10"	"L808"	
"688.305"	"688.30525"	"150"	"1.78e+07"	B	"27728.8110"	"42253.2416"	"3d4.(5D).4s.4p.(3P*)"	"y 7P*"	"2"	"3d5.(6S).4d"	"e 7D"	"1"		"u10"	"L808"	
"689.604"	"689.60482"	"6"	""		"23386.3419"	"37883.4010"	"3d5.(6S).4p"	"z 7P*"	"3"	"3d5.(6S).5s"	"e 5S"	"2"		""	"L808"	
"690.320"	"690.31953"	"4w"	""		"36577.6545"	"51059.7045"	"3d5.(2F2).4s"	"d 3F"	"4"	"3d4.(3G).4s.4p.(3P*)"	"w 3F*"	"4"		""	"L808"	
"692.41788"	"692.41787"	"330"	""		"27820.1975"	"42258.3607"	"3d4.(5D).4s.4p.(3P*)"	"y 7P*"	"3"	"3d5.(6S).4d"	"e 7D"	"4"		""	"L14866"	
"692.52700"	"692.52694"	"250"	"9.3e+06"	D	"27820.1975"	"42256.0868"	"3d4.(5D).4s.4p.(3P*)"	"y 7P*"	"3"	"3d5.(6S).4d"	"e 7D"	"3"		"T4288"	"L14866"	
"692.60842"	"692.60821"	"83"	""		"27820.1975"	"42254.3929"	"3d4.(5D).4s.4p.(3P*)"	"y 7P*"	"3"	"3d5.(6S).4d"	"e 7D"	"2"		""	"L14866"	
"693.013"	"693.01225"	"3"	""		"38537.591"	"52963.371"	"3d5.(2H).4s"	"a 1H"	"5"	"3d4.(1G1).4s.4p.(3P*)"	"x 3H*"	"4"		""	"L808"	
"693.404"	"693.401"	"3w"	""		"38730.6379"	"53148.32"	"3d4.(5D).4s.4p.(3P*)"	"z 3D*"	"2"	"3d4.4s.4d"	"e 7G"	"1"		""	"L808"	
"693.557"	"693.55584"	"3w"	""		"35397.9566"	"49812.430"	"3d6"	"c 5D"	"4"	"3d5.(4D).4p"	"t 5P*"	"3"		""	"L808"	
"697.83976"	"697.83983"	"640"	"1.73e+07"	B	"27935.2412"	"42261.2258"	"3d4.(5D).4s.4p.(3P*)"	"y 7P*"	"4"	"3d5.(6S).4d"	"e 7D"	"5"		"u10"	"L14866"	
"697.97945"	"697.97942"	"190"	"5.9e+06"	D	"27935.2412"	"42258.3607"	"3d4.(5D).4s.4p.(3P*)"	"y 7P*"	"4"	"3d5.(6S).4d"	"e 7D"	"4"		"T4288"	"L14866"	
"698.09033"	"698.09025"	"34"	"1.5e+06"	D	"27935.2412"	"42256.0868"	"3d4.(5D).4s.4p.(3P*)"	"y 7P*"	"4"	"3d5.(6S).4d"	"e 7D"	"3"		"T4288"	"L14866"	
"698.866"	"698.86673"	"2"	""		"31049.2155"	"45354.1500"	"3d5.(2I).4s"	"a 3I"	"6"	"3d5.(4G).4p"	"z 3H*"	"5"		""	"L808"	
"699.073"	"699.07259"	"3"	""		"31047.9572"	"45348.6792"	"3d5.(2I).4s"	"a 3I"	"7"	"3d5.(4G).4p"	"z 3H*"	"6"		""	"L808"	
"704.9057"	"704.90555"	"4"	""		"38537.591"	"52719.978"	"3d5.(2H).4s"	"a 1H"	"5"	"3d4.(3G).4s.4p.(3P*)"	"3G*"	"4"		""	"L14866"	
"705.628"	"705.630"	"1"	""		"37233.423"	"51401.25"	"3d5.(2G2).4s"	"c 3G"	"5"	"3d4.(3H).4s.4p.(3P*)"	"z 1H*"	"5"		""	"L808"	
"705.734"	"705.735"	"3w"	""		"41043.3464"	"55209.07"	"3d4.(5D).4s.4p.(1P*)"	"x 5P*"	"3"	"3d4.4s.5s"	"g 5D"	"4"		""	"L808"	
"708.095"	"708.0917"	"3w"	""		"41086.218"	"55204.79"	"3d4.(5D).4s.4p.(1P*)"	"y 5F*"	"3"	"3d4.4s.5s"	"e 3D"	"3"		""	"L808"	
"708.805"	"708.80907"	"1"	""		"36558.446"	"50662.729"	"3d5.(2F2).4s"	"d 3F"	"2"	"3d5.(4D).4p"	"u 5D*"	"1"		""	"L808"	
"711.833"	"711.83683"	"3w"	""		"40930.2744"	"54974.566"	"3d4.(5D).4s.4p.(1P*)"	"x 5P*"	"1"	"3d4.4s.5s"	"e 3D"	"2"		""	"L808"	
"712.817"	"712.81925"	"6"	""		"35572.9194"	"49597.855"	"3d6"	"c 5D"	"2"	"3d4.(3F1).4s.4p.(3P*)"	"1D*"	"2"		""	"L808"	
"713.381"	"713.38358"	"3"	""		"24897.4635"	"38911.3046"	"3d5.(4G).4s"	"a 3G"	"4"	"3d4.(5D).4s.4p.(3P*)"	"z 3D*"	"3"		""	"L808"	
"713.6587"	"713.65827"	"9"	""		"33039.969"	"47048.4161"	"3d5.(2F1).4s"	"b 3F"	"2"	"3d5.(4G).4p"	"y 3G*"	"3"		""	"L14866"	
"714.3824"	"714.38247"	"12"	""		"33060.661"	"47054.9072"	"3d5.(2F1).4s"	"b 3F"	"3"	"3d5.(4G).4p"	"y 3G*"	"4"		""	"L14866"	
"714.511"	"714.50858"	"7w"	""		"40982.7898"	"54974.566"	"3d4.(5D).4s.4p.(1P*)"	"x 5P*"	"2"	"3d4.4s.5s"	"e 3D"	"2"		""	"L808"	
"714.892"	"714.889"	"5w"	""		"41224.7429"	"55209.07"	"3d4.(5D).4s.4p.(1P*)"	"y 5F*"	"4"	"3d4.4s.5s"	"g 5D"	"4"		""	"L808"	
"715.110"	"715.1081"	"8w*"	""		"41224.7429"	"55204.79"	"3d4.(5D).4s.4p.(1P*)"	"y 5F*"	"4"	"3d4.4s.5s"	"e 3D"	"3"		""	"L808"	
"715.110"	"715.11884"	"8w*"	""		"36577.6545"	"50557.4907"	"3d5.(2F2).4s"	"d 3F"	"4"	"3d5.(4D).4p"	"u 5D*"	"4"		""	"L808"	
"717.056"	"717.05290"	"15"	"2.5e+05"	E	"33113.212"	"47055.3416"	"3d5.(2F1).4s"	"b 3F"	"4"	"3d5.(4G).4p"	"y 3G*"	"5"		"T2268"	"L808"	
"717.7559"	"717.75563"	"6"	""		"31377.8624"	"45306.3417"	"3d5.(4F).4s"	"a 5F"	"4"	"3d4.(3F1).4s.4p.(3P*)"	"x 5F*"	"5"		""	"L14866"	
"718.1034"	"718.10349"	"8"	""		"31364.2327"	"45285.9649"	"3d5.(4F).4s"	"a 5F"	"3"	"3d4.(3F1).4s.4p.(3P*)"	"x 5F*"	"4"		""	"L14866"	
"718.55192"	"718.55188"	"49"	""		"31393.2968"	"45306.3417"	"3d5.(4F).4s"	"a 5F"	"5"	"3d4.(3F1).4s.4p.(3P*)"	"x 5F*"	"5"		""	"L14866"	
"718.80720"	"718.80722"	"32"	""		"31377.8624"	"45285.9649"	"3d5.(4F).4s"	"a 5F"	"4"	"3d4.(3F1).4s.4p.(3P*)"	"x 5F*"	"4"		""	"L14866"	
"719.2124"	"719.21252"	"7"	""		"31355.1192"	"45255.3842"	"3d5.(4F).4s"	"a 5F"	"2"	"3d4.(3F1).4s.4p.(3P*)"	"x 5F*"	"3"		""	"L14866"	
"719.553"	"719.54793"	"8"	""		"35572.9194"	"49466.705"	"3d6"	"c 5D"	"2"	"3d4.(3G).4s.4p.(3P*)"	"w 5G*"	"2"		""	"L808"	
"719.6059"	"719.60581"	"4"	""		"31393.2968"	"45285.9649"	"3d5.(4F).4s"	"a 5F"	"5"	"3d4.(3F1).4s.4p.(3P*)"	"x 5F*"	"4"		""	"L14866"	
"719.68429"	"719.68437"	"20"	""		"31364.2327"	"45255.3842"	"3d5.(4F).4s"	"a 5F"	"3"	"3d4.(3F1).4s.4p.(3P*)"	"x 5F*"	"3"		""	"L14866"	
"719.82965"	"719.82965"	"17"	""		"41086.218"	"54974.566"	"3d4.(5D).4s.4p.(1P*)"	"y 5F*"	"3"	"3d4.4s.5s"	"e 3D"	"2"		""	"L14866"	
"720.3911"	"720.39121"	"7"	""		"31377.8624"	"45255.3842"	"3d5.(4F).4s"	"a 5F"	"4"	"3d4.(3F1).4s.4p.(3P*)"	"x 5F*"	"3"		""	"L14866"	
"720.557"	"720.556"	"3"	""		"40930.2744"	"54804.63"	"3d4.(5D).4s.4p.(1P*)"	"x 5P*"	"1"	"3d4.4s.5s"	"e 3D"	"1"		""	"L808"	
"720.6444"	"720.64500"	"7"	""		"33113.212"	"46985.8465"	"3d5.(2F1).4s"	"b 3F"	"4"	"3d4.(3H).4s.4p.(3P*)"	"z 3G*"	"5"		""	"L14866"	
"720.7843"	"720.78451"	"12"	""		"31355.1192"	"45225.0686"	"3d5.(4F).4s"	"a 5F"	"2"	"3d4.(3F1).4s.4p.(3P*)"	"x 5F*"	"2"		""	"L14866"	
"721.2584"	"721.25843"	"7"	""		"31364.2327"	"45225.0686"	"3d5.(4F).4s"	"a 5F"	"3"	"3d4.(3F1).4s.4p.(3P*)"	"x 5F*"	"2"		""	"L14866"	
"721.8599"	"721.86001"	"9"	""		"31352.3828"	"45201.6676"	"3d5.(4F).4s"	"a 5F"	"1"	"3d4.(3F1).4s.4p.(3P*)"	"x 5F*"	"1"		""	"L14866"	
"722.0026"	"722.00266"	"4"	""		"31355.1192"	"45201.6676"	"3d5.(4F).4s"	"a 5F"	"2"	"3d4.(3F1).4s.4p.(3P*)"	"x 5F*"	"1"		""	"L14866"	
"722.115"	"722.11589"	"5"	""		"33060.661"	"46905.0382"	"3d5.(2F1).4s"	"b 3F"	"3"	"3d4.(3H).4s.4p.(3P*)"	"z 3G*"	"4"		""	"L808"	
"722.689"	"722.690"	"4w"	""		"40971.2599"	"54804.63"	"3d4.(5D).4s.4p.(1P*)"	"y 5F*"	"2"	"3d4.4s.5s"	"e 3D"	"1"		""	"L808"	
"723.0613"	"723.06100"	"5"	""		"37233.423"	"51059.7045"	"3d5.(2G2).4s"	"c 3G"	"5"	"3d4.(3G).4s.4p.(3P*)"	"w 3F*"	"4"		""	"L14866"	
"723.622"	"723.6151"	"50*"	""		"37244.011"	"51059.7045"	"3d5.(2G2).4s"	"c 3G"	"4"	"3d4.(3G).4s.4p.(3P*)"	"w 3F*"	"4"		""	"L808"	
"723.622"	"723.619"	"50*"	""		"41393.446"	"55209.07"	"3d4.(5D).4s.4p.(1P*)"	"y 5F*"	"5"	"3d4.4s.5s"	"g 5D"	"4"		""	"L808"	
"726.430"	"726.4343"	"40"	""		"41224.7429"	"54986.82"	"3d4.(5D).4s.4p.(1P*)"	"y 5F*"	"4"	"3d4.4s.5s"	"g 5D"	"3"		""	"L808"	
"727.622"	"727.6168"	"8"	""		"40906.418"	"54646.13"	"3d4.(5D).4s.4p.(1P*)"	"y 5F*"	"1"	"3d4.4s.5s"	"g 5D"	"0"		""	"L808"	
"729.390"	"729.3894"	"8"	""		"37244.011"	"50950.3326"	"3d5.(2G2).4s"	"c 3G"	"4"	"3d4.(3G).4s.4p.(3P*)"	"w 3F*"	"3"		""	"L808"	
"730.329"	"730.329"	"6"	""		"35897.7833"	"49586.47"	"3d4.(5D).4s.4p.(3P*)"	"z 3F*"	"2"	""	"e 3F"	"2"		""	"L808"	
"730.432"	"730.42949"	"4"	""		"36577.6545"	"50264.4589"	"3d5.(2F2).4s"	"d 3F"	"4"	"3d5.(4D).4p"	"w 3D*"	"3"		""	"L808"	
"730.569"	"730.5671"	"12"	""		"37205.851"	"50890.077"	"3d5.(2G2).4s"	"c 3G"	"3"	"3d4.(3G).4s.4p.(3P*)"	"w 3F*"	"2"		""	"L808"	
"730.601"	"730.5976"	"8"	""		"36034.1524"	"49717.808"	"3d4.(5D).4s.4p.(3P*)"	"z 3F*"	"3"	""	"e 3F"	"3"		""	"L808"	
"731.156"	"731.16642"	"6"	""		"20517.4222"	"34190.4320"	"3d5.(4G).4s"	"a 5G"	"2"	"3d4.(5D).4s.4p.(3P*)"	"z 3P*"	"2"		""	"L808"	
"732.3278"	"732.32791"	"8"	""		"36212.1339"	"49863.458"	"3d4.(5D).4s.4p.(3P*)"	"z 3F*"	"4"	""	"e 3F"	"4"		""	"L14866"	
"733.255"	"733.260"	"5w"	""		"41575.099"	"55209.07"	"3d4.(5D).4s.4p.(1P*)"	"y 5D*"	"3"	"3d4.4s.5s"	"g 5D"	"4"		""	"L808"	
"734.8717"	"734.87146"	"6"	""		"35933.906"	"49537.9802"	"3d5.(2H).4s"	"b 3H"	"6"	"3d4.(3F1).4s.4p.(3P*)"	"w 3G*"	"5"		""	"L14866"	
"735.58905"	"735.58903"	"1400"	"9.14e+06"	B	"23305.0026"	"36895.8060"	"3d5.(6S).4p"	"z 7P*"	"2"	"3d5.(6S).5s"	"e 7S"	"3"		"u10"	"L14866"	
"736.737"	"736.73779"	"10"	""		"35884.255"	"49453.867"	"3d5.(2H).4s"	"b 3H"	"5"	"3d4.(3F1).4s.4p.(3P*)"	"w 3G*"	"4"		""	"L808"	
"737.961"	"737.96511"	"3"	""		"36558.446"	"50105.4904"	"3d5.(2F2).4s"	"d 3F"	"2"	"3d5.(4D).4p"	"w 3D*"	"1"		""	"L808"	
"738.926"	"738.924"	"7w*"	""		"41043.3464"	"54572.81"	"3d4.(5D).4s.4p.(1P*)"	"x 5P*"	"3"	""	"e 5F"	"4"		""	"L808"	
"738.926"	"738.9294"	"7w*"	""		"41289.1133"	"54818.479"	"3d4.(5D).4s.4p.(1P*)"	"y 5D*"	"1"	"3d4.4s.5s"	"g 5D"	"2"		""	"L808"	
"740.01798"	"740.01798"	"1900"	"1.35e+07"	B	"23386.3419"	"36895.8060"	"3d5.(6S).4p"	"z 7P*"	"3"	"3d5.(6S).5s"	"e 7S"	"3"		"u10"	"L14866"	
"740.5283"	"740.5279"	"10"	""		"35870.458"	"49370.619"	"3d5.(2H).4s"	"b 3H"	"4"	"3d4.(3F1).4s.4p.(3P*)"	"w 3G*"	"3"		""	"L14866"	
"744.568"	"744.566"	"25"	""		"41782.1313"	"55209.07"	"3d4.(5D).4s.4p.(1P*)"	"y 5D*"	"4"	"3d4.4s.5s"	"g 5D"	"4"		""	"L808"	
"745.405"	"745.3937"	"2w*"	""		"40971.2599"	"54383.295"	"3d4.(5D).4s.4p.(1P*)"	"y 5F*"	"2"	""	"e 5F"	"2"		""	"L808"	
"745.405"	"745.4112"	"2w*"	""		"41575.099"	"54986.82"	"3d4.(5D).4s.4p.(1P*)"	"y 5D*"	"3"	"3d4.4s.5s"	"g 5D"	"3"		""	"L808"	
"746.23081"	"746.23079"	"800"	""		"23498.8156"	"36895.8060"	"3d5.(6S).4p"	"z 7P*"	"4"	"3d5.(6S).5s"	"e 7S"	"3"		""	"L14866"	
"748.469"	"748.4641"	"5"	""		"41289.1133"	"54646.13"	"3d4.(5D).4s.4p.(1P*)"	"y 5D*"	"1"	"3d4.4s.5s"	"g 5D"	"0"		""	"L808"	
"748.675"	"748.69132"	"6w"	""		"31393.2968"	"44746.259"	"3d5.(4F).4s"	"a 5F"	"5"	"3d4.(3F1).4s.4p.(3P*)"	"y 5G*"	"6"		""	"L808"	
"753.555"	"753.5541"	"18"	""		"41393.446"	"54660.241"	"3d4.(5D).4s.4p.(1P*)"	"y 5F*"	"5"	""	"e 5F"	"5"		""	"L808"	
"756.5918"	"756.59262"	"2"	""		"31377.8624"	"44591.3768"	"3d5.(4F).4s"	"a 5F"	"4"	"3d4.(3F1).4s.4p.(3P*)"	"y 5G*"	"5"		""	"L14866"	
"757.079"	"757.0983"	"4w"	""		"41782.1313"	"54986.82"	"3d4.(5D).4s.4p.(1P*)"	"y 5D*"	"4"	"3d4.4s.5s"	"g 5D"	"3"		""	"L808"	
"757.4769"	"757.47742"	"4"	""		"31393.2968"	"44591.3768"	"3d5.(4F).4s"	"a 5F"	"5"	"3d4.(3F1).4s.4p.(3P*)"	"y 5G*"	"5"		""	"L14866"	
"762.345"	"762.3538"	"5"	""		"33934.757"	"47048.4161"	"3d4.4s2"	"c 3D"	"3"	"3d5.(4G).4p"	"y 3G*"	"3"		""	"L808"	
"767.9452"	"767.94554"	"1"	""		"31355.1192"	"44373.2928"	"3d5.(4F).4s"	"a 5F"	"2"	"3d4.(3F1).4s.4p.(3P*)"	"y 5G*"	"3"		""	"L14866"	
"768.4829"	"768.48353"	"2"	""		"31364.2327"	"44373.2928"	"3d5.(4F).4s"	"a 5F"	"3"	"3d4.(3F1).4s.4p.(3P*)"	"y 5G*"	"3"		""	"L14866"	
"769.150"	"769.155"	"7w*"	""		"41575.099"	"54572.81"	"3d4.(5D).4s.4p.(1P*)"	"y 5D*"	"3"	""	"e 5F"	"4"		""	"L808"	
"769.150"	"769.16484"	"7w*"	""		"33060.661"	"46058.1980"	"3d5.(2F1).4s"	"b 3F"	"3"	"3d5.(4G).4p"	"y 3F*"	"4"		""	"L808"	
"769.735"	"769.7320"	"2"	""		"44373.2928"	"57361.253"	"3d4.(3F1).4s.4p.(3P*)"	"y 5G*"	"3"	"3d5.(4G).5s"	"e 5G"	"3"		""	"L808"	
"770.540"	"770.5418"	"5w"	""		"41408.9840"	"54383.295"	"3d4.(5D).4s.4p.(1P*)"	"y 5D*"	"2"	""	"e 5F"	"2"		""	"L808"	
"772.2875"	"772.28733"	"8"	""		"33113.212"	"46058.1980"	"3d5.(2F1).4s"	"b 3F"	"4"	"3d5.(4G).4p"	"y 3F*"	"4"		""	"L14866"	
"772.2997"	"772.29855"	"2"	""		"31355.1192"	"44299.9171"	"3d5.(4F).4s"	"a 5F"	"2"	"3d4.(3F1).4s.4p.(3P*)"	"y 5G*"	"2"		""	"L14866"	
"772.600"	"772.59922"	"12"	""		"33060.661"	"46000.4213"	"3d5.(2F1).4s"	"b 3F"	"3"	"3d5.(4G).4p"	"y 3F*"	"3"		""	"L808"	
"773.3987"	"773.39831"	"5"	""		"33039.969"	"45966.3597"	"3d5.(2F1).4s"	"b 3F"	"2"	"3d5.(4G).4p"	"y 3F*"	"2"		""	"L14866"	
"774.877"	"774.87650"	"2"	""		"36552.1351"	"49453.867"	"3d5.(2F2).4s"	"d 3F"	"3"	"3d4.(3F1).4s.4p.(3P*)"	"w 3G*"	"4"		""	"L808"	
"774.915"	"774.90844"	"6w"	""		"41575.099"	"54476.299"	"3d4.(5D).4s.4p.(1P*)"	"y 5D*"	"3"	""	"e 5F"	"3"		""	"L808"	
"776.2979"	"776.2979"	"2"	""		"41782.1313"	"54660.241"	"3d4.(5D).4s.4p.(1P*)"	"y 5D*"	"4"	""	"e 5F"	"5"		""	"L14866"	
"777.169"	"777.170"	"22"	""		"38537.591"	"51401.25"	"3d5.(2H).4s"	"a 1H"	"5"	"3d4.(3H).4s.4p.(3P*)"	"z 1H*"	"5"		""	"L808"	
"777.873"	"777.85953"	"4w"	""		"35933.906"	"48786.161"	"3d5.(2H).4s"	"b 3H"	"6"	""	"x 3G*"	"5"		""	"L808"	
"778.592"	"778.59605"	"4wl"	""		"35618.4806"	"48458.5780"	"3d6"	"c 5D"	"1"	"3d4.(3P1).4s.4p.(3P*)"	"x 3P*"	"2"		""	"L808"	
