obs_wl_air(nm)	ritz_wl_air(nm)	intens	Aki(s^-1)	Acc	Ei(cm-1)	Ek(cm-1)	conf_i	term_i	J_i	conf_k	term_k	J_k	Type	tp_ref	line_ref	
"380.16791"	"380.167922"	"10700"	"6.26e+06"	C+	"22838.323"	"49135.023"	"3d7.(4P).4s"	"b 3P"	"2"	"3d6.(3F2).4s.4p.(3P*)"	"v 3D*"	"3"		"T5720"	"L11631"	
"380.18084"	"380.180862"	"3980"	""		"22946.816"	"49242.621"	"3d7.(4P).4s"	"b 3P"	"1"	"3d6.(3F2).4s.4p.(3P*)"	"v 3D*"	"2"		""	"L11631"	
"380.19837"	"380.198342"	"1910"	"3.7e+06"	E	"26874.550"	"53169.146"	"3d6.(5D).4s.4p.(3P*)"	"z 5F*"	"5"	"3d7.(4F).4d"	"f 5G"	"6"		"T2578n"	"L11631"	
"380.22786"	"380.22778"	"1380"	"5.63e+06"	C+	"26623.735"	"52916.295"	"3d7.(2D2).4s"	"a 3D"	"2"	"3d7.(2D2).4p"	"v 3P*"	"2"		"T5720"	"L11631"	
"380.40092"	"380.400898"	"1780"	"4.6e+06"	D	"26874.550"	"53155.145"	"3d6.(5D).4s.4p.(3P*)"	"z 5F*"	"5"	"3d7.(4F).4d"	"h 5D"	"4"		"T2491n"	"L11631"	
"380.46108"	"380.460834"	"417"	""		"26406.465"	"52682.920"	"3d7.(2D2).4s"	"a 3D"	"1"	"3d7.(2D2).4p"	"t 3D*"	"2"		""	"L11631"	
"380.47911"	"380.47877"	"560"	""		"24338.767"	"50613.983"	"3d6.4s2"	"b 3G"	"3"	"3d6.(3F2).4s.4p.(3P*)"	"x 1G*"	"4"		""	"L11631"	
"380.5342"	"380.534158"	"74000bl*"	""		"27559.583"	"53830.975"	"3d6.(5D).4s.4p.(3P*)"	"z 5F*"	"2"	"3d7.(4F).4d"	"g 5F"	"3"		""	"L11631"	
"380.5342"	"380.53420"	"74000bl*"	"8.60e+07"	B+	"26627.609"	"52898.998"	"3d7.(2H).4s"	"b 3H"	"4"	"3d7.(2H).4p"	"y 3I*"	"5"		"T5720"	"L11631"	
"380.5789"	"380.57881"	"229"	""		"33946.933"	"60215.243"	"3d6.(5D).4s.4p.(3P*)"	"z 3P*"	"2"	"3d6.4s.(4D).4d"	"3P"	"1"		""	"L11631"	
"380.62164"	"380.62165"	"3390"	"2.5e+07"	D+	"27543.003"	"53808.356"	"3d7.(2P).4s"	"a 1P"	"1"	"3d7.(2P).4p"	"x 3S*"	"1"		"T2491n"	"L11631"	
"380.66954"	"380.66953"	"32400"	"4.35e+07"	B+	"26351.040"	"52613.090"	"3d7.(2H).4s"	"b 3H"	"5"	"3d7.(2H).4p"	"w 3H*"	"5"		"T5720"	"L11631"	
"380.67601"	"380.676019"	"437"	""		"20874.482"	"47136.084"	"3d6.4s2"	"b 3F2"	"3"	"3d7.(4P).4p"	"w 3D*"	"2"		""	"L11631"	
"380.75366"	"380.753675"	"17000"	"9.37e+06"	C+	"17927.382"	"44183.628"	"3d7.(4P).4s"	"a 5P"	"1"	"3d6.(3P2).4s.4p.(3P*)"	"w 5D*"	"2"		"T5720"	"L11631"	
"380.82807"	"380.82814"	"890"	"7.59e+05"	C+	"24335.766"	"50586.878"	"3d7.(2P).4s"	"c 3P"	"2"	"3d7.(2G).4p"	"z 1F*"	"3"		"T5720"	"L11631"	
"380.87283"	"380.872830"	"9500"	"3.54e+06"	B	"20641.110"	"46889.142"	"3d6.4s2"	"b 3F2"	"4"	"3d6.(3F2).4s.4p.(3P*)"	"x 3F*"	"4"		"T4293"	"L11631"	
"380.90396"	"380.90399"	"1020"	"1.7e+06"	E	"23051.750"	"49297.635"	"3d7.(4P).4s"	"b 3P"	"0"	"3d6.(3F2).4s.4p.(3P*)"	"v 3D*"	"1"		"T2578n"	"L11631"	
"380.95641"	"380.956388"	"1620"	"1.43e+06"	C+	"24180.862"	"50423.137"	"3d6.(5D).4s.4p.(3P*)"	"z 7P*"	"3"	"3d6.(5D).4s (6D).4d"	"f 5D"	"4"		"T5720"	"L11631"	
"381.07554"	"381.07555"	"3020"	"1.94e+07"	C+	"26623.735"	"52857.804"	"3d7.(2D2).4s"	"a 3D"	"2"	"3d7.(2D2).4p"	"t 3D*"	"1"		"T5720"	"L11631"	
"381.10348"	"381.103432"	"1700"	"2.06e+05"	C+	"21999.130"	"48231.280"	"3d7.(2G).4s"	"a 3G"	"4"	"3d6.(3G).4s.4p.(3P*)"	"y 5H*"	"5"		"T5720"	"L11631"	
"381.18042"	"381.180404"	"780"	""		"27166.820"	"53393.673"	"3d6.(5D).4s.4p.(3P*)"	"z 5F*"	"4"	"3d7.(4F).4d"	"g 5F"	"4"		""	"L11631"	
"381.18907"	"381.18907"	"11000"	"2.52e+06"	B+	"22249.429"	"48475.686"	"3d7.(2G).4s"	"a 3G"	"3"	"3d6.(3G).4s.4p.(3P*)"	"y 5H*"	"3"		"T5720"	"L11631"	
""	"381.207789"	""	"1.4e-02"	E	"0.000"	"26224.969"	"3d6.4s2"	"a 5D"	"4"	"3d7.(2D2).4s"	"a 3D"	"3"	M1	"T6409"	""	
""	"381.207789"	""	"7.0e-03"	E	"0.000"	"26224.969"	"3d6.4s2"	"a 5D"	"4"	"3d7.(2D2).4s"	"a 3D"	"3"	E2	"T6409"	""	
"381.29643"	"381.296424"	"398000"	"7.91e+06"	A	"7728.060"	"33946.933"	"3d7.(4F).4s"	"a 5F"	"3"	"3d6.(5D).4s.4p.(3P*)"	"z 3P*"	"2"		"T3548"	"L11631"	
"381.30578"	"381.305775"	"17000"	"5.52e+06"	B	"20874.482"	"47092.712"	"3d6.4s2"	"b 3F2"	"3"	"3d6.(3F2).4s.4p.(3P*)"	"x 3F*"	"3"		"T5720"	"L11631"	
"381.36347"	"381.363450"	"3390"	"2.07e+06"	C+	"21715.732"	"47929.997"	"3d7.(2G).4s"	"a 3G"	"5"	"3d6.(3G).4s.4p.(3P*)"	"v 5F*"	"4"		"T5720"	"L11631"	
"381.38842"	"381.38834"	"2950"	"6.62e+06"	B	"29313.008"	"55525.562"	"3d6.4s2"	"a 1I"	"6"	"3d6.(1G2).4s.4p.(3P*)"	"v 3H*"	"5"		"T5720"	"L11631"	
"381.39331"	"381.39325"	"331"	"2.91e+05"	C	"19621.006"	"45833.223"	"3d6.4s2"	"a 3H"	"5"	"3d6.(3F2).4s.4p.(3P*)"	"x 5G*"	"4"		"T5720"	"L11631"	
"381.45229"	"381.452303"	"28200"	"6.24e+05"	A	"8154.714"	"34362.873"	"3d7.(4F).4s"	"a 5F"	"1"	"3d6.(5D).4s.4p.(3P*)"	"z 3P*"	"1"		"T4187"	"L11631"	
"381.47787"	"381.47788"	"2040"	""		"27543.003"	"53749.405"	"3d7.(2P).4s"	"a 1P"	"1"	"3d6.(3G).4s.4p.(3P*)"	"3F*"	"2"		""	"L11631"	
"381.58400"	"381.583970"	"760000"	"1.12e+08"	A	"11976.239"	"38175.355"	"3d7.(4F).4s"	"a 3F"	"4"	"3d7.(4F).4p"	"y 3D*"	"3"		"T6573"	"L11631"	
"381.63400"	"381.634022"	"8300"	"4.16e+06"	D+	"17726.988"	"43922.668"	"3d7.(4P).4s"	"a 5P"	"2"	"3d6.(3P2).4s.4p.(3P*)"	"w 5D*"	"3"		"T5720"	"L11631"	
"381.7451"	"381.74517"	"590"	""		"31322.613"	"57510.666"	"3d6.(5D).4s.4p.(3P*)"	"z 3D*"	"3"	"3d7.(4F).6s"	"5F"	"3"		""	"L11631"	
"381.76392"	"381.763905"	"3550"	"7.7e+06"	E	"26874.550"	"53061.318"	"3d6.(5D).4s.4p.(3P*)"	"z 5F*"	"5"	"3d7.(4F).4d"	"g 5F"	"5"		"T2578n"	"L11631"	
"381.8618"	"381.86149"	"479"	""		"27543.003"	"53723.079"	"3d7.(2P).4s"	"a 1P"	"1"	"3d6.(3D).4s.4p.(3P*)"	"5F*"	"2"		""	"L11631"	
"381.94930"	"381.949263"	"1100"	"4.9e+06"	E	"27394.691"	"53568.751"	"3d6.(5D).4s.4p.(3P*)"	"z 5F*"	"3"	"3d7.(4F).4d"	"f 5P"	"2"		"T2578n"	"L11631"	
"382.04249"	"382.042491"	"r"	"6.67e+07"	A	"6928.268"	"33095.941"	"3d7.(4F).4s"	"a 5F"	"5"	"3d7.(4F).4p"	"y 5D*"	"4"		"T3548"	"L11631"	
"382.11776"	"382.11774"	"65000"	"5.54e+07"	B+	"26351.040"	"52513.560"	"3d7.(2H).4s"	"b 3H"	"5"	"3d7.(2H).4p"	"y 3I*"	"6"		"T5720"	"L11631"	
"382.18342"	"382.183434"	"12300"	"7.30e+06"	B	"21038.987"	"47197.010"	"3d6.4s2"	"b 3F2"	"2"	"3d6.(3F2).4s.4p.(3P*)"	"x 3F*"	"2"		"T5720"	"L11631"	
"382.40744"	"382.407361"	"3470"	""		"20874.482"	"47017.188"	"3d6.4s2"	"b 3F2"	"3"	"3d7.(4P).4p"	"w 3D*"	"3"		""	"L11631"	
"382.43035"	"382.43036"	"22900"	""		"26627.609"	"52768.743"	"3d7.(2H).4s"	"b 3H"	"4"	"3d7.(2H).4p"	"w 3H*"	"4"		""	"L11631"	
"382.44435"	"382.444329"	"1000000"	"2.83e+06"	A	"0.000"	"26140.179"	"3d6.4s2"	"a 5D"	"4"	"3d6.(5D).4s.4p.(3P*)"	"z 5D*"	"3"		"T3547"	"L11631"	
"382.45553"	"382.45557"	"9800"	""		"21715.732"	"47855.143"	"3d7.(2G).4s"	"a 3G"	"5"	"3d6.(3G).4s.4p.(3P*)"	"y 5H*"	"6"		""	"L11631"	
"382.54025"	"382.540229"	"1150"	"6.47e+05"	C	"18378.186"	"44511.812"	"3d6.4s2"	"a 3P2"	"2"	"3d7.(4P).4p"	"y 5S*"	"2"		"T5720"	"L11631"	
"382.58809"	"382.588058"	"760000"	"5.97e+07"	A	"7376.764"	"33507.123"	"3d7.(4F).4s"	"a 5F"	"4"	"3d7.(4F).4p"	"y 5D*"	"3"		"T3548"	"L11631"	
"382.6626"	"382.66294"	"380"	""		"19788.251"	"45913.497"	"3d6.4s2"	"a 3H"	"4"	"3d6.(3F2).4s.4p.(3P*)"	"x 5G*"	"3"		""	"L11631"	
"382.68412"	"382.684148"	"1780"	"2.29e+06"	C+	"21999.130"	"48122.928"	"3d7.(2G).4s"	"a 3G"	"4"	"3d6.(3G).4s.4p.(3P*)"	"v 5F*"	"3"		"T5720"	"L11631"	
"382.75713"	"382.757115"	"7600"	"1.56e+06"	B	"21715.732"	"47834.550"	"3d7.(2G).4s"	"a 3G"	"5"	"3d6.(3F2).4s.4p.(3P*)"	"x 3G*"	"5"		"T5720"	"L11631"	
"382.78224"	"382.782220"	"590000"	"1.05e+08"	A	"12560.934"	"38678.039"	"3d7.(4F).4s"	"a 3F"	"3"	"3d7.(4F).4p"	"y 3D*"	"2"		"T3831"	"L11631"	
"382.8150"	"382.814995"	"540bl"	""		"27166.820"	"53281.689"	"3d6.(5D).4s.4p.(3P*)"	"z 5F*"	"4"	"3d7.(4F).4d"	"f 5G"	"5"		""	"L11631"	
"382.85037"	"382.850415"	"1820"	"3.22e+05"	B	"22249.429"	"48361.882"	"3d7.(2G).4s"	"a 3G"	"3"	"3d6.(3G).4s.4p.(3P*)"	"y 5H*"	"4"		"T5720"	"L11631"	
"382.94516"	"382.94517"	"2340"	"1.32e+07"	C	"26406.465"	"52512.457"	"3d7.(2D2).4s"	"a 3D"	"1"	"3d7.(2P).4p"	"u 3D*"	"1"		"T5720"	"L11631"	
"382.9764"	"382.976109"	"660"	"7.5e+05"	E	"20641.110"	"46744.993"	"3d6.4s2"	"b 3F2"	"4"	"3d7.(4P).4p"	"u 5D*"	"3"		"T2578n"	"L11631"	
"383.07572"	"383.075697"	"1740"	"1.04e+06"	C+	"21038.987"	"47136.084"	"3d6.4s2"	"b 3F2"	"2"	"3d7.(4P).4p"	"w 3D*"	"2"		"T5720"	"L11631"	
"383.08617"	"383.086134"	"4370"	"1.07e+06"	B	"21715.732"	"47812.118"	"3d7.(2G).4s"	"a 3G"	"5"	"3d6.(3F2).4s.4p.(3P*)"	"x 3G*"	"4"		"T5720"	"L11631"	
"383.33079"	"383.330771"	"14100"	"4.68e+06"	B	"20641.110"	"46720.842"	"3d6.4s2"	"b 3F2"	"4"	"3d7.(4P).4p"	"u 5D*"	"4"		"T4293"	"L11631"	
"383.42222"	"383.422219"	"590000"	"4.52e+07"	A	"7728.060"	"33801.572"	"3d7.(4F).4s"	"a 5F"	"3"	"3d7.(4F).4p"	"y 5D*"	"2"		"T3548"	"L11631"	
"383.44552"	"383.44518"	"1170"	""		"26224.969"	"52296.920"	"3d7.(2D2).4s"	"a 3D"	"3"	"3d7.(2P).4p"	"u 3D*"	"2"		""	"L11631"	
"383.63301"	"383.633025"	"11500"	"3.29e+07"	C+	"26623.735"	"52682.920"	"3d7.(2D2).4s"	"a 3D"	"2"	"3d7.(2D2).4p"	"t 3D*"	"2"		"T5720"	"L11631"	
"383.69151"	"383.691494"	"398"	""		"22249.429"	"48304.643"	"3d7.(2G).4s"	"a 3G"	"3"	"3d7.(4P).4p"	"x 3P*"	"2"		""	"L11631"	
"383.71347"	"383.713423"	"2750"	"1.08e+06"	C	"21038.987"	"47092.712"	"3d6.4s2"	"b 3F2"	"2"	"3d6.(3F2).4s.4p.(3P*)"	"x 3F*"	"3"		"T5720"	"L11631"	
"383.92556"	"383.92558"	"47900"	"2.35e+07"	B	"24574.655"	"50613.983"	"3d7.(2G).4s"	"a 1G"	"4"	"3d6.(3F2).4s.4p.(3P*)"	"x 1G*"	"4"		"T5720"	"L11631"	
"384.04372"	"384.043720"	"380000"	"4.70e+07"	A	"7985.785"	"34017.103"	"3d7.(4F).4s"	"a 5F"	"2"	"3d7.(4F).4p"	"y 5D*"	"1"		"T3548"	"L11631"	
"384.10477"	"384.104750"	"457000"	"1.36e+08"	B+	"12968.554"	"38995.736"	"3d7.(4F).4s"	"a 3F"	"2"	"3d7.(4F).4p"	"y 3D*"	"1"		"T5720"	"L11631"	
"384.28960"	"384.289641"	"1120"	"4.87e+05"	C	"20874.482"	"46889.142"	"3d6.4s2"	"b 3F2"	"3"	"3d6.(3F2).4s.4p.(3P*)"	"x 3F*"	"4"		"T5720"	"L11631"	
"384.29885"	"384.298874"	"690"	"3.91e+05"	C	"20874.482"	"46888.517"	"3d6.4s2"	"b 3F2"	"3"	"3d7.(4P).4p"	"u 5D*"	"2"		"T5720"	"L11631"	
"384.32565"	"384.32565"	"50000"	"3.70e+07"	B	"24574.655"	"50586.878"	"3d7.(2G).4s"	"a 1G"	"4"	"3d7.(2G).4p"	"z 1F*"	"3"		"T5720"	"L11631"	
"384.51686"	"384.516842"	"7900"	"6.07e+06"	B+	"19552.478"	"45551.767"	"3d6.4s2"	"a 3P2"	"1"	"3d6.(3P2).4s.4p.(3P*)"	"x 3D*"	"1"		"T5720"	"L11631"	
"384.52150"	"384.521383"	"468"	""		"27394.691"	"53393.673"	"3d6.(5D).4s.4p.(3P*)"	"z 5F*"	"3"	"3d7.(4F).4d"	"g 5F"	"4"		""	"L11631"	
"384.56948"	"384.569383"	"1260"	"5.89e+06"	B	"28604.613"	"54600.350"	"3d7.(2D2).4s"	"a 1D"	"2"	"3d6.(3G).4s.4p.(3P*)"	"t 3G*"	"3"		"T5720"	"L11631"	
"384.59849"	"384.598440"	"980"	"4.5e+06"	D	"27166.820"	"53160.593"	"3d6.(5D).4s.4p.(3P*)"	"z 5F*"	"4"	"3d7.(4F).4d"	"f 5P"	"3"		"T2578n"	"L11631"	
"384.62832"	"384.62823"	"500"	""		"29798.936"	"55790.696"	"3d6.4s2"	"b 1G2"	"4"	"3d6.(1G2).4s.4p.(3P*)"	"s 3G*"	"3"		""	"L11631"	
"384.64091"	"384.64092"	"6000"	"1.68e+07"	C+	"28819.954"	"54810.856"	"3d7.(2H).4s"	"a 1H"	"5"	"3d6.(3G).4s.4p.(3P*)"	"w 1G*"	"4"		"T5720"	"L11631"	
"384.6800"	"384.679066"	"24500bl*"	""		"27166.820"	"53155.145"	"3d6.(5D).4s.4p.(3P*)"	"z 5F*"	"4"	"3d7.(4F).4d"	"h 5D"	"4"		""	"L11631"	
"384.6800"	"384.68001"	"24500bl*"	"6.20e+07"	B	"26224.969"	"52213.230"	"3d7.(2D2).4s"	"a 3D"	"3"	"3d7.(2D2).4p"	"t 3D*"	"3"		"T5720"	"L11631"	
"384.69333"	"384.69343"	"1200"	"3.44e+05"	C+	"19621.006"	"45608.361"	"3d6.4s2"	"a 3H"	"5"	"3d6.(3F2).4s.4p.(3P*)"	"x 5G*"	"6"		"T5720"	"L11631"	
"384.82885"	"384.828984"	"780"	"4.8e+05"	D	"21038.987"	"47017.188"	"3d6.4s2"	"b 3F2"	"2"	"3d7.(4P).4p"	"w 3D*"	"3"		"T2491n"	"L11631"	
"384.99664"	"384.996631"	"204000"	"6.05e+07"	A	"8154.714"	"34121.603"	"3d7.(4F).4s"	"a 5F"	"1"	"3d7.(4F).4p"	"y 5D*"	"0"		"T3548"	"L11631"	
"385.08176"	"385.081771"	"91000"	"1.66e+06"	A	"7985.785"	"33946.933"	"3d7.(4F).4s"	"a 5F"	"2"	"3d6.(5D).4s.4p.(3P*)"	"z 3P*"	"2"		"T3548"	"L11631"	
"385.25724"	"385.257240"	"12900"	"3.26e+06"	C	"17550.181"	"43499.505"	"3d7.(4P).4s"	"a 5P"	"3"	"3d6.(3P2).4s.4p.(3P*)"	"w 5D*"	"4"		"T5720"	"L11631"	
"385.34565"	"385.34564"	"680"	"5.8e+05"	D	"23783.619"	"49726.990"	"3d6.4s2"	"b 3G"	"5"	"3d7.(2G).4p"	"y 3H*"	"4"		"T2491n"	"L11631"	
"385.43663"	"385.436600"	"2240"	"5.07e+06"	C+	"25899.989"	"51837.238"	"3d6.(5D).4s.4p.(3P*)"	"z 5D*"	"4"	"3d6.(5D).4s (6D).4d"	"e 5P"	"3"		"T5720"	"L11631"	
"385.53135"	"385.531464"	"720"	""		"21999.130"	"47929.997"	"3d7.(2G).4s"	"a 3G"	"4"	"3d6.(3G).4s.4p.(3P*)"	"v 5F*"	"4"		""	"L11631"	
"385.58451"	"385.584654"	"1860"	""		"26140.179"	"52067.469"	"3d6.(5D).4s.4p.(3P*)"	"z 5D*"	"3"	"3d6.(5D).4s (6D).4d"	"e 5P"	"2"		""	"L11631"	
"385.63713"	"385.637115"	"1100000"	"4.64e+06"	A	"415.933"	"26339.696"	"3d6.4s2"	"a 5D"	"3"	"3d6.(5D).4s.4p.(3P*)"	"z 5D*"	"2"		"T3547"	"L11631"	
""	"385.697150"	""	"1.1e-02"	E	"704.007"	"26623.735"	"3d6.4s2"	"a 5D"	"2"	"3d7.(2D2).4s"	"a 3D"	"2"	M1	"T6409"	""	
"385.92123"	"385.921236"	"81000"	"7.25e+06"	B+	"19390.168"	"45294.846"	"3d6.4s2"	"a 3H"	"6"	"3d6.(3H).4s.4p.(3P*)"	"y 3G*"	"5"		"T5720"	"L11631"	
"385.99111"	"385.991106"	"r"	"9.69e+06"	A	"0.000"	"25899.989"	"3d6.4s2"	"a 5D"	"4"	"3d6.(5D).4s.4p.(3P*)"	"z 5D*"	"4"		"T3547"	"L11631"	
"386.13400"	"386.134337"	"4680"	""		"21715.732"	"47606.114"	"3d7.(2G).4s"	"a 3G"	"5"	"3d6.(3G).4s.4p.(3P*)"	"v 5F*"	"5"		""	"L11631"	
"386.36903"	"386.369130"	"620"	"4.37e+06"	B	"26339.696"	"52214.345"	"3d6.(5D).4s.4p.(3P*)"	"z 5D*"	"2"	"3d6.(5D).4s (4D).5s"	"g 5D"	"1"		"T6110"	"L11631"	
"386.37411"	"386.374103"	"5800"	"1.84e+06"	C+	"21715.732"	"47590.048"	"3d7.(2G).4s"	"a 3G"	"5"	"3d6.(3G).4s.4p.(3P*)"	"w 5G*"	"4"		"T5720"	"L11631"	
"386.4593"	"386.45911"	"372"	""		"33946.933"	"59815.558"	"3d6.(5D).4s.4p.(3P*)"	"z 3P*"	"2"	"3d6.4s.(4D).4d"	"3F"	"2"		""	"L11631"	
"386.55228"	"386.552292"	"178000"	"1.55e+07"	A	"8154.714"	"34017.103"	"3d7.(4F).4s"	"a 5F"	"1"	"3d7.(4F).4p"	"y 5D*"	"1"		"T3548"	"L11631"	
"386.7019"	"386.70210"	"710"	""		"34362.873"	"60215.243"	"3d6.(5D).4s.4p.(3P*)"	"z 3P*"	"1"	"3d6.4s.(4D).4d"	"3P"	"1"		""	"L11631"	
"386.72157"	"386.721579"	"21400"	"3.16e+07"	B	"24335.766"	"50186.834"	"3d7.(2P).4s"	"c 3P"	"2"	"3d7.(2P).4p"	"w 3P*"	"2"		"T5720"	"L11631"	
"386.79203"	"386.792023"	"1660"	"7.06e+05"	C+	"20874.482"	"46720.842"	"3d6.4s2"	"b 3F2"	"3"	"3d7.(4P).4p"	"u 5D*"	"4"		"T5720"	"L11631"	
"386.82320"	"386.823378"	"760"	""		"23783.619"	"49627.884"	"3d6.4s2"	"b 3G"	"5"	"3d7.(2G).4p"	"v 3G*"	"4"		""	"L11631"	
"386.95580"	"386.955814"	"8100"	"1.59e+06"	B	"21999.130"	"47834.550"	"3d7.(2G).4s"	"a 3G"	"4"	"3d6.(3F2).4s.4p.(3P*)"	"x 3G*"	"5"		"T5720"	"L11631"	
"386.96078"	"386.96074"	"4270"	"9.83e+05"	B	"21999.130"	"47834.221"	"3d7.(2G).4s"	"a 3G"	"4"	"3d6.(3F2).4s.4p.(3P*)"	"x 3G*"	"3"		"T5720"	"L11631"	
"387.17477"	"387.17480"	"10200"	"5.83e+06"	B	"23783.619"	"49604.427"	"3d6.4s2"	"b 3G"	"5"	"3d7.(2G).4p"	"y 3H*"	"5"		"T5720"	"L11631"	
"387.25009"	"387.250102"	"234000"	"1.05e+07"	A	"7985.785"	"33801.572"	"3d7.(4F).4s"	"a 5F"	"2"	"3d7.(4F).4p"	"y 5D*"	"2"		"T3548"	"L11631"	
"387.29210"	"387.292094"	"3240"	"8.86e+05"	B	"21999.130"	"47812.118"	"3d7.(2G).4s"	"a 3G"	"4"	"3d6.(3F2).4s.4p.(3P*)"	"x 3G*"	"4"		"T5720"	"L11631"	
"387.37603"	"387.376015"	"63000"	"6.57e+06"	B+	"19621.006"	"45428.402"	"3d6.4s2"	"a 3H"	"5"	"3d6.(3H).4s.4p.(3P*)"	"y 3G*"	"4"		"T5720"	"L11631"	
"387.40532"	"387.405348"	"479"	""		"18378.186"	"44183.628"	"3d6.4s2"	"a 3P2"	"2"	"3d6.(3P2).4s.4p.(3P*)"	"w 5D*"	"2"		""	"L11631"	
"387.60397"	"387.603965"	"7200"	"1.15e+05"	C+	"8154.714"	"33946.933"	"3d7.(4F).4s"	"a 5F"	"1"	"3d6.(5D).4s.4p.(3P*)"	"z 3P*"	"2"		"T5720"	"L11631"	
"387.66701"	"387.667080"	"620"	""		"18378.186"	"44166.206"	"3d6.4s2"	"a 3P2"	"2"	"3d6.(3F2).4s.4p.(3P*)"	"v 5D*"	"3"		""	"L11631"	
"387.80180"	"387.801779"	"275000"	"7.72e+06"	A	"7728.060"	"33507.123"	"3d7.(4F).4s"	"a 5F"	"3"	"3d7.(4F).4p"	"y 5D*"	"3"		"T3548"	"L11631"	
"387.8182"	"387.818297"	"1510"	""		"26479.381"	"52257.346"	"3d6.(5D).4s.4p.(3P*)"	"z 5D*"	"1"	"3d6.(5D).4s (4D).5s"	"g 5D"	"0"		""	"L11631"	
"387.85730"	"387.857282"	"1290000"	"6.17e+06"	B+	"704.007"	"26479.381"	"3d6.4s2"	"a 5D"	"2"	"3d6.(5D).4s.4p.(3P*)"	"z 5D*"	"1"		"T5720"	"L11631"	
"387.86707"	"387.867079"	"49000"	"7.02e+06"	B+	"19788.251"	"45562.974"	"3d6.4s2"	"a 3H"	"4"	"3d6.(3H).4s.4p.(3P*)"	"y 3G*"	"3"		"T5720"	"L11631"	
"387.87256"	"387.87262"	"10500"	"5.34e+07"	C+	"26406.465"	"52180.820"	"3d7.(2D2).4s"	"a 3D"	"1"	"3d7.(2P).4p"	"1P*"	"1"		"T5720"	"L11631"	
"388.19734"	"388.197393"	"690"	""		"28604.613"	"54357.405"	"3d7.(2D2).4s"	"a 1D"	"2"	"3d7.(4F).5p"	"3G*"	"3"		""	"L11631"	
"388.32797"	"388.327981"	"6500"	"1.28e+07"	C+	"26224.969"	"51969.101"	"3d7.(2D2).4s"	"a 3D"	"3"	"3d7.(2P).4p"	"u 3D*"	"3"		"T5720"	"L11631"	
"388.43584"	"388.435819"	"17400"	"3.99e+06"	B	"21715.732"	"47452.717"	"3d7.(2G).4s"	"a 3G"	"5"	"3d7.(2G).4p"	"z 1G*"	"4"		"T5720"	"L11631"	
"388.51453"	"388.514529"	"1320"	"8.36e+05"	C	"24118.819"	"49850.590"	"3d6.4s2"	"b 3G"	"4"	"3d7.(2G).4p"	"v 3G*"	"3"		"T5720"	"L11631"	
"388.55103"	"388.551012"	"16600"	"7.26e+06"	B+	"19552.478"	"45281.833"	"3d6.4s2"	"a 3P2"	"1"	"3d6.(3P2).4s.4p.(3P*)"	"x 3D*"	"2"		"T5720"	"L11631"	
"388.59202"	"388.59223"	"479"	""		"29798.936"	"55525.562"	"3d6.4s2"	"b 1G2"	"4"	"3d6.(1G2).4s.4p.(3P*)"	"v 3H*"	"5"		""	"L11631"	
"388.62820"	"388.628183"	"550000"	"5.29e+06"	A	"415.933"	"26140.179"	"3d6.4s2"	"a 5D"	"3"	"3d6.(5D).4s.4p.(3P*)"	"z 5D*"	"3"		"T3547"	"L11631"	
"388.70480"	"388.704779"	"251000"	"3.52e+06"	A	"7376.764"	"33095.941"	"3d7.(4F).4s"	"a 5F"	"4"	"3d7.(4F).4p"	"y 5D*"	"4"		"T3548"	"L11631"	
"388.84160"	"388.841607"	"2090"	""		"26339.696"	"52049.823"	"3d6.(5D).4s.4p.(3P*)"	"z 5D*"	"2"	"3d6.(5D).4s (4D).5s"	"g 5D"	"2"		""	"L11631"	
"388.85132"	"388.851317"	"200000"	"2.50e+07"	B+	"12968.554"	"38678.039"	"3d7.(4F).4s"	"a 3F"	"2"	"3d7.(4F).4p"	"y 3D*"	"2"		"T5720"	"L11631"	
"388.88213"	"388.882145"	"10200"	"1.95e+07"	C+	"24335.766"	"50043.213"	"3d7.(2P).4s"	"c 3P"	"2"	"3d7.(2P).4p"	"w 3P*"	"1"		"T5720"	"L11631"	
"388.99199"	"388.991865"	"407"	""		"26339.696"	"52039.892"	"3d6.(5D).4s.4p.(3P*)"	"z 5D*"	"2"	"3d6.(5D).4s (4D).5s"	"e 3D"	"1"		""	"L11631"	
"389.03955"	"389.039353"	"710"	"1.67e+06"	C	"26140.179"	"51837.238"	"3d6.(5D).4s.4p.(3P*)"	"z 5D*"	"3"	"3d6.(5D).4s (6D).4d"	"e 5P"	"3"		"T5720"	"L11631"	
"389.08402"	"389.084021"	"7900"	"3.06e+06"	C+	"21999.130"	"47693.239"	"3d7.(2G).4s"	"a 3G"	"4"	"3d6.(3G).4s.4p.(3P*)"	"w 5G*"	"3"		"T5720"	"L11631"	
"389.19262"	"389.19264"	"4790"	"2.71e+07"	C+	"27543.003"	"53229.941"	"3d7.(2P).4s"	"a 1P"	"1"	"3d7.(2D2).4p"	"v 3P*"	"1"		"T5720"	"L11631"	
"389.28920"	"389.289184"	"1510"	""		"22249.429"	"47929.997"	"3d7.(2G).4s"	"a 3G"	"3"	"3d6.(3G).4s.4p.(3P*)"	"v 5F*"	"4"		""	"L11631"	
"389.29819"	"389.298204"	"500"	""		"26339.696"	"52019.669"	"3d6.(5D).4s.4p.(3P*)"	"z 5D*"	"2"	"3d6.(5D).4s (6D).4d"	"e 5P"	"1"		""	"L11631"	
"389.33091"	"389.330922"	"3160"	"4.52e+06"	B	"22838.323"	"48516.138"	"3d7.(4P).4s"	"b 3P"	"2"	"3d7.(4P).4p"	"x 3P*"	"1"		"T5720"	"L11631"	
"389.33901"	"389.338988"	"18600"	"1.00e+07"	B+	"23783.619"	"49460.902"	"3d6.4s2"	"b 3G"	"5"	"3d7.(2G).4p"	"v 3G*"	"5"		"T5720"	"L11631"	
"389.39122"	"389.391202"	"7100"	"5.45e+05"	B+	"19621.006"	"45294.846"	"3d6.4s2"	"a 3H"	"5"	"3d6.(3H).4s.4p.(3P*)"	"y 3G*"	"5"		"T5720"	"L11631"	
"389.40117"	"389.40114"	"2750"	"1.03e+07"	B	"26623.735"	"52296.920"	"3d7.(2D2).4s"	"a 3D"	"2"	"3d7.(2P).4p"	"u 3D*"	"2"		"T5720"	"L11631"	
""	"389.542538"	""	"3.38e+06"	C+	"26550.479"	"52214.345"	"3d6.(5D).4s.4p.(3P*)"	"z 5D*"	"0"	"3d6.(5D).4s (4D).5s"	"g 5D"	"1"		"T6110"	""	
"389.56562"	"389.565597"	"740000"	"9.39e+06"	A	"888.132"	"26550.479"	"3d6.4s2"	"a 5D"	"1"	"3d6.(5D).4s.4p.(3P*)"	"z 5D*"	"0"		"T3547"	"L11631"	
"389.74485"	"389.74486"	"4270"	"1.78e+06"	D+	"23783.619"	"49434.163"	"3d6.4s2"	"b 3G"	"5"	"3d7.(2G).4p"	"y 3H*"	"6"		"T5720"	"L11631"	
"389.78896"	"389.78893"	"45700"	"6.20e+06"	B	"21715.732"	"47363.376"	"3d7.(2G).4s"	"a 3G"	"5"	"3d6.(3G).4s.4p.(3P*)"	"w 5G*"	"6"		"T5720"	"L11631"	
"389.80086"	"389.800874"	"19500"	"8.00e+05"	C+	"8154.714"	"33801.572"	"3d7.(4F).4s"	"a 5F"	"1"	"3d7.(4F).4p"	"y 5D*"	"2"		"T5720"	"L11631"	
"389.90286"	"389.902841"	"7200"	"7.60e+05"	B+	"19788.251"	"45428.402"	"3d6.4s2"	"a 3H"	"4"	"3d6.(3H).4s.4p.(3P*)"	"y 3G*"	"4"		"T5720"	"L11631"	
"389.97071"	"389.970707"	"1070000"	"2.58e+06"	A	"704.007"	"26339.696"	"3d6.4s2"	"a 5D"	"2"	"3d6.(5D).4s.4p.(3P*)"	"z 5D*"	"2"		"T3547"	"L11631"	
"390.0515"	"390.051516"	"3090bl"	"7.9e+06"	D	"26140.179"	"51770.557"	"3d6.(5D).4s.4p.(3P*)"	"z 5D*"	"3"	"3d6.(5D).4s (4D).5s"	"g 5D"	"3"		"T2491n"	"L11631"	
"390.29455"	"390.294512"	"302000"	"2.14e+07"	A	"12560.934"	"38175.355"	"3d7.(4F).4s"	"a 3F"	"3"	"3d7.(4F).4p"	"y 3D*"	"3"		"T3831"	"L11631"	
"390.38976"	"390.38977"	"11200"	"7.61e+06"	B	"24118.819"	"49726.990"	"3d6.4s2"	"b 3G"	"4"	"3d7.(2G).4p"	"y 3H*"	"4"		"T5720"	"L11631"	
"390.64795"	"390.647918"	"234000"	"8.32e+05"	A	"888.132"	"26479.381"	"3d6.4s2"	"a 5D"	"1"	"3d6.(5D).4s.4p.(3P*)"	"z 5D*"	"1"		"T3547"	"L11631"	
"390.65320"	"390.652971"	"380"	""		"21999.130"	"47590.048"	"3d7.(2G).4s"	"a 3G"	"4"	"3d6.(3G).4s.4p.(3P*)"	"w 5G*"	"4"		""	"L11631"	
"390.67468"	"390.67470"	"3160"	"7.05e+06"	B	"26623.735"	"52213.230"	"3d7.(2D2).4s"	"a 3D"	"2"	"3d7.(2D2).4p"	"t 3D*"	"3"		"T5720"	"L11631"	
"390.74650"	"390.74651"	"3090"	"8.15e+05"	B	"22249.429"	"47834.221"	"3d7.(2G).4s"	"a 3G"	"3"	"3d6.(3F2).4s.4p.(3P*)"	"x 3G*"	"3"		"T5720"	"L11631"	
"390.79338"	"390.793374"	"12300"	"6.67e+06"	C	"22249.429"	"47831.153"	"3d7.(2G).4s"	"a 3G"	"3"	"3d6.(3G).4s.4p.(3P*)"	"w 5G*"	"2"		"T5720"	"L11631"	
"390.88423"	"390.88418"	"910"	""		"33946.933"	"59522.714"	"3d6.(5D).4s.4p.(3P*)"	"z 3P*"	"2"	"3d6.4s.(4D).4d"	"3F"	"3"		""	"L11631"	
"390.96573"	"390.965801"	"1910"	"5.7e+06"	E	"26479.381"	"52049.823"	"3d6.(5D).4s.4p.(3P*)"	"z 5D*"	"1"	"3d6.(5D).4s (4D).5s"	"g 5D"	"2"		"T2578n"	"L11631"	
"390.98293"	"390.982927"	"3630"	"6.99e+06"	B	"22946.816"	"48516.138"	"3d7.(4P).4s"	"b 3P"	"1"	"3d7.(4P).4p"	"x 3P*"	"1"		"T5720"	"L11631"	
"391.08434"	"391.084381"	"5100"	"1.37e+06"	C+	"22249.429"	"47812.118"	"3d7.(2G).4s"	"a 3G"	"3"	"3d6.(3F2).4s.4p.(3P*)"	"x 3G*"	"4"		"T5720"	"L11631"	
"391.09988"	"391.099803"	"680"	"2.68e+06"	C+	"25899.989"	"51461.670"	"3d6.(5D).4s.4p.(3P*)"	"z 5D*"	"4"	"3d6.(5D).4s (6D).4d"	"f 5F"	"4"		"T5720"	"L11631"	
"391.36316"	"391.363135"	"4570"	"1.35e+06"	B	"18378.186"	"43922.668"	"3d6.4s2"	"a 3P2"	"2"	"3d6.(3P2).4s.4p.(3P*)"	"w 5D*"	"3"		"T4187"	"L11631"	
"391.42727"	"391.427403"	"1660"	"5.8e+06"	D	"26479.381"	"52019.669"	"3d6.(5D).4s.4p.(3P*)"	"z 5D*"	"1"	"3d6.(5D).4s (6D).4d"	"e 5P"	"1"		"T2578n"	"L11631"	
"391.67307"	"391.67305"	"17000"	"9.83e+06"	B	"26105.908"	"51630.178"	"3d7.(2H).4s"	"b 3H"	"6"	"3d6.(3H).4s.4p.(3P*)"	"1H*"	"5"		"T5720"	"L11631"	
"391.71807"	"391.718051"	"19100"	"4.34e+05"	A	"7985.785"	"33507.123"	"3d7.(4F).4s"	"a 5F"	"2"	"3d7.(4F).4p"	"y 5D*"	"3"		"T3548"	"L11631"	
""	"391.764180"	""	"1.2e-02"	E	"888.132"	"26406.465"	"3d6.4s2"	"a 5D"	"1"	"3d7.(2D2).4s"	"a 3D"	"1"	M1	"T6409"	""	
""	"391.764180"	""	"4.0e-03"	E	"888.132"	"26406.465"	"3d6.4s2"	"a 5D"	"1"	"3d7.(2D2).4s"	"a 3D"	"1"	E2	"T6409"	""	
"391.83150"	"391.83147"	"7900"	"6.03e+06"	B+	"20037.816"	"45551.767"	"3d6.4s2"	"a 3P2"	"0"	"3d6.(3P2).4s.4p.(3P*)"	"x 3D*"	"1"		"T5720"	"L11631"	
"391.84152"	"391.84151"	"7900"	"4.22e+07"	C+	"22946.816"	"48460.113"	"3d7.(4P).4s"	"b 3P"	"1"	"3d7.(4P).4p"	"x 3P*"	"0"		"T5720"	"L11631"	
"391.86414"	"391.864151"	"13800"	"1.17e+07"	C+	"24338.767"	"49850.590"	"3d6.4s2"	"b 3G"	"3"	"3d7.(2G).4p"	"v 3G*"	"3"		"T5720"	"L11631"	
"391.90652"	"391.906519"	"5400"	"3.72e+06"	C+	"24118.819"	"49627.884"	"3d6.4s2"	"b 3G"	"4"	"3d7.(2G).4p"	"v 3G*"	"4"		"T5720"	"L11631"	
"392.02578"	"392.025748"	"650000"	"2.60e+06"	A	"978.074"	"26479.381"	"3d6.4s2"	"a 5D"	"0"	"3d6.(5D).4s.4p.(3P*)"	"z 5D*"	"1"		"T3547"	"L11631"	
"392.0837"	"392.083636"	"1100bl"	"2.92e+06"	C+	"26339.696"	"51837.238"	"3d6.(5D).4s.4p.(3P*)"	"z 5D*"	"2"	"3d6.(5D).4s (6D).4d"	"e 5P"	"3"		"T5720"	"L11631"	
"392.12721"	"392.12719"	"1070"	"5.54e+04"	C+	"20641.110"	"46135.820"	"3d6.4s2"	"b 3F2"	"4"	"3d6.(3H).4s.4p.(3P*)"	"z 3I*"	"5"		"T5720"	"L11631"	
"392.29115"	"392.291129"	"1000000"	"1.08e+06"	A	"415.933"	"25899.989"	"3d6.4s2"	"a 5D"	"3"	"3d6.(5D).4s.4p.(3P*)"	"z 5D*"	"4"		"T3547"	"L11631"	
"392.52002"	"392.520109"	"1380"	"6.2e+06"	D	"26550.479"	"52019.669"	"3d6.(5D).4s.4p.(3P*)"	"z 5D*"	"0"	"3d6.(5D).4s (6D).4d"	"e 5P"	"1"		"T2578n"	"L11631"	
"392.56435"	"392.564346"	"6900"	"8.04e+06"	B	"22838.323"	"48304.643"	"3d7.(4P).4s"	"b 3P"	"2"	"3d7.(4P).4p"	"x 3P*"	"2"		"T5720"	"L11631"	
"392.59410"	"392.594131"	"9300"	"1.67e+07"	C+	"23051.750"	"48516.138"	"3d7.(4P).4s"	"b 3P"	"0"	"3d7.(4P).4p"	"x 3P*"	"1"		"T5720"	"L11631"	
"392.60129"	"392.601285"	"2450"	"7.26e+06"	B	"26140.179"	"51604.103"	"3d6.(5D).4s.4p.(3P*)"	"z 5D*"	"3"	"3d6.(5D).4s (6D).4d"	"f 5F"	"3"		"T5720"	"L11631"	
"392.77495"	"392.77465"	"407"	""		"34362.873"	"59815.558"	"3d6.(5D).4s.4p.(3P*)"	"z 3P*"	"1"	"3d6.4s.(4D).4d"	"3F"	"2"		""	"L11631"	
"392.7920"	"392.791947"	"219000bl*"	"2.60e+06"	B+	"888.132"	"26339.696"	"3d6.4s2"	"a 5D"	"1"	"3d6.(5D).4s.4p.(3P*)"	"z 5D*"	"2"		"T5720"	"L11631"	
"392.7920"	"392.792194"	"219000bl*"	""		"22838.323"	"48289.871"	"3d7.(4P).4s"	"b 3P"	"2"	"3d5.(6S).4s2.4p"	"v 5P*"	"1"		""	"L11631"	
"392.80827"	"392.808323"	"6200"	"5.64e+06"	B	"25899.989"	"51350.492"	"3d6.(5D).4s.4p.(3P*)"	"z 5D*"	"4"	"3d6.(5D).4s (4D).5s"	"g 5D"	"4"		"T5720"	"L11631"	
"392.91161"	"392.911653"	"2290"	"8.11e+05"	C+	"22249.429"	"47693.239"	"3d7.(2G).4s"	"a 3G"	"3"	"3d6.(3G).4s.4p.(3P*)"	"w 5G*"	"3"		"T5720"	"L11631"	
"392.92080"	"392.92081"	"1910"	"2.09e+06"	C+	"26224.969"	"51668.186"	"3d7.(2D2).4s"	"a 3D"	"3"	"3d7.(2H).4p"	"u 3G*"	"4"		"T5720"	"L11631"	
"393.02964"	"393.029640"	"1150000"	"1.99e+06"	B+	"704.007"	"26140.179"	"3d6.4s2"	"a 5D"	"2"	"3d6.(5D).4s.4p.(3P*)"	"z 5D*"	"3"		"T5720"	"L11631"	
"393.11170"	"393.111722"	"2090"	"4.8e+06"	E	"26339.696"	"51770.557"	"3d6.(5D).4s.4p.(3P*)"	"z 5D*"	"2"	"3d6.(5D).4s (4D).5s"	"g 5D"	"3"		"T2578n"	"L11631"	
""	"393.149908"	""	"1.1e-02"	E	"978.074"	"26406.465"	"3d6.4s2"	"a 5D"	"0"	"3d7.(2D2).4s"	"a 3D"	"1"	M1	"T6409"	""	
"393.22440"	"393.224338"	"490"	""		"29056.324"	"54479.902"	"3d6.(5D).4s.4p.(3P*)"	"z 5P*"	"3"	"3d6.4s.(6D).6s"	"5D"	"4"		""	"L11631"	
"393.26271"	"393.262701"	"8500"	"2.70e+06"	C+	"21999.130"	"47420.228"	"3d7.(2G).4s"	"a 3G"	"4"	"3d6.(3G).4s.4p.(3P*)"	"w 5G*"	"5"		"T5720"	"L11631"	
"393.3599"	"393.35954"	"4270bl*"	""		"33507.123"	"58921.963"	"3d7.(4F).4p"	"y 5D*"	"3"	"3d6.4s.(4D).4d"	"5S"	"2"		""	"L11631"	
"393.3599"	"393.359909"	"4270bl*"	"5.92e+06"	C+	"24772.018"	"50186.834"	"3d7.(2P).4s"	"c 3P"	"1"	"3d7.(2P).4p"	"w 3P*"	"2"		"T5720"	"L11631"	
"393.3599"	"393.360141"	"4270bl*"	""		"26339.696"	"51754.497"	"3d6.(5D).4s.4p.(3P*)"	"z 5D*"	"2"	"3d6.(5D).4s (6D).4d"	"f 5F"	"1"		""	"L11631"	
"393.53065"	"393.530643"	"1050"	"2.2e+06"	D	"22946.816"	"48350.606"	"3d7.(4P).4s"	"b 3P"	"1"	"3d6.(3G).4s.4p.(3P*)"	"v 5F*"	"1"		"T2578n"	"L11631"	
"393.58122"	"393.581244"	"9300"	"1.14e+07"	C+	"22838.323"	"48238.847"	"3d7.(4P).4s"	"b 3P"	"2"	"3d6.(3G).4s.4p.(3P*)"	"v 5F*"	"2"		"T5720"	"L11631"	
"393.58602"	"393.585893"	"407"	""		"26339.696"	"51739.920"	"3d6.(5D).4s.4p.(3P*)"	"z 5D*"	"2"	"3d6.(5D).4s (4D).5s"	"e 3D"	"2"		""	"L11631"	
"393.73276"	"393.732723"	"7800"	"1.66e+06"	B	"21715.732"	"47106.484"	"3d7.(2G).4s"	"a 3G"	"5"	"3d6.(3H).4s.4p.(3P*)"	"z 3H*"	"4"		"T5720"	"L11631"	
"394.08773"	"394.087710"	"10000"	"1.20e+05"	A	"7728.060"	"33095.941"	"3d7.(4F).4s"	"a 5F"	"3"	"3d7.(4F).4p"	"y 5D*"	"4"		"T3548"	"L11631"	
"394.1183"	"394.11849"	"560"	""		"31307.245"	"56673.145"	"3d6.(5D).4s.4p.(3P*)"	"z 3F*"	"4"	"3d6.4s.(6D).5d"	"5G"	"4"		""	"L11631"	
"394.12750"	"394.127530"	"2570"	"9.1e+06"	D	"26339.696"	"51705.014"	"3d6.(5D).4s.4p.(3P*)"	"z 5D*"	"2"	"3d6.(5D).4s (6D).4d"	"f 5F"	"2"		"T2578n"	"L11631"	
"394.23638"	"394.236485"	"1100"	"5.17e+05"	C+	"24118.819"	"49477.127"	"3d6.4s2"	"b 3G"	"4"	"3d6.(3F2).4s.4p.(3P*)"	"1F*"	"3"		"T5720"	"L11631"	
"394.24397"	"394.243963"	"8300"	"9.62e+06"	C+	"22946.816"	"48304.643"	"3d7.(4P).4s"	"b 3P"	"1"	"3d7.(4P).4p"	"x 3P*"	"2"		"T5720"	"L11631"	
"394.33404"	"394.33404"	"3630"	"6.46e+05"	C+	"17726.988"	"43079.023"	"3d7.(4P).4s"	"a 5P"	"2"	"3d6.(3P2).4s.4p.(3P*)"	"x 5P*"	"1"		"T5720"	"L11631"	
"394.35751"	"394.35742"	"510"	""		"31322.613"	"56673.145"	"3d6.(5D).4s.4p.(3P*)"	"z 3D*"	"3"	"3d6.4s.(6D).5d"	"5G"	"4"		""	"L11631"	
"394.47385"	"394.473766"	"437"	"1.3e+06"	E	"22946.816"	"48289.871"	"3d7.(4P).4s"	"b 3P"	"1"	"3d5.(6S).4s2.4p"	"v 5P*"	"1"		"T2578n"	"L11631"	
"394.48890"	"394.488896"	"2820"	"1.40e+06"	B	"24118.819"	"49460.902"	"3d6.4s2"	"b 3G"	"4"	"3d7.(2G).4p"	"v 3G*"	"5"		"T5720"	"L11631"	
""	"394.498096"	""	"5.70e+05"	D+	"26627.609"	"51969.101"	"3d7.(2H).4s"	"b 3H"	"4"	"3d7.(2P).4p"	"u 3D*"	"3"		"T6110"	""	
"394.51169"	"394.511687"	"5500"	"1.65e+06"	C+	"22249.429"	"47590.048"	"3d7.(2G).4s"	"a 3G"	"3"	"3d6.(3G).4s.4p.(3P*)"	"w 5G*"	"4"		"T5720"	"L11631"	
"394.69946"	"394.699457"	"3470"	"3.91e+06"	C+	"25899.989"	"51228.553"	"3d6.(5D).4s.4p.(3P*)"	"z 5D*"	"4"	"3d6.(5D).4s (6D).4d"	"e 7G"	"5"		"T5720"	"L11631"	
"394.73786"	"394.737625"	"398"	""		"19350.891"	"44677.006"	"3d6.(5D).4s.4p.(3P*)"	"z 7D*"	"5"	"3d6.(5D).4s (6D).5s"	"e 5D"	"4"		""	"L11631"	
"394.75306"	"394.753087"	"4270"	"5.12e+06"	B	"22838.323"	"48163.446"	"3d7.(4P).4s"	"b 3P"	"2"	"3d5.(6S).4s2.4p"	"v 5P*"	"2"		"T5720"	"L11631"	
"394.80970"	"394.809710"	"8300"	"1.31e+07"	B	"26140.179"	"51461.670"	"3d6.(5D).4s.4p.(3P*)"	"z 5D*"	"3"	"3d6.(5D).4s (6D).4d"	"f 5F"	"4"		"T5720"	"L11631"	
"394.8276"	"394.827673"	"269"	""		"26140.179"	"51460.518"	"3d6.(5D).4s.4p.(3P*)"	"z 5D*"	"3"	"3d6.(5D).4s (6D).4d"	"e 7G"	"3"		""	"L11631"	
"394.87746"	"394.87747"	"20400"	"2.08e+07"	B	"26351.040"	"51668.186"	"3d7.(2H).4s"	"b 3H"	"5"	"3d7.(2H).4p"	"u 3G*"	"4"		"T5720"	"L11631"	
"394.91412"	"394.91405"	"560"	"4.2e+06"	E	"27543.003"	"52857.804"	"3d7.(2P).4s"	"a 1P"	"1"	"3d7.(2D2).4p"	"t 3D*"	"1"		"T2578n"	"L11631"	
"394.99527"	"394.99525"	"29500"	"4.79e+06"	B	"17550.181"	"42859.778"	"3d7.(4P).4s"	"a 5P"	"3"	"3d6.(3P2).4s.4p.(3P*)"	"x 5P*"	"2"		"T5720"	"L11631"	
"395.0138"	"395.01382"	"760"	""		"28604.613"	"53913.020"	"3d7.(2D2).4s"	"a 1D"	"2"	"3d6.(3D).4s.4p.(3P*)"	"5D*"	"2"		""	"L11631"	
"395.11629"	"395.116320"	"15100"	"4.29e+07"	B	"26406.465"	"51708.307"	"3d7.(2D2).4s"	"a 3D"	"1"	"3d7.(2P).4p"	"y 1D*"	"2"		"T5720"	"L11631"	
"395.2601"	"395.260090"	"18200bl"	"2.97e+06"	B+	"21715.732"	"47008.371"	"3d7.(2G).4s"	"a 3G"	"5"	"3d6.(3H).4s.4p.(3P*)"	"z 3H*"	"5"		"T5720"	"L11631"	
"395.26955"	"395.269592"	"2040"	"3.48e+06"	D+	"22946.816"	"48238.847"	"3d7.(4P).4s"	"b 3P"	"1"	"3d6.(3G).4s.4p.(3P*)"	"v 5F*"	"2"		"T5720"	"L11631"	
"395.31511"	"395.315139"	"4680"	"2.97e+06"	C+	"24338.767"	"49627.884"	"3d6.4s2"	"b 3G"	"3"	"3d7.(2G).4p"	"v 3G*"	"4"		"T5720"	"L11631"	
"395.38574"	"395.385684"	"910"	"6.4e+05"	D	"22838.323"	"48122.928"	"3d7.(4P).4s"	"b 3P"	"2"	"3d6.(3G).4s.4p.(3P*)"	"v 5F*"	"3"		"T2578n"	"L11631"	
"395.4712"	"395.47119"	"457bl"	""		"26351.040"	"51630.178"	"3d7.(2H).4s"	"b 3H"	"5"	"3d6.(3H).4s.4p.(3P*)"	"1H*"	"5"		""	"L11631"	
"395.53410"	"395.534127"	"2400"	"1.5e+07"	D	"26479.381"	"51754.497"	"3d6.(5D).4s.4p.(3P*)"	"z 5D*"	"1"	"3d6.(5D).4s (6D).4d"	"f 5F"	"1"		"T2578n"	"L11631"	
"395.59552"	"395.595498"	"2570"	"4.19e+06"	B	"24772.018"	"50043.213"	"3d7.(2P).4s"	"c 3P"	"1"	"3d7.(2P).4p"	"w 3P*"	"1"		"T5720"	"L11631"	
"395.64551"	"395.645488"	"23400"	"1.76e+07"	B	"26105.908"	"51373.910"	"3d7.(2H).4s"	"b 3H"	"6"	"3d7.(2H).4p"	"u 3G*"	"5"		"T5720"	"L11631"	
"395.6677"	"395.66763"	"100000bl"	"1.22e+07"	B+	"21715.732"	"46982.320"	"3d7.(2G).4s"	"a 3G"	"5"	"3d6.(3H).4s.4p.(3P*)"	"z 3H*"	"6"		"T5720"	"L11631"	
"395.70181"	"395.701788"	"6800"	"1.67e+07"	B+	"26339.696"	"51604.103"	"3d6.(5D).4s.4p.(3P*)"	"z 5D*"	"2"	"3d6.(5D).4s (6D).4d"	"f 5F"	"3"		"T5720"	"L11631"	
"396.02789"	"396.027858"	"1000"	"4.10e+06"	C+	"29356.744"	"54600.350"	"3d6.4s2"	"b 3D"	"2"	"3d6.(3G).4s.4p.(3P*)"	"t 3G*"	"3"		"T5720"	"L11631"	
"396.11400"	"396.113928"	"1050"	"2.6e+06"	E	"23051.750"	"48289.871"	"3d7.(4P).4s"	"b 3P"	"0"	"3d5.(6S).4s2.4p"	"v 5P*"	"1"		"T2578n"	"L11631"	
"396.23517"	"396.235134"	"407"	"1.2e+06"	E	"26339.696"	"51570.097"	"3d6.(5D).4s.4p.(3P*)"	"z 5D*"	"2"	"3d6.(5D).4s (6D).4d"	"e 7S"	"3"		"T2578n"	"L11631"	
"396.31002"	"396.310030"	"5500"	"1.5e+07"	D+	"26479.381"	"51705.014"	"3d6.(5D).4s.4p.(3P*)"	"z 5D*"	"1"	"3d6.(5D).4s (6D).4d"	"f 5F"	"2"		"T2491n"	"L11631"	
"396.3432"	"396.342978"	"200"	""		"26406.465"	"51630.001"	"3d7.(2D2).4s"	"a 3D"	"1"	"3d6.(5D).4s (6D).5p"	"t 5D*"	"2"		""	"L11631"	
"396.45150"	"396.451526"	"1660"	"2.17e+06"	C+	"22946.816"	"48163.446"	"3d7.(4P).4s"	"b 3P"	"1"	"3d5.(6S).4s2.4p"	"v 5P*"	"2"		"T5720"	"L11631"	
"396.55086"	"396.550868"	"1150"	"7.85e+05"	C	"26140.179"	"51350.492"	"3d6.(5D).4s.4p.(3P*)"	"z 5D*"	"3"	"3d6.(5D).4s (4D).5s"	"g 5D"	"4"		"T5720"	"L11631"	
"396.5915"	"396.59152"	"324"	""		"33946.933"	"59154.662"	"3d6.(5D).4s.4p.(3P*)"	"z 3P*"	"2"	"3d6.4s.(4D).4d"	"3S"	"1"		""	"L11631"	
"396.60614"	"396.606119"	"19500"	"1.32e+06"	B+	"12968.554"	"38175.355"	"3d7.(4F).4s"	"a 3F"	"2"	"3d7.(4F).4p"	"y 3D*"	"3"		"T5720"	"L11631"	
"396.64992"	"396.649913"	"2630"	""		"26550.479"	"51754.497"	"3d6.(5D).4s.4p.(3P*)"	"z 5D*"	"0"	"3d6.(5D).4s (6D).4d"	"f 5F"	"1"		""	"L11631"	
"396.68097"	"396.681077"	"930"	"6.81e+05"	C	"26623.735"	"51825.773"	"3d7.(2D2).4s"	"a 3D"	"2"	"3d7.(2H).4p"	"u 3G*"	"3"		"T5720"	"L11631"	
"396.74204"	"396.742064"	"14800"	"1.52e+07"	B	"26627.609"	"51825.773"	"3d7.(2H).4s"	"b 3H"	"4"	"3d7.(2H).4p"	"u 3G*"	"3"		"T5720"	"L11631"	
"396.79611"	"396.796109"	"3720"	"6.09e+06"	B+	"26140.179"	"51334.911"	"3d6.(5D).4s.4p.(3P*)"	"z 5D*"	"3"	"3d6.(5D).4s (6D).4d"	"e 7G"	"4"		"T5720"	"L11631"	
"396.92570"	"396.925691"	"427000"	"2.26e+07"	B+	"11976.239"	"37162.746"	"3d7.(4F).4s"	"a 3F"	"4"	"3d7.(4F).4p"	"y 3F*"	"3"		"T5720"	"L11631"	
"396.96274"	"396.96276"	"3240"	""		"26224.969"	"51409.124"	"3d7.(2D2).4s"	"a 3D"	"3"	"3d6.(3G).4s.4p.(3P*)"	"x 3H*"	"4"		""	"L11631"	
"397.02605"	"397.02611"	"1620"	""		"28604.613"	"53784.750"	"3d7.(2D2).4s"	"a 1D"	"2"	"3d7.(4F).5p"	"5D*"	"3"		""	"L11631"	
"397.03888"	"397.03889"	"5400"	"3.9e+07"	E	"24772.018"	"49951.344"	"3d7.(2P).4s"	"c 3P"	"1"	"3d7.(2P).4p"	"w 3P*"	"0"		"T2578n"	"L11631"	
"397.13224"	"397.132205"	"13500"	"4.97e+06"	B	"21715.732"	"46889.142"	"3d7.(2G).4s"	"a 3G"	"5"	"3d6.(3F2).4s.4p.(3P*)"	"x 3F*"	"4"		"T5720"	"L11631"	
"397.2915"	"397.29115"	"355"	""		"28819.954"	"53983.293"	"3d7.(2H).4s"	"a 1H"	"5"	"3d6.(3G).4s.4p.(3P*)"	"t 3G*"	"5"		""	"L11631"	
"397.36490"	"397.36493"	"2400"	"5.81e+06"	B	"28604.613"	"53763.280"	"3d7.(2D2).4s"	"a 1D"	"2"	"3d7.(2D2).4p"	"x 1F*"	"3"		"T5720"	"L11631"	
"397.4256"	"397.42515"	"219"	""		"33507.123"	"58661.978"	"3d7.(4F).4p"	"y 5D*"	"3"	""	"58661e"	"4"		""	"L11631"	
"397.43805"	"397.438009"	"500"	"8.2e+05"	E	"26140.179"	"51294.220"	"3d6.(5D).4s.4p.(3P*)"	"z 5D*"	"3"	"3d6.(5D).4s (4D).5s"	"e 3D"	"3"		"T2578n"	"L11631"	
"397.47573"	"397.47593"	"720"	"3.44e+05"	C+	"17927.382"	"43079.023"	"3d7.(4P).4s"	"a 5P"	"1"	"3d6.(3P2).4s.4p.(3P*)"	"x 5P*"	"1"		"T5720"	"L11631"	
"397.52053"	"397.520300"	"490"	"1.2e+05"	D	"19912.495"	"45061.329"	"3d6.(5D).4s.4p.(3P*)"	"z 7D*"	"2"	"3d6.(5D).4s (6D).5s"	"e 5D"	"3"		"T2578n"	"L11631"	
"397.58410"	"397.58420"	"363"	""		"28604.613"	"53749.405"	"3d7.(2D2).4s"	"a 1D"	"2"	"3d6.(3G).4s.4p.(3P*)"	"3F*"	"2"		""	"L11631"	
"397.6385"	"397.638461"	"1100bl"	"3.98e+05"	C	"24335.766"	"49477.127"	"3d7.(2P).4s"	"c 3P"	"2"	"3d6.(3F2).4s.4p.(3P*)"	"1F*"	"3"		"T5720"	"L11631"	
"397.65460"	"397.654579"	"680"	""		"26224.969"	"51365.311"	"3d7.(2D2).4s"	"a 3D"	"3"	"3d7.(2D2).4p"	"v 3F*"	"3"		""	"L11631"	
"397.6613"	"397.661301"	"3800bl"	"1.20e+07"	C+	"27543.003"	"52682.920"	"3d7.(2P).4s"	"a 1P"	"1"	"3d7.(2D2).4p"	"t 3D*"	"2"		"T5720"	"L11631"	
"397.6861"	"397.685932"	"3020bl*"	""		"24338.767"	"49477.127"	"3d6.4s2"	"b 3G"	"3"	"3d6.(3F2).4s.4p.(3P*)"	"1F*"	"3"		""	"L11631"	
"397.6861"	"397.686232"	"3020bl*"	""		"26623.735"	"51762.076"	"3d7.(2D2).4s"	"a 3D"	"2"	"3d6.(3H).4s.4p.(3P*)"	"x 1D*"	"2"		""	"L11631"	
"397.77407"	"397.77407"	"38000"	"6.41e+06"	B	"17726.988"	"42859.778"	"3d7.(4P).4s"	"a 5P"	"2"	"3d6.(3P2).4s.4p.(3P*)"	"x 5P*"	"2"		"T5720"	"L11631"	
"397.8456"	"397.845749"	"229"	""		"22838.323"	"47966.585"	"3d7.(4P).4s"	"b 3P"	"2"	"3d5.(6S).4s2.4p"	"v 5P*"	"3"		""	"L11631"	
"398.17708"	"398.177060"	"17400"	"3.57e+06"	B	"21999.130"	"47106.484"	"3d7.(2G).4s"	"a 3G"	"4"	"3d6.(3H).4s.4p.(3P*)"	"z 3H*"	"4"		"T5720"	"L11631"	
"398.39561"	"398.395594"	"18200"	"5.72e+06"	B	"21999.130"	"47092.712"	"3d7.(2G).4s"	"a 3G"	"4"	"3d6.(3F2).4s.4p.(3P*)"	"x 3F*"	"3"		"T5720"	"L11631"	
"398.4934"	"398.49343"	"282"	""		"26479.381"	"51566.802"	"3d6.(5D).4s.4p.(3P*)"	"z 5D*"	"1"	"3d6.(5D).4s (6D).4d"	"e 7G"	"1"		""	"L11631"	
"398.53157"	"398.531577"	"417"	""		"20641.110"	"45726.130"	"3d6.4s2"	"b 3F2"	"4"	"3d6.(3F2).4s.4p.(3P*)"	"x 5G*"	"5"		""	"L11631"	
"398.53870"	"398.538695"	"2630"	"8.53e+06"	B	"26623.735"	"51708.307"	"3d7.(2D2).4s"	"a 3D"	"2"	"3d7.(2P).4p"	"y 1D*"	"2"		"T5720"	"L11631"	
"398.61714"	"398.617150"	"7400"	""		"26224.969"	"51304.604"	"3d7.(2D2).4s"	"a 3D"	"3"	"3d7.(2D2).4p"	"v 3F*"	"4"		""	"L11631"	
"398.98569"	"398.985748"	"1350"	"5.3e+06"	D	"28604.613"	"53661.079"	"3d7.(2D2).4s"	"a 1D"	"2"	"3d7.(4F).5p"	"5F*"	"3"		"T2578n"	"L11631"	
"399.03731"	"399.037300"	"2340"	"1.43e+06"	B	"24574.655"	"49627.884"	"3d7.(2G).4s"	"a 1G"	"4"	"3d7.(2G).4p"	"v 3G*"	"4"		"T5720"	"L11631"	
"399.3617"	"399.36152"	"680"	""		"33946.933"	"58979.823"	"3d6.(5D).4s.4p.(3P*)"	"z 3P*"	"2"	"3d6.4s.(4D).4d"	"3D"	"2"		""	"L11631"	
"399.41129"	"399.41127"	"2140"	"9.22e+05"	C+	"24574.655"	"49604.427"	"3d7.(2G).4s"	"a 1G"	"4"	"3d7.(2G).4p"	"y 3H*"	"5"		"T5720"	"L11631"	
"399.52044"	"399.52042"	"331"	""		"33095.941"	"58118.875"	"3d7.(4F).4p"	"y 5D*"	"4"	"3d6.4s.(4D).4d"	"5F"	"4"		""	"L11631"	
"399.5861"	"399.58613"	"257"	""		"33946.933"	"58965.752"	"3d6.(5D).4s.4p.(3P*)"	"z 3P*"	"2"	"3d6.4s.(4D).4d"	"3D"	"1"		""	"L11631"	
"399.59833"	"399.598289"	"3630"	"1.60e+06"	B	"21999.130"	"47017.188"	"3d7.(2G).4s"	"a 3G"	"4"	"3d7.(4P).4p"	"w 3D*"	"3"		"T5720"	"L11631"	
"399.69636"	"399.69635"	"2240"	"7.95e+06"	C+	"29798.936"	"54810.856"	"3d6.4s2"	"b 1G2"	"4"	"3d6.(3G).4s.4p.(3P*)"	"w 1G*"	"4"		"T5720"	"L11631"	
"399.73919"	"399.739170"	"76000"	"1.26e+07"	B+	"21999.130"	"47008.371"	"3d7.(2G).4s"	"a 3G"	"4"	"3d6.(3H).4s.4p.(3P*)"	"z 3H*"	"5"		"T5720"	"L11631"	
"399.74835"	"399.748313"	"710"	""		"26140.179"	"51148.848"	"3d6.(5D).4s.4p.(3P*)"	"z 5D*"	"3"	"3d6.(5D).4s (6D).4d"	"e 7F"	"3"		""	"L11631"	
"399.80525"	"399.805211"	"17400"	"5.70e+06"	B	"21715.732"	"46720.842"	"3d7.(2G).4s"	"a 3G"	"5"	"3d7.(4P).4p"	"u 5D*"	"4"		"T5720"	"L11631"	
"400.0252"	"400.025248"	"457bl"	"2.2e+06"	E	"26339.696"	"51331.052"	"3d6.(5D).4s.4p.(3P*)"	"z 5D*"	"2"	"3d6.(5D).4s (6D).4d"	"e 7F"	"2"		"T2578n"	"L11631"	
"400.04570"	"400.045722"	"1480"	"1.01e+06"	C+	"24118.819"	"49108.896"	"3d6.4s2"	"b 3G"	"4"	"3d7.(2G).4p"	"w 3F*"	"4"		"T5720"	"L11631"	
"400.16615"	"400.166094"	"4470"	"7.47e+05"	C+	"17550.181"	"42532.741"	"3d7.(4P).4s"	"a 5P"	"3"	"3d6.(3P2).4s.4p.(3P*)"	"x 5P*"	"3"		"T5720"	"L11631"	
"400.26606"	"400.26607"	"407"	""		"26224.969"	"51201.289"	"3d7.(2D2).4s"	"a 3D"	"3"	"3d7.(2D2).4p"	"v 3F*"	"2"		""	"L11631"	
"400.37616"	"400.37614"	"760"	"6.76e+06"	C	"27543.003"	"52512.457"	"3d7.(2P).4s"	"a 1P"	"1"	"3d7.(2P).4p"	"u 3D*"	"1"		"T5720"	"L11631"	
"400.48272"	"400.48270"	"3470"	""		"26105.908"	"51068.718"	"3d7.(2H).4s"	"b 3H"	"6"	"3d6.(3G).4s.4p.(3P*)"	"x 3H*"	"5"		""	"L11631"	
"400.49782"	"400.49780"	"930"	""		"24335.766"	"49297.635"	"3d7.(2P).4s"	"c 3P"	"2"	"3d6.(3F2).4s.4p.(3P*)"	"v 3D*"	"1"		""	"L11631"	
"400.52417"	"400.524148"	"209000"	"2.04e+07"	A	"12560.934"	"37521.161"	"3d7.(4F).4s"	"a 3F"	"3"	"3d7.(4F).4p"	"y 3F*"	"2"		"T3831"	"L11631"	
"400.53858"	"400.538478"	"309"	""		"19552.478"	"44511.812"	"3d6.4s2"	"a 3P2"	"1"	"3d7.(4P).4p"	"y 5S*"	"2"		""	"L11631"	
"400.5482"	"400.54800"	"650bl"	""		"20874.482"	"45833.223"	"3d6.4s2"	"b 3F2"	"3"	"3d6.(3F2).4s.4p.(3P*)"	"x 5G*"	"4"		""	"L11631"	
"400.61574"	"400.615684"	"186"	""		"26339.696"	"51294.220"	"3d6.(5D).4s.4p.(3P*)"	"z 5D*"	"2"	"3d6.(5D).4s (4D).5s"	"e 3D"	"3"		""	"L11631"	
"400.63105"	"400.631097"	"4790"	"5.1e+06"	D	"26351.040"	"51304.604"	"3d7.(2H).4s"	"b 3H"	"5"	"3d7.(2D2).4p"	"v 3F*"	"4"		"T2578n"	"L11631"	
"400.66240"	"400.66241"	"2820"	"5.89e+06"	B	"25091.599"	"50043.213"	"3d7.(2P).4s"	"c 3P"	"0"	"3d7.(2P).4p"	"w 3P*"	"1"		"T5720"	"L11631"	
"400.72718"	"400.727179"	"6600"	"4.40e+06"	B	"22249.429"	"47197.010"	"3d7.(2G).4s"	"a 3G"	"3"	"3d6.(3F2).4s.4p.(3P*)"	"x 3F*"	"2"		"T5720"	"L11631"	
"400.9542"	"400.954312"	"89bl"	""		"25899.989"	"50833.438"	"3d6.(5D).4s.4p.(3P*)"	"z 5D*"	"4"	"3d6.(5D).4s (6D).4d"	"e 7F"	"5"		""	"L11631"	
"400.97125"	"400.97125"	"20900"	"4.64e+06"	B	"17927.382"	"42859.778"	"3d7.(4P).4s"	"a 5P"	"1"	"3d6.(3P2).4s.4p.(3P*)"	"x 5P*"	"2"		"T5720"	"L11631"	
"401.01761"	"401.017377"	"120"	"7.9e+05"	E	"29371.812"	"54301.340"	"3d6.4s2"	"b 3D"	"3"	"3d6.(3D).4s.4p.(3P*)"	"5D*"	"4"		"T2578n"	"L11631"	
"401.0748"	"401.07462"	"437"	""		"21038.987"	"45964.957"	"3d6.4s2"	"b 3F2"	"2"	"3d6.(3F2).4s.4p.(3P*)"	"x 5G*"	"2"		""	"L11631"	
"401.14072"	"401.140701"	"1000"	"2.26e+05"	B	"20641.110"	"45562.974"	"3d6.4s2"	"b 3F2"	"4"	"3d6.(3H).4s.4p.(3P*)"	"y 3G*"	"3"		"T5720"	"L11631"	
"401.17110"	"401.171125"	"257"	"1.1e+05"	D	"19757.032"	"44677.006"	"3d6.(5D).4s.4p.(3P*)"	"z 7D*"	"3"	"3d6.(5D).4s (6D).5s"	"e 5D"	"4"		"T2578n"	"L11631"	
"401.21488"	"401.21492"	"309"	""		"26105.908"	"51023.162"	"3d7.(2H).4s"	"b 3H"	"6"	"3d6.(3G).4s.4p.(3P*)"	"x 3H*"	"6"		""	"L11631"	
"401.36392"	"401.363855"	"347"	""		"25899.989"	"50807.997"	"3d6.(5D).4s.4p.(3P*)"	"z 5D*"	"4"	"3d6.(5D).4s (6D).4d"	"f 7D"	"4"		""	"L11631"	
"401.37815"	"401.378165"	"810"	"4.19e+05"	C	"24335.766"	"49242.886"	"3d7.(2P).4s"	"c 3P"	"2"	"3d7.(2G).4p"	"w 3F*"	"3"		"T5720"	"L11631"	
"401.38246"	"401.382435"	"2340"	""		"24335.766"	"49242.621"	"3d7.(2P).4s"	"c 3P"	"2"	"3d6.(3F2).4s.4p.(3P*)"	"v 3D*"	"2"		""	"L11631"	
"401.42649"	"401.426533"	"324"	""		"24338.767"	"49242.886"	"3d6.4s2"	"b 3G"	"3"	"3d7.(2G).4p"	"w 3F*"	"3"		""	"L11631"	
"401.45306"	"401.453083"	"29500"	"1.53e+07"	C+	"24574.655"	"49477.127"	"3d7.(2G).4s"	"a 1G"	"4"	"3d6.(3F2).4s.4p.(3P*)"	"1F*"	"3"		"T5720"	"L11631"	
"401.4878"	"401.48799"	"219bl"	""		"31307.245"	"56207.552"	"3d6.(5D).4s.4p.(3P*)"	"z 3F*"	"4"	"3d6.4s.(6D).5d"	"5D"	"4"		""	"L11631"	
"401.5606"	"401.56053"	"620bl"	""		"33695.397"	"58591.206"	"3d7.(4F).4p"	"y 5F*"	"5"	"3d7.(4F).5d"	"5F"	"5"		""	"L11631"	
"401.64191"	"401.641920"	"710"	""		"26479.381"	"51370.145"	"3d6.(5D).4s.4p.(3P*)"	"z 5D*"	"1"	"3d6.(5D).4s (6D).4d"	"e 5G"	"2"		""	"L11631"	
"401.70832"	"401.708236"	"680"	"8.42e+05"	C	"22249.429"	"47136.084"	"3d7.(2G).4s"	"a 3G"	"3"	"3d7.(4P).4p"	"w 3D*"	"2"		"T5720"	"L11631"	
"401.71483"	"401.714822"	"3800"	"3.25e+06"	B+	"24574.655"	"49460.902"	"3d7.(2G).4s"	"a 1G"	"4"	"3d7.(2G).4p"	"v 3G*"	"5"		"T5720"	"L11631"	
"401.74616"	"401.74630"	"389"	""		"33946.933"	"58831.230"	"3d6.(5D).4s.4p.(3P*)"	"z 3P*"	"2"	""	"58831e"	"3"		""	"L11631"	
"401.82673"	"401.826688"	"1410"	"3.44e+06"	B	"26339.696"	"51219.015"	"3d6.(5D).4s.4p.(3P*)"	"z 5D*"	"2"	"3d6.(5D).4s (6D).4d"	"e 5G"	"3"		"T5720"	"L11631"	
"401.90417"	"401.90437"	"204"	"1.1e+05"	E	"21038.987"	"45913.497"	"3d6.4s2"	"b 3F2"	"2"	"3d6.(3F2).4s.4p.(3P*)"	"x 5G*"	"3"		"T2578n"	"L11631"	
"402.0483"	"402.048342"	"363"	"8.2e+05"	E	"29371.812"	"54237.415"	"3d6.4s2"	"b 3D"	"3"	"3d6.(3G).4s.4p.(3P*)"	"t 3G*"	"4"		"T2578n"	"L11631"	
"402.16025"	"402.160281"	"89"	""		"19552.478"	"44411.160"	"3d6.4s2"	"a 3P2"	"1"	"3d6.(3P2).4s.4p.(3P*)"	"w 5D*"	"1"		""	"L11631"	
"402.1866"	"402.186604"	"37200bl"	"8.55e+06"	B	"22249.429"	"47106.484"	"3d7.(2G).4s"	"a 3G"	"3"	"3d6.(3H).4s.4p.(3P*)"	"z 3H*"	"4"		"T5720"	"L11631"	
"402.22124"	"402.221217"	"269"	""		"22838.323"	"47693.239"	"3d7.(4P).4s"	"b 3P"	"2"	"3d6.(3G).4s.4p.(3P*)"	"w 5G*"	"3"		""	"L11631"	
"402.2735"	"402.273738"	"437bl*"	""		"26479.381"	"51331.052"	"3d6.(5D).4s.4p.(3P*)"	"z 5D*"	"1"	"3d6.(5D).4s (6D).4d"	"e 7F"	"2"		""	"L11631"	
"402.2735"	"402.273932"	"437bl*"	""		"26224.969"	"51076.628"	"3d7.(2D2).4s"	"a 3D"	"3"	"3d6.(5D).4s (6D).5p"	"t 5D*"	"4"		""	"L11631"	
"402.40960"	"402.409563"	"780"	"1.07e+05"	C	"22249.429"	"47092.712"	"3d7.(2G).4s"	"a 3G"	"3"	"3d6.(3F2).4s.4p.(3P*)"	"x 3F*"	"3"		"T5720"	"L11631"	
"402.47248"	"402.472471"	"5100"	"8.09e+06"	B	"26140.179"	"50979.579"	"3d6.(5D).4s.4p.(3P*)"	"z 5D*"	"3"	"3d6.(5D).4s (6D).4d"	"e 5G"	"4"		"T5720"	"L11631"	
"402.96290"	"402.963187"	"1660"	""		"26339.696"	"51148.848"	"3d6.(5D).4s.4p.(3P*)"	"z 5D*"	"2"	"3d6.(5D).4s (6D).4d"	"e 7F"	"3"		""	"L11631"	
"403.01846"	"403.018404"	"1200"	"2.85e+05"	C+	"17726.988"	"42532.741"	"3d7.(4P).4s"	"a 5P"	"2"	"3d6.(3P2).4s.4p.(3P*)"	"x 5P*"	"3"		"T5720"	"L11631"	
"403.04883"	"403.048821"	"7900"	"1.04e+07"	B	"25899.989"	"50703.870"	"3d6.(5D).4s.4p.(3P*)"	"z 5D*"	"4"	"3d6.(5D).4s (6D).4d"	"e 5G"	"5"		"T5720"	"L11631"	
"403.08902"	"403.088913"	"479"	"5.02e+06"	C+	"29798.936"	"54600.350"	"3d6.4s2"	"b 1G2"	"4"	"3d6.(3G).4s.4p.(3P*)"	"t 3G*"	"3"		"T5720"	"L11631"	
"403.12400"	"403.123974"	"170"	""		"24335.766"	"49135.023"	"3d7.(2P).4s"	"c 3P"	"2"	"3d6.(3F2).4s.4p.(3P*)"	"v 3D*"	"3"		""	"L11631"	
"403.17277"	"403.172764"	"263"	""		"24338.767"	"49135.023"	"3d6.4s2"	"b 3G"	"3"	"3d6.(3F2).4s.4p.(3P*)"	"v 3D*"	"3"		""	"L11631"	
"403.19604"	"403.19605"	"5800"	"7.6e+06"	D+	"26406.465"	"51201.289"	"3d7.(2D2).4s"	"a 3D"	"1"	"3d7.(2D2).4p"	"v 3F*"	"2"		"T2491n"	"L11631"	
"403.24556"	"403.24541"	"447"	""		"34362.873"	"59154.662"	"3d6.(5D).4s.4p.(3P*)"	"z 3P*"	"1"	"3d6.4s.(4D).4d"	"3S"	"1"		""	"L11631"	
"403.26272"	"403.262684"	"2000"	"2.46e+05"	D+	"11976.239"	"36766.966"	"3d7.(4F).4s"	"a 3F"	"4"	"3d6.(5D).4s.4p.(1P*)"	"y 5P*"	"3"		"T5720"	"L11631"	
"403.31861"	"403.318569"	"660"	"8.40e+04"	C+	"20641.110"	"45428.402"	"3d6.4s2"	"b 3F2"	"4"	"3d6.(3H).4s.4p.(3P*)"	"y 3G*"	"4"		"T5720"	"L11631"	
"403.55941"	"403.5594"	"191"	""		"34039.516"	"58812.015"	"3d7.(4F).4p"	"y 5F*"	"4"	"3d7.(4F).5d"	"3G"	"5"		""	"L11631"	
"403.6366"	"403.636651"	"219"	"9.6e+04"	E	"22249.429"	"47017.188"	"3d7.(2G).4s"	"a 3G"	"3"	"3d7.(4P).4p"	"w 3D*"	"3"		"T2578n"	"L11631"	
"403.87896"	"403.878924"	"457"	""		"28604.613"	"53357.515"	"3d7.(2D2).4s"	"a 1D"	"2"	"3d6.(3G).4s.4p.(3P*)"	"3F*"	"3"		""	"L11631"	
"403.9938"	"403.993810"	"219"	""		"21999.130"	"46744.993"	"3d7.(2G).4s"	"a 3G"	"4"	"3d7.(4P).4p"	"u 5D*"	"3"		""	"L11631"	
"404.06379"	"404.063812"	"2880"	"4.8e+06"	D+	"26623.735"	"51365.311"	"3d7.(2D2).4s"	"a 3D"	"2"	"3d7.(2D2).4p"	"v 3F*"	"3"		"T2491n"	"L11631"	
"404.1271"	"404.127091"	"910bl*"	""		"26627.609"	"51365.311"	"3d7.(2H).4s"	"b 3H"	"4"	"3d7.(2D2).4p"	"v 3F*"	"3"		""	"L11631"	
"404.1271"	"404.127843"	"910bl*"	""		"26623.735"	"51361.391"	"3d7.(2D2).4s"	"a 3D"	"2"	"3d6.(5D).4s (6D).5p"	"t 5D*"	"3"		""	"L11631"	
"404.16489"	"404.16488"	"195"	""		"33946.933"	"58682.322"	"3d6.(5D).4s.4p.(3P*)"	"z 3P*"	"2"	"3d6.4s.(4D).4d"	"3D"	"3"		""	"L11631"	
""	"404.388486"	"m"	""		"21999.130"	"46720.842"	"3d7.(2G).4s"	"a 3G"	"4"	"3d7.(4P).4p"	"u 5D*"	"4"		""	"L11631"	
"404.38964"	"404.389713"	"2690"	"8.69e+06"	D+	"26140.179"	"50861.816"	"3d6.(5D).4s.4p.(3P*)"	"z 5D*"	"3"	"3d6.(5D).4s (6D).4d"	"f 7D"	"3"		"T5720"	"L11631"	
"404.39767"	"404.397712"	"660"	""		"26140.179"	"50861.327"	"3d6.(5D).4s.4p.(3P*)"	"z 5D*"	"3"	"3d6.(5D).4s (6D).4d"	"e 7P"	"2"		""	"L11631"	
"404.44906"	"404.44920"	"166"	""		"33095.941"	"57813.942"	"3d7.(4F).4p"	"y 5D*"	"4"	"3d6.(5D).4s (4D).4d"	"i 5D"	"3"		""	"L11631"	
"404.45444"	"404.45449"	"398"	""		"26351.040"	"51068.718"	"3d7.(2H).4s"	"b 3H"	"5"	"3d6.(3G).4s.4p.(3P*)"	"x 3H*"	"5"		""	"L11631"	
"404.46089"	"404.460883"	"6800"	"8.17e+06"	B	"22838.323"	"47555.610"	"3d7.(4P).4s"	"b 3P"	"2"	"3d7.(4P).4p"	"y 3S*"	"1"		"T5720"	"L11631"	
"404.51116"	"404.51122"	"510"	""		"34362.873"	"59077.084"	"3d6.(5D).4s.4p.(3P*)"	"z 3P*"	"1"	""	"59077e"	"1"		""	"L11631"	
"404.55936"	"404.559336"	"3470"	"7.39e+06"	C	"25899.989"	"50611.261"	"3d6.(5D).4s.4p.(3P*)"	"z 5D*"	"4"	"3d6.(5D).4s (6D).4d"	"e 7P"	"3"		"T5720"	"L11631"	
"404.58122"	"404.581193"	"1000000"	"8.62e+07"	A	"11976.239"	"36686.176"	"3d7.(4F).4s"	"a 3F"	"4"	"3d7.(4F).4p"	"y 3F*"	"4"		"T3831"	"L11631"	
"404.60620"	"404.606181"	"1620"	"6.85e+06"	C+	"26339.696"	"51048.107"	"3d6.(5D).4s.4p.(3P*)"	"z 5D*"	"2"	"3d6.(5D).4s (6D).4d"	"f 7D"	"1"		"T5720"	"L11631"	
"404.73037"	"404.73025"	"288"	"2.15e+05"	C	"18378.186"	"43079.023"	"3d6.4s2"	"a 3P2"	"2"	"3d6.(3P2).4s.4p.(3P*)"	"x 5P*"	"1"		"T5720"	"L11631"	
"404.93267"	"404.932629"	"1410"	"2.11e+05"	B	"20874.482"	"45562.974"	"3d6.4s2"	"b 3F2"	"3"	"3d6.(3H).4s.4p.(3P*)"	"y 3G*"	"3"		"T5720"	"L11631"	
"405.06739"	"405.06732"	"229"	""		"33801.572"	"58481.855"	"3d7.(4F).4p"	"y 5D*"	"2"	"3d6.4s.(4D).4d"	"5P"	"3"		""	"L11631"	
"405.19051"	"405.190535"	"870"	"3.3e+06"	D	"27394.691"	"52067.469"	"3d6.(5D).4s.4p.(3P*)"	"z 5F*"	"3"	"3d6.(5D).4s (6D).4d"	"e 5P"	"2"		"T2578n"	"L11631"	
"405.20130"	"405.20131"	"295"	""		"26351.040"	"51023.162"	"3d7.(2H).4s"	"b 3H"	"5"	"3d6.(3G).4s.4p.(3P*)"	"x 3H*"	"6"		""	"L11631"	
"405.22952"	"405.229296"	"479"	""		"27166.820"	"51837.238"	"3d6.(5D).4s.4p.(3P*)"	"z 5F*"	"4"	"3d6.(5D).4s (6D).4d"	"e 5P"	"3"		""	"L11631"	
"405.24404"	"405.243900"	"324"	""		"26479.381"	"51148.910"	"3d6.(5D).4s.4p.(3P*)"	"z 5D*"	"1"	"3d6.(5D).4s (6D).4d"	"e 5S"	"2"		""	"L11631"	
"405.26528"	"405.265223"	"407"	""		"24574.655"	"49242.886"	"3d7.(2G).4s"	"a 1G"	"4"	"3d7.(2G).4p"	"w 3F*"	"3"		""	"L11631"	
"405.27224"	"405.272009"	"186"	""		"26140.179"	"50807.997"	"3d6.(5D).4s.4p.(3P*)"	"z 5D*"	"3"	"3d6.(5D).4s (6D).4d"	"f 7D"	"4"		""	"L11631"	
"405.41768"	"405.417774"	"257"	"7.7e+05"	D	"26339.696"	"50998.645"	"3d6.(5D).4s.4p.(3P*)"	"z 5D*"	"2"	"3d6.(5D).4s (6D).4d"	"f 7D"	"2"		"T2578n"	"L11631"	
"405.48053"	"405.480541"	"1660"	""		"27394.691"	"52049.823"	"3d6.(5D).4s.4p.(3P*)"	"z 5F*"	"3"	"3d6.(5D).4s (4D).5s"	"g 5D"	"2"		""	"L11631"	
"405.48666"	"405.486626"	"1320"	"9.61e+06"	B	"27559.583"	"52214.345"	"3d6.(5D).4s.4p.(3P*)"	"z 5F*"	"2"	"3d6.(5D).4s (4D).5s"	"g 5D"	"1"		"T6110"	"L11631"	
"405.50352"	"405.503501"	"4790"	"4.43e+05"	B+	"20641.110"	"45294.846"	"3d6.4s2"	"b 3F2"	"4"	"3d6.(3H).4s.4p.(3P*)"	"y 3G*"	"5"		"T5720"	"L11631"	
"405.63446"	"405.63459"	"141"	""		"29371.812"	"54017.581"	"3d6.4s2"	"b 3D"	"3"	"3d7.(4F).5p"	"3G*"	"4"		""	"L11631"	
"405.73433"	"405.734287"	"1050"	"4.95e+05"	C	"22249.429"	"46889.142"	"3d7.(2G).4s"	"a 3G"	"3"	"3d6.(3F2).4s.4p.(3P*)"	"x 3F*"	"4"		"T5720"	"L11631"	
"405.8217"	"405.821663"	"2240bl"	"4.47e+06"	C+	"25899.989"	"50534.397"	"3d6.(5D).4s.4p.(3P*)"	"z 5D*"	"4"	"3d6.(5D).4s (6D).4d"	"f 5D"	"3"		"T5720"	"L11631"	
"405.87537"	"405.875343"	"1230"	"6.52e+05"	C	"19552.478"	"44183.628"	"3d6.4s2"	"a 3P2"	"1"	"3d6.(3P2).4s.4p.(3P*)"	"w 5D*"	"2"		"T5720"	"L11631"	
"405.97133"	"405.97130"	"980"	"5.71e+06"	C+	"28604.613"	"53229.941"	"3d7.(2D2).4s"	"a 1D"	"2"	"3d7.(2D2).4p"	"v 3P*"	"1"		"T5720"	"L11631"	
"406.10963"	"406.10947"	"191"	""		"34362.873"	"58979.823"	"3d6.(5D).4s.4p.(3P*)"	"z 3P*"	"1"	"3d6.4s.(4D).4d"	"3D"	"2"		""	"L11631"	
"406.19543"	"406.19524"	"245"	""		"33507.123"	"58118.875"	"3d7.(4F).4p"	"y 5D*"	"3"	"3d6.4s.(4D).4d"	"5F"	"4"		""	"L11631"	
"406.24406"	"406.244071"	"15100"	"1.85e+07"	C+	"22946.816"	"47555.610"	"3d7.(4P).4s"	"b 3P"	"1"	"3d7.(4P).4p"	"y 3S*"	"1"		"T5720"	"L11631"	
"406.32754"	"406.327571"	"4070"	""		"27166.820"	"51770.557"	"3d6.(5D).4s.4p.(3P*)"	"z 5F*"	"4"	"3d6.(5D).4s (4D).5s"	"g 5D"	"3"		""	"L11631"	
"406.34166"	"406.34174"	"200"	""		"34362.873"	"58965.752"	"3d6.(5D).4s.4p.(3P*)"	"z 3P*"	"1"	"3d6.4s.(4D).4d"	"3D"	"1"		""	"L11631"	
"406.35939"	"406.359365"	"830000"	"6.65e+07"	B+	"12560.934"	"37162.746"	"3d7.(4F).4s"	"a 3F"	"3"	"3d7.(4F).4p"	"y 3F*"	"3"		"T5720"	"L11631"	
"406.44490"	"406.444945"	"550"	""		"12560.934"	"37157.566"	"3d7.(4F).4s"	"a 3F"	"3"	"3d6.(5D).4s.4p.(1P*)"	"y 5P*"	"2"		""	"L11631"	
"406.53809"	"406.538067"	"930"	"1.7e+07"	D+	"27666.348"	"52257.346"	"3d6.(5D).4s.4p.(3P*)"	"z 5F*"	"1"	"3d6.(5D).4s (4D).5s"	"g 5D"	"0"		"T2491n"	"L11631"	
"406.65850"	"406.658491"	"2450"	"1.17e+06"	B	"24118.819"	"48702.535"	"3d6.4s2"	"b 3G"	"4"	"3d6.(3H).4s.4p.(3P*)"	"y 1G*"	"4"		"T5720"	"L11631"	
"406.69739"	"406.697402"	"13800"	""		"22838.323"	"47419.687"	"3d7.(4P).4s"	"b 3P"	"2"	"3d6.(3P2).4s.4p.(3P*)"	"1D*"	"2"		""	"L11631"	
"406.72709"	"406.727070"	"8300"	"2.19e+06"	B	"20641.110"	"45220.681"	"3d6.4s2"	"b 3F2"	"4"	"3d6.(3P2).4s.4p.(3P*)"	"x 3D*"	"3"		"T4293"	"L11631"	
"406.74869"	"406.748716"	"145"	""		"23783.619"	"48361.882"	"3d6.4s2"	"b 3G"	"5"	"3d6.(3G).4s.4p.(3P*)"	"y 5H*"	"4"		""	"L11631"	
"406.79775"	"406.797774"	"10500"	"1.51e+07"	B	"25899.989"	"50475.288"	"3d6.(5D).4s.4p.(3P*)"	"z 5D*"	"4"	"3d6.(5D).4s (6D).4d"	"e 7P"	"4"		"T5720"	"L11631"	
"406.9067"	"406.906609"	"195"	"1.9e+06"	D	"26479.381"	"51048.107"	"3d6.(5D).4s.4p.(3P*)"	"z 5D*"	"1"	"3d6.(5D).4s (6D).4d"	"f 7D"	"1"		"T2578n"	"L11631"	
"407.07705"	"407.077024"	"5000"	"1.1e+07"	D+	"26140.179"	"50698.620"	"3d6.(5D).4s.4p.(3P*)"	"z 5D*"	"3"	"3d6.(5D).4s (6D).4d"	"f 5D"	"2"		"T2491n"	"L11631"	
"407.15198"	"407.151979"	"3470"	"4.28e+05"	B+	"20874.482"	"45428.402"	"3d6.4s2"	"b 3F2"	"3"	"3d6.(3H).4s.4p.(3P*)"	"y 3G*"	"4"		"T5720"	"L11631"	
"407.17377"	"407.173752"	"710000"	"7.64e+07"	A	"12968.554"	"37521.161"	"3d7.(4F).4s"	"a 3F"	"2"	"3d7.(4F).4p"	"y 3F*"	"2"		"T3831"	"L11631"	
"407.25021"	"407.250219"	"780"	"4.88e+06"	B	"27666.348"	"52214.345"	"3d6.(5D).4s.4p.(3P*)"	"z 5F*"	"1"	"3d6.(5D).4s (4D).5s"	"g 5D"	"1"		"T6110"	"L11631"	
"407.37620"	"407.376195"	"3550"	"1.68e+07"	B	"26339.696"	"50880.102"	"3d6.(5D).4s.4p.(3P*)"	"z 5D*"	"2"	"3d6.(5D).4s (6D).4d"	"f 5D"	"1"		"T5720"	"L11631"	
"407.4786"	"407.478563"	"7200bl"	"3.43e+06"	C+	"24574.655"	"49108.896"	"3d7.(2G).4s"	"a 1G"	"4"	"3d7.(2G).4p"	"w 3F*"	"4"		"T5720"	"L11631"	
"407.62177"	"407.62185"	"890"	"1.4e+06"	E	"24772.018"	"49297.635"	"3d7.(2P).4s"	"c 3P"	"1"	"3d6.(3F2).4s.4p.(3P*)"	"v 3D*"	"1"		"T2578n"	"L11631"	
"407.64895"	"407.648942"	"2950"	"4.43e+05"	B	"21038.987"	"45562.974"	"3d6.4s2"	"b 3F2"	"2"	"3d6.(3H).4s.4p.(3P*)"	"y 3G*"	"3"		"T5720"	"L11631"	
"407.66288"	"407.662889"	"11200"	"1.32e+07"	B	"25899.989"	"50423.137"	"3d6.(5D).4s.4p.(3P*)"	"z 5D*"	"4"	"3d6.(5D).4s (6D).4d"	"f 5D"	"4"		"T5720"	"L11631"	
"407.67997"	"407.679979"	"1260"	"3.81e+06"	D+	"26339.696"	"50861.816"	"3d6.(5D).4s.4p.(3P*)"	"z 5D*"	"2"	"3d6.(5D).4s (6D).4d"	"f 7D"	"3"		"T5720"	"L11631"	
"407.68808"	"407.688109"	"195"	""		"26339.696"	"50861.327"	"3d6.(5D).4s.4p.(3P*)"	"z 5D*"	"2"	"3d6.(5D).4s (6D).4d"	"e 7P"	"2"		""	"L11631"	
"407.83536"	"407.835319"	"5400"	"4.55e+06"	B+	"21038.987"	"45551.767"	"3d6.4s2"	"b 3F2"	"2"	"3d6.(3P2).4s.4p.(3P*)"	"x 3D*"	"1"		"T5720"	"L11631"	
"407.91678"	"407.916762"	"540"	"5.4e+06"	E	"27559.583"	"52067.469"	"3d6.(5D).4s.4p.(3P*)"	"z 5F*"	"2"	"3d6.(5D).4s (6D).4d"	"e 5P"	"2"		"T2578n"	"L11631"	
"407.98377"	"407.983784"	"4570"	"5.83e+06"	B	"23051.750"	"47555.610"	"3d7.(4P).4s"	"b 3P"	"0"	"3d7.(4P).4p"	"y 3S*"	"1"		"T5720"	"L11631"	
"408.02089"	"408.02090"	"1820"	"2.3e+07"	D	"26479.381"	"50981.012"	"3d6.(5D).4s.4p.(3P*)"	"z 5D*"	"1"	"3d6.(5D).4s (6D).4d"	"f 5D"	"0"		"T2491n"	"L11631"	
"408.08766"	"408.087574"	"398"	"2.3e+06"	D	"26550.479"	"51048.107"	"3d6.(5D).4s.4p.(3P*)"	"z 5D*"	"0"	"3d6.(5D).4s (6D).4d"	"f 7D"	"1"		"T2578n"	"L11631"	
"408.12673"	"408.12663"	"151"	""		"34017.103"	"58512.387"	"3d7.(4F).4p"	"y 5D*"	"1"	"3d6.4s.(4D).4d"	"5F"	"2"		""	"L11631"	
"408.21076"	"408.210685"	"720"	"2.5e+06"	D	"27559.583"	"52049.823"	"3d6.(5D).4s.4p.(3P*)"	"z 5F*"	"2"	"3d6.(5D).4s (4D).5s"	"g 5D"	"2"		"T2578n"	"L11631"	
"408.24243"	"408.24252"	"347"	"4.0e+06"	E	"29320.026"	"53808.356"	"3d6.4s2"	"b 3D"	"1"	"3d7.(2P).4p"	"x 3S*"	"1"		"T2578n"	"L11631"	
"408.35489"	"408.35489"	"1020"	"1.84e+05"	C	"18378.186"	"42859.778"	"3d6.4s2"	"a 3P2"	"2"	"3d6.(3P2).4s.4p.(3P*)"	"x 5P*"	"2"		"T5720"	"L11631"	
"408.37629"	"408.376288"	"810"	""		"27559.583"	"52039.892"	"3d6.(5D).4s.4p.(3P*)"	"z 5F*"	"2"	"3d6.(5D).4s (4D).5s"	"e 3D"	"1"		""	"L11631"	
"408.44913"	"408.449152"	"7100"	"8.66e+06"	C+	"26874.550"	"51350.492"	"3d6.(5D).4s.4p.(3P*)"	"z 5F*"	"5"	"3d6.(5D).4s (4D).5s"	"g 5D"	"4"		"T5720"	"L11631"	
"408.50038"	"408.500408"	"7800"	"4.7e+06"	D	"22946.816"	"47419.687"	"3d7.(4P).4s"	"b 3P"	"1"	"3d6.(3P2).4s.4p.(3P*)"	"1D*"	"2"		"T2578n"	"L11631"	
"408.52480"	"408.524747"	"363"	""		"22249.429"	"46720.842"	"3d7.(2G).4s"	"a 3G"	"3"	"3d7.(4P).4p"	"u 5D*"	"4"		""	"L11631"	
"408.53028"	"408.530273"	"5000"	"8.92e+06"	C+	"26140.179"	"50611.261"	"3d6.(5D).4s.4p.(3P*)"	"z 5D*"	"3"	"3d6.(5D).4s (6D).4d"	"e 7P"	"3"		"T5720"	"L11631"	
"408.5984"	"408.59820"	"331"	"5.1e+06"	E	"33507.123"	"57974.137"	"3d7.(4F).4p"	"y 5D*"	"3"	"3d6.(5D).4s (4D).4d"	"i 5D"	"2"		"T2578n"	"L11631"	
"408.70936"	"408.709336"	"1050"	"1.9e+06"	D	"26874.550"	"51334.911"	"3d6.(5D).4s.4p.(3P*)"	"z 5F*"	"5"	"3d6.(5D).4s (6D).4d"	"e 7G"	"4"		"T2491n"	"L11631"	
"408.8204"	"408.81998"	"30"	""		"36079.372"	"60533.113"	"3d7.(4F).4p"	"z 3G*"	"3"	"3d6.(5D).4p2.(3P)"	"7F"	"2"		""	"L11631"	
"408.85565"	"408.85558"	"560"	"4.2e+06"	D	"29356.744"	"53808.356"	"3d6.4s2"	"b 3D"	"2"	"3d7.(2P).4p"	"x 3S*"	"1"		"T2578n"	"L11631"	
"408.92166"	"408.921655"	"2290"	"3.45e+05"	C+	"23783.619"	"48231.280"	"3d6.4s2"	"b 3G"	"5"	"3d6.(3G).4s.4p.(3P*)"	"y 5H*"	"5"		"T5720"	"L11631"	
"409.00724"	"409.007214"	"398"	"1.0e+06"	D	"27394.691"	"51837.238"	"3d6.(5D).4s.4p.(3P*)"	"z 5F*"	"3"	"3d6.(5D).4s (6D).4d"	"e 5P"	"3"		"T2578n"	"L11631"	
"409.09533"	"409.095319"	"468"	"1.1e+06"	D	"27166.820"	"51604.103"	"3d6.(5D).4s.4p.(3P*)"	"z 5F*"	"4"	"3d6.(5D).4s (6D).4d"	"f 5F"	"3"		"T2578n"	"L11631"	
"409.15528"	"409.155244"	"690"	"1.14e+06"	B	"22838.323"	"47272.027"	"3d7.(4P).4s"	"b 3P"	"2"	"3d7.(4P).4p"	"w 3D*"	"1"		"T6110"	"L11631"	
"409.22767"	"409.22768"	"540"	""		"29320.026"	"53749.405"	"3d6.4s2"	"b 3D"	"1"	"3d6.(3G).4s.4p.(3P*)"	"3F*"	"2"		""	"L11631"	
"409.25057"	"409.25068"	"309"	""		"29356.744"	"53784.750"	"3d6.4s2"	"b 3D"	"2"	"3d7.(4F).5p"	"5D*"	"3"		""	"L11631"	
"409.59705"	"409.597024"	"5600"	"2.65e+06"	B+	"20874.482"	"45281.833"	"3d6.4s2"	"b 3F2"	"3"	"3d6.(3P2).4s.4p.(3P*)"	"x 3D*"	"2"		"T5720"	"L11631"	
"409.61069"	"409.61070"	"760"	""		"29356.744"	"53763.280"	"3d6.4s2"	"b 3D"	"2"	"3d7.(2D2).4p"	"x 1F*"	"3"		""	"L11631"	
"409.62100"	"409.620856"	"468"	""		"7728.060"	"32133.991"	"3d7.(4F).4s"	"a 5F"	"3"	"3d6.(5D).4s.4p.(3P*)"	"z 3F*"	"2"		""	"L11631"	
"409.6690"	"409.66917"	"100"	""		"29320.026"	"53723.079"	"3d6.4s2"	"b 3D"	"1"	"3d6.(3D).4s.4p.(3P*)"	"5F*"	"2"		""	"L11631"	
"409.6950"	"409.694921"	"209"	""		"19621.006"	"44022.525"	"3d6.4s2"	"a 3H"	"5"	"3d6.(3F2).4s.4p.(3P*)"	"v 5D*"	"4"		""	"L11631"	
"409.7017"	"409.701603"	"141"	""		"27666.348"	"52067.469"	"3d6.(5D).4s.4p.(3P*)"	"z 5F*"	"1"	"3d6.(5D).4s (6D).4d"	"e 5P"	"2"		""	"L11631"	
"409.70831"	"409.708319"	"500"	"2.9e+06"	E	"26479.381"	"50880.102"	"3d6.(5D).4s.4p.(3P*)"	"z 5D*"	"1"	"3d6.(5D).4s (6D).4d"	"f 5D"	"1"		"T2578n"	"L11631"	
"409.81755"	"409.817542"	"3800"	"7.49e+06"	B	"26140.179"	"50534.397"	"3d6.(5D).4s.4p.(3P*)"	"z 5D*"	"3"	"3d6.(5D).4s (6D).4d"	"f 5D"	"3"		"T5720"	"L11631"	
"410.0347"	"410.03476"	"240"	""		"34328.752"	"58710.047"	"3d7.(4F).4p"	"y 5F*"	"3"	"3d6.(5D).4s (4D).4d"	"g 5G"	"3"		""	"L11631"	
"410.07376"	"410.073752"	"10000"	"2.92e+04"	A	"6928.268"	"31307.245"	"3d7.(4F).4s"	"a 5F"	"5"	"3d6.(5D).4s.4p.(3P*)"	"z 3F*"	"4"		"T3548"	"L11631"	
"410.12608"	"410.126090"	"1150"	"2.6e+06"	D	"27394.691"	"51770.557"	"3d6.(5D).4s.4p.(3P*)"	"z 5F*"	"3"	"3d6.(5D).4s (4D).5s"	"g 5D"	"3"		"T2491n"	"L11631"	
"410.1652"	"410.165162"	"234"	""		"27666.348"	"52039.892"	"3d6.(5D).4s.4p.(3P*)"	"z 5F*"	"1"	"3d6.(5D).4s (4D).5s"	"e 3D"	"1"		""	"L11631"	
"410.1685"	"410.16853"	"214"	"3.9e+05"	E	"20037.816"	"44411.160"	"3d6.4s2"	"a 3P2"	"0"	"3d6.(3P2).4s.4p.(3P*)"	"w 5D*"	"1"		"T2578n"	"L11631"	
"410.3613"	"410.36106"	"89"	""		"26224.969"	"50586.878"	"3d7.(2D2).4s"	"a 3D"	"3"	"3d7.(2G).4p"	"z 1F*"	"3"		""	"L11631"	
"410.41133"	"410.411344"	"1700"	""		"26339.696"	"50698.620"	"3d6.(5D).4s.4p.(3P*)"	"z 5D*"	"2"	"3d6.(5D).4s (6D).4d"	"f 5D"	"2"		""	"L11631"	
"410.41536"	"410.415337"	"580"	""		"22838.323"	"47197.010"	"3d7.(4P).4s"	"b 3P"	"2"	"3d6.(3F2).4s.4p.(3P*)"	"x 3F*"	"2"		""	"L11631"	
"410.4460"	"410.44601"	"204"	""		"24118.819"	"48475.686"	"3d6.4s2"	"b 3G"	"4"	"3d6.(3G).4s.4p.(3P*)"	"y 5H*"	"3"		""	"L11631"	
"410.4940"	"410.494274"	"158"	"2.6e+05"	D	"26874.550"	"51228.553"	"3d6.(5D).4s.4p.(3P*)"	"z 5F*"	"5"	"3d6.(5D).4s (6D).4d"	"e 7G"	"5"		"T2578n"	"L11631"	
"410.62585"	"410.625858"	"930"	"3.3e+05"	E	"20874.482"	"45220.681"	"3d6.4s2"	"b 3F2"	"3"	"3d6.(3P2).4s.4p.(3P*)"	"x 3D*"	"3"		"T2578n"	"L11631"	
"410.64226"	"410.642219"	"930"	"2.52e+06"	C+	"27394.691"	"51739.920"	"3d6.(5D).4s.4p.(3P*)"	"z 5F*"	"3"	"3d6.(5D).4s (4D).5s"	"e 3D"	"2"		"T5720"	"L11631"	
"410.74881"	"410.748817"	"14500"	"1.74e+07"	B	"22838.323"	"47177.234"	"3d7.(4P).4s"	"b 3P"	"2"	"3d7.(4P).4p"	"u 5D*"	"1"		"T5720"	"L11631"	
"410.8133"	"410.812992"	"158"	"3.5e+05"	E	"26140.179"	"50475.288"	"3d6.(5D).4s.4p.(3P*)"	"z 5D*"	"3"	"3d6.(5D).4s (6D).4d"	"e 7P"	"4"		"T2578n"	"L11631"	
"410.90558"	"410.905627"	"950"	"3.62e+06"	C	"26550.479"	"50880.102"	"3d6.(5D).4s.4p.(3P*)"	"z 5D*"	"0"	"3d6.(5D).4s (6D).4d"	"f 5D"	"1"		"T5720"	"L11631"	
"410.98015"	"410.980156"	"11500"	"1.51e+07"	B	"22946.816"	"47272.027"	"3d7.(4P).4s"	"b 3P"	"1"	"3d7.(4P).4p"	"w 3D*"	"1"		"T5720"	"L11631"	
"411.23182"	"411.231852"	"580"	"1.5e+06"	D	"27394.691"	"51705.014"	"3d6.(5D).4s.4p.(3P*)"	"z 5F*"	"3"	"3d6.(5D).4s (6D).4d"	"f 5F"	"2"		"T2578n"	"L11631"	
"411.2912"	"411.29114"	"120"	""		"33507.123"	"57813.942"	"3d7.(4F).4p"	"y 5D*"	"3"	"3d6.(5D).4s (4D).4d"	"i 5D"	"3"		""	"L11631"	
"411.29586"	"411.29584"	"1120"	"1.1e+07"	D	"33695.397"	"58001.938"	"3d7.(4F).4p"	"y 5F*"	"5"	"3d6.(5D).4s (4D).4d"	"g 5G"	"6"		"T2491n"	"L11631"	
"411.44447"	"411.444464"	"5200"	"3.92e+06"	C+	"22838.323"	"47136.084"	"3d7.(4P).4s"	"b 3P"	"2"	"3d7.(4P).4p"	"w 3D*"	"2"		"T5720"	"L11631"	
"411.49374"	"411.493764"	"740"	"1.57e+06"	C+	"27166.820"	"51461.670"	"3d6.(5D).4s.4p.(3P*)"	"z 5F*"	"4"	"3d6.(5D).4s (6D).4d"	"f 5F"	"4"		"T5720"	"L11631"	
"411.5136"	"411.513277"	"110"	""		"27166.820"	"51460.518"	"3d6.(5D).4s.4p.(3P*)"	"z 5F*"	"4"	"3d6.(5D).4s (6D).4d"	"e 7G"	"3"		""	"L11631"	
"411.78526"	"411.785216"	"389"	""		"27559.583"	"51837.238"	"3d6.(5D).4s.4p.(3P*)"	"z 5F*"	"2"	"3d6.(5D).4s (6D).4d"	"e 5P"	"3"		""	"L11631"	
"411.85447"	"411.85443"	"47900"	"4.96e+07"	B	"28819.954"	"53093.529"	"3d7.(2H).4s"	"a 1H"	"5"	"3d7.(2H).4p"	"1I*"	"6"		"T5720"	"L11631"	
"411.88865"	"411.888540"	"282"	"1.9e+06"	E	"26339.696"	"50611.261"	"3d6.(5D).4s.4p.(3P*)"	"z 5D*"	"2"	"3d6.(5D).4s (6D).4d"	"e 7P"	"3"		"T2578n"	"L11631"	
"412.02062"	"412.020628"	"6500"	"1.93e+06"	B	"24118.819"	"48382.603"	"3d6.4s2"	"b 3G"	"4"	"3d7.(2G).4p"	"z 1H*"	"5"		"T5720"	"L11631"	
"412.18024"	"412.180229"	"5900"	"1.99e+06"	B	"22838.323"	"47092.712"	"3d7.(4P).4s"	"b 3P"	"2"	"3d6.(3F2).4s.4p.(3P*)"	"x 3F*"	"3"		"T5720"	"L11631"	
"412.25152"	"412.251533"	"4790"	"3.23e+06"	B	"22946.816"	"47197.010"	"3d7.(4P).4s"	"b 3P"	"1"	"3d6.(3F2).4s.4p.(3P*)"	"x 3F*"	"2"		"T5720"	"L11631"	
"412.37280"	"412.372797"	"3390"	"6.04e+05"	B	"24118.819"	"48361.882"	"3d6.4s2"	"b 3G"	"4"	"3d6.(3G).4s.4p.(3P*)"	"y 5H*"	"4"		"T5720"	"L11631"	
"412.37658"	"412.376489"	"950"	""		"21038.987"	"45281.833"	"3d6.4s2"	"b 3F2"	"2"	"3d6.(3P2).4s.4p.(3P*)"	"x 3D*"	"2"		""	"L11631"	
"412.4487"	"412.448728"	"100"	""		"29371.812"	"53610.412"	"3d6.4s2"	"b 3D"	"3"	"3d7.(4F).5p"	"5D*"	"4"		""	"L11631"	
"412.5617"	"412.56199"	"363bl"	"9.9e+06"	E	"34039.516"	"58271.462"	"3d7.(4F).4p"	"y 5F*"	"4"	"3d6.(5D).4s (4D).4d"	"g 5G"	"5"		"T2578n"	"L11631"	
"412.58801"	"412.588004"	"910"	"7.96e+05"	C	"22946.816"	"47177.234"	"3d7.(4P).4s"	"b 3P"	"1"	"3d7.(4P).4p"	"u 5D*"	"1"		"T5720"	"L11631"	
"412.61824"	"412.618265"	"2880"	"4.2e+06"	D	"26874.550"	"51103.191"	"3d6.(5D).4s.4p.(3P*)"	"z 5F*"	"5"	"3d6.(5D).4s (6D).4d"	"f 5F"	"5"		"T2578n"	"L11631"	
"412.6854"	"412.68514"	"240"	"1.3e+06"	D	"22946.816"	"47171.531"	"3d7.(4P).4s"	"b 3P"	"1"	"3d7.(4P).4p"	"u 5D*"	"0"		"T2578n"	"L11631"	
"412.76075"	"412.760758"	"11000"	"1.43e+07"	B	"23051.750"	"47272.027"	"3d7.(4P).4s"	"b 3P"	"0"	"3d7.(4P).4p"	"w 3D*"	"1"		"T5720"	"L11631"	
"412.77840"	"412.778449"	"690"	""		"26479.381"	"50698.620"	"3d6.(5D).4s.4p.(3P*)"	"z 5D*"	"1"	"3d6.(5D).4s (6D).4d"	"f 5D"	"2"		""	"L11631"	
"412.78125"	"412.781278"	"2290"	""		"27543.003"	"51762.076"	"3d7.(2P).4s"	"a 1P"	"1"	"3d6.(3H).4s.4p.(3P*)"	"x 1D*"	"2"		""	"L11631"	
"412.9461"	"412.946006"	"234"	"6.5e+05"	E	"27394.691"	"51604.103"	"3d6.(5D).4s.4p.(3P*)"	"z 5F*"	"3"	"3d6.(5D).4s (6D).4d"	"f 5F"	"3"		"T2578n"	"L11631"	
"413.0036"	"413.00360"	"295bl*"	""		"25091.599"	"49297.635"	"3d7.(2P).4s"	"c 3P"	"0"	"3d6.(3F2).4s.4p.(3P*)"	"v 3D*"	"1"		""	"L11631"	
"413.0036"	"413.003668"	"295bl*"	""		"12560.934"	"36766.966"	"3d7.(4F).4s"	"a 3F"	"3"	"3d6.(5D).4s.4p.(1P*)"	"y 5P*"	"3"		""	"L11631"	
"413.19351"	"413.193455"	"380"	""		"27559.583"	"51754.497"	"3d6.(5D).4s.4p.(3P*)"	"z 5F*"	"2"	"3d6.(5D).4s (6D).4d"	"f 5F"	"1"		""	"L11631"	
"413.1972"	"413.197092"	"324"	""		"26339.696"	"50534.397"	"3d6.(5D).4s.4p.(3P*)"	"z 5D*"	"2"	"3d6.(5D).4s (6D).4d"	"f 5D"	"3"		""	"L11631"	
"413.20579"	"413.205785"	"224000"	"1.18e+07"	B+	"12968.554"	"37162.746"	"3d7.(4F).4s"	"a 3F"	"2"	"3d7.(4F).4p"	"y 3F*"	"3"		"T5720"	"L11631"	
"413.25326"	"413.25329"	"427"	""		"34328.752"	"58520.163"	"3d7.(4F).4p"	"y 5F*"	"3"	"3d6.(5D).4s (4D).4d"	"g 5G"	"4"		""	"L11631"	
"413.28989"	"413.289900"	"11700"	"7.70e+06"	B	"22946.816"	"47136.084"	"3d7.(4P).4s"	"b 3P"	"1"	"3d7.(4P).4p"	"w 3D*"	"2"		"T5720"	"L11631"	
"413.38554"	"413.385535"	"1620"	"2.12e+06"	C+	"27166.820"	"51350.492"	"3d6.(5D).4s.4p.(3P*)"	"z 5F*"	"4"	"3d6.(5D).4s (4D).5s"	"g 5D"	"4"		"T5720"	"L11631"	
"413.43360"	"413.433575"	"1170"	"1.06e+03"	C+	"0.000"	"24180.862"	"3d6.4s2"	"a 5D"	"4"	"3d6.(5D).4s.4p.(3P*)"	"z 7P*"	"3"		"T5720"	"L11631"	
"413.4420"	"413.441953"	"1410bl*"	"2.62e+06"	C+	"24335.766"	"48516.138"	"3d7.(2P).4s"	"c 3P"	"2"	"3d7.(4P).4p"	"x 3P*"	"1"		"T5720"	"L11631"	
"413.4420"	"413.442551"	"1410bl*"	""		"27559.583"	"51739.920"	"3d6.(5D).4s.4p.(3P*)"	"z 5F*"	"2"	"3d6.(5D).4s (4D).5s"	"e 3D"	"2"		""	"L11631"	
"413.46773"	"413.467722"	"26900"	"1.25e+07"	C+	"22838.323"	"47017.188"	"3d7.(4P).4s"	"b 3P"	"2"	"3d7.(4P).4p"	"w 3D*"	"3"		"T5720"	"L11631"	
"413.65211"	"413.652047"	"620"	"1.32e+06"	C	"27166.820"	"51334.911"	"3d6.(5D).4s.4p.(3P*)"	"z 5F*"	"4"	"3d6.(5D).4s (6D).4d"	"e 7G"	"4"		"T5720"	"L11631"	
"413.69974"	"413.699755"	"9300"	"2.75e+07"	B	"27543.003"	"51708.307"	"3d7.(2P).4s"	"a 1P"	"1"	"3d7.(2P).4p"	"y 1D*"	"2"		"T5720"	"L11631"	
"413.99270"	"413.992679"	"2950"	"1.83e+04"	A	"7985.785"	"32133.991"	"3d7.(4F).4s"	"a 5F"	"2"	"3d6.(5D).4s.4p.(3P*)"	"z 3F*"	"2"		"T3548"	"L11631"	
"414.0402"	"414.040259"	"560bl"	""		"27559.583"	"51705.014"	"3d6.(5D).4s.4p.(3P*)"	"z 5F*"	"2"	"3d6.(5D).4s (6D).4d"	"f 5F"	"2"		""	"L11631"	
"414.18630"	"414.18628"	"2400"	"6.57e+05"	B	"24338.767"	"48475.686"	"3d6.4s2"	"b 3G"	"3"	"3d6.(3G).4s.4p.(3P*)"	"y 5H*"	"3"		"T5720"	"L11631"	
"414.2589"	"414.25874"	"282"	"7.5e+06"	E	"34692.148"	"58824.845"	"3d7.(4F).4p"	"y 5F*"	"1"	"3d6.(5D).4s (4D).4d"	"g 5G"	"2"		"T2578n"	"L11631"	
"414.34143"	"414.341445"	"63000"	"2.70e+07"	B	"24574.655"	"48702.535"	"3d7.(2G).4s"	"a 1G"	"4"	"3d6.(3H).4s.4p.(3P*)"	"y 1G*"	"4"		"T5720"	"L11631"	
"414.34969"	"414.349688"	"930"	""		"27166.820"	"51294.220"	"3d6.(5D).4s.4p.(3P*)"	"z 5F*"	"4"	"3d6.(5D).4s (4D).5s"	"e 3D"	"3"		""	"L11631"	
"414.38678"	"414.386752"	"363000"	"1.33e+07"	B+	"12560.934"	"36686.176"	"3d7.(4F).4s"	"a 3F"	"3"	"3d7.(4F).4p"	"y 3F*"	"4"		"T5720"	"L11631"	
"414.5199"	"414.51993"	"240"	"7.8e+04"	E	"21715.732"	"45833.223"	"3d7.(2G).4s"	"a 3G"	"5"	"3d6.(3F2).4s.4p.(3P*)"	"x 5G*"	"4"		"T2578n"	"L11631"	
"414.60639"	"414.606405"	"3240"	"3.78e+05"	C+	"24118.819"	"48231.280"	"3d6.4s2"	"b 3G"	"4"	"3d6.(3G).4s.4p.(3P*)"	"y 5H*"	"5"		"T5720"	"L11631"	
"414.73418"	"414.734238"	"229"	""		"26874.550"	"50979.579"	"3d6.(5D).4s.4p.(3P*)"	"z 5F*"	"5"	"3d6.(5D).4s (6D).4d"	"e 5G"	"4"		""	"L11631"	
"414.76687"	"414.766863"	"6900"	"4.36e+05"	A	"11976.239"	"36079.372"	"3d7.(4F).4s"	"a 3F"	"4"	"3d7.(4F).4p"	"z 3G*"	"3"		"T3831"	"L11631"	
"414.93648"	"414.936469"	"3720"	"4.23e+06"	C	"26874.550"	"50967.831"	"3d6.(5D).4s.4p.(3P*)"	"z 5F*"	"5"	"3d6.(5D).4s (6D).4d"	"e 7G"	"6"		"T5720"	"L11631"	
"414.97607"	"414.976032"	"263"	""		"415.933"	"24506.917"	"3d6.4s2"	"a 5D"	"3"	"3d6.(5D).4s.4p.(3P*)"	"z 7P*"	"2"		""	"L11631"	
"415.02488"	"415.024873"	"1410"	"7.7e+06"	D	"27666.348"	"51754.497"	"3d6.(5D).4s.4p.(3P*)"	"z 5F*"	"1"	"3d6.(5D).4s (6D).4d"	"f 5F"	"1"		"T2578n"	"L11631"	
"415.0447"	"415.044706"	"95"	""		"27543.003"	"51630.001"	"3d7.(2P).4s"	"a 1P"	"1"	"3d6.(5D).4s (6D).5p"	"t 5D*"	"2"		""	"L11631"	
"415.1760"	"415.17638"	"79"	""		"34039.516"	"58118.875"	"3d7.(4F).4p"	"y 5F*"	"4"	"3d6.4s.(4D).4d"	"5F"	"4"		""	"L11631"	
"415.19446"	"415.194518"	"790"	""		"28604.613"	"52682.920"	"3d7.(2D2).4s"	"a 1D"	"2"	"3d7.(2D2).4p"	"t 3D*"	"2"		""	"L11631"	
"415.21689"	"415.216867"	"7800"	"3.24e+04"	A	"7728.060"	"31805.071"	"3d7.(4F).4s"	"a 5F"	"3"	"3d6.(5D).4s.4p.(3P*)"	"z 3F*"	"3"		"T3548"	"L11631"	
"415.33868"	"415.33862"	"680"	""		"19390.168"	"43460.121"	"3d6.4s2"	"a 3H"	"6"	"3d6.(3H).4s.4p.(3P*)"	"z 5I*"	"5"		""	"L11631"	
""	"415.372136"	""	"1.6e-02"	E	"704.007"	"24772.018"	"3d6.4s2"	"a 5D"	"2"	"3d7.(2P).4s"	"c 3P"	"1"	M1	"T6409"	""	
"415.38994"	"415.389948"	"12300"	"2.05e+07"	B+	"27394.691"	"51461.670"	"3d6.(5D).4s.4p.(3P*)"	"z 5F*"	"3"	"3d6.(5D).4s (6D).4d"	"f 5F"	"4"		"T5720"	"L11631"	
"415.40982"	"415.409833"	"760"	""		"27394.691"	"51460.518"	"3d6.(5D).4s.4p.(3P*)"	"z 5F*"	"3"	"3d6.(5D).4s (6D).4d"	"e 7G"	"3"		""	"L11631"	
"415.44984"	"415.449849"	"18600"	"2.64e+07"	B	"22838.323"	"46901.832"	"3d7.(4P).4s"	"b 3P"	"2"	"3d6.(3P2).4s.4p.(3P*)"	"y 3P*"	"1"		"T5720"	"L11631"	
"415.48052"	"415.480514"	"10500"	"1.40e+07"	B	"27166.820"	"51228.553"	"3d6.(5D).4s.4p.(3P*)"	"z 5F*"	"4"	"3d6.(5D).4s (6D).4d"	"e 7G"	"5"		"T5720"	"L11631"	
"415.6454"	"415.645278"	"219"	""		"27166.820"	"51219.015"	"3d6.(5D).4s.4p.(3P*)"	"z 5F*"	"4"	"3d6.(5D).4s (6D).4d"	"e 5G"	"3"		""	"L11631"	
"415.66711"	"415.667123"	"2450"	"5.27e+05"	B	"23783.619"	"47834.550"	"3d6.4s2"	"b 3G"	"5"	"3d6.(3F2).4s.4p.(3P*)"	"x 3G*"	"5"		"T5720"	"L11631"	
"415.67985"	"415.679861"	"19100"	"1.20e+07"	B	"22838.323"	"46888.517"	"3d7.(4P).4s"	"b 3P"	"2"	"3d7.(4P).4p"	"u 5D*"	"2"		"T5720"	"L11631"	
"415.77798"	"415.777954"	"8300"	"2.18e+07"	B+	"27559.583"	"51604.103"	"3d6.(5D).4s.4p.(3P*)"	"z 5F*"	"2"	"3d6.(5D).4s (6D).4d"	"f 5F"	"3"		"T5720"	"L11631"	
"415.87922"	"415.879208"	"4170"	"1.6e+07"	D	"27666.348"	"51705.014"	"3d6.(5D).4s.4p.(3P*)"	"z 5F*"	"1"	"3d6.(5D).4s (6D).4d"	"f 5F"	"2"		"T2578n"	"L11631"	
"416.05519"	"416.055180"	"288"	""		"23783.619"	"47812.118"	"3d6.4s2"	"b 3G"	"5"	"3d6.(3F2).4s.4p.(3P*)"	"x 3G*"	"4"		""	"L11631"	
"416.10766"	"416.107929"	"123"	"9.5e+05"	D	"27166.820"	"51192.273"	"3d6.(5D).4s.4p.(3P*)"	"z 5F*"	"4"	"3d6.(5D).4s (6D).4d"	"e 7F"	"4"		"T2578n"	"L11631"	
"416.14842"	"416.148427"	"1100"	"3.01e+05"	B	"24338.767"	"48361.882"	"3d6.4s2"	"b 3G"	"3"	"3d6.(3G).4s.4p.(3P*)"	"y 5H*"	"4"		"T5720"	"L11631"	
"416.3676"	"416.368842"	"363"	""		"21715.732"	"45726.130"	"3d7.(2G).4s"	"a 3G"	"5"	"3d6.(3F2).4s.4p.(3P*)"	"x 5G*"	"5"		""	"L11631"	
"416.4781"	"416.477932"	"930"	""		"24118.819"	"48122.928"	"3d6.4s2"	"b 3G"	"4"	"3d6.(3G).4s.4p.(3P*)"	"v 5F*"	"3"		""	"L11631"	
"416.5358"	"416.535856"	"200"	""		"29356.744"	"53357.515"	"3d6.4s2"	"b 3D"	"2"	"3d6.(3G).4s.4p.(3P*)"	"3F*"	"3"		""	"L11631"	
"416.54175"	"416.54177"	"447"	""		"29313.008"	"53313.438"	"3d6.4s2"	"a 1I"	"6"	"3d6.(3G).4s.4p.(3P*)"	"y 1H*"	"5"		""	"L11631"	
"416.78584"	"416.78587"	"1050"	"5.85e+05"	C	"26627.609"	"50613.983"	"3d7.(2H).4s"	"b 3H"	"4"	"3d6.(3F2).4s.4p.(3P*)"	"x 1G*"	"4"		"T5720"	"L11631"	
"416.79549"	"416.79560"	"650"	""		"29798.936"	"53784.750"	"3d6.4s2"	"b 1G2"	"4"	"3d7.(4F).5p"	"5D*"	"3"		""	"L11631"	
"416.86145"	"416.861404"	"282"	"6.8e+05"	D	"27166.820"	"51148.848"	"3d6.(5D).4s.4p.(3P*)"	"z 5F*"	"4"	"3d6.(5D).4s (6D).4d"	"e 7F"	"3"		"T2578n"	"L11631"	
"416.89413"	"416.894277"	"417"	"1.9e+06"	D	"27559.583"	"51539.720"	"3d6.(5D).4s.4p.(3P*)"	"z 5F*"	"2"	"3d6.(5D).4s (6D).4d"	"e 7G"	"2"		"T2578n"	"L11631"	
"416.9756"	"416.975708"	"263"	"1.0e+06"	D	"27394.691"	"51370.145"	"3d6.(5D).4s.4p.(3P*)"	"z 5F*"	"3"	"3d6.(5D).4s (6D).4d"	"e 5G"	"2"		"T2578n"	"L11631"	
"417.09015"	"417.090127"	"5100"	"6.29e+06"	C+	"24335.766"	"48304.643"	"3d7.(2P).4s"	"c 3P"	"2"	"3d7.(4P).4p"	"x 3P*"	"2"		"T5720"	"L11631"	
"417.10404"	"417.1044"	"1550"	""		"34843.957"	"58812.015"	"3d7.(4F).4p"	"z 5G*"	"6"	"3d7.(4F).5d"	"3G"	"5"		""	"L11631"	
"417.16905"	"417.16902"	"930"	"2.01e+06"	C	"29798.936"	"53763.280"	"3d6.4s2"	"b 1G2"	"4"	"3d7.(2D2).4p"	"x 1F*"	"3"		"T5720"	"L11631"	
"417.18990"	"417.18993"	"1350"	"1.09e+06"	C+	"26623.735"	"50586.878"	"3d7.(2D2).4s"	"a 3D"	"2"	"3d7.(2G).4p"	"z 1F*"	"3"		"T5720"	"L11631"	
"417.20391"	""	"2950"	""		""	""	""	""	""	""	""	""		""	"L11631"	
"417.21219"	"417.212183"	"6600"	"9.80e+06"	C+	"26224.969"	"50186.834"	"3d7.(2D2).4s"	"a 3D"	"3"	"3d7.(2P).4p"	"w 3P*"	"2"		"T5720"	"L11631"	
"417.2573"	"417.25739"	"158"	""		"26627.609"	"50586.878"	"3d7.(2H).4s"	"b 3H"	"4"	"3d7.(2G).4p"	"z 1F*"	"3"		""	"L11631"	
"417.26405"	"417.264025"	"1290"	"2.24e+06"	B	"26874.550"	"50833.438"	"3d6.(5D).4s.4p.(3P*)"	"z 5F*"	"5"	"3d6.(5D).4s (6D).4d"	"e 7F"	"5"		"T5720"	"L11631"	
"417.27445"	"417.274423"	"11500"	"6.46e+04"	A	"7728.060"	"31686.351"	"3d7.(4F).4s"	"a 5F"	"3"	"3d6.(5D).4s.4p.(3P*)"	"z 3D*"	"2"		"T3548"	"L11631"	
"417.2962"	"417.29632"	"209"	""		"34017.103"	"57974.137"	"3d7.(4F).4p"	"y 5D*"	"1"	"3d6.(5D).4s (4D).4d"	"i 5D"	"2"		""	"L11631"	
"417.3181"	"417.317796"	"158"	""		"27394.691"	"51350.492"	"3d6.(5D).4s.4p.(3P*)"	"z 5F*"	"3"	"3d6.(5D).4s (4D).5s"	"g 5D"	"4"		""	"L11631"	
"417.33148"	"417.331471"	"1580"	"2.63e+06"	C+	"22946.816"	"46901.832"	"3d7.(4P).4s"	"b 3P"	"1"	"3d6.(3P2).4s.4p.(3P*)"	"y 3P*"	"1"		"T5720"	"L11631"	
"417.3472"	"417.347343"	"520"	""		"24335.766"	"48289.871"	"3d7.(2P).4s"	"c 3P"	"2"	"3d5.(6S).4s2.4p"	"v 5P*"	"1"		""	"L11631"	
"417.39205"	"417.392038"	"4470"	"6.50e+04"	B	"7985.785"	"31937.325"	"3d7.(4F).4s"	"a 5F"	"2"	"3d6.(5D).4s.4p.(3P*)"	"z 3D*"	"1"		"T5720"	"L11631"	
"417.4402"	"417.43999"	"240"	""		"28819.954"	"52768.743"	"3d7.(2H).4s"	"a 1H"	"5"	"3d7.(2H).4p"	"w 3H*"	"4"		""	"L11631"	
"417.49128"	"417.491238"	"13500"	"5.87e+04"	A	"7376.764"	"31322.613"	"3d7.(4F).4s"	"a 5F"	"4"	"3d6.(5D).4s.4p.(3P*)"	"z 3D*"	"3"		"T3548"	"L11631"	
"417.56358"	"417.563572"	"15800"	"1.14e+07"	B	"22946.816"	"46888.517"	"3d7.(4P).4s"	"b 3P"	"1"	"3d7.(4P).4p"	"u 5D*"	"2"		"T5720"	"L11631"	
"417.5898"	"417.589404"	"240"	""		"27394.691"	"51334.911"	"3d6.(5D).4s.4p.(3P*)"	"z 5F*"	"3"	"3d6.(5D).4s (6D).4d"	"e 7G"	"4"		""	"L11631"	
"417.65656"	"417.656554"	"6600"	""		"27166.820"	"51103.191"	"3d6.(5D).4s.4p.(3P*)"	"z 5F*"	"4"	"3d6.(5D).4s (6D).4d"	"f 5F"	"5"		""	"L11631"	
"417.6864"	"417.68669"	"240"	""		"34547.211"	"58481.855"	"3d7.(4F).4p"	"y 5F*"	"2"	"3d6.4s.(4D).4d"	"5P"	"3"		""	"L11631"	
"417.7085"	"417.707581"	"141"	""		"26874.550"	"50807.997"	"3d6.(5D).4s.4p.(3P*)"	"z 5F*"	"5"	"3d6.(5D).4s (6D).4d"	"f 7D"	"4"		""	"L11631"	
"417.75936"	"417.759354"	"12900"	"3.71e+04"	A	"7376.764"	"31307.245"	"3d7.(4F).4s"	"a 5F"	"4"	"3d6.(5D).4s.4p.(3P*)"	"z 3F*"	"4"		"T3548"	"L11631"	
"418.0410"	"418.04085"	"186"	""		"21999.130"	"45913.497"	"3d7.(2G).4s"	"a 3G"	"4"	"3d6.(3F2).4s.4p.(3P*)"	"x 5G*"	"3"		""	"L11631"	
"418.1186"	"418.11869"	"71"	""		"29320.026"	"53229.941"	"3d6.4s2"	"b 3D"	"1"	"3d7.(2D2).4p"	"v 3P*"	"1"		""	"L11631"	
"418.15497"	"418.15491"	"417"	""		"28604.613"	"52512.457"	"3d7.(2D2).4s"	"a 1D"	"2"	"3d7.(2P).4p"	"u 3D*"	"1"		""	"L11631"	
"418.17544"	"418.175449"	"49000"	"2.32e+07"	B	"22838.323"	"46744.993"	"3d7.(4P).4s"	"b 3P"	"2"	"3d7.(4P).4p"	"u 5D*"	"3"		"T5720"	"L11631"	
"418.23823"	"418.238239"	"3980"	"5.04e+06"	D+	"24335.766"	"48238.847"	"3d7.(2P).4s"	"c 3P"	"2"	"3d6.(3G).4s.4p.(3P*)"	"v 5F*"	"2"		"T5720"	"L11631"	
"418.27575"	"418.275792"	"417"	"1.3e+06"	D	"27559.583"	"51460.518"	"3d6.(5D).4s.4p.(3P*)"	"z 5F*"	"2"	"3d6.(5D).4s (6D).4d"	"e 7G"	"3"		"T2578n"	"L11631"	
"418.3006"	"418.300399"	"129"	"4.0e+05"	E	"27394.691"	"51294.220"	"3d6.(5D).4s.4p.(3P*)"	"z 5F*"	"3"	"3d6.(5D).4s (4D).5s"	"e 3D"	"3"		"T2578n"	"L11631"	
"418.48915"	"418.489130"	"16600"	"1.03e+07"	B	"22838.323"	"46727.074"	"3d7.(4P).4s"	"b 3P"	"2"	"3d6.(3P2).4s.4p.(3P*)"	"y 3P*"	"2"		"T5720"	"L11631"	
"418.70387"	"418.703842"	"49000"	"2.15e+07"	B	"19757.032"	"43633.533"	"3d6.(5D).4s.4p.(3P*)"	"z 7D*"	"3"	"3d6.(5D).4s (6D).5s"	"e 7D"	"2"		"T4187"	"L11631"	
"418.75868"	"418.758722"	"1000"	"4.48e+06"	C+	"27666.348"	"51539.720"	"3d6.(5D).4s.4p.(3P*)"	"z 5F*"	"1"	"3d6.(5D).4s (6D).4d"	"e 7G"	"2"		"T5720"	"L11631"	
"418.77952"	"418.779491"	"52000"	"1.52e+07"	B	"19562.439"	"43434.627"	"3d6.(5D).4s.4p.(3P*)"	"z 7D*"	"4"	"3d6.(5D).4s (6D).5s"	"e 7D"	"3"		"T4187"	"L11631"	
"418.8327"	"418.83258"	"182"	""		"34328.752"	"58197.914"	"3d7.(4F).4p"	"y 5F*"	"3"	"3d6.4s.(6D).7s"	"7D"	"4"		""	"L11631"	
"418.87313"	"418.8731"	"1580"	""		"34843.957"	"58710.811"	"3d7.(4F).4p"	"z 5G*"	"6"	"3d7.(4F).5d"	"5H"	"7"		""	"L11631"	
"418.95563"	"418.955784"	"479"	"2.7e+06"	D	"29798.936"	"53661.079"	"3d6.4s2"	"b 1G2"	"4"	"3d7.(4F).5p"	"5F*"	"3"		"T2578n"	"L11631"	
"419.14304"	"419.142997"	"33900"	"2.73e+07"	B	"19912.495"	"43763.980"	"3d6.(5D).4s.4p.(3P*)"	"z 7D*"	"2"	"3d6.(5D).4s (6D).5s"	"e 7D"	"1"		"T5720"	"L11631"	
"419.16763"	"419.167654"	"2690"	"4.06e+06"	B	"23051.750"	"46901.832"	"3d7.(4P).4s"	"b 3P"	"0"	"3d6.(3P2).4s.4p.(3P*)"	"y 3P*"	"1"		"T5720"	"L11631"	
"419.36039"	"419.36049"	"65"	""		"19621.006"	"43460.121"	"3d6.4s2"	"a 3H"	"5"	"3d6.(3H).4s.4p.(3P*)"	"z 5I*"	"5"		""	"L11631"	
"419.4493"	"419.44886"	"89"	""		"21999.130"	"45833.223"	"3d7.(2G).4s"	"a 3G"	"4"	"3d6.(3F2).4s.4p.(3P*)"	"x 5G*"	"4"		""	"L11631"	
"419.53288"	"419.532874"	"9100"	"1.11e+07"	B	"26874.550"	"50703.870"	"3d6.(5D).4s.4p.(3P*)"	"z 5F*"	"5"	"3d6.(5D).4s (6D).4d"	"e 5G"	"5"		"T5720"	"L11631"	
"419.56176"	"419.561750"	"1150"	"1.21e+06"	C+	"24335.766"	"48163.446"	"3d7.(2P).4s"	"c 3P"	"2"	"3d5.(6S).4s2.4p"	"v 5P*"	"2"		"T5720"	"L11631"	
"419.62081"	"419.620852"	"4790"	"1.09e+07"	B+	"27394.691"	"51219.015"	"3d6.(5D).4s.4p.(3P*)"	"z 5F*"	"3"	"3d6.(5D).4s (6D).4d"	"e 5G"	"3"		"T5720"	"L11631"	
"419.65308"	"419.653070"	"1020"	"3.0e+05"	E	"23783.619"	"47606.114"	"3d6.4s2"	"b 3G"	"5"	"3d6.(3G).4s.4p.(3P*)"	"v 5F*"	"5"		"T2578n"	"L11631"	
"419.66712"	"419.66709"	"890"	""		"19621.006"	"43442.705"	"3d6.4s2"	"a 3H"	"5"	"3d6.(3H).4s.4p.(3P*)"	"z 5I*"	"4"		""	"L11631"	
"419.7097"	"419.709607"	"479bl"	""		"7985.785"	"31805.071"	"3d7.(4F).4s"	"a 5F"	"2"	"3d6.(5D).4s.4p.(3P*)"	"z 3F*"	"3"		""	"L11631"	
"419.82466"	"419.824651"	"9100"	"1.47e+07"	B+	"27166.820"	"50979.579"	"3d6.(5D).4s.4p.(3P*)"	"z 5F*"	"4"	"3d6.(5D).4s (6D).4d"	"e 5G"	"4"		"T5720"	"L11631"	
"419.83041"	"419.830363"	"29500"	"8.03e+06"	B	"19350.891"	"43163.326"	"3d6.(5D).4s.4p.(3P*)"	"z 7D*"	"5"	"3d6.(5D).4s (6D).5s"	"e 7D"	"4"		"T4187"	"L11631"	
"419.8528"	"419.852526"	"219"	""		"24118.819"	"47929.997"	"3d6.4s2"	"b 3G"	"4"	"3d6.(3G).4s.4p.(3P*)"	"v 5F*"	"4"		""	"L11631"	
"419.86338"	"419.863389"	"3390"	"1.25e+07"	B	"27559.583"	"51370.145"	"3d6.(5D).4s.4p.(3P*)"	"z 5F*"	"2"	"3d6.(5D).4s (6D).4d"	"e 5G"	"2"		"T5720"	"L11631"	
"419.9095"	"419.909489"	"145000bl"	"4.92e+07"	B	"24574.655"	"48382.603"	"3d7.(2G).4s"	"a 1G"	"4"	"3d7.(2G).4p"	"z 1H*"	"5"		"T5720"	"L11631"	
"419.9361"	"419.936282"	"158"	""		"23783.619"	"47590.048"	"3d6.4s2"	"b 3G"	"5"	"3d6.(3G).4s.4p.(3P*)"	"w 5G*"	"4"		""	"L11631"	
"419.99832"	"419.998366"	"1320"	""		"704.007"	"24506.917"	"3d6.4s2"	"a 5D"	"2"	"3d6.(5D).4s.4p.(3P*)"	"z 7P*"	"2"		""	"L11631"	
"420.0779"	"420.077749"	"71"	""		"12968.554"	"36766.966"	"3d7.(4F).4s"	"a 3F"	"2"	"3d6.(5D).4s.4p.(1P*)"	"y 5P*"	"3"		""	"L11631"	
"420.09239"	"420.092401"	"2340"	"6.25e+06"	C+	"27394.691"	"51192.273"	"3d6.(5D).4s.4p.(3P*)"	"z 5F*"	"3"	"3d6.(5D).4s (6D).4d"	"e 7F"	"4"		"T5720"	"L11631"	
"420.20289"	"420.202885"	"148000"	"8.22e+06"	A	"11976.239"	"35767.564"	"3d7.(4F).4s"	"a 3F"	"4"	"3d7.(4F).4p"	"z 3G*"	"4"		"T3831"	"L11631"	
"420.2330"	"420.233478"	"229"	""		"20874.482"	"44664.075"	"3d6.4s2"	"b 3F2"	"3"	"3d6.(3F2).4s.4p.(3P*)"	"v 5D*"	"2"		""	"L11631"	
"420.27527"	"420.275278"	"1910"	"2.53e+05"	C+	"24574.655"	"48361.882"	"3d7.(2G).4s"	"a 1G"	"4"	"3d6.(3G).4s.4p.(3P*)"	"y 5H*"	"4"		"T5720"	"L11631"	
"420.35675"	"420.356851"	"1050"	"1.70e+04"	C	"8154.714"	"31937.325"	"3d7.(4F).4s"	"a 5F"	"1"	"3d6.(5D).4s.4p.(3P*)"	"z 3D*"	"1"		"T5720"	"L11631"	
"420.39380"	"420.39380"	"2750"	"2.97e+06"	B	"29313.008"	"53093.529"	"3d6.4s2"	"a 1I"	"6"	"3d7.(2H).4p"	"1I*"	"6"		"T5720"	"L11631"	
"420.39845"	"420.398445"	"12300"	"7.37e+06"	B	"22946.816"	"46727.074"	"3d7.(4P).4s"	"b 3P"	"1"	"3d6.(3P2).4s.4p.(3P*)"	"y 3P*"	"2"		"T5720"	"L11631"	
"420.55382"	"420.553882"	"980"	"2.77e+06"	D+	"27559.583"	"51331.052"	"3d6.(5D).4s.4p.(3P*)"	"z 5F*"	"2"	"3d6.(5D).4s (6D).4d"	"e 7F"	"2"		"T5720"	"L11631"	
"420.66964"	"420.669619"	"11500"	"5.90e+03"	D+	"415.933"	"24180.862"	"3d6.4s2"	"a 5D"	"3"	"3d6.(5D).4s.4p.(3P*)"	"z 7P*"	"3"		"T5720"	"L11631"	
"420.71268"	"420.712709"	"3550"	"4.8e+06"	D+	"22838.323"	"46600.818"	"3d7.(4P).4s"	"b 3P"	"2"	"3d6.(3P2).4s.4p.(3P*)"	"z 3S*"	"1"		"T2491n"	"L11631"	
"420.86038"	"420.860387"	"2750"	""		"27394.691"	"51148.848"	"3d6.(5D).4s.4p.(3P*)"	"z 5F*"	"3"	"3d6.(5D).4s (6D).4d"	"e 7F"	"3"		""	"L11631"	
"420.9829"	"420.98282"	"50"	""		"34843.957"	"58591.206"	"3d7.(4F).4p"	"z 5G*"	"6"	"3d7.(4F).5d"	"5F"	"5"		""	"L11631"	
"421.03433"	"421.03430"	"18200"	"1.48e+07"	B	"20019.635"	"43763.980"	"3d6.(5D).4s.4p.(3P*)"	"z 7D*"	"1"	"3d6.(5D).4s (6D).5s"	"e 7D"	"1"		"T5720"	"L11631"	
"421.03830"	"421.03829"	"3720"	"7.18e+06"	B	"24772.018"	"48516.138"	"3d7.(2P).4s"	"c 3P"	"1"	"3d7.(4P).4p"	"x 3P*"	"1"		"T5720"	"L11631"	
"421.36471"	"421.36476"	"6600"	"2.1e+07"	D+	"22946.816"	"46672.540"	"3d7.(4P).4s"	"b 3P"	"1"	"3d6.(3P2).4s.4p.(3P*)"	"y 3P*"	"0"		"T2491n"	"L11631"	
"421.54230"	"421.54231"	"3020"	"5.98e+05"	B	"24118.819"	"47834.550"	"3d6.4s2"	"b 3G"	"4"	"3d6.(3F2).4s.4p.(3P*)"	"x 3G*"	"5"		"T5720"	"L11631"	
"421.5477"	"421.54816"	"240"	""		"24118.819"	"47834.221"	"3d6.4s2"	"b 3G"	"4"	"3d6.(3F2).4s.4p.(3P*)"	"x 3G*"	"3"		""	"L11631"	
"421.59675"	"421.59673"	"650"	""		"21715.732"	"45428.402"	"3d7.(2G).4s"	"a 3G"	"5"	"3d6.(3H).4s.4p.(3P*)"	"y 3G*"	"4"		""	"L11631"	
"421.61835"	"421.618312"	"54000"	"1.84e+04"	A	"0.000"	"23711.456"	"3d6.4s2"	"a 5D"	"4"	"3d6.(5D).4s.4p.(3P*)"	"z 7P*"	"4"		"T3547"	"L11631"	
"421.75453"	"421.75454"	"6900"	"2.46e+07"	B+	"27666.348"	"51370.145"	"3d6.(5D).4s.4p.(3P*)"	"z 5F*"	"1"	"3d6.(5D).4s (6D).4d"	"e 5G"	"2"		"T5720"	"L11631"	
"421.93601"	"421.93595"	"32400"	"2.88e+07"	B+	"28819.954"	"52513.560"	"3d7.(2H).4s"	"a 1H"	"5"	"3d7.(2H).4p"	"y 3I*"	"6"		"T5720"	"L11631"	
"421.94141"	"421.94142"	"1740"	"5.29e+05"	B	"24118.819"	"47812.118"	"3d6.4s2"	"b 3G"	"4"	"3d6.(3F2).4s.4p.(3P*)"	"x 3G*"	"4"		"T5720"	"L11631"	
"422.0049"	"422.00483"	"174"	"2.8e+06"	E	"31686.351"	"55376.090"	"3d6.(5D).4s.4p.(3P*)"	"z 3D*"	"2"	"3d7.(4F).4d"	"e 3P"	"1"		"T2578n"	"L11631"	
"422.03414"	"422.03412"	"3310"	"1.83e+07"	C+	"24772.018"	"48460.113"	"3d7.(2P).4s"	"c 3P"	"1"	"3d7.(4P).4p"	"x 3P*"	"0"		"T5720"	"L11631"	
"422.22128"	"422.22127"	"20400"	"5.76e+06"	B	"19757.032"	"43434.627"	"3d6.(5D).4s.4p.(3P*)"	"z 7D*"	"3"	"3d6.(5D).4s (6D).5s"	"e 7D"	"3"		"T4187"	"L11631"	
"422.32329"	"422.32339"	"282"	""		"19788.251"	"43460.121"	"3d6.4s2"	"a 3H"	"4"	"3d6.(3H).4s.4p.(3P*)"	"z 5I*"	"5"		""	"L11631"	
"422.37286"	"422.37285"	"324"	""		"23783.619"	"47452.717"	"3d6.4s2"	"b 3G"	"5"	"3d7.(2G).4p"	"z 1G*"	"4"		""	"L11631"	
"422.41714"	"422.41711"	"8100"	"1.06e+07"	B+	"27166.820"	"50833.438"	"3d6.(5D).4s.4p.(3P*)"	"z 5F*"	"4"	"3d6.(5D).4s (6D).4d"	"e 7F"	"5"		"T5720"	"L11631"	
"422.45125"	"422.45128"	"1950"	"6.81e+06"	C	"27666.348"	"51331.052"	"3d6.(5D).4s.4p.(3P*)"	"z 5F*"	"1"	"3d6.(5D).4s (6D).4d"	"e 7F"	"2"		"T5720"	"L11631"	
"422.54540"	"422.54541"	"7900"	"1.65e+07"	B+	"27559.583"	"51219.015"	"3d6.(5D).4s.4p.(3P*)"	"z 5F*"	"2"	"3d6.(5D).4s (6D).4d"	"e 5G"	"3"		"T5720"	"L11631"	
"422.5713"	"422.57140"	"229"	""		"34039.516"	"57697.493"	"3d7.(4F).4p"	"y 5F*"	"4"	"3d6.(5D).4s (4D).4d"	"i 5D"	"4"		""	"L11631"	
"422.59554"	"422.59555"	"10500"	"1.32e+06"	B+	"24574.655"	"48231.280"	"3d7.(2G).4s"	"a 1G"	"4"	"3d6.(3G).4s.4p.(3P*)"	"y 5H*"	"5"		"T5720"	"L11631"	
"422.63426"	"422.63434"	"380"	""		"19788.251"	"43442.705"	"3d6.4s2"	"a 3H"	"4"	"3d6.(3H).4s.4p.(3P*)"	"z 5I*"	"4"		""	"L11631"	
"422.64237"	"422.64241"	"3160"	"4.3e+06"	D+	"22946.816"	"46600.818"	"3d7.(4P).4s"	"b 3P"	"1"	"3d6.(3P2).4s.4p.(3P*)"	"z 3S*"	"1"		"T2491n"	"L11631"	
"422.74263"	"422.74264"	"54000"	"5.29e+07"	B	"26874.550"	"50522.944"	"3d6.(5D).4s.4p.(3P*)"	"z 5F*"	"5"	"3d6.(5D).4s (6D).4d"	"e 5G"	"6"		"T5720"	"L11631"	
"422.8718"	"422.87170"	"71"	""		"27166.820"	"50807.997"	"3d6.(5D).4s.4p.(3P*)"	"z 5F*"	"4"	"3d6.(5D).4s (6D).4d"	"f 7D"	"4"		""	"L11631"	
"422.9404"	"422.94052"	"105"	""		"20874.482"	"44511.812"	"3d6.4s2"	"b 3F2"	"3"	"3d7.(4P).4p"	"y 5S*"	"2"		""	"L11631"	
"422.95100"	"422.95093"	"1120"	"2.93e+06"	C+	"26406.465"	"50043.213"	"3d7.(2D2).4s"	"a 3D"	"1"	"3d7.(2P).4p"	"w 3P*"	"1"		"T5720"	"L11631"	
"422.97514"	"422.97531"	"780"	"1.99e+04"	A	"11976.239"	"35611.625"	"3d7.(4F).4s"	"a 3F"	"4"	"3d7.(4F).4p"	"z 5G*"	"3"		"T3831"	"L11631"	
"423.27260"	"423.27261"	"1200"	"8.78e+02"	A	"888.132"	"24506.917"	"3d6.4s2"	"a 5D"	"1"	"3d6.(5D).4s.4p.(3P*)"	"z 7P*"	"2"		"T3547"	"L11631"	
"423.36025"	"423.36021"	"42700"	"1.85e+07"	B	"20019.635"	"43633.533"	"3d6.(5D).4s.4p.(3P*)"	"z 7D*"	"1"	"3d6.(5D).4s (6D).5s"	"e 7D"	"2"		"T4187"	"L11631"	
"423.53870"	"423.53857"	"427"	"1.57e+06"	D+	"27394.691"	"50998.645"	"3d6.(5D).4s.4p.(3P*)"	"z 5F*"	"3"	"3d6.(5D).4s (6D).4d"	"f 7D"	"2"		"T5720"	"L11631"	
"423.5817"	"423.58209"	"40"	""		"19390.168"	"42991.697"	"3d6.4s2"	"a 3H"	"6"	"3d6.(3H).4s.4p.(3P*)"	"z 5H*"	"5"		""	"L11631"	
"423.59367"	"423.59361"	"89000"	"1.88e+07"	B	"19562.439"	"43163.326"	"3d6.(5D).4s.4p.(3P*)"	"z 7D*"	"4"	"3d6.(5D).4s (6D).5s"	"e 7D"	"4"		"T4187"	"L11631"	
"423.70739"	"423.70733"	"540"	"2.22e+03"	B+	"7728.060"	"31322.613"	"3d7.(4F).4s"	"a 5F"	"3"	"3d6.(5D).4s.4p.(3P*)"	"z 3D*"	"3"		"T4920"	"L11631"	
"423.7671"	"423.76701"	"251"	""		"24338.767"	"47929.997"	"3d6.4s2"	"b 3G"	"3"	"3d6.(3G).4s.4p.(3P*)"	"v 5F*"	"4"		""	"L11631"	
"423.80235"	"423.80231"	"3390"	""		"27559.583"	"51148.848"	"3d6.(5D).4s.4p.(3P*)"	"z 5F*"	"2"	"3d6.(5D).4s (6D).4d"	"e 7F"	"3"		""	"L11631"	
"423.8608"	"423.86116"	"219"	""		"29313.008"	"52898.998"	"3d6.4s2"	"a 1I"	"6"	"3d7.(2H).4p"	"y 3I*"	"5"		""	"L11631"	
"423.88097"	"423.88096"	"15100"	"2.41e+07"	B+	"27394.691"	"50979.579"	"3d6.(5D).4s.4p.(3P*)"	"z 5F*"	"3"	"3d6.(5D).4s (6D).4d"	"e 5G"	"4"		"T5720"	"L11631"	
"423.93610"	"423.93617"	"510"	"1.3e+06"	E	"29371.812"	"52953.629"	"3d6.4s2"	"b 3D"	"3"	"3d6.(3G).4s.4p.(3P*)"	"3F*"	"4"		"T2578n"	"L11631"	
"423.97321"	"423.97320"	"6300"	"8.46e+05"	B	"23783.619"	"47363.376"	"3d6.4s2"	"b 3G"	"5"	"3d6.(3G).4s.4p.(3P*)"	"w 5G*"	"6"		"T5720"	"L11631"	
"423.98474"	"423.98477"	"8500"	"7.67e+05"	B+	"21715.732"	"45294.846"	"3d7.(2G).4s"	"a 3G"	"5"	"3d6.(3H).4s.4p.(3P*)"	"y 3G*"	"5"		"T5720"	"L11631"	
"423.99421"	"423.99422"	"372"	""		"24772.018"	"48350.606"	"3d7.(2P).4s"	"c 3P"	"1"	"3d6.(3G).4s.4p.(3P*)"	"v 5F*"	"1"		""	"L11631"	
"424.03705"	"424.03704"	"1000"	"6.70e+06"	C+	"28604.613"	"52180.820"	"3d7.(2D2).4s"	"a 1D"	"2"	"3d7.(2P).4p"	"1P*"	"1"		"T5720"	"L11631"	
"424.06938"	"424.06919"	"339"	""		"24118.819"	"47693.239"	"3d6.4s2"	"b 3G"	"4"	"3d6.(3G).4s.4p.(3P*)"	"w 5G*"	"3"		""	"L11631"	
"424.1114"	"424.11168"	"195"	"4.3e+05"	D	"22838.323"	"46410.381"	"3d7.(4P).4s"	"b 3P"	"2"	"3d7.(4P).4p"	"w 5P*"	"1"		"T2578n"	"L11631"	
"424.25957"	"424.25952"	"540"	"1.19e+05"	C+	"21999.130"	"45562.974"	"3d7.(2G).4s"	"a 3G"	"4"	"3d6.(3H).4s.4p.(3P*)"	"y 3G*"	"3"		"T5720"	"L11631"	
"424.27291"	"424.27294"	"1200"	"1.32e+06"	C+	"26623.735"	"50186.834"	"3d7.(2D2).4s"	"a 3D"	"2"	"3d7.(2P).4p"	"w 3P*"	"2"		"T5720"	"L11631"	
"424.33682"	"424.33683"	"600"	""		"29356.744"	"52916.295"	"3d6.4s2"	"b 3D"	"2"	"3d7.(2D2).4p"	"v 3P*"	"2"		""	"L11631"	
"424.3541"	"424.35434"	"224"	""		"29798.936"	"53357.515"	"3d6.4s2"	"b 1G2"	"4"	"3d6.(3G).4s.4p.(3P*)"	"3F*"	"3"		""	"L11631"	
"424.38159"	"424.38152"	"389"	"2.5e+06"	D	"31322.613"	"54879.683"	"3d6.(5D).4s.4p.(3P*)"	"z 3D*"	"3"	"3d7.(4F).4d"	"e 3P"	"2"		"T2578n"	"L11631"	
"424.52569"	"424.52573"	"5600"	"9.0e+06"	D+	"23051.750"	"46600.818"	"3d7.(4P).4s"	"b 3P"	"0"	"3d6.(3P2).4s.4p.(3P*)"	"z 3S*"	"1"		"T2491n"	"L11631"	
"424.53441"	"424.53440"	"1170"	"1.01e+06"	C+	"26874.550"	"50423.137"	"3d6.(5D).4s.4p.(3P*)"	"z 5F*"	"5"	"3d6.(5D).4s (6D).4d"	"f 5D"	"4"		"T5720"	"L11631"	
"424.60125"	"424.60126"	"240"	""		"26406.465"	"49951.344"	"3d7.(2D2).4s"	"a 3D"	"1"	"3d7.(2P).4p"	"w 3P*"	"0"		""	"L11631"	
"424.60847"	"424.60841"	"1260"	"5.85e+06"	C+	"29371.812"	"52916.295"	"3d6.4s2"	"b 3D"	"3"	"3d7.(2D2).4p"	"v 3P*"	"2"		"T5720"	"L11631"	
"424.73058"	"424.73054"	"1450"	"1.02e+05"	C+	"19788.251"	"43325.964"	"3d6.4s2"	"a 3H"	"4"	"3d6.(3H).4s.4p.(3P*)"	"z 5H*"	"3"		"T5720"	"L11631"	
"424.74253"	"424.74250"	"15800"	"1.94e+07"	B	"27166.820"	"50703.870"	"3d6.(5D).4s.4p.(3P*)"	"z 5F*"	"4"	"3d6.(5D).4s (6D).4d"	"e 5G"	"5"		"T5720"	"L11631"	
"424.82238"	"424.82237"	"2820"	"3.82e+06"	C+	"24772.018"	"48304.643"	"3d7.(2P).4s"	"c 3P"	"1"	"3d7.(4P).4p"	"x 3P*"	"2"		"T5720"	"L11631"	
"424.84023"	"424.84021"	"316"	""		"8154.714"	"31686.351"	"3d7.(4F).4s"	"a 5F"	"1"	"3d6.(5D).4s.4p.(3P*)"	"z 3D*"	"2"		""	"L11631"	
"424.9579"	"424.95833"	"145"	""		"20641.110"	"44166.206"	"3d6.4s2"	"b 3F2"	"4"	"3d6.(3F2).4s.4p.(3P*)"	"v 5D*"	"3"		""	"L11631"	
"425.01192"	"425.01188"	"71000"	"2.07e+07"	B	"19912.495"	"43434.627"	"3d6.(5D).4s.4p.(3P*)"	"z 7D*"	"2"	"3d6.(5D).4s (6D).5s"	"e 7D"	"3"		"T4187"	"L11631"	
"425.0191"	"425.01880"	"219"	""		"19390.168"	"42911.917"	"3d6.4s2"	"a 3H"	"6"	"3d6.(3H).4s.4p.(3P*)"	"y 5G*"	"5"		""	"L11631"	
"425.07866"	"425.07864"	"214000"	"1.02e+07"	B+	"12560.934"	"36079.372"	"3d7.(4F).4s"	"a 3F"	"3"	"3d7.(4F).4p"	"z 3G*"	"3"		"T5720"	"L11631"	
"425.08915"	"425.08921"	"398"	""		"24772.018"	"48289.871"	"3d7.(2P).4s"	"c 3P"	"1"	"3d5.(6S).4s2.4p"	"v 5P*"	"1"		""	"L11631"	
"425.1497"	"425.14979"	"89bl"	""		"29798.936"	"53313.438"	"3d6.4s2"	"b 1G2"	"4"	"3d6.(3G).4s.4p.(3P*)"	"y 1H*"	"5"		""	"L11631"	
"425.1641"	"425.16442"	"50"	""		"19390.168"	"42903.861"	"3d6.4s2"	"a 3H"	"6"	"3d6.(3H).4s.4p.(3P*)"	"z 5I*"	"6"		""	"L11631"	
"425.3930"	"425.39297"	"191"	""		"29356.744"	"52857.804"	"3d6.4s2"	"b 3D"	"2"	"3d7.(2D2).4p"	"t 3D*"	"1"		""	"L11631"	
"425.49450"	"425.49447"	"690"	"1.43e+05"	C+	"24338.767"	"47834.221"	"3d6.4s2"	"b 3G"	"3"	"3d6.(3F2).4s.4p.(3P*)"	"x 3G*"	"3"		"T5720"	"L11631"	
"425.55001"	"425.55004"	"890"	"7.13e+05"	D+	"24338.767"	"47831.153"	"3d6.4s2"	"b 3G"	"3"	"3d6.(3G).4s.4p.(3P*)"	"w 5G*"	"2"		"T5720"	"L11631"	
"425.6205"	"425.62001"	"135"	""		"27559.583"	"51048.107"	"3d6.(5D).4s.4p.(3P*)"	"z 5F*"	"2"	"3d6.(5D).4s (6D).4d"	"f 7D"	"1"		""	"L11631"	
"425.6309"	"425.63112"	"204"	""		"19621.006"	"43108.917"	"3d6.4s2"	"a 3H"	"5"	"3d6.(3H).4s.4p.(3P*)"	"z 5H*"	"4"		""	"L11631"	
"425.6807"	"425.68043"	"71"	""		"34328.752"	"57813.942"	"3d7.(4F).4p"	"y 5F*"	"3"	"3d6.(5D).4s (4D).4d"	"i 5D"	"3"		""	"L11631"	
"425.83156"	"425.83157"	"3240"	"2.54e+03"	A	"704.007"	"24180.862"	"3d6.4s2"	"a 5D"	"2"	"3d6.(5D).4s.4p.(3P*)"	"z 7P*"	"3"		"T3547"	"L11631"	
"425.86109"	"425.86133"	"331"	"8.0e+05"	D	"22838.323"	"46313.537"	"3d7.(4P).4s"	"b 3P"	"2"	"3d7.(4P).4p"	"w 5P*"	"2"		"T2578n"	"L11631"	
"425.89514"	"425.89513"	"980"	"2.34e+05"	C+	"24338.767"	"47812.118"	"3d6.4s2"	"b 3G"	"3"	"3d6.(3F2).4s.4p.(3P*)"	"x 3G*"	"4"		"T5720"	"L11631"	
"425.9336"	"425.93364"	"151"	"4.19e+04"	D+	"24118.819"	"47590.048"	"3d6.4s2"	"b 3G"	"4"	"3d6.(3G).4s.4p.(3P*)"	"w 5G*"	"4"		"T6110"	"L11631"	
"425.99989"	"425.99989"	"1200"	"1.57e+06"	D	"26874.550"	"50342.129"	"3d6.(5D).4s.4p.(3P*)"	"z 5F*"	"5"	"3d6.(5D).4s (6D).4d"	"e 7F"	"6"		"T5720"	"L11631"	
"426.00803"	"426.00813"	"200"	""		"27394.691"	"50861.816"	"3d6.(5D).4s.4p.(3P*)"	"z 5F*"	"3"	"3d6.(5D).4s (6D).4d"	"f 7D"	"3"		""	"L11631"	
"426.01349"	"426.01350"	"1410"	"2.20e+06"	C+	"24772.018"	"48238.847"	"3d7.(2P).4s"	"c 3P"	"1"	"3d6.(3G).4s.4p.(3P*)"	"v 5F*"	"2"		"T5720"	"L11631"	
"426.04741"	"426.04736"	"224000"	"3.99e+07"	B	"19350.891"	"42815.855"	"3d6.(5D).4s.4p.(3P*)"	"z 7D*"	"5"	"3d6.(5D).4s (6D).5s"	"e 7D"	"5"		"T5720"	"L11631"	
"426.07286"	"426.07277"	"219"	""		"22946.816"	"46410.381"	"3d7.(4P).4s"	"b 3P"	"1"	"3d7.(4P).4p"	"w 5P*"	"1"		""	"L11631"	
"426.42032"	"426.42033"	"870"	"1.62e+06"	C+	"27166.820"	"50611.261"	"3d6.(5D).4s.4p.(3P*)"	"z 5F*"	"4"	"3d6.(5D).4s (6D).4d"	"e 7P"	"3"		"T5720"	"L11631"	
"426.5236"	"426.52359"	"170"	""		"31937.325"	"55376.090"	"3d6.(5D).4s.4p.(3P*)"	"z 3D*"	"1"	"3d7.(4F).4d"	"e 3P"	"1"		""	"L11631"	
"426.52678"	"426.52683"	"437"	""		"31686.351"	"55124.938"	"3d6.(5D).4s.4p.(3P*)"	"z 3D*"	"2"	"3d7.(4F).4d"	"f 3F"	"3"		""	"L11631"	
"426.69642"	"426.69641"	"6200"	"6.27e+05"	B+	"21999.130"	"45428.402"	"3d7.(2G).4s"	"a 3G"	"4"	"3d6.(3H).4s.4p.(3P*)"	"y 3G*"	"4"		"T5720"	"L11631"	
"426.7389"	"426.73914"	"120"	""		"34547.211"	"57974.137"	"3d7.(4F).4p"	"y 5F*"	"2"	"3d6.(5D).4s (4D).4d"	"i 5D"	"2"		""	"L11631"	
"426.78262"	"426.78263"	"4680"	"8.17e+06"	B	"25091.599"	"48516.138"	"3d7.(2P).4s"	"c 3P"	"0"	"3d7.(4P).4p"	"x 3P*"	"1"		"T5720"	"L11631"	
"426.87485"	"426.87486"	"1660"	"3.30e+06"	C+	"26623.735"	"50043.213"	"3d7.(2D2).4s"	"a 3D"	"2"	"3d7.(2P).4p"	"w 3P*"	"1"		"T5720"	"L11631"	
"427.11535"	"427.11531"	"87000"	"1.82e+07"	B	"19757.032"	"43163.326"	"3d6.(5D).4s.4p.(3P*)"	"z 7D*"	"3"	"3d6.(5D).4s (6D).5s"	"e 7D"	"4"		"T4187"	"L11631"	
"427.17602"	"427.17599"	"630000"	"2.28e+07"	A	"11976.239"	"35379.208"	"3d7.(4F).4s"	"a 3F"	"4"	"3d7.(4F).4p"	"z 3G*"	"5"		"T3831"	"L11631"	
"427.1942"	"427.19406"	"288"	""		"19621.006"	"43022.985"	"3d6.4s2"	"a 3H"	"5"	"3d6.(3H).4s.4p.(3P*)"	"y 5G*"	"4"		""	"L11631"	
"427.38682"	"427.38676"	"479"	""		"24772.018"	"48163.446"	"3d7.(2P).4s"	"c 3P"	"1"	"3d5.(6S).4s2.4p"	"v 5P*"	"2"		""	"L11631"	
"427.5698"	"427.56979"	"288"	"5.59e+04"	D+	"20641.110"	"44022.525"	"3d6.4s2"	"b 3F2"	"4"	"3d6.(3F2).4s.4p.(3P*)"	"v 5D*"	"4"		"T5720"	"L11631"	
"427.66758"	"427.66743"	"479"	"2.6e+06"	D	"31307.245"	"54683.322"	"3d6.(5D).4s.4p.(3P*)"	"z 3F*"	"4"	"3d7.(4F).4d"	"f 3F"	"4"		"T2578n"	"L11631"	
"427.82311"	"427.82300"	"580"	"1.0e+06"	D	"27166.820"	"50534.397"	"3d6.(5D).4s.4p.(3P*)"	"z 5F*"	"4"	"3d6.(5D).4s (6D).4d"	"f 5D"	"3"		"T2578n"	"L11631"	
"427.9488"	"427.94878"	"398"	"1.5e+06"	D	"31322.613"	"54683.322"	"3d6.(5D).4s.4p.(3P*)"	"z 3D*"	"3"	"3d7.(4F).4d"	"f 3F"	"4"		"T2578n"	"L11631"	
"427.9870"	"427.98685"	"115"	"6.5e+05"	D	"23051.750"	"46410.381"	"3d7.(4P).4s"	"b 3P"	"0"	"3d7.(4P).4p"	"w 5P*"	"1"		"T2578n"	"L11631"	
"428.0539"	"428.05350"	"437bl"	"3.1e+05"	E	"26105.908"	"49460.902"	"3d7.(2H).4s"	"b 3H"	"6"	"3d7.(2G).4p"	"v 3G*"	"5"		"T2578n"	"L11631"	
"428.24026"	"428.24026"	"89000"	"1.21e+07"	B+	"17550.181"	"40894.990"	"3d7.(4P).4s"	"a 5P"	"3"	"3d6.(3P2).4s.4p.(3P*)"	"z 5S*"	"2"		"T5720"	"L11631"	
"428.4405"	"428.44051"	"540bl*"	"1.1e+05"	E	"24118.819"	"47452.717"	"3d6.4s2"	"b 3G"	"4"	"3d7.(2G).4p"	"z 1G*"	"4"		"T2578n"	"L11631"	
"428.4405"	"428.44080"	"540bl*"	""		"35257.324"	"58591.206"	"3d7.(4F).4p"	"z 5G*"	"4"	"3d7.(4F).5d"	"5F"	"5"		""	"L11631"	
"428.54417"	"428.54415"	"4170"	"1.78e+06"	D+	"26105.908"	"49434.163"	"3d7.(2H).4s"	"b 3H"	"6"	"3d7.(2G).4p"	"y 3H*"	"6"		"T5720"	"L11631"	
"428.5822"	"428.58234"	"324"	"1.3e+06"	D	"29356.744"	"52682.920"	"3d6.4s2"	"b 3D"	"2"	"3d7.(2D2).4p"	"t 3D*"	"2"		"T2578n"	"L11631"	
"428.64340"	"428.64319"	"520"	"1.7e+05"	D	"23783.619"	"47106.484"	"3d6.4s2"	"b 3G"	"5"	"3d6.(3H).4s.4p.(3P*)"	"z 3H*"	"4"		"T2578n"	"L11631"	
"428.6864"	"428.68631"	"316"	""		"27559.583"	"50880.102"	"3d6.(5D).4s.4p.(3P*)"	"z 5F*"	"2"	"3d6.(5D).4s (6D).4d"	"f 5D"	"1"		""	"L11631"	
"428.69834"	"428.69829"	"590"	""		"31805.071"	"55124.938"	"3d6.(5D).4s.4p.(3P*)"	"z 3F*"	"3"	"3d7.(4F).4d"	"f 3F"	"3"		""	"L11631"	
"428.7938"	"428.79396"	"229"	""		"27666.348"	"50981.012"	"3d6.(5D).4s.4p.(3P*)"	"z 5F*"	"1"	"3d6.(5D).4s (6D).4d"	"f 5D"	"0"		""	"L11631"	
"428.81455"	"428.81455"	"3470"	"4.49e+05"	B+	"22249.429"	"45562.974"	"3d7.(2G).4s"	"a 3G"	"3"	"3d6.(3H).4s.4p.(3P*)"	"y 3G*"	"3"		"T5720"	"L11631"	
"428.8956"	"428.89548"	"339"	"2.92e+05"	C	"20874.482"	"44183.628"	"3d6.4s2"	"b 3F2"	"3"	"3d6.(3P2).4s.4p.(3P*)"	"w 5D*"	"2"		"T5720"	"L11631"	
"428.99143"	"428.99149"	"417"	""		"27394.691"	"50698.620"	"3d6.(5D).4s.4p.(3P*)"	"z 5F*"	"3"	"3d6.(5D).4s (6D).4d"	"f 5D"	"2"		""	"L11631"	
"429.03786"	"429.03789"	"1780"	"6.29e+05"	C+	"24118.819"	"47420.228"	"3d6.4s2"	"b 3G"	"4"	"3d6.(3G).4s.4p.(3P*)"	"w 5G*"	"5"		"T5720"	"L11631"	
"429.08644"	"429.08641"	"269"	"3.83e+05"	C+	"22838.323"	"46137.097"	"3d7.(4P).4s"	"b 3P"	"2"	"3d7.(4P).4p"	"w 5P*"	"3"		"T5720"	"L11631"	
"429.14634"	"429.14629"	"9800"	"3.35e+03"	B	"415.933"	"23711.456"	"3d6.4s2"	"a 5D"	"3"	"3d6.(5D).4s.4p.(3P*)"	"z 7P*"	"4"		"T5720"	"L11631"	
"429.2117"	"429.21170"	"145"	""		"17550.181"	"40842.154"	"3d7.(4P).4s"	"a 5P"	"3"	"3d6.(5D).4s.4p.(1P*)"	"x 5F*"	"3"		""	"L11631"	
"429.2163"	"429.21629"	"166"	""		"20874.482"	"44166.206"	"3d6.4s2"	"b 3F2"	"3"	"3d6.(3F2).4s.4p.(3P*)"	"v 5D*"	"3"		""	"L11631"	
"429.22841"	"429.22847"	"234"	""		"17726.988"	"41018.051"	"3d7.(4P).4s"	"a 5P"	"2"	"3d6.(5D).4s.4p.(1P*)"	"x 5F*"	"2"		""	"L11631"	
"429.37980"	"429.37979"	"600"	""		"19621.006"	"42903.861"	"3d6.4s2"	"a 3H"	"5"	"3d6.(3H).4s.4p.(3P*)"	"z 5I*"	"6"		""	"L11631"	
"429.40374"	"429.40371"	"407"	""		"20641.110"	"43922.668"	"3d6.4s2"	"b 3F2"	"4"	"3d6.(3P2).4s.4p.(3P*)"	"w 5D*"	"3"		""	"L11631"	
"429.41245"	"429.41244"	"58000"	"3.12e+06"	B+	"11976.239"	"35257.324"	"3d7.(4F).4s"	"a 3F"	"4"	"3d7.(4F).4p"	"z 5G*"	"4"		"T5720"	"L11631"	
"429.80362"	"429.80364"	"6300"	"1.23e+06"	B	"24574.655"	"47834.550"	"3d7.(2G).4s"	"a 1G"	"4"	"3d6.(3F2).4s.4p.(3P*)"	"x 3G*"	"5"		"T5720"	"L11631"	
"429.9235"	"429.92340"	"63000bl*"	"1.29e+07"	B+	"19562.439"	"42815.855"	"3d6.(5D).4s.4p.(3P*)"	"z 7D*"	"4"	"3d6.(5D).4s (6D).5s"	"e 7D"	"5"		"T5720"	"L11631"	
"429.9235"	"429.92394"	"63000bl*"	""		"26351.040"	"49604.427"	"3d7.(2H).4s"	"b 3H"	"5"	"3d7.(2G).4p"	"y 3H*"	"5"		""	"L11631"	
"429.9467"	"429.94666"	"219"	""		"26224.969"	"49477.127"	"3d7.(2D2).4s"	"a 3D"	"3"	"3d6.(3F2).4s.4p.(3P*)"	"1F*"	"3"		""	"L11631"	
"429.96283"	"429.96288"	"500"	"2.65e+05"	B	"24338.767"	"47590.048"	"3d6.4s2"	"b 3G"	"3"	"3d6.(3G).4s.4p.(3P*)"	"w 5G*"	"4"		"T6110"	"L11631"	
"430.0206"	"430.02036"	"115"	"6.5e+05"	E	"31307.245"	"54555.418"	"3d6.(5D).4s.4p.(3P*)"	"z 3F*"	"4"	"3d7.(4F).4d"	"e 3H"	"4"		"T2578n"	"L11631"	
"430.21855"	"430.21856"	"2750"	"7.70e+05"	B	"24574.655"	"47812.118"	"3d7.(2G).4s"	"a 1G"	"4"	"3d6.(3F2).4s.4p.(3P*)"	"x 3G*"	"4"		"T5720"	"L11631"	
"430.45405"	"430.45402"	"1550"	"3.06e+05"	B	"23783.619"	"47008.371"	"3d6.4s2"	"b 3G"	"5"	"3d6.(3H).4s.4p.(3P*)"	"z 3H*"	"5"		"T5720"	"L11631"	
"430.5131"	"430.51336"	"120"	""		"21999.130"	"45220.681"	"3d7.(2G).4s"	"a 3G"	"4"	"3d6.(3P2).4s.4p.(3P*)"	"x 3D*"	"3"		""	"L11631"	
"430.52067"	"430.52061"	"347"	"4.7e+05"	E	"28604.613"	"51825.773"	"3d7.(2D2).4s"	"a 1D"	"2"	"3d7.(2H).4p"	"u 3G*"	"3"		"T2578n"	"L11631"	
"430.54502"	"430.54501"	"3890"	"5.54e+06"	C+	"24335.766"	"47555.610"	"3d7.(2P).4s"	"c 3P"	"2"	"3d7.(4P).4p"	"y 3S*"	"1"		"T5720"	"L11631"	
"430.6578"	"430.65796"	"129"	""		"27666.348"	"50880.102"	"3d6.(5D).4s.4p.(3P*)"	"z 5F*"	"1"	"3d6.(5D).4s (6D).4d"	"f 5D"	"1"		""	"L11631"	
"430.7704"	"430.77042"	"182"	""		"26351.040"	"49558.734"	"3d7.(2H).4s"	"b 3H"	"5"	"3d6.(5D).4s (6D).5p"	"n 7D*"	"4"		""	"L11631"	
"430.79020"	"430.79017"	"630000"	"3.38e+07"	B+	"12560.934"	"35767.564"	"3d7.(4F).4s"	"a 3F"	"3"	"3d7.(4F).4p"	"z 3G*"	"4"		"T5720"	"L11631"	
"430.8495"	"430.84928"	"52"	""		"19788.251"	"42991.697"	"3d6.4s2"	"a 3H"	"4"	"3d6.(3H).4s.4p.(3P*)"	"z 5H*"	"5"		""	"L11631"	
"430.90304"	"430.90303"	"2290"	"1.96e+06"	B	"29313.008"	"52513.560"	"3d6.4s2"	"a 1I"	"6"	"3d7.(2H).4p"	"y 3I*"	"6"		"T5720"	"L11631"	
"430.93742"	"430.93741"	"10500"	"1.78e+06"	C+	"23783.619"	"46982.320"	"3d6.4s2"	"b 3G"	"5"	"3d6.(3H).4s.4p.(3P*)"	"z 3H*"	"6"		"T5720"	"L11631"	
"430.94535"	"430.94538"	"331"	""		"25091.599"	"48289.871"	"3d7.(2P).4s"	"c 3P"	"0"	"3d5.(6S).4s2.4p"	"v 5P*"	"1"		""	"L11631"	
"431.0374"	"431.03717"	"324"	"2.4e+06"	E	"31686.351"	"54879.683"	"3d6.(5D).4s.4p.(3P*)"	"z 3D*"	"2"	"3d7.(4F).4d"	"e 3P"	"2"		"T2578n"	"L11631"	
"431.50843"	"431.50844"	"62000"	"7.76e+06"	B+	"17726.988"	"40894.990"	"3d7.(4P).4s"	"a 5P"	"2"	"3d6.(3P2).4s.4p.(3P*)"	"z 5S*"	"2"		"T5720"	"L11631"	
"431.7047"	"431.70482"	"129"	"5.2e+05"	E	"28604.613"	"51762.076"	"3d7.(2D2).4s"	"a 1D"	"2"	"3d6.(3H).4s.4p.(3P*)"	"x 1D*"	"2"		"T2578n"	"L11631"	
"431.8801"	"431.88051"	"309"	""		"20874.482"	"44022.525"	"3d6.4s2"	"b 3F2"	"3"	"3d6.(3F2).4s.4p.(3P*)"	"v 5D*"	"4"		""	"L11631"	
"432.0483"	"432.04860"	"120"	""		"27559.583"	"50698.620"	"3d6.(5D).4s.4p.(3P*)"	"z 5F*"	"2"	"3d6.(5D).4s (6D).4d"	"f 5D"	"2"		""	"L11631"	
"432.4948"	"432.49479"	"398"	""		"17726.988"	"40842.154"	"3d7.(4P).4s"	"a 5P"	"2"	"3d6.(5D).4s.4p.(1P*)"	"x 5F*"	"3"		""	"L11631"	
"432.51747"	"432.51754"	"407"	""		"24338.767"	"47452.717"	"3d6.4s2"	"b 3G"	"3"	"3d7.(2G).4p"	"z 1G*"	"4"		""	"L11631"	
""	"432.573891"	"m"	""		"0.000"	"23110.939"	"3d6.4s2"	"a 5D"	"4"	"3d6.(5D).4s.4p.(3P*)"	"z 7F*"	"3"		""	"L11631"	
"432.57616"	"432.57616"	"830000"	"5.16e+07"	B+	"12968.554"	"36079.372"	"3d7.(4F).4s"	"a 3F"	"2"	"3d7.(4F).4p"	"z 3G*"	"3"		"T5720"	"L11631"	
"432.59397"	"432.59405"	"720"	"4.81e+05"	D+	"26351.040"	"49460.902"	"3d7.(2H).4s"	"b 3H"	"5"	"3d7.(2G).4p"	"v 3G*"	"5"		"T5720"	"L11631"	
"432.67530"	"432.67529"	"1200"	"4.63e+05"	C	"23783.619"	"46889.142"	"3d6.4s2"	"b 3G"	"5"	"3d6.(3F2).4s.4p.(3P*)"	"x 3F*"	"4"		"T5720"	"L11631"	
"432.70953"	"432.70954"	"3630"	"1.12e+07"	B	"28604.613"	"51708.307"	"3d7.(2D2).4s"	"a 1D"	"2"	"3d7.(2P).4p"	"y 1D*"	"2"		"T5720"	"L11631"	
"432.79031"	"432.79034"	"790"	"7.16e+05"	C+	"26627.609"	"49726.990"	"3d7.(2H).4s"	"b 3H"	"4"	"3d7.(2G).4p"	"y 3H*"	"4"		"T5720"	"L11631"	
"433.09516"	"433.09517"	"200"	""		"26351.040"	"49434.163"	"3d7.(2H).4s"	"b 3H"	"5"	"3d7.(2G).4p"	"y 3H*"	"6"		""	"L11631"	
"433.70460"	"433.70454"	"22900"	"1.02e+06"	A	"12560.934"	"35611.625"	"3d7.(4F).4s"	"a 3F"	"3"	"3d7.(4F).4p"	"z 5G*"	"3"		"T3831"	"L11631"	
"433.7517"	"433.75168"	"100"	""		"20874.482"	"43922.668"	"3d6.4s2"	"b 3F2"	"3"	"3d6.(3P2).4s.4p.(3P*)"	"w 5D*"	"3"		""	"L11631"	
"433.82475"	"433.82574"	"295"	"7.9e+04"	D	"17550.181"	"40594.432"	"3d7.(4P).4s"	"a 5P"	"3"	"3d6.(5D).4s.4p.(1P*)"	"x 5F*"	"4"		"T2578n"	"L11631"	
"434.0490"	"434.04889"	"170"	""		"22249.429"	"45281.833"	"3d7.(2G).4s"	"a 3G"	"3"	"3d6.(3P2).4s.4p.(3P*)"	"x 3D*"	"2"		""	"L11631"	
"434.1813"	"434.18115"	"89"	""		"28604.613"	"51630.001"	"3d7.(2D2).4s"	"a 1D"	"2"	"3d6.(5D).4s (6D).5p"	"t 5D*"	"2"		""	"L11631"	
"434.32161"	"434.32153"	"316"	""		"33095.941"	"56113.887"	"3d7.(4F).4p"	"y 5D*"	"4"	"3d7.(4F).6s"	"5F"	"5"		""	"L11631"	
"434.3271"	"434.32708"	"1020bl"	"1.6e+06"	D	"26224.969"	"49242.621"	"3d7.(2D2).4s"	"a 3D"	"3"	"3d6.(3F2).4s.4p.(3P*)"	"v 3D*"	"2"		"T2578n"	"L11631"	
"434.36972"	"434.36971"	"1260"	"6.21e+05"	B	"24574.655"	"47590.048"	"3d7.(2G).4s"	"a 1G"	"4"	"3d6.(3G).4s.4p.(3P*)"	"w 5G*"	"4"		"T6110"	"L11631"	
"434.3869"	"434.38726"	"110"	""		"28604.613"	"51619.076"	"3d7.(2D2).4s"	"a 1D"	"2"	"3d6.(5D).4s (6D).5p"	"u 5F*"	"3"		""	"L11631"	
"434.44993"	"434.44990"	"331"	""		"29056.324"	"52067.469"	"3d6.(5D).4s.4p.(3P*)"	"z 5P*"	"3"	"3d6.(5D).4s (6D).4d"	"e 5P"	"2"		""	"L11631"	
"434.4890"	"434.48861"	"182"	""		"33507.123"	"56516.218"	"3d7.(4F).4p"	"y 5D*"	"3"	"3d7.(4F).6s"	"5F"	"4"		""	"L11631"	
"434.65523"	"434.65522"	"1450"	"7.52e+05"	B	"26627.609"	"49627.884"	"3d7.(2H).4s"	"b 3H"	"4"	"3d7.(2G).4p"	"v 3G*"	"4"		"T5720"	"L11631"	
"434.72333"	"434.723287"	"398"	"1.23e+02"	A	"0.000"	"22996.674"	"3d6.4s2"	"a 5D"	"4"	"3d6.(5D).4s.4p.(3P*)"	"z 7F*"	"4"		"T3547"	"L11631"	
"434.78323"	"434.78332"	"407"	"1.7e+06"	D	"29056.324"	"52049.823"	"3d6.(5D).4s.4p.(3P*)"	"z 5P*"	"3"	"3d6.(5D).4s (4D).5s"	"g 5D"	"2"		"T2578n"	"L11631"	
"434.89363"	"434.89366"	"1070"	"2.82e+05"	D+	"24118.819"	"47106.484"	"3d6.4s2"	"b 3G"	"4"	"3d6.(3H).4s.4p.(3P*)"	"z 3H*"	"4"		"T5720"	"L11631"	
"435.15436"	"435.15437"	"2340"	"9.39e+05"	B	"24118.819"	"47092.712"	"3d6.4s2"	"b 3G"	"4"	"3d6.(3F2).4s.4p.(3P*)"	"x 3F*"	"3"		"T5720"	"L11631"	
"435.27344"	"435.27345"	"36300"	"3.63e+06"	B+	"17927.382"	"40894.990"	"3d7.(4P).4s"	"a 5P"	"1"	"3d6.(3P2).4s.4p.(3P*)"	"z 5S*"	"2"		"T5720"	"L11631"	
"435.84989"	"435.85007"	"1860"	"8.09e+05"	C+	"23783.619"	"46720.842"	"3d6.4s2"	"b 3G"	"5"	"3d7.(4P).4p"	"u 5D*"	"4"		"T5720"	"L11631"	
"435.8684"	"435.86835"	"155"	""		"24335.766"	"47272.027"	"3d7.(2P).4s"	"c 3P"	"2"	"3d7.(4P).4p"	"w 3D*"	"1"		""	"L11631"	
"436.08029"	"436.08040"	"166"	"1.0e+06"	D	"29371.812"	"52296.920"	"3d6.4s2"	"b 3D"	"3"	"3d7.(2P).4p"	"u 3D*"	"2"		"T2578n"	"L11631"	
"436.58964"	"436.58963"	"520"	"2.81e+05"	C	"24118.819"	"47017.188"	"3d6.4s2"	"b 3G"	"4"	"3d7.(4P).4p"	"w 3D*"	"3"		"T5720"	"L11631"	
"436.75782"	"436.75781"	"9100"	"1.56e+06"	B	"24118.819"	"47008.371"	"3d6.4s2"	"b 3G"	"4"	"3d6.(3H).4s.4p.(3P*)"	"z 3H*"	"5"		"T5720"	"L11631"	
"436.79033"	"436.79032"	"1860"	"9.09e+04"	C+	"12968.554"	"35856.402"	"3d7.(4F).4s"	"a 3F"	"2"	"3d7.(4F).4p"	"z 5G*"	"2"		"T5720"	"L11631"	
"436.97715"	"436.97716"	"27500"	"6.09e+06"	C+	"24574.655"	"47452.717"	"3d7.(2G).4s"	"a 1G"	"4"	"3d7.(2G).4p"	"z 1G*"	"4"		"T5720"	"L11631"	
"437.0981"	"437.09763"	"71"	""		"17550.181"	"40421.938"	"3d7.(4P).4s"	"a 5P"	"3"	"3d5.(6S).4s2.4p"	"y 7P*"	"4"		""	"L11631"	
"437.29814"	"437.29863"	"347"	"1.8e+05"	D	"24335.766"	"47197.010"	"3d7.(2P).4s"	"c 3P"	"2"	"3d6.(3F2).4s.4p.(3P*)"	"x 3F*"	"2"		"T2578n"	"L11631"	
"437.35604"	"437.35605"	"1510"	"1.04e+06"	C	"24338.767"	"47197.010"	"3d6.4s2"	"b 3G"	"3"	"3d6.(3F2).4s.4p.(3P*)"	"x 3F*"	"2"		"T5720"	"L11631"	
"437.44889"	"437.44888"	"620"	"1.68e+05"	C	"26623.735"	"49477.127"	"3d7.(2D2).4s"	"a 3D"	"2"	"3d6.(3F2).4s.4p.(3P*)"	"1F*"	"3"		"T5720"	"L11631"	
"437.5476"	"437.54768"	"141"	"1.53e+05"	D+	"28819.954"	"51668.186"	"3d7.(2H).4s"	"a 1H"	"5"	"3d7.(2H).4p"	"u 3G*"	"4"		"T6110"	"L11631"	
"437.59298"	"437.592935"	"138000"	"2.95e+04"	A	"0.000"	"22845.869"	"3d6.4s2"	"a 5D"	"4"	"3d6.(5D).4s.4p.(3P*)"	"z 7F*"	"5"		"T3547"	"L11631"	
"437.59859"	"437.59860"	"389"	""		"24574.655"	"47420.228"	"3d7.(2G).4s"	"a 1G"	"4"	"3d6.(3G).4s.4p.(3P*)"	"w 5G*"	"5"		""	"L11631"	
"437.6774"	"437.67725"	"490bl*"	"5.35e+05"	D+	"24335.766"	"47177.234"	"3d7.(2P).4s"	"c 3P"	"2"	"3d7.(4P).4p"	"u 5D*"	"1"		"T5720"	"L11631"	
"437.6774"	"437.67821"	"490bl*"	""		"29371.812"	"52213.230"	"3d6.4s2"	"b 3D"	"3"	"3d7.(2D2).4p"	"t 3D*"	"3"		""	"L11631"	
"437.77913"	"437.77906"	"372"	"3.8e+05"	D	"26406.465"	"49242.621"	"3d7.(2D2).4s"	"a 3D"	"1"	"3d6.(3F2).4s.4p.(3P*)"	"v 3D*"	"2"		"T2578n"	"L11631"	
"438.27677"	"438.27676"	"2450"	"1.54e+06"	C+	"28819.954"	"51630.178"	"3d7.(2H).4s"	"a 1H"	"5"	"3d6.(3H).4s.4p.(3P*)"	"1H*"	"5"		"T5720"	"L11631"	
"438.35447"	"438.35444"	"141000"	"5.00e+07"	A	"11976.239"	"34782.421"	"3d7.(4F).4s"	"a 3F"	"4"	"3d7.(4F).4p"	"z 5G*"	"5"		"T3831"	"L11631"	
"438.46719"	"438.46718"	"520"	"5.4e+05"	E	"24335.766"	"47136.084"	"3d7.(2P).4s"	"c 3P"	"2"	"3d7.(4P).4p"	"w 3D*"	"2"		"T2578n"	"L11631"	
"438.52493"	"438.52490"	"209"	""		"24338.767"	"47136.084"	"3d6.4s2"	"b 3G"	"3"	"3d7.(4P).4p"	"w 3D*"	"2"		""	"L11631"	
"438.78909"	"438.78908"	"3240"	"3.46e+06"	C+	"24772.018"	"47555.610"	"3d7.(2P).4s"	"c 3P"	"1"	"3d7.(4P).4p"	"y 3S*"	"1"		"T5720"	"L11631"	
"438.84065"	"438.84066"	"5100"	"1.03e+07"	B	"29056.324"	"51837.238"	"3d6.(5D).4s.4p.(3P*)"	"z 5P*"	"3"	"3d6.(5D).4s (6D).4d"	"e 5P"	"3"		"T5720"	"L11631"	
"438.9245"	"438.92442"	"3240bl"	"1.81e+03"	A	"415.933"	"23192.500"	"3d6.4s2"	"a 5D"	"3"	"3d6.(5D).4s.4p.(3P*)"	"z 7F*"	"2"		"T3547"	"L11631"	
"439.04477"	"439.04478"	"251"	"1.4e+05"	D	"24118.819"	"46889.142"	"3d6.4s2"	"b 3G"	"4"	"3d6.(3F2).4s.4p.(3P*)"	"x 3F*"	"4"		"T2578n"	"L11631"	
"439.0752"	"439.07509"	"151"	""		"34039.516"	"56808.267"	"3d7.(4F).4p"	"y 5F*"	"4"	"3d7.(4F).6s"	"3F"	"4"		""	"L11631"	
"439.09502"	"439.09503"	"5500"	"1.16e+06"	C+	"24338.767"	"47106.484"	"3d6.4s2"	"b 3G"	"3"	"3d6.(3H).4s.4p.(3P*)"	"z 3H*"	"4"		"T5720"	"L11631"	
"439.1863"	"439.18610"	"363"	"1.1e+06"	E	"31686.351"	"54449.347"	"3d6.(5D).4s.4p.(3P*)"	"z 3D*"	"2"	"3d7.(4F).4d"	"f 3D"	"1"		"T2578n"	"L11631"	
"439.2579"	"439.25795"	"166"	"4.1e+05"	E	"31307.245"	"54066.518"	"3d6.(5D).4s.4p.(3P*)"	"z 3F*"	"4"	"3d7.(4F).4d"	"e 3G"	"4"		"T2578n"	"L11631"	
"439.3024"	"439.30286"	"40"	""		"24335.766"	"47092.712"	"3d7.(2P).4s"	"c 3P"	"2"	"3d6.(3F2).4s.4p.(3P*)"	"x 3F*"	"3"		""	"L11631"	
"439.3090"	"439.30914"	"141"	""		"33695.397"	"56452.018"	"3d7.(4F).4p"	"y 5F*"	"5"	"3d6.4s.(6D).5d"	"7D"	"4"		""	"L11631"	
"439.52738"	"439.52739"	"251"	"1.70e+06"	B	"29469.024"	"52214.345"	"3d6.(5D).4s.4p.(3P*)"	"z 5P*"	"2"	"3d6.(5D).4s (4D).5s"	"g 5D"	"1"		"T6110"	"L11631"	
"439.5497"	"439.54983"	"209"	""		"31322.613"	"54066.773"	"3d6.(5D).4s.4p.(3P*)"	"z 3D*"	"3"	"3d7.(4F).4d"	"f 3D"	"2"		""	"L11631"	
"440.12896"	"440.12897"	"2190"	"6.4e+06"	D	"29056.324"	"51770.557"	"3d6.(5D).4s.4p.(3P*)"	"z 5P*"	"3"	"3d6.(5D).4s (4D).5s"	"g 5D"	"3"		"T2491n"	"L11631"	
"440.14426"	"440.14425"	"950"	"8.18e+05"	C+	"22838.323"	"45551.767"	"3d7.(4P).4s"	"b 3P"	"2"	"3d6.(3P2).4s.4p.(3P*)"	"x 3D*"	"1"		"T5720"	"L11631"	
"440.3175"	"440.31749"	"162"	""		"36686.176"	"59390.684"	"3d7.(4F).4p"	"y 3F*"	"4"	""	"59390e"	"3"		""	"L11631"	
"440.47501"	"440.47498"	"810000"	"2.75e+07"	A	"12560.934"	"35257.324"	"3d7.(4F).4s"	"a 3F"	"3"	"3d7.(4F).4p"	"z 5G*"	"4"		"T3831"	"L11631"	
"440.50187"	"440.50185"	"1070"	"2.95e+02"	C+	"415.933"	"23110.939"	"3d6.4s2"	"a 5D"	"3"	"3d6.(5D).4s.4p.(3P*)"	"z 7F*"	"3"		"T5720"	"L11631"	
"440.7233"	"440.72342"	"257"	""		"29056.324"	"51739.920"	"3d6.(5D).4s.4p.(3P*)"	"z 5P*"	"3"	"3d6.(5D).4s (4D).5s"	"e 3D"	"2"		""	"L11631"	
"440.7657"	"440.76567"	"158"	""		"24335.766"	"47017.188"	"3d7.(2P).4s"	"c 3P"	"2"	"3d7.(4P).4p"	"w 3D*"	"3"		""	"L11631"	
"440.77089"	"440.77086"	"2690"	"7.30e+05"	D+	"17550.181"	"40231.336"	"3d7.(4P).4s"	"a 5P"	"3"	"3d6.(5D).4s.4p.(1P*)"	"x 5D*"	"2"		"T5720"	"L11631"	
"440.84132"	"440.84132"	"3890"	"1.92e+06"	D+	"17726.988"	"40404.518"	"3d7.(4P).4s"	"a 5P"	"2"	"3d6.(5D).4s.4p.(1P*)"	"x 5D*"	"1"		"T5720"	"L11631"	
"440.91192"	"440.91189"	"468"	"7.4e+05"	D	"26623.735"	"49297.635"	"3d7.(2D2).4s"	"a 3D"	"2"	"3d6.(3F2).4s.4p.(3P*)"	"v 3D*"	"1"		"T2578n"	"L11631"	
"441.4931"	"441.49315"	"151"	""		"31322.613"	"53966.662"	"3d6.(5D).4s.4p.(3P*)"	"z 3D*"	"3"	"3d7.(4F).4d"	"h 5D"	"2"		""	"L11631"	
"441.51222"	"441.51221"	"288000"	"1.19e+07"	A	"12968.554"	"35611.625"	"3d7.(4F).4s"	"a 3F"	"2"	"3d7.(4F).4p"	"z 5G*"	"3"		"T3831"	"L11631"	
"441.8419"	"441.84194"	"138"	""		"24118.819"	"46744.993"	"3d6.4s2"	"b 3G"	"4"	"3d7.(4P).4p"	"u 5D*"	"3"		""	"L11631"	
"442.25678"	"442.25677"	"12300"	"8.72e+06"	B+	"22946.816"	"45551.767"	"3d7.(4P).4s"	"b 3P"	"1"	"3d6.(3P2).4s.4p.(3P*)"	"x 3D*"	"1"		"T5720"	"L11631"	
"442.31412"	"442.31407"	"295"	"1.3e+05"	E	"24118.819"	"46720.842"	"3d6.4s2"	"b 3G"	"4"	"3d7.(4P).4p"	"u 5D*"	"4"		"T2578n"	"L11631"	
"442.38405"	"442.38410"	"427"	"1.8e+06"	D	"29469.024"	"52067.469"	"3d6.(5D).4s.4p.(3P*)"	"z 5P*"	"2"	"3d6.(5D).4s (6D).4d"	"e 5P"	"2"		"T2578n"	"L11631"	
"442.4068"	"442.40673"	"120"	"2.37e+05"	C	"29371.812"	"51969.101"	"3d6.4s2"	"b 3D"	"3"	"3d7.(2P).4p"	"u 3D*"	"3"		"T6110"	"L11631"	
"442.41876"	"442.41873"	"251"	""		"28604.613"	"51201.289"	"3d7.(2D2).4s"	"a 1D"	"2"	"3d7.(2D2).4p"	"v 3F*"	"2"		""	"L11631"	
"442.5656"	"442.56574"	"200"	""		"28819.954"	"51409.124"	"3d7.(2H).4s"	"a 1H"	"5"	"3d6.(3G).4s.4p.(3P*)"	"x 3H*"	"4"		""	"L11631"	
"442.5752"	"442.57511"	"89"	""		"26339.696"	"48928.388"	"3d6.(5D).4s.4p.(3P*)"	"z 5D*"	"2"	"3d7.(4F).5s"	"e 3F"	"2"		""	"L11631"	
""	"442.72981"	"m"	""		"29469.024"	"52049.823"	"3d6.(5D).4s.4p.(3P*)"	"z 5P*"	"2"	"3d6.(5D).4s (4D).5s"	"g 5D"	"2"		""	"L11631"	
"442.73096"	"442.73095"	"117000"	"3.41e+04"	A	"415.933"	"22996.674"	"3d6.4s2"	"a 5D"	"3"	"3d6.(5D).4s.4p.(3P*)"	"z 7F*"	"4"		"T3547"	"L11631"	
"442.8567"	"442.85702"	"110"	""		"31805.071"	"54379.384"	"3d6.(5D).4s.4p.(3P*)"	"z 3F*"	"3"	"3d7.(4F).4d"	"e 3G"	"3"		""	"L11631"	
"442.9187"	"442.91906"	"195"	""		"31686.351"	"54257.502"	"3d6.(5D).4s.4p.(3P*)"	"z 3D*"	"2"	"3d7.(4F).4d"	"g 5F"	"2"		""	"L11631"	
"443.01888"	"443.01887"	"1120"	"2.00e+06"	E	"24335.766"	"46901.832"	"3d7.(2P).4s"	"c 3P"	"2"	"3d6.(3P2).4s.4p.(3P*)"	"y 3P*"	"1"		"T5720"	"L11631"	
"443.06137"	"443.06136"	"4170"	"7.45e+06"	B	"17927.382"	"40491.284"	"3d7.(4P).4s"	"a 5P"	"1"	"3d6.(5D).4s.4p.(1P*)"	"x 5D*"	"0"		"T4187"	"L11631"	
"443.25675"	"443.25674"	"810"	"8.4e+05"	D	"28819.954"	"51373.910"	"3d7.(2H).4s"	"a 1H"	"5"	"3d7.(2H).4p"	"u 3G*"	"5"		"T2578n"	"L11631"	
"443.32184"	"443.32183"	"3720"	"2.1e+07"	D	"29469.024"	"52019.669"	"3d6.(5D).4s.4p.(3P*)"	"z 5P*"	"2"	"3d6.(5D).4s (6D).4d"	"e 5P"	"1"		"T2578n"	"L11631"	
"443.37821"	"443.37818"	"1230"	"2.62e+06"	B	"29056.324"	"51604.103"	"3d6.(5D).4s.4p.(3P*)"	"z 5P*"	"3"	"3d6.(5D).4s (6D).4d"	"f 5F"	"3"		"T5720"	"L11631"	
"443.51486"	"443.51485"	"4900"	"4.72e+03"	A	"704.007"	"23244.838"	"3d6.4s2"	"a 5D"	"2"	"3d6.(5D).4s.4p.(3P*)"	"z 7F*"	"1"		"T3547"	"L11631"	
"443.69203"	"443.69204"	"1100"	"2.82e+05"	C	"24574.655"	"47106.484"	"3d7.(2G).4s"	"a 1G"	"4"	"3d6.(3H).4s.4p.(3P*)"	"z 3H*"	"4"		"T5720"	"L11631"	
"443.83430"	"443.83425"	"417"	"8.5e+06"	D	"29732.736"	"52257.346"	"3d6.(5D).4s.4p.(3P*)"	"z 5P*"	"1"	"3d6.(5D).4s (4D).5s"	"g 5D"	"0"		"T2578n"	"L11631"	
"443.9634"	"443.9634"	"219bl*"	""		"36686.176"	"59204.233"	"3d7.(4F).4p"	"y 3F*"	"4"	"3d7.(4F).5d"	"3G"	"4"		""	"L11631"	
"443.9634"	"443.96341"	"219bl*"	"7.9e+04"	E	"24574.655"	"47092.712"	"3d7.(2G).4s"	"a 1G"	"4"	"3d6.(3F2).4s.4p.(3P*)"	"x 3F*"	"3"		"T2578n"	"L11631"	
"443.98805"	"443.98812"	"680"	"6.73e+04"	B	"18378.186"	"40894.990"	"3d6.4s2"	"a 3P2"	"2"	"3d6.(3P2).4s.4p.(3P*)"	"z 5S*"	"2"		"T4187"	"L11631"	
"444.0479"	"444.04789"	"145"	"4.5e+05"	E	"29056.324"	"51570.097"	"3d6.(5D).4s.4p.(3P*)"	"z 5P*"	"3"	"3d6.(5D).4s (6D).4d"	"e 7S"	"3"		"T2578n"	"L11631"	
"444.08236"	"444.08243"	"102"	"3.0e+06"	E	"31937.325"	"54449.347"	"3d6.(5D).4s.4p.(3P*)"	"z 3D*"	"1"	"3d7.(4F).4d"	"f 3D"	"1"		"T2578n"	"L11631"	
"444.0969"	"444.09691"	"40"	""		"26623.735"	"49135.023"	"3d7.(2D2).4s"	"a 3D"	"2"	"3d6.(3F2).4s.4p.(3P*)"	"v 3D*"	"3"		""	"L11631"	
"444.1545"	"444.15464"	"71"	""		"31322.613"	"53830.975"	"3d6.(5D).4s.4p.(3P*)"	"z 3D*"	"3"	"3d7.(4F).4d"	"g 5F"	"3"		""	"L11631"	
"444.23387"	"444.23386"	"13500"	"3.76e+06"	B	"17726.988"	"40231.336"	"3d7.(4P).4s"	"a 5P"	"2"	"3d6.(5D).4s.4p.(1P*)"	"x 5D*"	"2"		"T4187"	"L11631"	
"444.28313"	"444.28310"	"1910"	"1.09e+05"	B	"17550.181"	"40052.035"	"3d7.(4P).4s"	"a 5P"	"3"	"3d5.(6S).4s2.4p"	"y 7P*"	"2"		"T4187"	"L11631"	
"444.3194"	"444.31938"	"14100bl*"	"1.02e+07"	B+	"23051.750"	"45551.767"	"3d7.(4P).4s"	"b 3P"	"0"	"3d6.(3P2).4s.4p.(3P*)"	"x 3D*"	"1"		"T5720"	"L11631"	
"444.3194"	"444.31953"	"14100bl*"	""		"24772.018"	"47272.027"	"3d7.(2P).4s"	"c 3P"	"1"	"3d7.(4P).4p"	"w 3D*"	"1"		""	"L11631"	
"444.54712"	"444.54707"	"427"	"2.44e+02"	A	"704.007"	"23192.500"	"3d6.4s2"	"a 5D"	"2"	"3d6.(5D).4s.4p.(3P*)"	"z 7F*"	"2"		"T3547"	"L11631"	
"444.68318"	"444.68319"	"760"	"5.38e+06"	B	"29732.736"	"52214.345"	"3d6.(5D).4s.4p.(3P*)"	"z 5P*"	"1"	"3d6.(5D).4s (4D).5s"	"g 5D"	"1"		"T6110"	"L11631"	
"444.6896"	"444.68956"	"105"	""		"26627.609"	"49108.896"	"3d7.(2H).4s"	"b 3H"	"4"	"3d7.(2G).4p"	"w 3F*"	"4"		""	"L11631"	
"444.71301"	"444.71298"	"1780"	"8.91e+04"	C+	"17726.988"	"40207.091"	"3d7.(4P).4s"	"a 5P"	"2"	"3d5.(6S).4s2.4p"	"y 7P*"	"3"		"T5720"	"L11631"	
"444.77170"	"444.77169"	"9500"	"5.11e+06"	B	"17927.382"	"40404.518"	"3d7.(4P).4s"	"a 5P"	"1"	"3d6.(5D).4s.4p.(1P*)"	"x 5D*"	"1"		"T4187"	"L11631"	
"444.7805"	"444.78027"	"162"	""		"34039.516"	"56516.218"	"3d7.(4F).4p"	"y 5F*"	"4"	"3d7.(4F).6s"	"5F"	"4"		""	"L11631"	
"445.03153"	"445.03156"	"760"	"1.15e+06"	C+	"25091.599"	"47555.610"	"3d7.(2P).4s"	"c 3P"	"0"	"3d7.(4P).4p"	"y 3S*"	"1"		"T5720"	"L11631"	
"445.0767"	"445.07667"	"71"	"2.3e+05"	E	"31307.245"	"53768.979"	"3d6.(5D).4s.4p.(3P*)"	"z 3F*"	"4"	"3d7.(4F).4d"	"f 5G"	"4"		"T2578n"	"L11631"	
"445.2609"	"445.26109"	"219bl"	"8.3e+05"	E	"31805.071"	"54257.502"	"3d6.(5D).4s.4p.(3P*)"	"z 3F*"	"3"	"3d7.(4F).4d"	"g 5F"	"2"		"T2578n"	"L11631"	
"445.2799"	"445.27991"	"214"	""		"20874.482"	"43325.964"	"3d6.4s2"	"b 3F2"	"3"	"3d6.(3H).4s.4p.(3P*)"	"z 5H*"	"3"		""	"L11631"	
"445.43807"	"445.43808"	"8300"	"3.38e+06"	B+	"22838.323"	"45281.833"	"3d7.(4P).4s"	"b 3P"	"2"	"3d6.(3P2).4s.4p.(3P*)"	"x 3D*"	"2"		"T5720"	"L11631"	
"445.46709"	"445.46706"	"209"	""		"29320.026"	"51762.076"	"3d6.4s2"	"b 3D"	"1"	"3d6.(3H).4s.4p.(3P*)"	"x 1D*"	"2"		""	"L11631"	
"445.50270"	"445.50269"	"740"	"4.1e+06"	E	"31307.245"	"53747.500"	"3d6.(5D).4s.4p.(3P*)"	"z 3F*"	"4"	"3d7.(4F).4d"	"f 3D"	"3"		"T2578n"	"L11631"	
"445.63254"	"445.63255"	"1150"	"2.06e+05"	B	"24574.655"	"47008.371"	"3d7.(2G).4s"	"a 1G"	"4"	"3d6.(3H).4s.4p.(3P*)"	"z 3H*"	"5"		"T5720"	"L11631"	
"445.66299"	"445.66280"	"219"	"6.8e+05"	E	"31307.245"	"53739.438"	"3d6.(5D).4s.4p.(3P*)"	"z 3F*"	"4"	"3d7.(4F).4d"	"e 3G"	"5"		"T2578n"	"L11631"	
"445.80799"	"445.80800"	"830"	""		"31322.613"	"53747.500"	"3d6.(5D).4s.4p.(3P*)"	"z 3D*"	"3"	"3d7.(4F).4d"	"f 3D"	"3"		""	"L11631"	
""	"445.85765"	""	"3.0e-02"	E	"415.933"	"22838.323"	"3d6.4s2"	"a 5D"	"3"	"3d7.(4P).4s"	"b 3P"	"2"	M1	"T6409"	""	
""	"445.85765"	""	"3.0e-03"	E	"415.933"	"22838.323"	"3d6.4s2"	"a 5D"	"3"	"3d7.(4P).4s"	"b 3P"	"2"	E2	"T6409"	""	
"445.91173"	"445.91170"	"9500"	"2.52e+06"	B	"17550.181"	"39969.853"	"3d7.(4P).4s"	"a 5P"	"3"	"3d6.(5D).4s.4p.(1P*)"	"x 5D*"	"3"		"T4187"	"L11631"	
"445.93524"	"445.93521"	"550"	""		"33695.397"	"56113.887"	"3d7.(4F).4p"	"y 5F*"	"5"	"3d7.(4F).6s"	"5F"	"5"		""	"L11631"	
"446.11964"	"446.11955"	"457"	""		"24335.766"	"46744.993"	"3d7.(2P).4s"	"c 3P"	"2"	"3d7.(4P).4p"	"u 5D*"	"3"		""	"L11631"	
"446.13726"	"446.13719"	"269"	""		"27543.003"	"49951.344"	"3d7.(2P).4s"	"a 1P"	"1"	"3d7.(2P).4p"	"w 3P*"	"0"		""	"L11631"	
"446.16525"	"446.16524"	"74000"	"2.95e+04"	A	"704.007"	"23110.939"	"3d6.4s2"	"a 5D"	"2"	"3d6.(5D).4s.4p.(3P*)"	"z 7F*"	"3"		"T3547"	"L11631"	
"446.1970"	"446.19682"	"1450bl*"	"2.31e+06"	B	"29056.324"	"51461.670"	"3d6.(5D).4s.4p.(3P*)"	"z 5P*"	"3"	"3d6.(5D).4s (6D).4d"	"f 5F"	"4"		"T5720"	"L11631"	
"446.1970"	"446.19710"	"1450bl*"	""		"29356.744"	"51762.076"	"3d6.4s2"	"b 3D"	"2"	"3d6.(3H).4s.4p.(3P*)"	"x 1D*"	"2"		""	"L11631"	
"446.2195"	"446.21977"	"200"	""		"29056.324"	"51460.518"	"3d6.(5D).4s.4p.(3P*)"	"z 5P*"	"3"	"3d6.(5D).4s (6D).4d"	"e 7G"	"3"		""	"L11631"	
"446.3132"	"446.31302"	"25"	""		"24772.018"	"47171.531"	"3d7.(2P).4s"	"c 3P"	"1"	"3d7.(4P).4p"	"u 5D*"	"0"		""	"L11631"	
"446.3407"	"446.34038"	"170"	""		"34328.752"	"56726.892"	"3d7.(4F).4p"	"y 5F*"	"3"	"3d6.4s.(6D).5d"	"5F"	"3"		""	"L11631"	
"446.46872"	"446.46903"	"234"	""		"26140.179"	"48531.865"	"3d6.(5D).4s.4p.(3P*)"	"z 5D*"	"3"	"3d7.(4F).5s"	"e 3F"	"3"		""	"L11631"	
"446.47662"	"446.47657"	"890"	"6.66e+05"	C+	"24335.766"	"46727.074"	"3d7.(2P).4s"	"c 3P"	"2"	"3d6.(3P2).4s.4p.(3P*)"	"y 3P*"	"2"		"T5720"	"L11631"	
"446.65515"	"446.65510"	"45700"	"1.20e+07"	B+	"22838.323"	"45220.681"	"3d7.(4P).4s"	"b 3P"	"2"	"3d6.(3P2).4s.4p.(3P*)"	"x 3D*"	"3"		"T5720"	"L11631"	
"446.69383"	"446.69374"	"510"	"3.2e+06"	E	"31686.351"	"54066.773"	"3d6.(5D).4s.4p.(3P*)"	"z 3D*"	"2"	"3d7.(4F).4d"	"f 3D"	"2"		"T2578n"	"L11631"	
"446.93753"	"446.93754"	"8300"	"1.59e+07"	C+	"29469.024"	"51837.238"	"3d6.(5D).4s.4p.(3P*)"	"z 5P*"	"2"	"3d6.(5D).4s (6D).4d"	"e 5P"	"3"		"T5720"	"L11631"	
"447.1677"	"447.16760"	"132"	"1.12e+02"	A	"888.132"	"23244.838"	"3d6.4s2"	"a 5D"	"1"	"3d6.(5D).4s.4p.(3P*)"	"z 7F*"	"1"		"T3547"	"L11631"	
"447.27110"	"447.27049"	"780"	""		"29356.744"	"51708.307"	"3d6.4s2"	"b 3D"	"2"	"3d7.(2P).4p"	"y 1D*"	"2"		""	"L11631"	
"447.60183"	"447.60184"	"25100"	"1.01e+07"	B+	"22946.816"	"45281.833"	"3d7.(4P).4s"	"b 3P"	"1"	"3d6.(3P2).4s.4p.(3P*)"	"x 3D*"	"2"		"T5720"	"L11631"	
"447.60752"	"447.60753"	"8100"	""		"29732.736"	"52067.469"	"3d6.(5D).4s.4p.(3P*)"	"z 5P*"	"1"	"3d6.(5D).4s (6D).4d"	"e 5P"	"2"		""	"L11631"	
"447.80179"	"447.80174"	"151"	"1.6e+04"	E	"17726.988"	"40052.035"	"3d7.(4P).4s"	"a 5P"	"2"	"3d5.(6S).4s2.4p"	"y 7P*"	"2"		"T2578n"	"L11631"	
"447.96025"	"447.95979"	"1230"	""		"29313.008"	"51630.178"	"3d6.4s2"	"a 1I"	"6"	"3d6.(3H).4s.4p.(3P*)"	"1H*"	"5"		""	"L11631"	
"447.99626"	"447.99621"	"447"	""		"32133.991"	"54449.347"	"3d6.(5D).4s.4p.(3P*)"	"z 3F*"	"2"	"3d7.(4F).4d"	"f 3D"	"1"		""	"L11631"	
"448.01363"	"448.01366"	"1150"	"4.31e+05"	C	"24574.655"	"46889.142"	"3d7.(2G).4s"	"a 1G"	"4"	"3d6.(3F2).4s.4p.(3P*)"	"x 3F*"	"4"		"T5720"	"L11631"	
"448.0271"	"448.02703"	"158"	""		"29056.324"	"51370.145"	"3d6.(5D).4s.4p.(3P*)"	"z 5P*"	"3"	"3d6.(5D).4s (6D).4d"	"e 5G"	"2"		""	"L11631"	
"448.16090"	"448.16089"	"540"	"4.5e+06"	D	"29732.736"	"52039.892"	"3d6.(5D).4s.4p.(3P*)"	"z 5P*"	"1"	"3d6.(5D).4s (4D).5s"	"e 3D"	"1"		"T2578n"	"L11631"	
"448.21696"	"448.21691"	"37200"	"2.09e+04"	A	"888.132"	"23192.500"	"3d6.4s2"	"a 5D"	"1"	"3d6.(5D).4s.4p.(3P*)"	"z 7F*"	"2"		"T3547"	"L11631"	
"448.22524"	"448.22523"	"7800"	"2.19e+06"	C	"17927.382"	"40231.336"	"3d7.(4P).4s"	"a 5P"	"1"	"3d6.(5D).4s.4p.(1P*)"	"x 5D*"	"2"		"T5720"	"L11631"	
"448.27390"	"448.27389"	"850"	"2.3e+06"	E	"29469.024"	"51770.557"	"3d6.(5D).4s.4p.(3P*)"	"z 5P*"	"2"	"3d6.(5D).4s (4D).5s"	"g 5D"	"3"		"T2578n"	"L11631"	
"448.3777"	"448.37762"	"110"	"1.4e+05"	E	"29371.812"	"51668.186"	"3d6.4s2"	"b 3D"	"3"	"3d7.(2H).4p"	"u 3G*"	"4"		"T2578n"	"L11631"	
"448.42195"	"448.42198"	"4570"	"5.04e+06"	B	"29056.324"	"51350.492"	"3d6.(5D).4s.4p.(3P*)"	"z 5P*"	"3"	"3d6.(5D).4s (4D).5s"	"g 5D"	"4"		"T5720"	"L11631"	
"448.56753"	"448.56756"	"1700"	"1.1e+07"	D	"29732.736"	"52019.669"	"3d6.(5D).4s.4p.(3P*)"	"z 5P*"	"1"	"3d6.(5D).4s (6D).4d"	"e 5P"	"1"		"T2578n"	"L11631"	
"448.5972"	"448.59695"	"151"	"5.3e+05"	E	"29469.024"	"51754.497"	"3d6.(5D).4s.4p.(3P*)"	"z 5P*"	"2"	"3d6.(5D).4s (6D).4d"	"f 5F"	"1"		"T2578n"	"L11631"	
"448.7736"	"448.77372"	"110"	"5.8e+04"	E	"26105.908"	"48382.603"	"3d7.(2H).4s"	"b 3H"	"6"	"3d7.(2G).4p"	"z 1H*"	"5"		"T2578n"	"L11631"	
"448.81328"	"448.81335"	"389"	"1.4e+06"	D	"29056.324"	"51331.052"	"3d6.(5D).4s.4p.(3P*)"	"z 5P*"	"3"	"3d6.(5D).4s (6D).4d"	"e 7F"	"2"		"T2578n"	"L11631"	
"448.89066"	"448.89057"	"457"	"9.76e+05"	C	"29469.024"	"51739.920"	"3d6.(5D).4s.4p.(3P*)"	"z 5P*"	"2"	"3d6.(5D).4s (4D).5s"	"e 3D"	"2"		"T5720"	"L11631"	
"448.97388"	"448.97387"	"12900"	"1.19e+04"	A	"978.074"	"23244.838"	"3d6.4s2"	"a 5D"	"0"	"3d6.(5D).4s.4p.(3P*)"	"z 7F*"	"1"		"T3547"	"L11631"	
"449.00837"	"449.00840"	"2240"	"3.3e+06"	D	"24335.766"	"46600.818"	"3d7.(2P).4s"	"c 3P"	"2"	"3d6.(3P2).4s.4p.(3P*)"	"z 3S*"	"1"		"T2578n"	"L11631"	
"449.07597"	"449.07596"	"790"	""		"31805.071"	"54066.773"	"3d6.(5D).4s.4p.(3P*)"	"z 3F*"	"3"	"3d7.(4F).4d"	"f 3D"	"2"		""	"L11631"	
"449.08104"	"449.08111"	"166"	""		"31805.071"	"54066.518"	"3d6.(5D).4s.4p.(3P*)"	"z 3F*"	"3"	"3d7.(4F).4d"	"e 3G"	"4"		""	"L11631"	
"449.26780"	"449.26783"	"107"	"2.6e+06"	D	"32133.991"	"54386.186"	"3d6.(5D).4s.4p.(3P*)"	"z 3F*"	"2"	"3d7.(4F).4d"	"g 5F"	"1"		"T2578n"	"L11631"	
"449.3370"	"449.33711"	"129"	""		"28819.954"	"51068.718"	"3d7.(2H).4s"	"a 1H"	"5"	"3d6.(3G).4s.4p.(3P*)"	"x 3H*"	"5"		""	"L11631"	
"449.40552"	"449.40521"	"191"	""		"32133.991"	"54379.384"	"3d6.(5D).4s.4p.(3P*)"	"z 3F*"	"2"	"3d7.(4F).4d"	"e 3G"	"3"		""	"L11631"	
"449.44645"	"449.44644"	"240"	""		"23783.619"	"46026.971"	"3d6.4s2"	"b 3G"	"5"	"3d6.(3H).4s.4p.(3P*)"	"z 3I*"	"6"		""	"L11631"	
"449.45629"	"449.45628"	"12600"	"3.45e+06"	B	"17726.988"	"39969.853"	"3d7.(4P).4s"	"a 5P"	"2"	"3d6.(5D).4s.4p.(1P*)"	"x 5D*"	"3"		"T4187"	"L11631"	
""	"449.45742"	""	"4.4e-02"	E	"704.007"	"22946.816"	"3d6.4s2"	"a 5D"	"2"	"3d7.(4P).4s"	"b 3P"	"1"	M1	"T6409"	""	
""	"449.45742"	""	"4.0e-03"	E	"704.007"	"22946.816"	"3d6.4s2"	"a 5D"	"2"	"3d7.(4P).4s"	"b 3P"	"1"	E2	"T6409"	""	
"449.55677"	"449.55672"	"170"	""		"29056.324"	"51294.220"	"3d6.(5D).4s.4p.(3P*)"	"z 5P*"	"3"	"3d6.(5D).4s (4D).5s"	"e 3D"	"3"		""	"L11631"	
"449.59528"	"449.59525"	"437"	"1.4e+06"	D	"29469.024"	"51705.014"	"3d6.(5D).4s.4p.(3P*)"	"z 5P*"	"2"	"3d6.(5D).4s (6D).4d"	"f 5F"	"2"		"T2578n"	"L11631"	
"449.8533"	"449.85360"	"62"	""		"31322.613"	"53545.833"	"3d6.(5D).4s.4p.(3P*)"	"z 3D*"	"3"	"3d7.(4F).4d"	"h 5D"	"3"		""	"L11631"	
"449.9136"	"449.91353"	"110"	""		"36686.176"	"58906.436"	"3d7.(4F).4p"	"y 3F*"	"4"	""	"58906e"	"4"		""	"L11631"	
"450.0630"	"450.06348"	"141"	""		"36766.966"	"58979.823"	"3d6.(5D).4s.4p.(1P*)"	"y 5P*"	"3"	"3d6.4s.(4D).4d"	"3D"	"2"		""	"L11631"	
"450.25906"	"450.25907"	"620"	"1.2e+05"	E	"28819.954"	"51023.162"	"3d7.(2H).4s"	"a 1H"	"5"	"3d6.(3G).4s.4p.(3P*)"	"x 3H*"	"6"		"T2578n"	"L11631"	
"450.48303"	"450.48304"	"427"	"2.8e+05"	D	"26339.696"	"48531.865"	"3d6.(5D).4s.4p.(3P*)"	"z 5D*"	"2"	"3d7.(4F).5s"	"e 3F"	"3"		"T2578n"	"L11631"	
"450.7213"	"450.72151"	"79"	""		"25091.599"	"47272.027"	"3d7.(2P).4s"	"c 3P"	"0"	"3d7.(4P).4p"	"w 3D*"	"1"		""	"L11631"	
"450.97339"	"450.97346"	"162"	""		"34039.516"	"56207.552"	"3d7.(4F).4p"	"y 5F*"	"4"	"3d6.4s.(6D).5d"	"5D"	"4"		""	"L11631"	
""	"451.06336"	""	"1.0e-01"	E	"888.132"	"23051.750"	"3d6.4s2"	"a 5D"	"1"	"3d7.(4P).4s"	"b 3P"	"0"	M1	"T6409"	""	
"451.0820"	"451.08223"	"71"	""		"29056.324"	"51219.015"	"3d6.(5D).4s.4p.(3P*)"	"z 5P*"	"3"	"3d6.(5D).4s (6D).4d"	"e 5G"	"3"		""	"L11631"	
"451.41836"	"451.41839"	"830"	"4.4e+05"	D+	"24574.655"	"46720.842"	"3d7.(2G).4s"	"a 1G"	"4"	"3d7.(4P).4p"	"u 5D*"	"4"		"T2491n"	"L11631"	
"451.4416"	"451.44149"	"129"	""		"36686.176"	"58831.230"	"3d7.(4F).4p"	"y 3F*"	"4"	""	"58831e"	"3"		""	"L11631"	
"451.4500"	"451.45026"	"257"	""		"31686.351"	"53830.975"	"3d6.(5D).4s.4p.(3P*)"	"z 3D*"	"2"	"3d7.(4F).4d"	"g 5F"	"3"		""	"L11631"	
"451.5166"	"451.51650"	"89"	"4.4e+04"	E	"23192.500"	"45333.875"	"3d6.(5D).4s.4p.(3P*)"	"z 7F*"	"2"	"3d6.(5D).4s (6D).5s"	"e 5D"	"2"		"T2578n"	"L11631"	
"451.75242"	"451.75239"	"1120"	"1.51e+06"	C+	"24772.018"	"46901.832"	"3d7.(2P).4s"	"c 3P"	"1"	"3d6.(3P2).4s.4p.(3P*)"	"y 3P*"	"1"		"T5720"	"L11631"	
"451.84318"	"451.84308"	"170"	"2.1e+04"	E	"26105.908"	"48231.280"	"3d7.(2H).4s"	"b 3H"	"6"	"3d6.(3G).4s.4p.(3P*)"	"y 5H*"	"5"		"T2578n"	"L11631"	
"451.85768"	"451.85777"	"195"	"9.1e+03"	E	"17927.382"	"40052.035"	"3d7.(4P).4s"	"a 5P"	"1"	"3d5.(6S).4s2.4p"	"y 7P*"	"2"		"T2578n"	"L11631"	
"452.33984"	"452.33987"	"245"	"5.2e+05"	D	"29469.024"	"51570.097"	"3d6.(5D).4s.4p.(3P*)"	"z 5P*"	"2"	"3d6.(5D).4s (6D).4d"	"e 7S"	"3"		"T2578n"	"L11631"	
"452.51365"	"452.51364"	"6000"	""		"29056.324"	"51148.910"	"3d6.(5D).4s.4p.(3P*)"	"z 5P*"	"3"	"3d6.(5D).4s (6D).4d"	"e 5S"	"2"		""	"L11631"	
"452.5863"	"452.58635"	"60"	"4.7e+04"	E	"23244.838"	"45333.875"	"3d6.(5D).4s.4p.(3P*)"	"z 7F*"	"1"	"3d6.(5D).4s (6D).5s"	"e 5D"	"2"		"T2578n"	"L11631"	
"452.63986"	"452.63981"	"650"	""		"31307.245"	"53393.673"	"3d6.(5D).4s.4p.(3P*)"	"z 3F*"	"4"	"3d7.(4F).4d"	"g 5F"	"4"		""	"L11631"	
"452.65605"	"452.65606"	"468"	""		"25091.599"	"47177.234"	"3d7.(2P).4s"	"c 3P"	"0"	"3d7.(4P).4p"	"u 5D*"	"1"		""	"L11631"	
"452.77824"	"452.77827"	"209"	"1.3e+05"	E	"26224.969"	"48304.643"	"3d7.(2D2).4s"	"a 3D"	"3"	"3d7.(4P).4p"	"x 3P*"	"2"		"T2578n"	"L11631"	
"452.8479"	"452.84788"	"135"	""		"36686.176"	"58762.456"	"3d7.(4F).4p"	"y 3F*"	"4"	"3d6.4s.(6D).7s"	"5D"	"3"		""	"L11631"	
"452.86139"	"452.86136"	"65000"	"5.44e+06"	B	"17550.181"	"39625.804"	"3d7.(4P).4s"	"a 5P"	"3"	"3d6.(5D).4s.4p.(1P*)"	"x 5D*"	"4"		"u25"	"L11631"	
"452.87567"	"452.87566"	"710"	"3.69e+05"	C	"26627.609"	"48702.535"	"3d7.(2H).4s"	"b 3H"	"4"	"3d6.(3H).4s.4p.(3P*)"	"y 1G*"	"4"		"T5720"	"L11631"	
"452.88207"	"452.88204"	"200"	""		"24335.766"	"46410.381"	"3d7.(2P).4s"	"c 3P"	"2"	"3d7.(4P).4p"	"w 5P*"	"1"		""	"L11631"	
"452.95508"	"452.95499"	"680"	""		"31322.613"	"53393.673"	"3d6.(5D).4s.4p.(3P*)"	"z 3D*"	"3"	"3d7.(4F).4d"	"g 5F"	"4"		""	"L11631"	
"452.96758"	""	"1620"	""		""	""	""	""	""	""	""	""		""	"L11631"	
"453.11478"	"453.11477"	"13800"	"2.52e+05"	A	"11976.239"	"34039.516"	"3d7.(4F).4s"	"a 3F"	"4"	"3d7.(4F).4p"	"y 5F*"	"4"		"T3831"	"L11631"	
"453.1630"	"453.16255"	"760bl*"	""		"25899.989"	"47960.940"	"3d6.(5D).4s.4p.(3P*)"	"z 5D*"	"4"	"3d7.(4F).5s"	"e 3F"	"4"		""	"L11631"	
"453.1630"	"453.16356"	"760bl*"	""		"29313.008"	"51373.910"	"3d6.4s2"	"a 1I"	"6"	"3d7.(2H).4p"	"u 3G*"	"5"		""	"L11631"	
"453.3956"	"453.39576"	"63"	""		"23783.619"	"45833.223"	"3d6.4s2"	"b 3G"	"5"	"3d6.(3F2).4s.4p.(3P*)"	"x 5G*"	"4"		""	"L11631"	
"453.6486"	"453.64866"	"71"	""		"29371.812"	"51409.124"	"3d6.4s2"	"b 3D"	"3"	"3d6.(3G).4s.4p.(3P*)"	"x 3H*"	"4"		""	"L11631"	
"453.7673"	"453.76703"	"251bl"	"3.1e+04"	E	"26351.040"	"48382.603"	"3d7.(2H).4s"	"b 3H"	"5"	"3d7.(2G).4p"	"z 1H*"	"5"		"T2578n"	"L11631"	
"453.88363"	"453.88362"	"178"	""		"31805.071"	"53830.975"	"3d6.(5D).4s.4p.(3P*)"	"z 3F*"	"3"	"3d7.(4F).4d"	"g 5F"	"3"		""	"L11631"	
"454.06719"	"454.06716"	"145"	""		"24118.819"	"46135.820"	"3d6.4s2"	"b 3G"	"4"	"3d6.(3H).4s.4p.(3P*)"	"z 3I*"	"5"		""	"L11631"	
"454.13138"	"454.13158"	"98"	""		"26224.969"	"48238.847"	"3d7.(2D2).4s"	"a 3D"	"3"	"3d6.(3G).4s.4p.(3P*)"	"v 5F*"	"2"		""	"L11631"	
"454.19413"	"454.19422"	"120"	"3.0e+04"	E	"26351.040"	"48361.882"	"3d7.(2H).4s"	"b 3H"	"5"	"3d6.(3G).4s.4p.(3P*)"	"y 5H*"	"4"		"T2578n"	"L11631"	
"454.24118"	"454.24117"	"295"	"4.5e+05"	D	"29356.744"	"51365.311"	"3d6.4s2"	"b 3D"	"2"	"3d7.(2D2).4p"	"v 3F*"	"3"		"T2578n"	"L11631"	
"454.26983"	"454.26971"	"162"	""		"29732.736"	"51739.920"	"3d6.(5D).4s.4p.(3P*)"	"z 5P*"	"1"	"3d6.(5D).4s (4D).5s"	"e 3D"	"2"		""	"L11631"	
"454.70166"	"454.70169"	"148"	"1.5e+04"	E	"12560.934"	"34547.211"	"3d7.(4F).4s"	"a 3F"	"3"	"3d7.(4F).4p"	"y 5F*"	"2"		"T2578n"	"L11631"	
"454.78471"	"454.78468"	"7800"	"4.48e+06"	D+	"28604.613"	"50586.878"	"3d7.(2D2).4s"	"a 1D"	"2"	"3d7.(2G).4p"	"z 1F*"	"3"		"T5720"	"L11631"	
"454.94666"	"454.94655"	"830"	""		"31307.245"	"53281.689"	"3d6.(5D).4s.4p.(3P*)"	"z 3F*"	"4"	"3d7.(4F).4d"	"f 5G"	"5"		""	"L11631"	
"455.16467"	"455.16479"	"204"	"3.3e+05"	E	"31805.071"	"53768.979"	"3d6.(5D).4s.4p.(3P*)"	"z 3F*"	"3"	"3d7.(4F).4d"	"f 5G"	"4"		"T2578n"	"L11631"	
"455.25413"	""	"1740"	""		""	""	""	""	""	""	""	""		""	"L11631"	
"455.44509"	"455.44510"	"186"	"4.7e+04"	D	"23110.939"	"45061.329"	"3d6.(5D).4s.4p.(3P*)"	"z 7F*"	"3"	"3d6.(5D).4s (6D).5s"	"e 5D"	"3"		"T2578n"	"L11631"	
"455.61256"	"455.61259"	"4070"	"1.05e+07"	B	"29056.324"	"50998.645"	"3d6.(5D).4s.4p.(3P*)"	"z 5P*"	"3"	"3d6.(5D).4s (6D).4d"	"f 7D"	"2"		"T5720"	"L11631"	
"455.69247"	"455.69242"	"71"	"1.4e+05"	D	"26224.969"	"48163.446"	"3d7.(2D2).4s"	"a 3D"	"3"	"3d5.(6S).4s2.4p"	"v 5P*"	"2"		"T2578n"	"L11631"	
"455.81051"	"455.81054"	"209"	""		"29371.812"	"51304.604"	"3d6.4s2"	"b 3D"	"3"	"3d7.(2D2).4p"	"v 3F*"	"4"		""	"L11631"	
"456.00878"	"456.00883"	"380"	"4.7e+05"	D	"29056.324"	"50979.579"	"3d6.(5D).4s.4p.(3P*)"	"z 5P*"	"3"	"3d6.(5D).4s (6D).4d"	"e 5G"	"4"		"T2578n"	"L11631"	
"456.14140"	"456.14132"	"120"	""		"35611.625"	"57528.512"	"3d7.(4F).4p"	"z 5G*"	"3"	"3d7.(4F).6s"	"5F"	"2"		""	"L11631"	
"456.46983"	"456.46969"	"209"	""		"29469.024"	"51370.145"	"3d6.(5D).4s.4p.(3P*)"	"z 5P*"	"2"	"3d6.(5D).4s (6D).4d"	"e 5G"	"2"		""	"L11631"	
"456.48211"	"456.48218"	"269"	""		"24772.018"	"46672.540"	"3d7.(2P).4s"	"c 3P"	"1"	"3d6.(3P2).4s.4p.(3P*)"	"y 3P*"	"0"		""	"L11631"	
"456.53099"	"456.53104"	"178"	"2.2e+05"	E	"26406.465"	"48304.643"	"3d7.(2D2).4s"	"a 3D"	"1"	"3d7.(4P).4p"	"x 3P*"	"2"		"T2578n"	"L11631"	
"456.54112"	"456.54107"	"100"	""		"35856.402"	"57754.099"	"3d7.(4F).4p"	"z 5G*"	"2"	"3d7.(4F).6s"	"5F"	"1"		""	"L11631"	
"456.56616"	"456.56615"	"427"	"4.0e+05"	E	"26140.179"	"48036.673"	"3d6.(5D).4s.4p.(3P*)"	"z 5D*"	"3"	"3d7.(4F).5s"	"e 5F"	"2"		"T2578n"	"L11631"	
"456.65142"	"456.65147"	"398"	"4.48e+05"	D+	"26623.735"	"48516.138"	"3d7.(2D2).4s"	"a 3D"	"2"	"3d7.(4P).4p"	"x 3P*"	"1"		"T5720"	"L11631"	
"456.68665"	"456.68650"	"129"	""		"34782.421"	"56673.145"	"3d7.(4F).4p"	"z 5G*"	"5"	"3d6.4s.(6D).5d"	"5G"	"4"		""	"L11631"	
"456.69882"	"456.69893"	"71"	"5.9e+05"	D	"27543.003"	"49433.131"	"3d7.(2P).4s"	"a 1P"	"1"	"3d7.(2G).4p"	"w 3F*"	"2"		"T2578n"	"L11631"	
"456.8602"	"456.86022"	"40"	""		"31686.351"	"53568.751"	"3d6.(5D).4s.4p.(3P*)"	"z 3D*"	"2"	"3d7.(4F).4d"	"f 5P"	"2"		""	"L11631"	
"456.87629"	"456.87634"	"347"	""		"26339.696"	"48221.324"	"3d6.(5D).4s.4p.(3P*)"	"z 5D*"	"2"	"3d7.(4F).5s"	"e 5F"	"1"		""	"L11631"	
"456.88389"	"456.88396"	"275"	""		"29320.026"	"51201.289"	"3d6.4s2"	"b 3D"	"1"	"3d7.(2D2).4p"	"v 3F*"	"2"		""	"L11631"	
"456.9055"	"456.90532"	"1020bl"	""		"26351.040"	"48231.280"	"3d7.(2H).4s"	"b 3H"	"5"	"3d6.(3G).4s.4p.(3P*)"	"y 5H*"	"5"		""	"L11631"	
"457.14375"	"457.14374"	"76"	"2.8e+04"	E	"23192.500"	"45061.329"	"3d6.(5D).4s.4p.(3P*)"	"z 7F*"	"2"	"3d6.(5D).4s (6D).5s"	"e 5D"	"3"		"T2578n"	"L11631"	
"457.42159"	"457.42153"	"309"	"1.6e+05"	E	"25899.989"	"47755.537"	"3d6.(5D).4s.4p.(3P*)"	"z 5D*"	"4"	"3d7.(4F).5s"	"e 5F"	"3"		"T2578n"	"L11631"	
"457.47176"	"457.47173"	"295"	"8.2e+04"	D	"18378.186"	"40231.336"	"3d6.4s2"	"a 3P2"	"2"	"3d6.(5D).4s.4p.(1P*)"	"x 5D*"	"2"		"T2578n"	"L11631"	
"457.57799"	"457.57795"	"269"	""		"26627.609"	"48475.686"	"3d7.(2H).4s"	"b 3H"	"4"	"3d6.(3G).4s.4p.(3P*)"	"y 5H*"	"3"		""	"L11631"	
"457.6517"	"457.65194"	"79"	""		"29356.744"	"51201.289"	"3d6.4s2"	"b 3D"	"2"	"3d7.(2D2).4p"	"v 3F*"	"2"		""	"L11631"	
"457.9066"	"457.90690"	"20"	""		"26406.465"	"48238.847"	"3d7.(2D2).4s"	"a 3D"	"1"	"3d6.(3G).4s.4p.(3P*)"	"v 5F*"	"2"		""	"L11631"	
"457.9326"	"457.93302"	"209bl"	""		"22845.869"	"44677.006"	"3d6.(5D).4s.4p.(3P*)"	"z 7F*"	"5"	"3d6.(5D).4s (6D).5s"	"e 5D"	"4"		""	"L11631"	
"458.0459"	"458.04601"	"30"	""		"22838.323"	"44664.075"	"3d7.(4P).4s"	"b 3P"	"2"	"3d6.(3F2).4s.4p.(3P*)"	"v 5D*"	"2"		""	"L11631"	
"458.05771"	"458.05767"	"245"	"4.0e+05"	D	"29469.024"	"51294.220"	"3d6.(5D).4s.4p.(3P*)"	"z 5P*"	"2"	"3d6.(5D).4s (4D).5s"	"e 3D"	"3"		"T2578n"	"L11631"	
"458.1191"	"458.11937"	"60"	""		"37157.566"	"58979.823"	"3d6.(5D).4s.4p.(1P*)"	"y 5P*"	"2"	"3d6.4s.(4D).4d"	"3D"	"2"		""	"L11631"	
"458.1508"	"458.15077"	"1550bl"	"5.9e+05"	D	"26140.179"	"47960.940"	"3d6.(5D).4s.4p.(3P*)"	"z 5D*"	"3"	"3d7.(4F).5s"	"e 3F"	"4"		"T2578n"	"L11631"	
"458.2939"	"458.29425"	"60"	""		"22946.816"	"44760.746"	"3d7.(4P).4s"	"b 3P"	"1"	"3d6.(3F2).4s.4p.(3P*)"	"v 5D*"	"1"		""	"L11631"	
"458.37205"	"458.37193"	"112"	""		"25091.599"	"46901.832"	"3d7.(2P).4s"	"c 3P"	"0"	"3d6.(3P2).4s.4p.(3P*)"	"y 3P*"	"1"		""	"L11631"	
"458.47160"	"458.47159"	"282"	""		"29056.324"	"50861.816"	"3d6.(5D).4s.4p.(3P*)"	"z 5P*"	"3"	"3d6.(5D).4s (6D).4d"	"f 7D"	"3"		""	"L11631"	
"458.48189"	"458.48188"	"407"	""		"29056.324"	"50861.327"	"3d6.(5D).4s.4p.(3P*)"	"z 5P*"	"3"	"3d6.(5D).4s (6D).4d"	"e 7P"	"2"		""	"L11631"	
"458.5340"	"458.53390"	"30"	""		"37162.746"	"58965.275"	"3d7.(4F).4p"	"y 3F*"	"3"	"3d6.4s.(4D).4d"	"3G"	"4"		""	"L11631"	
"458.62310"	"458.62303"	"182"	""		"35257.324"	"57055.616"	"3d7.(4F).4p"	"z 5G*"	"4"	"3d6.4s.(6D).5d"	"5G"	"3"		""	"L11631"	
"458.6992"	"458.69908"	"71"	""		"24118.819"	"45913.497"	"3d6.4s2"	"b 3G"	"4"	"3d6.(3F2).4s.4p.(3P*)"	"x 5G*"	"3"		""	"L11631"	
"458.71273"	"458.71274"	"1510"	"6.45e+05"	C	"28819.954"	"50613.983"	"3d7.(2H).4s"	"a 1H"	"5"	"3d6.(3F2).4s.4p.(3P*)"	"x 1G*"	"4"		"T5720"	"L11631"	
"458.7720"	"458.77210"	"89"	"7.9e+05"	E	"32133.991"	"53925.200"	"3d6.(5D).4s.4p.(3P*)"	"z 3F*"	"2"	"3d7.(4F).4d"	"f 5P"	"1"		"T2578n"	"L11631"	
"459.0789"	"459.07885"	"155"	""		"35379.208"	"57155.857"	"3d7.(4F).4p"	"z 3G*"	"5"	"3d6.4s.(6D).5d"	"7G"	"4"		""	"L11631"	
"459.26508"	"459.26509"	"4570"	"1.61e+05"	A	"12560.934"	"34328.752"	"3d7.(4F).4s"	"a 3F"	"3"	"3d7.(4F).4p"	"y 5F*"	"3"		"T3831"	"L11631"	
"459.3525"	"459.35242"	"120bl"	"5.8e+05"	E	"31805.071"	"53568.751"	"3d6.(5D).4s.4p.(3P*)"	"z 3F*"	"3"	"3d7.(4F).4d"	"f 5P"	"2"		"T2578n"	"L11631"	
"459.52077"	"459.52070"	"204"	""		"29313.008"	"51068.718"	"3d6.4s2"	"a 1I"	"6"	"3d6.(3G).4s.4p.(3P*)"	"x 3H*"	"5"		""	"L11631"	
"459.5358"	"459.53582"	"1860bl"	"5.01e+05"	B	"26627.609"	"48382.603"	"3d7.(2H).4s"	"b 3H"	"4"	"3d7.(2G).4p"	"z 1H*"	"5"		"T5720"	"L11631"	
"459.60602"	"459.60598"	"680"	"1.50e+06"	C+	"29056.324"	"50807.997"	"3d6.(5D).4s.4p.(3P*)"	"z 5P*"	"3"	"3d6.(5D).4s (6D).4d"	"f 7D"	"4"		"T5720"	"L11631"	
"459.64152"	"459.64153"	"117"	"2.3e+05"	E	"29469.024"	"51219.015"	"3d6.(5D).4s.4p.(3P*)"	"z 5P*"	"2"	"3d6.(5D).4s (6D).4d"	"e 5G"	"3"		"T2578n"	"L11631"	
"459.65745"	"459.65750"	"166"	""		"26105.908"	"47855.143"	"3d7.(2H).4s"	"b 3H"	"6"	"3d6.(3G).4s.4p.(3P*)"	"y 5H*"	"6"		""	"L11631"	
"459.7251"	"459.72500"	"50"	""		"35379.208"	"57125.250"	"3d7.(4F).4p"	"z 3G*"	"5"	"3d6.4s.(6D).5d"	"5F"	"4"		""	"L11631"	
"459.73799"	"459.73813"	"129"	""		"36766.966"	"58512.387"	"3d6.(5D).4s.4p.(1P*)"	"y 5P*"	"3"	"3d6.4s.(4D).4d"	"5F"	"2"		""	"L11631"	
"459.77451"	"459.77473"	"110"	""		"37162.746"	"58906.436"	"3d7.(4F).4p"	"y 3F*"	"3"	""	"58906e"	"4"		""	"L11631"	
"459.78711"	"459.78716"	"191"	""		"35767.564"	"57510.666"	"3d7.(4F).4p"	"z 3G*"	"4"	"3d7.(4F).6s"	"5F"	"3"		""	"L11631"	
"459.81168"	"459.81167"	"1620"	""		"26479.381"	"48221.324"	"3d6.(5D).4s.4p.(3P*)"	"z 5D*"	"1"	"3d7.(4F).5s"	"e 5F"	"1"		""	"L11631"	
"459.8367"	"459.83665"	"50"	""		"31805.071"	"53545.833"	"3d6.(5D).4s.4p.(3P*)"	"z 3F*"	"3"	"3d7.(4F).4d"	"h 5D"	"3"		""	"L11631"	
"459.8740"	"459.87447"	"71"	""		"29469.024"	"51207.998"	"3d6.(5D).4s.4p.(3P*)"	"z 5P*"	"2"	"3d6.(5D).4s (6D).4d"	"e 7F"	"1"		""	"L11631"	
"459.9741"	"459.97394"	"71"	""		"26627.609"	"48361.882"	"3d7.(2H).4s"	"b 3H"	"4"	"3d6.(3G).4s.4p.(3P*)"	"y 5H*"	"4"		""	"L11631"	
"459.98422"	"459.98401"	"437"	""		"34782.421"	"56516.218"	"3d7.(4F).4p"	"z 5G*"	"5"	"3d7.(4F).6s"	"5F"	"4"		""	"L11631"	
"460.09337"	"460.09314"	"372"	"7.79e+04"	C	"26105.908"	"47834.550"	"3d7.(2H).4s"	"b 3H"	"6"	"3d6.(3F2).4s.4p.(3P*)"	"x 3G*"	"5"		"T5720"	"L11631"	
"460.20007"	"460.20006"	"760"	"7.36e+04"	A	"12968.554"	"34692.148"	"3d7.(4F).4s"	"a 3F"	"2"	"3d7.(4F).4p"	"y 5F*"	"1"		"T3831"	"L11631"	
"460.29407"	"460.29405"	"12900"	"1.72e+05"	A	"11976.239"	"33695.397"	"3d7.(4F).4s"	"a 3F"	"4"	"3d7.(4F).4p"	"y 5F*"	"5"		"T3831"	"L11631"	
"460.33421"	"460.33430"	"95"	"5.3e+04"	E	"22946.816"	"44664.075"	"3d7.(4P).4s"	"b 3P"	"1"	"3d6.(3F2).4s.4p.(3P*)"	"v 5D*"	"2"		"T2578n"	"L11631"	
"460.39486"	"460.39483"	"100"	"5.8e+04"	E	"24118.819"	"45833.223"	"3d6.4s2"	"b 3G"	"4"	"3d6.(3F2).4s.4p.(3P*)"	"x 5G*"	"4"		"T2578n"	"L11631"	
"460.45572"	"460.45563"	"275"	""		"36079.372"	"57790.909"	"3d7.(4F).4p"	"z 3G*"	"3"	"3d7.(4F).6s"	"3F"	"2"		""	"L11631"	
"460.48512"	"460.48496"	"117"	""		"29313.008"	"51023.162"	"3d6.4s2"	"a 1I"	"6"	"3d6.(3G).4s.4p.(3P*)"	"x 3H*"	"6"		""	"L11631"	
"460.55875"	"460.55872"	"204"	""		"34843.957"	"56550.634"	"3d7.(4F).4p"	"z 5G*"	"6"	"3d6.4s.(6D).5d"	"5G"	"5"		""	"L11631"	
"460.7647"	"460.76448"	"2690bl*"	""		"32133.991"	"53830.975"	"3d6.(5D).4s.4p.(3P*)"	"z 3F*"	"2"	"3d7.(4F).4d"	"g 5F"	"3"		""	"L11631"	
"460.7647"	"460.76462"	"2690bl*"	""		"26339.696"	"48036.673"	"3d6.(5D).4s.4p.(3P*)"	"z 5D*"	"2"	"3d7.(4F).5s"	"e 5F"	"2"		""	"L11631"	
"461.1064"	"461.10613"	"89"	""		"26623.735"	"48304.643"	"3d7.(2D2).4s"	"a 3D"	"2"	"3d7.(4P).4p"	"x 3P*"	"2"		""	"L11631"	
"461.11846"	"461.11838"	"145"	"6.64e+04"	D+	"22996.674"	"44677.006"	"3d6.(5D).4s.4p.(3P*)"	"z 7F*"	"4"	"3d6.(5D).4s (6D).5s"	"e 5D"	"4"		"T5783"	"L11631"	
"461.12786"	"461.12787"	"4170"	""		"29469.024"	"51148.910"	"3d6.(5D).4s.4p.(3P*)"	"z 5P*"	"2"	"3d6.(5D).4s (6D).4d"	"e 5S"	"2"		""	"L11631"	
"461.32024"	"461.32025"	"1450"	"2.5e+06"	D	"26550.479"	"48221.324"	"3d6.(5D).4s.4p.(3P*)"	"z 5D*"	"0"	"3d7.(4F).5s"	"e 5F"	"1"		"T2578n"	"L11631"	
"461.3903"	"461.39085"	"79"	""		"37409.555"	"59077.084"	"3d6.(5D).4s.4p.(1P*)"	"y 5P*"	"1"	""	"59077e"	"1"		""	"L11631"	
"461.42051"	"461.42052"	"145"	"2.8e+05"	E	"26623.735"	"48289.871"	"3d7.(2D2).4s"	"a 3D"	"2"	"3d5.(6S).4s2.4p"	"v 5P*"	"1"		"T2578n"	"L11631"	
"461.55623"	"461.55648"	"138"	""		"36940.590"	"58600.344"	"3d7.(2F).4s"	"d 3F"	"2"	"3d6.(3H).4s.4p.(1P*)"	"3G*"	"3"		""	"L11631"	
"461.87574"	"461.87572"	"1660"	"1.36e+05"	B	"23783.619"	"45428.402"	"3d6.4s2"	"b 3G"	"5"	"3d6.(3H).4s.4p.(3P*)"	"y 3G*"	"4"		"T5720"	"L11631"	
"461.92877"	"461.92880"	"2450"	"5.2e+06"	D	"29056.324"	"50698.620"	"3d6.(5D).4s.4p.(3P*)"	"z 5P*"	"3"	"3d6.(5D).4s (6D).4d"	"f 5D"	"2"		"T2578n"	"L11631"	
"462.50450"	"462.50449"	"3470"	""		"26140.179"	"47755.537"	"3d6.(5D).4s.4p.(3P*)"	"z 5D*"	"3"	"3d7.(4F).5s"	"e 5F"	"3"		""	"L11631"	
"462.75464"	"462.75469"	"234"	""		"26627.609"	"48231.280"	"3d7.(2H).4s"	"b 3H"	"4"	"3d6.(3G).4s.4p.(3P*)"	"y 5H*"	"5"		""	"L11631"	
"463.01200"	"463.01197"	"830"	"1.15e+05"	D+	"18378.186"	"39969.853"	"3d6.4s2"	"a 3P2"	"2"	"3d6.(5D).4s.4p.(1P*)"	"x 5D*"	"3"		"T5720"	"L11631"	
"463.28201"	"463.28198"	"324"	""		"29469.024"	"51048.107"	"3d6.(5D).4s.4p.(3P*)"	"z 5P*"	"2"	"3d6.(5D).4s (6D).4d"	"f 7D"	"1"		""	"L11631"	
"463.29114"	"463.29113"	"1510"	"7.59e+04"	A	"12968.554"	"34547.211"	"3d7.(4F).4s"	"a 3F"	"2"	"3d7.(4F).4p"	"y 5F*"	"2"		"T3831"	"L11631"	
"463.3756"	"463.37546"	"89bl"	"4.7e+04"	E	"24338.767"	"45913.497"	"3d6.4s2"	"b 3G"	"3"	"3d6.(3F2).4s.4p.(3P*)"	"x 5G*"	"3"		"T2578n"	"L11631"	
"463.47121"	"463.47131"	"129"	""		"37409.555"	"58979.823"	"3d6.(5D).4s.4p.(1P*)"	"y 5P*"	"1"	"3d6.4s.(4D).4d"	"3D"	"2"		""	"L11631"	
"463.5617"	"463.56159"	"89"	"1.0e+04"	E	"23110.939"	"44677.006"	"3d6.(5D).4s.4p.(3P*)"	"z 7F*"	"3"	"3d6.(5D).4s (6D).5s"	"e 5D"	"4"		"T2578n"	"L11631"	
"463.58459"	"463.58462"	"870"	"2.72e+05"	C+	"22946.816"	"44511.812"	"3d7.(4P).4s"	"b 3P"	"1"	"3d7.(4P).4p"	"y 5S*"	"2"		"T5720"	"L11631"	
"463.6670"	"463.66699"	"110"	""		"24574.655"	"46135.820"	"3d7.(2G).4s"	"a 1G"	"4"	"3d6.(3H).4s.4p.(3P*)"	"z 3I*"	"5"		""	"L11631"	
"463.75030"	"463.75029"	"2950"	"2.8e+06"	D	"26479.381"	"48036.673"	"3d6.(5D).4s.4p.(3P*)"	"z 5D*"	"1"	"3d7.(4F).5s"	"e 5F"	"2"		"T2578n"	"L11631"	
"463.8010"	"463.80096"	"2450bl"	"3.37e+06"	C+	"29056.324"	"50611.261"	"3d6.(5D).4s.4p.(3P*)"	"z 5P*"	"3"	"3d6.(5D).4s (6D).4d"	"e 7P"	"3"		"T5720"	"L11631"	
"463.96598"	"463.96533"	"219"	""		"37162.746"	"58710.047"	"3d7.(4F).4p"	"y 3F*"	"3"	"3d6.(5D).4s (4D).4d"	"g 5G"	"3"		""	"L11631"	
"464.34631"	"464.34634"	"1410"	"4.41e+06"	B	"29469.024"	"50998.645"	"3d6.(5D).4s.4p.(3P*)"	"z 5P*"	"2"	"3d6.(5D).4s (6D).4d"	"f 7D"	"2"		"T5720"	"L11631"	
"464.71788"	"464.71789"	"174"	""		"37409.555"	"58921.963"	"3d6.(5D).4s.4p.(1P*)"	"y 5P*"	"1"	"3d6.4s.(4D).4d"	"5S"	"2"		""	"L11631"	
"464.74339"	"464.74340"	"16200"	"1.25e+06"	B	"23783.619"	"45294.846"	"3d6.4s2"	"b 3G"	"5"	"3d6.(3H).4s.4p.(3P*)"	"y 3G*"	"5"		"T5720"	"L11631"	
"464.8977"	"464.89737"	"132"	""		"26351.040"	"47855.143"	"3d7.(2H).4s"	"b 3H"	"5"	"3d6.(3G).4s.4p.(3P*)"	"y 5H*"	"6"		""	"L11631"	
"464.98162"	"464.98163"	"219"	"6.4e+04"	E	"26105.908"	"47606.114"	"3d7.(2H).4s"	"b 3H"	"6"	"3d6.(3G).4s.4p.(3P*)"	"v 5F*"	"5"		"T2578n"	"L11631"	
"465.3490"	"465.34887"	"79"	""		"7985.785"	"29469.024"	"3d7.(4F).4s"	"a 5F"	"2"	"3d6.(5D).4s.4p.(3P*)"	"z 5P*"	"2"		""	"L11631"	
"465.44980"	"465.44977"	"3020"	"5.64e+04"	A	"12560.934"	"34039.516"	"3d7.(4F).4s"	"a 3F"	"3"	"3d7.(4F).4p"	"y 5F*"	"4"		"T3831"	"L11631"	
"465.4605"	"465.46080"	"1740bl"	"3.68e+06"	B	"29056.324"	"50534.397"	"3d6.(5D).4s.4p.(3P*)"	"z 5P*"	"3"	"3d6.(5D).4s (6D).4d"	"f 5D"	"3"		"T5720"	"L11631"	
"465.46283"	"465.46312"	"3630"	""		"25899.989"	"47377.955"	"3d6.(5D).4s.4p.(3P*)"	"z 5D*"	"4"	"3d7.(4F).5s"	"e 5F"	"4"		""	"L11631"	
"465.64570"	"465.64519"	"170"	""		"35257.324"	"56726.892"	"3d7.(4F).4p"	"z 5G*"	"4"	"3d6.4s.(6D).5d"	"5F"	"3"		""	"L11631"	
"465.75845"	"465.75852"	"170"	"1.5e+05"	D	"22946.816"	"44411.160"	"3d7.(4P).4s"	"b 3P"	"1"	"3d6.(3P2).4s.4p.(3P*)"	"w 5D*"	"1"		"T2578n"	"L11631"	
"465.82944"	"465.82940"	"123"	"3.5e+04"	E	"26351.040"	"47812.118"	"3d7.(2H).4s"	"b 3H"	"5"	"3d6.(3F2).4s.4p.(3P*)"	"x 3G*"	"4"		"T2578n"	"L11631"	
"466.0431"	"466.04255"	"110"	""		"35767.564"	"57218.827"	"3d7.(4F).4p"	"z 3G*"	"4"	"3d7.(4F).6s"	"3F"	"3"		""	"L11631"	
"466.1319"	"466.13233"	"30"	""		"22838.323"	"44285.454"	"3d7.(4P).4s"	"b 3P"	"2"	"3d6.(3F2).4s.4p.(3P*)"	"w 5F*"	"2"		""	"L11631"	
"466.15341"	"466.15348"	"158"	"3.3e+06"	E	"36766.966"	"58213.124"	"3d6.(5D).4s.4p.(1P*)"	"y 5P*"	"3"	"3d6.4s.(4D).4d"	"5P"	"2"		"T2578n"	"L11631"	
"466.1876"	"466.18755"	"151"	""		"37521.161"	"58965.752"	"3d7.(4F).4p"	"y 3F*"	"2"	"3d6.4s.(4D).4d"	"3D"	"1"		""	"L11631"	
"466.19699"	"466.19703"	"1100"	"1.38e+05"	B	"24118.819"	"45562.974"	"3d6.4s2"	"b 3G"	"4"	"3d6.(3H).4s.4p.(3P*)"	"y 3G*"	"3"		"T5720"	"L11631"	
"466.31779"	"466.31782"	"195"	"4.3e+05"	E	"28604.613"	"50043.213"	"3d7.(2D2).4s"	"a 1D"	"2"	"3d7.(2P).4p"	"w 3P*"	"1"		"T2578n"	"L11631"	
"466.4718"	"466.47175"	"110"	""		"22946.816"	"44378.342"	"3d7.(4P).4s"	"b 3P"	"1"	"3d6.(3F2).4s.4p.(3P*)"	"w 5F*"	"1"		""	"L11631"	
"466.6111"	"466.61098"	"100"	""		"34782.421"	"56207.552"	"3d7.(4F).4p"	"z 5G*"	"5"	"3d6.4s.(6D).5d"	"5D"	"4"		""	"L11631"	
"466.74528"	"466.74533"	"5400"	"6.03e+06"	B	"29056.324"	"50475.288"	"3d6.(5D).4s.4p.(3P*)"	"z 5P*"	"3"	"3d6.(5D).4s (6D).4d"	"e 7P"	"4"		"T5720"	"L11631"	
"466.80613"	"466.80614"	"380"	""		"29732.736"	"51148.910"	"3d6.(5D).4s.4p.(3P*)"	"z 5P*"	"1"	"3d6.(5D).4s (6D).4d"	"e 5S"	"2"		""	"L11631"	
"466.81341"	"466.81340"	"5500"	""		"26339.696"	"47755.537"	"3d6.(5D).4s.4p.(3P*)"	"z 5D*"	"2"	"3d7.(4F).5s"	"e 5F"	"3"		""	"L11631"	
"466.91708"	"466.91724"	"1230"	"6.27e+06"	C+	"29469.024"	"50880.102"	"3d6.(5D).4s.4p.(3P*)"	"z 5P*"	"2"	"3d6.(5D).4s (6D).4d"	"f 5D"	"1"		"T5720"	"L11631"	
"467.1414"	"467.14145"	"60"	""		"37521.161"	"58921.963"	"3d7.(4F).4p"	"y 3F*"	"2"	"3d6.4s.(4D).4d"	"5S"	"2"		""	"L11631"	
"467.2830"	"467.28300"	"110"	""		"12968.554"	"34362.873"	"3d7.(4F).4s"	"a 3F"	"2"	"3d6.(5D).4s.4p.(3P*)"	"z 3P*"	"1"		""	"L11631"	
"467.31633"	"467.31636"	"1380"	"3.81e+06"	D+	"29469.024"	"50861.816"	"3d6.(5D).4s.4p.(3P*)"	"z 5P*"	"2"	"3d6.(5D).4s (6D).4d"	"f 7D"	"3"		"T5720"	"L11631"	
"467.32697"	"467.32704"	"229"	""		"29469.024"	"50861.327"	"3d6.(5D).4s.4p.(3P*)"	"z 5P*"	"2"	"3d6.(5D).4s (6D).4d"	"e 7P"	"2"		""	"L11631"	
"467.46474"	"467.46480"	"120"	"1.2e+03"	E	"12560.934"	"33946.933"	"3d7.(4F).4s"	"a 3F"	"3"	"3d6.(5D).4s.4p.(3P*)"	"z 3P*"	"2"		"T2578n"	"L11631"	
"467.5096"	"467.50935"	"145"	""		"33095.941"	"54479.902"	"3d7.(4F).4p"	"y 5D*"	"4"	"3d6.4s.(6D).6s"	"5D"	"4"		""	"L11631"	
"467.7589"	"467.75874"	"79"	""		"33507.123"	"54879.683"	"3d7.(4F).4p"	"y 5D*"	"3"	"3d7.(4F).4d"	"e 3P"	"2"		""	"L11631"	
"467.88455"	"467.88456"	"6200"	"4.97e+06"	B	"29056.324"	"50423.137"	"3d6.(5D).4s.4p.(3P*)"	"z 5P*"	"3"	"3d6.(5D).4s (6D).4d"	"f 5D"	"4"		"T5720"	"L11631"	
"467.9224"	"467.92174"	"302bl*"	""		"36766.966"	"58132.081"	"3d6.(5D).4s.4p.(1P*)"	"y 5P*"	"3"	"3d6.4s.(4D).4d"	"5F"	"3"		""	"L11631"	
"467.9224"	"467.92253"	"302bl*"	"1.29e+05"	C+	"26224.969"	"47590.048"	"3d7.(2D2).4s"	"a 3D"	"3"	"3d6.(3G).4s.4p.(3P*)"	"w 5G*"	"4"		"T6110"	"L11631"	
"468.02945"	"468.02946"	"269"	"7.32e+03"	A	"12968.554"	"34328.752"	"3d7.(4F).4s"	"a 3F"	"2"	"3d7.(4F).4p"	"y 5F*"	"3"		"T3831"	"L11631"	
"468.04669"	"468.04672"	"170"	"1.90e+05"	D	"23051.750"	"44411.160"	"3d7.(4P).4s"	"b 3P"	"0"	"3d6.(3P2).4s.4p.(3P*)"	"w 5D*"	"1"		"T5720"	"L11631"	
"468.0550"	"468.05516"	"126"	""		"36975.588"	"58334.613"	"3d7.(2F).4s"	"d 3F"	"3"	"3d6.(3H).4s.4p.(1P*)"	"3G*"	"4"		""	"L11631"	
"468.21108"	"468.21115"	"234"	""		"36766.966"	"58118.875"	"3d6.(5D).4s.4p.(1P*)"	"y 5P*"	"3"	"3d6.4s.(4D).4d"	"5F"	"4"		""	"L11631"	
"468.25601"	"468.25580"	"129"	"3.7e+04"	E	"23711.456"	"45061.329"	"3d6.(5D).4s.4p.(3P*)"	"z 7P*"	"4"	"3d6.(5D).4s (6D).5s"	"e 5D"	"3"		"T2578n"	"L11631"	
"468.35594"	"468.35601"	"468"	"2.92e+05"	C	"22838.323"	"44183.628"	"3d7.(4P).4s"	"b 3P"	"2"	"3d6.(3P2).4s.4p.(3P*)"	"w 5D*"	"2"		"T5720"	"L11631"	
"468.4597"	"468.45954"	"60"	""		"35611.625"	"56952.213"	"3d7.(4F).4p"	"z 5G*"	"3"	"3d6.4s.(6D).5d"	"5F"	"2"		""	"L11631"	
"468.50243"	"468.50235"	"155"	"3.2e+04"	E	"22946.816"	"44285.454"	"3d7.(4P).4s"	"b 3P"	"1"	"3d6.(3F2).4s.4p.(3P*)"	"w 5F*"	"2"		"T2578n"	"L11631"	
"468.73026"	"468.73023"	"170"	""		"7728.060"	"29056.324"	"3d7.(4F).4s"	"a 5F"	"3"	"3d6.(5D).4s.4p.(3P*)"	"z 5P*"	"3"		""	"L11631"	
"468.73862"	"468.73860"	"560"	"7.50e+04"	C	"22838.323"	"44166.206"	"3d7.(4P).4s"	"b 3P"	"2"	"3d6.(3F2).4s.4p.(3P*)"	"v 5D*"	"3"		"T5720"	"L11631"	
"468.7671"	"468.76698"	"60"	""		"23051.750"	"44378.342"	"3d7.(4P).4s"	"b 3P"	"0"	"3d6.(3F2).4s.4p.(3P*)"	"w 5F*"	"1"		""	"L11631"	
"468.81757"	"468.81761"	"229"	""		"37157.566"	"58481.855"	"3d6.(5D).4s.4p.(1P*)"	"y 5P*"	"2"	"3d6.4s.(4D).4d"	"5P"	"3"		""	"L11631"	
"469.0138"	"469.01375"	"620bl"	"2.29e+06"	C+	"29732.736"	"51048.107"	"3d6.(5D).4s.4p.(3P*)"	"z 5P*"	"1"	"3d6.(5D).4s (6D).4d"	"f 7D"	"1"		"T5720"	"L11631"	
"469.0369"	"469.03688"	"100bl*"	""		"26105.908"	"47420.228"	"3d7.(2H).4s"	"b 3H"	"6"	"3d6.(3G).4s.4p.(3P*)"	"w 5G*"	"5"		""	"L11631"	
"469.0369"	"469.03710"	"100bl*"	""		"8154.714"	"29469.024"	"3d7.(4F).4s"	"a 5F"	"1"	"3d6.(5D).4s.4p.(3P*)"	"z 5P*"	"2"		""	"L11631"	
"469.14114"	"469.14115"	"11200"	"1.01e+06"	B+	"24118.819"	"45428.402"	"3d6.4s2"	"b 3G"	"4"	"3d6.(3H).4s.4p.(3P*)"	"y 3G*"	"4"		"T5720"	"L11631"	
"469.48590"	"469.48586"	"105"	""		"35379.208"	"56673.145"	"3d7.(4F).4p"	"z 3G*"	"5"	"3d6.4s.(6D).5d"	"5G"	"4"		""	"L11631"	
"469.4919"	"469.49175"	"100"	""		"33412.717"	"54706.387"	"3d8"	"c 3F"	"3"	"3d7.(4F).5p"	"3F*"	"2"		""	"L11631"	
"470.0158"	"470.01577"	"540bl"	""		"34843.957"	"56113.887"	"3d7.(4F).4p"	"z 5G*"	"6"	"3d7.(4F).6s"	"5F"	"5"		""	"L11631"	
"470.1044"	"470.10447"	"407bl*"	"8.40e+05"	D+	"19912.495"	"41178.412"	"3d6.(5D).4s.4p.(3P*)"	"z 7D*"	"2"	"3d8"	"3P"	"1"		"T5720"	"L11631"	
"470.1044"	"470.10464"	"407bl*"	"7.2e+05"	E	"29732.736"	"50998.645"	"3d6.(5D).4s.4p.(3P*)"	"z 5P*"	"1"	"3d6.(5D).4s (6D).4d"	"f 7D"	"2"		"T2578n"	"L11631"	
"470.2601"	"470.25977"	"30"	""		"35257.324"	"56516.218"	"3d7.(4F).4p"	"z 5G*"	"4"	"3d7.(4F).6s"	"5F"	"4"		""	"L11631"	
"470.2912"	"470.29132"	"79"	""		"26105.908"	"47363.376"	"3d7.(2H).4s"	"b 3H"	"6"	"3d6.(3G).4s.4p.(3P*)"	"w 5G*"	"6"		""	"L11631"	
"470.49478"	"470.49477"	"950"	"8.8e+06"	D	"29732.736"	"50981.012"	"3d6.(5D).4s.4p.(3P*)"	"z 5P*"	"1"	"3d6.(5D).4s (6D).4d"	"f 5D"	"0"		"T2578n"	"L11631"	
"470.54567"	"470.54568"	"295"	"2.3e+05"	E	"28604.613"	"49850.590"	"3d7.(2D2).4s"	"a 1D"	"2"	"3d7.(2G).4p"	"v 3G*"	"3"		"T2578n"	"L11631"	
"470.62989"	"470.62999"	"65"	""		"29371.812"	"50613.983"	"3d6.4s2"	"b 3D"	"3"	"3d6.(3F2).4s.4p.(3P*)"	"x 1G*"	"4"		""	"L11631"	
"470.72742"	"470.72738"	"9500"	""		"26140.179"	"47377.955"	"3d6.(5D).4s.4p.(3P*)"	"z 5D*"	"3"	"3d7.(4F).5s"	"e 5F"	"4"		""	"L11631"	
"470.74874"	"470.74875"	"780"	"2.92e+05"	C	"22946.816"	"44183.628"	"3d7.(4P).4s"	"b 3P"	"1"	"3d6.(3P2).4s.4p.(3P*)"	"w 5D*"	"2"		"T5720"	"L11631"	
"470.89682"	"470.89683"	"780"	"3.98e+05"	C	"29356.744"	"50586.878"	"3d6.4s2"	"b 3D"	"2"	"3d7.(2G).4p"	"z 1F*"	"3"		"T5720"	"L11631"	
"470.90878"	"470.90876"	"1320"	""		"29469.024"	"50698.620"	"3d6.(5D).4s.4p.(3P*)"	"z 5P*"	"2"	"3d6.(5D).4s (6D).4d"	"f 5D"	"2"		""	"L11631"	
"471.02830"	"471.02833"	"8900"	"1.05e+06"	B+	"24338.767"	"45562.974"	"3d6.4s2"	"b 3G"	"3"	"3d6.(3H).4s.4p.(3P*)"	"y 3G*"	"3"		"T5720"	"L11631"	
"471.21053"	"471.21052"	"138"	"8.5e+04"	E	"24335.766"	"45551.767"	"3d7.(2P).4s"	"c 3P"	"2"	"3d6.(3P2).4s.4p.(3P*)"	"x 3D*"	"1"		"T2578n"	"L11631"	
"471.2357"	"471.23564"	"120"	""		"20019.635"	"41234.505"	"3d6.(5D).4s.4p.(3P*)"	"z 7D*"	"1"	"3d8"	"3P"	"0"		""	"L11631"	
"471.4070"	"471.40672"	"45"	"1.8e+06"	E	"36766.966"	"57974.137"	"3d6.(5D).4s.4p.(1P*)"	"y 5P*"	"3"	"3d6.(5D).4s (4D).4d"	"i 5D"	"2"		"T2578n"	"L11631"	
"471.4118"	"471.41183"	"20"	"6.5e+04"	E	"26627.609"	"47834.550"	"3d7.(2H).4s"	"b 3H"	"4"	"3d6.(3F2).4s.4p.(3P*)"	"x 3G*"	"5"		"T2578n"	"L11631"	
"471.41912"	"471.41915"	"240"	""		"26627.609"	"47834.221"	"3d7.(2H).4s"	"b 3H"	"4"	"3d6.(3F2).4s.4p.(3P*)"	"x 3G*"	"3"		""	"L11631"	
"471.4359"	"471.43591"	"129"	""		"37157.566"	"58363.424"	"3d6.(5D).4s.4p.(1P*)"	"y 5P*"	"2"	"3d6.4s.(4D).4d"	"5F"	"1"		""	"L11631"	
"471.6839"	"471.68370"	"60*"	""		"26224.969"	"47419.687"	"3d7.(2D2).4s"	"a 3D"	"3"	"3d6.(3P2).4s.4p.(3P*)"	"1D*"	"2"		""	"L11631"	
"471.6839"	"471.68424"	"60*"	""		"35257.324"	"56452.018"	"3d7.(4F).4p"	"z 5G*"	"4"	"3d6.4s.(6D).5d"	"7D"	"4"		""	"L11631"	
"472.10003"	"472.10004"	"790"	"4.30e+04"	C+	"24118.819"	"45294.846"	"3d6.4s2"	"b 3G"	"4"	"3d6.(3H).4s.4p.(3P*)"	"y 3G*"	"5"		"T5720"	"L11631"	
"472.5934"	"472.59377"	"50"	""		"34636.792"	"55790.696"	"3d6.4s2"	"b 1D2"	"2"	"3d6.(1G2).4s.4p.(3P*)"	"s 3G*"	"3"		""	"L11631"	
"472.61367"	"472.61368"	"89"	"3.9e+04"	E	"24180.862"	"45333.875"	"3d6.(5D).4s.4p.(3P*)"	"z 7P*"	"3"	"3d6.(5D).4s (6D).5s"	"e 5D"	"2"		"T2578n"	"L11631"	
"472.7263"	"472.72667"	"20"	""		"35856.402"	"57004.359"	"3d7.(4F).4p"	"z 5G*"	"2"	"3d6.4s.(6D).5d"	"7D"	"1"		""	"L11631"	
"472.73943"	"472.73989"	"2090"	"6.85e+06"	C+	"29732.736"	"50880.102"	"3d6.(5D).4s.4p.(3P*)"	"z 5P*"	"1"	"3d6.(5D).4s (6D).4d"	"f 5D"	"1"		"T5720"	"L11631"	
"472.8164"	"472.81628"	"155"	""		"32873.632"	"54017.581"	"3d8"	"c 3F"	"4"	"3d7.(4F).5p"	"3G*"	"4"		""	"L11631"	
"472.85454"	"472.85457"	"2090"	"2.87e+06"	C	"29469.024"	"50611.261"	"3d6.(5D).4s.4p.(3P*)"	"z 5P*"	"2"	"3d6.(5D).4s (6D).4d"	"e 7P"	"3"		"T5720"	"L11631"	
"472.90189"	"472.90192"	"780"	"6.59e+05"	C+	"32873.632"	"54013.752"	"3d8"	"c 3F"	"4"	"3d6.(3D).4s.4p.(3P*)"	"5F*"	"5"		"T5720"	"L11631"	
"472.96763"	"472.96784"	"174"	"1.6e+05"	E	"27394.691"	"48531.865"	"3d6.(5D).4s.4p.(3P*)"	"z 5F*"	"3"	"3d7.(4F).5s"	"e 3F"	"3"		"T2578n"	"L11631"	
"473.1041"	"473.10410"	"129"	""		"32873.632"	"54004.718"	"3d8"	"c 3F"	"4"	"3d6.(3D).4s.4p.(3P*)"	"t 5P*"	"3"		""	"L11631"	
"473.35913"	"473.35912"	"2690"	"3.41e+04"	A	"11976.239"	"33095.941"	"3d7.(4F).4s"	"a 3F"	"4"	"3d7.(4F).4p"	"y 5D*"	"4"		"T3831"	"L11631"	
"473.40977"	"473.40980"	"302"	"1.6e+06"	E	"34636.792"	"55754.233"	"3d6.4s2"	"b 1D2"	"2"	"3d7.(2D2).4p"	"w 1D*"	"2"		"T2578n"	"L11631"	
"473.58436"	"473.58428"	"63"	"1.28e+06"	D+	"32873.632"	"53983.293"	"3d8"	"c 3F"	"4"	"3d6.(3G).4s.4p.(3P*)"	"t 3G*"	"5"		"T5720"	"L11631"	
"473.67731"	"473.67727"	"18200"	"4.78e+06"	B	"25899.989"	"47005.506"	"3d6.(5D).4s.4p.(3P*)"	"z 5D*"	"4"	"3d7.(4F).5s"	"e 5F"	"5"		"T5720"	"L11631"	
"473.7373"	"473.73754"	"20"	""		"37409.555"	"58512.387"	"3d6.(5D).4s.4p.(1P*)"	"y 5P*"	"1"	"3d6.4s.(4D).4d"	"5F"	"2"		""	"L11631"	
"473.7594"	"473.75932"	"60bl"	""		"24118.819"	"45220.681"	"3d6.4s2"	"b 3G"	"4"	"3d6.(3P2).4s.4p.(3P*)"	"x 3D*"	"3"		""	"L11631"	
"473.76350"	"473.76347"	"510"	"1.87e+05"	C+	"26351.040"	"47452.717"	"3d7.(2H).4s"	"b 3H"	"5"	"3d7.(2G).4p"	"z 1G*"	"4"		"T5720"	"L11631"	
"474.03398"	"474.03399"	"710"	"7.69e+04"	C+	"24338.767"	"45428.402"	"3d6.4s2"	"b 3G"	"3"	"3d6.(3H).4s.4p.(3P*)"	"y 3G*"	"4"		"T5720"	"L11631"	
"474.10693"	"474.10694"	"288"	""		"26874.550"	"47960.940"	"3d6.(5D).4s.4p.(3P*)"	"z 5F*"	"5"	"3d7.(4F).5s"	"e 3F"	"4"		""	"L11631"	
"474.15294"	"474.15292"	"1510"	"7.29e+05"	D+	"22838.323"	"43922.668"	"3d7.(4P).4s"	"b 3P"	"2"	"3d6.(3P2).4s.4p.(3P*)"	"w 5D*"	"3"		"T5720"	"L11631"	
"474.2938"	"474.29316"	"50"	""		"33801.572"	"54879.683"	"3d7.(4F).4p"	"y 5D*"	"2"	"3d7.(4F).4d"	"e 3P"	"2"		""	"L11631"	
"474.3197"	"474.32016"	"158"	""		"35767.564"	"56844.475"	"3d7.(4F).4p"	"z 3G*"	"4"	"3d6.4s.(6D).5d"	"7P"	"4"		""	"L11631"	
"474.4942"	"474.49403"	"60"	""		"26351.040"	"47420.228"	"3d7.(2H).4s"	"b 3H"	"5"	"3d6.(3G).4s.4p.(3P*)"	"w 5G*"	"5"		""	"L11631"	
"474.5128"	"474.51281"	"40"	"8.2e+03"	E	"17927.382"	"38995.736"	"3d7.(4P).4s"	"a 5P"	"1"	"3d7.(4F).4p"	"y 3D*"	"1"		"T2578n"	"L11631"	
"474.57998"	"474.57996"	"1550"	"2.27e+06"	C+	"29469.024"	"50534.397"	"3d6.(5D).4s.4p.(3P*)"	"z 5P*"	"2"	"3d6.(5D).4s (6D).4d"	"f 5D"	"3"		"T5720"	"L11631"	
"474.99474"	"474.99480"	"166"	"2.0e+06"	E	"36766.966"	"57813.942"	"3d6.(5D).4s.4p.(1P*)"	"y 5P*"	"3"	"3d6.(5D).4s (4D).4d"	"i 5D"	"3"		"T2578n"	"L11631"	
"475.10840"	"475.10839"	"138"	""		"33765.306"	"54807.250"	"3d8"	"c 3F"	"2"	"3d7.(4F).5p"	"3D*"	"1"		""	"L11631"	
"475.4039"	"475.4036"	"240"	""		"38175.355"	"59204.233"	"3d7.(4F).4p"	"y 3D*"	"3"	"3d7.(4F).5d"	"3G"	"4"		""	"L11631"	
"475.75777"	"475.75780"	"1550"	""		"26406.465"	"47419.687"	"3d7.(2D2).4s"	"a 3D"	"1"	"3d6.(3P2).4s.4p.(3P*)"	"1D*"	"2"		""	"L11631"	
"476.6786"	"476.67870"	"120"	""		"37045.934"	"58018.561"	"3d7.(2F).4s"	"d 3F"	"4"	"3d6.(3H).4s.4p.(1P*)"	"3G*"	"5"		""	"L11631"	
"476.68656"	"476.68654"	"158"	"2.3e+05"	E	"27559.583"	"48531.865"	"3d6.(5D).4s.4p.(3P*)"	"z 5F*"	"2"	"3d7.(4F).5s"	"e 3F"	"3"		"T2578n"	"L11631"	
"476.83200"	"476.83201"	"1020"	""		"29732.736"	"50698.620"	"3d6.(5D).4s.4p.(3P*)"	"z 5P*"	"1"	"3d6.(5D).4s (6D).4d"	"f 5D"	"2"		""	"L11631"	
"476.83962"	"476.83961"	"690"	"1.13e+05"	C	"23711.456"	"44677.006"	"3d6.(5D).4s.4p.(3P*)"	"z 7P*"	"4"	"3d6.(5D).4s (6D).5s"	"e 5D"	"4"		"T5783"	"L11631"	
"476.86985"	"476.86988"	"141"	""		"32873.632"	"53837.851"	"3d8"	"c 3F"	"4"	"3d7.(4F).5p"	"3D*"	"3"		""	"L11631"	
"477.16962"	"477.16961"	"229"	"3.42e+04"	D+	"17726.988"	"38678.039"	"3d7.(4P).4s"	"a 5P"	"2"	"3d7.(4F).4p"	"y 3D*"	"2"		"T6110"	"L11631"	
"477.28027"	"477.28037"	"620"	"5.30e+04"	D+	"12560.934"	"33507.123"	"3d7.(4F).4s"	"a 3F"	"3"	"3d7.(4F).4p"	"y 5D*"	"3"		"T5720"	"L11631"	
"477.28300"	"477.28315"	"950"	"3.76e+05"	C+	"24335.766"	"45281.833"	"3d7.(2P).4s"	"c 3P"	"2"	"3d6.(3P2).4s.4p.(3P*)"	"x 3D*"	"2"		"T5720"	"L11631"	
"477.3146"	"477.31457"	"85"	""		"33412.717"	"54357.405"	"3d8"	"c 3F"	"3"	"3d7.(4F).5p"	"3G*"	"3"		""	"L11631"	
"477.3972"	"477.39679"	"141"	""		"33765.306"	"54706.387"	"3d8"	"c 3F"	"2"	"3d7.(4F).5p"	"3F*"	"2"		""	"L11631"	
"477.60670"	"477.60675"	"229"	"2.2e+05"	E	"26623.735"	"47555.610"	"3d7.(2D2).4s"	"a 3D"	"2"	"3d7.(4P).4p"	"y 3S*"	"1"		"T2578n"	"L11631"	
"477.63769"	"477.63751"	"132"	""		"36766.966"	"57697.493"	"3d6.(5D).4s.4p.(1P*)"	"y 5P*"	"3"	"3d6.(5D).4s (4D).4d"	"i 5D"	"4"		""	"L11631"	
"477.6481"	"477.64813"	"37bl"	""		"33412.717"	"54342.779"	"3d8"	"c 3F"	"3"	"3d7.(4F).5p"	"3D*"	"2"		""	"L11631"	
"477.94391"	"477.94389"	"510"	"2.79e+06"	C	"27543.003"	"48460.113"	"3d7.(2P).4s"	"a 1P"	"1"	"3d7.(4P).4p"	"x 3P*"	"0"		"T5720"	"L11631"	
"478.59562"	"478.59570"	"263"	"4.0e+05"	E	"33412.717"	"54301.340"	"3d8"	"c 3F"	"3"	"3d6.(3D).4s.4p.(3P*)"	"5D*"	"4"		"T2578n"	"L11631"	
"478.68067"	"478.68067"	"4170"	"1.03e+06"	B+	"24335.766"	"45220.681"	"3d7.(2P).4s"	"c 3P"	"2"	"3d6.(3P2).4s.4p.(3P*)"	"x 3D*"	"3"		"T5720"	"L11631"	
"478.78266"	"478.78265"	"372"	"1.05e+05"	D+	"24180.862"	"45061.329"	"3d6.(5D).4s.4p.(3P*)"	"z 7P*"	"3"	"3d6.(5D).4s (6D).5s"	"e 5D"	"3"		"T5720"	"L11631"	
"478.87566"	"478.87565"	"3470"	"3.86e+05"	C+	"26105.908"	"46982.320"	"3d7.(2H).4s"	"b 3H"	"6"	"3d6.(3H).4s.4p.(3P*)"	"z 3H*"	"6"		"T5720"	"L11631"	
""	"478.919921"	""	"3.9e-02"	E	"0.000"	"20874.482"	"3d6.4s2"	"a 5D"	"4"	"3d6.4s2"	"b 3F2"	"3"	M1	"T6409"	""	
"478.96505"	"478.96508"	"11500"	"4.57e+06"	B	"28604.613"	"49477.127"	"3d7.(2D2).4s"	"a 1D"	"2"	"3d6.(3F2).4s.4p.(3P*)"	"1F*"	"3"		"T5720"	"L11631"	
"479.0743"	"479.07459"	"79"	"2.7e+04"	E	"26224.969"	"47092.712"	"3d7.(2D2).4s"	"a 3D"	"3"	"3d6.(3F2).4s.4p.(3P*)"	"x 3F*"	"3"		"T2578n"	"L11631"	
"479.12458"	"479.12466"	"324"	"3.56e+05"	C+	"26406.465"	"47272.027"	"3d7.(2D2).4s"	"a 3D"	"1"	"3d7.(4P).4p"	"w 3D*"	"1"		"T6110"	"L11631"	
"479.2532"	"479.25329"	"170"	""		"32873.632"	"53733.594"	"3d8"	"c 3F"	"4"	"3d6.(3D).4s.4p.(3P*)"	"5F*"	"3"		""	"L11631"	
"479.39616"	"479.39612"	"141"	"1.1e+04"	E	"24574.655"	"45428.402"	"3d7.(2G).4s"	"a 1G"	"4"	"3d6.(3H).4s.4p.(3P*)"	"y 3G*"	"4"		"T2578n"	"L11631"	
"479.7038"	"479.70331"	"71"	""		"35611.625"	"56452.018"	"3d7.(4F).4p"	"z 5G*"	"3"	"3d6.4s.(6D).5d"	"7D"	"4"		""	"L11631"	
"479.82646"	"479.82647"	"479"	"2.77e+06"	C+	"33765.306"	"54600.350"	"3d8"	"c 3F"	"2"	"3d6.(3G).4s.4p.(3P*)"	"t 3G*"	"3"		"T5720"	"L11631"	
"479.87310"	"479.87313"	"174"	"4.1e+03"	E	"12968.554"	"33801.572"	"3d7.(4F).4s"	"a 3F"	"2"	"3d7.(4F).4p"	"y 5D*"	"2"		"T2578n"	"L11631"	
"479.94058"	"479.94059"	"380"	"3.7e+05"	E	"29356.744"	"50186.834"	"3d6.4s2"	"b 3D"	"2"	"3d7.(2P).4p"	"w 3P*"	"2"		"T2578n"	"L11631"	
"480.0128"	"480.01276"	"100bl"	"1.2e+05"	E	"24506.917"	"45333.875"	"3d6.(5D).4s.4p.(3P*)"	"z 7P*"	"2"	"3d6.(5D).4s (6D).5s"	"e 5D"	"2"		"T2578n"	"L11631"	
"480.05537"	"480.05540"	"115"	""		"26627.609"	"47452.717"	"3d7.(2H).4s"	"b 3H"	"4"	"3d7.(2G).4p"	"z 1G*"	"4"		""	"L11631"	
"480.06487"	"480.06485"	"980"	"3.01e+06"	B	"33412.717"	"54237.415"	"3d8"	"c 3F"	"3"	"3d6.(3G).4s.4p.(3P*)"	"t 3G*"	"4"		"T5720"	"L11631"	
"480.28794"	"480.28744"	"1580*"	""		"29798.936"	"50613.983"	"3d6.4s2"	"b 1G2"	"4"	"3d6.(3F2).4s.4p.(3P*)"	"x 1G*"	"4"		""	"L11631"	
"480.28794"	"480.28802"	"1580*"	"1.77e+06"	C+	"29371.812"	"50186.834"	"3d6.4s2"	"b 3D"	"3"	"3d7.(2P).4p"	"w 3P*"	"2"		"T5720"	"L11631"	
"480.45189"	"480.45172"	"229"	""		"28819.954"	"49627.884"	"3d7.(2H).4s"	"a 1H"	"5"	"3d7.(2G).4p"	"v 3G*"	"4"		""	"L11631"	
"480.77084"	"480.77081"	"720"	"2.3e+05"	D	"27166.820"	"47960.940"	"3d6.(5D).4s.4p.(3P*)"	"z 5F*"	"4"	"3d7.(4F).5s"	"e 3F"	"4"		"T2578n"	"L11631"	
"480.8058"	"480.80551"	"60"	""		"26627.609"	"47420.228"	"3d7.(2H).4s"	"b 3H"	"4"	"3d6.(3G).4s.4p.(3P*)"	"w 5G*"	"5"		""	"L11631"	
"480.81480"	"480.81476"	"229"	"7.6e+04"	D	"26224.969"	"47017.188"	"3d7.(2D2).4s"	"a 3D"	"3"	"3d7.(4P).4p"	"w 3D*"	"3"		"T2578n"	"L11631"	
"480.86797"	"480.86793"	"174"	""		"38175.355"	"58965.275"	"3d7.(4F).4p"	"y 3D*"	"3"	"3d6.4s.(4D).4d"	"3G"	"4"		""	"L11631"	
"480.91377"	"480.91369"	"129"	""		"29798.936"	"50586.878"	"3d6.4s2"	"b 1G2"	"4"	"3d7.(2G).4p"	"z 1F*"	"3"		""	"L11631"	
"480.99381"	"480.99396"	"148"	"5.5e+04"	E	"28819.954"	"49604.427"	"3d7.(2H).4s"	"a 1H"	"5"	"3d7.(2G).4p"	"y 3H*"	"5"		"T2578n"	"L11631"	
"481.1028"	"481.10331"	"60"	""		"24772.018"	"45551.767"	"3d7.(2P).4s"	"c 3P"	"1"	"3d6.(3P2).4s.4p.(3P*)"	"x 3D*"	"1"		""	"L11631"	
"481.31125"	"481.31131"	"129"	"1.4e+05"	E	"26406.465"	"47177.234"	"3d7.(2D2).4s"	"a 3D"	"1"	"3d7.(4P).4p"	"u 5D*"	"1"		"T2578n"	"L11631"	
"481.4371"	"481.43698"	"71"	""		"33765.306"	"54530.653"	"3d8"	"c 3F"	"2"	"3d7.(4F).5p"	"5D*"	"2"		""	"L11631"	
"481.5235"	"481.52295"	"120"	""		"27543.003"	"48304.643"	"3d7.(2P).4s"	"a 1P"	"1"	"3d7.(4P).4p"	"x 3P*"	"2"		""	"L11631"	
"481.77778"	"481.77781"	"170"	"2.1e+04"	D	"17927.382"	"38678.039"	"3d7.(4P).4s"	"a 5P"	"1"	"3d7.(4F).4p"	"y 3D*"	"2"		"T2578n"	"L11631"	
"482.41656"	"482.41645"	"427"	""		"29320.026"	"50043.213"	"3d6.4s2"	"b 3D"	"1"	"3d7.(2P).4p"	"w 3P*"	"1"		""	"L11631"	
"483.1202"	"483.11970"	"372bl"	""		"28604.613"	"49297.635"	"3d7.(2D2).4s"	"a 1D"	"2"	"3d6.(3F2).4s.4p.(3P*)"	"v 3D*"	"1"		""	"L11631"	
"483.27273"	"483.27274"	"740"	"1.76e+06"	C+	"29356.744"	"50043.213"	"3d6.4s2"	"b 3D"	"2"	"3d7.(2P).4p"	"w 3P*"	"1"		"T5720"	"L11631"	
"483.45065"	"483.45062"	"158"	"2.7e+04"	E	"19552.478"	"40231.336"	"3d6.4s2"	"a 3P2"	"1"	"3d6.(5D).4s.4p.(1P*)"	"x 5D*"	"2"		"T2578n"	"L11631"	
"483.58676"	"483.58672"	"550"	"1.1e+06"	D	"33095.941"	"53768.979"	"3d7.(4F).4p"	"y 5D*"	"4"	"3d7.(4F).4d"	"f 5G"	"4"		"T2578n"	"L11631"	
"483.7880"	"483.78754"	"309"	""		"35767.564"	"56432.021"	"3d7.(4F).4p"	"z 3G*"	"4"	"3d6.4s.(6D).5d"	"7D"	"5"		""	"L11631"	
"483.8084"	"483.80882"	"79"	""		"26224.969"	"46888.517"	"3d7.(2D2).4s"	"a 3D"	"3"	"3d7.(4P).4p"	"u 5D*"	"2"		""	"L11631"	
"483.85115"	"483.85113"	"710"	"1.2e+06"	D	"27559.583"	"48221.324"	"3d6.(5D).4s.4p.(3P*)"	"z 5F*"	"2"	"3d7.(4F).5s"	"e 5F"	"1"		"T2578n"	"L11631"	
"483.95442"	"483.95443"	"3090"	"3.90e+05"	C+	"26351.040"	"47008.371"	"3d7.(2H).4s"	"b 3H"	"5"	"3d6.(3H).4s.4p.(3P*)"	"z 3H*"	"5"		"T5720"	"L11631"	
"483.9768"	"483.97680"	"141"	""		"37157.566"	"57813.942"	"3d6.(5D).4s.4p.(1P*)"	"y 5P*"	"2"	"3d6.(5D).4s (4D).4d"	"i 5D"	"3"		""	"L11631"	
"484.03214"	"484.03210"	"457"	"1.7e+06"	D	"33507.123"	"54161.139"	"3d7.(4F).4p"	"y 5D*"	"3"	"3d7.(4F).4d"	"f 5G"	"3"		"T2578n"	"L11631"	
"484.0896"	"484.08969"	"95"	""		"33095.941"	"53747.500"	"3d7.(4F).4p"	"y 5D*"	"4"	"3d7.(4F).4d"	"f 3D"	"3"		""	"L11631"	
"484.17847"	"484.17841"	"186"	""		"33801.572"	"54449.347"	"3d7.(4F).4p"	"y 5D*"	"2"	"3d7.(4F).4d"	"f 3D"	"1"		""	"L11631"	
"484.2714"	"484.27150"	"60"	""		"34039.516"	"54683.322"	"3d7.(4F).4p"	"y 5F*"	"4"	"3d7.(4F).4d"	"f 3F"	"4"		""	"L11631"	
"484.27881"	"484.27875"	"380"	"7.5e+05"	E	"33095.941"	"53739.438"	"3d7.(4F).4p"	"y 5D*"	"4"	"3d7.(4F).4d"	"e 3G"	"5"		"T2578n"	"L11631"	
"484.31435"	"484.31429"	"1380"	"9.2e+05"	E	"27394.691"	"48036.673"	"3d6.(5D).4s.4p.(3P*)"	"z 5F*"	"3"	"3d7.(4F).5s"	"e 5F"	"2"		"T2578n"	"L11631"	
""	"484.334752"	""	"4.2e-01"	E	"0.000"	"20641.110"	"3d6.4s2"	"a 5D"	"4"	"3d6.4s2"	"b 3F2"	"4"	M1	"T6409"	""	
"484.40135"	"484.40133"	"760"	"3.62e+05"	C	"28604.613"	"49242.886"	"3d7.(2D2).4s"	"a 1D"	"2"	"3d7.(2G).4p"	"w 3F*"	"3"		"T5720"	"L11631"	
"484.56478"	"484.56463"	"590"	""		"29320.026"	"49951.344"	"3d6.4s2"	"b 3D"	"1"	"3d7.(2P).4p"	"w 3P*"	"0"		""	"L11631"	
""	"484.75880"	""	"2.5e-02"	E	"415.933"	"21038.987"	"3d6.4s2"	"a 5D"	"3"	"3d6.4s2"	"b 3F2"	"2"	M1	"T6409"	""	
"484.88832"	"484.88822"	"245"	"6.89e+04"	C	"18378.186"	"38995.736"	"3d6.4s2"	"a 3P2"	"2"	"3d7.(4F).4p"	"y 3D*"	"1"		"T5720"	"L11631"	
"484.9668"	"484.96680"	"89"	""		"28819.954"	"49434.163"	"3d7.(2H).4s"	"a 1H"	"5"	"3d7.(2G).4p"	"y 3H*"	"6"		""	"L11631"	
"485.56729"	"485.56728"	"1480"	""		"27166.820"	"47755.537"	"3d6.(5D).4s.4p.(3P*)"	"z 5F*"	"4"	"3d7.(4F).5s"	"e 5F"	"3"		""	"L11631"	
"485.8244"	"485.82460"	"79"	""		"33801.572"	"54379.384"	"3d7.(4F).4p"	"y 5D*"	"2"	"3d7.(4F).4d"	"e 3G"	"3"		""	"L11631"	
"485.91215"	"485.91214"	"295"	"1.1e+06"	E	"33801.572"	"54375.677"	"3d7.(4F).4p"	"y 5D*"	"2"	"3d7.(4F).4d"	"f 5G"	"2"		"T2578n"	"L11631"	
"485.97411"	"485.97414"	"24500"	"1.62e+07"	B+	"23192.500"	"43763.980"	"3d6.(5D).4s.4p.(3P*)"	"z 7F*"	"2"	"3d6.(5D).4s (6D).5s"	"e 7D"	"1"		"T5720"	"L11631"	
"486.09781"	"486.09775"	"457"	"1.3e+05"	E	"27394.691"	"47960.940"	"3d6.(5D).4s.4p.(3P*)"	"z 5F*"	"3"	"3d7.(4F).5s"	"e 3F"	"4"		"T2578n"	"L11631"	
"486.25966"	"486.25981"	"209"	""		"33507.123"	"54066.518"	"3d7.(4F).4p"	"y 5D*"	"3"	"3d7.(4F).4d"	"e 3G"	"4"		""	"L11631"	
"486.36434"	"486.36435"	"1350"	""		"27666.348"	"48221.324"	"3d6.(5D).4s.4p.(3P*)"	"z 5F*"	"1"	"3d7.(4F).5s"	"e 5F"	"1"		""	"L11631"	
"486.3779"	"486.37769"	"60"	""		"24506.917"	"45061.329"	"3d6.(5D).4s.4p.(3P*)"	"z 7P*"	"2"	"3d6.(5D).4s (6D).5s"	"e 5D"	"3"		""	"L11631"	
"486.8373"	"486.83731"	"71"	""		"12560.934"	"33095.941"	"3d7.(4F).4s"	"a 3F"	"3"	"3d7.(4F).4p"	"y 5D*"	"4"		""	"L11631"	
"486.8430"	"486.84348"	"71"	""		"37162.746"	"57697.493"	"3d7.(4F).4p"	"y 3F*"	"3"	"3d6.(5D).4s (4D).4d"	"i 5D"	"4"		""	"L11631"	
"486.94636"	"486.94632"	"245"	"1.3e+05"	E	"28604.613"	"49135.023"	"3d7.(2D2).4s"	"a 1D"	"2"	"3d6.(3F2).4s.4p.(3P*)"	"v 3D*"	"3"		"T2578n"	"L11631"	
"487.0036"	"487.00363"	"98"	"3.88e+05"	C+	"31686.351"	"52214.345"	"3d6.(5D).4s.4p.(3P*)"	"z 3D*"	"2"	"3d6.(5D).4s (4D).5s"	"g 5D"	"1"		"T6110"	"L11631"	
"487.13179"	"487.13178"	"63000"	"2.44e+07"	B+	"23110.939"	"43633.533"	"3d6.(5D).4s.4p.(3P*)"	"z 7F*"	"3"	"3d6.(5D).4s (6D).5s"	"e 7D"	"2"		"T5720"	"L11631"	
"487.19278"	"487.19279"	"540"	"2.84e+05"	C+	"26224.969"	"46744.993"	"3d7.(2D2).4s"	"a 3D"	"3"	"3d7.(4P).4p"	"u 5D*"	"3"		"T5720"	"L11631"	
"487.21375"	"487.21373"	"38000"	"2.54e+07"	B+	"23244.838"	"43763.980"	"3d6.(5D).4s.4p.(3P*)"	"z 7F*"	"1"	"3d6.(5D).4s (6D).5s"	"e 7D"	"1"		"T5720"	"L11631"	
"487.2907"	"487.29068"	"89"	""		"34039.516"	"54555.418"	"3d7.(4F).4p"	"y 5F*"	"4"	"3d7.(4F).4d"	"e 3H"	"4"		""	"L11631"	
"487.3210"	"487.32101"	"120"	""		"31322.613"	"51837.238"	"3d6.(5D).4s.4p.(3P*)"	"z 3D*"	"3"	"3d6.(5D).4s (6D).4d"	"e 5P"	"3"		""	"L11631"	
"487.37510"	"487.37508"	"112"	"5.5e+04"	E	"26623.735"	"47136.084"	"3d7.(2D2).4s"	"a 3D"	"2"	"3d7.(4P).4p"	"w 3D*"	"2"		"T2578n"	"L11631"	
"487.43534"	"487.43530"	"195"	""		"24772.018"	"45281.833"	"3d7.(2P).4s"	"c 3P"	"1"	"3d6.(3P2).4s.4p.(3P*)"	"x 3D*"	"2"		""	"L11631"	
"487.50298"	"487.50299"	"151"	""		"38175.355"	"58682.322"	"3d7.(4F).4p"	"y 3D*"	"3"	"3d6.4s.(4D).4d"	"3D"	"3"		""	"L11631"	
"487.58773"	"487.58769"	"1120"	"3.4e+05"	E	"26874.550"	"47377.955"	"3d6.(5D).4s.4p.(3P*)"	"z 5F*"	"5"	"3d7.(4F).5s"	"e 5F"	"4"		"T2578n"	"L11631"	
"487.6188"	"487.61860"	"71"	"2.7e+04"	E	"26224.969"	"46727.074"	"3d7.(2D2).4s"	"a 3D"	"3"	"3d6.(3P2).4s.4p.(3P*)"	"y 3P*"	"2"		"T2578n"	"L11631"	
"487.76060"	"487.76042"	"151"	"2.6e+04"	E	"24180.862"	"44677.006"	"3d6.(5D).4s.4p.(3P*)"	"z 7P*"	"3"	"3d6.(5D).4s (6D).5s"	"e 5D"	"4"		"T2578n"	"L11631"	
"487.82108"	"487.82107"	"18200"	"1.21e+07"	B+	"23270.384"	"43763.980"	"3d6.(5D).4s.4p.(3P*)"	"z 7F*"	"0"	"3d6.(5D).4s (6D).5s"	"e 7D"	"1"		"T5720"	"L11631"	
"488.0527"	"488.05239"	"89"	""		"32873.632"	"53357.515"	"3d8"	"c 3F"	"4"	"3d6.(3G).4s.4p.(3P*)"	"3F*"	"3"		""	"L11631"	
"488.17175"	"488.17174"	"2820"	"5.15e+05"	C+	"26627.609"	"47106.484"	"3d7.(2H).4s"	"b 3H"	"4"	"3d6.(3H).4s.4p.(3P*)"	"z 3H*"	"4"		"T5720"	"L11631"	
"488.21431"	"488.21429"	"1700"	""		"27559.583"	"48036.673"	"3d6.(5D).4s.4p.(3P*)"	"z 5F*"	"2"	"3d7.(4F).5s"	"e 5F"	"2"		""	"L11631"	
"488.54303"	"488.54301"	"2000"	""		"31307.245"	"51770.557"	"3d6.(5D).4s.4p.(3P*)"	"z 3F*"	"4"	"3d6.(5D).4s (4D).5s"	"g 5D"	"3"		""	"L11631"	
"488.63315"	"488.63311"	"2000"	""		"33507.123"	"53966.662"	"3d7.(4F).4p"	"y 5D*"	"3"	"3d7.(4F).4d"	"h 5D"	"2"		""	"L11631"	
""	"488.65675"	""	"2.3e-01"	E	"415.933"	"20874.482"	"3d6.4s2"	"a 5D"	"3"	"3d6.4s2"	"b 3F2"	"3"	M1	"T6409"	""	
"488.71936"	"488.71932"	"1000"	""		"33801.572"	"54257.502"	"3d7.(4F).4p"	"y 5D*"	"2"	"3d7.(4F).4d"	"g 5F"	"2"		""	"L11631"	
"488.7365"	"488.73669"	"89"	""		"32873.632"	"53328.835"	"3d8"	"c 3F"	"4"	"3d7.(4F).5p"	"3F*"	"4"		""	"L11631"	
"488.8262"	"488.82559"	"870bl"	""		"34039.516"	"54490.999"	"3d7.(4F).4p"	"y 5F*"	"4"	"3d7.(4F).4d"	"e 5H"	"3"		""	"L11631"	
"488.86366"	"488.86362"	"1780"	""		"33095.941"	"53545.833"	"3d7.(4F).4p"	"y 5D*"	"4"	"3d7.(4F).4d"	"h 5D"	"3"		""	"L11631"	
"488.90012"	"488.90008"	"1170"	"1.13e+05"	C+	"17726.988"	"38175.355"	"3d7.(4P).4s"	"a 5P"	"2"	"3d7.(4F).4p"	"y 3D*"	"3"		"T5720"	"L11631"	
"488.91018"	"488.91019"	"1170"	""		"31322.613"	"51770.557"	"3d6.(5D).4s.4p.(3P*)"	"z 3D*"	"3"	"3d6.(5D).4s (4D).5s"	"g 5D"	"3"		""	"L11631"	
"489.07548"	"489.07549"	"58000"	"2.25e+07"	B+	"23192.500"	"43633.533"	"3d6.(5D).4s.4p.(3P*)"	"z 7F*"	"2"	"3d6.(5D).4s (6D).5s"	"e 7D"	"2"		"T5720"	"L11631"	
"489.1048"	"489.10485"	"195bl"	""		"32873.632"	"53313.438"	"3d8"	"c 3F"	"4"	"3d6.(3G).4s.4p.(3P*)"	"y 1H*"	"5"		""	"L11631"	
"489.1144"	"489.11464"	"60"	""		"33412.717"	"53852.114"	"3d8"	"c 3F"	"3"	"3d7.(4F).5p"	"5G*"	"4"		""	"L11631"	
"489.14921"	"489.14920"	"117000"	"3.08e+07"	B+	"22996.674"	"43434.627"	"3d6.(5D).4s.4p.(3P*)"	"z 7F*"	"4"	"3d6.(5D).4s (6D).5s"	"e 7D"	"3"		"T5720"	"L11631"	
"489.28586"	"489.28587"	"630"	""		"34017.103"	"54449.347"	"3d7.(4F).4p"	"y 5D*"	"1"	"3d7.(4F).4d"	"f 3D"	"1"		""	"L11631"	
"489.64382"	"489.64383"	"275"	"5.4e+05"	E	"31322.613"	"51739.920"	"3d6.(5D).4s.4p.(3P*)"	"z 3D*"	"3"	"3d6.(5D).4s (4D).5s"	"e 3D"	"2"		"T2578n"	"L11631"	
"490.0822"	"490.08218"	"20"	""		"38678.039"	"59077.084"	"3d7.(4F).4p"	"y 3D*"	"2"	""	"59077e"	"1"		""	"L11631"	
"490.2163"	"490.21657"	"100"	""		"26623.735"	"47017.188"	"3d7.(2D2).4s"	"a 3D"	"2"	"3d7.(4P).4p"	"w 3D*"	"3"		""	"L11631"	
"490.33099"	"490.33097"	"17400"	"6.58e+06"	B+	"23244.838"	"43633.533"	"3d6.(5D).4s.4p.(3P*)"	"z 7F*"	"1"	"3d6.(5D).4s (6D).5s"	"e 7D"	"2"		"T5720"	"L11631"	
"490.51325"	"490.51326"	"245"	"5.3e+05"	E	"31686.351"	"52067.469"	"3d6.(5D).4s.4p.(3P*)"	"z 3D*"	"2"	"3d6.(5D).4s (6D).4d"	"e 5P"	"2"		"T2578n"	"L11631"	
"490.5216"	"490.52183"	"30"	""		"26627.609"	"47008.371"	"3d7.(2H).4s"	"b 3H"	"4"	"3d6.(3H).4s.4p.(3P*)"	"z 3H*"	"5"		""	"L11631"	
"490.77315"	"490.77316"	"1000"	""		"27666.348"	"48036.673"	"3d6.(5D).4s.4p.(3P*)"	"z 5F*"	"1"	"3d7.(4F).5s"	"e 5F"	"2"		""	"L11631"	
"490.80298"	"490.80308"	"275"	""		"34017.103"	"54386.186"	"3d7.(4F).4p"	"y 5D*"	"1"	"3d7.(4F).4d"	"g 5F"	"1"		""	"L11631"	
"490.8599"	"490.86046"	"60"	""		"20037.816"	"40404.518"	"3d6.4s2"	"a 3P2"	"0"	"3d6.(5D).4s.4p.(1P*)"	"x 5D*"	"1"		""	"L11631"	
"490.93831"	"490.93832"	"1100"	""		"31686.351"	"52049.823"	"3d6.(5D).4s.4p.(3P*)"	"z 3D*"	"2"	"3d6.(5D).4s (4D).5s"	"g 5D"	"2"		""	"L11631"	
"491.00166"	"491.00164"	"3090"	""		"27394.691"	"47755.537"	"3d6.(5D).4s.4p.(3P*)"	"z 5F*"	"3"	"3d7.(4F).5s"	"e 5F"	"3"		""	"L11631"	
"491.03255"	"491.03249"	"1740"	""		"33801.572"	"54161.139"	"3d7.(4F).4p"	"y 5D*"	"2"	"3d7.(4F).4d"	"f 5G"	"3"		""	"L11631"	
"491.05645"	"491.05644"	"1510"	""		"34017.103"	"54375.677"	"3d7.(4F).4p"	"y 5D*"	"1"	"3d7.(4F).4d"	"f 5G"	"2"		""	"L11631"	
"491.15291"	"491.15303"	"107"	"1.9e+05"	E	"34328.752"	"54683.322"	"3d7.(4F).4p"	"y 5F*"	"3"	"3d7.(4F).4d"	"f 3F"	"4"		"T2578n"	"L11631"	
"491.17791"	"491.17787"	"407"	"1.6e+06"	D	"31686.351"	"52039.892"	"3d6.(5D).4s.4p.(3P*)"	"z 3D*"	"2"	"3d6.(5D).4s (4D).5s"	"e 3D"	"1"		"T2578n"	"L11631"	
"491.2498"	"491.24974"	"50"	""		"33412.717"	"53763.280"	"3d8"	"c 3F"	"3"	"3d7.(2D2).4p"	"x 1F*"	"3"		""	"L11631"	
"491.3143"	"491.31355"	"76"	""		"37162.746"	"57510.666"	"3d7.(4F).4p"	"y 3F*"	"3"	"3d7.(4F).6s"	"5F"	"3"		""	"L11631"	
""	"491.62620"	""	"9.2e-02"	E	"704.007"	"21038.987"	"3d6.4s2"	"a 5D"	"2"	"3d6.4s2"	"b 3F2"	"2"	M1	"T6409"	""	
"491.72297"	"491.72295"	"950"	"6.4e+06"	D	"33801.572"	"54132.551"	"3d7.(4F).4p"	"y 5D*"	"2"	"3d7.(4F).4d"	"h 5D"	"1"		"T2578n"	"L11631"	
"491.80122"	"491.80121"	"620"	"4.2e+06"	E	"34121.603"	"54449.347"	"3d7.(4F).4p"	"y 5D*"	"0"	"3d7.(4F).4d"	"f 3D"	"1"		"T2578n"	"L11631"	
"491.89535"	"491.89539"	"1230"	""		"33507.123"	"53830.975"	"3d7.(4F).4p"	"y 5D*"	"3"	"3d7.(4F).4d"	"g 5F"	"3"		""	"L11631"	
"491.89937"	"491.89936"	"69000"	"1.79e+07"	B	"23110.939"	"43434.627"	"3d6.(5D).4s.4p.(3P*)"	"z 7F*"	"3"	"3d6.(5D).4s (6D).5s"	"e 7D"	"3"		"T5720"	"L11631"	
"492.05028"	"492.05021"	"195000"	"3.58e+07"	B+	"22845.869"	"43163.326"	"3d6.(5D).4s.4p.(3P*)"	"z 7F*"	"5"	"3d6.(5D).4s (6D).5s"	"e 7D"	"4"		"T5720"	"L11631"	
"492.4298"	"492.43008"	"100bl*"	""		"38678.039"	"58979.823"	"3d7.(4F).4p"	"y 3D*"	"2"	"3d6.4s.(4D).4d"	"3D"	"2"		""	"L11631"	
"492.4298"	"492.43025"	"100bl*"	""		"40231.336"	"60533.113"	"3d6.(5D).4s.4p.(1P*)"	"x 5D*"	"2"	"3d6.(5D).4p2.(3P)"	"7F"	"2"		""	"L11631"	
"492.47692"	"492.47693"	"3890"	"4.23e+05"	C	"18378.186"	"38678.039"	"3d6.4s2"	"a 3P2"	"2"	"3d7.(4F).4p"	"y 3D*"	"2"		"T5720"	"L11631"	
"492.52831"	"492.52839"	"129"	""		"33095.941"	"53393.673"	"3d7.(4F).4p"	"y 5D*"	"4"	"3d7.(4F).4d"	"g 5F"	"4"		""	"L11631"	
"492.74179"	"492.74177"	"690"	"2.58e+05"	D+	"28819.954"	"49108.896"	"3d7.(2H).4s"	"a 1H"	"5"	"3d7.(2G).4p"	"w 3F*"	"4"		"T5720"	"L11631"	
"492.7490"	"492.74887"	"60"	""		"36766.966"	"57055.616"	"3d6.(5D).4s.4p.(1P*)"	"y 5P*"	"3"	"3d6.4s.(6D).5d"	"5G"	"3"		""	"L11631"	
"492.78679"	""	"1100"	""		""	""	""	""	""	""	""	""		""	"L11631"	
"493.03150"	"493.03149"	"1050"	"5.75e+06"	B	"31937.325"	"52214.345"	"3d6.(5D).4s.4p.(3P*)"	"z 3D*"	"1"	"3d6.(5D).4s (4D).5s"	"g 5D"	"1"		"T6110"	"L11631"	
"493.3191"	"493.31904"	"355bl"	""		"33801.572"	"54066.773"	"3d7.(4F).4p"	"y 5D*"	"2"	"3d7.(4F).4d"	"f 3D"	"2"		""	"L11631"	
"493.32945"	"493.32924"	"204"	""		"26623.735"	"46888.517"	"3d7.(2D2).4s"	"a 3D"	"2"	"3d7.(4P).4p"	"u 5D*"	"2"		""	"L11631"	
"493.33410"	"493.33408"	"1550"	""		"34121.603"	"54386.186"	"3d7.(4F).4p"	"y 5D*"	"0"	"3d7.(4F).4d"	"g 5F"	"1"		""	"L11631"	
"493.38727"	"493.38728"	"447"	""		"31805.071"	"52067.469"	"3d6.(5D).4s.4p.(3P*)"	"z 3F*"	"3"	"3d6.(5D).4s (6D).4d"	"e 5P"	"2"		""	"L11631"	
"493.40049"	"493.40048"	"1820"	""		"33507.123"	"53768.979"	"3d7.(4F).4p"	"y 5D*"	"3"	"3d7.(4F).4d"	"f 5G"	"4"		""	"L11631"	
"493.40836"	"493.40834"	"229"	""		"26627.609"	"46889.142"	"3d7.(2H).4s"	"b 3H"	"4"	"3d6.(3F2).4s.4p.(3P*)"	"x 3F*"	"4"		""	"L11631"	
"493.7298"	"493.72930"	"79"	""		"33412.717"	"53661.079"	"3d8"	"c 3F"	"3"	"3d7.(4F).5p"	"5F*"	"3"		""	"L11631"	
"493.81735"	"493.81734"	"2000"	""		"31805.071"	"52049.823"	"3d6.(5D).4s.4p.(3P*)"	"z 3F*"	"3"	"3d6.(5D).4s (4D).5s"	"g 5D"	"2"		""	"L11631"	
"493.88135"	"493.88138"	"13200"	"3.27e+06"	B+	"23192.500"	"43434.627"	"3d6.(5D).4s.4p.(3P*)"	"z 7F*"	"2"	"3d6.(5D).4s (6D).5s"	"e 7D"	"3"		"T5720"	"L11631"	
"493.9239"	"493.92354"	"2240bl*"	""		"34017.103"	"54257.502"	"3d7.(4F).4p"	"y 5D*"	"1"	"3d7.(4F).4d"	"g 5F"	"2"		""	"L11631"	
"493.9239"	"493.92408"	"2240bl*"	""		"33507.123"	"53747.500"	"3d7.(4F).4p"	"y 5D*"	"3"	"3d7.(4F).4d"	"f 3D"	"3"		""	"L11631"	
"493.96864"	"493.96862"	"11700"	"1.39e+04"	A	"6928.268"	"27166.820"	"3d7.(4F).4s"	"a 5F"	"5"	"3d6.(5D).4s.4p.(3P*)"	"z 5F*"	"4"		"T3548"	"L11631"	
"494.24589"	"494.24585"	"630"	"9.67e+05"	C	"34039.516"	"54266.716"	"3d7.(4F).4p"	"y 5F*"	"4"	"3d7.(4F).4d"	"e 3H"	"5"		"T5720"	"L11631"	
"494.25901"	"494.25890"	"98"	""		"34328.752"	"54555.418"	"3d7.(4F).4p"	"y 5F*"	"3"	"3d7.(4F).4d"	"e 3H"	"4"		""	"L11631"	
""	"494.29529"	""	"7.7e-02"	E	"415.933"	"20641.110"	"3d6.4s2"	"a 5D"	"3"	"3d6.4s2"	"b 3F2"	"4"	M1	"T6409"	""	
"494.56370"	"494.56356"	"417"	"1.3e+06"	E	"33946.933"	"54161.139"	"3d6.(5D).4s.4p.(3P*)"	"z 3P*"	"2"	"3d7.(4F).4d"	"f 5G"	"3"		"T2578n"	"L11631"	
"494.63878"	"494.63871"	"6000"	""		"27166.820"	"47377.955"	"3d6.(5D).4s.4p.(3P*)"	"z 5F*"	"4"	"3d7.(4F).5s"	"e 5F"	"4"		""	"L11631"	
"495.01057"	"495.01053"	"1550"	""		"27559.583"	"47755.537"	"3d6.(5D).4s.4p.(3P*)"	"z 5F*"	"2"	"3d7.(4F).5s"	"e 5F"	"3"		""	"L11631"	
""	"495.63583"	""	"7.9e-02"	E	"704.007"	"20874.482"	"3d6.4s2"	"a 5D"	"2"	"3d6.4s2"	"b 3F2"	"3"	M1	"T6409"	""	
"495.72983"	"495.72979"	"66000"	"1.18e+07"	B	"22996.674"	"43163.326"	"3d6.(5D).4s.4p.(3P*)"	"z 7F*"	"4"	"3d6.(5D).4s (6D).5s"	"e 7D"	"4"		"T5720"	"L11631"	
"495.75965"	"495.75961"	"295000"	"4.22e+07"	B+	"22650.416"	"42815.855"	"3d6.(5D).4s.4p.(3P*)"	"z 7F*"	"6"	"3d6.(5D).4s (6D).5s"	"e 7D"	"5"		"T5720"	"L11631"	
"495.76793"	"495.76819"	"2140"	""		"33801.572"	"53966.662"	"3d7.(4F).4p"	"y 5D*"	"2"	"3d7.(4F).4d"	"h 5D"	"2"		""	"L11631"	
"495.9197"	"495.91978"	"30"	""		"38995.736"	"59154.662"	"3d7.(4F).4p"	"y 3D*"	"1"	"3d6.4s.(4D).4d"	"3S"	"1"		""	"L11631"	
""	"496.11841"	""	"4.5e-02"	E	"888.132"	"21038.987"	"3d6.4s2"	"a 5D"	"1"	"3d6.4s2"	"b 3F2"	"2"	M1	"T6409"	""	
"496.19137"	"496.19132"	"234"	"1.4e+05"	E	"29313.008"	"49460.902"	"3d6.4s2"	"a 1I"	"6"	"3d7.(2G).4p"	"v 3G*"	"5"		"T2578n"	"L11631"	
"496.25715"	"496.25711"	"680"	"1.37e+06"	C+	"33695.397"	"53840.620"	"3d7.(4F).4p"	"y 5F*"	"5"	"3d7.(4F).4d"	"e 3H"	"6"		"T5720"	"L11631"	
"496.5780"	"496.57796"	"60"	""		"22946.816"	"43079.023"	"3d7.(4P).4s"	"b 3P"	"1"	"3d6.(3P2).4s.4p.(3P*)"	"x 5P*"	"1"		""	"L11631"	
"496.60886"	"496.60882"	"13200"	"3.31e+06"	C+	"26874.550"	"47005.506"	"3d6.(5D).4s.4p.(3P*)"	"z 5F*"	"5"	"3d7.(4F).5s"	"e 5F"	"5"		"T5720"	"L11631"	
"496.6289"	"496.62885"	"40"	""		"31937.325"	"52067.469"	"3d6.(5D).4s.4p.(3P*)"	"z 3D*"	"1"	"3d6.(5D).4s (6D).4d"	"e 5P"	"2"		""	"L11631"	
"496.78970"	"496.78966"	"2290"	""		"33801.572"	"53925.200"	"3d7.(4F).4p"	"y 5D*"	"2"	"3d7.(4F).4d"	"f 5P"	"1"		""	"L11631"	
"496.83923"	"496.83917"	"126"	""		"34039.516"	"54161.139"	"3d7.(4F).4p"	"y 5F*"	"4"	"3d7.(4F).4d"	"f 5G"	"3"		""	"L11631"	
"496.86975"	"496.86979"	"1510"	"7.1e+05"	E	"29356.744"	"49477.127"	"3d6.4s2"	"b 3D"	"2"	"3d6.(3F2).4s.4p.(3P*)"	"1F*"	"3"		"T2578n"	"L11631"	
"496.99173"	"496.99169"	"1820"	""		"34017.103"	"54132.551"	"3d7.(4F).4p"	"y 5D*"	"1"	"3d7.(4F).4d"	"h 5D"	"1"		""	"L11631"	
"497.04955"	"497.04958"	"1100"	"9.82e+05"	C	"29320.026"	"49433.131"	"3d6.4s2"	"b 3D"	"1"	"3d7.(2G).4p"	"w 3F*"	"2"		"T5720"	"L11631"	
"497.06457"	"497.06458"	"257"	""		"31937.325"	"52049.823"	"3d6.(5D).4s.4p.(3P*)"	"z 3D*"	"1"	"3d6.(5D).4s (4D).5s"	"g 5D"	"2"		""	"L11631"	
"497.31016"	"497.31014"	"3240"	"1.1e+07"	D+	"31937.325"	"52039.892"	"3d6.(5D).4s.4p.(3P*)"	"z 3D*"	"1"	"3d6.(5D).4s (4D).5s"	"e 3D"	"1"		"T2491n"	"L11631"	
"497.54118"	"497.54117"	"151"	""		"26627.609"	"46720.842"	"3d7.(2H).4s"	"b 3H"	"4"	"3d7.(4P).4p"	"u 5D*"	"4"		""	"L11631"	
"497.76483"	"497.76479"	"186"	""		"31686.351"	"51770.557"	"3d6.(5D).4s.4p.(3P*)"	"z 3D*"	"2"	"3d6.(5D).4s (4D).5s"	"g 5D"	"3"		""	"L11631"	
"497.8112"	"497.81094"	"100"	""		"31937.325"	"52019.669"	"3d6.(5D).4s.4p.(3P*)"	"z 3D*"	"1"	"3d6.(5D).4s (6D).4d"	"e 5P"	"1"		""	"L11631"	
"497.86030"	"497.86028"	"2090"	"1.19e+07"	B	"32133.991"	"52214.345"	"3d6.(5D).4s.4p.(3P*)"	"z 3F*"	"2"	"3d6.(5D).4s (4D).5s"	"g 5D"	"1"		"T6110"	"L11631"	
"497.8691"	"497.86913"	"83"	""		"32873.632"	"52953.629"	"3d8"	"c 3F"	"4"	"3d6.(3G).4s.4p.(3P*)"	"3F*"	"4"		""	"L11631"	
"497.95857"	"497.95866"	"182"	""		"29356.744"	"49433.131"	"3d6.4s2"	"b 3D"	"2"	"3d7.(2G).4p"	"w 3F*"	"2"		""	"L11631"	
"498.02831"	"498.02824"	"110"	""		"33695.397"	"53768.979"	"3d7.(4F).4p"	"y 5F*"	"5"	"3d7.(4F).4d"	"f 5G"	"4"		""	"L11631"	
"498.0539"	"498.05397"	"40"	""		"33765.306"	"53837.851"	"3d8"	"c 3F"	"2"	"3d7.(4F).5p"	"3D*"	"3"		""	"L11631"	
"498.24996"	"498.24990"	"12300"	""		"33095.941"	"53160.593"	"3d7.(4F).4p"	"y 5D*"	"4"	"3d7.(4F).4d"	"f 5P"	"3"		""	"L11631"	
"498.32504"	"498.32500"	"6500"	""		"33507.123"	"53568.751"	"3d7.(4F).4p"	"y 5D*"	"3"	"3d7.(4F).4d"	"f 5P"	"2"		""	"L11631"	
"498.3341"	"498.33412"	"71"	""		"37157.566"	"57218.827"	"3d6.(5D).4s.4p.(1P*)"	"y 5P*"	"2"	"3d7.(4F).6s"	"3F"	"3"		""	"L11631"	
"498.38526"	"498.38522"	"8900"	""		"33095.941"	"53155.145"	"3d7.(4F).4p"	"y 5D*"	"4"	"3d7.(4F).4d"	"h 5D"	"4"		""	"L11631"	
"498.52526"	"498.52527"	"7200"	"1.48e+07"	B	"31686.351"	"51739.920"	"3d6.(5D).4s.4p.(3P*)"	"z 3D*"	"2"	"3d6.(5D).4s (4D).5s"	"e 3D"	"2"		"T5720"	"L11631"	
"498.55469"	"498.55465"	"6900"	"1.39e+06"	B	"23110.939"	"43163.326"	"3d6.(5D).4s.4p.(3P*)"	"z 7F*"	"3"	"3d6.(5D).4s (6D).5s"	"e 7D"	"4"		"T5720"	"L11631"	
"498.59838"	"498.59829"	"117"	""		"34328.752"	"54379.384"	"3d7.(4F).4p"	"y 5F*"	"3"	"3d7.(4F).4d"	"e 3G"	"3"		""	"L11631"	
"498.62223"	"498.62221"	"500"	"2.3e+06"	E	"34017.103"	"54066.773"	"3d7.(4F).4p"	"y 5D*"	"1"	"3d7.(4F).4d"	"f 3D"	"2"		"T2578n"	"L11631"	
"498.6903"	"498.69049"	"52"	""		"34328.752"	"54375.677"	"3d7.(4F).4p"	"y 5F*"	"3"	"3d7.(4F).4d"	"f 5G"	"2"		""	"L11631"	
"498.89498"	"498.89494"	"2880"	"5.2e+06"	D+	"33507.123"	"53545.833"	"3d7.(4F).4p"	"y 5D*"	"3"	"3d7.(4F).4d"	"h 5D"	"3"		"T2491n"	"L11631"	
"499.12680"	"499.12676"	"2750"	""		"33801.572"	"53830.975"	"3d7.(4F).4p"	"y 5D*"	"2"	"3d7.(4F).4d"	"g 5F"	"3"		""	"L11631"	
"499.1800"	"499.17984"	"30"	""		"23051.750"	"43079.023"	"3d7.(4P).4s"	"b 3P"	"0"	"3d6.(3P2).4s.4p.(3P*)"	"x 5P*"	"1"		""	"L11631"	
"499.1867"	"499.18660"	"35"	"3.9e+05"	E	"34039.516"	"54066.518"	"3d7.(4F).4p"	"y 5F*"	"4"	"3d7.(4F).4d"	"e 3G"	"4"		"T2578n"	"L11631"	
"499.2785"	"499.27857"	"20"	""		"34362.873"	"54386.186"	"3d6.(5D).4s.4p.(3P*)"	"z 3P*"	"1"	"3d7.(4F).4d"	"g 5F"	"1"		""	"L11631"	
"499.36802"	"499.36795"	"302"	"1.9e+06"	E	"33946.933"	"53966.662"	"3d6.(5D).4s.4p.(3P*)"	"z 3P*"	"2"	"3d7.(4F).4d"	"h 5D"	"2"		"T2578n"	"L11631"	
"499.37510"	"499.37506"	"191"	""		"33765.306"	"53784.750"	"3d8"	"c 3F"	"2"	"3d7.(4F).5p"	"5D*"	"3"		""	"L11631"	
"499.41292"	"499.41290"	"18600"	"3.18e+04"	A	"7376.764"	"27394.691"	"3d7.(4F).4s"	"a 5F"	"4"	"3d6.(5D).4s.4p.(3P*)"	"z 5F*"	"3"		"T3548"	"L11631"	
"499.54094"	"499.54075"	"112"	"7.3e+05"	E	"34362.873"	"54375.677"	"3d6.(5D).4s.4p.(3P*)"	"z 3P*"	"1"	"3d7.(4F).4d"	"f 5G"	"2"		"T2578n"	"L11631"	
"499.7960"	"499.79618"	"50"	""		"37157.566"	"57160.142"	"3d6.(5D).4s.4p.(1P*)"	"y 5P*"	"2"	"3d6.4s.(6D).5d"	"5P"	"3"		""	"L11631"	
"499.91122"	"499.91120"	"316"	"7.3e+05"	E	"33765.306"	"53763.280"	"3d8"	"c 3F"	"2"	"3d7.(2D2).4p"	"x 1F*"	"3"		"T2578n"	"L11631"	
"500.0210"	"500.02109"	"65"	""		"37409.555"	"57403.134"	"3d6.(5D).4s.4p.(1P*)"	"y 5P*"	"1"	"3d6.4s.(6D).5d"	"5P"	"2"		""	"L11631"	
"500.18633"	"500.18631"	"20900"	"3.7e+07"	D+	"31307.245"	"51294.220"	"3d6.(5D).4s.4p.(3P*)"	"z 3F*"	"4"	"3d6.(5D).4s (4D).5s"	"e 3D"	"3"		"T2491n"	"L11631"	
"500.2581"	"500.25829"	"79bl*"	""		"33765.306"	"53749.405"	"3d8"	"c 3F"	"2"	"3d6.(3G).4s.4p.(3P*)"	"3F*"	"2"		""	"L11631"	
"500.2581"	"500.25860"	"79bl*"	""		"38995.736"	"58979.823"	"3d7.(4F).4p"	"y 3D*"	"1"	"3d6.4s.(4D).4d"	"3D"	"2"		""	"L11631"	
"500.27924"	"500.27920"	"2570"	"8.8e+05"	D	"27394.691"	"47377.955"	"3d6.(5D).4s.4p.(3P*)"	"z 5F*"	"3"	"3d7.(4F).5s"	"e 5F"	"4"		"T2578n"	"L11631"	
"500.40440"	"500.40433"	"468"	"3.7e+06"	E	"33946.933"	"53925.200"	"3d6.(5D).4s.4p.(3P*)"	"z 3P*"	"2"	"3d7.(4F).4d"	"f 5P"	"1"		"T2578n"	"L11631"	
"500.4341"	"500.43399"	"105"	""		"26623.735"	"46600.818"	"3d7.(2D2).4s"	"a 3D"	"2"	"3d6.(3P2).4s.4p.(3P*)"	"z 3S*"	"1"		""	"L11631"	
"500.57120"	"500.57120"	"15800"	""		"31322.613"	"51294.220"	"3d6.(5D).4s.4p.(3P*)"	"z 3D*"	"3"	"3d6.(5D).4s (4D).5s"	"e 3D"	"3"		""	"L11631"	
"500.61188"	"500.61184"	"41700"	"5.87e+06"	B+	"22845.869"	"42815.855"	"3d6.(5D).4s.4p.(3P*)"	"z 7F*"	"5"	"3d6.(5D).4s (6D).5s"	"e 7D"	"5"		"T5720"	"L11631"	
"500.72750"	"500.72740"	"5400"	""		"33095.941"	"53061.318"	"3d7.(4F).4p"	"y 5D*"	"4"	"3d7.(4F).4d"	"g 5F"	"5"		""	"L11631"	
"500.8639"	"500.86415"	"105"	""		"36766.966"	"56726.892"	"3d6.(5D).4s.4p.(1P*)"	"y 5P*"	"3"	"3d6.4s.(6D).5d"	"5F"	"3"		""	"L11631"	
"501.1212"	"501.12120"	"60"	""		"24335.766"	"44285.454"	"3d7.(2P).4s"	"c 3P"	"2"	"3d6.(3F2).4s.4p.(3P*)"	"w 5F*"	"2"		""	"L11631"	
"501.20681"	"501.20677"	"65000"	"5.50e+04"	A	"6928.268"	"26874.550"	"3d7.(4F).4s"	"a 5F"	"5"	"3d6.(5D).4s.4p.(3P*)"	"z 5F*"	"5"		"T3548"	"L11631"	
"501.21576"	"501.21566"	"740"	""		"33801.572"	"53747.500"	"3d7.(4F).4p"	"y 5D*"	"2"	"3d7.(4F).4d"	"f 3D"	"3"		""	"L11631"	
"501.26944"	"501.26945"	"275"	"6.5e+05"	E	"34547.211"	"54490.999"	"3d7.(4F).4p"	"y 5F*"	"2"	"3d7.(4F).4d"	"e 5H"	"3"		"T2578n"	"L11631"	
"501.49421"	"501.49422"	"12900"	"2.64e+07"	C+	"31805.071"	"51739.920"	"3d6.(5D).4s.4p.(3P*)"	"z 3F*"	"3"	"3d6.(5D).4s (4D).5s"	"e 3D"	"2"		"T5720"	"L11631"	
"501.64787"	"501.64770"	"79"	""		"34328.752"	"54257.502"	"3d7.(4F).4p"	"y 5F*"	"3"	"3d7.(4F).4d"	"g 5F"	"2"		""	"L11631"	
"501.97303"	"501.97309"	"123"	""		"32133.991"	"52049.823"	"3d6.(5D).4s.4p.(3P*)"	"z 3F*"	"2"	"3d6.(5D).4s (4D).5s"	"g 5D"	"2"		""	"L11631"	
"502.08166"	"502.08167"	"135"	""		"28604.613"	"48516.138"	"3d7.(2D2).4s"	"a 1D"	"2"	"3d7.(4P).4p"	"x 3P*"	"1"		""	"L11631"	
"502.1591"	"502.15895"	"1120bl"	"6.18e+06"	D+	"34328.752"	"54237.213"	"3d7.(4F).4p"	"y 5F*"	"3"	"3d7.(4F).4d"	"e 5H"	"4"		"T5720"	"L11631"	
"502.16832"	"502.16813"	"174"	""		"34017.103"	"53925.200"	"3d7.(4F).4p"	"y 5D*"	"1"	"3d7.(4F).4d"	"f 5P"	"1"		""	"L11631"	
"502.22352"	"502.22353"	"7100"	"2.4e+07"	D+	"32133.991"	"52039.892"	"3d6.(5D).4s.4p.(3P*)"	"z 3F*"	"2"	"3d6.(5D).4s (4D).5s"	"e 3D"	"1"		"T2491n"	"L11631"	
"502.2789"	"502.27891"	"1230bl"	"1.87e+05"	C	"24118.819"	"44022.525"	"3d6.4s2"	"b 3G"	"4"	"3d6.(3F2).4s.4p.(3P*)"	"v 5D*"	"4"		"T5720"	"L11631"	
"502.31863"	"502.31854"	"316"	"2.3e+06"	E	"34547.211"	"54449.347"	"3d7.(4F).4p"	"y 5F*"	"2"	"3d7.(4F).4d"	"f 3D"	"1"		"T2578n"	"L11631"	
"502.34975"	"502.34971"	"234"	"6.0e+05"	E	"34782.421"	"54683.322"	"3d7.(4F).4p"	"z 5G*"	"5"	"3d7.(4F).4d"	"f 3F"	"4"		"T2578n"	"L11631"	
"502.47933"	"502.47919"	"302"	""		"33765.306"	"53661.079"	"3d8"	"c 3F"	"2"	"3d7.(4F).5p"	"5F*"	"3"		""	"L11631"	
"502.5084"	"502.50808"	"17"	""		"34362.873"	"54257.502"	"3d6.(5D).4s.4p.(3P*)"	"z 3P*"	"1"	"3d7.(4F).4d"	"g 5F"	"2"		""	"L11631"	
"502.53023"	"502.53029"	"98"	""		"34555.597"	"54449.347"	"3d6.(5D).4s.4p.(3P*)"	"z 3P*"	"0"	"3d7.(4F).4d"	"f 3D"	"1"		""	"L11631"	
"502.71227"	"502.71223"	"4470"	""		"33507.123"	"53393.673"	"3d7.(4F).4p"	"y 5D*"	"3"	"3d7.(4F).4d"	"g 5F"	"4"		""	"L11631"	
"502.7225"	"502.72255"	"830bl"	"4.91e+05"	C	"29356.744"	"49242.886"	"3d6.4s2"	"b 3D"	"2"	"3d7.(2G).4p"	"w 3F*"	"3"		"T5720"	"L11631"	
"502.73422"	"502.73428"	"200"	""		"32133.991"	"52019.669"	"3d6.(5D).4s.4p.(3P*)"	"z 3F*"	"2"	"3d6.(5D).4s (6D).4d"	"e 5P"	"1"		""	"L11631"	
"502.77563"	"502.77564"	"690"	"2.2e+06"	E	"33946.933"	"53830.975"	"3d6.(5D).4s.4p.(3P*)"	"z 3P*"	"2"	"3d7.(4F).4d"	"g 5F"	"3"		"T2578n"	"L11631"	
"502.81260"	"502.81259"	"6300"	"2.21e+06"	B	"28819.954"	"48702.535"	"3d7.(2H).4s"	"a 1H"	"5"	"3d6.(3H).4s.4p.(3P*)"	"y 1G*"	"4"		"T5720"	"L11631"	
"502.96173"	"502.96176"	"1200"	"5.3e+05"	D	"27543.003"	"47419.687"	"3d7.(2P).4s"	"a 1P"	"1"	"3d6.(3P2).4s.4p.(3P*)"	"1D*"	"2"		"T2578n"	"L11631"	
"503.07783"	"503.07778"	"620"	"2.60e+04"	C+	"26105.908"	"45978.008"	"3d7.(2H).4s"	"b 3H"	"6"	"3d6.(3H).4s.4p.(3P*)"	"z 3I*"	"7"		"T5720"	"L11631"	
"503.10360"	"503.10376"	"166"	""		"29371.812"	"49242.886"	"3d6.4s2"	"b 3D"	"3"	"3d7.(2G).4p"	"w 3F*"	"3"		""	"L11631"	
"503.1914"	"503.19138"	"170"	"8.4e+05"	E	"35257.324"	"55124.938"	"3d7.(4F).4p"	"z 5G*"	"4"	"3d7.(4F).4d"	"f 3F"	"3"		"T2578n"	"L11631"	
"503.56999"	""	"5200"	""		""	""	""	""	""	""	""	""		""	"L11631"	
"503.6922"	"503.69214"	"141bl"	"4.7e+04"	E	"24335.766"	"44183.628"	"3d7.(2P).4s"	"c 3P"	"2"	"3d6.(3P2).4s.4p.(3P*)"	"w 5D*"	"2"		"T2578n"	"L11631"	
"503.92516"	"503.92512"	"2690"	"6.38e+05"	B	"27166.820"	"47005.506"	"3d6.(5D).4s.4p.(3P*)"	"z 5F*"	"4"	"3d7.(4F).5s"	"e 5F"	"5"		"T5720"	"L11631"	
"504.0240"	"504.02535"	"79bl"	""		"34039.516"	"53874.257"	"3d7.(4F).4p"	"y 5F*"	"4"	"3d7.(4F).4d"	"e 5H"	"5"		""	"L11631"	
"504.08522"	"504.08518"	"850"	""		"34328.752"	"54161.139"	"3d7.(4F).4p"	"y 5F*"	"3"	"3d7.(4F).4d"	"f 5G"	"3"		""	"L11631"	
"504.09058"	"504.09062"	"2820"	""		"34547.211"	"54379.384"	"3d7.(4F).4p"	"y 5F*"	"2"	"3d7.(4F).4d"	"e 3G"	"3"		""	"L11631"	
"504.10713"	"504.10714"	"17800"	"4.29e+04"	B	"7728.060"	"27559.583"	"3d7.(4F).4s"	"a 5F"	"3"	"3d6.(5D).4s.4p.(3P*)"	"z 5F*"	"2"		"T5720"	"L11631"	
"504.13471"	"504.13467"	"204"	""		"24335.766"	"44166.206"	"3d7.(2P).4s"	"c 3P"	"2"	"3d6.(3F2).4s.4p.(3P*)"	"v 5D*"	"3"		""	"L11631"	
"504.14473"	"504.14479"	"91"	""		"36686.176"	"56516.218"	"3d7.(4F).4p"	"y 3F*"	"4"	"3d7.(4F).6s"	"5F"	"4"		""	"L11631"	
"504.17557"	"504.17555"	"56000"	"2.35e+05"	B	"11976.239"	"31805.071"	"3d7.(4F).4s"	"a 3F"	"4"	"3d6.(5D).4s.4p.(3P*)"	"z 3F*"	"3"		"T5720"	"L11631"	
"504.18482"	"504.18486"	"68"	""		"34547.211"	"54375.677"	"3d7.(4F).4p"	"y 5F*"	"2"	"3d7.(4F).4d"	"f 5G"	"2"		""	"L11631"	
"504.42111"	"504.42106"	"1660"	"2.29e+05"	B	"22996.674"	"42815.855"	"3d6.(5D).4s.4p.(3P*)"	"z 7F*"	"4"	"3d6.(5D).4s (6D).5s"	"e 7D"	"5"		"T5720"	"L11631"	
"504.6363"	"504.63637"	"129"	""		"40404.518"	"60215.243"	"3d6.(5D).4s.4p.(1P*)"	"x 5D*"	"1"	"3d6.4s.(4D).4d"	"3P"	"1"		""	"L11631"	
"504.8436"	"504.84356"	"1820bl"	"4.88e+06"	B	"31937.325"	"51739.920"	"3d6.(5D).4s.4p.(3P*)"	"z 3D*"	"1"	"3d6.(5D).4s (4D).5s"	"e 3D"	"2"		"T5720"	"L11631"	
"504.98194"	"504.98193"	"27500"	"1.65e+06"	B	"18378.186"	"38175.355"	"3d6.4s2"	"a 3P2"	"2"	"3d7.(4F).4p"	"y 3D*"	"3"		"T5720"	"L11631"	
"505.16342"	"505.16343"	"38900"	"4.65e+04"	A	"7376.764"	"27166.820"	"3d7.(4F).4s"	"a 5F"	"4"	"3d6.(5D).4s.4p.(3P*)"	"z 5F*"	"4"		"T3548"	"L11631"	
""	"505.20951"	""	"8.2e-03"	E	"0.000"	"19788.251"	"3d6.4s2"	"a 5D"	"4"	"3d6.4s2"	"a 3H"	"4"	M1	"T6409"	""	
"505.29811"	"505.29814"	"324"	""		"26351.040"	"46135.820"	"3d7.(2H).4s"	"b 3H"	"5"	"3d6.(3H).4s.4p.(3P*)"	"z 3I*"	"5"		""	"L11631"	
"505.46423"	"505.46423"	"550"	"4.47e+05"	C+	"29356.744"	"49135.023"	"3d6.4s2"	"b 3D"	"2"	"3d6.(3F2).4s.4p.(3P*)"	"v 3D*"	"3"		"T5720"	"L11631"	
"505.5991"	"505.59926"	"79"	"3.0e+05"	E	"34782.421"	"54555.418"	"3d7.(4F).4p"	"z 5G*"	"5"	"3d7.(4F).4d"	"e 3H"	"4"		"T2578n"	"L11631"	
"505.68408"	"505.68414"	"158"	"1.0e+06"	E	"34362.873"	"54132.551"	"3d6.(5D).4s.4p.(3P*)"	"z 3P*"	"1"	"3d7.(4F).4d"	"h 5D"	"1"		"T2578n"	"L11631"	
"505.7483"	"505.74789"	"132bl*"	""		"35611.625"	"55378.811"	"3d7.(4F).4p"	"z 5G*"	"3"	"3d7.(4F).4d"	"f 3F"	"2"		""	"L11631"	
"505.7483"	"505.74807"	"132bl*"	""		"33801.572"	"53568.751"	"3d7.(4F).4p"	"y 5D*"	"2"	"3d7.(4F).4d"	"f 5P"	"2"		""	"L11631"	
"505.84971"	"505.84962"	"45"	""		"29371.812"	"49135.023"	"3d6.4s2"	"b 3D"	"3"	"3d6.(3F2).4s.4p.(3P*)"	"v 3D*"	"3"		""	"L11631"	
"506.00341"	"506.00355"	"20"	""		"34692.148"	"54449.347"	"3d7.(4F).4p"	"y 5F*"	"1"	"3d7.(4F).4d"	"f 3D"	"1"		""	"L11631"	
"506.00787"	"506.00782"	"930"	"1.38e+02"	C+	"0.000"	"19757.032"	"3d6.4s2"	"a 5D"	"4"	"3d6.(5D).4s.4p.(3P*)"	"z 7D*"	"3"		"T5720"	"L11631"	
"506.4590"	"506.45833"	"50"	""		"32873.632"	"52613.090"	"3d8"	"c 3F"	"4"	"3d7.(2H).4p"	"w 3H*"	"5"		""	"L11631"	
"506.49524"	"506.49520"	"510"	""		"34328.752"	"54066.773"	"3d7.(4F).4p"	"y 5F*"	"3"	"3d7.(4F).4d"	"f 3D"	"2"		""	"L11631"	
"506.50181"	"506.50174"	"6900"	""		"34328.752"	"54066.518"	"3d7.(4F).4p"	"y 5F*"	"3"	"3d7.(4F).4d"	"e 3G"	"4"		""	"L11631"	
"506.51924"	"506.51925"	"2040"	"8.86e+05"	D+	"29371.812"	"49108.896"	"3d6.4s2"	"b 3D"	"3"	"3d7.(2G).4p"	"w 3F*"	"4"		"T5720"	"L11631"	
"506.71492"	"506.71490"	"1550"	""		"34039.516"	"53768.979"	"3d7.(4F).4p"	"y 5F*"	"4"	"3d7.(4F).4d"	"f 5G"	"4"		""	"L11631"	
"506.87655"	"506.87656"	"12900"	"3.37e+06"	B+	"23711.456"	"43434.627"	"3d6.(5D).4s.4p.(3P*)"	"z 7P*"	"4"	"3d6.(5D).4s (6D).5s"	"e 7D"	"3"		"T5720"	"L11631"	
"506.9423"	"506.94231"	"100"	""		"34636.792"	"54357.405"	"3d6.4s2"	"b 1D2"	"2"	"3d7.(4F).5p"	"3G*"	"3"		""	"L11631"	
"507.1511"	"507.15103"	"105"	""		"36766.966"	"56479.463"	"3d6.(5D).4s.4p.(1P*)"	"y 5P*"	"3"	"3d6.4s.(6D).5d"	"5D"	"2"		""	"L11631"	
"507.20780"	"507.20779"	"2190"	""		"34547.211"	"54257.502"	"3d7.(4F).4p"	"y 5F*"	"2"	"3d7.(4F).4d"	"g 5F"	"2"		""	"L11631"	
"507.26718"	"507.26716"	"1100"	""		"34039.516"	"53747.500"	"3d7.(4F).4p"	"y 5F*"	"4"	"3d7.(4F).4d"	"f 3D"	"3"		""	"L11631"	
"507.3897"	"507.38912"	"457bl"	""		"32133.991"	"51837.238"	"3d6.(5D).4s.4p.(3P*)"	"z 3F*"	"2"	"3d6.(5D).4s (6D).4d"	"e 5P"	"3"		""	"L11631"	
"507.47480"	"507.47476"	"10200"	"1.4e+07"	D	"34039.516"	"53739.438"	"3d7.(4F).4p"	"y 5F*"	"4"	"3d7.(4F).4d"	"e 3G"	"5"		"T2491n"	"L11631"	
"507.62642"	"507.62638"	"1320"	""		"34692.148"	"54386.186"	"3d7.(4F).4p"	"y 5F*"	"1"	"3d7.(4F).4d"	"g 5F"	"1"		""	"L11631"	
"507.89745"	"507.89740"	"4790"	""		"34692.148"	"54375.677"	"3d7.(4F).4p"	"y 5F*"	"1"	"3d7.(4F).4d"	"f 5G"	"2"		""	"L11631"	
"507.92227"	"507.92223"	"3980"	"7.38e+05"	B	"17726.988"	"37409.555"	"3d7.(4P).4s"	"a 5P"	"2"	"3d6.(5D).4s.4p.(1P*)"	"y 5P*"	"1"		"T4187"	"L11631"	
"507.97396"	"507.97395"	"11200"	"5.19e+04"	A	"7985.785"	"27666.348"	"3d7.(4F).4s"	"a 5F"	"2"	"3d6.(5D).4s.4p.(3P*)"	"z 5F*"	"1"		"T3548"	"L11631"	
"508.03514"	"508.03518"	"417"	""		"29798.936"	"49477.127"	"3d6.4s2"	"b 1G2"	"4"	"3d6.(3F2).4s.4p.(3P*)"	"1F*"	"3"		""	"L11631"	
"508.07878"	"508.07879"	"138"	""		"23783.619"	"43460.121"	"3d6.4s2"	"b 3G"	"5"	"3d6.(3H).4s.4p.(3P*)"	"z 5I*"	"5"		""	"L11631"	
"508.09358"	"508.09353"	"316"	"1.8e+04"	E	"26351.040"	"46026.971"	"3d7.(2H).4s"	"b 3H"	"5"	"3d6.(3H).4s.4p.(3P*)"	"z 3I*"	"6"		"T2578n"	"L11631"	
"508.33382"	"508.33380"	"23400"	"4.06e+04"	A	"7728.060"	"27394.691"	"3d7.(4F).4s"	"a 5F"	"3"	"3d6.(5D).4s.4p.(3P*)"	"z 5F*"	"3"		"T3548"	"L11631"	
"508.4545"	"508.45441"	"76"	""		"29798.936"	"49460.902"	"3d6.4s2"	"b 1G2"	"4"	"3d7.(2G).4p"	"v 3G*"	"5"		""	"L11631"	
"508.81528"	"508.81526"	"229"	"5.1e+05"	D	"33507.123"	"53155.145"	"3d7.(4F).4p"	"y 5D*"	"3"	"3d7.(4F).4d"	"h 5D"	"4"		"T2578n"	"L11631"	
"509.07736"	"509.07727"	"3550"	"1.9e+07"	D	"34328.752"	"53966.662"	"3d7.(4F).4p"	"y 5F*"	"3"	"3d7.(4F).4d"	"h 5D"	"2"		"T2491n"	"L11631"	
"509.69977"	"509.69972"	"4470"	""		"34547.211"	"54161.139"	"3d7.(4F).4p"	"y 5F*"	"2"	"3d7.(4F).4d"	"f 5G"	"3"		""	"L11631"	
"509.85719"	"509.85723"	"2290"	""		"31686.351"	"51294.220"	"3d6.(5D).4s.4p.(3P*)"	"z 3D*"	"2"	"3d6.(5D).4s (4D).5s"	"e 3D"	"3"		""	"L11631"	
"509.86978"	"509.86981"	"6800"	"4.83e+05"	D+	"17550.181"	"37157.566"	"3d7.(4P).4s"	"a 5P"	"3"	"3d6.(5D).4s.4p.(1P*)"	"y 5P*"	"2"		"T5720"	"L11631"	
"509.90770"	"509.90768"	"780"	"2.79e+06"	B	"32133.991"	"51739.920"	"3d6.(5D).4s.4p.(3P*)"	"z 3F*"	"2"	"3d6.(5D).4s (4D).5s"	"e 3D"	"2"		"T5720"	"L11631"	
"510.40298"	"510.40302"	"245"	"5.7e+04"	E	"24335.766"	"43922.668"	"3d7.(2P).4s"	"c 3P"	"2"	"3d6.(3P2).4s.4p.(3P*)"	"w 5D*"	"3"		"T2578n"	"L11631"	
"510.41909"	"510.41891"	"224"	"2.7e+05"	E	"33695.397"	"53281.689"	"3d7.(4F).4p"	"y 5F*"	"5"	"3d7.(4F).4d"	"f 5G"	"5"		"T2578n"	"L11631"	
"510.44372"	"510.44372"	"275"	"1.8e+06"	E	"34547.211"	"54132.551"	"3d7.(4F).4p"	"y 5F*"	"2"	"3d7.(4F).4d"	"h 5D"	"1"		"T2578n"	"L11631"	
"510.74471"	"510.74472"	"15800"	"4.18e+04"	A	"7985.785"	"27559.583"	"3d7.(4F).4s"	"a 5F"	"2"	"3d6.(5D).4s.4p.(3P*)"	"z 5F*"	"2"		"T3548"	"L11631"	
"510.76407"	"510.76406"	"34700"	"1.95e+05"	A	"12560.934"	"32133.991"	"3d7.(4F).4s"	"a 3F"	"3"	"3d6.(5D).4s.4p.(3P*)"	"z 3F*"	"2"		"T3831"	"L11631"	
"510.8403"	"510.83967"	"129"	""		"36766.966"	"56337.126"	"3d6.(5D).4s.4p.(1P*)"	"y 5P*"	"3"	"3d6.4s.(6D).5d"	"5D"	"3"		""	"L11631"	
"510.96517"	"510.96515"	"1580"	""		"34692.148"	"54257.502"	"3d7.(4F).4p"	"y 5F*"	"1"	"3d7.(4F).4d"	"g 5F"	"2"		""	"L11631"	
"511.03585"	"511.03580"	"3090"	"9.99e+05"	B	"28819.954"	"48382.603"	"3d7.(2H).4s"	"a 1H"	"5"	"3d7.(2G).4p"	"z 1H*"	"5"		"T5720"	"L11631"	
"511.04128"	"511.04129"	"40700"	"4.93e+03"	A	"0.000"	"19562.439"	"3d6.4s2"	"a 5D"	"4"	"3d6.(5D).4s.4p.(3P*)"	"z 7D*"	"4"		"T3547"	"L11631"	
""	"511.17772"	""	"2.3e-02"	E	"7985.785"	"27543.003"	"3d7.(4F).4s"	"a 5F"	"2"	"3d7.(2P).4s"	"a 1P"	"1"	M1	"T6409"	""	
"511.2917"	"511.29163"	"105"	""		"39969.853"	"59522.714"	"3d6.(5D).4s.4p.(1P*)"	"x 5D*"	"3"	"3d6.4s.(4D).4d"	"3F"	"3"		""	"L11631"	
"511.57778"	"511.57768"	"427"	"5.8e+04"	E	"28819.954"	"48361.882"	"3d7.(2H).4s"	"a 1H"	"5"	"3d6.(3G).4s.4p.(3P*)"	"y 5H*"	"4"		"T2578n"	"L11631"	
"512.16388"	"512.16386"	"1700"	"7.9e+06"	D	"34547.211"	"54066.773"	"3d7.(4F).4p"	"y 5F*"	"2"	"3d7.(4F).4d"	"f 3D"	"2"		"T2491n"	"L11631"	
"512.1973"	"512.19659"	"20"	""		"28604.613"	"48122.928"	"3d7.(2D2).4s"	"a 1D"	"2"	"3d6.(3G).4s.4p.(3P*)"	"v 5F*"	"3"		""	"L11631"	
"512.3280"	"512.32788"	"89"	""		"35611.625"	"55124.938"	"3d7.(4F).4p"	"z 5G*"	"3"	"3d7.(4F).4d"	"f 3F"	"3"		""	"L11631"	
"512.37196"	"512.37197"	"15100"	"7.24e+04"	A	"8154.714"	"27666.348"	"3d7.(4F).4s"	"a 5F"	"1"	"3d6.(5D).4s.4p.(3P*)"	"z 5F*"	"1"		"T3548"	"L11631"	
"512.46195"	"512.46187"	"195"	""		"26627.609"	"46135.820"	"3d7.(2H).4s"	"b 3H"	"4"	"3d6.(3H).4s.4p.(3P*)"	"z 3I*"	"5"		""	"L11631"	
"512.51168"	"512.51163"	"8300"	""		"34039.516"	"53545.833"	"3d7.(4F).4p"	"y 5F*"	"4"	"3d7.(4F).4d"	"h 5D"	"3"		""	"L11631"	
"512.5834"	"512.58361"	"200"	""		"33412.717"	"52916.295"	"3d8"	"c 3F"	"3"	"3d7.(2D2).4p"	"v 3P*"	"2"		""	"L11631"	
"512.6193"	"512.61922"	"1290bl"	"3.2e+06"	E	"34328.752"	"53830.975"	"3d7.(4F).4p"	"y 5F*"	"3"	"3d7.(4F).4d"	"g 5F"	"3"		"T2578n"	"L11631"	
"512.73590"	"512.73588"	"13500"	"1.14e+04"	A	"7376.764"	"26874.550"	"3d7.(4F).4s"	"a 5F"	"4"	"3d6.(5D).4s.4p.(3P*)"	"z 5F*"	"5"		"T3548"	"L11631"	
"512.76793"	"512.76807"	"191"	"3.80e+01"	A	"415.933"	"19912.495"	"3d6.4s2"	"a 5D"	"3"	"3d6.(5D).4s.4p.(3P*)"	"z 7D*"	"2"		"T3547"	"L11631"	
"512.96305"	"512.96311"	"417"	"5.5e+05"	E	"31805.071"	"51294.220"	"3d6.(5D).4s.4p.(3P*)"	"z 3F*"	"3"	"3d6.(5D).4s (4D).5s"	"e 3D"	"3"		"T2578n"	"L11631"	
"513.14684"	"513.14679"	"1380"	"2.58e+05"	D+	"17927.382"	"37409.555"	"3d7.(4P).4s"	"a 5P"	"1"	"3d6.(5D).4s.4p.(1P*)"	"y 5P*"	"1"		"T5720"	"L11631"	
"513.36882"	"513.36877"	"20900"	""		"33695.397"	"53169.146"	"3d7.(4F).4p"	"y 5F*"	"5"	"3d7.(4F).4d"	"f 5G"	"6"		""	"L11631"	
"513.6093"	"513.60915"	"151"	"6.8e+05"	E	"33765.306"	"53229.941"	"3d8"	"c 3F"	"2"	"3d7.(2D2).4p"	"v 3P*"	"1"		"T2578n"	"L11631"	
"513.73818"	"513.73814"	"6900"	"1.0e+07"	D	"33695.397"	"53155.145"	"3d7.(4F).4p"	"y 5F*"	"5"	"3d7.(4F).4d"	"h 5D"	"4"		"T2491n"	"L11631"	
"513.92511"	"513.92504"	"22400"	"9.16e+06"	B+	"24180.862"	"43633.533"	"3d6.(5D).4s.4p.(3P*)"	"z 7P*"	"3"	"3d6.(5D).4s (6D).5s"	"e 7D"	"2"		"T5720"	"L11631"	
"513.94625"	"513.94620"	"45700"	"8.69e+06"	B+	"23711.456"	"43163.326"	"3d6.(5D).4s.4p.(3P*)"	"z 7P*"	"4"	"3d6.(5D).4s (6D).5s"	"e 7D"	"4"		"T5720"	"L11631"	
"514.17387"	"514.17385"	"2820"	"4.86e+05"	D	"19552.478"	"38995.736"	"3d6.4s2"	"a 3P2"	"1"	"3d7.(4F).4p"	"y 3D*"	"1"		"T5720"	"L11631"	
"514.24938"	"514.24936"	"1000"	""		"34692.148"	"54132.551"	"3d7.(4F).4p"	"y 5F*"	"1"	"3d7.(4F).4d"	"h 5D"	"1"		""	"L11631"	
"514.25409"	"514.25402"	"3890"	""		"34328.752"	"53768.979"	"3d7.(4F).4p"	"y 5F*"	"3"	"3d7.(4F).4d"	"f 5G"	"4"		""	"L11631"	
"514.29282"	"514.29283"	"15800"	"2.40e+04"	D+	"7728.060"	"27166.820"	"3d7.(4F).4s"	"a 5F"	"3"	"3d6.(5D).4s.4p.(3P*)"	"z 5F*"	"4"		"T5720"	"L11631"	
"514.37234"	"514.37226"	"102"	"7.3e+03"	E	"17726.988"	"37162.746"	"3d7.(4P).4s"	"a 5P"	"2"	"3d7.(4F).4p"	"y 3F*"	"3"		"T2578n"	"L11631"	
"514.50933"	"514.50939"	"363"	"6.70e+04"	D+	"17726.988"	"37157.566"	"3d7.(4P).4s"	"a 5P"	"2"	"3d6.(5D).4s.4p.(1P*)"	"y 5P*"	"2"		"T5720"	"L11631"	
"514.6306"	"514.63070"	"151"	"2.7e+05"	E	"35257.324"	"54683.322"	"3d7.(4F).4p"	"z 5G*"	"4"	"3d7.(4F).4d"	"f 3F"	"4"		"T2578n"	"L11631"	
"514.80425"	"514.80420"	"2040"	""		"34547.211"	"53966.662"	"3d7.(4F).4p"	"y 5F*"	"2"	"3d7.(4F).4d"	"h 5D"	"2"		""	"L11631"	
"514.82288"	"514.82284"	"3470"	""		"34328.752"	"53747.500"	"3d7.(4F).4p"	"y 5F*"	"3"	"3d7.(4F).4d"	"f 3D"	"3"		""	"L11631"	
"515.01968"	"515.01968"	"331"	""		"28819.954"	"48231.280"	"3d7.(2H).4s"	"a 1H"	"5"	"3d6.(3G).4s.4p.(3P*)"	"y 5H*"	"5"		""	"L11631"	
"515.08392"	"515.08390"	"13800"	"3.30e+04"	C	"7985.785"	"27394.691"	"3d7.(4F).4s"	"a 5F"	"2"	"3d6.(5D).4s.4p.(3P*)"	"z 5F*"	"3"		"T5720"	"L11631"	
"515.1911"	"515.19106"	"8700bl"	"2.39e+04"	A	"8154.714"	"27559.583"	"3d7.(4F).4s"	"a 5F"	"1"	"3d6.(5D).4s.4p.(3P*)"	"z 5F*"	"2"		"T3548"	"L11631"	
""	"515.41003"	""	"4.43e+05"	C+	"31307.245"	"50703.870"	"3d6.(5D).4s.4p.(3P*)"	"z 3F*"	"4"	"3d6.(5D).4s (6D).4d"	"e 5G"	"5"		"T5720"	""	
""	"515.63163"	""	"1.1e-02"	E	"8154.714"	"27543.003"	"3d7.(4F).4s"	"a 5F"	"1"	"3d7.(2P).4s"	"a 1P"	"1"	M1	"T6409"	""	
"515.90573"	"515.90571"	"1580"	""		"34547.211"	"53925.200"	"3d7.(4F).4p"	"y 5F*"	"2"	"3d7.(4F).4d"	"f 5P"	"1"		""	"L11631"	
""	"516.05674"	""	"1.5e-03"	E	"415.933"	"19788.251"	"3d6.4s2"	"a 5D"	"3"	"3d6.4s2"	"a 3H"	"4"	M1	"T6409"	""	
"516.1297"	"516.12907"	"151"	""		"34555.597"	"53925.200"	"3d6.(5D).4s.4p.(3P*)"	"z 3P*"	"0"	"3d7.(4F).4d"	"f 5P"	"1"		""	"L11631"	
"516.22725"	"516.22721"	"9800"	""		"33695.397"	"53061.318"	"3d7.(4F).4p"	"y 5F*"	"5"	"3d7.(4F).4d"	"g 5F"	"5"		""	"L11631"	
"516.45503"	"516.45514"	"380"	"1.6e+06"	E	"35767.564"	"55124.938"	"3d7.(4F).4p"	"z 3G*"	"4"	"3d7.(4F).4d"	"f 3F"	"3"		"T2578n"	"L11631"	
"516.49102"	"516.49111"	"339"	""		"33412.717"	"52768.743"	"3d8"	"c 3F"	"3"	"3d7.(2H).4p"	"w 3H*"	"4"		""	"L11631"	
"516.54103"	"516.54099"	"3240"	""		"34039.516"	"53393.673"	"3d7.(4F).4p"	"y 5F*"	"4"	"3d7.(4F).4d"	"g 5F"	"4"		""	"L11631"	
"516.62819"	"516.62817"	"15500"	"1.45e+03"	A	"0.000"	"19350.891"	"3d6.4s2"	"a 5D"	"4"	"3d6.(5D).4s.4p.(3P*)"	"z 7D*"	"5"		"T3547"	"L11631"	
"516.74881"	"516.74879"	"760000"	"2.72e+06"	B+	"11976.239"	"31322.613"	"3d7.(4F).4s"	"a 3F"	"4"	"3d6.(5D).4s.4p.(3P*)"	"z 3D*"	"3"		"T5720"	"L11631"	
"516.7711"	"516.77177"	"398"	""		"27543.003"	"46888.517"	"3d7.(2P).4s"	"a 1P"	"1"	"3d7.(4P).4p"	"u 5D*"	"2"		""	"L11631"	
"516.88978"	"516.88973"	"22400"	"3.83e+03"	A	"415.933"	"19757.032"	"3d6.4s2"	"a 5D"	"3"	"3d6.(5D).4s.4p.(3P*)"	"z 7D*"	"3"		"T3547"	"L11631"	
"516.9298"	"516.92985"	"158"	""		"32873.632"	"52213.230"	"3d8"	"c 3F"	"4"	"3d7.(2D2).4p"	"t 3D*"	"3"		""	"L11631"	
"517.1314"	"517.13165"	"141"	""		"39969.853"	"59301.904"	"3d6.(5D).4s.4p.(1P*)"	"x 5D*"	"3"	"3d6.4s.(4D).4d"	"3F"	"4"		""	"L11631"	
"517.15960"	"517.15961"	"162000"	"4.46e+05"	A	"11976.239"	"31307.245"	"3d7.(4F).4s"	"a 3F"	"4"	"3d6.(5D).4s.4p.(3P*)"	"z 3F*"	"4"		"T3831"	"L11631"	
"517.16728"	"517.16718"	"710"	""		"29371.812"	"48702.535"	"3d6.4s2"	"b 3D"	"3"	"3d6.(3H).4s.4p.(3P*)"	"y 1G*"	"4"		""	"L11631"	
"517.31249"	"517.31236"	"182"	""		"23783.619"	"43108.917"	"3d6.4s2"	"b 3G"	"5"	"3d6.(3H).4s.4p.(3P*)"	"z 5H*"	"4"		""	"L11631"	
"517.3503"	"517.35016"	"186"	""		"24118.819"	"43442.705"	"3d6.4s2"	"b 3G"	"4"	"3d6.(3H).4s.4p.(3P*)"	"z 5I*"	"4"		""	"L11631"	
"517.72337"	"517.72327"	"355"	"1.2e+05"	E	"29798.936"	"49108.896"	"3d6.4s2"	"b 1G2"	"4"	"3d7.(2G).4p"	"w 3F*"	"4"		"T2578n"	"L11631"	
"517.88002"	"517.88006"	"234"	"4.2e+05"	E	"35379.208"	"54683.322"	"3d7.(4F).4p"	"z 3G*"	"5"	"3d7.(4F).4d"	"f 3F"	"4"		"T2578n"	"L11631"	
"518.2223"	"518.22196"	"50"	""		"40231.336"	"59522.714"	"3d6.(5D).4s.4p.(1P*)"	"x 5D*"	"2"	"3d6.4s.(4D).4d"	"3F"	"3"		""	"L11631"	
"518.41757"	"518.41763"	"170"	""		"34782.421"	"54066.518"	"3d7.(4F).4p"	"z 5G*"	"5"	"3d7.(4F).4d"	"e 3G"	"4"		""	"L11631"	
"518.42657"	"518.42658"	"1150"	"3.8e+06"	D	"34547.211"	"53830.975"	"3d7.(4F).4p"	"y 5F*"	"2"	"3d7.(4F).4d"	"g 5F"	"3"		"T2578n"	"L11631"	
"518.57257"	"518.57247"	"720"	""		"28819.954"	"48098.293"	"3d7.(2H).4s"	"a 1H"	"5"	"3d6.(3H).4s.4p.(3P*)"	"1I*"	"6"		""	"L11631"	
"518.79138"	"518.79142"	"910"	"2.11e+06"	C+	"33412.717"	"52682.920"	"3d8"	"c 3F"	"3"	"3d7.(2D2).4p"	"t 3D*"	"2"		"T5720"	"L11631"	
"519.14546"	"519.14542"	"31600"	"2.32e+07"	B	"24506.917"	"43763.980"	"3d6.(5D).4s.4p.(3P*)"	"z 7P*"	"2"	"3d6.(5D).4s (6D).5s"	"e 7D"	"1"		"T5720"	"L11631"	
"519.23439"	"519.23434"	"47900"	"1.34e+07"	B+	"24180.862"	"43434.627"	"3d6.(5D).4s.4p.(3P*)"	"z 7P*"	"3"	"3d6.(5D).4s (6D).5s"	"e 7D"	"3"		"T5720"	"L11631"	
"519.49414"	"519.49412"	"72000"	"2.87e+05"	A	"12560.934"	"31805.071"	"3d7.(4F).4s"	"a 3F"	"3"	"3d6.(5D).4s.4p.(3P*)"	"z 3F*"	"3"		"T3831"	"L11631"	
"519.54719"	"519.54715"	"6500"	""		"34039.516"	"53281.689"	"3d7.(4F).4p"	"y 5F*"	"4"	"3d7.(4F).4d"	"f 5G"	"5"		""	"L11631"	
"519.60593"	"519.60585"	"1780"	""		"34328.752"	"53568.751"	"3d7.(4F).4p"	"y 5F*"	"3"	"3d7.(4F).4d"	"f 5P"	"2"		""	"L11631"	
"519.79369"	"519.79354"	"282"	"2.0e+06"	E	"34692.148"	"53925.200"	"3d7.(4F).4p"	"y 5F*"	"1"	"3d7.(4F).4d"	"f 5P"	"1"		"T2578n"	"L11631"	
"519.87108"	"519.87106"	"2950"	"3.62e+05"	B	"17927.382"	"37157.566"	"3d7.(4P).4s"	"a 5P"	"1"	"3d6.(5D).4s.4p.(1P*)"	"y 5P*"	"2"		"T4187"	"L11631"	
"520.22561"	"520.22553"	"1510"	""		"34328.752"	"53545.833"	"3d7.(4F).4p"	"y 5F*"	"3"	"3d7.(4F).4d"	"h 5D"	"3"		""	"L11631"	
"520.23357"	"520.23355"	"8300"	"5.11e+05"	B	"17550.181"	"36766.966"	"3d7.(4P).4s"	"a 5P"	"3"	"3d6.(5D).4s.4p.(1P*)"	"y 5P*"	"3"		"T4187"	"L11631"	
"520.45823"	"520.45826"	"6600"	"2.29e+03"	A	"704.007"	"19912.495"	"3d6.4s2"	"a 5D"	"2"	"3d6.(5D).4s.4p.(3P*)"	"z 7D*"	"2"		"T3547"	"L11631"	
"520.4950"	"520.49465"	"407"	""		"24118.819"	"43325.964"	"3d6.4s2"	"b 3G"	"4"	"3d6.(3H).4s.4p.(3P*)"	"z 5H*"	"3"		""	"L11631"	
"520.79372"	"520.79381"	"209"	"3.2e+05"	E	"29320.026"	"48516.138"	"3d6.4s2"	"b 3D"	"1"	"3d7.(4P).4p"	"x 3P*"	"1"		"T2578n"	"L11631"	
"520.85936"	"520.85937"	"12300"	"6.23e+06"	B	"26140.179"	"45333.875"	"3d6.(5D).4s.4p.(3P*)"	"z 5D*"	"3"	"3d6.(5D).4s (6D).5s"	"e 5D"	"2"		"T5783"	"L11631"	
"520.98843"	"520.98852"	"257"	""		"26105.908"	"45294.846"	"3d7.(2H).4s"	"b 3H"	"6"	"3d6.(3H).4s.4p.(3P*)"	"y 3G*"	"5"		""	"L11631"	
"521.3841"	"521.38408"	"437"	""		"37162.746"	"56337.126"	"3d7.(4F).4p"	"y 3F*"	"3"	"3d6.4s.(6D).5d"	"5D"	"3"		""	"L11631"	
"521.4608"	"521.46067"	"141"	""		"34636.792"	"53808.356"	"3d6.4s2"	"b 1D2"	"2"	"3d7.(2P).4p"	"x 3S*"	"1"		""	"L11631"	
"521.51803"	"521.51801"	"11500"	"1.10e+07"	B	"26339.696"	"45509.152"	"3d6.(5D).4s.4p.(3P*)"	"z 5D*"	"2"	"3d6.(5D).4s (6D).5s"	"e 5D"	"1"		"T6110"	"L11631"	
"521.62737"	"521.62737"	"58000"	"3.47e+05"	A	"12968.554"	"32133.991"	"3d7.(4F).4s"	"a 3F"	"2"	"3d6.(5D).4s.4p.(3P*)"	"z 3F*"	"2"		"T3831"	"L11631"	
"521.73890"	"521.73891"	"8900"	"2.41e+06"	B	"25899.989"	"45061.329"	"3d6.(5D).4s.4p.(3P*)"	"z 5D*"	"4"	"3d6.(5D).4s (6D).5s"	"e 5D"	"3"		"T5720"	"L11631"	
"521.79189"	"521.79190"	"479"	"1.56e+06"	C+	"29356.744"	"48516.138"	"3d6.4s2"	"b 3D"	"2"	"3d7.(4P).4p"	"x 3P*"	"1"		"T5720"	"L11631"	
""	"522.05648"	""	"5.7e-01"	E	"888.132"	"20037.816"	"3d6.4s2"	"a 5D"	"1"	"3d6.4s2"	"a 3P2"	"0"	M1	"T6409"	""	
"522.10378"	"522.10354"	"372"	""		"34636.792"	"53784.750"	"3d6.4s2"	"b 1D2"	"2"	"3d7.(4F).5p"	"5D*"	"3"		""	"L11631"	
"522.1763"	"522.17597"	"89"	""		"26406.465"	"45551.767"	"3d7.(2D2).4s"	"a 3D"	"1"	"3d6.(3P2).4s.4p.(3P*)"	"x 3D*"	"1"		""	"L11631"	
"522.31851"	"522.31825"	"550"	"4.03e+06"	C+	"29320.026"	"48460.113"	"3d6.4s2"	"b 3D"	"1"	"3d7.(4P).4p"	"x 3P*"	"0"		"T5720"	"L11631"	
"522.4298"	"522.42994"	"191"	"2.8e+03"	E	"17550.181"	"36686.176"	"3d7.(4P).4s"	"a 5P"	"3"	"3d7.(4F).4p"	"y 3F*"	"4"		"T2578n"	"L11631"	
"522.55257"	"522.55261"	"2240"	"1.32e+03"	A	"888.132"	"20019.635"	"3d6.4s2"	"a 5D"	"1"	"3d6.(5D).4s.4p.(3P*)"	"z 7D*"	"1"		"T3547"	"L11631"	
"522.60658"	"522.60631"	"810"	""		"27543.003"	"46672.540"	"3d7.(2P).4s"	"a 1P"	"1"	"3d6.(3P2).4s.4p.(3P*)"	"y 3P*"	"0"		""	"L11631"	
"522.68620"	"522.68612"	"30900"	"1.36e+07"	B	"24506.917"	"43633.533"	"3d6.(5D).4s.4p.(3P*)"	"z 7P*"	"2"	"3d6.(5D).4s (6D).5s"	"e 7D"	"2"		"T5720"	"L11631"	
"522.71503"	"522.71496"	"8700"	""		"19552.478"	"38678.039"	"3d6.4s2"	"a 3P2"	"1"	"3d7.(4F).4p"	"y 3D*"	"2"		""	"L11631"	
"522.71891"	"522.71889"	"437000"	"2.89e+06"	B+	"12560.934"	"31686.351"	"3d7.(4F).4s"	"a 3F"	"3"	"3d6.(5D).4s.4p.(3P*)"	"z 3D*"	"2"		"T5720"	"L11631"	
"522.83764"	"522.83754"	"870"	"1.9e+06"	E	"34039.516"	"53160.593"	"3d7.(4F).4p"	"y 5F*"	"4"	"3d7.(4F).4d"	"f 5P"	"3"		"T2578n"	"L11631"	
"522.98482"	"522.98447"	"8700"	""		"26479.381"	"45595.086"	"3d6.(5D).4s.4p.(3P*)"	"z 5D*"	"1"	"3d6.(5D).4s (6D).5s"	"e 5D"	"0"		""	"L11631"	
"522.98739"	"522.98655"	"1260"	""		"34039.516"	"53155.145"	"3d7.(4F).4p"	"y 5F*"	"4"	"3d7.(4F).4d"	"h 5D"	"4"		""	"L11631"	
"523.1388"	"523.13942"	"115"	""		"28819.954"	"47929.997"	"3d7.(2H).4s"	"a 1H"	"5"	"3d6.(3G).4s.4p.(3P*)"	"v 5F*"	"4"		""	"L11631"	
"523.29400"	"523.29398"	"123000"	"1.94e+07"	B+	"23711.456"	"42815.855"	"3d6.(5D).4s.4p.(3P*)"	"z 7P*"	"4"	"3d6.(5D).4s (6D).5s"	"e 7D"	"5"		"T5720"	"L11631"	
"523.53864"	"523.53870"	"2290"	"3.75e+06"	D+	"32873.632"	"51969.101"	"3d8"	"c 3F"	"4"	"3d7.(2P).4p"	"u 3D*"	"3"		"T5720"	"L11631"	
"523.62038"	"523.62017"	"389"	"2.58e+06"	C	"33765.306"	"52857.804"	"3d8"	"c 3F"	"2"	"3d7.(2D2).4p"	"t 3D*"	"1"		"T5720"	"L11631"	
"524.0355"	"524.03561"	"71"	""		"26351.040"	"45428.402"	"3d7.(2H).4s"	"b 3H"	"5"	"3d6.(3H).4s.4p.(3P*)"	"y 3G*"	"4"		""	"L11631"	
"524.24907"	"524.24905"	"8900"	"2.38e+06"	B	"29313.008"	"48382.603"	"3d6.4s2"	"a 1I"	"6"	"3d7.(2G).4p"	"z 1H*"	"5"		"T5720"	"L11631"	
"524.37766"	"524.37758"	"950"	"2.0e+06"	D	"34328.752"	"53393.673"	"3d7.(4F).4p"	"y 5F*"	"3"	"3d7.(4F).4d"	"g 5F"	"4"		"T2578n"	"L11631"	
"524.70501"	"524.70499"	"1580"	"3.92e+02"	A	"704.007"	"19757.032"	"3d6.4s2"	"a 5D"	"2"	"3d6.(5D).4s.4p.(3P*)"	"z 7D*"	"3"		"T3547"	"L11631"	
"524.91051"	"524.91049"	"263"	"1.2e+06"	E	"36079.372"	"55124.938"	"3d7.(4F).4p"	"z 3G*"	"3"	"3d7.(4F).4d"	"f 3F"	"3"		"T2578n"	"L11631"	
"525.02086"	"525.02089"	"1550"	"9.30e+02"	A	"978.074"	"20019.635"	"3d6.4s2"	"a 5D"	"0"	"3d6.(5D).4s.4p.(3P*)"	"z 7D*"	"1"		"T3547"	"L11631"	
"525.06456"	"525.06454"	"4470"	"2.28e+05"	D+	"17726.988"	"36766.966"	"3d7.(4P).4s"	"a 5P"	"2"	"3d6.(5D).4s.4p.(1P*)"	"y 5P*"	"3"		"T5720"	"L11631"	
"525.19655"	"525.19664"	"2400"	""		"28819.954"	"47855.143"	"3d7.(2H).4s"	"a 1H"	"5"	"3d6.(3G).4s.4p.(3P*)"	"y 5H*"	"6"		""	"L11631"	
"525.34614"	"525.34617"	"2290"	"2.15e+06"	B	"26479.381"	"45509.152"	"3d6.(5D).4s.4p.(3P*)"	"z 5D*"	"1"	"3d6.(5D).4s (6D).5s"	"e 5D"	"1"		"T6110"	"L11631"	
"525.49551"	"525.49552"	"3310"	"8.31e+02"	A	"888.132"	"19912.495"	"3d6.4s2"	"a 5D"	"1"	"3d6.(5D).4s.4p.(3P*)"	"z 7D*"	"2"		"T3547"	"L11631"	
"525.56651"	"525.56627"	"110"	""		"34039.516"	"53061.318"	"3d7.(4F).4p"	"y 5F*"	"4"	"3d7.(4F).4d"	"g 5F"	"5"		""	"L11631"	
"525.57353"	"525.57351"	"141"	""		"34547.211"	"53568.751"	"3d7.(4F).4p"	"y 5F*"	"2"	"3d7.(4F).4d"	"f 5P"	"2"		""	"L11631"	
"525.76549"	"525.76544"	"229"	""		"28819.954"	"47834.550"	"3d7.(2H).4s"	"a 1H"	"5"	"3d6.(3F2).4s.4p.(3P*)"	"x 3G*"	"5"		""	"L11631"	
"526.28806"	"526.28812"	"100"	"8.7e+04"	E	"26224.969"	"45220.681"	"3d7.(2D2).4s"	"a 3D"	"3"	"3d6.(3P2).4s.4p.(3P*)"	"x 3D*"	"3"		"T2578n"	"L11631"	
"526.33059"	"526.33060"	"11500"	"6.36e+06"	B	"26339.696"	"45333.875"	"3d6.(5D).4s.4p.(3P*)"	"z 5D*"	"2"	"3d6.(5D).4s (6D).5s"	"e 5D"	"2"		"T5783"	"L11631"	
"526.38646"	"526.38644"	"870"	"1.96e+05"	C	"28819.954"	"47812.118"	"3d7.(2H).4s"	"a 1H"	"5"	"3d6.(3F2).4s.4p.(3P*)"	"x 3G*"	"4"		"T5720"	"L11631"	
"526.52436"	"526.52414"	"229"	""		"24338.767"	"43325.964"	"3d6.4s2"	"b 3G"	"3"	"3d6.(3H).4s.4p.(3P*)"	"z 5H*"	"3"		""	"L11631"	
"526.65550"	"526.65543"	"51000"	"1.10e+07"	B	"24180.862"	"43163.326"	"3d6.(5D).4s.4p.(3P*)"	"z 7P*"	"3"	"3d6.(5D).4s (6D).5s"	"e 7D"	"4"		"T5720"	"L11631"	
"526.7270"	"526.72688"	"209"	"6.77e+05"	C+	"35257.324"	"54237.213"	"3d7.(4F).4p"	"z 5G*"	"4"	"3d7.(4F).4d"	"e 5H"	"4"		"T6110"	"L11631"	
"526.9060"	"526.90691"	"324"	""		"40842.154"	"59815.558"	"3d6.(5D).4s.4p.(1P*)"	"x 5F*"	"3"	"3d6.4s.(4D).4d"	"3F"	"2"		""	"L11631"	
"526.95370"	"526.95366"	"1020000"	"1.27e+06"	A	"6928.268"	"25899.989"	"3d7.(4F).4s"	"a 5F"	"5"	"3d6.(5D).4s.4p.(3P*)"	"z 5D*"	"4"		"T3548"	"L11631"	
"527.03560"	"527.03561"	"288000"	"3.67e+06"	B+	"12968.554"	"31937.325"	"3d7.(4F).4s"	"a 3F"	"2"	"3d6.(5D).4s.4p.(3P*)"	"z 3D*"	"1"		"T5720"	"L11631"	
"527.31632"	"527.31633"	"7800"	"8.12e+06"	B	"26550.479"	"45509.152"	"3d6.(5D).4s.4p.(3P*)"	"z 5D*"	"0"	"3d6.(5D).4s (6D).5s"	"e 5D"	"1"		"T6110"	"L11631"	
"527.33732"	"527.33727"	"3160"	"5.55e+05"	D	"20037.816"	"38995.736"	"3d6.4s2"	"a 3P2"	"0"	"3d7.(4F).4p"	"y 3D*"	"1"		"T5720"	"L11631"	
"527.4981"	"527.49807"	"155"	""		"32873.632"	"51825.773"	"3d8"	"c 3F"	"4"	"3d7.(2H).4p"	"u 3G*"	"3"		""	"L11631"	
"527.8580"	"527.85743"	"79"	""		"26623.735"	"45562.974"	"3d7.(2D2).4s"	"a 3D"	"2"	"3d6.(3H).4s.4p.(3P*)"	"y 3G*"	"3"		""	"L11631"	
"528.03616"	"528.03609"	"540"	"7.27e+05"	C+	"29371.812"	"48304.643"	"3d6.4s2"	"b 3D"	"3"	"3d7.(4P).4p"	"x 3P*"	"2"		"T5720"	"L11631"	
"528.1630"	"528.16299"	"850bl"	""		"40594.432"	"59522.714"	"3d6.(5D).4s.4p.(1P*)"	"x 5F*"	"4"	"3d6.4s.(4D).4d"	"3F"	"3"		""	"L11631"	
"528.17900"	"528.17895"	"15800"	"5.00e+06"	B	"24506.917"	"43434.627"	"3d6.(5D).4s.4p.(3P*)"	"z 7P*"	"2"	"3d6.(5D).4s (6D).5s"	"e 7D"	"3"		"T5720"	"L11631"	
"528.36207"	"528.36207"	"33900"	"1.02e+07"	B	"26140.179"	"45061.329"	"3d6.(5D).4s.4p.(3P*)"	"z 5D*"	"3"	"3d6.(5D).4s (6D).5s"	"e 5D"	"3"		"T5720"	"L11631"	
"528.44245"	"528.44245"	"660"	"8.29e+04"	C+	"29313.008"	"48231.280"	"3d6.4s2"	"a 1I"	"6"	"3d6.(3G).4s.4p.(3P*)"	"y 5H*"	"5"		"T5720"	"L11631"	
"528.46083"	"528.46084"	"214"	""		"33765.306"	"52682.920"	"3d8"	"c 3F"	"2"	"3d7.(2D2).4p"	"t 3D*"	"2"		""	"L11631"	
"528.51282"	"528.51269"	"214"	"6.4e+05"	E	"35767.564"	"54683.322"	"3d7.(4F).4p"	"z 3G*"	"4"	"3d7.(4F).4d"	"f 3F"	"4"		"T2578n"	"L11631"	
"528.85243"	"528.85264"	"2190"	"8.22e+05"	B	"29798.936"	"48702.535"	"3d6.4s2"	"b 1G2"	"4"	"3d6.(3H).4s.4p.(3P*)"	"y 1G*"	"4"		"T5720"	"L11631"	
""	"529.07442"	""	"2.2e-01"	E	"7728.060"	"26623.735"	"3d7.(4F).4s"	"a 5F"	"3"	"3d7.(2D2).4s"	"a 3D"	"2"	M1	"T6409"	""	
"529.3029"	"529.30319"	"89"	"1.0e+05"	E	"35379.208"	"54266.716"	"3d7.(4F).4p"	"z 3G*"	"5"	"3d7.(4F).4d"	"e 3H"	"5"		"T2578n"	"L11631"	
"529.39585"	"529.39583"	"245"	"6.9e+05"	E	"33412.717"	"52296.920"	"3d8"	"c 3F"	"3"	"3d7.(2P).4p"	"u 3D*"	"2"		"T2578n"	"L11631"	
"529.45478"	"529.45471"	"89"	"7.3e+04"	E	"29356.744"	"48238.847"	"3d6.4s2"	"b 3D"	"2"	"3d6.(3G).4s.4p.(3P*)"	"v 5F*"	"2"		"T2578n"	"L11631"	
"529.53118"	"529.53124"	"234"	"7.3e+05"	E	"35611.625"	"54490.999"	"3d7.(4F).4p"	"z 5G*"	"3"	"3d7.(4F).4d"	"e 5H"	"3"		"T2578n"	"L11631"	
"529.87755"	"529.87756"	"363"	"4.58e+05"	C+	"29371.812"	"48238.847"	"3d6.4s2"	"b 3D"	"3"	"3d6.(3G).4s.4p.(3P*)"	"v 5F*"	"2"		"T5720"	"L11631"	
"529.8949"	"529.89452"	"200"	""		"39625.804"	"58492.235"	"3d6.(5D).4s.4p.(1P*)"	"x 5D*"	"4"	"3d6.4s.(4D).4d"	"3G"	"5"		""	"L11631"	
"530.2299"	"530.23001"	"25"	"9.04e+06"	B	"26479.381"	"45333.875"	"3d6.(5D).4s.4p.(3P*)"	"z 5D*"	"1"	"3d6.(5D).4s (6D).5s"	"e 5D"	"2"		"T5783"	"L2637"	
""	"530.39944"	""	"4.6e-01"	E	"704.007"	"19552.478"	"3d6.4s2"	"a 5D"	"2"	"3d6.4s2"	"a 3P2"	"1"	M1	"T6409"	""	
""	"530.40693"	""	"1.8e-01"	E	"7376.764"	"26224.969"	"3d7.(4F).4s"	"a 5F"	"4"	"3d7.(2D2).4s"	"a 3D"	"3"	M1	"T6409"	""	
"530.4761"	"530.47608"	"372bl"	""		"40231.336"	"59077.084"	"3d6.(5D).4s.4p.(1P*)"	"x 5D*"	"2"	""	"59077e"	"1"		""	"L11631"	
"530.54223"	"530.54162"	"620"	""		"29320.026"	"48163.446"	"3d6.4s2"	"b 3D"	"1"	"3d5.(6S).4s2.4p"	"v 5P*"	"2"		""	"L11631"	
"530.73607"	"530.73605"	"7800"	"3.48e+04"	A	"12968.554"	"31805.071"	"3d7.(4F).4s"	"a 3F"	"2"	"3d6.(5D).4s.4p.(3P*)"	"z 3F*"	"3"		"T3831"	"L11631"	
"531.40246"	"531.40198"	"288"	""		"42911.917"	"61724.829"	"3d6.(3H).4s.4p.(3P*)"	"y 5G*"	"5"	""	"61724e"	"4"		""	"L11631"	
"531.5771"	"531.57745"	"141"	""		"29356.744"	"48163.446"	"3d6.4s2"	"b 3D"	"2"	"3d5.(6S).4s2.4p"	"v 5P*"	"2"		""	"L11631"	
"532.0035"	"532.00370"	"191"	"1.5e+05"	D	"29371.812"	"48163.446"	"3d6.4s2"	"b 3D"	"3"	"3d5.(6S).4s2.4p"	"v 5P*"	"2"		"T2578n"	"L11631"	
"532.11076"	"532.11074"	"355"	"2.13e+06"	C	"35767.564"	"54555.418"	"3d7.(4F).4p"	"z 3G*"	"4"	"3d7.(4F).4d"	"e 3H"	"4"		"T5720"	"L11631"	
"532.18342"	"532.18351"	"347"	""		"29313.008"	"48098.293"	"3d6.4s2"	"a 1I"	"6"	"3d6.(3H).4s.4p.(3P*)"	"1I*"	"6"		""	"L11631"	
"532.20404"	"532.20405"	"830"	"5.29e+04"	C	"18378.186"	"37162.746"	"3d6.4s2"	"a 3P2"	"2"	"3d7.(4F).4p"	"y 3F*"	"3"		"T5720"	"L11631"	
"532.41787"	"532.41785"	"78000"	"2.06e+07"	B	"25899.989"	"44677.006"	"3d6.(5D).4s.4p.(3P*)"	"z 5D*"	"4"	"3d6.(5D).4s (6D).5s"	"e 5D"	"4"		"T5783"	"L11631"	
"532.61424"	"532.61422"	"560"	"2.22e+05"	B	"28819.954"	"47590.048"	"3d7.(2H).4s"	"a 1H"	"5"	"3d6.(3G).4s.4p.(3P*)"	"w 5G*"	"4"		"T6110"	"L11631"	
"532.80383"	"532.80381"	"740000"	"1.15e+06"	A	"7376.764"	"26140.179"	"3d7.(4F).4s"	"a 5F"	"4"	"3d6.(5D).4s.4p.(3P*)"	"z 5D*"	"3"		"T3548"	"L11631"	
"532.85313"	"532.85311"	"105000"	"4.74e+05"	B	"12560.934"	"31322.613"	"3d7.(4F).4s"	"a 3F"	"3"	"3d6.(5D).4s.4p.(3P*)"	"z 3D*"	"3"		"T5720"	"L11631"	
"532.99887"	"532.99894"	"2040"	"1.29e+06"	C+	"32873.632"	"51630.178"	"3d8"	"c 3F"	"4"	"3d6.(3H).4s.4p.(3P*)"	"1H*"	"5"		"T5720"	"L11631"	
"533.26598"	"533.26605"	"427"	"6.8e+05"	E	"33765.306"	"52512.457"	"3d8"	"c 3F"	"2"	"3d7.(2P).4p"	"u 3D*"	"1"		"T2578n"	"L11631"	
"533.28994"	"533.28994"	"11000"	"4.36e+04"	B	"12560.934"	"31307.245"	"3d7.(4F).4s"	"a 3F"	"3"	"3d6.(5D).4s.4p.(3P*)"	"z 3F*"	"4"		"T5720"	"L11631"	
"533.99290"	"533.99291"	"19500"	"6.36e+06"	C+	"26339.696"	"45061.329"	"3d6.(5D).4s.4p.(3P*)"	"z 5D*"	"2"	"3d6.(5D).4s (6D).5s"	"e 5D"	"3"		"T5720"	"L11631"	
"534.10237"	"534.10235"	"81000"	"5.21e+05"	B	"12968.554"	"31686.351"	"3d7.(4F).4s"	"a 3F"	"2"	"3d6.(5D).4s.4p.(3P*)"	"z 3D*"	"2"		"T5720"	"L11631"	
"534.97373"	"534.97371"	"479"	"1.4e+06"	D	"35379.208"	"54066.518"	"3d7.(4F).4p"	"z 3G*"	"5"	"3d7.(4F).4d"	"e 3G"	"4"		"T2578n"	"L11631"	
"535.33732"	"535.33736"	"1910"	""		"33095.941"	"51770.557"	"3d7.(4F).4p"	"y 5D*"	"4"	"3d6.(5D).4s (4D).5s"	"g 5D"	"3"		""	"L11631"	
""	"535.63193"	""	"1.0e-03"	E	"888.132"	"19552.478"	"3d6.4s2"	"a 5D"	"1"	"3d6.4s2"	"a 3P2"	"1"	E2	"T6409"	""	
"535.8114"	"535.81130"	"79"	""		"26623.735"	"45281.833"	"3d7.(2D2).4s"	"a 3D"	"2"	"3d6.(3P2).4s.4p.(3P*)"	"x 3D*"	"2"		""	"L11631"	
"536.16248"	"536.16249"	"339"	"1.8e+06"	E	"35611.625"	"54257.502"	"3d7.(4F).4p"	"z 5G*"	"3"	"3d7.(4F).4d"	"g 5F"	"2"		"T2578n"	"L11631"	
""	"536.39053"	""	"2.0e-02"	E	"7985.785"	"26623.735"	"3d7.(4F).4s"	"a 5F"	"2"	"3d7.(2D2).4s"	"a 3D"	"2"	M1	"T6409"	""	
"536.48709"	"536.48704"	"10000"	"5.59e+07"	C+	"35856.402"	"54490.999"	"3d7.(4F).4p"	"z 5G*"	"2"	"3d7.(4F).4d"	"e 5H"	"3"		"T5720"	"L11631"	
"536.53987"	"536.53985"	"8700"	"2.46e+06"	B	"28819.954"	"47452.717"	"3d7.(2H).4s"	"a 1H"	"5"	"3d7.(2G).4p"	"z 1G*"	"4"		"T5720"	"L11631"	
"536.7466"	"536.74654"	"14800bl"	"7.13e+07"	B	"35611.625"	"54237.213"	"3d7.(4F).4p"	"z 5G*"	"3"	"3d7.(4F).4d"	"e 5H"	"4"		"T5720"	"L11631"	
"536.99615"	"536.99607"	"20400"	"7.22e+07"	B+	"35257.324"	"53874.257"	"3d7.(4F).4p"	"z 5G*"	"4"	"3d7.(4F).4d"	"e 5H"	"5"		"T5720"	"L11631"	
"537.14893"	"537.14891"	"389000"	"1.05e+06"	A	"7728.060"	"26339.696"	"3d7.(4F).4s"	"a 5F"	"3"	"3d6.(5D).4s.4p.(3P*)"	"z 5D*"	"2"		"T3548"	"L11631"	
"537.37082"	"537.37083"	"1170"	"3.7e+06"	D	"36079.372"	"54683.322"	"3d7.(4F).4p"	"z 3G*"	"3"	"3d7.(4F).4d"	"f 3F"	"4"		"T2578n"	"L11631"	
"537.6729"	"537.67259"	"209"	""		"40231.336"	"58824.845"	"3d6.(5D).4s.4p.(1P*)"	"x 5D*"	"2"	"3d6.(5D).4s (4D).4d"	"g 5G"	"2"		""	"L11631"	
"537.6833"	"537.68300"	"132"	"4.0e+05"	E	"34636.792"	"53229.941"	"3d6.4s2"	"b 1D2"	"2"	"3d7.(2D2).4p"	"v 3P*"	"1"		"T2578n"	"L11631"	
"537.8511"	"537.85098"	"100"	""		"43137.487"	"61724.829"	"3d6.(3H).4s.4p.(3P*)"	"y 5G*"	"3"	""	"61724e"	"4"		""	"L11631"	
"537.95737"	"537.95734"	"1860"	"6.41e+05"	B	"29798.936"	"48382.603"	"3d6.4s2"	"b 1G2"	"4"	"3d7.(2G).4p"	"z 1H*"	"5"		"T5720"	"L11631"	
""	"538.22562"	""	"7.9e-02"	E	"978.074"	"19552.478"	"3d6.4s2"	"a 5D"	"0"	"3d6.4s2"	"a 3P2"	"1"	M1	"T6409"	""	
"538.33688"	"538.33680"	"30900"	"7.81e+07"	B+	"34782.421"	"53352.989"	"3d7.(4F).4p"	"z 5G*"	"5"	"3d7.(4F).4d"	"e 5H"	"6"		"T5720"	"L11631"	
"538.5575"	"538.55785"	"100"	"3.1e+04"	E	"29798.936"	"48361.882"	"3d6.4s2"	"b 1G2"	"4"	"3d6.(3G).4s.4p.(3P*)"	"y 5H*"	"4"		"T2578n"	"L11631"	
"538.63337"	"538.63329"	"263"	"8.4e+05"	E	"33507.123"	"52067.469"	"3d7.(4F).4p"	"y 5D*"	"3"	"3d6.(5D).4s (6D).4d"	"e 5P"	"2"		"T2578n"	"L11631"	
"538.6959"	"538.69601"	"79"	""		"29371.812"	"47929.997"	"3d6.4s2"	"b 3D"	"3"	"3d6.(3G).4s.4p.(3P*)"	"v 5F*"	"4"		""	"L11631"	
"538.7480"	"538.74830"	"200"	"3.03e+05"	C+	"33412.717"	"51969.101"	"3d8"	"c 3F"	"3"	"3d7.(2P).4p"	"u 3D*"	"3"		"T6110"	"L11631"	
"538.94788"	"538.94783"	"2450"	""		"35611.625"	"54161.139"	"3d7.(4F).4p"	"z 5G*"	"3"	"3d7.(4F).4d"	"f 5G"	"3"		""	"L11631"	
"539.1246"	"539.12489"	"191bl"	""		"28819.954"	"47363.376"	"3d7.(2H).4s"	"a 1H"	"5"	"3d6.(3G).4s.4p.(3P*)"	"w 5G*"	"6"		""	"L11631"	
"539.14582"	"539.14588"	"1170"	""		"33507.123"	"52049.823"	"3d7.(4F).4p"	"y 5D*"	"3"	"3d6.(5D).4s (4D).5s"	"g 5D"	"2"		""	"L11631"	
"539.16222"	"539.16231"	"1070"	""		"29313.008"	"47855.143"	"3d6.4s2"	"a 1I"	"6"	"3d6.(3G).4s.4p.(3P*)"	"y 5H*"	"6"		""	"L11631"	
"539.31673"	"539.31670"	"16600"	"4.91e+06"	B	"26140.179"	"44677.006"	"3d6.(5D).4s.4p.(3P*)"	"z 5D*"	"3"	"3d6.(5D).4s (6D).5s"	"e 5D"	"4"		"T5783"	"L11631"	
"539.5218"	"539.52169"	"129"	"5.4e+05"	E	"35856.402"	"54386.186"	"3d7.(4F).4p"	"z 5G*"	"2"	"3d7.(4F).4d"	"g 5F"	"1"		"T2578n"	"L11631"	
"539.71276"	"539.71274"	"132000"	"2.58e+05"	A	"7376.764"	"25899.989"	"3d7.(4F).4s"	"a 5F"	"4"	"3d6.(5D).4s.4p.(3P*)"	"z 5D*"	"4"		"T3548"	"L11631"	
"539.72019"	"539.71982"	"129"	""		"35856.402"	"54379.384"	"3d7.(4F).4p"	"z 5G*"	"2"	"3d7.(4F).4d"	"e 3G"	"3"		""	"L11631"	
"539.76175"	"539.76178"	"427"	""		"29313.008"	"47834.550"	"3d6.4s2"	"a 1I"	"6"	"3d6.(3F2).4s.4p.(3P*)"	"x 3G*"	"5"		""	"L11631"	
"539.82791"	"539.82786"	"1380"	"9.0e+06"	E	"35856.402"	"54375.677"	"3d7.(4F).4p"	"z 5G*"	"2"	"3d7.(4F).4d"	"f 5G"	"2"		"T2578n"	"L11631"	
"539.8815"	"539.88121"	"120"	""		"40404.518"	"58921.963"	"3d6.(5D).4s.4p.(1P*)"	"x 5D*"	"1"	"3d6.4s.(4D).4d"	"5S"	"2"		""	"L11631"	
"540.05018"	"540.05007"	"4680"	""		"35257.324"	"53768.979"	"3d7.(4F).4p"	"z 5G*"	"4"	"3d7.(4F).4d"	"f 5G"	"4"		""	"L11631"	
"540.06555"	"540.06547"	"174"	""		"29320.026"	"47831.153"	"3d6.4s2"	"b 3D"	"1"	"3d6.(3G).4s.4p.(3P*)"	"w 5G*"	"2"		""	"L11631"	
"540.12686"	"540.12660"	"151"	"2.2e+05"	E	"34843.957"	"53352.989"	"3d7.(4F).4p"	"z 5G*"	"6"	"3d7.(4F).4d"	"e 5H"	"6"		"T2578n"	"L11631"	
"540.38212"	"540.38218"	"2090"	"1.92e+06"	C+	"32873.632"	"51373.910"	"3d8"	"c 3F"	"4"	"3d7.(2H).4p"	"u 3G*"	"5"		"T5720"	"L11631"	
"540.41168"	"540.41169"	"9500"	""		"34782.421"	"53281.689"	"3d7.(4F).4p"	"z 5G*"	"5"	"3d7.(4F).4d"	"f 5G"	"5"		""	"L11631"	
"540.41513"	"540.41508"	"17000"	"6.92e+07"	B+	"35767.564"	"54266.716"	"3d7.(4F).4p"	"z 3G*"	"4"	"3d7.(4F).4d"	"e 3H"	"5"		"T5720"	"L11631"	
"540.53496"	"540.53497"	"347"	"8.45e+05"	C	"35379.208"	"53874.257"	"3d7.(4F).4p"	"z 3G*"	"5"	"3d7.(4F).4d"	"e 5H"	"5"		"T5720"	"L11631"	
"540.57749"	"540.57743"	"145000"	"1.09e+06"	A	"7985.785"	"26479.381"	"3d7.(4F).4s"	"a 5F"	"2"	"3d6.(5D).4s.4p.(3P*)"	"z 5D*"	"1"		"T3548"	"L11631"	
"540.67747"	"540.67742"	"355"	""		"35257.324"	"53747.500"	"3d7.(4F).4p"	"z 5G*"	"4"	"3d7.(4F).4d"	"f 3D"	"3"		""	"L11631"	
"540.7375"	"540.73816"	"170bl"	""		"28604.613"	"47092.712"	"3d7.(2D2).4s"	"a 1D"	"2"	"3d6.(3F2).4s.4p.(3P*)"	"x 3F*"	"3"		""	"L11631"	
"540.91332"	"540.91327"	"500"	"1.1e+06"	D	"35257.324"	"53739.438"	"3d7.(4F).4p"	"z 5G*"	"4"	"3d7.(4F).4d"	"e 3G"	"5"		"T2578n"	"L11631"	
"541.09095"	"541.09092"	"11200"	"6.33e+07"	B+	"36079.372"	"54555.418"	"3d7.(4F).4p"	"z 3G*"	"3"	"3d7.(4F).4d"	"e 3H"	"4"		"T5720"	"L11631"	
"541.2785"	"541.27833"	"76"	"4.86e+05"	B	"35767.564"	"54237.213"	"3d7.(4F).4p"	"z 3G*"	"4"	"3d7.(4F).4d"	"e 5H"	"4"		"T6110"	"L11631"	
""	"541.29674"	""	"2.2e-02"	E	"8154.714"	"26623.735"	"3d7.(4F).4s"	"a 5F"	"1"	"3d7.(2D2).4s"	"a 3D"	"2"	M1	"T6409"	""	
"541.51989"	"541.51984"	"22400"	"7.67e+07"	B+	"35379.208"	"53840.620"	"3d7.(4F).4p"	"z 3G*"	"5"	"3d7.(4F).4d"	"e 3H"	"6"		"T5720"	"L11631"	
"541.70328"	"541.70364"	"170"	"1.0e+06"	E	"35611.625"	"54066.773"	"3d7.(4F).4p"	"z 5G*"	"3"	"3d7.(4F).4d"	"f 3D"	"2"		"T2578n"	"L11631"	
"542.3738"	"542.37383"	"191"	""		"29798.936"	"48231.280"	"3d6.4s2"	"b 1G2"	"4"	"3d6.(3G).4s.4p.(3P*)"	"y 5H*"	"5"		""	"L11631"	
"542.40678"	"542.40673"	"28800"	""		"34843.957"	"53275.183"	"3d7.(4F).4p"	"z 5G*"	"6"	"3d7.(4F).4d"	"e 5H"	"7"		""	"L11631"	
""	"542.71727"	""	"1.7e-01"	E	"7985.785"	"26406.465"	"3d7.(4F).4s"	"a 5F"	"2"	"3d7.(2D2).4s"	"a 3D"	"1"	M1	"T6409"	""	
"542.95041"	"542.95033"	"830"	"7.27e+06"	C+	"33801.572"	"52214.345"	"3d7.(4F).4p"	"y 5D*"	"2"	"3d6.(5D).4s (4D).5s"	"g 5D"	"1"		"T6110"	"L11631"	
"542.96964"	"542.96962"	"145000"	"4.27e+05"	A	"7728.060"	"26140.179"	"3d7.(4F).4s"	"a 5F"	"3"	"3d6.(5D).4s.4p.(3P*)"	"z 5D*"	"3"		"T3548"	"L11631"	
"542.98391"	"542.98412"	"407"	""		"36079.372"	"54490.999"	"3d7.(4F).4p"	"z 3G*"	"3"	"3d7.(4F).4d"	"e 5H"	"3"		""	"L11631"	
"543.29475"	"543.29476"	"830"	"4.3e+06"	D	"35856.402"	"54257.502"	"3d7.(4F).4p"	"z 5G*"	"2"	"3d7.(4F).4d"	"g 5F"	"2"		"T2578n"	"L11631"	
"543.45235"	"543.45233"	"107000"	"1.70e+06"	A	"8154.714"	"26550.479"	"3d7.(4F).4s"	"a 5F"	"1"	"3d6.(5D).4s.4p.(3P*)"	"z 5D*"	"0"		"T3548"	"L11631"	
"543.62954"	"543.62946"	"269"	"7.7e+05"	E	"35379.208"	"53768.979"	"3d7.(4F).4p"	"z 3G*"	"5"	"3d7.(4F).4d"	"f 5G"	"4"		"T2578n"	"L11631"	
"543.65958"	"543.65876"	"141"	"3.50e+04"	C	"18378.186"	"36766.966"	"3d6.4s2"	"a 3P2"	"2"	"3d6.(5D).4s.4p.(1P*)"	"y 5P*"	"3"		"T5720"	"L11631"	
"543.7192"	"543.71952"	"79"	""		"34782.421"	"53169.146"	"3d7.(4F).4p"	"z 5G*"	"5"	"3d7.(4F).4d"	"f 5G"	"6"		""	"L11631"	
""	"543.97215"	""	"5.3e-03"	E	"0.000"	"18378.186"	"3d6.4s2"	"a 5D"	"4"	"3d6.4s2"	"a 3P2"	"2"	E2	"T6409"	""	
"544.13383"	"544.13387"	"170"	"5.0e+05"	E	"34782.421"	"53155.145"	"3d7.(4F).4p"	"z 5G*"	"5"	"3d7.(4F).4d"	"h 5D"	"4"		"T2578n"	"L11631"	
"544.50421"	"544.50415"	"7100"	""		"35379.208"	"53739.438"	"3d7.(4F).4p"	"z 3G*"	"5"	"3d7.(4F).4d"	"e 3G"	"5"		""	"L11631"	
"544.65826"	"544.65821"	"1510"	""		"35611.625"	"53966.662"	"3d7.(4F).4p"	"z 5G*"	"3"	"3d7.(4F).4d"	"h 5D"	"2"		""	"L11631"	
"544.68743"	"544.68723"	"3890"	"2.50e+04"	B+	"12968.554"	"31322.613"	"3d7.(4F).4s"	"a 3F"	"2"	"3d6.(5D).4s.4p.(3P*)"	"z 3D*"	"3"		"T5720"	"L11631"	
"544.69164"	"544.69162"	"182000"	"5.48e+05"	B+	"7985.785"	"26339.696"	"3d7.(4F).4s"	"a 5F"	"2"	"3d6.(5D).4s.4p.(3P*)"	"z 5D*"	"2"		"T5720"	"L11631"	
"545.20879"	"545.20897"	"178"	""		"29356.744"	"47693.239"	"3d6.4s2"	"b 3D"	"2"	"3d6.(3G).4s.4p.(3P*)"	"w 5G*"	"3"		""	"L11631"	
"545.54541"	"545.54535"	"9800"	""		"34843.957"	"53169.146"	"3d7.(4F).4p"	"z 5G*"	"6"	"3d7.(4F).4d"	"f 5G"	"6"		""	"L11631"	
"545.56092"	"545.56089"	"115000"	"6.05e+05"	B+	"8154.714"	"26479.381"	"3d7.(4F).4s"	"a 5F"	"1"	"3d6.(5D).4s.4p.(3P*)"	"z 5D*"	"1"		"T5720"	"L11631"	
"546.0876"	"546.08724"	"89"	""		"24772.018"	"43079.023"	"3d7.(2P).4s"	"c 3P"	"1"	"3d6.(3P2).4s.4p.(3P*)"	"x 5P*"	"1"		""	"L11631"	
"546.15495"	"546.15490"	"123"	"4.2e+05"	E	"35856.402"	"54161.139"	"3d7.(4F).4p"	"z 5G*"	"2"	"3d7.(4F).4d"	"f 5G"	"3"		"T2578n"	"L11631"	
"546.29591"	"546.29592"	"3160"	""		"36079.372"	"54379.384"	"3d7.(4F).4p"	"z 3G*"	"3"	"3d7.(4F).4d"	"e 3G"	"3"		""	"L11631"	
"546.32759"	"546.32750"	"5000"	"2.9e+07"	D+	"35767.564"	"54066.518"	"3d7.(4F).4p"	"z 3G*"	"4"	"3d7.(4F).4d"	"e 3G"	"4"		"T2491n"	"L11631"	
"546.42792"	"546.42796"	"417"	"1.77e+06"	D+	"33412.717"	"51708.307"	"3d8"	"c 3F"	"3"	"3d7.(2P).4p"	"y 1D*"	"2"		"T5720"	"L11631"	
"546.63958"	"546.63953"	"1820"	""		"35257.324"	"53545.833"	"3d7.(4F).4p"	"z 5G*"	"4"	"3d7.(4F).4d"	"h 5D"	"3"		""	"L11631"	
"546.69874"	"546.69869"	"437"	"1.45e+05"	D+	"28819.954"	"47106.484"	"3d7.(2H).4s"	"a 1H"	"5"	"3d6.(3H).4s.4p.(3P*)"	"z 3H*"	"4"		"T5720"	"L11631"	
"547.00936"	"547.00922"	"123"	"1.2e+06"	E	"35856.402"	"54132.551"	"3d7.(4F).4p"	"z 5G*"	"2"	"3d7.(4F).4d"	"h 5D"	"1"		"T2578n"	"L11631"	
"547.27087"	"547.27085"	"275"	"2.37e+06"	B	"33946.933"	"52214.345"	"3d6.(5D).4s.4p.(3P*)"	"z 3P*"	"2"	"3d6.(5D).4s (4D).5s"	"g 5D"	"1"		"T6110"	"L11631"	
"547.3164"	"547.31624"	"115"	"3.5e+05"	E	"33801.572"	"52067.469"	"3d7.(4F).4p"	"y 5D*"	"2"	"3d6.(5D).4s (6D).4d"	"e 5P"	"2"		"T2578n"	"L11631"	
"547.39001"	"547.39005"	"1910"	"5.2e+06"	D	"33507.123"	"51770.557"	"3d7.(4F).4p"	"y 5D*"	"3"	"3d6.(5D).4s (4D).5s"	"g 5D"	"3"		"T2491n"	"L11631"	
"547.62882"	"547.62888"	"1910"	"2.87e+06"	B	"33412.717"	"51668.186"	"3d8"	"c 3F"	"3"	"3d7.(2H).4p"	"u 3G*"	"4"		"T5720"	"L11631"	
"547.65639"	"547.65642"	"5000"	"8.70e+06"	B	"33095.941"	"51350.492"	"3d7.(4F).4p"	"y 5D*"	"4"	"3d6.(5D).4s (4D).5s"	"g 5D"	"4"		"T5720"	"L11631"	
""	"547.74044"	""	"8.2e-02"	E	"8154.714"	"26406.465"	"3d7.(4F).4s"	"a 5F"	"1"	"3d7.(2D2).4s"	"a 3D"	"1"	M1	"T6409"	""	
"547.84552"	"547.84550"	"245"	"6.8e+05"	E	"33801.572"	"52049.823"	"3d7.(4F).4p"	"y 5D*"	"2"	"3d6.(5D).4s (4D).5s"	"g 5D"	"2"		"T2578n"	"L11631"	
"548.08604"	"548.08602"	"620"	"1.3e+07"	D	"34017.103"	"52257.346"	"3d7.(4F).4p"	"y 5D*"	"1"	"3d6.(5D).4s (4D).5s"	"g 5D"	"0"		"T2578n"	"L11631"	
"548.12427"	"548.12427"	"447"	"1.41e+06"	C+	"33095.941"	"51334.911"	"3d7.(4F).4p"	"y 5D*"	"4"	"3d6.(5D).4s (6D).4d"	"e 7G"	"4"		"T5720"	"L11631"	
"548.14383"	"548.14381"	"355"	"2.8e+06"	E	"33801.572"	"52039.892"	"3d7.(4F).4p"	"y 5D*"	"2"	"3d6.(5D).4s (4D).5s"	"e 3D"	"1"		"T2578n"	"L11631"	
"548.1899"	"548.18956"	"79"	""		"40594.432"	"58831.230"	"3d6.(5D).4s.4p.(1P*)"	"x 5F*"	"4"	""	"58831e"	"3"		""	"L11631"	
"548.2461"	"548.24599"	"30"	""		"40257.314"	"58492.235"	"3d6.(5D).4s.4p.(1P*)"	"x 5F*"	"5"	"3d6.4s.(4D).4d"	"3G"	"5"		""	"L11631"	
"548.30985"	"548.30985"	"437"	"1.74e+06"	C+	"33507.123"	"51739.920"	"3d7.(4F).4p"	"y 5D*"	"3"	"3d6.(5D).4s (4D).5s"	"e 3D"	"2"		"T5720"	"L11631"	
"548.71448"	"548.71454"	"245"	"9.9e+05"	E	"35611.625"	"53830.975"	"3d7.(4F).4p"	"z 5G*"	"3"	"3d7.(4F).4d"	"g 5F"	"3"		"T2578n"	"L11631"	
"548.73948"	"548.73942"	"240"	""		"37157.566"	"55376.090"	"3d6.(5D).4s.4p.(1P*)"	"y 5P*"	"2"	"3d7.(4F).4d"	"e 3P"	"1"		""	"L11631"	
"548.7482"	"548.74810"	"71"	""		"29371.812"	"47590.048"	"3d6.4s2"	"b 3D"	"3"	"3d6.(3G).4s.4p.(3P*)"	"w 5G*"	"4"		""	"L11631"	
"548.7521"	"548.75228"	"60"	""		"33801.572"	"52019.669"	"3d7.(4F).4p"	"y 5D*"	"2"	"3d6.(5D).4s (6D).4d"	"e 5P"	"1"		""	"L11631"	
""	"548.77379"	""	"2.49e+05"	C	"17550.181"	"35767.564"	"3d7.(4P).4s"	"a 5P"	"3"	"3d7.(4F).4p"	"z 3G*"	"4"		"T4653"	""	
"548.77457"	"548.77445"	"2090"	""		"34843.957"	"53061.318"	"3d7.(4F).4p"	"z 5G*"	"6"	"3d7.(4F).4d"	"g 5F"	"5"		""	"L11631"	
"549.18311"	"549.18342"	"191"	"2.05e+05"	C+	"33765.306"	"51969.101"	"3d8"	"c 3F"	"2"	"3d7.(2P).4p"	"u 3D*"	"3"		"T6110"	"L11631"	
"549.20782"	"549.20753"	"1620"	""		"32873.632"	"51076.628"	"3d8"	"c 3F"	"4"	"3d6.(5D).4s (6D).5p"	"t 5D*"	"4"		""	"L11631"	
""	"549.33216"	""	"1.55e+06"	C+	"29356.744"	"47555.610"	"3d6.4s2"	"b 3D"	"2"	"3d7.(4P).4p"	"y 3S*"	"1"		"T5720"	""	
"549.34985"	"549.34988"	"269"	"5.0e+05"	E	"33095.941"	"51294.220"	"3d7.(4F).4p"	"y 5D*"	"4"	"3d6.(5D).4s (4D).5s"	"e 3D"	"3"		"T2578n"	"L11631"	
"549.4462"	"549.44629"	"195bl"	"1.8e+05"	E	"32873.632"	"51068.718"	"3d8"	"c 3F"	"4"	"3d6.(3G).4s.4p.(3P*)"	"x 3H*"	"5"		"T2578n"	"L11631"	
"549.75157"	"549.75158"	"19100"	"6.25e+04"	A	"8154.714"	"26339.696"	"3d7.(4F).4s"	"a 5F"	"1"	"3d6.(5D).4s.4p.(3P*)"	"z 5D*"	"2"		"T3548"	"L11631"	
"549.8478"	"549.84821"	"50"	""		"41178.412"	"59360.198"	"3d8"	"3P"	"1"	"3d6.4s.(4D).5p"	"5P*"	"1"		""	"L11631"	
"550.14649"	"550.14647"	"14500"	"2.20e+04"	B	"7728.060"	"25899.989"	"3d7.(4F).4s"	"a 5F"	"3"	"3d6.(5D).4s.4p.(3P*)"	"z 5D*"	"4"		"T5720"	"L11631"	
"550.4362"	"550.43614"	"20"	""		"28819.954"	"46982.320"	"3d7.(2H).4s"	"a 1H"	"5"	"3d6.(3H).4s.4p.(3P*)"	"z 3H*"	"6"		""	"L11631"	
"550.58813"	"550.58808"	"234"	""		"35611.625"	"53768.979"	"3d7.(4F).4p"	"z 5G*"	"3"	"3d7.(4F).4d"	"f 5G"	"4"		""	"L11631"	
"550.67788"	"550.67785"	"22400"	"5.01e+04"	A	"7985.785"	"26140.179"	"3d7.(4F).4s"	"a 5F"	"2"	"3d6.(5D).4s.4p.(3P*)"	"z 5D*"	"3"		"T3548"	"L11631"	
"550.8408"	"550.84085"	"50"	""		"39969.853"	"58118.875"	"3d6.(5D).4s.4p.(1P*)"	"x 5D*"	"3"	"3d6.4s.(4D).4d"	"5F"	"4"		""	"L11631"	
"551.22563"	"551.22576"	"229"	"9.9e+05"	E	"35257.324"	"53393.673"	"3d7.(4F).4p"	"z 5G*"	"4"	"3d7.(4F).4d"	"g 5F"	"4"		"T2578n"	"L11631"	
"551.2402"	"551.24017"	"126"	""		"35611.625"	"53747.500"	"3d7.(4F).4p"	"z 5G*"	"3"	"3d7.(4F).4d"	"f 3D"	"3"		""	"L11631"	
"551.7065"	"551.70680"	"60"	"2.0e+05"	E	"33946.933"	"52067.469"	"3d6.(5D).4s.4p.(3P*)"	"z 3P*"	"2"	"3d6.(5D).4s (6D).4d"	"e 5P"	"2"		"T2578n"	"L11631"	
"552.24461"	"552.24459"	"347"	"1.3e+06"	D	"33946.933"	"52049.823"	"3d6.(5D).4s.4p.(3P*)"	"z 3P*"	"2"	"3d6.(5D).4s (4D).5s"	"g 5D"	"2"		"T2578n"	"L11631"	
"552.3993"	"552.39908"	"79"	""		"41178.412"	"59276.239"	"3d8"	"3P"	"1"	"3d7.(4F<7/2>).4f"	"2[3/2]*"	"2"		""	"L11631"	
"552.55439"	"552.55434"	"520"	"6.00e+06"	B	"34121.603"	"52214.345"	"3d7.(4F).4p"	"y 5D*"	"0"	"3d6.(5D).4s (4D).5s"	"g 5D"	"1"		"T6110"	"L11631"	
"552.8899"	"552.88972"	"110"	""		"36079.372"	"54161.139"	"3d7.(4F).4p"	"z 3G*"	"3"	"3d7.(4F).4d"	"f 5G"	"3"		""	"L11631"	
"552.91598"	"552.91608"	"204"	"5.1e+04"	E	"29371.812"	"47452.717"	"3d6.4s2"	"b 3D"	"3"	"3d7.(2G).4p"	"z 1G*"	"4"		"T2578n"	"L11631"	
"553.1984"	"553.19805"	"40"	"6.1e+05"	E	"39625.804"	"57697.493"	"3d6.(5D).4s.4p.(1P*)"	"x 5D*"	"4"	"3d6.(5D).4s (4D).4d"	"i 5D"	"4"		"T2578n"	"L11631"	
"553.27468"	"553.27462"	"275"	"1.9e+05"	E	"28819.954"	"46889.142"	"3d7.(2H).4s"	"a 1H"	"5"	"3d6.(3F2).4s.4p.(3P*)"	"x 3F*"	"4"		"T2578n"	"L11631"	
"553.2868"	"553.28657"	"158bl"	""		"35856.402"	"53925.200"	"3d7.(4F).4p"	"z 5G*"	"2"	"3d7.(4F).4d"	"f 5P"	"1"		""	"L11631"	
"553.46631"	"553.46591"	"110"	""		"29356.744"	"47419.687"	"3d6.4s2"	"b 3D"	"2"	"3d6.(3P2).4s.4p.(3P*)"	"1D*"	"2"		""	"L11631"	
"553.54175"	"553.54179"	"1260"	"2.16e+06"	C+	"33765.306"	"51825.773"	"3d8"	"c 3F"	"2"	"3d7.(2H).4p"	"u 3G*"	"3"		"T5720"	"L11631"	
"553.6580"	"553.65828"	"120"	"8.1e+03"	E	"22838.323"	"40894.990"	"3d7.(4P).4s"	"b 3P"	"2"	"3d6.(3P2).4s.4p.(3P*)"	"z 5S*"	"2"		"T2578n"	"L11631"	
"553.8516"	"553.85150"	"257bl*"	""		"29313.008"	"47363.376"	"3d6.4s2"	"a 1I"	"6"	"3d6.(3G).4s.4p.(3P*)"	"w 5G*"	"6"		""	"L11631"	
"553.8516"	"553.85156"	"257bl*"	""		"34017.103"	"52067.469"	"3d7.(4F).4p"	"y 5D*"	"1"	"3d6.(5D).4s (6D).4d"	"e 5P"	"2"		""	"L11631"	
"553.92796"	"553.92800"	"151"	"1.1e+05"	E	"29371.812"	"47419.687"	"3d6.4s2"	"b 3D"	"3"	"3d6.(3P2).4s.4p.(3P*)"	"1D*"	"2"		"T2578n"	"L11631"	
"554.3029"	"554.30298"	"158"	""		"33801.572"	"51837.238"	"3d7.(4F).4p"	"y 5D*"	"2"	"3d6.(5D).4s (6D).4d"	"e 5P"	"3"		""	"L11631"	
"554.31892"	"554.31887"	"910"	""		"39625.804"	"57660.953"	"3d6.(5D).4s.4p.(1P*)"	"x 5D*"	"4"	"3d6.4s.(4D).4d"	"5F"	"5"		""	"L11631"	
"554.39353"	"554.39354"	"690"	"3.4e+06"	D	"34017.103"	"52049.823"	"3d7.(4F).4p"	"y 5D*"	"1"	"3d6.(5D).4s (4D).5s"	"g 5D"	"2"		"T2578n"	"L11631"	
"554.65055"	"554.65052"	"417"	"1.0e+06"	D	"35257.324"	"53281.689"	"3d7.(4F).4p"	"z 5G*"	"4"	"3d7.(4F).4d"	"f 5G"	"5"		"T2578n"	"L11631"	
"554.69920"	"554.69902"	"100"	"9.6e+05"	E	"34017.103"	"52039.892"	"3d7.(4F).4p"	"y 5D*"	"1"	"3d6.(5D).4s (4D).5s"	"e 3D"	"1"		"T2578n"	"L11631"	
"554.9952"	"554.99487"	"110"	"3.3e+04"	E	"29798.936"	"47812.118"	"3d6.4s2"	"b 1G2"	"4"	"3d6.(3F2).4s.4p.(3P*)"	"x 3G*"	"4"		"T2578n"	"L11631"	
"555.2693"	"555.26916"	"40"	"4.5e+05"	E	"39969.853"	"57974.137"	"3d6.(5D).4s.4p.(1P*)"	"x 5D*"	"3"	"3d6.(5D).4s (4D).4d"	"i 5D"	"2"		"T2578n"	"L11631"	
"555.35774"	"555.35765"	"229"	"9.9e+05"	E	"35767.564"	"53768.979"	"3d7.(4F).4p"	"z 3G*"	"4"	"3d7.(4F).4d"	"f 5G"	"4"		"T2578n"	"L11631"	
"555.48947"	"555.48939"	"1740"	""		"36686.176"	"54683.322"	"3d7.(4F).4p"	"y 3F*"	"4"	"3d7.(4F).4d"	"f 3F"	"4"		""	"L11631"	
"555.7902"	"555.78963"	"155bl*"	""		"25091.599"	"43079.023"	"3d7.(2P).4s"	"c 3P"	"0"	"3d6.(3P2).4s.4p.(3P*)"	"x 5P*"	"1"		""	"L11631"	
"555.7902"	"555.79034"	"155bl*"	""		"36079.372"	"54066.773"	"3d7.(4F).4p"	"z 3G*"	"3"	"3d7.(4F).4d"	"f 3D"	"2"		""	"L11631"	
"555.79818"	"555.79822"	"182"	"1.3e+06"	E	"36079.372"	"54066.518"	"3d7.(4F).4p"	"z 3G*"	"3"	"3d7.(4F).4d"	"e 3G"	"4"		"T2578n"	"L11631"	
"556.02112"	"556.02110"	"417"	"2.1e+06"	D	"35767.564"	"53747.500"	"3d7.(4F).4p"	"z 3G*"	"4"	"3d7.(4F).4d"	"f 3D"	"3"		"T2578n"	"L11631"	
"556.1242"	"556.12422"	"30"	""		"37157.566"	"55134.168"	"3d6.(5D).4s.4p.(1P*)"	"y 5P*"	"2"	"3d6.4s.(6D).6s"	"5D"	"2"		""	"L11631"	
"556.27061"	"556.27052"	"560"	""		"35767.564"	"53739.438"	"3d7.(4F).4p"	"z 3G*"	"4"	"3d7.(4F).4d"	"e 3G"	"5"		""	"L11631"	
"556.35999"	"556.35996"	"1120"	"3.4e+06"	D	"33801.572"	"51770.557"	"3d7.(4F).4p"	"y 5D*"	"2"	"3d6.(5D).4s (4D).5s"	"g 5D"	"3"		"T2578n"	"L11631"	
"556.36946"	"556.36931"	"135"	""		"19552.478"	"37521.161"	"3d6.4s2"	"a 3P2"	"1"	"3d7.(4F).4p"	"y 3F*"	"2"		""	"L11631"	
""	"556.56848"	""	"3.6e-01"	E	"415.933"	"18378.186"	"3d6.4s2"	"a 5D"	"3"	"3d6.4s2"	"a 3P2"	"2"	M1	"T6409"	""	
"556.57036"	"556.57037"	"1660"	""		"37162.746"	"55124.938"	"3d7.(4F).4p"	"y 3F*"	"3"	"3d7.(4F).4d"	"f 3F"	"3"		""	"L11631"	
"556.7278"	"556.72739"	"85"	""		"35611.625"	"53568.751"	"3d7.(4F).4p"	"z 5G*"	"3"	"3d7.(4F).4d"	"f 5P"	"2"		""	"L11631"	
"556.73907"	"556.73908"	"407"	"1.53e+05"	D	"21038.987"	"38995.736"	"3d6.4s2"	"b 3F2"	"2"	"3d7.(4F).4p"	"y 3D*"	"1"		"T5720"	"L11631"	
"556.96177"	"556.96178"	"9800"	"2.34e+07"	B	"27559.583"	"45509.152"	"3d6.(5D).4s.4p.(3P*)"	"z 5F*"	"2"	"3d6.(5D).4s (6D).5s"	"e 5D"	"1"		"T6110"	"L11631"	
"557.28420"	"557.28421"	"17800"	"2.28e+07"	B	"27394.691"	"45333.875"	"3d6.(5D).4s.4p.(3P*)"	"z 5F*"	"3"	"3d6.(5D).4s (6D).5s"	"e 5D"	"2"		"T5783"	"L11631"	
"557.31021"	"557.31018"	"372"	"2.07e+06"	C+	"33801.572"	"51739.920"	"3d7.(4F).4p"	"y 5D*"	"2"	"3d6.(5D).4s (4D).5s"	"e 3D"	"2"		"T5720"	"L11631"	
"557.60884"	"557.60891"	"5400"	"2.5e+07"	D	"27666.348"	"45595.086"	"3d6.(5D).4s.4p.(3P*)"	"z 5F*"	"1"	"3d6.(5D).4s (6D).5s"	"e 5D"	"0"		"T2578n"	"L11631"	
"558.47643"	"558.47644"	"200"	"1.3e+05"	E	"28819.954"	"46720.842"	"3d7.(2H).4s"	"a 1H"	"5"	"3d7.(4P).4p"	"u 5D*"	"4"		"T2578n"	"L11631"	
"558.67555"	"558.67553"	"25700"	"2.19e+07"	B	"27166.820"	"45061.329"	"3d6.(5D).4s.4p.(3P*)"	"z 5F*"	"4"	"3d6.(5D).4s (6D).5s"	"e 5D"	"3"		"T5720"	"L11631"	
"558.75736"	"558.75740"	"263"	""		"33412.717"	"51304.604"	"3d8"	"c 3F"	"3"	"3d7.(2D2).4p"	"v 3F*"	"4"		""	"L11631"	
"559.2234"	"559.22321"	"27"	""		"29320.026"	"47197.010"	"3d6.4s2"	"b 3D"	"1"	"3d6.(3F2).4s.4p.(3P*)"	"x 3F*"	"2"		""	"L11631"	
"559.46549"	"559.46550"	"457"	"5.20e+06"	B	"36686.176"	"54555.418"	"3d7.(4F).4p"	"y 3F*"	"4"	"3d7.(4F).4d"	"e 3H"	"4"		"T5720"	"L11631"	
"560.0099"	"560.00971"	"40"	""		"40871.412"	"58723.289"	"3d8"	"3P"	"2"	"3d7.(4F<9/2>).4f"	"2[5/2]*"	"2"		""	"L11631"	
"560.02238"	"560.02242"	"170"	"2.69e+06"	B	"34362.873"	"52214.345"	"3d6.(5D).4s.4p.(3P*)"	"z 3P*"	"1"	"3d6.(5D).4s (4D).5s"	"g 5D"	"1"		"T6110"	"L11631"	
"560.27670"	"560.27673"	"690"	"1.73e+06"	B	"33507.123"	"51350.492"	"3d7.(4F).4p"	"y 5D*"	"3"	"3d6.(5D).4s (4D).5s"	"g 5D"	"4"		"T5720"	"L11631"	
"560.29447"	"560.29448"	"4570"	"1.00e+07"	B	"27666.348"	"45509.152"	"3d6.(5D).4s.4p.(3P*)"	"z 5F*"	"1"	"3d6.(5D).4s (6D).5s"	"e 5D"	"1"		"T6110"	"L11631"	
"560.3746"	"560.37419"	"51"	""		"29356.744"	"47197.010"	"3d6.4s2"	"b 3D"	"2"	"3d6.(3F2).4s.4p.(3P*)"	"x 3F*"	"2"		""	"L11631"	
"560.7663"	"560.76641"	"45"	""		"33507.123"	"51334.911"	"3d7.(4F).4p"	"y 5D*"	"3"	"3d6.(5D).4s (6D).4d"	"e 7G"	"4"		""	"L11631"	
"560.8972"	"560.89742"	"79"	""		"33946.933"	"51770.557"	"3d6.(5D).4s.4p.(3P*)"	"z 3P*"	"2"	"3d6.(5D).4s (4D).5s"	"g 5D"	"3"		""	"L11631"	
"561.1360"	"561.13562"	"54"	""		"29320.026"	"47136.084"	"3d6.4s2"	"b 3D"	"1"	"3d7.(4P).4p"	"w 3D*"	"2"		""	"L11631"	
"561.1679"	"561.16715"	"49"	""		"40894.990"	"58710.047"	"3d6.(3P2).4s.4p.(3P*)"	"z 5S*"	"2"	"3d6.(5D).4s (4D).4d"	"g 5G"	"3"		""	"L11631"	
"561.4271"	"561.42755"	"41"	""		"41018.051"	"58824.845"	"3d6.(5D).4s.4p.(1P*)"	"x 5F*"	"2"	"3d6.(5D).4s (4D).4d"	"g 5G"	"2"		""	"L11631"	
"561.52962"	"561.52963"	"680"	"2.39e+05"	C	"20874.482"	"38678.039"	"3d6.4s2"	"b 3F2"	"3"	"3d7.(4F).4p"	"y 3D*"	"2"		"T5720"	"L11631"	
"561.56435"	"561.56436"	"37200"	"2.64e+07"	B	"26874.550"	"44677.006"	"3d6.(5D).4s.4p.(3P*)"	"z 5F*"	"5"	"3d6.(5D).4s (6D).5s"	"e 5D"	"4"		"T5783"	"L11631"	
"561.7136"	"561.71373"	"63"	""		"34039.516"	"51837.238"	"3d7.(4F).4p"	"y 5F*"	"4"	"3d6.(5D).4s (6D).4d"	"e 5P"	"3"		""	"L11631"	
"561.86324"	"561.86321"	"355"	"2.24e+06"	C+	"33946.933"	"51739.920"	"3d6.(5D).4s.4p.(3P*)"	"z 3P*"	"2"	"3d6.(5D).4s (4D).5s"	"e 3D"	"2"		"T5720"	"L11631"	
"561.9225"	"561.92243"	"6"	""		"29798.936"	"47590.048"	"3d6.4s2"	"b 1G2"	"4"	"3d6.(3G).4s.4p.(3P*)"	"w 5G*"	"4"		""	"L11631"	
"561.95950"	"561.95951"	"105"	"3.5e+05"	E	"35379.208"	"53169.146"	"3d7.(4F).4p"	"z 3G*"	"5"	"3d7.(4F).4d"	"f 5G"	"6"		"T2578n"	"L11631"	
"562.0027"	"562.00266"	"71"	""		"33412.717"	"51201.289"	"3d8"	"c 3F"	"3"	"3d7.(2D2).4p"	"v 3F*"	"2"		""	"L11631"	
"562.0420"	"562.04184"	"22"	""		"40894.990"	"58682.322"	"3d6.(3P2).4s.4p.(3P*)"	"z 5S*"	"2"	"3d6.4s.(4D).4d"	"3D"	"3"		""	"L11631"	
"562.04920"	"562.04927"	"141"	"5.3e+05"	E	"33507.123"	"51294.220"	"3d7.(4F).4p"	"y 5D*"	"3"	"3d6.(5D).4s (4D).5s"	"e 3D"	"3"		"T2578n"	"L11631"	
"562.2946"	"562.29449"	"24"	""		"29356.744"	"47136.084"	"3d6.4s2"	"b 3D"	"2"	"3d7.(4P).4p"	"w 3D*"	"2"		""	"L11631"	
"562.40216"	"562.40213"	"282"	"8.3e+05"	E	"35379.208"	"53155.145"	"3d7.(4F).4p"	"z 3G*"	"5"	"3d7.(4F).4d"	"h 5D"	"4"		"T2578n"	"L11631"	
"562.45418"	"562.45418"	"5900"	"7.41e+06"	B	"27559.583"	"45333.875"	"3d6.(5D).4s.4p.(3P*)"	"z 5F*"	"2"	"3d6.(5D).4s (6D).5s"	"e 5D"	"2"		"T5783"	"L11631"	
"562.7086"	"562.70806"	"4"	""		"33695.397"	"51461.670"	"3d7.(4F).4p"	"y 5F*"	"5"	"3d6.(5D).4s (6D).4d"	"f 5F"	"4"		""	"L11631"	
"562.7716"	"562.77144"	"11"	""		"29371.812"	"47136.084"	"3d6.4s2"	"b 3D"	"3"	"3d7.(4P).4p"	"w 3D*"	"2"		""	"L11631"	
"563.39461"	"563.39459"	"417"	"7.7e+06"	E	"40257.314"	"58001.938"	"3d6.(5D).4s.4p.(1P*)"	"x 5F*"	"5"	"3d6.(5D).4s (4D).4d"	"g 5G"	"6"		"T2578n"	"L11631"	
"563.58222"	"563.58220"	"158"	"5.8e+05"	E	"34328.752"	"52067.469"	"3d7.(4F).4p"	"y 5F*"	"3"	"3d6.(5D).4s (6D).4d"	"e 5P"	"2"		"T2578n"	"L11631"	
"563.6211"	"563.62096"	"7"	""		"33095.941"	"50833.438"	"3d7.(4F).4p"	"y 5D*"	"4"	"3d6.(5D).4s (6D).4d"	"e 7F"	"5"		""	"L11631"	
"563.6246"	"563.62424"	"7"	""		"34017.103"	"51754.497"	"3d7.(4F).4p"	"y 5D*"	"1"	"3d6.(5D).4s (6D).4d"	"f 5F"	"1"		""	"L11631"	
"563.66958"	"563.66955"	"110"	"8.3e+04"	E	"29356.744"	"47092.712"	"3d6.4s2"	"b 3D"	"2"	"3d6.(3F2).4s.4p.(3P*)"	"x 3F*"	"3"		"T2578n"	"L11631"	
"563.71077"	"563.71074"	"93"	""		"29371.812"	"47106.484"	"3d6.4s2"	"b 3D"	"3"	"3d6.(3H).4s.4p.(3P*)"	"z 3H*"	"4"		""	"L11631"	
"563.82618"	"563.82618"	"1000"	"4.4e+06"	D	"34039.516"	"51770.557"	"3d7.(4F).4p"	"y 5F*"	"4"	"3d6.(5D).4s (4D).5s"	"g 5D"	"3"		"T2578n"	"L11631"	
"563.9344"	"563.93435"	"6"	""		"39969.853"	"57697.493"	"3d6.(5D).4s.4p.(1P*)"	"x 5D*"	"3"	"3d6.(5D).4s (4D).4d"	"i 5D"	"4"		""	"L11631"	
""	"563.95509"	""	"1.4e-01"	E	"0.000"	"17726.988"	"3d6.4s2"	"a 5D"	"4"	"3d7.(4P).4s"	"a 5P"	"2"	E2	"T6409"	""	
"564.0310"	"564.03066"	"34"	""		"37409.555"	"55134.168"	"3d6.(5D).4s.4p.(1P*)"	"y 5P*"	"1"	"3d6.4s.(6D).6s"	"5D"	"2"		""	"L11631"	
"564.0876"	"564.08782"	"13"	""		"34017.103"	"51739.920"	"3d7.(4F).4p"	"y 5D*"	"1"	"3d6.(5D).4s (4D).5s"	"e 3D"	"2"		""	"L11631"	
"564.14336"	"564.14340"	"457"	"3.0e+06"	D	"34328.752"	"52049.823"	"3d7.(4F).4p"	"y 5F*"	"3"	"3d6.(5D).4s (4D).5s"	"g 5D"	"2"		"T2578n"	"L11631"	
"564.14909"	"564.14884"	"27"	""		"29371.812"	"47092.712"	"3d6.4s2"	"b 3D"	"3"	"3d6.(3F2).4s.4p.(3P*)"	"x 3F*"	"3"		""	"L11631"	
"564.27509"	"564.27504"	"26"	"3.3e+05"	E	"37162.746"	"54879.683"	"3d7.(4F).4p"	"y 3F*"	"3"	"3d7.(4F).4d"	"e 3P"	"2"		"T2578n"	"L11631"	
"564.39258"	"564.39262"	"51"	"2.9e+05"	E	"32873.632"	"50586.878"	"3d8"	"c 3F"	"4"	"3d7.(2G).4p"	"z 1F*"	"3"		"T2578n"	"L11631"	
"564.40255"	"564.40250"	"55"	""		"36766.966"	"54479.902"	"3d6.(5D).4s.4p.(1P*)"	"y 5P*"	"3"	"3d6.4s.(6D).6s"	"5D"	"4"		""	"L11631"	
"564.4357"	"564.43576"	"4"	""		"33507.123"	"51219.015"	"3d7.(4F).4p"	"y 5D*"	"3"	"3d6.(5D).4s (6D).4d"	"e 5G"	"3"		""	"L11631"	
"564.58334"	"564.58325"	"29"	""		"37157.566"	"54864.831"	"3d6.(5D).4s.4p.(1P*)"	"y 5P*"	"2"	"3d6.4s.(6D).6s"	"5D"	"3"		""	"L11631"	
"564.6684"	"564.66837"	"20"	""		"34362.873"	"52067.469"	"3d6.(5D).4s.4p.(3P*)"	"z 3P*"	"1"	"3d6.(5D).4s (6D).4d"	"e 5P"	"2"		""	"L11631"	
"564.7766"	"564.77715"	"4"	""		"18378.186"	"36079.372"	"3d6.4s2"	"a 3P2"	"2"	"3d7.(4F).4p"	"z 3G*"	"3"		""	"L11631"	
"564.96303"	"564.96300"	"115"	"3.6e+04"	E	"29313.008"	"47008.371"	"3d6.4s2"	"a 1I"	"6"	"3d6.(3H).4s.4p.(3P*)"	"z 3H*"	"5"		"T2578n"	"L11631"	
"564.99869"	"564.99867"	"110"	"5.1e+06"	E	"41130.599"	"58824.845"	"3d6.(5D).4s.4p.(1P*)"	"x 5F*"	"1"	"3d6.(5D).4s (4D).4d"	"g 5G"	"2"		"T2578n"	"L11631"	
"565.0705"	"565.07052"	"760bl"	"3.3e+06"	E	"41018.051"	"58710.047"	"3d6.(5D).4s.4p.(1P*)"	"x 5F*"	"2"	"3d6.(5D).4s (4D).4d"	"g 5G"	"3"		"T2578n"	"L11631"	
"565.14686"	"565.14683"	"55"	""		"36079.372"	"53768.979"	"3d7.(4F).4p"	"z 3G*"	"3"	"3d7.(4F).4d"	"f 5G"	"4"		""	"L11631"	
"565.1524"	"565.15246"	"288"	""		"35856.402"	"53545.833"	"3d7.(4F).4p"	"z 5G*"	"2"	"3d7.(4F).4d"	"h 5D"	"3"		""	"L11631"	
"565.23176"	"565.23173"	"107"	"5.0e+05"	E	"34362.873"	"52049.823"	"3d6.(5D).4s.4p.(3P*)"	"z 3P*"	"1"	"3d6.(5D).4s (4D).5s"	"g 5D"	"2"		"T2578n"	"L11631"	
"565.38664"	"565.38645"	"135"	"4.6e+05"	E	"35379.208"	"53061.318"	"3d7.(4F).4p"	"z 3G*"	"5"	"3d7.(4F).4d"	"g 5F"	"5"		"T2578n"	"L11631"	
"565.51761"	"565.51761"	"155"	"4.7e+06"	E	"40842.154"	"58520.163"	"3d6.(5D).4s.4p.(1P*)"	"x 5F*"	"3"	"3d6.(5D).4s (4D).4d"	"g 5G"	"4"		"T2578n"	"L11631"	
"565.5490"	"565.54893"	"540bl*"	""		"40594.432"	"58271.462"	"3d6.(5D).4s.4p.(1P*)"	"x 5F*"	"4"	"3d6.(5D).4s (4D).4d"	"g 5G"	"5"		""	"L11631"	
"565.5490"	"565.54929"	"540bl*"	""		"34362.873"	"52039.892"	"3d6.(5D).4s.4p.(3P*)"	"z 3P*"	"1"	"3d6.(5D).4s (4D).5s"	"e 3D"	"1"		""	"L11631"	
""	"565.64016"	""	"1.8e-03"	E	"704.007"	"18378.186"	"3d6.4s2"	"a 5D"	"2"	"3d6.4s2"	"a 3P2"	"2"	E2	"T6409"	""	
"565.85313"	"565.85313"	"398"	"5.80e+05"	B	"27666.348"	"45333.875"	"3d6.(5D).4s.4p.(3P*)"	"z 5F*"	"1"	"3d6.(5D).4s (6D).5s"	"e 5D"	"2"		"T5783"	"L11631"	
"565.86575"	"565.86572"	"295"	"4.52e+06"	C+	"34547.211"	"52214.345"	"3d7.(4F).4p"	"y 5F*"	"2"	"3d6.(5D).4s (4D).5s"	"g 5D"	"1"		"T6110"	"L11631"	
"565.88160"	"565.88161"	"5400"	"4.34e+06"	B	"27394.691"	"45061.329"	"3d6.(5D).4s.4p.(3P*)"	"z 5F*"	"3"	"3d6.(5D).4s (6D).5s"	"e 5D"	"3"		"T5720"	"L11631"	
"565.95743"	"565.95744"	"31"	""		"41018.051"	"58682.322"	"3d6.(5D).4s.4p.(1P*)"	"x 5F*"	"2"	"3d6.4s.(4D).4d"	"3D"	"3"		""	"L11631"	
"566.08008"	"566.08008"	"41"	"4.4e+04"	E	"29356.744"	"47017.188"	"3d6.4s2"	"b 3D"	"2"	"3d7.(4P).4p"	"w 3D*"	"3"		"T2578n"	"L11631"	
"566.1021"	"566.10201"	"7"	""		"36940.590"	"54600.350"	"3d7.(2F).4s"	"d 3F"	"2"	"3d6.(3G).4s.4p.(3P*)"	"t 3G*"	"3"		""	"L11631"	
"566.13451"	"566.13445"	"58"	"1.22e+06"	B	"34555.597"	"52214.345"	"3d6.(5D).4s.4p.(3P*)"	"z 3P*"	"0"	"3d6.(5D).4s (4D).5s"	"g 5D"	"1"		"T6110"	"L11631"	
"566.1970"	"566.19704"	"10"	""		"34362.873"	"52019.669"	"3d6.(5D).4s.4p.(3P*)"	"z 3P*"	"1"	"3d6.(5D).4s (6D).4d"	"e 5P"	"1"		""	"L11631"	
"566.25158"	"566.25159"	"2090"	"6.18e+06"	B	"33695.397"	"51350.492"	"3d7.(4F).4p"	"y 5F*"	"5"	"3d6.(5D).4s (4D).5s"	"g 5D"	"4"		"T5720"	"L11631"	
"566.29376"	"566.29374"	"347"	"2.45e+05"	C+	"29798.936"	"47452.717"	"3d6.4s2"	"b 1G2"	"4"	"3d7.(2G).4p"	"z 1G*"	"4"		"T5720"	"L11631"	
"566.5633"	"566.56348"	"11"	""		"29371.812"	"47017.188"	"3d6.4s2"	"b 3D"	"3"	"3d7.(4P).4p"	"w 3D*"	"3"		""	"L11631"	
"566.6791"	"566.67874"	"4"	""		"33507.123"	"51148.910"	"3d7.(4F).4p"	"y 5D*"	"3"	"3d6.(5D).4s (6D).4d"	"e 5S"	"2"		""	"L11631"	
"566.7460"	"566.74576"	"18bl"	""		"40842.154"	"58481.855"	"3d6.(5D).4s.4p.(1P*)"	"x 5F*"	"3"	"3d6.4s.(4D).4d"	"5P"	"3"		""	"L11631"	
"566.75176"	"566.75177"	"178"	"6.12e+05"	C	"33695.397"	"51334.911"	"3d7.(4F).4p"	"y 5F*"	"5"	"3d6.(5D).4s (6D).4d"	"e 7G"	"4"		"T5720"	"L11631"	
"566.7664"	"566.76661"	"2"	"4.8e+04"	E	"21038.987"	"38678.039"	"3d6.4s2"	"b 3F2"	"2"	"3d7.(4F).4p"	"y 3D*"	"2"		"T2578n"	"L11631"	
"566.9647"	"566.96455"	"4"	""		"34121.603"	"51754.497"	"3d7.(4F).4p"	"y 5D*"	"0"	"3d6.(5D).4s (6D).4d"	"f 5F"	"1"		""	"L11631"	
"567.1830"	"567.18280"	"4"	""		"35767.564"	"53393.673"	"3d7.(4F).4p"	"z 3G*"	"4"	"3d7.(4F).4d"	"g 5F"	"4"		""	"L11631"	
"567.2264"	"567.22614"	"2"	""		"36975.588"	"54600.350"	"3d7.(2F).4s"	"d 3F"	"3"	"3d6.(3G).4s.4p.(3P*)"	"t 3G*"	"3"		""	"L11631"	
"567.3376"	"567.33784"	"2"	""		"29798.936"	"47420.228"	"3d6.4s2"	"b 1G2"	"4"	"3d6.(3G).4s.4p.(3P*)"	"w 5G*"	"5"		""	"L11631"	
"567.76844"	"567.76841"	"14"	""		"33095.941"	"50703.870"	"3d7.(4F).4p"	"y 5D*"	"4"	"3d6.(5D).4s (6D).4d"	"e 5G"	"5"		""	"L11631"	
"567.83784"	"567.83788"	"13"	""		"31322.613"	"48928.388"	"3d6.(5D).4s.4p.(3P*)"	"z 3D*"	"3"	"3d7.(4F).5s"	"e 3F"	"2"		""	"L11631"	
"567.8601"	"567.86004"	"4"	""		"19552.478"	"37157.566"	"3d6.4s2"	"a 3P2"	"1"	"3d6.(5D).4s.4p.(1P*)"	"y 5P*"	"2"		""	"L11631"	
"567.90226"	"567.90233"	"389"	"3.7e+06"	D	"37521.161"	"55124.938"	"3d7.(4F).4p"	"y 3F*"	"2"	"3d7.(4F).4d"	"f 3F"	"3"		"T2578n"	"L11631"	
"568.02400"	"568.02404"	"55"	"8.4e+04"	E	"33765.306"	"51365.311"	"3d8"	"c 3F"	"2"	"3d7.(2D2).4p"	"v 3F*"	"3"		"T2578n"	"L11631"	
"568.15061"	"568.15058"	"34"	""		"33765.306"	"51361.391"	"3d8"	"c 3F"	"2"	"3d6.(5D).4s (6D).5p"	"t 5D*"	"3"		""	"L11631"	
"568.2498"	"568.24947"	"6"	""		"39625.804"	"57218.827"	"3d6.(5D).4s.4p.(1P*)"	"x 5D*"	"4"	"3d7.(4F).6s"	"3F"	"3"		""	"L11631"	
"568.4484"	"568.44844"	"4"	""		"40894.990"	"58481.855"	"3d6.(3P2).4s.4p.(3P*)"	"z 5S*"	"2"	"3d6.4s.(4D).4d"	"5P"	"3"		""	"L11631"	
"568.5863"	"568.58614"	"2"	""		"40231.336"	"57813.942"	"3d6.(5D).4s.4p.(1P*)"	"x 5D*"	"2"	"3d6.(5D).4s (4D).4d"	"i 5D"	"3"		""	"L11631"	
"568.61200"	"568.61201"	"10"	""		"29320.026"	"46901.832"	"3d6.4s2"	"b 3D"	"1"	"3d6.(3P2).4s.4p.(3P*)"	"y 3P*"	"1"		""	"L11631"	
"568.65298"	"568.65296"	"720"	"6.71e+06"	B+	"36686.176"	"54266.716"	"3d7.(4F).4p"	"y 3F*"	"4"	"3d7.(4F).4d"	"e 3H"	"5"		"T5720"	"L11631"	
"569.14967"	"569.14964"	"182"	"6.7e+06"	E	"34692.148"	"52257.346"	"3d7.(4F).4p"	"y 5F*"	"1"	"3d6.(5D).4s (4D).5s"	"g 5D"	"0"		"T2578n"	"L11631"	
"569.3318"	"569.33196"	"4"	""		"40231.336"	"57790.909"	"3d6.(5D).4s.4p.(1P*)"	"x 5D*"	"2"	"3d7.(4F).6s"	"3F"	"2"		""	"L11631"	
"569.36421"	""	"363"	""		""	""	""	""	""	""	""	""		""	"L11631"	
"569.60892"	"569.60886"	"30"	"4.35e+05"	C+	"36686.176"	"54237.213"	"3d7.(4F).4p"	"y 3F*"	"4"	"3d7.(4F).4d"	"e 5H"	"4"		"T6110"	"L11631"	
""	"569.63664"	""	"1.2e-01"	E	"0.000"	"17550.181"	"3d6.4s2"	"a 5D"	"4"	"3d7.(4P).4s"	"a 5P"	"3"	E2	"T6409"	""	
"569.80196"	"569.80200"	"39"	"1.6e+05"	E	"29356.744"	"46901.832"	"3d6.4s2"	"b 3D"	"2"	"3d6.(3P2).4s.4p.(3P*)"	"y 3P*"	"1"		"T2578n"	"L11631"	
"569.83645"	"569.83643"	"36"	""		"34636.792"	"52180.820"	"3d6.4s2"	"b 1D2"	"2"	"3d7.(2P).4p"	"1P*"	"1"		""	"L11631"	
"569.9410"	"569.94087"	"8"	""		"39969.853"	"57510.666"	"3d6.(5D).4s.4p.(1P*)"	"x 5D*"	"3"	"3d7.(4F).6s"	"5F"	"3"		""	"L11631"	
"570.15442"	"570.15436"	"1120"	"1.78e+05"	C+	"20641.110"	"38175.355"	"3d6.4s2"	"b 3F2"	"4"	"3d7.(4F).4p"	"y 3D*"	"3"		"T4293"	"L11631"	
"570.1898"	"570.18978"	"4"	""		"33695.397"	"51228.553"	"3d7.(4F).4p"	"y 5F*"	"5"	"3d6.(5D).4s (6D).4d"	"e 7G"	"5"		""	"L11631"	
"570.23475"	"570.23476"	"26"	"6.3e+04"	E	"29356.744"	"46888.517"	"3d6.4s2"	"b 3D"	"2"	"3d7.(4P).4p"	"u 5D*"	"2"		"T2578n"	"L11631"	
"570.2906"	"570.29071"	"8"	""		"39625.804"	"57155.857"	"3d6.(5D).4s.4p.(1P*)"	"x 5D*"	"4"	"3d6.4s.(6D).5d"	"7G"	"4"		""	"L11631"	
"570.47333"	"570.47327"	"34"	""		"40594.432"	"58118.875"	"3d6.(5D).4s.4p.(1P*)"	"x 5F*"	"4"	"3d6.4s.(4D).4d"	"5F"	"4"		""	"L11631"	
"570.54642"	"570.54640"	"182"	"3.01e+06"	B	"34692.148"	"52214.345"	"3d7.(4F).4p"	"y 5F*"	"1"	"3d6.(5D).4s (4D).5s"	"g 5D"	"1"		"T6110"	"L11631"	
"570.59918"	"570.59918"	"780"	"6.1e+06"	D	"37162.746"	"54683.322"	"3d7.(4F).4p"	"y 3F*"	"3"	"3d7.(4F).4d"	"f 3F"	"4"		"T2578n"	"L11631"	
"570.60957"	"570.60954"	"81"	""		"34547.211"	"52067.469"	"3d7.(4F).4p"	"y 5F*"	"2"	"3d6.(5D).4s (6D).4d"	"e 5P"	"2"		""	"L11631"	
"570.70491"	"570.70492"	"87"	"1.0e+05"	E	"29371.812"	"46889.142"	"3d6.4s2"	"b 3D"	"3"	"3d6.(3F2).4s.4p.(3P*)"	"x 3F*"	"4"		"T2578n"	"L11631"	
"570.7248"	"570.72528"	"13"	""		"29371.812"	"46888.517"	"3d6.4s2"	"b 3D"	"3"	"3d7.(4P).4p"	"u 5D*"	"2"		""	"L11631"	
"570.7704"	"570.77041"	"3"	""		"33095.941"	"50611.261"	"3d7.(4F).4p"	"y 5D*"	"4"	"3d6.(5D).4s (6D).4d"	"e 7P"	"3"		""	"L11631"	
"570.80942"	"570.80936"	"151"	"5.3e+05"	E	"35767.564"	"53281.689"	"3d7.(4F).4p"	"z 3G*"	"4"	"3d7.(4F).4d"	"f 5G"	"5"		"T2578n"	"L11631"	
""	"570.89658"	""	"1.5e-01"	E	"415.933"	"17927.382"	"3d6.4s2"	"a 5D"	"3"	"3d7.(4P).4s"	"a 5P"	"1"	E2	"T6409"	""	
"570.93779"	"570.93776"	"3160"	"2.13e+06"	B	"27166.820"	"44677.006"	"3d6.(5D).4s.4p.(3P*)"	"z 5F*"	"4"	"3d6.(5D).4s (6D).5s"	"e 5D"	"4"		"T5783"	"L11631"	
"570.99319"	"570.99320"	"24"	""		"34328.752"	"51837.238"	"3d7.(4F).4p"	"y 5F*"	"3"	"3d6.(5D).4s (6D).4d"	"e 5P"	"3"		""	"L11631"	
"571.18483"	"571.18483"	"219"	"1.5e+06"	E	"34547.211"	"52049.823"	"3d7.(4F).4p"	"y 5F*"	"2"	"3d6.(5D).4s (4D).5s"	"g 5D"	"2"		"T2578n"	"L11631"	
"571.21312"	"571.21309"	"302"	"2.99e+05"	B	"27559.583"	"45061.329"	"3d6.(5D).4s.4p.(3P*)"	"z 5F*"	"2"	"3d6.(5D).4s (6D).5s"	"e 5D"	"3"		"T5783"	"L11631"	
"571.2888"	"571.28817"	"2"	""		"39625.804"	"57125.250"	"3d6.(5D).4s.4p.(1P*)"	"x 5D*"	"4"	"3d6.4s.(6D).5d"	"5F"	"4"		""	"L11631"	
"571.41531"	""	"76"	""		""	""	""	""	""	""	""	""		""	"L11631"	
"571.45487"	"571.45504"	"9"	""		"41018.051"	"58512.387"	"3d6.(5D).4s.4p.(1P*)"	"x 5F*"	"2"	"3d6.4s.(4D).4d"	"5F"	"2"		""	"L11631"	
"571.5098"	"571.50911"	"219bl*"	""		"34547.211"	"52039.892"	"3d7.(4F).4p"	"y 5F*"	"2"	"3d6.(5D).4s (4D).5s"	"e 3D"	"1"		""	"L11631"	
"571.5098"	"571.51019"	"219bl*"	""		"33801.572"	"51294.220"	"3d7.(4F).4p"	"y 5D*"	"2"	"3d6.(5D).4s (4D).5s"	"e 3D"	"3"		""	"L11631"	
"571.5469"	"571.54698"	"4"	""		"33507.123"	"50998.645"	"3d7.(4F).4p"	"y 5D*"	"3"	"3d6.(5D).4s (6D).4d"	"f 7D"	"2"		""	"L11631"	
""	"571.59495"	""	"3.4e-02"	E	"888.132"	"18378.186"	"3d6.4s2"	"a 5D"	"1"	"3d6.4s2"	"a 3P2"	"2"	M1	"T6409"	""	
""	"571.59495"	""	"3.8e-03"	E	"888.132"	"18378.186"	"3d6.4s2"	"a 5D"	"1"	"3d6.4s2"	"a 3P2"	"2"	E2	"T6409"	""	
"571.6172"	"571.61701"	"2"	""		"36079.372"	"53568.751"	"3d7.(4F).4p"	"z 3G*"	"3"	"3d7.(4F).4d"	"f 5P"	"2"		""	"L11631"	
"571.78325"	"571.78322"	"500"	"5.4e+06"	D	"34555.597"	"52039.892"	"3d6.(5D).4s.4p.(3P*)"	"z 3P*"	"0"	"3d6.(5D).4s (4D).5s"	"e 3D"	"1"		"T2578n"	"L11631"	
"572.08978"	"572.08857"	"43"	""		"36686.176"	"54161.139"	"3d7.(4F).4p"	"y 3F*"	"4"	"3d7.(4F).4d"	"f 5G"	"3"		""	"L11631"	
"572.1707"	"572.17059"	"11bl*"	""		"34547.211"	"52019.669"	"3d7.(4F).4p"	"y 5F*"	"2"	"3d6.(5D).4s (6D).4d"	"e 5P"	"1"		""	"L11631"	
"572.1707"	"572.17066"	"11bl*"	""		"33507.123"	"50979.579"	"3d7.(4F).4p"	"y 5D*"	"3"	"3d6.(5D).4s (6D).4d"	"e 5G"	"4"		""	"L11631"	
"572.36720"	"572.36705"	"10"	""		"36079.372"	"53545.833"	"3d7.(4F).4p"	"z 3G*"	"3"	"3d7.(4F).4d"	"h 5D"	"3"		""	"L11631"	
"572.44544"	"572.44534"	"10"	""		"34555.597"	"52019.669"	"3d6.(5D).4s.4p.(3P*)"	"z 3P*"	"0"	"3d6.(5D).4s (6D).4d"	"e 5P"	"1"		""	"L11631"	
"573.0857"	"573.08541"	"13bl"	""		"39625.804"	"57070.371"	"3d6.(5D).4s.4p.(1P*)"	"x 5D*"	"4"	"3d6.4s.(6D).5d"	"7D"	"3"		""	"L11631"	
"573.17619"	"573.17616"	"347"	"1.6e+06"	D	"34328.752"	"51770.557"	"3d7.(4F).4p"	"y 5F*"	"3"	"3d6.(5D).4s (4D).5s"	"g 5D"	"3"		"T2578n"	"L11631"	
"573.22956"	"573.22960"	"23"	""		"40257.314"	"57697.493"	"3d6.(5D).4s.4p.(1P*)"	"x 5F*"	"5"	"3d6.(5D).4s (4D).4d"	"i 5D"	"4"		""	"L11631"	
"573.2863"	"573.28624"	"5"	""		"33095.941"	"50534.397"	"3d7.(4F).4p"	"y 5D*"	"4"	"3d6.(5D).4s (6D).4d"	"f 5D"	"3"		""	"L11631"	
"573.45648"	"573.45642"	"9"	""		"39969.853"	"57403.134"	"3d6.(5D).4s.4p.(1P*)"	"x 5D*"	"3"	"3d6.4s.(6D).5d"	"5P"	"2"		""	"L11631"	
"573.5708"	"573.57055"	"10"	""		"39625.804"	"57055.616"	"3d6.(5D).4s.4p.(1P*)"	"x 5D*"	"4"	"3d6.4s.(6D).5d"	"5G"	"3"		""	"L11631"	
"573.82273"	"573.82267"	"25"	""		"34039.516"	"51461.670"	"3d7.(4F).4p"	"y 5F*"	"4"	"3d6.(5D).4s (6D).4d"	"f 5F"	"4"		""	"L11631"	
"573.9780"	"573.97788"	"2"	""		"33801.572"	"51219.015"	"3d7.(4F).4p"	"y 5D*"	"2"	"3d6.(5D).4s (6D).4d"	"e 5G"	"3"		""	"L11631"	
"574.18480"	"574.18474"	"112"	"8.59e+05"	C	"34328.752"	"51739.920"	"3d7.(4F).4p"	"y 5F*"	"3"	"3d6.(5D).4s (4D).5s"	"e 3D"	"2"		"T5720"	"L11631"	
"574.29596"	"574.29603"	"25"	"6.2e+04"	E	"33695.397"	"51103.191"	"3d7.(4F).4p"	"y 5F*"	"5"	"3d6.(5D).4s (6D).4d"	"f 5F"	"5"		"T2578n"	"L11631"	
"574.3929"	"574.39324"	"7"	""		"40871.412"	"58276.260"	"3d8"	"3P"	"2"	"3d6.4s.(4D).5p"	"3D*"	"3"		""	"L11631"	
""	"574.54958"	""	"2.0e-03"	E	"978.074"	"18378.186"	"3d6.4s2"	"a 5D"	"0"	"3d6.4s2"	"a 3P2"	"2"	E2	"T6409"	""	
"574.7453"	"574.74575"	"5"	""		"36766.966"	"54161.139"	"3d6.(5D).4s.4p.(1P*)"	"y 5P*"	"3"	"3d7.(4F).4d"	"f 5G"	"3"		""	"L11631"	
"574.78378"	"574.78356"	"8"	""		"35767.564"	"53160.593"	"3d7.(4F).4p"	"z 3G*"	"4"	"3d7.(4F).4d"	"f 5P"	"3"		""	"L11631"	
"574.79538"	"574.79536"	"98"	"8.8e+05"	E	"37162.746"	"54555.418"	"3d7.(4F).4p"	"y 3F*"	"3"	"3d7.(4F).4d"	"e 3H"	"4"		"T2578n"	"L11631"	
"574.9409"	"574.94157"	"4"	""		"29356.744"	"46744.993"	"3d6.4s2"	"b 3D"	"2"	"3d7.(4P).4p"	"u 5D*"	"3"		""	"L11631"	
"574.9636"	"574.96365"	"2"	""		"35767.564"	"53155.145"	"3d7.(4F).4p"	"z 3G*"	"4"	"3d7.(4F).4d"	"h 5D"	"4"		""	"L11631"	
"575.0033"	"575.00301"	"5"	""		"40404.518"	"57790.909"	"3d6.(5D).4s.4p.(1P*)"	"x 5D*"	"1"	"3d7.(4F).6s"	"3F"	"2"		""	"L11631"	
"575.20316"	"575.20313"	"288"	""		"36686.176"	"54066.518"	"3d7.(4F).4p"	"y 3F*"	"4"	"3d7.(4F).4d"	"e 3G"	"4"		""	"L11631"	
"575.31223"	"575.31220"	"1020"	"8.26e+06"	B	"34362.873"	"51739.920"	"3d6.(5D).4s.4p.(3P*)"	"z 3P*"	"1"	"3d6.(5D).4s (4D).5s"	"e 3D"	"2"		"T5720"	"L11631"	
"575.33832"	"575.33819"	"7"	""		"34328.752"	"51705.014"	"3d7.(4F).4p"	"y 5F*"	"3"	"3d6.(5D).4s (6D).4d"	"f 5F"	"2"		""	"L11631"	
"575.36931"	"575.36935"	"9"	""		"34692.148"	"52067.469"	"3d7.(4F).4p"	"y 5F*"	"1"	"3d6.(5D).4s (6D).4d"	"e 5P"	"2"		""	"L11631"	
"575.3969"	"575.39671"	"4"	""		"19788.251"	"37162.746"	"3d6.4s2"	"a 3H"	"4"	"3d7.(4F).4p"	"y 3F*"	"3"		""	"L11631"	
"575.44022"	"575.44023"	"35"	"6.5e+04"	E	"29371.812"	"46744.993"	"3d6.4s2"	"b 3D"	"3"	"3d7.(4P).4p"	"u 5D*"	"3"		"T2578n"	"L11631"	
"575.5132"	"575.51347"	"2"	""		"40842.154"	"58213.124"	"3d6.(5D).4s.4p.(1P*)"	"x 5F*"	"3"	"3d6.4s.(4D).4d"	"5P"	"2"		""	"L11631"	
"575.5348"	"575.53467"	"4"	""		"29356.744"	"46727.074"	"3d6.4s2"	"b 3D"	"2"	"3d6.(3P2).4s.4p.(3P*)"	"y 3P*"	"2"		""	"L11631"	
"575.68141"	""	"56"	""		""	""	""	""	""	""	""	""		""	"L11631"	
"575.92618"	"575.92618"	"17"	""		"37521.161"	"54879.683"	"3d7.(4F).4p"	"y 3F*"	"2"	"3d7.(4F).4d"	"e 3P"	"2"		""	"L11631"	
"575.95408"	"575.95428"	"31"	""		"34692.148"	"52049.823"	"3d7.(4F).4p"	"y 5F*"	"1"	"3d6.(5D).4s (4D).5s"	"g 5D"	"2"		""	"L11631"	
"576.03442"	"576.03436"	"83"	"1.5e+05"	E	"29371.812"	"46727.074"	"3d6.4s2"	"b 3D"	"3"	"3d6.(3P2).4s.4p.(3P*)"	"y 3P*"	"2"		"T2578n"	"L11631"	
"576.0531"	"576.05325"	"5"	""		"33507.123"	"50861.816"	"3d7.(4F).4p"	"y 5D*"	"3"	"3d6.(5D).4s (6D).4d"	"f 7D"	"3"		""	"L11631"	
"576.0693"	"576.06918"	"5bl*"	""		"26105.908"	"43460.121"	"3d7.(2H).4s"	"b 3H"	"6"	"3d6.(3H).4s.4p.(3P*)"	"z 5I*"	"5"		""	"L11631"	
"576.0693"	"576.06948"	"5bl*"	""		"33507.123"	"50861.327"	"3d7.(4F).4p"	"y 5D*"	"3"	"3d6.(5D).4s (6D).4d"	"e 7P"	"2"		""	"L11631"	
"576.1082"	"576.10806"	"2"	""		"34017.103"	"51370.145"	"3d7.(4F).4p"	"y 5D*"	"1"	"3d6.(5D).4s (6D).4d"	"e 5G"	"2"		""	"L11631"	
"576.12555"	"576.12559"	"10"	""		"29320.026"	"46672.540"	"3d6.4s2"	"b 3D"	"1"	"3d6.(3P2).4s.4p.(3P*)"	"y 3P*"	"0"		""	"L11631"	
"576.22311"	"576.22298"	"6"	""		"40404.518"	"57754.099"	"3d6.(5D).4s.4p.(1P*)"	"x 5D*"	"1"	"3d7.(4F).6s"	"5F"	"1"		""	"L11631"	
"576.24131"	"576.24128"	"100"	"1.3e+05"	E	"29371.812"	"46720.842"	"3d6.4s2"	"b 3D"	"3"	"3d7.(4P).4p"	"u 5D*"	"4"		"T2578n"	"L11631"	
"576.2605"	"576.26075"	"2"	""		"36940.590"	"54289.034"	"3d7.(2F).4s"	"d 3F"	"2"	"3d7.(4F).5p"	"3F*"	"3"		""	"L11631"	
"576.28380"	"576.28400"	"60"	""		"34692.148"	"52039.892"	"3d7.(4F).4p"	"y 5F*"	"1"	"3d6.(5D).4s (4D).5s"	"e 3D"	"1"		""	"L11631"	
"576.29918"	"576.29918"	"2040"	"9.6e+06"	D	"33946.933"	"51294.220"	"3d6.(5D).4s.4p.(3P*)"	"z 3P*"	"2"	"3d6.(5D).4s (4D).5s"	"e 3D"	"3"		"T2491n"	"L11631"	
"576.7972"	"576.79721"	"2"	""		"34636.792"	"51969.101"	"3d6.4s2"	"b 1D2"	"2"	"3d7.(2P).4p"	"u 3D*"	"3"		""	"L11631"	
"576.93225"	"576.93222"	"13"	""		"37162.746"	"54490.999"	"3d7.(4F).4p"	"y 3F*"	"3"	"3d7.(4F).4d"	"e 5H"	"3"		""	"L11631"	
"576.9569"	"576.95659"	"1"	""		"34692.148"	"52019.669"	"3d7.(4F).4p"	"y 5F*"	"1"	"3d6.(5D).4s (6D).4d"	"e 5P"	"1"		""	"L11631"	
"576.9672"	"576.96741"	"2"	""		"33095.941"	"50423.137"	"3d7.(4F).4p"	"y 5D*"	"4"	"3d6.(5D).4s (6D).4d"	"f 5D"	"4"		""	"L11631"	
"577.0156"	"577.01550"	"3"	""		"36975.588"	"54301.340"	"3d7.(2F).4s"	"d 3F"	"3"	"3d6.(3D).4s.4p.(3P*)"	"5D*"	"4"		""	"L11631"	
"577.34500"	"577.34493"	"6"	""		"28819.954"	"46135.820"	"3d7.(2H).4s"	"a 1H"	"5"	"3d6.(3H).4s.4p.(3P*)"	"z 3I*"	"5"		""	"L11631"	
"577.47046"	"577.47016"	"10"	""		"32873.632"	"50185.743"	"3d8"	"c 3F"	"4"	"3d6.(5D).4s (6D).5p"	"n 7P*"	"4"		""	"L11631"	
""	"577.50539"	""	"9.6e-03"	E	"415.933"	"17726.988"	"3d6.4s2"	"a 5D"	"3"	"3d7.(4P).4s"	"a 5P"	"2"	M1	"T6409"	""	
"577.50802"	"577.50802"	"331"	"1.12e+06"	C+	"34039.516"	"51350.492"	"3d7.(4F).4p"	"y 5F*"	"4"	"3d6.(5D).4s (4D).5s"	"g 5D"	"4"		"T5720"	"L11631"	
"577.5630"	"577.56291"	"5bl"	""		"40052.035"	"57361.366"	"3d5.(6S).4s2.4p"	"y 7P*"	"2"	"3d6.4s.(6D).5d"	"7G"	"3"		""	"L11631"	
"577.62240"	"577.62241"	"7"	""		"29798.936"	"47106.484"	"3d6.4s2"	"b 1G2"	"4"	"3d6.(3H).4s.4p.(3P*)"	"z 3H*"	"4"		""	"L11631"	
"577.8453"	"577.84524"	"58bl*"	""		"33507.123"	"50807.997"	"3d7.(4F).4p"	"y 5D*"	"3"	"3d6.(5D).4s (6D).4d"	"f 7D"	"4"		""	"L11631"	
"577.8453"	"577.84527"	"58bl*"	"1.06e+04"	C	"20874.482"	"38175.355"	"3d6.4s2"	"b 3F2"	"3"	"3d7.(4F).4p"	"y 3D*"	"3"		"T6110"	"L11631"	
"577.8809"	"577.88088"	"2"	""		"36766.966"	"54066.773"	"3d6.(5D).4s.4p.(1P*)"	"y 5P*"	"3"	"3d7.(4F).4d"	"f 3D"	"2"		""	"L11631"	
"577.9688"	"577.96878"	"4"	""		"40231.336"	"57528.512"	"3d6.(5D).4s.4p.(1P*)"	"x 5D*"	"2"	"3d7.(4F).6s"	"5F"	"2"		""	"L11631"	
"578.02825"	"578.02829"	"13"	""		"34039.516"	"51334.911"	"3d7.(4F).4p"	"y 5F*"	"4"	"3d6.(5D).4s (6D).4d"	"e 7G"	"4"		""	"L11631"	
"578.05997"	"578.05994"	"112"	"7.6e+04"	E	"26140.179"	"43434.627"	"3d6.(5D).4s.4p.(3P*)"	"z 5D*"	"3"	"3d6.(5D).4s (6D).5s"	"e 7D"	"3"		"T2578n"	"L11631"	
"578.08040"	"578.08037"	"54"	""		"26339.696"	"43633.533"	"3d6.(5D).4s.4p.(3P*)"	"z 5D*"	"2"	"3d6.(5D).4s (6D).5s"	"e 7D"	"2"		""	"L11631"	
"578.1494"	"578.14910"	"2"	""		"37157.566"	"54449.347"	"3d6.(5D).4s.4p.(1P*)"	"y 5P*"	"2"	"3d7.(4F).4d"	"f 3D"	"1"		""	"L11631"	
"578.21093"	"578.21110"	"36"	""		"40842.154"	"58132.081"	"3d6.(5D).4s.4p.(1P*)"	"x 5F*"	"3"	"3d6.4s.(4D).4d"	"5F"	"3"		""	"L11631"	
"578.38943"	"578.38933"	"22"	""		"26479.381"	"43763.980"	"3d6.(5D).4s.4p.(3P*)"	"z 5D*"	"1"	"3d6.(5D).4s (6D).5s"	"e 7D"	"1"		""	"L11631"	
"578.4034"	"578.40329"	"2"	""		"33695.397"	"50979.579"	"3d7.(4F).4p"	"y 5F*"	"5"	"3d6.(5D).4s (6D).4d"	"e 5G"	"4"		""	"L11631"	
"578.46580"	"578.46577"	"95"	"6.50e+04"	C+	"27394.691"	"44677.006"	"3d6.(5D).4s.4p.(3P*)"	"z 5F*"	"3"	"3d6.(5D).4s (6D).5s"	"e 5D"	"4"		"T5783"	"L11631"	
"578.5171"	"578.51676"	"1"	""		"29320.026"	"46600.818"	"3d6.4s2"	"b 3D"	"1"	"3d6.(3P2).4s.4p.(3P*)"	"z 3S*"	"1"		""	"L11631"	
"578.5520"	"578.55184"	"2"	""		"42815.855"	"60095.599"	"3d6.(5D).4s (6D).5s"	"e 7D"	"5"	"3d6.(3F2).4s.4p.(1P*)"	"3F*"	"4"		""	"L11631"	
"578.56577"	"578.56570"	"14"	""		"40231.336"	"57510.666"	"3d6.(5D).4s.4p.(1P*)"	"x 5D*"	"2"	"3d7.(4F).6s"	"5F"	"3"		""	"L11631"	
"578.6991"	"578.69897"	"3"	""		"34328.752"	"51604.103"	"3d7.(4F).4p"	"y 5F*"	"3"	"3d6.(5D).4s (6D).4d"	"f 5F"	"3"		""	"L11631"	
"578.7962"	"578.79670"	"3bl"	""		"33695.397"	"50967.831"	"3d7.(4F).4p"	"y 5F*"	"5"	"3d6.(5D).4s (6D).4d"	"e 7G"	"6"		""	"L11631"	
"579.0406"	"579.04079"	"14"	""		"41018.051"	"58283.204"	"3d6.(5D).4s.4p.(1P*)"	"x 5F*"	"2"	"3d6.(5D).4s (4D).4d"	"i 5D"	"1"		""	"L11631"	
"579.10176"	"579.10170"	"162"	"1.29e+05"	D+	"25899.989"	"43163.326"	"3d6.(5D).4s.4p.(3P*)"	"z 5D*"	"4"	"3d6.(5D).4s (6D).5s"	"e 7D"	"4"		"T5720"	"L11631"	
"579.11937"	"579.11921"	"5"	""		"40491.284"	"57754.099"	"3d6.(5D).4s.4p.(1P*)"	"x 5D*"	"0"	"3d7.(4F).6s"	"5F"	"1"		""	"L11631"	
"579.15235"	"579.15236"	"19"	""		"36975.588"	"54237.415"	"3d7.(2F).4s"	"d 3F"	"3"	"3d6.(3G).4s.4p.(3P*)"	"t 3G*"	"4"		""	"L11631"	
"579.1851"	"579.18558"	"2"	""		"40871.412"	"58132.249"	"3d8"	"3P"	"2"	"3d6.4s.(4D).5p"	"3D*"	"2"		""	"L11631"	
"579.3678"	"579.36787"	"2"	""		"37045.934"	"54301.340"	"3d7.(2F).4s"	"d 3F"	"4"	"3d6.(3D).4s.4p.(3P*)"	"5D*"	"4"		""	"L11631"	
"579.39144"	"579.39144"	"110"	"6.1e+05"	E	"34039.516"	"51294.220"	"3d7.(4F).4p"	"y 5F*"	"4"	"3d6.(5D).4s (4D).5s"	"e 3D"	"3"		"T2578n"	"L11631"	
"579.6430"	"579.64309"	"2"	""		"37157.566"	"54404.779"	"3d6.(5D).4s.4p.(1P*)"	"y 5P*"	"2"	"3d6.(5D).4s (6D).6s"	"g 7D"	"3"		""	"L11631"	
"579.6659"	"579.66588"	"3"	""		"33801.572"	"51048.107"	"3d7.(4F).4p"	"y 5D*"	"2"	"3d6.(5D).4s (6D).4d"	"f 7D"	"1"		""	"L11631"	
"579.81710"	"579.81710"	"170"	"5.7e+05"	E	"31686.351"	"48928.388"	"3d6.(5D).4s.4p.(3P*)"	"z 3D*"	"2"	"3d7.(4F).5s"	"e 3F"	"2"		"T2578n"	"L11631"	
"580.12685"	"580.12705"	"4"	""		"41130.599"	"58363.424"	"3d6.(5D).4s.4p.(1P*)"	"x 5F*"	"1"	"3d6.4s.(4D).4d"	"5F"	"1"		""	"L11631"	
"580.40346"	"580.40340"	"89"	"1.6e+05"	E	"31307.245"	"48531.865"	"3d6.(5D).4s.4p.(3P*)"	"z 3F*"	"4"	"3d7.(4F).5s"	"e 3F"	"3"		"T2578n"	"L11631"	
""	"580.44536"	""	"8.8e-02"	E	"704.007"	"17927.382"	"3d6.4s2"	"a 5D"	"2"	"3d7.(4P).4s"	"a 5P"	"1"	E2	"T6409"	""	
"580.44623"	"580.44633"	"25"	"2.8e+05"	E	"34547.211"	"51770.557"	"3d7.(4F).4p"	"y 5F*"	"2"	"3d6.(5D).4s (4D).5s"	"g 5D"	"3"		"T2578n"	"L11631"	
"580.57567"	"580.57564"	"15"	""		"40594.432"	"57813.942"	"3d6.(5D).4s.4p.(1P*)"	"x 5F*"	"4"	"3d6.(5D).4s (4D).4d"	"i 5D"	"3"		""	"L11631"	
"580.6626"	"580.66268"	"4"	""		"39625.804"	"56842.733"	"3d6.(5D).4s.4p.(1P*)"	"x 5D*"	"4"	"3d6.4s.(6D).5d"	"7F"	"5"		""	"L11631"	
"580.67245"	"580.67249"	"204"	"2.7e+06"	D	"37162.746"	"54379.384"	"3d7.(4F).4p"	"y 3F*"	"3"	"3d7.(4F).4d"	"e 3G"	"3"		"T2578n"	"L11631"	
"580.77834"	"580.77831"	"13"	""		"26550.479"	"43763.980"	"3d6.(5D).4s.4p.(3P*)"	"z 5D*"	"0"	"3d6.(5D).4s (6D).5s"	"e 7D"	"1"		""	"L11631"	
"580.79751"	"580.79755"	"6"	""		"37162.746"	"54375.677"	"3d7.(4F).4p"	"y 3F*"	"3"	"3d7.(4F).4d"	"f 5G"	"2"		""	"L11631"	
"580.91549"	"580.91553"	"19"	""		"29798.936"	"47008.371"	"3d6.4s2"	"b 1G2"	"4"	"3d6.(3H).4s.4p.(3P*)"	"z 3H*"	"5"		""	"L11631"	
"580.92177"	"580.92171"	"219"	"4.5e+05"	E	"31322.613"	"48531.865"	"3d6.(5D).4s.4p.(3P*)"	"z 3D*"	"3"	"3d7.(4F).5s"	"e 3F"	"3"		"T2578n"	"L11631"	
"580.9882"	"580.98808"	"2"	""		"34547.211"	"51754.497"	"3d7.(4F).4p"	"y 5F*"	"2"	"3d6.(5D).4s (6D).4d"	"f 5F"	"1"		""	"L11631"	
"580.99709"	"580.99717"	"5"	""		"28819.954"	"46026.971"	"3d7.(2H).4s"	"a 1H"	"5"	"3d6.(3H).4s.4p.(3P*)"	"z 3I*"	"6"		""	"L11631"	
"581.19141"	"581.19142"	"56"	""		"33412.717"	"50613.983"	"3d8"	"c 3F"	"3"	"3d6.(3F2).4s.4p.(3P*)"	"x 1G*"	"4"		""	"L11631"	
"581.2445"	"581.24447"	"3"	""		"36766.966"	"53966.662"	"3d6.(5D).4s.4p.(1P*)"	"y 5P*"	"3"	"3d7.(4F).4d"	"h 5D"	"2"		""	"L11631"	
"581.3330"	"581.33312"	"1"	""		"33801.572"	"50998.645"	"3d7.(4F).4p"	"y 5D*"	"2"	"3d6.(5D).4s (6D).4d"	"f 7D"	"2"		""	"L11631"	
"581.40077"	"581.40074"	"6"	""		"41018.051"	"58213.124"	"3d6.(5D).4s.4p.(1P*)"	"x 5F*"	"2"	"3d6.4s.(4D).4d"	"5P"	"2"		""	"L11631"	
"581.48071"	"581.48069"	"63"	"4.6e+05"	E	"34547.211"	"51739.920"	"3d7.(4F).4p"	"y 5F*"	"2"	"3d6.(5D).4s (4D).5s"	"e 3D"	"2"		"T2578n"	"L11631"	
"581.5217"	"581.52168"	"20bl*"	"1.0e+05"	E	"33507.123"	"50698.620"	"3d7.(4F).4p"	"y 5D*"	"3"	"3d6.(5D).4s (6D).4d"	"f 5D"	"2"		"T2578n"	"L11631"	
"581.5217"	"581.52222"	"20bl*"	""		"37045.934"	"54237.415"	"3d7.(2F).4s"	"d 3F"	"4"	"3d6.(3G).4s.4p.(3P*)"	"t 3G*"	"4"		""	"L11631"	
"581.5514"	"581.55131"	"1"	""		"34636.792"	"51827.413"	"3d6.4s2"	"b 1D2"	"2"	"3d6.(5D).4s (6D).5p"	"u 5F*"	"2"		""	"L11631"	
"581.5628"	"581.56255"	"4"	""		"39969.853"	"57160.142"	"3d6.(5D).4s.4p.(1P*)"	"x 5D*"	"3"	"3d6.4s.(6D).5d"	"5P"	"3"		""	"L11631"	
"581.60605"	"581.60680"	"26"	""		"34636.792"	"51825.773"	"3d6.4s2"	"b 1D2"	"2"	"3d7.(2H).4p"	"u 3G*"	"3"		""	"L11631"	
"581.63732"	"581.63725"	"447"	"4.49e+06"	B	"36686.176"	"53874.257"	"3d7.(4F).4p"	"y 3F*"	"4"	"3d7.(4F).4d"	"e 5H"	"5"		"T5720"	"L11631"	
"581.70761"	"581.70755"	"18"	""		"39969.853"	"57155.857"	"3d6.(5D).4s.4p.(1P*)"	"x 5D*"	"3"	"3d6.4s.(6D).5d"	"7G"	"4"		""	"L11631"	
"581.9280"	"581.92781"	"1"	""		"34039.516"	"51219.015"	"3d7.(4F).4p"	"y 5F*"	"4"	"3d6.(5D).4s (6D).4d"	"e 5G"	"3"		""	"L11631"	
"582.1889"	"582.18879"	"7"	""		"40231.336"	"57403.134"	"3d6.(5D).4s.4p.(1P*)"	"x 5D*"	"2"	"3d6.4s.(6D).5d"	"5P"	"2"		""	"L11631"	
"582.6638"	"582.66367"	"4"	""		"34547.211"	"51705.014"	"3d7.(4F).4p"	"y 5F*"	"2"	"3d6.(5D).4s (6D).4d"	"f 5F"	"2"		""	"L11631"	
"582.7454"	"582.74538"	"6"	""		"39969.853"	"57125.250"	"3d6.(5D).4s.4p.(1P*)"	"x 5D*"	"3"	"3d6.4s.(6D).5d"	"5F"	"4"		""	"L11631"	
"582.78767"	"582.78768"	"21"	""		"26479.381"	"43633.533"	"3d6.(5D).4s.4p.(3P*)"	"z 5D*"	"1"	"3d6.(5D).4s (6D).5s"	"e 7D"	"2"		""	"L11631"	
"582.84041"	"582.84024"	"55"	""		"41130.599"	"58283.204"	"3d6.(5D).4s.4p.(1P*)"	"x 5F*"	"1"	"3d6.(5D).4s (4D).4d"	"i 5D"	"1"		""	"L11631"	
"583.3359"	"583.33555"	"1"	""		"33695.397"	"50833.438"	"3d7.(4F).4p"	"y 5F*"	"5"	"3d6.(5D).4s (6D).4d"	"e 7F"	"5"		""	"L11631"	
"583.39263"	"583.39250"	"14"	""		"21038.987"	"38175.355"	"3d6.4s2"	"b 3F2"	"2"	"3d7.(4F).4p"	"y 3D*"	"3"		""	"L11631"	
"583.40294"	"583.40251"	"28"	""		"39625.804"	"56761.878"	"3d6.(5D).4s.4p.(1P*)"	"x 5D*"	"4"	"3d6.4s.(6D).5d"	"5F"	"5"		""	"L11631"	
""	"583.46468"	""	"9.0e-02"	E	"415.933"	"17550.181"	"3d6.4s2"	"a 5D"	"3"	"3d7.(4P).4s"	"a 5P"	"3"	E2	"T6409"	""	
"583.51004"	"583.50997"	"28"	""		"34328.752"	"51461.670"	"3d7.(4F).4p"	"y 5F*"	"3"	"3d6.(5D).4s (6D).4d"	"f 5F"	"4"		""	"L11631"	
"583.54175"	"583.54182"	"7"	""		"40842.154"	"57974.137"	"3d6.(5D).4s.4p.(1P*)"	"x 5F*"	"3"	"3d6.(5D).4s (4D).4d"	"i 5D"	"2"		""	"L11631"	
"583.5496"	"583.54921"	"12bl"	""		"34328.752"	"51460.518"	"3d7.(4F).4p"	"y 5F*"	"3"	"3d6.(5D).4s (6D).4d"	"e 7G"	"3"		""	"L11631"	
"583.55731"	"583.55725"	"5"	""		"22838.323"	"39969.853"	"3d7.(4P).4s"	"b 3P"	"2"	"3d6.(5D).4s.4p.(1P*)"	"x 5D*"	"3"		""	"L11631"	
"583.6755"	"583.6759"	"1"	""		"40871.412"	"57999.461"	"3d8"	"3P"	"2"	"3d6.4s.(4D).5p"	"3P*"	"2"		""	"L11631"	
"583.77009"	"583.77009"	"42"	""		"34636.792"	"51762.076"	"3d6.4s2"	"b 1D2"	"2"	"3d6.(3H).4s.4p.(3P*)"	"x 1D*"	"2"		""	"L11631"	
"583.81410"	"583.81407"	"7"	""		"40404.518"	"57528.512"	"3d6.(5D).4s.4p.(1P*)"	"x 5D*"	"1"	"3d7.(4F).6s"	"5F"	"2"		""	"L11631"	
"583.83714"	"583.83715"	"44"	"2.0e+05"	E	"31805.071"	"48928.388"	"3d6.(5D).4s.4p.(3P*)"	"z 3F*"	"3"	"3d7.(4F).5s"	"e 3F"	"2"		"T2578n"	"L11631"	
"584.11341"	""	"59"	""		""	""	""	""	""	""	""	""		""	"L11631"	
"584.2027"	"584.20279"	"1"	""		"33695.397"	"50807.997"	"3d7.(4F).4p"	"y 5F*"	"5"	"3d6.(5D).4s (6D).4d"	"f 7D"	"4"		""	"L11631"	
"584.3152"	"584.31438"	"1"	""		"34039.516"	"51148.848"	"3d7.(4F).4p"	"y 5F*"	"4"	"3d6.(5D).4s (6D).4d"	"e 7F"	"3"		""	"L11631"	
"584.3226"	"584.32295"	"1"	""		"26351.040"	"43460.121"	"3d7.(2H).4s"	"b 3H"	"5"	"3d6.(3H).4s.4p.(3P*)"	"z 5I*"	"5"		""	"L11631"	
"584.49185"	"584.49182"	"5"	""		"33507.123"	"50611.261"	"3d7.(4F).4p"	"y 5D*"	"3"	"3d6.(5D).4s (6D).4d"	"e 7P"	"3"		""	"L11631"	
"584.52865"	"584.52862"	"8"	""		"40594.432"	"57697.493"	"3d6.(5D).4s.4p.(1P*)"	"x 5F*"	"4"	"3d6.(5D).4s (4D).4d"	"i 5D"	"4"		""	"L11631"	
"584.5962"	"584.59606"	"5"	""		"39625.804"	"56726.892"	"3d6.(5D).4s.4p.(1P*)"	"x 5D*"	"4"	"3d6.4s.(6D).5d"	"5F"	"3"		""	"L11631"	
"584.80661"	"584.80662"	"25"	""		"26339.696"	"43434.627"	"3d6.(5D).4s.4p.(3P*)"	"z 5D*"	"2"	"3d6.(5D).4s (6D).5s"	"e 7D"	"3"		""	"L11631"	
"584.81291"	"584.81260"	"79"	""		"37162.746"	"54257.502"	"3d7.(4F).4p"	"y 3F*"	"3"	"3d7.(4F).4d"	"g 5F"	"2"		""	"L11631"	
"584.91846"	"584.91837"	"10"	""		"26351.040"	"43442.705"	"3d7.(2H).4s"	"b 3H"	"5"	"3d6.(3H).4s.4p.(3P*)"	"z 5I*"	"4"		""	"L11631"	
"584.96837"	"584.96830"	"19"	""		"29798.936"	"46889.142"	"3d6.4s2"	"b 1G2"	"4"	"3d6.(3F2).4s.4p.(3P*)"	"x 3F*"	"4"		""	"L11631"	
"585.0090"	"585.00921"	"2"	""		"40231.336"	"57320.347"	"3d6.(5D).4s.4p.(1P*)"	"x 5D*"	"2"	"3d6.4s.(6D).5d"	"7G"	"1"		""	"L11631"	
"585.12048"	"585.12042"	"5"	""		"39969.853"	"57055.616"	"3d6.(5D).4s.4p.(1P*)"	"x 5D*"	"3"	"3d6.4s.(6D).5d"	"5G"	"3"		""	"L11631"	
"585.22184"	"585.22181"	"129"	"1.1e+06"	E	"36686.176"	"53768.979"	"3d7.(4F).4p"	"y 3F*"	"4"	"3d7.(4F).4d"	"f 5G"	"4"		"T2578n"	"L11631"	
"585.31479"	"585.31493"	"41"	""		"11976.239"	"29056.324"	"3d7.(4F).4s"	"a 3F"	"4"	"3d6.(5D).4s.4p.(3P*)"	"z 5P*"	"3"		""	"L11631"	
"585.36822"	"585.36823"	"8"	""		"33801.572"	"50880.102"	"3d7.(4F).4p"	"y 5D*"	"2"	"3d6.(5D).4s (6D).4d"	"f 5D"	"1"		""	"L11631"	
"585.4630"	"585.46274"	"2"	""		"36079.372"	"53155.145"	"3d7.(4F).4p"	"z 3G*"	"3"	"3d7.(4F).4d"	"h 5D"	"4"		""	"L11631"	
"585.50762"	"585.50752"	"76"	"7.19e+05"	B	"37162.746"	"54237.213"	"3d7.(4F).4p"	"y 3F*"	"3"	"3d7.(4F).4d"	"e 5H"	"4"		"T6110"	"L11631"	
"585.60876"	"585.60877"	"115"	"1.83e+06"	C	"34636.792"	"51708.307"	"3d6.4s2"	"b 1D2"	"2"	"3d7.(2P).4p"	"y 1D*"	"2"		"T5720"	"L11631"	
"585.82650"	"585.82651"	"6"	""		"19621.006"	"36686.176"	"3d6.4s2"	"a 3H"	"5"	"3d7.(4F).4p"	"y 3F*"	"4"		""	"L11631"	
"585.87776"	"585.87783"	"25"	""		"34039.516"	"51103.191"	"3d7.(4F).4p"	"y 5F*"	"4"	"3d6.(5D).4s (6D).4d"	"f 5F"	"5"		""	"L11631"	
"585.92339"	"585.92336"	"7"	""		"34692.148"	"51754.497"	"3d7.(4F).4p"	"y 5F*"	"1"	"3d6.(5D).4s (6D).4d"	"f 5F"	"1"		""	"L11631"	
"585.95863"	"585.95857"	"540"	""		"36686.176"	"53747.500"	"3d7.(4F).4p"	"y 3F*"	"4"	"3d7.(4F).4d"	"f 3D"	"3"		""	"L11631"	
"585.9954"	"585.99566"	"2"	""		"33801.572"	"50861.816"	"3d7.(4F).4p"	"y 5D*"	"2"	"3d6.(5D).4s (6D).4d"	"f 7D"	"3"		""	"L11631"	
"586.11092"	"586.11082"	"16"	""		"34547.211"	"51604.103"	"3d7.(4F).4p"	"y 5F*"	"2"	"3d6.(5D).4s (6D).4d"	"f 5F"	"3"		""	"L11631"	
"586.23561"	"586.23558"	"890"	""		"36686.176"	"53739.438"	"3d7.(4F).4p"	"y 3F*"	"4"	"3d7.(4F).4d"	"e 3G"	"5"		""	"L11631"	
"586.42440"	"586.42437"	"14"	""		"34692.148"	"51739.920"	"3d7.(4F).4p"	"y 5F*"	"1"	"3d6.(5D).4s (4D).5s"	"e 3D"	"2"		""	"L11631"	
"586.4396"	"586.43920"	"2"	""		"39625.804"	"56673.145"	"3d6.(5D).4s.4p.(1P*)"	"x 5D*"	"4"	"3d6.4s.(6D).5d"	"5G"	"4"		""	"L11631"	
"586.62330"	"586.62323"	"4"	""		"36975.588"	"54017.581"	"3d7.(2F).4s"	"d 3F"	"3"	"3d7.(4F).5p"	"3G*"	"4"		""	"L11631"	
"586.6445"	"586.64389"	"1"	""		"34328.752"	"51370.145"	"3d7.(4F).4p"	"y 5F*"	"3"	"3d6.(5D).4s (6D).4d"	"e 5G"	"2"		""	"L11631"	
"586.6990"	"586.69901"	"2"	""		"37409.555"	"54449.347"	"3d6.(5D).4s.4p.(1P*)"	"y 5P*"	"1"	"3d7.(4F).4d"	"f 3D"	"1"		""	"L11631"	
""	"586.71767"	""	"2.1e-02"	E	"888.132"	"17927.382"	"3d6.4s2"	"a 5D"	"1"	"3d7.(4P).4s"	"a 5P"	"1"	E2	"T6409"	""	
"587.13033"	"587.13034"	"7"	""		"33507.123"	"50534.397"	"3d7.(4F).4p"	"y 5D*"	"3"	"3d6.(5D).4s (6D).4d"	"f 5D"	"3"		""	"L11631"	
"587.2726"	"587.27268"	"1"	""		"26140.179"	"43163.326"	"3d6.(5D).4s.4p.(3P*)"	"z 5D*"	"3"	"3d6.(5D).4s (6D).5s"	"e 7D"	"4"		""	"L11631"	
""	"587.27841"	""	"3.4e-02"	E	"704.007"	"17726.988"	"3d6.4s2"	"a 5D"	"2"	"3d7.(4P).4s"	"a 5P"	"2"	E2	"T6409"	""	
"587.32125"	"587.32122"	"37"	""		"34328.752"	"51350.492"	"3d7.(4F).4p"	"y 5F*"	"3"	"3d6.(5D).4s (4D).5s"	"g 5D"	"4"		""	"L11631"	
"587.6133"	"587.61366"	"1"	""		"28819.954"	"45833.223"	"3d7.(2H).4s"	"a 1H"	"5"	"3d6.(3F2).4s.4p.(3P*)"	"x 5G*"	"4"		""	"L11631"	
"587.62778"	"587.62758"	"10"	""		"34692.148"	"51705.014"	"3d7.(4F).4p"	"y 5F*"	"1"	"3d6.(5D).4s (6D).4d"	"f 5F"	"2"		""	"L11631"	
"587.7788"	"587.77935"	"105bl"	""		"33695.397"	"50703.870"	"3d7.(4F).4p"	"y 5F*"	"5"	"3d6.(5D).4s (6D).4d"	"e 5G"	"5"		""	"L11631"	
"587.9487"	"587.94846"	"18bl*"	""		"40052.035"	"57055.616"	"3d5.(6S).4s2.4p"	"y 7P*"	"2"	"3d6.4s.(6D).5d"	"5G"	"3"		""	"L11631"	
"587.9487"	"587.94874"	"18bl*"	"2.1e+05"	E	"37157.566"	"54161.139"	"3d6.(5D).4s.4p.(1P*)"	"y 5P*"	"2"	"3d7.(4F).4d"	"f 5G"	"3"		"T2578n"	"L11631"	
"588.00268"	"588.00268"	"23"	""		"36766.966"	"53768.979"	"3d6.(5D).4s.4p.(1P*)"	"y 5P*"	"3"	"3d7.(4F).4d"	"f 5G"	"4"		""	"L11631"	
"588.12797"	"588.12791"	"28"	""		"37162.746"	"54161.139"	"3d7.(4F).4p"	"y 3F*"	"3"	"3d7.(4F).4d"	"f 5G"	"3"		""	"L11631"	
"588.1751"	"588.17507"	"1"	""		"17550.181"	"34547.211"	"3d7.(4P).4s"	"a 5P"	"3"	"3d7.(4F).4p"	"y 5F*"	"2"		""	"L11631"	
"588.3075"	"588.30732"	"2"	""		"34636.792"	"51630.001"	"3d6.4s2"	"b 1D2"	"2"	"3d6.(5D).4s (6D).5p"	"t 5D*"	"2"		""	"L11631"	
"588.38166"	"588.38163"	"520"	"1.9e+06"	D	"31937.325"	"48928.388"	"3d6.(5D).4s.4p.(3P*)"	"z 3D*"	"1"	"3d7.(4F).5s"	"e 3F"	"2"		"T2578n"	"L11631"	
"588.6816"	"588.68150"	"2"	""		"40231.336"	"57213.744"	"3d6.(5D).4s.4p.(1P*)"	"x 5D*"	"2"	"3d6.4s.(6D).5d"	"7F"	"1"		""	"L11631"	
"588.74643"	"588.74647"	"6"	""		"36766.966"	"53747.500"	"3d6.(5D).4s.4p.(1P*)"	"y 5P*"	"3"	"3d7.(4F).4d"	"f 3D"	"3"		""	"L11631"	
"588.8817"	"588.88182"	"2"	""		"37409.555"	"54386.186"	"3d6.(5D).4s.4p.(1P*)"	"y 5P*"	"1"	"3d7.(4F).4d"	"g 5F"	"1"		""	"L11631"	
"588.9389"	"588.93892"	"2"	""		"37157.566"	"54132.551"	"3d6.(5D).4s.4p.(1P*)"	"y 5P*"	"2"	"3d7.(4F).4d"	"h 5D"	"1"		""	"L11631"	
"589.0496"	"589.04986"	"2"	""		"40842.154"	"57813.942"	"3d6.(5D).4s.4p.(1P*)"	"x 5F*"	"3"	"3d6.(5D).4s (4D).4d"	"i 5D"	"3"		""	"L11631"	
"589.11755"	"589.11755"	"35"	""		"37521.161"	"54490.999"	"3d7.(4F).4p"	"y 3F*"	"2"	"3d7.(4F).4d"	"e 5H"	"3"		""	"L11631"	
"589.18782"	"589.18769"	"17"	""		"37045.934"	"54013.752"	"3d7.(2F).4s"	"d 3F"	"4"	"3d6.(3D).4s.4p.(3P*)"	"5F*"	"5"		""	"L11631"	
"589.24648"	"589.24659"	"7"	""		"37409.555"	"54375.677"	"3d6.(5D).4s.4p.(1P*)"	"y 5P*"	"1"	"3d7.(4F).4d"	"f 5G"	"2"		""	"L11631"	
"589.26933"	"589.26930"	"40"	""		"34328.752"	"51294.220"	"3d7.(4F).4p"	"y 5F*"	"3"	"3d6.(5D).4s (4D).5s"	"e 3D"	"3"		""	"L11631"	
"589.2801"	"589.28000"	"1"	""		"17726.988"	"34692.148"	"3d7.(4P).4s"	"a 5P"	"2"	"3d7.(4F).4p"	"y 5F*"	"1"		""	"L11631"	
"589.32345"	"589.32346"	"4"	""		"34017.103"	"50981.012"	"3d7.(4F).4p"	"y 5D*"	"1"	"3d6.(5D).4s (6D).4d"	"f 5D"	"0"		""	"L11631"	
"589.5017"	"589.50155"	"1"	""		"37045.934"	"54004.718"	"3d7.(2F).4s"	"d 3F"	"4"	"3d6.(3D).4s.4p.(3P*)"	"t 5P*"	"3"		""	"L11631"	
"589.51629"	"589.51626"	"4"	""		"28604.613"	"45562.974"	"3d7.(2D2).4s"	"a 1D"	"2"	"3d6.(3H).4s.4p.(3P*)"	"y 3G*"	"3"		""	"L11631"	
"589.6743"	"589.67357"	"1bl"	""		"41178.412"	"58132.249"	"3d8"	"3P"	"1"	"3d6.4s.(4D).5p"	"3D*"	"2"		""	"L11631"	
"589.7752"	"589.77448"	"1"	""		"36940.590"	"53891.526"	"3d7.(2F).4s"	"d 3F"	"2"	"3d6.(3D).4s.4p.(3P*)"	"5D*"	"3"		""	"L11631"	
"589.82149"	"589.82156"	"23"	""		"38175.355"	"55124.938"	"3d7.(4F).4p"	"y 3D*"	"3"	"3d7.(4F).4d"	"f 3F"	"3"		""	"L11631"	
"589.8510"	"589.85000"	"1bl*"	""		"40207.091"	"57155.857"	"3d5.(6S).4s2.4p"	"y 7P*"	"3"	"3d6.4s.(6D).5d"	"7G"	"4"		""	"L11631"	
"589.8510"	"589.85038"	"1bl*"	""		"40842.154"	"57790.909"	"3d6.(5D).4s.4p.(1P*)"	"x 5F*"	"3"	"3d7.(4F).6s"	"3F"	"2"		""	"L11631"	
"589.90631"	"589.90610"	"4"	""		"28604.613"	"45551.767"	"3d7.(2D2).4s"	"a 1D"	"2"	"3d6.(3P2).4s.4p.(3P*)"	"x 3D*"	"1"		""	"L11631"	
"590.15310"	"590.15304"	"14"	""		"34039.516"	"50979.579"	"3d7.(4F).4p"	"y 5F*"	"4"	"3d6.(5D).4s (6D).4d"	"e 5G"	"4"		""	"L11631"	
"590.1742"	"590.17516"	"2"	""		"40421.938"	"57361.366"	"3d5.(6S).4s2.4p"	"y 7P*"	"4"	"3d6.4s.(6D).5d"	"7G"	"3"		""	"L11631"	
"590.24732"	"590.24725"	"40"	""		"37045.934"	"53983.293"	"3d7.(2F).4s"	"d 3F"	"4"	"3d6.(3G).4s.4p.(3P*)"	"t 3G*"	"5"		""	"L11631"	
"590.56716"	"590.56710"	"288"	"1.1e+07"	D	"37521.161"	"54449.347"	"3d7.(4F).4p"	"y 3F*"	"2"	"3d7.(4F).4d"	"f 3D"	"1"		"T2578n"	"L11631"	
"590.6255"	"590.62578"	"1"	""		"34121.603"	"51048.107"	"3d7.(4F).4p"	"y 5D*"	"0"	"3d6.(5D).4s (6D).4d"	"f 7D"	"1"		""	"L11631"	
"590.68427"	"590.68420"	"24"	""		"39625.804"	"56550.634"	"3d6.(5D).4s.4p.(1P*)"	"x 5D*"	"4"	"3d6.4s.(6D).5d"	"5G"	"5"		""	"L11631"	
"590.78630"	"590.78627"	"16"	""		"29798.936"	"46720.842"	"3d6.4s2"	"b 1G2"	"4"	"3d7.(4P).4p"	"u 5D*"	"4"		""	"L11631"	
"590.9844"	"590.98436"	"2"	""		"40594.432"	"57510.666"	"3d6.(5D).4s.4p.(1P*)"	"x 5F*"	"4"	"3d7.(4F).6s"	"5F"	"3"		""	"L11631"	
"590.99732"	"590.99722"	"71"	"4.49e+04"	C+	"25899.989"	"42815.855"	"3d6.(5D).4s.4p.(3P*)"	"z 5D*"	"4"	"3d6.(5D).4s (6D).5s"	"e 7D"	"5"		"T6110"	"L11631"	
"591.41117"	"591.41114"	"550"	""		"37162.746"	"54066.773"	"3d7.(4F).4p"	"y 3F*"	"3"	"3d7.(4F).4d"	"f 3D"	"2"		""	"L11631"	
"591.42009"	"591.42006"	"740"	""		"37162.746"	"54066.518"	"3d7.(4F).4p"	"y 3F*"	"3"	"3d7.(4F).4d"	"e 3G"	"4"		""	"L11631"	
"591.6040"	"591.60306"	"2"	""		"40257.314"	"57155.857"	"3d6.(5D).4s.4p.(1P*)"	"x 5F*"	"5"	"3d6.4s.(6D).5d"	"7G"	"4"		""	"L11631"	
"591.62470"	"591.62470"	"309"	"2.15e+04"	B	"19788.251"	"36686.176"	"3d6.4s2"	"a 3H"	"4"	"3d7.(4F).4p"	"y 3F*"	"4"		"T4187"	"L11631"	
"591.6550"	"591.65541"	"1"	""		"33801.572"	"50698.620"	"3d7.(4F).4p"	"y 5D*"	"2"	"3d6.(5D).4s (6D).4d"	"f 5D"	"2"		""	"L11631"	
"591.8932"	"591.89308"	"4"	""		"34328.752"	"51219.015"	"3d7.(4F).4p"	"y 5F*"	"3"	"3d6.(5D).4s (6D).4d"	"e 5G"	"3"		""	"L11631"	
"592.0503"	"592.04991"	"2"	""		"26105.908"	"42991.697"	"3d7.(2H).4s"	"b 3H"	"6"	"3d6.(3H).4s.4p.(3P*)"	"z 5H*"	"5"		""	"L11631"	
"592.3515"	"592.35157"	"2"	""		"40207.091"	"57084.281"	"3d5.(6S).4s2.4p"	"y 7P*"	"3"	"3d6.4s.(6D).5d"	"7F"	"3"		""	"L11631"	
"592.3749"	"592.37487"	"3"	""		"36975.588"	"53852.114"	"3d7.(2F).4s"	"d 3F"	"3"	"3d7.(4F).5p"	"5G*"	"4"		""	"L11631"	
"592.6823"	"592.68252"	"1"	""		"36940.590"	"53808.356"	"3d7.(2F).4s"	"d 3F"	"2"	"3d7.(2P).4p"	"x 3S*"	"1"		""	"L11631"	
"592.77887"	"592.77884"	"129"	"5.4e+06"	E	"37521.161"	"54386.186"	"3d7.(4F).4p"	"y 3F*"	"2"	"3d7.(4F).4d"	"g 5F"	"1"		"T2578n"	"L11631"	
"592.96768"	"592.96758"	"123"	"1.1e+06"	E	"36686.176"	"53545.833"	"3d7.(4F).4p"	"y 3F*"	"4"	"3d7.(4F).4d"	"h 5D"	"3"		"T2578n"	"L11631"	
"593.01795"	"593.01802"	"1070"	""		"37521.161"	"54379.384"	"3d7.(4F).4p"	"y 3F*"	"2"	"3d7.(4F).4d"	"e 3G"	"3"		""	"L11631"	
"593.1890"	"593.18921"	"3"	""		"32873.632"	"49726.990"	"3d8"	"c 3F"	"4"	"3d7.(2G).4p"	"y 3H*"	"4"		""	"L11631"	
"593.3800"	"593.37972"	"8"	""		"37409.555"	"54257.502"	"3d6.(5D).4s.4p.(1P*)"	"y 5P*"	"1"	"3d7.(4F).4d"	"g 5F"	"2"		""	"L11631"	
""	"593.44217"	""	"3.9e-02"	E	"704.007"	"17550.181"	"3d6.4s2"	"a 5D"	"2"	"3d7.(4P).4s"	"a 5P"	"3"	E2	"T6409"	""	
"593.46546"	"593.46542"	"740"	"2.0e+06"	D	"31686.351"	"48531.865"	"3d6.(5D).4s.4p.(3P*)"	"z 3D*"	"2"	"3d7.(4F).5s"	"e 3F"	"3"		"T2578n"	"L11631"	
"593.5129"	"593.51313"	"2"	""		"36940.590"	"53784.750"	"3d7.(2F).4s"	"d 3F"	"2"	"3d7.(4F).5p"	"5D*"	"3"		""	"L11631"	
"593.6937"	"593.69377"	"1"	""		"40231.336"	"57070.371"	"3d6.(5D).4s.4p.(1P*)"	"x 5D*"	"2"	"3d6.4s.(6D).5d"	"7D"	"3"		""	"L11631"	
""	"593.70008"	""	"5.3e-02"	E	"888.132"	"17726.988"	"3d6.4s2"	"a 5D"	"1"	"3d7.(4P).4s"	"a 5P"	"2"	E2	"T6409"	""	
"593.9240"	"593.92384"	"1"	""		"26627.609"	"43460.121"	"3d7.(2H).4s"	"b 3H"	"4"	"3d6.(3H).4s.4p.(3P*)"	"z 5I*"	"5"		""	"L11631"	
"594.0452"	"594.04556"	"1"	""		"40491.284"	"57320.347"	"3d6.(5D).4s.4p.(1P*)"	"x 5D*"	"0"	"3d6.4s.(6D).5d"	"7G"	"1"		""	"L11631"	
"594.09911"	"594.09908"	"38"	""		"33695.397"	"50522.944"	"3d7.(4F).4p"	"y 5F*"	"5"	"3d6.(5D).4s (6D).4d"	"e 5G"	"6"		""	"L11631"	
"594.31003"	"594.31011"	"17"	""		"33765.306"	"50586.878"	"3d8"	"c 3F"	"2"	"3d7.(2G).4p"	"z 1F*"	"3"		""	"L11631"	
"594.35780"	"594.35777"	"10"	""		"17726.988"	"34547.211"	"3d7.(4P).4s"	"a 5P"	"2"	"3d7.(4F).4p"	"y 5F*"	"2"		""	"L11631"	
"594.3624"	"594.36226"	"4bl"	""		"34328.752"	"51148.848"	"3d7.(4F).4p"	"y 5F*"	"3"	"3d6.(5D).4s (6D).4d"	"e 7F"	"3"		""	"L11631"	
"594.5390"	"594.53900"	"1"	""		"26627.609"	"43442.705"	"3d7.(2H).4s"	"b 3H"	"4"	"3d6.(3H).4s.4p.(3P*)"	"z 5I*"	"4"		""	"L11631"	
"594.75111"	"594.75122"	"14"	""		"37157.566"	"53966.662"	"3d6.(5D).4s.4p.(1P*)"	"y 5P*"	"2"	"3d7.(4F).4d"	"h 5D"	"2"		""	"L11631"	
"594.9279"	"594.92811"	"59bl"	""		"7376.764"	"24180.862"	"3d7.(4F).4s"	"a 5F"	"4"	"3d6.(5D).4s.4p.(3P*)"	"z 7P*"	"3"		""	"L11631"	
"594.93466"	"594.93456"	"81"	""		"37162.746"	"53966.662"	"3d7.(4F).4p"	"y 3F*"	"3"	"3d7.(4F).4d"	"h 5D"	"2"		""	"L11631"	
"595.14532"	"595.14575"	"15"	""		"26105.908"	"42903.861"	"3d7.(2H).4s"	"b 3H"	"6"	"3d6.(3H).4s.4p.(3P*)"	"z 5I*"	"6"		""	"L11631"	
"595.27180"	"595.27177"	"347"	"1.5e+06"	D	"32133.991"	"48928.388"	"3d6.(5D).4s.4p.(3P*)"	"z 3F*"	"2"	"3d7.(4F).5s"	"e 3F"	"2"		"T2578n"	"L11631"	
"595.2885"	"595.28860"	"2"	""		"34039.516"	"50833.438"	"3d7.(4F).4p"	"y 5F*"	"4"	"3d6.(5D).4s (6D).4d"	"e 7F"	"5"		""	"L11631"	
"595.3597"	"595.35968"	"1"	""		"37045.934"	"53837.851"	"3d7.(2F).4s"	"d 3F"	"4"	"3d7.(4F).5p"	"3D*"	"3"		""	"L11631"	
"595.6460"	"595.64616"	"1"	""		"34547.211"	"51331.052"	"3d7.(4F).4p"	"y 5F*"	"2"	"3d6.(5D).4s (6D).4d"	"e 7F"	"2"		""	"L11631"	
"595.66940"	"595.66934"	"407"	"5.15e+02"	B+	"6928.268"	"23711.456"	"3d7.(4F).4s"	"a 5F"	"5"	"3d6.(5D).4s.4p.(3P*)"	"z 7P*"	"4"		"T4920"	"L11631"	
"595.7864"	"595.78638"	"2"	""		"33695.397"	"50475.288"	"3d7.(4F).4p"	"y 5F*"	"5"	"3d6.(5D).4s (6D).4d"	"e 7P"	"4"		""	"L11631"	
"595.8228"	"595.82274"	"16bl*"	""		"36766.966"	"53545.833"	"3d6.(5D).4s.4p.(1P*)"	"y 5P*"	"3"	"3d7.(4F).4d"	"h 5D"	"3"		""	"L11631"	
"595.8228"	"595.82309"	"16bl*"	""		"7728.060"	"24506.917"	"3d7.(4F).4s"	"a 5F"	"3"	"3d6.(5D).4s.4p.(3P*)"	"z 7P*"	"2"		""	"L11631"	
"595.83328"	"595.83325"	"14"	""		"17550.181"	"34328.752"	"3d7.(4P).4s"	"a 5P"	"3"	"3d7.(4F).4p"	"y 5F*"	"3"		""	"L11631"	
"595.99142"	"595.99146"	"7"	""		"33412.717"	"50186.834"	"3d8"	"c 3F"	"3"	"3d7.(2P).4p"	"w 3P*"	"2"		""	"L11631"	
"596.0361"	"596.03620"	"1"	""		"41018.051"	"57790.909"	"3d6.(5D).4s.4p.(1P*)"	"x 5F*"	"2"	"3d7.(4F).6s"	"3F"	"2"		""	"L11631"	
"596.1524"	"596.15239"	"1"	""		"40871.412"	"57641.001"	"3d8"	"3P"	"2"	"3d6.(3D).4s.4p.(3P*)"	"t 3F*"	"3"		""	"L11631"	
"596.1918"	"596.19178"	"2"	""		"34039.516"	"50807.997"	"3d7.(4F).4p"	"y 5F*"	"4"	"3d6.(5D).4s (6D).4d"	"f 7D"	"4"		""	"L11631"	
"596.2219"	"596.22190"	"1"	""		"37157.566"	"53925.200"	"3d6.(5D).4s.4p.(1P*)"	"y 5P*"	"2"	"3d7.(4F).4d"	"f 5P"	"1"		""	"L11631"	
"596.3065"	"596.30543"	"2"	""		"29371.812"	"46137.097"	"3d6.4s2"	"b 3D"	"3"	"3d7.(4P).4p"	"w 5P*"	"3"		""	"L11631"	
"596.32382"	"596.32389"	"3"	""		"17927.382"	"34692.148"	"3d7.(4P).4s"	"a 5P"	"1"	"3d7.(4F).4p"	"y 5F*"	"1"		""	"L11631"	
"596.5471"	"596.54690"	"2"	""		"34121.603"	"50880.102"	"3d7.(4F).4p"	"y 5D*"	"0"	"3d6.(5D).4s (6D).4d"	"f 5D"	"1"		""	"L11631"	
"596.5694"	"596.56904"	"2"	""		"26351.040"	"43108.917"	"3d7.(2H).4s"	"b 3H"	"5"	"3d6.(3H).4s.4p.(3P*)"	"z 5H*"	"4"		""	"L11631"	
"596.59905"	"596.59887"	"5"	""		"39969.853"	"56726.892"	"3d6.(5D).4s.4p.(1P*)"	"x 5D*"	"3"	"3d6.4s.(6D).5d"	"5F"	"3"		""	"L11631"	
"596.6980"	"596.69812"	"2"	""		"32873.632"	"49627.884"	"3d8"	"c 3F"	"4"	"3d7.(2G).4p"	"v 3G*"	"4"		""	"L11631"	
""	"596.88829"	""	"2.4e-02"	E	"978.074"	"17726.988"	"3d6.4s2"	"a 5D"	"0"	"3d7.(4P).4s"	"a 5P"	"2"	E2	"T6409"	""	
"596.95618"	"596.95619"	"7"	""		"34547.211"	"51294.220"	"3d7.(4F).4p"	"y 5F*"	"2"	"3d6.(5D).4s (4D).5s"	"e 3D"	"3"		""	"L11631"	
"597.3470"	"597.34716"	"2"	""		"41018.051"	"57754.099"	"3d6.(5D).4s.4p.(1P*)"	"x 5F*"	"2"	"3d7.(4F).6s"	"5F"	"1"		""	"L11631"	
"597.5346"	"597.53471"	"257bl*"	""		"32873.632"	"49604.427"	"3d8"	"c 3F"	"4"	"3d7.(2G).4p"	"y 3H*"	"5"		""	"L11631"	
"597.5346"	"597.535"	"257bl*"	""		"38995.736"	"55726.52?"	"3d7.(4F).4p"	"y 3D*"	"1"	"3d7.(4F).4d"	"e 3P"	"0"		""	"L11631"	
"597.61600"	"597.61601"	"4"	""		"34636.792"	"51365.311"	"3d6.4s2"	"b 1D2"	"2"	"3d7.(2D2).4p"	"v 3F*"	"3"		""	"L11631"	
"597.64387"	"597.64384"	"7"	""		"33695.397"	"50423.137"	"3d7.(4F).4p"	"y 5F*"	"5"	"3d6.(5D).4s (6D).4d"	"f 5D"	"4"		""	"L11631"	
"597.67767"	"597.67764"	"490"	""		"31805.071"	"48531.865"	"3d6.(5D).4s.4p.(3P*)"	"z 3F*"	"3"	"3d7.(4F).5s"	"e 3F"	"3"		""	"L11631"	
"597.8323"	"597.83254"	"2"	""		"40491.284"	"57213.744"	"3d6.(5D).4s.4p.(1P*)"	"x 5D*"	"0"	"3d6.4s.(6D).5d"	"7F"	"1"		""	"L11631"	
"597.8894"	"597.88914"	"2"	""		"40231.336"	"56952.213"	"3d6.(5D).4s.4p.(1P*)"	"x 5D*"	"2"	"3d6.4s.(6D).5d"	"5F"	"2"		""	"L11631"	
"598.13647"	"598.13647"	"4"	""		"29313.008"	"46026.971"	"3d6.4s2"	"a 1I"	"6"	"3d6.(3H).4s.4p.(3P*)"	"z 3I*"	"6"		""	"L11631"	
"598.1754"	"598.17494"	"9bl"	""		"40594.432"	"57307.320"	"3d6.(5D).4s.4p.(1P*)"	"x 5F*"	"4"	"3d6.4s.(6D).5d"	"7F"	"4"		""	"L11631"	
"598.2312"	"598.23100"	"4"	""		"39625.804"	"56337.126"	"3d6.(5D).4s.4p.(1P*)"	"x 5D*"	"4"	"3d6.4s.(6D).5d"	"5D"	"3"		""	"L11631"	
"598.36806"	"598.36796"	"437"	""		"36686.176"	"53393.673"	"3d7.(4F).4p"	"y 3F*"	"4"	"3d7.(4F).4d"	"g 5F"	"4"		""	"L11631"	
"598.48147"	"598.48148"	"690"	""		"38175.355"	"54879.683"	"3d7.(4F).4p"	"y 3D*"	"3"	"3d7.(4F).4d"	"e 3P"	"2"		""	"L11631"	
"598.5188"	"598.51860"	"4"	""		"39969.853"	"56673.145"	"3d6.(5D).4s.4p.(1P*)"	"x 5D*"	"3"	"3d6.4s.(6D).5d"	"5G"	"4"		""	"L11631"	
"598.69559"	"598.69555"	"10"	""		"26627.609"	"43325.964"	"3d7.(2H).4s"	"b 3H"	"4"	"3d6.(3H).4s.4p.(3P*)"	"z 5H*"	"3"		""	"L11631"	
"598.70645"	"598.70645"	"363"	""		"38678.039"	"55376.090"	"3d7.(4F).4p"	"y 3D*"	"2"	"3d7.(4F).4d"	"e 3P"	"1"		""	"L11631"	
"598.8556"	"598.85558"	"2"	""		"40871.412"	"57565.305"	"3d8"	"3P"	"2"	"3d6.(3P2).4s.4p.(1P*)"	"3D*"	"3"		""	"L11631"	
"599.1261"	"599.12600"	"2"	""		"40842.154"	"57528.512"	"3d6.(5D).4s.4p.(1P*)"	"x 5F*"	"3"	"3d7.(4F).6s"	"5F"	"2"		""	"L11631"	
"599.2641"	"599.26416"	"1"	""		"33695.397"	"50377.908"	"3d7.(4F).4p"	"y 5F*"	"5"	"3d6.(5D).4s (6D).4d"	"f 7D"	"5"		""	"L11631"	
"599.2998"	"599.29987"	"2"	""		"34017.103"	"50698.620"	"3d7.(4F).4p"	"y 5D*"	"1"	"3d6.(5D).4s (6D).4d"	"f 5D"	"2"		""	"L11631"	
"599.4544"	"599.45429"	"1"	""		"28604.613"	"45281.833"	"3d7.(2D2).4s"	"a 1D"	"2"	"3d6.(3P2).4s.4p.(3P*)"	"x 3D*"	"2"		""	"L11631"	
"599.5914"	"599.59130"	"3"	""		"37157.566"	"53830.975"	"3d6.(5D).4s.4p.(1P*)"	"y 5P*"	"2"	"3d7.(4F).4d"	"g 5F"	"3"		""	"L11631"	
"599.76745"	"599.76746"	"4"	""		"40842.154"	"57510.666"	"3d6.(5D).4s.4p.(1P*)"	"x 5F*"	"3"	"3d7.(4F).6s"	"5F"	"3"		""	"L11631"	
"599.77774"	"599.77764"	"129"	""		"37162.746"	"53830.975"	"3d7.(4F).4p"	"y 3F*"	"3"	"3d7.(4F).4d"	"g 5F"	"3"		""	"L11631"	
"599.89381"	"599.89385"	"3"	""		"29313.008"	"45978.008"	"3d6.4s2"	"a 1I"	"6"	"3d6.(3H).4s.4p.(3P*)"	"z 3I*"	"7"		""	"L11631"	
""	"600.00010"	""	"8.5e-03"	E	"888.132"	"17550.181"	"3d6.4s2"	"a 5D"	"1"	"3d7.(4P).4s"	"a 5P"	"3"	E2	"T6409"	""	
"600.0630"	"600.06273"	"1"	""		"41130.599"	"57790.909"	"3d6.(5D).4s.4p.(1P*)"	"x 5F*"	"1"	"3d7.(4F).6s"	"3F"	"2"		""	"L11631"	
"600.30119"	"600.30108"	"980"	""		"31307.245"	"47960.940"	"3d6.(5D).4s.4p.(3P*)"	"z 3F*"	"4"	"3d7.(4F).5s"	"e 3F"	"4"		""	"L11631"	
"600.55409"	"600.55409"	"49"	""		"20874.482"	"37521.161"	"3d6.4s2"	"b 3F2"	"3"	"3d7.(4F).4p"	"y 3F*"	"2"		""	"L11631"	
"600.77146"	"600.77143"	"6"	""		"26351.040"	"42991.697"	"3d7.(2H).4s"	"b 3H"	"5"	"3d6.(3H).4s.4p.(3P*)"	"z 5H*"	"5"		""	"L11631"	
"600.79597"	"600.79594"	"295"	""		"37521.161"	"54161.139"	"3d7.(4F).4p"	"y 3F*"	"2"	"3d7.(4F).4d"	"f 5G"	"3"		""	"L11631"	
"600.85562"	"600.85556"	"1150"	""		"31322.613"	"47960.940"	"3d6.(5D).4s.4p.(3P*)"	"z 3D*"	"3"	"3d7.(4F).5s"	"e 3F"	"4"		""	"L11631"	
"600.9826"	"600.98209"	"3bl*"	""		"36975.588"	"53610.412"	"3d7.(2F).4s"	"d 3F"	"3"	"3d7.(4F).5p"	"5D*"	"4"		""	"L11631"	
"600.9826"	"600.98263"	"3bl*"	""		"26224.969"	"42859.778"	"3d7.(2D2).4s"	"a 3D"	"3"	"3d6.(3P2).4s.4p.(3P*)"	"x 5P*"	"2"		""	"L11631"	
"601.22095"	"601.22095"	"56"	"1.69e+04"	C+	"17927.382"	"34555.597"	"3d7.(4P).4s"	"a 5P"	"1"	"3d6.(5D).4s.4p.(3P*)"	"z 3P*"	"0"		"T5783"	"L11631"	
"601.24373"	"601.24363"	"5"	""		"38678.039"	"55305.627"	"3d7.(4F).4p"	"y 3D*"	"2"	"3d6.4s.(6D).6s"	"5D"	"1"		""	"L11631"	
"601.2758"	"601.27548"	"1"	""		"36766.966"	"53393.673"	"3d6.(5D).4s.4p.(1P*)"	"y 5P*"	"3"	"3d7.(4F).4d"	"g 5F"	"4"		""	"L11631"	
"601.3914"	"601.39148"	"3"	""		"41130.599"	"57754.099"	"3d6.(5D).4s.4p.(1P*)"	"x 5F*"	"1"	"3d7.(4F).6s"	"5F"	"1"		""	"L11631"	
"601.52439"	"601.52432"	"5"	""		"17927.382"	"34547.211"	"3d7.(4P).4s"	"a 5P"	"1"	"3d7.(4F).4p"	"y 5F*"	"2"		""	"L11631"	
"601.6047"	"601.60493"	"1"	""		"40257.314"	"56874.916"	"3d6.(5D).4s.4p.(1P*)"	"x 5F*"	"5"	"3d6.4s.(6D).5d"	"7G"	"6"		""	"L11631"	
"601.82991"	"601.82991"	"13"	""		"37521.161"	"54132.551"	"3d7.(4F).4p"	"y 3F*"	"2"	"3d7.(4F).4d"	"h 5D"	"1"		""	"L11631"	
"601.93655"	"601.93652"	"22"	""		"28819.954"	"45428.402"	"3d7.(2H).4s"	"a 1H"	"5"	"3d6.(3H).4s.4p.(3P*)"	"y 3G*"	"4"		""	"L11631"	
"602.00132"	""	"195"	""		""	""	""	""	""	""	""	""		""	"L11631"	
"602.01688"	"602.01681"	"930"	""		"37162.746"	"53768.979"	"3d7.(4F).4p"	"y 3F*"	"3"	"3d7.(4F).4d"	"f 5G"	"4"		""	"L11631"	
"602.17908"	"602.17887"	"44"	""		"17726.988"	"34328.752"	"3d7.(4P).4s"	"a 5P"	"2"	"3d7.(4F).4p"	"y 5F*"	"3"		""	"L11631"	
"602.40576"	"602.40569"	"2290"	""		"36686.176"	"53281.689"	"3d7.(4F).4p"	"y 3F*"	"4"	"3d7.(4F).4d"	"f 5G"	"5"		""	"L11631"	
"602.70505"	"602.70506"	"600"	"1.36e+06"	C+	"32873.632"	"49460.902"	"3d8"	"c 3F"	"4"	"3d7.(2G).4p"	"v 3G*"	"5"		"T5720"	"L11631"	
"602.7723"	"602.77232"	"2"	""		"40257.314"	"56842.733"	"3d6.(5D).4s.4p.(1P*)"	"x 5F*"	"5"	"3d6.4s.(6D).5d"	"7F"	"5"		""	"L11631"	
"602.7966"	"602.79649"	"2"	""		"37162.746"	"53747.500"	"3d7.(4F).4p"	"y 3F*"	"3"	"3d7.(4F).4d"	"f 3D"	"3"		""	"L11631"	
"602.81063"	"602.8103"	"8"	""		"45608.361"	"62192.735"	"3d6.(3F2).4s.4p.(3P*)"	"x 5G*"	"6"	""	"62192e"	"5"		""	"L11631"	
"603.40351"	"603.40347"	"19"	""		"34782.421"	"51350.492"	"3d7.(4F).4p"	"z 5G*"	"5"	"3d6.(5D).4s (4D).5s"	"g 5D"	"4"		""	"L11631"	
"603.5337"	"603.53367"	"22bl*"	""		"34636.792"	"51201.289"	"3d6.4s2"	"b 1D2"	"2"	"3d7.(2D2).4p"	"v 3F*"	"2"		""	"L11631"	
"603.5337"	"603.53436"	"22bl*"	""		"37045.934"	"53610.412"	"3d7.(2F).4s"	"d 3F"	"4"	"3d7.(4F).5p"	"5D*"	"4"		""	"L11631"	
"603.6457"	"603.64562"	"8bl"	""		"40594.432"	"57155.857"	"3d6.(5D).4s.4p.(1P*)"	"x 5F*"	"4"	"3d6.4s.(6D).5d"	"7G"	"4"		""	"L11631"	
"604.20948"	""	"251"	""		""	""	""	""	""	""	""	""		""	"L11631"	
"604.2225"	"604.22254"	"2"	""		"37521.161"	"54066.773"	"3d7.(4F).4p"	"y 3F*"	"2"	"3d7.(4F).4d"	"f 3D"	"2"		""	"L11631"	
"605.40738"	"605.40731"	"15"	""		"35257.324"	"51770.557"	"3d7.(4F).4p"	"z 5G*"	"4"	"3d6.(5D).4s (4D).5s"	"g 5D"	"3"		""	"L11631"	
"605.5091"	"605.50895"	"2bl"	""		"41018.051"	"57528.512"	"3d6.(5D).4s.4p.(1P*)"	"x 5F*"	"2"	"3d7.(4F).6s"	"5F"	"2"		""	"L11631"	
"605.5401"	"605.54016"	"4"	""		"39969.853"	"56479.463"	"3d6.(5D).4s.4p.(1P*)"	"x 5D*"	"3"	"3d6.4s.(6D).5d"	"5D"	"2"		""	"L11631"	
"605.60043"	"605.60043"	"550"	""		"38175.355"	"54683.322"	"3d7.(4F).4p"	"y 3D*"	"3"	"3d7.(4F).4d"	"f 3F"	"4"		""	"L11631"	
"605.72581"	"605.72530"	"13"	""		"40257.314"	"56761.878"	"3d6.(5D).4s.4p.(1P*)"	"x 5F*"	"5"	"3d6.4s.(6D).5d"	"5F"	"5"		""	"L11631"	
"606.06239"	"606.06218"	"3"	""		"12560.934"	"29056.324"	"3d7.(4F).4s"	"a 3F"	"3"	"3d6.(5D).4s.4p.(3P*)"	"z 5P*"	"3"		""	"L11631"	
"606.0808"	"606.08088"	"2"	""		"34039.516"	"50534.397"	"3d7.(4F).4p"	"y 5F*"	"4"	"3d6.(5D).4s (6D).4d"	"f 5D"	"3"		""	"L11631"	
"606.28480"	"606.28473"	"34"	""		"17550.181"	"34039.516"	"3d7.(4P).4s"	"a 5P"	"3"	"3d7.(4F).4p"	"y 5F*"	"4"		""	"L11631"	
"606.2944"	"606.29436"	"2"	""		"40231.336"	"56720.409"	"3d6.(5D).4s.4p.(1P*)"	"x 5D*"	"2"	"3d6.4s.(6D).5d"	"5S"	"2"		""	"L11631"	
"606.5482"	"606.54814"	"4790bl*"	"1.07e+06"	B	"21038.987"	"37521.161"	"3d6.4s2"	"b 3F2"	"2"	"3d7.(4F).4p"	"y 3F*"	"2"		"T4293"	"L11631"	
"606.5482"	"606.54848"	"4790bl*"	""		"39969.853"	"56452.018"	"3d6.(5D).4s.4p.(1P*)"	"x 5D*"	"3"	"3d6.4s.(6D).5d"	"7D"	"4"		""	"L11631"	
"606.5800"	"606.58002"	"6"	""		"26627.609"	"43108.917"	"3d7.(2H).4s"	"b 3H"	"4"	"3d6.(3H).4s.4p.(3P*)"	"z 5H*"	"4"		""	"L11631"	
"607.1420"	"607.14195"	"5bl"	""		"40207.091"	"56673.145"	"3d5.(6S).4s2.4p"	"y 7P*"	"3"	"3d6.4s.(6D).5d"	"5G"	"4"		""	"L11631"	
"607.84907"	"607.84907"	"560"	""		"38678.039"	"55124.938"	"3d7.(4F).4p"	"y 3D*"	"2"	"3d7.(4F).4d"	"f 3F"	"3"		""	"L11631"	
"607.90089"	"607.90074"	"148"	"2.9e+06"	E	"37521.161"	"53966.662"	"3d7.(4F).4p"	"y 3F*"	"2"	"3d7.(4F).4d"	"h 5D"	"2"		"T2578n"	"L11631"	
"608.1710"	"608.17082"	"4"	""		"35611.625"	"52049.823"	"3d7.(4F).4p"	"z 5G*"	"3"	"3d6.(5D).4s (4D).5s"	"g 5D"	"2"		""	"L11631"	
"608.1828"	"608.18284"	"2"	""		"33412.717"	"49850.590"	"3d8"	"c 3F"	"3"	"3d7.(2G).4p"	"v 3G*"	"3"		""	"L11631"	
"608.27102"	"608.27099"	"166"	"1.61e+04"	B	"17927.382"	"34362.873"	"3d7.(4P).4s"	"a 5P"	"1"	"3d6.(5D).4s.4p.(3P*)"	"z 3P*"	"1"		"T4187"	"L11631"	
"608.3663"	"608.36601"	"4"	""		"31322.613"	"47755.537"	"3d6.(5D).4s.4p.(3P*)"	"z 3D*"	"3"	"3d7.(4F).5s"	"e 5F"	"3"		""	"L11631"	
"608.52587"	"608.52576"	"79"	"6.99e+04"	D+	"22249.429"	"38678.039"	"3d7.(2G).4s"	"a 3G"	"3"	"3d7.(4F).4p"	"y 3D*"	"2"		"T5720"	"L11631"	
"608.7878"	"608.78819"	"2bl"	""		"33765.306"	"50186.834"	"3d8"	"c 3F"	"2"	"3d7.(2P).4p"	"w 3P*"	"2"		""	"L11631"	
"609.1720"	"609.17188"	"6"	""		"37157.566"	"53568.751"	"3d6.(5D).4s.4p.(1P*)"	"y 5P*"	"2"	"3d7.(4F).4d"	"f 5P"	"2"		""	"L11631"	
"609.36440"	"609.36422"	"68"	"1.2e+06"	E	"37162.746"	"53568.751"	"3d7.(4F).4p"	"y 3F*"	"3"	"3d7.(4F).4d"	"f 5P"	"2"		"T2578n"	"L11631"	
"609.43732"	"609.43725"	"33"	"7.3e+05"	E	"37521.161"	"53925.200"	"3d7.(4F).4p"	"y 3F*"	"2"	"3d7.(4F).4d"	"f 5P"	"1"		"T2578n"	"L11631"	
"609.66649"	"609.66638"	"141"	"3.4e+05"	E	"32133.991"	"48531.865"	"3d6.(5D).4s.4p.(3P*)"	"z 3F*"	"2"	"3d7.(4F).5s"	"e 3F"	"3"		"T2578n"	"L11631"	
"609.7081"	"609.70810"	"14"	""		"17550.181"	"33946.933"	"3d7.(4P).4s"	"a 5P"	"3"	"3d6.(5D).4s.4p.(3P*)"	"z 3P*"	"2"		""	"L11631"	
"609.82443"	"609.82433"	"36"	""		"36766.966"	"53160.593"	"3d6.(5D).4s.4p.(1P*)"	"y 5P*"	"3"	"3d7.(4F).4d"	"f 5P"	"3"		""	"L11631"	
"610.02713"	"610.02705"	"22"	""		"36766.966"	"53155.145"	"3d6.(5D).4s.4p.(1P*)"	"y 5P*"	"3"	"3d7.(4F).4d"	"h 5D"	"4"		""	"L11631"	
"610.2177"	"610.21666"	"590bl*"	""		"37162.746"	"53545.833"	"3d7.(4F).4p"	"y 3F*"	"3"	"3d7.(4F).4d"	"h 5D"	"3"		""	"L11631"	
"610.2177"	"610.21710"	"590bl*"	""		"38995.736"	"55378.811"	"3d7.(4F).4p"	"y 3D*"	"1"	"3d7.(4F).4d"	"f 3F"	"2"		""	"L11631"	
"610.31847"	"610.31847"	"257"	""		"38995.736"	"55376.090"	"3d7.(4F).4p"	"y 3D*"	"1"	"3d7.(4F).4d"	"e 3P"	"1"		""	"L11631"	
"610.32935"	"610.32931"	"71"	"1.52e+06"	C	"38175.355"	"54555.418"	"3d7.(4F).4p"	"y 3D*"	"3"	"3d7.(4F).4d"	"e 3H"	"4"		"T5720"	"L11631"	
"610.51310"	"610.51273"	"25"	""		"36686.176"	"53061.318"	"3d7.(4F).4p"	"y 3F*"	"4"	"3d7.(4F).4d"	"g 5F"	"5"		""	"L11631"	
"610.7329"	"610.73233"	"26"	""		"32873.632"	"49242.886"	"3d8"	"c 3F"	"4"	"3d7.(2G).4p"	"w 3F*"	"3"		""	"L11631"	
"612.02490"	"612.02457"	"34"	"2.12e+01"	B+	"7376.764"	"23711.456"	"3d7.(4F).4s"	"a 5F"	"4"	"3d6.(5D).4s.4p.(3P*)"	"z 7P*"	"4"		"T4920"	"L11631"	
"612.79062"	"612.79059"	"257"	"7.87e+05"	D+	"33412.717"	"49726.990"	"3d8"	"c 3F"	"3"	"3d7.(2G).4p"	"y 3H*"	"4"		"T5720"	"L11631"	
"613.5790"	"613.57864"	"25"	""		"40257.314"	"56550.634"	"3d6.(5D).4s.4p.(1P*)"	"x 5F*"	"5"	"3d6.4s.(6D).5d"	"5G"	"5"		""	"L11631"	
"613.66149"	"613.66146"	"112"	"1.01e+06"	B	"19788.251"	"36079.372"	"3d6.4s2"	"a 3H"	"4"	"3d7.(4F).4p"	"z 3G*"	"3"		"T4187"	"L11631"	
"613.69943"	"613.69936"	"245"	"6.62e+04"	B	"17726.988"	"34017.103"	"3d7.(4P).4s"	"a 5P"	"2"	"3d7.(4F).4p"	"y 5D*"	"1"		"T4187"	"L11631"	
"613.7286"	"613.72814"	"5"	""		"36940.590"	"53229.941"	"3d7.(2F).4s"	"d 3F"	"2"	"3d7.(2D2).4p"	"v 3P*"	"1"		""	"L11631"	
"613.7498"	"613.74980"	"4"	""		"26874.550"	"43163.326"	"3d6.(5D).4s.4p.(3P*)"	"z 5F*"	"5"	"3d6.(5D).4s (6D).5s"	"e 7D"	"4"		""	"L11631"	
"613.76913"	"613.76910"	"6800"	"1.00e+06"	B	"20874.482"	"37162.746"	"3d6.4s2"	"b 3F2"	"3"	"3d7.(4F).4p"	"y 3F*"	"3"		"T4293"	"L11631"	
"613.9867"	"613.98603"	"4"	""		"34328.752"	"50611.261"	"3d7.(4F).4p"	"y 5F*"	"3"	"3d6.(5D).4s (6D).4d"	"e 7P"	"3"		""	"L11631"	
"614.17316"	"614.17305"	"510"	"1.23e+06"	B	"29056.324"	"45333.875"	"3d6.(5D).4s.4p.(3P*)"	"z 5P*"	"3"	"3d6.(5D).4s (6D).5s"	"e 5D"	"2"		"T5783"	"L11631"	
"614.78343"	"614.78340"	"209"	"5.37e+05"	C+	"32873.632"	"49135.023"	"3d8"	"c 3F"	"4"	"3d6.(3F2).4s.4p.(3P*)"	"v 3D*"	"3"		"T5720"	"L11631"	
"615.16177"	"615.16170"	"132"	"1.77e+04"	B	"17550.181"	"33801.572"	"3d7.(4P).4s"	"a 5P"	"3"	"3d7.(4F).4p"	"y 5D*"	"2"		"T4187"	"L11631"	
"615.77280"	"615.77276"	"550"	"1.2e+06"	D	"32873.632"	"49108.896"	"3d8"	"c 3F"	"4"	"3d7.(2G).4p"	"w 3F*"	"4"		"T2578n"	"L11631"	
"615.9377"	"615.93730"	"35"	""		"37162.746"	"53393.673"	"3d7.(4F).4p"	"y 3F*"	"3"	"3d7.(4F).4d"	"g 5F"	"4"		""	"L11631"	
"616.35441"	"616.35434"	"105"	"8.44e+03"	C+	"17726.988"	"33946.933"	"3d7.(4P).4s"	"a 5P"	"2"	"3d6.(5D).4s.4p.(3P*)"	"z 3P*"	"2"		"T5783"	"L11631"	
"616.53599"	"616.53595"	"204"	"6.54e+05"	C+	"33412.717"	"49627.884"	"3d8"	"c 3F"	"3"	"3d7.(2G).4p"	"v 3G*"	"4"		"T5720"	"L11631"	
"616.9597"	"616.95974"	"27"	""		"38175.355"	"54379.384"	"3d7.(4F).4p"	"y 3D*"	"3"	"3d7.(4F).4d"	"e 3G"	"3"		""	"L11631"	
"617.05067"	"617.05056"	"407"	""		"38678.039"	"54879.683"	"3d7.(4F).4p"	"y 3D*"	"2"	"3d7.(4F).4d"	"e 3P"	"2"		""	"L11631"	
"617.33352"	"617.33340"	"240"	"2.31e+05"	B	"17927.382"	"34121.603"	"3d7.(4P).4s"	"a 5P"	"1"	"3d7.(4F).4p"	"y 5D*"	"0"		"T4187"	"L11631"	
"618.02038"	"618.02019"	"195"	"5.59e+04"	D+	"21999.130"	"38175.355"	"3d7.(2G).4s"	"a 3G"	"4"	"3d7.(4F).4p"	"y 3D*"	"3"		"T5720"	"L11631"	
"618.5697"	"618.56970"	"34"	""		"45562.974"	"61724.829"	"3d6.(3H).4s.4p.(3P*)"	"y 3G*"	"3"	""	"61724e"	"4"		""	"L11631"	
"618.79900"	"618.79889"	"191"	"4.1e+05"	E	"31805.071"	"47960.940"	"3d6.(5D).4s.4p.(3P*)"	"z 3F*"	"3"	"3d7.(4F).5s"	"e 3F"	"4"		"T2578n"	"L11631"	
"619.1558"	"619.15572"	"6000bl*"	"7.41e+05"	C+	"19621.006"	"35767.564"	"3d6.4s2"	"a 3H"	"5"	"3d7.(4F).4p"	"z 3G*"	"4"		"T5720"	"L11631"	
"619.1558"	"619.15657"	"6000bl*"	""		"34328.752"	"50475.288"	"3d7.(4F).4p"	"y 5F*"	"3"	"3d6.(5D).4s (6D).4d"	"e 7P"	"4"		""	"L11631"	
"620.03125"	"620.03122"	"550"	"9.06e+04"	C+	"21038.987"	"37162.746"	"3d6.4s2"	"b 3F2"	"2"	"3d7.(4F).4p"	"y 3F*"	"3"		"T4293"	"L11631"	
"621.34299"	"621.34291"	"457"	"1.90e+05"	D+	"17927.382"	"34017.103"	"3d7.(4P).4s"	"a 5P"	"1"	"3d7.(4F).4p"	"y 5D*"	"1"		"T5720"	"L11631"	
"621.51434"	"621.51431"	"219"	"1.18e+06"	C+	"33765.306"	"49850.590"	"3d8"	"c 3F"	"2"	"3d7.(2G).4p"	"v 3G*"	"3"		"T5720"	"L11631"	
"621.92806"	"621.92802"	"780"	"1.27e+05"	B	"17726.988"	"33801.572"	"3d7.(4P).4s"	"a 5P"	"2"	"3d7.(4F).4p"	"y 5D*"	"2"		"T4187"	"L11631"	
"622.0783"	"622.07794"	"62"	""		"31307.245"	"47377.955"	"3d6.(5D).4s.4p.(3P*)"	"z 3F*"	"4"	"3d7.(4F).5s"	"e 5F"	"4"		""	"L11631"	
"622.6250"	"622.62500"	"71"	""		"29371.812"	"45428.402"	"3d6.4s2"	"b 3D"	"3"	"3d6.(3H).4s.4p.(3P*)"	"y 3G*"	"4"		""	"L11631"	
"622.6736"	"622.67339"	"65"	""		"31322.613"	"47377.955"	"3d6.(5D).4s.4p.(3P*)"	"z 3D*"	"3"	"3d7.(4F).5s"	"e 5F"	"4"		""	"L11631"	
"622.9228"	"622.92256"	"89"	"8.97e+04"	D+	"22946.816"	"38995.736"	"3d7.(4P).4s"	"b 3P"	"1"	"3d7.(4F).4p"	"y 3D*"	"1"		"T5783"	"L11631"	
"623.07226"	"623.07219"	"6600"	"9.99e+05"	B	"20641.110"	"36686.176"	"3d6.4s2"	"b 3F2"	"4"	"3d7.(4F).4p"	"y 3F*"	"4"		"T4293"	"L11631"	
""	"623.12605"	""	"1.7e-01"	E	"12560.934"	"28604.613"	"3d7.(4F).4s"	"a 3F"	"3"	"3d7.(2D2).4s"	"a 1D"	"2"	M1	"T6409"	""	
"623.26408"	"623.26400"	"790"	"3.42e+06"	B	"29469.024"	"45509.152"	"3d6.(5D).4s.4p.(3P*)"	"z 5P*"	"2"	"3d6.(5D).4s (6D).5s"	"e 5D"	"1"		"T6110"	"L11631"	
"624.0310"	"624.03097"	"41"	""		"33412.717"	"49433.131"	"3d8"	"c 3F"	"3"	"3d7.(2G).4p"	"w 3F*"	"2"		""	"L11631"	
"624.06458"	"624.06459"	"288"	"2.30e+04"	D+	"17927.382"	"33946.933"	"3d7.(4P).4s"	"a 5P"	"1"	"3d6.(5D).4s.4p.(3P*)"	"z 3P*"	"2"		"T5720"	"L11631"	
"624.63184"	"624.63177"	"4900"	"3.24e+06"	B	"29056.324"	"45061.329"	"3d6.(5D).4s.4p.(3P*)"	"z 5P*"	"3"	"3d6.(5D).4s (6D).5s"	"e 5D"	"3"		"T5720"	"L11631"	
"625.25550"	"625.25546"	"9500"	"3.19e+05"	B	"19390.168"	"35379.208"	"3d6.4s2"	"a 3H"	"6"	"3d7.(4F).4p"	"z 3G*"	"5"		"T4187"	"L11631"	
"625.3831"	"625.38282"	"50"	""		"38175.355"	"54161.139"	"3d7.(4F).4p"	"y 3D*"	"3"	"3d7.(4F).4d"	"f 5G"	"3"		""	"L11631"	
"625.42581"	"625.42574"	"5100"	"2.13e+05"	C+	"18378.186"	"34362.873"	"3d6.4s2"	"a 3P2"	"2"	"3d6.(5D).4s.4p.(3P*)"	"z 3P*"	"1"		"T5720"	"L11631"	
"625.63611"	"625.63608"	"1380"	"7.40e+04"	C	"19788.251"	"35767.564"	"3d6.4s2"	"a 3H"	"4"	"3d7.(4F).4p"	"z 3G*"	"4"		"T5720"	"L11631"	
"626.51335"	"626.51320"	"2690"	"6.84e+04"	B	"17550.181"	"33507.123"	"3d7.(4P).4s"	"a 5P"	"3"	"3d7.(4F).4p"	"y 5D*"	"3"		"T4187"	"L11631"	
"627.02246"	"627.02231"	"760"	"1.39e+05"	D	"23051.750"	"38995.736"	"3d7.(4P).4s"	"b 3P"	"0"	"3d7.(4F).4p"	"y 3D*"	"1"		"T5720"	"L11631"	
"627.1278"	"627.12776"	"200"	"3.05e+04"	C+	"26874.550"	"42815.855"	"3d6.(5D).4s.4p.(3P*)"	"z 5F*"	"5"	"3d6.(5D).4s (6D).5s"	"e 7D"	"5"		"T6110"	"L11631"	
"628.06178"	"628.06167"	"3800"	"6.26e+02"	B+	"6928.268"	"22845.869"	"3d7.(4F).4s"	"a 5F"	"5"	"3d6.(5D).4s.4p.(3P*)"	"z 7F*"	"5"		"T4920"	"L11631"	
"628.0774"	"628.07694"	"50"	""		"36940.590"	"52857.804"	"3d7.(2F).4s"	"d 3F"	"2"	"3d7.(2D2).4p"	"t 3D*"	"1"		""	"L11631"	
"629.09652"	"629.09648"	"1780"	""		"38175.355"	"54066.773"	"3d7.(4F).4p"	"y 3D*"	"3"	"3d7.(4F).4d"	"f 3D"	"2"		""	"L11631"	
"629.1070"	"629.10658"	"100"	""		"38175.355"	"54066.518"	"3d7.(4F).4p"	"y 3D*"	"3"	"3d7.(4F).4d"	"e 3G"	"4"		""	"L11631"	
"629.3925"	"629.39238"	"200"	""		"38995.736"	"54879.683"	"3d7.(4F).4p"	"y 3D*"	"1"	"3d7.(4F).4d"	"e 3P"	"2"		""	"L11631"	
"629.77927"	"629.77923"	"4680"	"6.12e+04"	B	"17927.382"	"33801.572"	"3d7.(4P).4s"	"a 5P"	"1"	"3d7.(4F).4p"	"y 5D*"	"2"		"T4187"	"L11631"	
"630.15008"	"630.14996"	"33100"	"6.43e+06"	B	"29469.024"	"45333.875"	"3d6.(5D).4s.4p.(3P*)"	"z 5P*"	"2"	"3d6.(5D).4s (6D).5s"	"e 5D"	"2"		"T5783"	"L11631"	
"630.24932"	"630.24932"	"10700"	""		"29732.736"	"45595.086"	"3d6.(5D).4s.4p.(3P*)"	"z 5P*"	"1"	"3d6.(5D).4s (6D).5s"	"e 5D"	"0"		""	"L11631"	
"630.7854"	"630.78541"	"182"	""		"29371.812"	"45220.681"	"3d6.4s2"	"b 3D"	"3"	"3d6.(3P2).4s.4p.(3P*)"	"x 3D*"	"3"		""	"L11631"	
"631.14999"	"631.14991"	"1000"	"2.42e+04"	C+	"22838.323"	"38678.039"	"3d7.(4P).4s"	"b 3P"	"2"	"3d7.(4F).4p"	"y 3D*"	"2"		"T6110"	"L11631"	
"631.2770"	"631.27653"	"71"	""		"35767.564"	"51604.103"	"3d7.(4F).4p"	"z 3G*"	"4"	"3d6.(5D).4s (6D).4d"	"f 5F"	"3"		""	"L11631"	
"631.53063"	"631.53056"	"7400"	"1.40e+06"	C	"33412.717"	"49242.886"	"3d8"	"c 3F"	"3"	"3d7.(2G).4p"	"w 3F*"	"3"		"T5720"	"L11631"	
"631.54121"	"631.54113"	"1510"	""		"33412.717"	"49242.621"	"3d8"	"c 3F"	"3"	"3d6.(3F2).4s.4p.(3P*)"	"v 3D*"	"2"		""	"L11631"	
"631.58110"	"631.58107"	"5000"	"4.0e+05"	D	"32873.632"	"48702.535"	"3d8"	"c 3F"	"4"	"3d6.(3H).4s.4p.(3P*)"	"y 1G*"	"4"		"T2578n"	"L11631"	
"631.80171"	"631.80176"	"37200"	"3.75e+05"	D+	"19788.251"	"35611.625"	"3d6.4s2"	"a 3H"	"4"	"3d7.(4F).4p"	"z 5G*"	"3"		"T4653"	"L11631"	
"632.26851"	"632.26847"	"15500"	"6.95e+04"	C+	"20874.482"	"36686.176"	"3d6.4s2"	"b 3F2"	"3"	"3d7.(4F).4p"	"y 3F*"	"4"		"T4293"	"L11631"	
"633.08491"	"633.08475"	"2000"	"6.4e+05"	E	"38175.355"	"53966.662"	"3d7.(4F).4p"	"y 3D*"	"3"	"3d7.(4F).4d"	"h 5D"	"2"		"T2578n"	"L11631"	
"633.53304"	"633.53296"	"51000"	"1.58e+05"	C+	"17726.988"	"33507.123"	"3d7.(4P).4s"	"a 5P"	"2"	"3d7.(4F).4p"	"y 5D*"	"3"		"T5720"	"L11631"	
"633.68239"	"633.68231"	"65000"	"7.71e+06"	B	"29732.736"	"45509.152"	"3d6.(5D).4s.4p.(3P*)"	"z 5P*"	"1"	"3d6.(5D).4s (6D).5s"	"e 5D"	"1"		"T6110"	"L11631"	
"633.88771"	"633.88755"	"3800"	"5.1e+06"	D	"38678.039"	"54449.347"	"3d7.(4F).4p"	"y 3D*"	"2"	"3d7.(4F).4d"	"f 3D"	"1"		"T2578n"	"L11631"	
"634.41487"	"634.41475"	"9500"	"1.80e+04"	B	"19621.006"	"35379.208"	"3d6.4s2"	"a 3H"	"5"	"3d7.(4F).4p"	"z 3G*"	"5"		"T4187"	"L11631"	
"635.0544"	"635.05440"	"129"	""		"36940.590"	"52682.920"	"3d7.(2F).4s"	"d 3F"	"2"	"3d7.(2D2).4p"	"t 3D*"	"2"		""	"L11631"	
"635.1272"	"635.12730"	"151"	""		"34782.421"	"50522.944"	"3d7.(4F).4p"	"z 5G*"	"5"	"3d6.(5D).4s (6D).4d"	"e 5G"	"6"		""	"L11631"	
"635.3836"	"635.38355"	"282"	"7.87e+00"	B+	"7376.764"	"23110.939"	"3d7.(4F).4s"	"a 5F"	"4"	"3d6.(5D).4s.4p.(3P*)"	"z 7F*"	"3"		"T4920"	"L11631"	
"635.50286"	"635.50278"	"17000"	"1.69e+05"	C	"22946.816"	"38678.039"	"3d7.(4P).4s"	"b 3P"	"1"	"3d7.(4F).4p"	"y 3D*"	"2"		"T5720"	"L11631"	
"635.86333"	"635.86321"	"7800"	"5.19e+05"	C+	"33412.717"	"49135.023"	"3d8"	"c 3F"	"3"	"3d6.(3F2).4s.4p.(3P*)"	"v 3D*"	"3"		"T5720"	"L11631"	
"635.86972"	"635.86960"	"28200"	"4.32e+02"	A	"6928.268"	"22650.416"	"3d7.(4F).4s"	"a 5F"	"5"	"3d6.(5D).4s.4p.(3P*)"	"z 7F*"	"6"		"T3548"	"L11631"	
"636.28759"	"636.28755"	"6600"	"2.8e+05"	E	"33765.306"	"49477.127"	"3d8"	"c 3F"	"2"	"3d6.(3F2).4s.4p.(3P*)"	"1F*"	"3"		"T2578n"	"L11631"	
"636.43653"	"636.43637"	"2400"	"2.1e+06"	E	"38678.039"	"54386.186"	"3d7.(4F).4p"	"y 3D*"	"2"	"3d7.(4F).4d"	"g 5F"	"1"		"T2578n"	"L11631"	
"636.46947"	"636.46939"	"1230"	""		"36975.588"	"52682.920"	"3d7.(2F).4s"	"d 3F"	"3"	"3d7.(2D2).4p"	"t 3D*"	"2"		""	"L11631"	
"636.7120"	"636.71208"	"182"	""		"38678.039"	"54379.384"	"3d7.(4F).4p"	"y 3D*"	"2"	"3d7.(4F).4d"	"e 3G"	"3"		""	"L11631"	
"636.8379"	"636.83717"	"71"	""		"31307.245"	"47005.506"	"3d6.(5D).4s.4p.(3P*)"	"z 3F*"	"4"	"3d7.(4F).5s"	"e 5F"	"5"		""	"L11631"	
"636.8634"	"636.86244"	"50"	""		"38678.039"	"54375.677"	"3d7.(4F).4p"	"y 3D*"	"2"	"3d7.(4F).4d"	"f 5G"	"2"		""	"L11631"	
"637.6199"	"637.62003"	"151"	""		"34843.957"	"50522.944"	"3d7.(4F).4p"	"z 5G*"	"6"	"3d6.(5D).4s (6D).4d"	"e 5G"	"6"		""	"L11631"	
"638.07428"	"638.07429"	"15800"	"1.38e+06"	C	"33765.306"	"49433.131"	"3d8"	"c 3F"	"2"	"3d7.(2G).4p"	"w 3F*"	"2"		"T5720"	"L11631"	
"638.57181"	"638.57173"	"790"	""		"38175.355"	"53830.975"	"3d7.(4F).4p"	"y 3D*"	"3"	"3d7.(4F).4d"	"g 5F"	"3"		""	"L11631"	
"639.25383"	"639.25375"	"1020"	""		"18378.186"	"34017.103"	"3d6.4s2"	"a 3P2"	"2"	"3d7.(4F).4p"	"y 5D*"	"1"		""	"L11631"	
"639.36009"	"639.36001"	"302000"	"4.81e+05"	C	"19621.006"	"35257.324"	"3d6.4s2"	"a 3H"	"5"	"3d7.(4F).4p"	"z 5G*"	"4"		"T5720"	"L11631"	
""	"639.37060"	""	"9.3e-02"	E	"12968.554"	"28604.613"	"3d7.(4F).4s"	"a 3F"	"2"	"3d7.(2D2).4s"	"a 1D"	"2"	M1	"T6409"	""	
"639.7968"	"639.79685"	"129"	""		"36079.372"	"51705.014"	"3d7.(4F).4p"	"z 3G*"	"3"	"3d6.(5D).4s (6D).4d"	"f 5F"	"2"		""	"L11631"	
"639.9649"	"639.96460"	"151"	""		"32133.991"	"47755.537"	"3d6.(5D).4s.4p.(3P*)"	"z 3F*"	"2"	"3d7.(4F).5s"	"e 5F"	"3"		""	"L11631"	
"640.00008"	"640.00000"	"490000"	"9.27e+06"	B	"29056.324"	"44677.006"	"3d6.(5D).4s.4p.(3P*)"	"z 5P*"	"3"	"3d6.(5D).4s (6D).5s"	"e 5D"	"4"		"T5783"	"L11631"	
"640.03175"	"640.03163"	"28200"	"8.69e+02"	C+	"7376.764"	"22996.674"	"3d7.(4F).4s"	"a 5F"	"4"	"3d6.(5D).4s.4p.(3P*)"	"z 7F*"	"4"		"T5720"	"L11631"	
"640.80179"	"640.80171"	"74000"	"3.12e+06"	B	"29732.736"	"45333.875"	"3d6.(5D).4s.4p.(3P*)"	"z 5P*"	"1"	"3d6.(5D).4s (6D).5s"	"e 5D"	"2"		"T5783"	"L11631"	
"640.8335"	"640.83326"	"219"	""		"35379.208"	"50979.579"	"3d7.(4F).4p"	"z 3G*"	"5"	"3d6.(5D).4s (6D).4d"	"e 5G"	"4"		""	"L11631"	
"641.1107"	"641.11054"	"417"	""		"38175.355"	"53768.979"	"3d7.(4F).4p"	"y 3D*"	"3"	"3d7.(4F).4d"	"f 5G"	"4"		""	"L11631"	
"641.16489"	"641.16477"	"219000"	"4.43e+06"	B	"29469.024"	"45061.329"	"3d6.(5D).4s.4p.(3P*)"	"z 5P*"	"2"	"3d6.(5D).4s (6D).5s"	"e 5D"	"3"		"T5720"	"L11631"	
"641.2202"	"641.22021"	"71"	""		"19788.251"	"35379.208"	"3d6.4s2"	"a 3H"	"4"	"3d7.(4F).4p"	"z 3G*"	"5"		""	"L11631"	
"641.6930"	"641.69328"	"1020bl"	""		"38678.039"	"54257.502"	"3d7.(4F).4p"	"y 3D*"	"2"	"3d7.(4F).4d"	"g 5F"	"2"		""	"L11631"	
"641.96450"	"641.96437"	"1230"	""		"31805.071"	"47377.955"	"3d6.(5D).4s.4p.(3P*)"	"z 3F*"	"3"	"3d7.(4F).5s"	"e 5F"	"4"		""	"L11631"	
"641.99492"	"641.99484"	"36300"	"1.2e+07"	D	"38175.355"	"53747.500"	"3d7.(4F).4p"	"y 3D*"	"3"	"3d7.(4F).4d"	"f 3D"	"3"		"T2578n"	"L11631"	
"642.0065"	"642.00630"	"182"	""		"36940.590"	"52512.457"	"3d7.(2F).4s"	"d 3F"	"2"	"3d7.(2P).4p"	"u 3D*"	"1"		""	"L11631"	
"642.13504"	"642.13496"	"257000"	"3.04e+05"	B	"18378.186"	"33946.933"	"3d6.4s2"	"a 3P2"	"2"	"3d6.(5D).4s.4p.(3P*)"	"z 3P*"	"2"		"T4187"	"L11631"	
"643.08460"	"643.08447"	"209000"	"1.77e+05"	B	"17550.181"	"33095.941"	"3d7.(4P).4s"	"a 5P"	"3"	"3d7.(4F).4p"	"y 5D*"	"4"		"T4187"	"L11631"	
"643.4876"	"643.48764"	"50"	""		"27543.003"	"43079.023"	"3d7.(2P).4s"	"a 1P"	"1"	"3d6.(3P2).4s.4p.(3P*)"	"x 5P*"	"1"		""	"L11631"	
"643.64068"	"643.64056"	"2040"	""		"33765.306"	"49297.635"	"3d8"	"c 3F"	"2"	"3d6.(3F2).4s.4p.(3P*)"	"v 3D*"	"1"		""	"L11631"	
"643.8459"	"643.84616"	"71"	""		"43434.627"	"58961.996"	"3d6.(5D).4s (6D).5s"	"e 7D"	"3"	"3d6.4s.(4D).5p"	"3F*"	"2"		""	"L11631"	
"643.87577"	"643.87573"	"680"	""		"35767.564"	"51294.220"	"3d7.(4F).4p"	"z 3G*"	"4"	"3d6.(5D).4s (4D).5s"	"e 3D"	"3"		""	"L11631"	
"643.9562"	"643.95557"	"50"	""		"36079.372"	"51604.103"	"3d7.(4F).4p"	"z 3G*"	"3"	"3d6.(5D).4s (6D).4d"	"f 5F"	"3"		""	"L11631"	
"644.6100"	"644.60995"	"219"	""		"32873.632"	"48382.603"	"3d8"	"c 3F"	"4"	"3d7.(2G).4p"	"z 1H*"	"5"		""	"L11631"	
"645.9286"	"645.92839"	"71"	""		"33765.306"	"49242.621"	"3d8"	"c 3F"	"2"	"3d6.(3F2).4s.4p.(3P*)"	"v 3D*"	"2"		""	"L11631"	
"646.2725"	"646.27121"	"33100bl*"	"9.70e+04"	C	"7376.764"	"22845.869"	"3d7.(4F).4s"	"a 5F"	"4"	"3d6.(5D).4s.4p.(3P*)"	"z 7F*"	"5"		"T4653"	"L11631"	
"646.2725"	"646.27255"	"33100bl*"	"5.60e+04"	C	"19788.251"	"35257.324"	"3d6.4s2"	"a 3H"	"4"	"3d7.(4F).4p"	"z 5G*"	"4"		"T5720"	"L11631"	
"646.46638"	"646.46617"	"630"	""		"7728.060"	"23192.500"	"3d7.(4F).4s"	"a 5F"	"3"	"3d6.(5D).4s.4p.(3P*)"	"z 7F*"	"2"		""	"L11631"	
"646.91177"	"646.91173"	"870"	""		"19390.168"	"34843.957"	"3d6.4s2"	"a 3H"	"6"	"3d7.(4F).4p"	"z 5G*"	"6"		""	"L11631"	
"646.91926"	"646.91918"	"10200"	"8.3e+06"	E	"38995.736"	"54449.347"	"3d7.(4F).4p"	"y 3D*"	"1"	"3d7.(4F).4d"	"f 3D"	"1"		"T2578n"	"L11631"	
"647.2149"	"647.21507"	"100"	""		"35257.324"	"50703.870"	"3d7.(4F).4p"	"z 5G*"	"4"	"3d6.(5D).4s (6D).4d"	"e 5G"	"5"		""	"L11631"	
"647.56240"	"647.56236"	"13200"	"2.60e+04"	C	"20641.110"	"36079.372"	"3d6.4s2"	"b 3F2"	"4"	"3d7.(4F).4p"	"z 3G*"	"3"		"T5720"	"L11631"	
"647.6609"	"647.66045"	"71"	""		"33095.941"	"48531.865"	"3d7.(4F).4p"	"y 5D*"	"4"	"3d7.(4F).5s"	"e 3F"	"3"		""	"L11631"	
"648.18699"	"648.18695"	"15800"	"3.29e+04"	B	"18378.186"	"33801.572"	"3d6.4s2"	"a 3P2"	"2"	"3d7.(4F).4p"	"y 5D*"	"2"		"T4187"	"L11631"	
"648.3946"	"648.39437"	"398"	""		"11976.239"	"27394.691"	"3d7.(4F).4s"	"a 3F"	"4"	"3d6.(5D).4s.4p.(3P*)"	"z 5F*"	"3"		""	"L11631"	
"649.44995"	"649.44978"	"3470"	""		"38175.355"	"53568.751"	"3d7.(4F).4p"	"y 3D*"	"3"	"3d7.(4F).4d"	"f 5P"	"2"		""	"L11631"	
"649.49800"	"649.49801"	"870000"	"7.66e+05"	B	"19390.168"	"34782.421"	"3d6.4s2"	"a 3H"	"6"	"3d7.(4F).4p"	"z 5G*"	"5"		"T4187"	"L11631"	
"649.57418"	"649.57410"	"5800"	"6.4e+06"	E	"38995.736"	"54386.186"	"3d7.(4F).4p"	"y 3D*"	"1"	"3d7.(4F).4d"	"g 5F"	"1"		"T2578n"	"L11631"	
"649.64661"	"649.64653"	"18600"	"7.8e+06"	E	"38678.039"	"54066.773"	"3d7.(4F).4p"	"y 3D*"	"2"	"3d7.(4F).4d"	"f 3D"	"2"		"T2578n"	"L11631"	
"649.89388"	"649.89380"	"19100"	"4.64e+02"	B+	"7728.060"	"23110.939"	"3d7.(4F).4s"	"a 5F"	"3"	"3d6.(5D).4s.4p.(3P*)"	"z 7F*"	"3"		"T4920"	"L11631"	
"649.9616"	"649.96119"	"200"	""		"35767.564"	"51148.848"	"3d7.(4F).4p"	"z 3G*"	"4"	"3d6.(5D).4s (6D).4d"	"e 7F"	"3"		""	"L11631"	
"650.0478"	"650.0477"	"129bl"	""		"43922.668"	"59301.904"	"3d6.(3P2).4s.4p.(3P*)"	"w 5D*"	"3"	"3d6.4s.(4D).4d"	"3F"	"4"		""	"L11631"	
"650.16718"	""	"15100"	""		""	""	""	""	""	""	""	""		""	"L11631"	
"650.41831"	"650.41814"	"580"	""		"38175.355"	"53545.833"	"3d7.(4F).4p"	"y 3D*"	"3"	"3d7.(4F).4d"	"h 5D"	"3"		""	"L11631"	
"650.4509"	"650.45035"	"129"	""		"33765.306"	"49135.023"	"3d8"	"c 3F"	"2"	"3d6.(3F2).4s.4p.(3P*)"	"v 3D*"	"3"		""	"L11631"	
"650.96164"	"650.96151"	"1820"	""		"32873.632"	"48231.280"	"3d8"	"c 3F"	"4"	"3d6.(3G).4s.4p.(3P*)"	"y 5H*"	"5"		""	"L11631"	
"651.83667"	"651.83654"	"18600"	"1.13e+05"	D+	"22838.323"	"38175.355"	"3d7.(4P).4s"	"b 3P"	"2"	"3d7.(4F).4p"	"y 3D*"	"3"		"T5720"	"L11631"	
"652.85345"	""	"6000"	""		""	""	""	""	""	""	""	""		""	"L11631"	
"653.39290"	"653.39277"	"6600"	"1.2e+06"	E	"36766.966"	"52067.469"	"3d6.(5D).4s.4p.(1P*)"	"y 5P*"	"3"	"3d6.(5D).4s (6D).4d"	"e 5P"	"2"		"T2578n"	"L11631"	
"653.84934"	"653.84939"	"930"	""		"33412.717"	"48702.535"	"3d8"	"c 3F"	"3"	"3d6.(3H).4s.4p.(3P*)"	"y 1G*"	"4"		""	"L11631"	
"654.62390"	"654.62373"	"224000"	"9.06e+05"	C	"22249.429"	"37521.161"	"3d7.(2G).4s"	"a 3G"	"3"	"3d7.(4F).4p"	"y 3F*"	"2"		"T5720"	"L11631"	
"654.7576"	"654.75742"	"129"	""		"7728.060"	"22996.674"	"3d7.(4F).4s"	"a 5F"	"3"	"3d6.(5D).4s.4p.(3P*)"	"z 7F*"	"4"		""	"L11631"	
"655.16776"	"655.16768"	"1260"	""		"7985.785"	"23244.838"	"3d7.(4F).4s"	"a 5F"	"2"	"3d6.(5D).4s.4p.(3P*)"	"z 7F*"	"1"		""	"L11631"	
"655.5869"	"655.58688"	"219"	""		"32873.632"	"48122.928"	"3d8"	"c 3F"	"4"	"3d6.(3G).4s.4p.(3P*)"	"v 5F*"	"3"		""	"L11631"	
"655.67876"	"655.67868"	"1700"	""		"38678.039"	"53925.200"	"3d7.(4F).4p"	"y 3D*"	"2"	"3d7.(4F).4d"	"f 5P"	"1"		""	"L11631"	
"655.9771"	"655.97687"	"282"	""		"36940.590"	"52180.820"	"3d7.(2F).4s"	"d 3F"	"2"	"3d7.(2P).4p"	"1P*"	"1"		""	"L11631"	
"656.92151"	"656.92138"	"45700"	"6.0e+06"	D	"38175.355"	"53393.673"	"3d7.(4F).4p"	"y 3D*"	"3"	"3d7.(4F).4d"	"g 5F"	"4"		"T2578n"	"L11631"	
"657.1167"	"657.11655"	"417"	""		"34636.792"	"49850.590"	"3d6.4s2"	"b 1D2"	"2"	"3d7.(2G).4p"	"v 3G*"	"3"		""	"L11631"	
"657.4228"	"657.42263"	"10000bl"	"3.06e+02"	B+	"7985.785"	"23192.500"	"3d7.(4F).4s"	"a 5F"	"2"	"3d6.(5D).4s.4p.(3P*)"	"z 7F*"	"2"		"T4920"	"L11631"	
"657.50154"	"657.50154"	"22400"	"4.30e+04"	C+	"20874.482"	"36079.372"	"3d6.4s2"	"b 3F2"	"3"	"3d7.(4F).4p"	"z 3G*"	"3"		"T5720"	"L11631"	
"658.12097"	"658.12089"	"4170"	"3.58e+02"	C+	"11976.239"	"27166.820"	"3d7.(4F).4s"	"a 3F"	"4"	"3d6.(5D).4s.4p.(3P*)"	"z 5F*"	"4"		"T5783"	"L11631"	
"658.4579"	"658.45743"	"219"	""		"43499.505"	"58682.322"	"3d6.(3P2).4s.4p.(3P*)"	"w 5D*"	"4"	"3d6.4s.(4D).4d"	"3D"	"3"		""	"L11631"	
"659.13125"	"659.13125"	"1580"	""		"37045.934"	"52213.230"	"3d7.(2F).4s"	"d 3F"	"4"	"3d7.(2D2).4p"	"t 3D*"	"3"		""	"L11631"	
"659.2609"	"659.26082"	"129bl"	""		"39969.853"	"55134.168"	"3d6.(5D).4s.4p.(1P*)"	"x 5D*"	"3"	"3d6.4s.(6D).6s"	"5D"	"2"		""	"L11631"	
"659.29134"	"659.29121"	"155000"	"7.37e+05"	C+	"21999.130"	"37162.746"	"3d7.(2G).4s"	"a 3G"	"4"	"3d7.(4F).4p"	"y 3F*"	"3"		"T5720"	"L11631"	
"659.38701"	"659.38692"	"71000"	"5.28e+04"	B	"19621.006"	"34782.421"	"3d6.4s2"	"a 3H"	"5"	"3d7.(4F).4p"	"z 5G*"	"5"		"T4187"	"L11631"	
"659.75606"	"659.75589"	"8700"	"2.0e+06"	E	"38678.039"	"53830.975"	"3d7.(4F).4p"	"y 3D*"	"2"	"3d7.(4F).4d"	"g 5F"	"3"		"T2578n"	"L11631"	
"660.1122"	"660.11233"	"71"	""		"40231.336"	"55376.090"	"3d6.(5D).4s.4p.(1P*)"	"x 5D*"	"2"	"3d7.(4F).4d"	"e 3P"	"1"		""	"L11631"	
"660.3196"	"660.31961"	"200"	""		"29371.812"	"44511.812"	"3d6.4s2"	"b 3D"	"3"	"3d7.(4P).4p"	"y 5S*"	"2"		""	"L11631"	
"660.3340"	"660.33400"	"219"	""		"19552.478"	"34692.148"	"3d6.4s2"	"a 3P2"	"1"	"3d7.(4F).4p"	"y 5F*"	"1"		""	"L11631"	
"660.45885"	"660.45855"	"1230"	""		"38995.736"	"54132.551"	"3d7.(4F).4p"	"y 3D*"	"1"	"3d7.(4F).4d"	"h 5D"	"1"		""	"L11631"	
"660.80256"	"660.80247"	"1860"	""		"18378.186"	"33507.123"	"3d6.4s2"	"a 3P2"	"2"	"3d7.(4F).4p"	"y 5D*"	"3"		""	"L11631"	
"660.89521"	"660.89512"	"500"	""		"33801.572"	"48928.388"	"3d7.(4F).4p"	"y 5D*"	"2"	"3d7.(4F).5s"	"e 3F"	"2"		""	"L11631"	
"660.91098"	"660.91094"	"24000"	"3.45e+04"	C+	"20641.110"	"35767.564"	"3d6.4s2"	"b 3F2"	"4"	"3d7.(4F).4p"	"z 3G*"	"4"		"T4293"	"L11631"	
"660.9678"	"660.96775"	"1350bl"	""		"7985.785"	"23110.939"	"3d7.(4F).4s"	"a 5F"	"2"	"3d6.(5D).4s.4p.(3P*)"	"z 7F*"	"3"		""	"L11631"	
"661.38250"	"661.38246"	"1480"	""		"8154.714"	"23270.384"	"3d7.(4F).4s"	"a 5F"	"1"	"3d6.(5D).4s.4p.(3P*)"	"z 7F*"	"0"		""	"L11631"	
"661.4949"	"661.49519"	"71"	""		"43922.668"	"59035.762"	"3d6.(3P2).4s.4p.(3P*)"	"w 5D*"	"3"	"3d6.4s.(6D).7s"	"5D"	"2"		""	"L11631"	
"662.2407"	"662.24073"	"151"	""		"35379.208"	"50475.288"	"3d7.(4F).4p"	"z 3G*"	"5"	"3d6.(5D).4s (6D).4d"	"e 7P"	"4"		""	"L11631"	
"662.3791"	"662.37794"	"219"	""		"32873.632"	"47966.585"	"3d8"	"c 3F"	"4"	"3d5.(6S).4s2.4p"	"v 5P*"	"3"		""	"L11631"	
"662.50216"	"662.50212"	"3980"	"2.34e+02"	B+	"8154.714"	"23244.838"	"3d7.(4F).4s"	"a 5F"	"1"	"3d6.(5D).4s.4p.(3P*)"	"z 7F*"	"1"		"T4920"	"L11631"	
"662.75444"	"662.75435"	"4680"	""		"36686.176"	"51770.557"	"3d7.(4F).4p"	"y 3F*"	"4"	"3d6.(5D).4s (4D).5s"	"g 5D"	"3"		""	"L11631"	
"663.1979"	"663.19797"	"129"	""		"40231.336"	"55305.627"	"3d6.(5D).4s.4p.(1P*)"	"x 5D*"	"2"	"3d6.4s.(6D).6s"	"5D"	"1"		""	"L11631"	
"663.34121"	"663.34116"	"3470"	""		"38995.736"	"54066.773"	"3d7.(4F).4p"	"y 3D*"	"1"	"3d7.(4F).4d"	"f 3D"	"2"		""	"L11631"	
"663.37492"	"663.37483"	"12000"	"3.44e+06"	C+	"36766.966"	"51837.238"	"3d6.(5D).4s.4p.(1P*)"	"y 5P*"	"3"	"3d6.(5D).4s (6D).4d"	"e 5P"	"3"		"T5720"	"L11631"	
"663.41067"	"663.41054"	"3980"	""		"38678.039"	"53747.500"	"3d7.(4F).4p"	"y 3D*"	"2"	"3d7.(4F).4d"	"f 3D"	"3"		""	"L11631"	
"663.6964"	"663.69646"	"182"	""		"33412.717"	"48475.686"	"3d8"	"c 3F"	"3"	"3d6.(3G).4s.4p.(3P*)"	"y 5H*"	"3"		""	"L11631"	
"663.98779"	"663.98757"	"1510"	""		"32873.632"	"47929.997"	"3d8"	"c 3F"	"4"	"3d6.(3G).4s.4p.(3P*)"	"v 5F*"	"4"		""	"L11631"	
"664.5367"	"664.53646"	"151"	""		"35379.208"	"50423.137"	"3d7.(4F).4p"	"z 3G*"	"5"	"3d6.(5D).4s (6D).4d"	"f 5D"	"4"		""	"L11631"	
"664.69314"	"664.69305"	"1170"	""		"21038.987"	"36079.372"	"3d6.4s2"	"b 3F2"	"2"	"3d7.(4F).4p"	"z 3G*"	"3"		""	"L11631"	
"664.80806"	"664.80793"	"1120"	"3.64e+01"	B+	"8154.714"	"23192.500"	"3d7.(4F).4s"	"a 5F"	"1"	"3d6.(5D).4s.4p.(3P*)"	"z 7F*"	"2"		"T4920"	"L11631"	
"665.38523"	"665.38510"	"1860"	""		"33507.123"	"48531.865"	"3d7.(4F).4p"	"y 5D*"	"3"	"3d7.(4F).5s"	"e 3F"	"3"		""	"L11631"	
"666.32321"	"666.32312"	"6000"	""		"36766.966"	"51770.557"	"3d6.(5D).4s.4p.(1P*)"	"y 5P*"	"3"	"3d6.(5D).4s (4D).5s"	"g 5D"	"3"		""	"L11631"	
"666.34417"	"666.34408"	"63000"	"4.98e+05"	B	"19552.478"	"34555.597"	"3d6.4s2"	"a 3P2"	"1"	"3d6.(5D).4s.4p.(3P*)"	"z 3P*"	"0"		"T4187"	"L11631"	
"666.5427"	"666.54267"	"324"	""		"12560.934"	"27559.583"	"3d7.(4F).4s"	"a 3F"	"3"	"3d6.(5D).4s.4p.(3P*)"	"z 5F*"	"2"		""	"L11631"	
"666.74187"	"666.74178"	"710"	""		"19788.251"	"34782.421"	"3d6.4s2"	"a 3H"	"4"	"3d7.(4F).4p"	"z 5G*"	"5"		""	"L11631"	
"666.77108"	"666.77099"	"980"	"1.66e+05"	C+	"36975.588"	"51969.101"	"3d7.(2F).4s"	"d 3F"	"3"	"3d7.(2P).4p"	"u 3D*"	"3"		"T6110"	"L11631"	
"667.2680"	"667.26779"	"182"	""		"43499.505"	"58481.855"	"3d6.(3P2).4s.4p.(3P*)"	"w 5D*"	"4"	"3d6.4s.(4D).4d"	"5P"	"3"		""	"L11631"	
"667.3814"	"667.38183"	"100"	""		"38175.355"	"53155.145"	"3d7.(4F).4p"	"y 3D*"	"3"	"3d7.(4F).4d"	"h 5D"	"4"		""	"L11631"	
"667.6865"	"667.68653"	"200"	""		"36766.966"	"51739.920"	"3d6.(5D).4s.4p.(1P*)"	"y 5P*"	"3"	"3d6.(5D).4s (4D).5s"	"e 3D"	"2"		""	"L11631"	
"667.79865"	"667.79848"	"240000"	"6.34e+05"	B	"21715.732"	"36686.176"	"3d7.(2G).4s"	"a 3G"	"5"	"3d7.(4F).4p"	"y 3F*"	"4"		"T5720"	"L11631"	
"668.2236"	"668.22368"	"251"	""		"32873.632"	"47834.550"	"3d8"	"c 3F"	"4"	"3d6.(3F2).4s.4p.(3P*)"	"x 3G*"	"5"		""	"L11631"	
"668.74918"	"668.74904"	"1700"	""		"33412.717"	"48361.882"	"3d8"	"c 3F"	"3"	"3d6.(3G).4s.4p.(3P*)"	"y 5H*"	"4"		""	"L11631"	
"669.22720"	"669.22711"	"780"	""		"32873.632"	"47812.118"	"3d8"	"c 3F"	"4"	"3d6.(3F2).4s.4p.(3P*)"	"x 3G*"	"4"		""	"L11631"	
"669.2469"	"669.24673"	"100"	""		"36766.966"	"51705.014"	"3d6.(5D).4s.4p.(1P*)"	"y 5P*"	"3"	"3d6.(5D).4s (6D).4d"	"f 5F"	"2"		""	"L11631"	
"669.91414"	"669.91409"	"1100"	"1.68e+05"	C+	"37045.934"	"51969.101"	"3d7.(2F).4s"	"d 3F"	"4"	"3d7.(2P).4p"	"u 3D*"	"3"		"T6110"	"L11631"	
"670.35670"	"670.35656"	"8700"	"1.8e+04"	D	"22249.429"	"37162.746"	"3d7.(2G).4s"	"a 3G"	"3"	"3d7.(4F).4p"	"y 3F*"	"3"		"T2578n"	"L11631"	
"670.44805"	"670.44792"	"1100"	""		"34017.103"	"48928.388"	"3d7.(4F).4p"	"y 5D*"	"1"	"3d7.(4F).5s"	"e 3F"	"2"		""	"L11631"	
"670.51020"	"670.51006"	"4790"	""		"37157.566"	"52067.469"	"3d6.(5D).4s.4p.(1P*)"	"y 5P*"	"2"	"3d6.(5D).4s (6D).4d"	"e 5P"	"2"		""	"L11631"	
"670.74327"	"670.74309"	"680"	""		"37162.746"	"52067.469"	"3d7.(4F).4p"	"y 3F*"	"3"	"3d6.(5D).4s (6D).4d"	"e 5P"	"2"		""	"L11631"	
"671.03191"	"671.03177"	"3550"	""		"11976.239"	"26874.550"	"3d7.(4F).4s"	"a 3F"	"4"	"3d6.(5D).4s.4p.(3P*)"	"z 5F*"	"5"		""	"L11631"	
"671.1821"	"671.18193"	"251"	""		"39969.853"	"54864.831"	"3d6.(5D).4s.4p.(1P*)"	"x 5D*"	"3"	"3d6.4s.(6D).6s"	"5D"	"3"		""	"L11631"	
"671.2438"	"671.24394"	"282"	""		"40231.336"	"55124.938"	"3d6.(5D).4s.4p.(1P*)"	"x 5D*"	"2"	"3d7.(4F).4d"	"f 3F"	"3"		""	"L11631"	
"671.30465"	"671.30456"	"4070"	""		"37157.566"	"52049.823"	"3d6.(5D).4s.4p.(1P*)"	"y 5P*"	"2"	"3d6.(5D).4s (4D).5s"	"g 5D"	"2"		""	"L11631"	
"671.31957"	"671.31948"	"1550"	""		"33412.717"	"48304.643"	"3d8"	"c 3F"	"3"	"3d7.(4P).4p"	"x 3P*"	"2"		""	"L11631"	
"671.37444"	"671.37421"	"2820"	""		"38678.039"	"53568.751"	"3d7.(4F).4p"	"y 3D*"	"2"	"3d7.(4F).4d"	"f 5P"	"2"		""	"L11631"	
"671.53828"	"671.53814"	"3980"	""		"37162.746"	"52049.823"	"3d7.(4F).4p"	"y 3F*"	"3"	"3d6.(5D).4s (4D).5s"	"g 5D"	"2"		""	"L11631"	
"671.62368"	"671.62359"	"3890"	""		"36940.590"	"51825.773"	"3d7.(2F).4s"	"d 3F"	"2"	"3d7.(2H).4p"	"u 3G*"	"3"		""	"L11631"	
"671.7301"	"671.73018"	"151"	""		"40871.412"	"55754.233"	"3d8"	"3P"	"2"	"3d7.(2D2).4p"	"w 1D*"	"2"		""	"L11631"	
"671.75266"	"671.75253"	"2690"	""		"37157.566"	"52039.892"	"3d6.(5D).4s.4p.(1P*)"	"y 5P*"	"2"	"3d6.(5D).4s (4D).5s"	"e 3D"	"1"		""	"L11631"	
"672.53568"	"672.53554"	"3980"	""		"33095.941"	"47960.940"	"3d7.(4F).4p"	"y 5D*"	"4"	"3d7.(4F).5s"	"e 3F"	"4"		""	"L11631"	
"672.66664"	"672.66659"	"5600"	""		"37157.566"	"52019.669"	"3d6.(5D).4s.4p.(1P*)"	"y 5P*"	"2"	"3d6.(5D).4s (6D).4d"	"e 5P"	"1"		""	"L11631"	
"673.02919"	"673.02910"	"550"	""		"39625.804"	"54479.902"	"3d6.(5D).4s.4p.(1P*)"	"x 5D*"	"4"	"3d6.4s.(6D).6s"	"5D"	"4"		""	"L11631"	
"673.20644"	"673.20644"	"1950"	""		"36975.588"	"51825.773"	"3d7.(2F).4s"	"d 3F"	"3"	"3d7.(2H).4p"	"u 3G*"	"3"		""	"L11631"	
"673.31508"	"673.31499"	"4680"	""		"37409.555"	"52257.346"	"3d6.(5D).4s.4p.(1P*)"	"y 5P*"	"1"	"3d6.(5D).4s (4D).5s"	"g 5D"	"0"		""	"L11631"	
"673.5006"	"673.50070"	"71"	""		"35767.564"	"50611.261"	"3d7.(4F).4p"	"z 3G*"	"4"	"3d6.(5D).4s (6D).4d"	"e 7P"	"3"		""	"L11631"	
"673.65309"	"673.65328"	"710"	""		"34636.792"	"49477.127"	"3d6.4s2"	"b 1D2"	"2"	"3d6.(3F2).4s.4p.(3P*)"	"1F*"	"3"		""	"L11631"	
"673.7269"	"673.72678"	"324"	""		"26339.696"	"41178.412"	"3d6.(5D).4s.4p.(3P*)"	"z 5D*"	"2"	"3d8"	"3P"	"1"		""	"L11631"	
"673.79866"	"673.79848"	"3020"	""		"36766.966"	"51604.103"	"3d6.(5D).4s.4p.(1P*)"	"y 5P*"	"3"	"3d6.(5D).4s (6D).4d"	"f 5F"	"3"		""	"L11631"	
"673.95215"	"673.95201"	"2570"	"3.37e+02"	C	"12560.934"	"27394.691"	"3d7.(4F).4s"	"a 3F"	"3"	"3d6.(5D).4s.4p.(3P*)"	"z 5F*"	"3"		"T5783"	"L11631"	
"674.51008"	"674.50999"	"3020"	""		"36940.590"	"51762.076"	"3d7.(2F).4s"	"d 3F"	"2"	"3d6.(3H).4s.4p.(3P*)"	"x 1D*"	"2"		""	"L11631"	
"674.59560"	"674.59551"	"1510"	""		"32873.632"	"47693.239"	"3d8"	"c 3F"	"4"	"3d6.(3G).4s.4p.(3P*)"	"w 5G*"	"3"		""	"L11631"	
"674.69545"	"674.69531"	"500"	""		"21038.987"	"35856.402"	"3d6.4s2"	"b 3F2"	"2"	"3d7.(4F).4p"	"z 5G*"	"2"		""	"L11631"	
"675.01520"	"675.01511"	"52000"	"1.17e+05"	B	"19552.478"	"34362.873"	"3d6.4s2"	"a 3P2"	"1"	"3d6.(5D).4s.4p.(3P*)"	"z 3P*"	"1"		"T4187"	"L11631"	
"675.27067"	"675.27067"	"7200"	"3.05e+06"	B	"37409.555"	"52214.345"	"3d6.(5D).4s.4p.(1P*)"	"y 5P*"	"1"	"3d6.(5D).4s (4D).5s"	"g 5D"	"1"		"T6110"	"L11631"	
"675.34635"	"675.34635"	"650"	""		"36766.966"	"51570.097"	"3d6.(5D).4s.4p.(1P*)"	"y 5P*"	"3"	"3d6.(5D).4s (6D).4d"	"e 7S"	"3"		""	"L11631"	
"675.56050"	""	"4170"	""		""	""	""	""	""	""	""	""		""	"L11631"	
""	"676.06187"	""	"1.3e-01"	E	"6928.268"	"21715.732"	"3d7.(4F).4s"	"a 5F"	"5"	"3d7.(2G).4s"	"a 3G"	"5"	M1	"T6409"	""	
"676.41075"	"676.41065"	"468"	""		"37045.934"	"51825.773"	"3d7.(2F).4s"	"d 3F"	"4"	"3d7.(2H).4p"	"u 3G*"	"3"		""	"L11631"	
"676.9659"	"676.96589"	"324"	""		"36940.590"	"51708.307"	"3d7.(2F).4s"	"d 3F"	"2"	"3d7.(2P).4p"	"y 1D*"	"2"		""	"L11631"	
"677.74089"	"677.74080"	"710"	""		"33765.306"	"48516.138"	"3d8"	"c 3F"	"2"	"3d7.(4P).4p"	"x 3P*"	"1"		""	"L11631"	
"678.3265"	"678.32639"	"282"	""		"20641.110"	"35379.208"	"3d6.4s2"	"b 3F2"	"4"	"3d7.(4F).4p"	"z 3G*"	"5"		""	"L11631"	
"678.37035"	"678.37034"	"790"	""		"20874.482"	"35611.625"	"3d6.4s2"	"b 3F2"	"3"	"3d7.(4F).4p"	"z 5G*"	"3"		""	"L11631"	
"678.57400"	"678.57405"	"520"	""		"36975.588"	"51708.307"	"3d7.(2F).4s"	"d 3F"	"3"	"3d7.(2P).4p"	"y 1D*"	"2"		""	"L11631"	
"678.5850"	"678.58497"	"347"	""		"32873.632"	"47606.114"	"3d8"	"c 3F"	"4"	"3d6.(3G).4s.4p.(3P*)"	"v 5F*"	"5"		""	"L11631"	
"678.64264"	"678.64250"	"630"	""		"26140.179"	"40871.412"	"3d6.(5D).4s.4p.(3P*)"	"z 5D*"	"3"	"3d8"	"3P"	"2"		""	"L11631"	
"678.68599"	"678.68581"	"3800"	"2.0e+05"	E	"33801.572"	"48531.865"	"3d7.(4F).4p"	"y 5D*"	"2"	"3d7.(4F).5s"	"e 3F"	"3"		"T2578n"	"L11631"	
"678.7162"	"678.71544"	"71bl"	""		"40404.518"	"55134.168"	"3d6.(5D).4s.4p.(1P*)"	"x 5D*"	"1"	"3d6.4s.(6D).6s"	"5D"	"2"		""	"L11631"	
"679.32588"	"679.32579"	"2040"	"7.58e+04"	B	"32873.632"	"47590.048"	"3d8"	"c 3F"	"4"	"3d6.(3G).4s.4p.(3P*)"	"w 5G*"	"4"		"T6110"	"L11631"	
"679.4618"	"679.46185"	"219"	""		"39969.853"	"54683.322"	"3d6.(5D).4s.4p.(1P*)"	"x 5D*"	"3"	"3d7.(4F).4d"	"f 3F"	"4"		""	"L11631"	
"679.60472"	"679.60453"	"650"	""		"33765.306"	"48475.686"	"3d8"	"c 3F"	"2"	"3d6.(3G).4s.4p.(3P*)"	"y 5H*"	"3"		""	"L11631"	
"679.61248"	"679.61234"	"850"	""		"33412.717"	"48122.928"	"3d8"	"c 3F"	"3"	"3d6.(3G).4s.4p.(3P*)"	"v 5F*"	"3"		""	"L11631"	
"680.1870"	"680.18649"	"151"	""		"12968.554"	"27666.348"	"3d7.(4F).4s"	"a 3F"	"2"	"3d6.(5D).4s.4p.(3P*)"	"z 5F*"	"1"		""	"L11631"	
"680.3831"	"680.38286"	"182"	""		"36766.966"	"51460.518"	"3d6.(5D).4s.4p.(1P*)"	"y 5P*"	"3"	"3d6.(5D).4s (6D).4d"	"e 7G"	"3"		""	"L11631"	
"680.40004"	"680.39990"	"1290"	"1.53e+06"	B	"37521.161"	"52214.345"	"3d7.(4F).4p"	"y 3F*"	"2"	"3d6.(5D).4s (4D).5s"	"g 5D"	"1"		"T6110"	"L11631"	
"680.42709"	"680.42704"	"1480"	"2.46e+05"	B	"36975.588"	"51668.186"	"3d7.(2F).4s"	"d 3F"	"3"	"3d7.(2H).4p"	"u 3G*"	"4"		"T6110"	"L11631"	
"680.68444"	"680.68426"	"3090"	"1.2e+05"	E	"21999.130"	"36686.176"	"3d7.(2G).4s"	"a 3G"	"4"	"3d7.(4F).4p"	"y 3F*"	"4"		"T2578n"	"L11631"	
"681.02623"	"681.02619"	"2000"	"2.12e+06"	C+	"37157.566"	"51837.238"	"3d6.(5D).4s.4p.(1P*)"	"y 5P*"	"2"	"3d6.(5D).4s (6D).4d"	"e 5P"	"3"		"T5720"	"L11631"	
"681.4742"	"681.47422"	"100"	""		"26224.969"	"40894.990"	"3d7.(2D2).4s"	"a 3D"	"3"	"3d6.(3P2).4s.4p.(3P*)"	"z 5S*"	"2"		""	"L11631"	
"681.9590"	"681.95884"	"219"	""		"33095.941"	"47755.537"	"3d7.(4F).4p"	"y 5D*"	"4"	"3d7.(4F).5s"	"e 5F"	"3"		""	"L11631"	
"682.03715"	"682.03710"	"870"	"1.5e+06"	E	"37409.555"	"52067.469"	"3d6.(5D).4s.4p.(1P*)"	"y 5P*"	"1"	"3d6.(5D).4s (6D).4d"	"e 5P"	"2"		"T2578n"	"L11631"	
"682.4823"	"682.48255"	"71"	""		"40231.336"	"54879.683"	"3d6.(5D).4s.4p.(1P*)"	"x 5D*"	"2"	"3d7.(4F).4d"	"e 3P"	"2"		""	"L11631"	
"682.85908"	"682.85917"	"1620"	"3.7e+06"	D	"37409.555"	"52049.823"	"3d6.(5D).4s.4p.(1P*)"	"y 5P*"	"1"	"3d6.(5D).4s (4D).5s"	"g 5D"	"2"		"T2578n"	"L11631"	
"683.3225"	"683.32269"	"182"	""		"37409.555"	"52039.892"	"3d6.(5D).4s.4p.(1P*)"	"y 5P*"	"1"	"3d6.(5D).4s (4D).5s"	"e 3D"	"1"		""	"L11631"	
""	"683.69519"	""	"7.2e-02"	E	"7376.764"	"21999.130"	"3d7.(4F).4s"	"a 5F"	"4"	"3d7.(2G).4s"	"a 3G"	"4"	M1	"T6409"	""	
"683.70057"	"683.70052"	"630"	"3.26e+05"	B	"37045.934"	"51668.186"	"3d7.(2F).4s"	"d 3F"	"4"	"3d7.(2H).4p"	"u 3G*"	"4"		"T6110"	"L11631"	
"683.8832"	"683.88325"	"251"	""		"47106.484"	"61724.829"	"3d6.(3H).4s.4p.(3P*)"	"z 3H*"	"4"	""	"61724e"	"4"		""	"L11631"	
"683.98301"	"683.98296"	"580"	"7.1e+03"	E	"20641.110"	"35257.324"	"3d6.4s2"	"b 3F2"	"4"	"3d7.(4F).4p"	"z 5G*"	"4"		"T2578n"	"L11631"	
"684.1339"	"684.13382"	"1480bl"	"3.4e+06"	D	"37157.566"	"51770.557"	"3d6.(5D).4s.4p.(1P*)"	"y 5P*"	"2"	"3d6.(5D).4s (4D).5s"	"g 5D"	"3"		"T2578n"	"L11631"	
"684.26854"	"684.26854"	"389"	"2.4e+06"	E	"37409.555"	"52019.669"	"3d6.(5D).4s.4p.(1P*)"	"y 5P*"	"1"	"3d6.(5D).4s (6D).4d"	"e 5P"	"1"		"T2578n"	"L11631"	
"684.36555"	"684.36550"	"1290"	"2.6e+06"	D	"36686.176"	"51294.220"	"3d7.(4F).4p"	"y 3F*"	"4"	"3d6.(5D).4s (4D).5s"	"e 3D"	"3"		"T2578n"	"L11631"	
"684.4657"	"684.46662"	"71"	""		"12560.934"	"27166.820"	"3d7.(4F).4s"	"a 3F"	"3"	"3d6.(5D).4s.4p.(3P*)"	"z 5F*"	"4"		""	"L11631"	
"684.7595"	"684.75964"	"71"	""		"34328.752"	"48928.388"	"3d7.(4F).4p"	"y 5F*"	"3"	"3d7.(4F).5s"	"e 3F"	"2"		""	"L11631"	
"685.1634"	"685.16357"	"71"	""		"12968.554"	"27559.583"	"3d7.(4F).4s"	"a 3F"	"2"	"3d6.(5D).4s.4p.(3P*)"	"z 5F*"	"2"		""	"L11631"	
"685.4822"	"685.48233"	"324"	"1.53e+05"	B	"37045.934"	"51630.178"	"3d7.(2F).4s"	"d 3F"	"4"	"3d6.(3H).4s.4p.(3P*)"	"1H*"	"5"		"T6110"	"L11631"	
"685.51617"	"685.51607"	"1450"	"2.86e+06"	C	"36766.966"	"51350.492"	"3d6.(5D).4s.4p.(1P*)"	"y 5P*"	"3"	"3d6.(5D).4s (4D).5s"	"g 5D"	"4"		"T5720"	"L11631"	
"685.5713"	"685.57117"	"200"	""		"37157.566"	"51739.920"	"3d6.(5D).4s.4p.(1P*)"	"y 5P*"	"2"	"3d6.(5D).4s (4D).5s"	"e 3D"	"2"		""	"L11631"	
"685.6073"	"685.60634"	"50"	""		"43163.326"	"57744.932"	"3d6.(5D).4s (6D).5s"	"e 7D"	"4"	"3d6.4s.(6D<1/2>).4f"	"2[7/2]*"	"3"		""	"L11631"	
"685.72499"	"685.72489"	"389"	""		"32873.632"	"47452.717"	"3d8"	"c 3F"	"4"	"3d7.(2G).4p"	"z 1G*"	"4"		""	"L11631"	
"685.81493"	"685.81479"	"560"	"3.33e+06"	C+	"37162.746"	"51739.920"	"3d7.(4F).4p"	"y 3F*"	"3"	"3d6.(5D).4s (4D).5s"	"e 3D"	"2"		"T5720"	"L11631"	
"686.1942"	"686.19368"	"100"	""		"19552.478"	"34121.603"	"3d6.4s2"	"a 3P2"	"1"	"3d7.(4F).4p"	"y 5D*"	"0"		""	"L11631"	
"687.6001"	"687.59956"	"50"	""		"33765.306"	"48304.643"	"3d8"	"c 3F"	"2"	"3d7.(4P).4p"	"x 3P*"	"2"		""	"L11631"	
"688.0630"	"688.06272"	"100"	""		"33507.123"	"48036.673"	"3d7.(4F).4p"	"y 5D*"	"3"	"3d7.(4F).5s"	"e 5F"	"2"		""	"L11631"	
""	"688.45036"	""	"2.8e-02"	E	"7728.060"	"22249.429"	"3d7.(4F).4s"	"a 5F"	"3"	"3d7.(2G).4s"	"a 3G"	"3"	M1	"T6409"	""	
"688.5756"	"688.57545"	"282"	"2.1e+06"	E	"37521.161"	"52039.892"	"3d7.(4F).4p"	"y 3F*"	"2"	"3d6.(5D).4s (4D).5s"	"e 3D"	"1"		"T2578n"	"L11631"	
"691.66810"	"691.66796"	"186"	"6.2e+05"	D	"33507.123"	"47960.940"	"3d7.(4F).4p"	"y 5D*"	"3"	"3d7.(4F).5s"	"e 3F"	"4"		"T2578n"	"L11631"	
"694.52048"	"694.52038"	"372"	"9.11e+04"	B	"19552.478"	"33946.933"	"3d6.4s2"	"a 3P2"	"1"	"3d6.(5D).4s.4p.(3P*)"	"z 3P*"	"2"		"T4187"	"L11631"	
"695.1245"	"695.12455"	"50"	""		"36766.966"	"51148.910"	"3d6.(5D).4s.4p.(1P*)"	"y 5P*"	"3"	"3d6.(5D).4s (6D).4d"	"e 5S"	"2"		""	"L11631"	
""	"696.30211"	""	"8.97e+05"	C	"33765.306"	"48122.928"	"3d8"	"c 3F"	"2"	"3d6.(3G).4s.4p.(3P*)"	"v 5F*"	"3"		"T5720"	""	
""	"697.19318"	""	"1.25e+04"	C	"24338.767"	"38678.039"	"3d6.4s2"	"b 3G"	"3"	"3d7.(4F).4p"	"y 3D*"	"2"		"T6110"	""	
""	"697.20796"	""	"2.6e-02"	E	"7376.764"	"21715.732"	"3d7.(4F).4s"	"a 5F"	"4"	"3d7.(2G).4s"	"a 3G"	"5"	M1	"T6409"	""	
"697.88512"	"697.88502"	"339"	"1.44e+05"	B	"20037.816"	"34362.873"	"3d6.4s2"	"a 3P2"	"0"	"3d6.(5D).4s.4p.(3P*)"	"z 3P*"	"1"		"T4187"	"L11631"	
"699.98836"	"699.98831"	"71"	"4.7e+05"	D	"33095.941"	"47377.955"	"3d7.(4F).4p"	"y 5D*"	"4"	"3d7.(4F).5s"	"e 5F"	"4"		"T2578n"	"L11631"	
""	"700.06145"	""	"8.00e+04"	C	"33412.717"	"47693.239"	"3d8"	"c 3F"	"3"	"3d6.(3G).4s.4p.(3P*)"	"w 5G*"	"3"		"T5720"	""	
""	"700.52511"	""	"3.2e-02"	E	"7728.060"	"21999.130"	"3d7.(4F).4s"	"a 5F"	"3"	"3d7.(2G).4s"	"a 3G"	"4"	M1	"T6409"	""	
"700.7970"	"700.79652"	"30"	""		"33695.397"	"47960.940"	"3d7.(4F).4p"	"y 5F*"	"5"	"3d7.(4F).5s"	"e 3F"	"4"		""	"L11631"	
""	"700.88983"	""	"2.2e-02"	E	"7985.785"	"22249.429"	"3d7.(4F).4s"	"a 5F"	"2"	"3d7.(2G).4s"	"a 3G"	"3"	M1	"T6409"	""	
"701.1343"	"701.13433"	"20"	""		"37045.934"	"51304.604"	"3d7.(2F).4s"	"d 3F"	"4"	"3d7.(2D2).4p"	"v 3F*"	"4"		""	"L11631"	
""	"701.62344"	""	"3.3e-02"	E	"11976.239"	"26224.969"	"3d7.(4F).4s"	"a 3F"	"4"	"3d7.(2D2).4s"	"a 3D"	"3"	M1	"T6409"	""	
"701.63916"	"701.63901"	"79"	"1.2e+06"	D	"33507.123"	"47755.537"	"3d7.(4F).4p"	"y 5D*"	"3"	"3d7.(4F).5s"	"e 5F"	"3"		"T2578n"	"L11631"	
"702.29535"	"702.29520"	"79"	"1.7e+06"	D	"33801.572"	"48036.673"	"3d7.(4F).4p"	"y 5D*"	"2"	"3d7.(4F).5s"	"e 5F"	"2"		"T2578n"	"L11631"	
""	"702.40617"	""	"9.30e+04"	D+	"32873.632"	"47106.484"	"3d8"	"c 3F"	"4"	"3d6.(3H).4s.4p.(3P*)"	"z 3H*"	"4"		"T5720"	""	
""	"702.46407"	""	"2.25e+06"	C	"36766.966"	"50998.645"	"3d6.(5D).4s.4p.(1P*)"	"y 5P*"	"3"	"3d6.(5D).4s (6D).4d"	"f 7D"	"2"		"T5720"	""	
"703.82230"	"703.82200"	"71"	"2.5e+06"	D	"34017.103"	"48221.324"	"3d7.(4F).4p"	"y 5D*"	"1"	"3d7.(4F).5s"	"e 5F"	"1"		"T2578n"	"L11631"	
"706.8409"	"706.84088"	"79bl"	"8.99e+05"	D	"32873.632"	"47017.188"	"3d8"	"c 3F"	"4"	"3d7.(4P).4p"	"w 3D*"	"3"		"T2578n"	"L11631"	
"709.03831"	"709.03841"	"89"	"3.0e+06"	D	"34121.603"	"48221.324"	"3d7.(4F).4p"	"y 5D*"	"0"	"3d7.(4F).5s"	"e 5F"	"1"		"T2578n"	"L11631"	
"710.7461"	"710.74595"	"30"	"1.20e+06"	D	"33765.306"	"47831.153"	"3d8"	"c 3F"	"2"	"3d6.(3G).4s.4p.(3P*)"	"w 5G*"	"2"		"T5720"	"L11631"	
""	"711.21675"	""	"1.93e+04"	D+	"24118.819"	"38175.355"	"3d6.4s2"	"b 3G"	"4"	"3d7.(4F).4p"	"y 3D*"	"3"		"T6110"	""	
"713.09217"	"713.09206"	"191"	"4.1e+06"	D	"34017.103"	"48036.673"	"3d7.(4F).4p"	"y 5D*"	"1"	"3d7.(4F).5s"	"e 5F"	"2"		"T2578n"	"L11631"	
"713.29858"	"713.29863"	"40"	"3.43e+05"	D+	"32873.632"	"46889.142"	"3d8"	"c 3F"	"4"	"3d6.(3F2).4s.4p.(3P*)"	"x 3F*"	"4"		"T5720"	"L11631"	
"714.8148"	"714.81456"	"71"	""		"43163.326"	"57149.113"	"3d6.(5D).4s (6D).5s"	"e 7D"	"4"	"3d6.4s.(6D<7/2>).4f"	"2[7/2]*"	"4"		""	"L11631"	
"716.44481"	"716.44471"	"324"	""		"33801.572"	"47755.537"	"3d7.(4F).4p"	"y 5D*"	"2"	"3d7.(4F).5s"	"e 5F"	"3"		""	"L11631"	
"718.11955"	"718.11939"	"89"	""		"34039.516"	"47960.940"	"3d7.(4F).4p"	"y 5F*"	"4"	"3d7.(4F).5s"	"e 3F"	"4"		""	"L11631"	
"718.73175"	"718.73165"	"1000"	"8.36e+06"	C+	"33095.941"	"47005.506"	"3d7.(4F).4p"	"y 5D*"	"4"	"3d7.(4F).5s"	"e 5F"	"5"		"T5720"	"L11631"	
""	"718.91482"	""	"3.66e+04"	D+	"24772.018"	"38678.039"	"3d7.(2P).4s"	"c 3P"	"1"	"3d7.(4F).4p"	"y 3D*"	"2"		"T5720"	""	
"720.71111"	"720.71116"	"89"	"9.82e+05"	C	"32873.632"	"46744.993"	"3d8"	"c 3F"	"4"	"3d7.(4P).4p"	"u 5D*"	"3"		"T5720"	"L11631"	
"720.73876"	"720.73865"	"680"	""		"33507.123"	"47377.955"	"3d7.(4F).4p"	"y 5D*"	"3"	"3d7.(4F).5s"	"e 5F"	"4"		""	"L11631"	
"721.9685"	"721.96817"	"50"	""		"32873.632"	"46720.842"	"3d8"	"c 3F"	"4"	"3d7.(4P).4p"	"u 5D*"	"4"		""	"L11631"	
"722.3660"	"722.36573"	"50"	"1.13e+05"	D+	"24335.766"	"38175.355"	"3d7.(2P).4s"	"c 3P"	"2"	"3d7.(4F).4p"	"y 3D*"	"3"		"T5720"	"L11631"	
"723.9867"	"723.98665"	"60"	""		"33946.933"	"47755.537"	"3d6.(5D).4s.4p.(3P*)"	"z 3P*"	"2"	"3d7.(4F).5s"	"e 5F"	"3"		""	"L11631"	
"724.8107"	"724.81075"	"7400"	""		"43633.533"	"57426.437"	"3d6.(5D).4s (6D).5s"	"e 7D"	"2"	"3d6.4s.(6D<5/2>).4f"	"2[3/2]*"	"1"		""	"L11631"	
"726.1514"	"726.15183"	"30"	""		"36766.966"	"50534.397"	"3d6.(5D).4s.4p.(1P*)"	"y 5P*"	"3"	"3d6.(5D).4s (6D).4d"	"f 5D"	"3"		""	"L11631"	
"728.4835"	"728.48342"	"30"	""		"33412.717"	"47136.084"	"3d8"	"c 3F"	"3"	"3d7.(4P).4p"	"w 3D*"	"2"		""	"L11631"	
"728.87380"	"728.87358"	"79"	""		"34039.516"	"47755.537"	"3d7.(4F).4p"	"y 5F*"	"4"	"3d7.(4F).5s"	"e 5F"	"3"		""	"L11631"	
"729.2829"	"729.28294"	"40"	"1.10e+06"	C	"36766.966"	"50475.288"	"3d6.(5D).4s.4p.(1P*)"	"y 5P*"	"3"	"3d6.(5D).4s (6D).4d"	"e 7P"	"4"		"T5720"	"L11631"	
"729.30449"	"729.30428"	"100"	""		"34328.752"	"48036.673"	"3d7.(4F).4p"	"y 5F*"	"3"	"3d7.(4F).5s"	"e 5F"	"2"		""	"L11631"	
"730.6562"	"730.65618"	"30"	""		"33695.397"	"47377.955"	"3d7.(4F).4p"	"y 5F*"	"5"	"3d7.(4F).5s"	"e 5F"	"4"		""	"L11631"	
"730.79313"	"730.79307"	"71"	"5.25e+05"	C+	"33412.717"	"47092.712"	"3d8"	"c 3F"	"3"	"3d6.(3F2).4s.4p.(3P*)"	"x 3F*"	"3"		"T5720"	"L11631"	
"731.10754"	"731.10743"	"79"	""		"34547.211"	"48221.324"	"3d7.(4F).4p"	"y 5F*"	"2"	"3d7.(4F).5s"	"e 5F"	"1"		""	"L11631"	
""	"731.64666"	""	"2.0e-02"	E	"12560.934"	"26224.969"	"3d7.(4F).4s"	"a 3F"	"3"	"3d7.(2D2).4s"	"a 3D"	"3"	M1	"T6409"	""	
"732.0682"	"732.06799"	"40"	"9.67e+05"	C	"36766.966"	"50423.137"	"3d6.(5D).4s.4p.(1P*)"	"y 5P*"	"3"	"3d6.(5D).4s (6D).4d"	"f 5D"	"4"		"T5720"	"L11631"	
""	"732.12106"	""	"1.1e-02"	E	"12968.554"	"26623.735"	"3d7.(4F).4s"	"a 3F"	"2"	"3d7.(2D2).4s"	"a 3D"	"2"	M1	"T6409"	""	
"734.3946"	"734.39442"	"50"	""		"43442.705"	"57055.616"	"3d6.(3H).4s.4p.(3P*)"	"z 5I*"	"4"	"3d6.4s.(6D).5d"	"5G"	"3"		""	"L11631"	
"738.63327"	"738.63332"	"1070"	""		"39625.804"	"53160.593"	"3d6.(5D).4s.4p.(1P*)"	"x 5D*"	"4"	"3d7.(4F).4d"	"f 5P"	"3"		""	"L11631"	
"738.9308"	"738.93076"	"490"	""		"39625.804"	"53155.145"	"3d6.(5D).4s.4p.(1P*)"	"x 5D*"	"4"	"3d7.(4F).4d"	"h 5D"	"4"		""	"L11631"	
"738.93983"	"738.93977"	"1950"	""		"34692.148"	"48221.324"	"3d7.(4F).4p"	"y 5F*"	"1"	"3d7.(4F).5s"	"e 5F"	"1"		""	"L11631"	
"739.6507"	"739.65088"	"174*"	""		"43633.533"	"57149.702"	"3d6.(5D).4s (6D).5s"	"e 7D"	"2"	"3d6.4s.(6D<7/2>).4f"	"2[7/2]*"	"3"		""	"L11631"	
"739.6507"	"739.65115"	"174*"	""		"40231.336"	"53747.500"	"3d6.(5D).4s.4p.(1P*)"	"x 5D*"	"2"	"3d7.(4F).4d"	"f 3D"	"3"		""	"L11631"	
"740.16844"	"740.16827"	"331"	"1.80e+06"	C	"33765.306"	"47272.027"	"3d8"	"c 3F"	"2"	"3d7.(4P).4p"	"w 3D*"	"1"		"T5720"	"L11631"	
"741.11539"	"741.11528"	"3240"	""		"34547.211"	"48036.673"	"3d7.(4F).4p"	"y 5F*"	"2"	"3d7.(4F).5s"	"e 5F"	"2"		""	"L11631"	
"741.86670"	"741.86664"	"520"	"1.02e+06"	C+	"33412.717"	"46888.517"	"3d8"	"c 3F"	"3"	"3d7.(4P).4p"	"u 5D*"	"2"		"T5720"	"L11631"	
"742.1558"	"742.15594"	"55"	""		"37409.555"	"50880.102"	"3d6.(5D).4s.4p.(1P*)"	"y 5P*"	"1"	"3d6.(5D).4s (6D).4d"	"f 5D"	"1"		""	"L11631"	
"743.08562"	"743.08556"	"269"	""		"37157.566"	"50611.261"	"3d6.(5D).4s.4p.(1P*)"	"y 5P*"	"2"	"3d6.(5D).4s (6D).4d"	"e 7P"	"3"		""	"L11631"	
""	"743.95839"	""	"1.6e-02"	E	"12968.554"	"26406.465"	"3d7.(4F).4s"	"a 3F"	"2"	"3d7.(2D2).4s"	"a 3D"	"1"	M1	"T6409"	""	
"744.09118"	"744.09112"	"500"	""		"39625.804"	"53061.318"	"3d6.(5D).4s.4p.(1P*)"	"x 5D*"	"4"	"3d7.(4F).4d"	"g 5F"	"5"		""	"L11631"	
"744.30219"	"744.30218"	"407"	""		"33765.306"	"47197.010"	"3d8"	"c 3F"	"2"	"3d6.(3F2).4s.4p.(3P*)"	"x 3F*"	"2"		""	"L11631"	
"744.57504"	"744.57487"	"5800"	""		"34328.752"	"47755.537"	"3d7.(4F).4p"	"y 5F*"	"3"	"3d7.(4F).5s"	"e 5F"	"3"		""	"L11631"	
"744.73933"	"744.73932"	"191"	""		"39969.853"	"53393.673"	"3d6.(5D).4s.4p.(1P*)"	"x 5D*"	"3"	"3d7.(4F).4d"	"g 5F"	"4"		""	"L11631"	
"745.3997"	"745.39967"	"63"	""		"33765.306"	"47177.234"	"3d8"	"c 3F"	"2"	"3d7.(4P).4p"	"u 5D*"	"1"		""	"L11631"	
"746.0360"	"746.03596"	"17"	""		"45281.833"	"58682.322"	"3d6.(3P2).4s.4p.(3P*)"	"x 3D*"	"2"	"3d6.4s.(4D).4d"	"3D"	"3"		""	"L11631"	
"746.15201"	"746.15195"	"58"	""		"20641.110"	"34039.516"	"3d6.4s2"	"b 3F2"	"4"	"3d7.(4F).4p"	"y 5F*"	"4"		""	"L11631"	
"746.3382"	"746.33839"	"37"	""		"40842.154"	"54237.213"	"3d6.(5D).4s.4p.(1P*)"	"x 5F*"	"3"	"3d7.(4F).4d"	"e 5H"	"4"		""	"L11631"	
"746.6519"	"746.65216"	"15"	""		"38678.039"	"52067.469"	"3d7.(4F).4p"	"y 3D*"	"2"	"3d6.(5D).4s (6D).4d"	"e 5P"	"2"		""	"L11631"	
"746.9191"	"746.91870"	"12"	""		"43922.668"	"57307.320"	"3d6.(3P2).4s.4p.(3P*)"	"w 5D*"	"3"	"3d6.4s.(6D).5d"	"7F"	"4"		""	"L11631"	
"747.2751"	"747.27501"	"23"	""		"43163.326"	"56541.596"	"3d6.(5D).4s (6D).5s"	"e 7D"	"4"	"3d6.4s.(6D).6p"	"7P*"	"4"		""	"L11631"	
"747.35535"	"747.35540"	"49"	""		"37157.566"	"50534.397"	"3d6.(5D).4s.4p.(1P*)"	"y 5P*"	"2"	"3d6.(5D).4s (6D).4d"	"f 5D"	"3"		""	"L11631"	
"747.63754"	"747.63748"	"79"	""		"38678.039"	"52049.823"	"3d7.(4F).4p"	"y 3D*"	"2"	"3d6.(5D).4s (4D).5s"	"g 5D"	"2"		""	"L11631"	
"747.7508"	"747.75060"	"29"	""		"31307.245"	"44677.006"	"3d6.(5D).4s.4p.(3P*)"	"z 3F*"	"4"	"3d6.(5D).4s (6D).5s"	"e 5D"	"4"		""	"L11631"	
"748.1319"	"748.13190"	"30"	""		"48361.882"	"61724.829"	"3d6.(3G).4s.4p.(3P*)"	"y 5H*"	"4"	""	"61724e"	"4"		""	"L11631"	
"748.1741"	"748.17395"	"6"	""		"22249.429"	"35611.625"	"3d7.(2G).4s"	"a 3G"	"3"	"3d7.(4F).4p"	"z 5G*"	"3"		""	"L11631"	
"748.19321"	"748.19315"	"68"	""		"38678.039"	"52039.892"	"3d7.(4F).4p"	"y 3D*"	"2"	"3d6.(5D).4s (4D).5s"	"e 3D"	"1"		""	"L11631"	
"748.22228"	"748.22227"	"47"	""		"41018.051"	"54379.384"	"3d6.(5D).4s.4p.(1P*)"	"x 5F*"	"2"	"3d7.(4F).4d"	"e 3G"	"3"		""	"L11631"	
"748.4297"	"748.42992"	"35bl"	""		"41018.051"	"54375.677"	"3d6.(5D).4s.4p.(1P*)"	"x 5F*"	"2"	"3d7.(4F).4d"	"f 5G"	"2"		""	"L11631"	
"748.6110"	"748.61111"	"17"	""		"31322.613"	"44677.006"	"3d6.(5D).4s.4p.(3P*)"	"z 3D*"	"3"	"3d6.(5D).4s (6D).5s"	"e 5D"	"4"		""	"L11631"	
"748.6661"	"748.66577"	"25"	""		"43163.326"	"56516.744"	"3d6.(5D).4s (6D).5s"	"e 7D"	"4"	"3d6.4s.(6D).6p"	"7D*"	"4"		""	"L11631"	
"749.1426"	"749.14302"	"45"	""		"43434.627"	"56779.538"	"3d6.(5D).4s (6D).5s"	"e 7D"	"3"	"3d6.4s.(6D<9/2>).4f"	"2[5/2]*"	"2"		""	"L11631"	
"749.16481"	"749.16469"	"830"	""		"34692.148"	"48036.673"	"3d7.(4F).4p"	"y 5F*"	"1"	"3d7.(4F).5s"	"e 5F"	"2"		""	"L11631"	
"749.50670"	"749.50652"	"5000"	""		"34039.516"	"47377.955"	"3d7.(4F).4p"	"y 5F*"	"4"	"3d7.(4F).5s"	"e 5F"	"4"		""	"L11631"	
"749.85300"	"749.85299"	"91"	""		"33412.717"	"46744.993"	"3d8"	"c 3F"	"3"	"3d7.(4P).4p"	"u 5D*"	"3"		""	"L11631"	
"750.1276"	"750.12700"	"19"	""		"33765.306"	"47092.712"	"3d8"	"c 3F"	"2"	"3d6.(3F2).4s.4p.(3P*)"	"x 3F*"	"3"		""	"L11631"	
"750.60139"	"750.60127"	"87"	""		"40842.154"	"54161.139"	"3d6.(5D).4s.4p.(1P*)"	"x 5F*"	"3"	"3d7.(4F).4d"	"f 5G"	"3"		""	"L11631"	
"750.6146"	"750.61463"	"4"	""		"41130.599"	"54449.347"	"3d6.(5D).4s.4p.(1P*)"	"x 5F*"	"1"	"3d7.(4F).4d"	"f 3D"	"1"		""	"L11631"	
"750.72658"	"750.72652"	"740"	""		"35611.625"	"48928.388"	"3d7.(4F).4p"	"z 5G*"	"3"	"3d7.(4F).5s"	"e 3F"	"2"		""	"L11631"	
"750.8617"	"750.86218"	"5"	""		"33412.717"	"46727.074"	"3d8"	"c 3F"	"3"	"3d6.(3P2).4s.4p.(3P*)"	"y 3P*"	"2"		""	"L11631"	
"751.10200"	"751.10182"	"7800"	"1.35e+07"	B	"33695.397"	"47005.506"	"3d7.(4F).4p"	"y 5F*"	"5"	"3d7.(4F).5s"	"e 5F"	"5"		"T5720"	"L11631"	
"751.2138"	"751.21380"	"16"	""		"33412.717"	"46720.842"	"3d8"	"c 3F"	"3"	"3d7.(4P).4p"	"u 5D*"	"4"		""	"L11631"	
"751.4199"	"751.41983"	"42"	""		"42815.855"	"56120.331"	"3d6.(5D).4s (6D).5s"	"e 7D"	"5"	"3d6.4s.(6D).6p"	"7D*"	"5"		""	"L11631"	
"751.51028"	""	"219"	""		""	""	""	""	""	""	""	""		""	"L11631"	
"752.8145"	"752.81468"	"14"	""		"40594.432"	"53874.257"	"3d6.(5D).4s.4p.(1P*)"	"x 5F*"	"4"	"3d7.(4F).4d"	"e 5H"	"5"		""	"L11631"	
"753.11447"	"753.11435"	"2340"	""		"35257.324"	"48531.865"	"3d7.(4F).4p"	"z 5G*"	"4"	"3d7.(4F).5s"	"e 3F"	"3"		""	"L11631"	
"754.0430"	"754.04292"	"15"	""		"21999.130"	"35257.324"	"3d7.(2G).4s"	"a 3G"	"4"	"3d7.(4F).4p"	"z 5G*"	"4"		""	"L11631"	
"754.1531"	"754.15305"	"17"	""		"31805.071"	"45061.329"	"3d6.(5D).4s.4p.(3P*)"	"z 3F*"	"3"	"3d6.(5D).4s (6D).5s"	"e 5D"	"3"		""	"L11631"	
"754.19123"	"754.19122"	"38"	""		"41130.599"	"54386.186"	"3d6.(5D).4s.4p.(1P*)"	"x 5F*"	"1"	"3d7.(4F).4d"	"g 5F"	"1"		""	"L11631"	
"754.5582"	"754.5580"	"14"	""		"48475.686"	"61724.829"	"3d6.(3G).4s.4p.(3P*)"	"y 5H*"	"3"	""	"61724e"	"4"		""	"L11631"	
"754.61769"	""	"1150"	""		""	""	""	""	""	""	""	""		""	"L11631"	
"754.78963"	"754.78962"	"81"	""		"41130.599"	"54375.677"	"3d6.(5D).4s.4p.(1P*)"	"x 5F*"	"1"	"3d7.(4F).4d"	"f 5G"	"2"		""	"L11631"	
"755.1108"	"755.11042"	"66"	""		"41018.051"	"54257.502"	"3d6.(5D).4s.4p.(1P*)"	"x 5F*"	"2"	"3d7.(4F).4d"	"g 5F"	"2"		""	"L11631"	
"755.9573"	"755.95732"	"20"	""		"40842.154"	"54066.773"	"3d6.(5D).4s.4p.(1P*)"	"x 5F*"	"3"	"3d7.(4F).4d"	"f 3D"	"2"		""	"L11631"	
"755.97196"	"755.97189"	"123"	""		"40842.154"	"54066.518"	"3d6.(5D).4s.4p.(1P*)"	"x 5F*"	"3"	"3d7.(4F).4d"	"e 3G"	"4"		""	"L11631"	
"756.30103"	"756.30102"	"68"	""		"38995.736"	"52214.345"	"3d7.(4F).4p"	"y 3D*"	"1"	"3d6.(5D).4s (4D).5s"	"g 5D"	"1"		""	"L11631"	
"756.88995"	"756.88982"	"1230"	""		"34547.211"	"47755.537"	"3d7.(4F).4p"	"y 5F*"	"2"	"3d7.(4F).5s"	"e 5F"	"3"		""	"L11631"	
"758.21214"	"758.21208"	"62"	""		"39969.853"	"53155.145"	"3d6.(5D).4s.4p.(1P*)"	"x 5D*"	"3"	"3d7.(4F).4d"	"h 5D"	"4"		""	"L11631"	
"758.37877"	"758.37876"	"1320"	"3.02e+05"	D+	"24338.767"	"37521.161"	"3d6.4s2"	"b 3G"	"3"	"3d7.(4F).4p"	"y 3F*"	"2"		"T5720"	"L11631"	
"758.60182"	"758.60176"	"6000"	""		"34782.421"	"47960.940"	"3d7.(4F).4p"	"z 5G*"	"5"	"3d7.(4F).5s"	"e 3F"	"4"		""	"L11631"	
"758.83048"	"758.83047"	"132"	""		"40594.432"	"53768.979"	"3d6.(5D).4s.4p.(1P*)"	"x 5F*"	"4"	"3d7.(4F).4d"	"f 5G"	"4"		""	"L11631"	
"759.4250"	"759.42501"	"5"	""		"40404.518"	"53568.751"	"3d6.(5D).4s.4p.(1P*)"	"x 5D*"	"1"	"3d7.(4F).4d"	"f 5P"	"2"		""	"L11631"	
"760.06954"	"760.06965"	"44"	""		"40594.432"	"53747.500"	"3d6.(5D).4s.4p.(1P*)"	"x 5F*"	"4"	"3d7.(4F).4d"	"f 3D"	"3"		""	"L11631"	
"760.53588"	"760.53581"	"186"	""		"40594.432"	"53739.438"	"3d6.(5D).4s.4p.(1P*)"	"x 5F*"	"4"	"3d7.(4F).4d"	"e 3G"	"5"		""	"L11631"	
"760.64692"	"760.64680"	"74"	""		"41018.051"	"54161.139"	"3d6.(5D).4s.4p.(1P*)"	"x 5F*"	"2"	"3d7.(4F).4d"	"f 5G"	"3"		""	"L11631"	
"761.02677"	"761.02676"	"31"	""		"33765.306"	"46901.832"	"3d8"	"c 3F"	"2"	"3d6.(3P2).4s.4p.(3P*)"	"y 3P*"	"1"		""	"L11631"	
"761.5083"	"761.50796"	"17"	""		"21715.732"	"34843.957"	"3d7.(2G).4s"	"a 3G"	"5"	"3d7.(4F).4p"	"z 5G*"	"6"		""	"L11631"	
"761.5848"	"761.58465"	"25"	""		"41130.599"	"54257.502"	"3d6.(5D).4s.4p.(1P*)"	"x 5F*"	"1"	"3d7.(4F).4d"	"g 5F"	"2"		""	"L11631"	
"761.72375"	"761.72363"	"54"	""		"40842.154"	"53966.662"	"3d6.(5D).4s.4p.(1P*)"	"x 5F*"	"3"	"3d7.(4F).4d"	"h 5D"	"2"		""	"L11631"	
"761.79892"	"761.79892"	"48"	""		"33765.306"	"46888.517"	"3d8"	"c 3F"	"2"	"3d7.(4P).4p"	"u 5D*"	"2"		""	"L11631"	
"762.05123"	"762.05128"	"890"	""		"38175.355"	"51294.220"	"3d7.(4F).4p"	"y 3D*"	"3"	"3d6.(5D).4s (4D).5s"	"e 3D"	"3"		""	"L11631"	
"762.3049"	"762.30493"	"14"	""		"41018.051"	"54132.551"	"3d6.(5D).4s.4p.(1P*)"	"x 5F*"	"2"	"3d7.(4F).4d"	"h 5D"	"1"		""	"L11631"	
"763.4006"	"763.40074"	"33"	""		"40257.314"	"53352.989"	"3d6.(5D).4s.4p.(1P*)"	"x 5F*"	"5"	"3d7.(4F).4d"	"e 5H"	"6"		""	"L11631"	
"763.5848"	"763.58482"	"26"	""		"38678.039"	"51770.557"	"3d7.(4F).4p"	"y 3D*"	"2"	"3d6.(5D).4s (4D).5s"	"g 5D"	"3"		""	"L11631"	
"764.76482"	"764.76452"	"500"	""		"44378.342"	"57450.664"	"3d6.(3F2).4s.4p.(3P*)"	"w 5F*"	"1"	"3d6.4s.(6D).5d"	"7G"	"2"		""	"L11631"	
"764.78413"	"764.78418"	"51"	""		"35856.402"	"48928.388"	"3d7.(4F).4p"	"z 5G*"	"2"	"3d7.(4F).5s"	"e 3F"	"2"		""	"L11631"	
"765.09445"	"765.09421"	"71"	""		"21715.732"	"34782.421"	"3d7.(2G).4s"	"a 3G"	"5"	"3d7.(4F).4p"	"z 5G*"	"5"		""	"L11631"	
"765.37591"	"765.37584"	"398"	"2.96e+06"	C	"38678.039"	"51739.920"	"3d7.(4F).4p"	"y 3D*"	"2"	"3d6.(5D).4s (4D).5s"	"e 3D"	"2"		"T5720"	"L11631"	
"765.8329"	"765.83281"	"23"	""		"38995.736"	"52049.823"	"3d7.(4F).4p"	"y 3D*"	"1"	"3d6.(5D).4s (4D).5s"	"g 5D"	"2"		""	"L11631"	
"766.11969"	"766.11945"	"1290"	""		"34328.752"	"47377.955"	"3d7.(4F).4p"	"y 5F*"	"3"	"3d7.(4F).5s"	"e 5F"	"4"		""	"L11631"	
"766.14764"	"766.14769"	"45"	""		"41018.051"	"54066.773"	"3d6.(5D).4s.4p.(1P*)"	"x 5F*"	"2"	"3d7.(4F).4d"	"f 3D"	"2"		""	"L11631"	
"766.41582"	"766.41587"	"155"	""		"38995.736"	"52039.892"	"3d7.(4F).4p"	"y 3D*"	"1"	"3d6.(5D).4s (4D).5s"	"e 3D"	"1"		""	"L11631"	
"766.42928"	"766.42933"	"1950"	"3.37e+05"	D+	"24118.819"	"37162.746"	"3d6.4s2"	"b 3G"	"4"	"3d7.(4F).4p"	"y 3F*"	"3"		"T5720"	"L11631"	
"767.6065"	"767.60594"	"8"	""		"38995.736"	"52019.669"	"3d7.(4F).4p"	"y 3D*"	"1"	"3d6.(5D).4s (6D).4d"	"e 5P"	"1"		""	"L11631"	
"768.90360"	"768.90365"	"60"	""		"41130.599"	"54132.551"	"3d6.(5D).4s.4p.(1P*)"	"x 5F*"	"1"	"3d7.(4F).4d"	"h 5D"	"1"		""	"L11631"	
"769.68122"	"769.68098"	"30"	""		"40842.154"	"53830.975"	"3d6.(5D).4s.4p.(1P*)"	"x 5F*"	"3"	"3d7.(4F).4d"	"g 5F"	"3"		""	"L11631"	
"771.0096"	"771.00957"	"9"	""		"40871.412"	"53837.851"	"3d8"	"3P"	"2"	"3d7.(4F).5p"	"3D*"	"3"		""	"L11631"	
"771.03640"	"771.03627"	"910"	"7.86e+05"	C+	"34039.516"	"47005.506"	"3d7.(4F).4p"	"y 5F*"	"4"	"3d7.(4F).5s"	"e 5F"	"5"		"T5720"	"L11631"	
"771.46061"	""	"120"	""		""	""	""	""	""	""	""	""		""	"L11631"	
"771.90481"	"771.90480"	"145"	""		"40594.432"	"53545.833"	"3d6.(5D).4s.4p.(1P*)"	"x 5F*"	"4"	"3d7.(4F).4d"	"h 5D"	"3"		""	"L11631"	
"772.07125"	"772.07112"	"33"	""		"41018.051"	"53966.662"	"3d6.(5D).4s.4p.(1P*)"	"x 5F*"	"2"	"3d7.(4F).4d"	"h 5D"	"2"		""	"L11631"	
"772.32075"	"772.32068"	"437"	"3.86e+03"	B	"18378.186"	"31322.613"	"3d6.4s2"	"a 3P2"	"2"	"3d6.(5D).4s.4p.(3P*)"	"z 3D*"	"3"		"T4187"	"L11631"	
"773.37227"	"773.37233"	"52"	""		"40842.154"	"53768.979"	"3d6.(5D).4s.4p.(1P*)"	"x 5F*"	"3"	"3d7.(4F).4d"	"f 5G"	"4"		""	"L11631"	
"773.76656"	"773.76649"	"20"	""		"35611.625"	"48531.865"	"3d7.(4F).4p"	"z 5G*"	"3"	"3d7.(4F).5s"	"e 3F"	"3"		""	"L11631"	
"774.27043"	"774.27036"	"257"	""		"40257.314"	"53169.146"	"3d6.(5D).4s.4p.(1P*)"	"x 5F*"	"5"	"3d7.(4F).4d"	"f 5G"	"6"		""	"L11631"	
"774.55135"	"774.55128"	"115"	""		"41018.051"	"53925.200"	"3d6.(5D).4s.4p.(1P*)"	"x 5F*"	"2"	"3d7.(4F).4d"	"f 5P"	"1"		""	"L11631"	
"774.65938"	"774.65949"	"91"	""		"40842.154"	"53747.500"	"3d6.(5D).4s.4p.(1P*)"	"x 5F*"	"3"	"3d7.(4F).4d"	"f 3D"	"3"		""	"L11631"	
"774.82689"	"774.82694"	"2750"	"2.19e+05"	C	"23783.619"	"36686.176"	"3d6.4s2"	"b 3G"	"5"	"3d7.(4F).4p"	"y 3F*"	"4"		"T5720"	"L11631"	
"775.11086"	"775.11086"	"316"	""		"40257.314"	"53155.145"	"3d6.(5D).4s.4p.(1P*)"	"x 5F*"	"5"	"3d7.(4F).4d"	"h 5D"	"4"		""	"L11631"	
"775.4026"	"775.40243"	"22"	""		"45428.402"	"58321.383"	"3d6.(3H).4s.4p.(3P*)"	"y 3G*"	"4"	"3d6.4s.(6D).7s"	"5D"	"4"		""	"L11631"	
"775.5024"	"775.50222"	"20"	""		"44511.812"	"57403.134"	"3d7.(4P).4p"	"y 5S*"	"2"	"3d6.4s.(6D).5d"	"5P"	"2"		""	"L11631"	
"777.9811"	"777.98102"	"14"	""		"45281.833"	"58132.081"	"3d6.(3P2).4s.4p.(3P*)"	"x 3D*"	"2"	"3d6.4s.(4D).4d"	"5F"	"3"		""	"L11631"	
"778.05568"	"778.05561"	"2880"	""		"36079.372"	"48928.388"	"3d7.(4F).4p"	"z 3G*"	"3"	"3d7.(4F).5s"	"e 3F"	"2"		""	"L11631"	
"778.8744"	"778.87420"	"8"	""		"33765.306"	"46600.818"	"3d8"	"c 3F"	"2"	"3d6.(3P2).4s.4p.(3P*)"	"z 3S*"	"1"		""	"L11631"	
