obs_wl_air(nm)	ritz_wl_air(nm)	intens	Aki(s^-1)	Acc	Ei(cm-1)	Ek(cm-1)	conf_i	term_i	J_i	conf_k	term_k	J_k	Type	tp_ref	line_ref	
"380.0380"	"380.036290"	"36000"	"2.86e+06"	B	"0.0000"	"26305.8081"	"5d2.6s2"	"a 3F"	"2"	"5d2.(a 3F).6s.(a 4F).6p"	"z 5D*"	"3"		"T5346"	"L21976,L16323"	
"380.0452"	"380.044548"	"11000"	""		"5638.6151"	"31943.8516"	"5d2.6s2"	"a 1D"	"2"	"5d2.(a 3P).6s.(a 4P).6p"	"z 5S*"	"2"		""	"L16323"	
"380.1920"	""	"35"	""		""	""	""	""	""	""	""	""		""	"L16323"	
"380.2652"	"380.26517"	"530"	""		"25678.643"	"51968.618"	"5d3.(2H).6s"	"a 3H"	"4"	"5d3.(b 4P).6p"	"w 5D*"	"4"		""	"L16323"	
"380.4198"	"380.41952"	"1800"	""		"22901.3837"	"49180.692"	"5d2.(a 3F).6s.(a 4F).6p"	"z 5G*"	"5"	"5d4"	"b 3H"	"5"		""	"L16323"	
"380.4533"	"380.4544"	"3500i"	""		"22901.3837"	"49178.282?"	"5d2.(a 3F).6s.(a 4F).6p"	"z 5G*"	"5"	"5d4"	"5F?"	"5"		""	"L16323c153"	
"380.5440"	""	"35"	""		""	""	""	""	""	""	""	""		""	"L16323"	
"380.9882"	""	"100"	""		""	""	""	""	""	""	""	""		""	"L16323"	
"381.0610"	""	"240"	""		""	""	""	""	""	""	""	""		""	"L16323"	
"381.1781"	"381.177553"	"14000"	"3.29e+06"	B+	"2356.6756"	"28583.7248"	"5d2.6s2"	"a 3F"	"3"	"5d2.(a 3F).6s.(a 4F).6p"	"z 3G*"	"3"		"T5346"	"L21976,L16323"	
"381.3080"	""	"69"	""		""	""	""	""	""	""	""	""		""	"L16323"	
"381.334"	"381.33118"	"35"	""		"21738.7225"	"47955.206"	"5d2.(a 3F).6s.(a 4F).6p"	"z 5F*"	"1"	"6p2.(1S).5d.(2D).6s"	"g 3D"	"2"		""	"L16323"	
"381.3690"	""	"35"	""		""	""	""	""	""	""	""	""		""	"L16323"	
"381.3848"	""	"310"	""		""	""	""	""	""	""	""	""		""	"L16323"	
"381.3972"	"381.39704"	"170"	""		"23448.6227"	"49660.579"	"5d2.(a 3F).6s.(a 4F).6p"	"z 5F*"	"3"	""	"4966"	"3"		""	"L16323"	
"381.4992"	""	"140"	""		""	""	""	""	""	""	""	""		""	"L16323"	
"381.5542"	"381.55411"	"1000"	""		"14435.138"	"40636.304"	"5d.6s2.(a 2D).6p"	"z 3F*"	"2"	"6p2.(3P).5d.(4F).6s"	"c 5F"	"2"		""	"L16323"	
"381.6069"	"381.60671"	"2100"	""		"16163.3602"	"42360.915"	"5d.6s2.(a 2D).6p"	"z 3D*"	"2"	"6p2.(3P).5d.(4D).6s"	"e 3D"	"3"		""	"L16323"	
"381.6590"	""	"34"	""		""	""	""	""	""	""	""	""		""	"L16323"	
"381.8112"	"381.81065"	"510*"	""		"20908.462"	"47092.024"	"5d3.(b 4P).6s"	"a 5P"	"2"	""	"4709*"	"1"		""	"L16323"	
"381.8112"	"381.81142"	"510*"	""		"14435.138"	"40618.647"	"5d.6s2.(a 2D).6p"	"z 3F*"	"2"	"5d4"	"a 5D"	"1"		""	"L16323"	
"381.8834"	""	"69"	""		""	""	""	""	""	""	""	""		""	"L16323"	
"381.9348"	"381.93486"	"1700"	""		"14092.2938"	"40267.341"	"5d3.(b 4F).6s"	"a 5F"	"1"	"5d2.(a 3P).6s.(a 2P).6p"	"u 3D*"	"2"		""	"L16323"	
"381.9900"	""	"100"	""		""	""	""	""	""	""	""	""		""	"L16323"	
"382.0728"	"382.072307"	"34000"	"1.71e+07"	B+	"4567.6413"	"30733.2723"	"5d2.6s2"	"a 3F"	"4"	"5d2.(a 3F).6s.(a 4F).6p"	"y 3F*"	"4"		"T5346"	"L21976,L16323"	
"382.264"	"382.26732"	"140"	""		"20960.1223"	"47112.405"	"5d2.(a 3F).6s.(a 4F).6p"	"z 5G*"	"4"	"6p2.(1D).5d.(2D).6s"	"f 3D"	"3"		""	"L16323"	
"382.2819"	"382.28213"	"200"	""		"15673.341"	"41824.611"	"5d3.(b 4F).6s"	"a 5F"	"3"	"5d3.(b 2G).6p"	"u 3F*"	"3"		""	"L16323"	
"382.3838"	"382.38409"	"170"	""		"22450.5521"	"48594.849"	"5d2.(a 3F).6s.(a 4F).6p"	"z 5F*"	"2"	""	"4859"	"2"		""	"L16323"	
"382.4580"	""	"200"	""		""	""	""	""	""	""	""	""		""	"L16323"	
"382.4961"	"382.49625"	"1700"	""		"23252.852"	"49389.483"	"5d3.(b 2G).6s"	"a 3G"	"4"	"5d3.(b 4F).6p"	"w 3G*"	"5"		""	"L16323"	
"382.6460"	""	"100"	""		""	""	""	""	""	""	""	""		""	"L16323"	
"382.8506"	"382.85080"	"1000"	""		"14017.827"	"40130.254"	"5d.6s2.(a 2D).6p"	"z 3D*"	"1"	"6p2.(3P).5d.(2D).6s"	"d 1D"	"2"		""	"L16323"	
"382.9686"	"382.96854"	"3400"	""		"16766.637"	"42871.036"	"5d3.(b 4F).6s"	"a 5F"	"4"	"5d3.(b 4F).6p"	"y 5G*"	"4"		""	"L16323"	
"383.0018"	"383.001314"	"6700"	""		"14092.2938"	"40194.4590"	"5d3.(b 4F).6s"	"a 5F"	"1"	"5d2.(b 1D).6s.(b 2D).6p"	"v 3F*"	"2"		""	"L21976,L16323"	
"383.0658"	""	"500"	""		""	""	""	""	""	""	""	""		""	"L16323"	
"383.1120"	"383.11196"	"1300"	""		"14541.677"	"40636.304"	"5d.6s2.(a 2D).6p"	"z 3F*"	"3"	"6p2.(3P).5d.(4F).6s"	"c 5F"	"2"		""	"L16323"	
"383.1940"	""	"33"	""		""	""	""	""	""	""	""	""		""	"L16323"	
"383.3502"	"383.35003"	"1300"	""		"14435.138"	"40513.560"	"5d.6s2.(a 2D).6p"	"z 3F*"	"2"	"5d.6s2.(a 2D).7s"	"d 3D"	"2"		""	"L16323"	
"383.3667"	"383.36632"	"2000"	""		"10532.5690"	"36609.883"	"5d2.6s2"	"a 1G"	"4"	"5d2.(a 3P).6s.(a 4P).6p"	"x 3D*"	"3"		""	"L16323"	
"383.4230"	""	"100"	""		""	""	""	""	""	""	""	""		""	"L16323"	
"383.4423"	"383.44208"	"130"	""		"19292.6984"	"45364.860"	"5d2.(a 3F).6s.(a 4F).6p"	"z 5G*"	"3"	"6p2.(3P).5d.(4P).6s"	"b 5P"	"3"		""	"L16323"	
"383.4484"	"383.44819"	"230"	""		"22880.262"	"48952.008"	"5d3.(b 2G).6s"	"a 3G"	"3"	"5d3.(b 4P).6p"	"y 5P*"	"2"		""	"L16323"	
"383.7196"	""	"130"	""		""	""	""	""	""	""	""	""		""	"L16323"	
"383.955"	"383.95858"	"130"	""		"22199.110"	"48236.200"	"5d3.(b 4P).6s"	"a 5P"	"3"	"5d3.(b 4F).6p"	"w 3G*"	"4"		""	"L16323"	
"384.1107"	"384.11078"	"260"	""		"14740.6924"	"40767.466"	"5d3.(b 4F).6s"	"a 5F"	"2"	"5d2.(a 3P).6s.(a 2P).6p"	"u 3D*"	"3"		""	"L16323"	
"384.2782"	"384.27815"	"290"	""		"23252.852"	"49268.290"	"5d3.(b 2G).6s"	"a 3G"	"4"	"5d3.(b 2G).6p"	"y 3H*"	"4"		""	"L16323"	
"384.3214"	"384.32140"	"160"	""		"21738.7225"	"47751.233"	"5d2.(a 3F).6s.(a 4F).6p"	"z 5F*"	"1"	"6p2.(1D).5d.(2P).6s"	"g 3P"	"0"		""	"L16323"	
"384.3402"	""	"65"	""		""	""	""	""	""	""	""	""		""	"L16323"	
"384.4110"	"384.41008"	"33"	""		"20960.1223"	"46966.632"	"5d2.(a 3F).6s.(a 4F).6p"	"z 5G*"	"4"	"6p2.(1D).5d.(2F).6s"	"c 1F"	"3"		""	"L16323"	
"384.5962"	"384.59584"	"260"	""		"18381.5234"	"44375.472"	"5d.6s2.(a 2D).6p"	"z 3D*"	"3"	"6p2.(3P).5d.(2P).6s"	"d 3P"	"2"		""	"L16323"	
"384.6521"	"384.6513"	"230"	""		"23448.6227"	"49438.825"	"5d2.(a 3F).6s.(a 4F).6p"	"z 5F*"	"3"	""	"4944"	"2"		""	"L16323"	
"384.9190"	"384.917811"	"32000"	"2.24e+07"	B+	"5638.6151"	"31610.8213"	"5d2.6s2"	"a 1D"	"2"	"5d2.(a 3F).6s.(a 2F).6p"	"y 1D*"	"2"		"T5346"	"L21976,L16323"	
"385.0364"	"385.03636"	"1600"	""		"8983.7652"	"34947.9749"	"5d2.6s2"	"a 3P"	"2"	"5d2.(a 3P).6s.(a 4P).6p"	"x 3D*"	"2"		""	"L16323"	
"385.1676"	"385.16737"	"640"	""		"23448.6227"	"49404.001"	"5d2.(a 3F).6s.(a 4F).6p"	"z 5F*"	"3"	""	"4940"	"2"		""	"L16323"	
"385.2520"	""	"32"	""		""	""	""	""	""	""	""	""		""	"L16323"	
"385.2716"	"385.27132"	"640"	""		"16163.3602"	"42111.736"	"5d.6s2.(a 2D).6p"	"z 3D*"	"2"	"6p2.(3P).5d.(4D).6s"	"e 3D"	"1"		""	"L16323"	
"385.2978"	"385.2980"	"64"	""		"25462.114"	"51408.695"	"5d2.(a 3F).6s.(a 4F).6p"	"z 5G*"	"6"	""	"5141"	"5"		""	"L16323"	
"385.4354"	"385.43531"	"1300"	""		"19791.3040"	"45728.640"	"5d.6s2.(a 2D).6p"	"z 3P*"	"2"	"5d2.(3P).6s.(a 4P).7s"	"e 3P"	"2"		""	"L16323"	
"385.4638"	""	"160"	""		""	""	""	""	""	""	""	""		""	"L16323"	
"385.4950"	""	"32"	""		""	""	""	""	""	""	""	""		""	"L16323"	
"385.8310"	"385.830632"	"25000"	"8.00e+06"	B+	"2356.6756"	"28267.4366"	"5d2.6s2"	"a 3F"	"3"	"5d2.(a 3F).6s.(a 4F).6p"	"y 3D*"	"2"		"T5346"	"L21976,L16323"	
"386.0910"	"386.09058"	"6300"	""		"8983.7652"	"34877.0813"	"5d2.6s2"	"a 3P"	"2"	"5d2.(a 3F).6s.(a 2F).6p"	"y 1F*"	"3"		""	"L16323"	
"386.1885"	"386.18883"	"220"	""		"10532.5690"	"36419.298"	"5d2.6s2"	"a 1G"	"4"	"5d2.(a 1G).6s.(a 2G).6p"	"z 3H*"	"5"		""	"L16323"	
"386.3436"	"386.3433"	"630"	""		"23327.739"	"49204.119"	"5d3.(b 4F).6s"	"b 3F"	"2"	"5d3.(b 4F).6p"	"s 3D*"	"1"		""	"L16323"	
"386.3655"	"386.36573"	"63"	""		"19791.3040"	"45666.181"	"5d.6s2.(a 2D).6p"	"z 3P*"	"2"	"6p2.(3P).5d.(4F).6s"	"e 3F"	"2"		""	"L16323"	
"386.4100"	""	"31"	""		""	""	""	""	""	""	""	""		""	"L16323"	
"386.5684"	"386.56863"	"310"	""		"24085.183"	"49946.479"	"5d3.(b 2G).6s"	"a 3G"	"5"	""	"4995*"	"4"		""	"L16323"	
"386.5979"	"386.59766"	"310"	""		"22450.5521"	"48309.906"	"5d2.(a 3F).6s.(a 4F).6p"	"z 5F*"	"2"	"6p2.(1S).5d.(2D).6s"	"g 3D"	"1"		""	"L16323"	
"386.6160"	"386.61689"	"31"	""		"19791.3040"	"45649.372"	"5d.6s2.(a 2D).6p"	"z 3P*"	"2"	"6p2.(3P).5d.(2F).6s"	"f 3F"	"3"		""	"L16323"	
"386.7950"	""	"31"	""		""	""	""	""	""	""	""	""		""	"L16323"	
"387.0962"	"387.09607"	"1500"	""		"14017.827"	"39843.886"	"5d.6s2.(a 2D).6p"	"z 3D*"	"1"	"5d4"	"a 5D"	"0"		""	"L16323"	
"387.1605"	""	"62"	""		""	""	""	""	""	""	""	""		""	"L16323"	
"387.3740"	""	"31"	""		""	""	""	""	""	""	""	""		""	"L16323"	
"387.4080"	""	"61"	""		""	""	""	""	""	""	""	""		""	"L16323"	
"387.4990"	""	"31"	""		""	""	""	""	""	""	""	""		""	"L16323"	
"387.5770"	"387.5762"	"31"	""		"23644.7563"	"49438.825"	"5d.6s2.(a 2D).6p"	"z 1F*"	"3"	""	"4944"	"2"		""	"L16323"	
"387.6280"	"387.62797"	"920"	""		"19292.6984"	"45083.320"	"5d2.(a 3F).6s.(a 4F).6p"	"z 5G*"	"3"	"6p2.(3P).5d.(2F).6s"	"b 1F"	"3"		""	"L16323"	
"387.8947"	"387.89482"	"610"	""		"14017.827"	"39790.707"	"5d.6s2.(a 2D).6p"	"z 3D*"	"1"	"6p2.(3P).5d.(4F).6s"	"c 5F"	"1"		""	"L16323"	
"387.9216"	"387.92162"	"1800"	""		"14017.827"	"39788.926"	"5d.6s2.(a 2D).6p"	"z 3D*"	"1"	"5d2.(3F).6s.(a 4F).7s"	"b 5F"	"2"		""	"L16323"	
"388.2527"	"388.25230"	"3000"	""		"15673.341"	"41422.491"	"5d3.(b 4F).6s"	"a 5F"	"3"	"5d3.(b 4F).6p"	"y 5G*"	"3"		""	"L16323"	
"388.5350"	""	"30"	""		""	""	""	""	""	""	""	""		""	"L16323"	
"388.5420"	""	"300"	""		""	""	""	""	""	""	""	""		""	"L16323"	
"388.5624"	"388.56248"	"60"	""		"22450.5521"	"48179.148"	"5d2.(a 3F).6s.(a 4F).6p"	"z 5F*"	"2"	""	"4818"	"2"		""	"L16323"	
"388.5804"	"388.58024"	"900"	""		"26202.5501"	"51929.970"	"5d2.(a 3F).6s.(a 4F).6p"	"z 5F*"	"5"	""	"5193"	"5"		""	"L16323"	
"388.9228"	"388.92243"	"4500"	""		"10532.5690"	"36237.353"	"5d2.6s2"	"a 1G"	"4"	"5d2.(b 1D).6s.(b 2D).6p"	"x 1F*"	"3"		""	"L16323"	
"388.9362"	"388.935622"	"5900"	"2.39e+06"	B+	"5638.6151"	"31342.5275"	"5d2.6s2"	"a 1D"	"2"	"5d2.(a 3P).6s.(a 4P).6p"	"y 5D*"	"3"		"T5346"	"L21976,L16323"	
"389.0683"	"389.06877"	"450"	""		"14435.138"	"40130.254"	"5d.6s2.(a 2D).6p"	"z 3F*"	"2"	"6p2.(3P).5d.(2D).6s"	"d 1D"	"2"		""	"L16323"	
"389.1470"	""	"300"	""		""	""	""	""	""	""	""	""		""	"L16323"	
"389.1900"	"389.18984"	"89"	""		"16766.637"	"42453.760"	"5d3.(b 4F).6s"	"a 5F"	"4"	"5d2.(a 1G).6s.(a 2G).6p"	"y 1G*"	"4"		""	"L16323"	
"389.2030"	""	"30"	""		""	""	""	""	""	""	""	""		""	"L16323"	
"389.2472"	"389.24715"	"1800"	""		"19791.3040"	"45474.645"	"5d.6s2.(a 2D).6p"	"z 3P*"	"2"	"6p2.(3P).5d.(4P).6s"	"f 3P"	"1"		""	"L16323"	
"389.3118"	"389.31183"	"300"	""		"22450.5521"	"48129.626"	"5d2.(a 3F).6s.(a 4F).6p"	"z 5F*"	"2"	"6p2.(1D).5d.(2P).6s"	"c 1P"	"1"		""	"L16323"	
"389.3260"	""	"30"	""		""	""	""	""	""	""	""	""		""	"L16323"	
"389.3594"	"389.3601"	"290"	""		"20784.857"	"46460.747"	"5d3.(b 4P).6s"	"a 5P"	"1"	""	"4646*"	"1"		""	"L16323"	
"389.4080"	""	"210"	""		""	""	""	""	""	""	""	""		""	"L16323"	
"389.9937"	"389.993003"	"29000"	"4.20e+06"	B+	"0.0000"	"25634.2234"	"5d2.6s2"	"a 3F"	"2"	"5d2.(a 3F).6s.(a 4F).6p"	"z 5D*"	"2"		"T5346"	"L21976,L16323"	
"390.1440"	"390.14451"	"580"	""		"23327.739"	"48952.008"	"5d3.(b 4F).6s"	"b 3F"	"2"	"5d3.(b 4P).6p"	"y 5P*"	"2"		""	"L16323"	
"390.2937"	""	"2600"	""		""	""	""	""	""	""	""	""		""	"L16323"	
"390.3200"	"390.32015"	"290"	""		"8983.7652"	"34596.5038"	"5d2.6s2"	"a 3P"	"2"	"5d2.(a 3F).6s.(a 2F).6p"	"w 3D*"	"1"		""	"L16323"	
"390.3824"	""	"170"	""		""	""	""	""	""	""	""	""		""	"L16323"	
"390.5520"	"390.5521"	"580"	""		"25281.843"	"50879.37?"	"5d3.(b 4F).6s"	"b 3F"	"3"	"5d3.(b 4F).6p"	"s 3D*"	"2"		""	"L16323"	
"390.5790"	""	"86"	""		""	""	""	""	""	""	""	""		""	"L16323"	
"390.6107"	""	"29"	""		""	""	""	""	""	""	""	""		""	"L16323"	
"390.6888"	"390.68871"	"2300"	""		"14541.677"	"40130.254"	"5d.6s2.(a 2D).6p"	"z 3F*"	"3"	"6p2.(3P).5d.(2D).6s"	"d 1D"	"2"		""	"L16323"	
"390.8800"	"390.8793"	"860*"	""		"25281.843"	"50857.946"	"5d3.(b 4F).6s"	"b 3F"	"3"	"5d3.(b 4P).6p"	"w 5D*"	"3"		""	"L16323"	
"390.8800"	"390.88000"	"860*"	""		"16163.3602"	"41739.415"	"5d.6s2.(a 2D).6p"	"z 3D*"	"2"	"5d4"	"a 5D"	"3"		""	"L16323"	
"390.9185"	"390.91819"	"2900"	""		"19791.3040"	"45364.860"	"5d.6s2.(a 2D).6p"	"z 3P*"	"2"	"6p2.(3P).5d.(4P).6s"	"b 5P"	"3"		""	"L16323"	
"390.967"	"390.96332"	"57"	""		"21738.7225"	"47309.327"	"5d2.(a 3F).6s.(a 4F).6p"	"z 5F*"	"1"	"6p2.(1D).5d.(2P).6s"	"g 3P"	"1"		""	"L16323"	
"391.0290"	"391.02912"	"290"	""		"21738.7225"	"47305.024"	"5d2.(a 3F).6s.(a 4F).6p"	"z 5F*"	"1"	"6p2.(1D).5d.(2D).6s"	"f 3D"	"2"		""	"L16323"	
"391.0876"	"391.08766"	"110"	""		"27018.812"	"52581.287"	"5d3.(2H).6s"	"a 3H"	"5"	"5d3.(b 4F).6p"	"t 3F*"	"4"		""	"L16323"	
"391.1748"	"391.17460"	"430"	""		"23448.6227"	"49005.416"	"5d2.(a 3F).6s.(a 4F).6p"	"z 5F*"	"3"	"5d2.(3F).6s.(a 2F).7s"	"i 3F"	"4"		""	"L16323"	
"391.2210"	""	"28"	""		""	""	""	""	""	""	""	""		""	"L16323"	
"391.2436"	"391.24362"	"200"	""		"20908.462"	"46460.747"	"5d3.(b 4P).6s"	"a 5P"	"2"	""	"4646*"	"1"		""	"L16323"	
"391.2670"	"391.26741"	"57"	""		"18011.0647"	"43561.796"	"5d2.(a 3F).6s.(a 4F).6p"	"z 5G*"	"2"	"6p2.(3P).5d.(2P).6s"	"d 3P"	"1"		""	"L16323"	
"391.3890"	"391.38841"	"28"	""		"23448.6227"	"48991.455"	"5d2.(a 3F).6s.(a 4F).6p"	"z 5F*"	"3"	"5d4"	"h 3F"	"2"		""	"L16323"	
"391.3930"	"391.393455"	"57"	""		"10532.5690"	"36075.0722"	"5d2.6s2"	"a 1G"	"4"	"5d2.(a 3F).6s.(a 2F).6p"	"x 3F*"	"4"		""	"L16323"	
"391.4060"	"391.40670"	"28"	""		"26305.8081"	"51847.447"	"5d2.(a 3F).6s.(a 4F).6p"	"z 5D*"	"3"	""	"5185"	"3"		""	"L16323"	
"391.4170"	""	"85"	""		""	""	""	""	""	""	""	""		""	"L16323"	
"391.5530"	""	"28"	""		""	""	""	""	""	""	""	""		""	"L16323"	
"391.6074"	"391.60748"	"560"	""		"14017.827"	"39546.371"	"5d.6s2.(a 2D).6p"	"z 3D*"	"1"	"5d.6s2.(a 2D).7s"	"d 3D"	"1"		""	"L16323"	
"391.6368"	"391.63656"	"850"	""		"14740.6924"	"40267.341"	"5d3.(b 4F).6s"	"a 5F"	"2"	"5d2.(a 3P).6s.(a 2P).6p"	"u 3D*"	"2"		""	"L16323"	
"391.7250"	""	"28"	""		""	""	""	""	""	""	""	""		""	"L16323"	
"391.9417"	"391.94217"	"84"	""		"27074.542"	"52581.287"	"5d3.(b 4F).6s"	"b 3F"	"4"	"5d3.(b 4F).6p"	"t 3F*"	"4"		""	"L16323"	
"391.9740"	"391.97430"	"250"	""		"22450.5521"	"47955.206"	"5d2.(a 3F).6s.(a 4F).6p"	"z 5F*"	"2"	"6p2.(1S).5d.(2D).6s"	"g 3D"	"2"		""	"L16323"	
"392.0137"	"392.01402"	"84"	""		"15673.341"	"41175.411"	"5d3.(b 4F).6s"	"a 5F"	"3"	"5d3.(b 2G).6p"	"u 3F*"	"4"		""	"L16323"	
"392.2020"	""	"56"	""		""	""	""	""	""	""	""	""		""	"L16323"	
"392.2312"	"392.23180"	"110"	""		"22450.5521"	"47938.463"	"5d2.(a 3F).6s.(a 4F).6p"	"z 5F*"	"2"	"5d2.(3P).6s.(a 4P).7s"	"c 5P"	"3"		""	"L16323"	
"392.2784"	"392.27870"	"220"	""		"19292.6984"	"44777.562"	"5d2.(a 3F).6s.(a 4F).6p"	"z 5G*"	"3"	"5d2.(3F).6s.(a 4F).7s"	"d 3F"	"4"		""	"L16323"	
"392.3714"	"392.37133"	"560"	""		"19791.3040"	"45270.151"	"5d.6s2.(a 2D).6p"	"z 3P*"	"2"	"5d2.(3P).6s.(a 4P).7s"	"e 3P"	"1"		""	"L16323"	
"392.6434"	"392.64327"	"2800"	""		"10532.5690"	"35993.7702"	"5d2.6s2"	"a 1G"	"4"	"5d2.(a 3F).6s.(a 2F).6p"	"y 3G*"	"5"		""	"L16323"	
"392.7108"	"392.71051"	"280"	""		"18381.5234"	"43838.365"	"5d.6s2.(a 2D).6p"	"z 3D*"	"3"	"6p2.(3P).5d.(4D).6s"	"b 5D"	"4"		""	"L16323"	
"392.7585"	"392.75796"	"2800"	""		"14740.6924"	"40194.4590"	"5d3.(b 4F).6s"	"a 5F"	"2"	"5d2.(b 1D).6s.(b 2D).6p"	"v 3F*"	"2"		""	"L21976,L16323"	
"392.8722"	"392.87209"	"270"	""		"22450.5521"	"47896.924"	"5d2.(a 3F).6s.(a 4F).6p"	"z 5F*"	"2"	"6p2.(1S).5d.(2D).6s"	"g 3D"	"3"		""	"L16323"	
"393.1380"	"393.137246"	"19000"	"4.57e+06"	B+	"4567.6413"	"29996.8513"	"5d2.6s2"	"a 3F"	"4"	"5d2.(a 3F).6s.(a 4F).6p"	"y 3D*"	"3"		"T5346"	"L21976,L16323"	
"393.1761"	"393.1765"	"550"	""		"25462.114"	"50888.787?"	"5d2.(a 3F).6s.(a 4F).6p"	"z 5G*"	"6"	"5d4"	"b 3H"	"6"		""	"L16323"	
"393.5110"	""	"27"	""		""	""	""	""	""	""	""	""		""	"L16323"	
"393.5310"	""	"81"	""		""	""	""	""	""	""	""	""		""	"L16323"	
"393.7280"	"393.7283"	"27"	""		"22199.110"	"47590.144"	"5d3.(b 4P).6s"	"a 5P"	"3"	""	"4759*"	"3"		""	"L16323"	
"393.8200"	"393.8170"	"27i"	""		"20784.857"	"46170.176"	"5d3.(b 4P).6s"	"a 5P"	"1"	"5d3.(b 4F).6p"	"x 5D*"	"2"		""	"L16323c153"	
"393.8480"	""	"270"	""		""	""	""	""	""	""	""	""		""	"L16323"	
"393.9042"	"393.903517"	"2700"	""		"6572.5498"	"31952.2928"	"5d2.6s2"	"a 3P"	"1"	"5d2.(a 3P).6s.(a 4P).6p"	"z 5P*"	"1"		""	"L21976,L16323"	
"394.0346"	"394.034574"	"540"	""		"6572.5498"	"31943.8516"	"5d2.6s2"	"a 3P"	"1"	"5d2.(a 3P).6s.(a 4P).6p"	"z 5S*"	"2"		""	"L16323"	
"394.1920"	"394.19208"	"400"	""		"23448.6227"	"48809.787"	"5d2.(a 3F).6s.(a 4F).6p"	"z 5F*"	"3"	"5d4"	"h 3D"	"3"		""	"L16323"	
"394.2730"	"394.27333"	"530"	""		"22880.262"	"48236.200"	"5d3.(b 2G).6s"	"a 3G"	"3"	"5d3.(b 4F).6p"	"w 3G*"	"4"		""	"L16323"	
"394.3060"	"394.30677"	"1100"	""		"14435.138"	"39788.926"	"5d.6s2.(a 2D).6p"	"z 3F*"	"2"	"5d2.(3F).6s.(a 4F).7s"	"b 5F"	"2"		""	"L16323"	
"394.3600"	""	"80"	""		""	""	""	""	""	""	""	""		""	"L16323"	
"394.4160"	"394.41706"	"27"	""		"23644.7563"	"48991.455"	"5d.6s2.(a 2D).6p"	"z 1F*"	"3"	"5d4"	"h 3F"	"2"		""	"L16323"	
"394.4590"	"394.4588"	"80"	""		"23641.389"	"48985.407"	"5d3.(c 2D).6s"	"a 3D"	"1"	"5d3.(b 4P).6p"	"w 5D*"	"0"		""	"L16323"	
"394.5870"	""	"53"	""		""	""	""	""	""	""	""	""		""	"L16323"	
"394.7977"	"394.79749"	"240"	""		"20960.1223"	"46282.397"	"5d2.(a 3F).6s.(a 4F).6p"	"z 5G*"	"4"	"6p2.(3P).5d.(2F).6s"	"f 3F"	"4"		""	"L16323"	
"394.8299"	"394.82980"	"110"	""		"20960.1223"	"46280.325"	"5d2.(a 3F).6s.(a 4F).6p"	"z 5G*"	"4"	"6p2.(1D).5d.(2F).6s"	"g 3F"	"3"		""	"L16323"	
"394.8423"	"394.84265"	"53"	""		"22901.3837"	"48220.762"	"5d2.(a 3F).6s.(a 4F).6p"	"z 5G*"	"5"	"5d4"	"h 3F"	"4"		""	"L16323"	
"394.9497"	"394.94989"	"530"	""		"16163.3602"	"41475.864"	"5d.6s2.(a 2D).6p"	"z 3D*"	"2"	"6p2.(3P).5d.(4F).6s"	"c 5F"	"3"		""	"L16323"	
"394.9800"	"394.97930"	"180"	""		"23641.389"	"48952.008"	"5d3.(c 2D).6s"	"a 3D"	"1"	"5d3.(b 4P).6p"	"y 5P*"	"2"		""	"L16323"	
"395.0780"	"395.07794"	"1300"	""		"24085.183"	"49389.483"	"5d3.(b 2G).6s"	"a 3G"	"5"	"5d3.(b 4F).6p"	"w 3G*"	"5"		""	"L16323"	
"395.1180"	"395.1172"	"210"	""		"25281.843"	"50583.628"	"5d3.(b 4F).6s"	"b 3F"	"3"	""	"5058*"	"3"		""	"L16323"	
"395.1822"	"395.181289"	"26000"	"4.00e+06"	B	"2356.6756"	"27654.3580"	"5d2.6s2"	"a 3F"	"3"	"5d2.(a 3F).6s.(a 4F).6p"	"y 3F*"	"3"		"T5346"	"L21976,L16323"	
"395.5800"	""	"78"	""		""	""	""	""	""	""	""	""		""	"L16323"	
"395.6080"	"395.60796"	"130"	""		"25084.172"	"50354.571"	"5d3.(c 2D).6s"	"a 3D"	"2"	"5d3.(b 4F).6p"	"t 3F*"	"3"		""	"L16323"	
"395.6390"	"395.63948"	"26"	""		"14017.827"	"39286.213"	"5d.6s2.(a 2D).6p"	"z 3D*"	"1"	"5d2.(3F).6s.(a 4F).7s"	"b 5F"	"1"		""	"L16323"	
"395.7026"	"395.70274"	"1000"	""		"18224.981"	"43489.327"	"5d.6s2.(a 2D).6p"	"z 3F*"	"4"	"5d2.(3F).6s.(a 4F).7s"	"d 3F"	"3"		""	"L16323"	
"395.7440"	"395.7440"	"260*"	""		"20908.462"	"46170.176"	"5d3.(b 4P).6s"	"a 5P"	"2"	"5d3.(b 4F).6p"	"x 5D*"	"2"		""	"L16323"	
"395.7440"	"395.74426"	"260*"	""		"23644.7563"	"48906.452"	"5d.6s2.(a 2D).6p"	"z 1F*"	"3"	"5d4"	"h 3D"	"2"		""	"L16323"	
"395.7730"	"395.77301"	"230"	""		"23448.6227"	"48708.483"	"5d2.(a 3F).6s.(a 4F).6p"	"z 5F*"	"3"	"5d4"	"5P?"	"2"		""	"L16323"	
"395.8982"	"395.89803"	"390"	""		"22450.5521"	"47702.436"	"5d2.(a 3F).6s.(a 4F).6p"	"z 5F*"	"2"	"6p2.(1D).5d.(2D).6s"	"f 1D"	"2"		""	"L16323"	
"395.9702"	"395.97071"	"520"	""		"14541.677"	"39788.926"	"5d.6s2.(a 2D).6p"	"z 3F*"	"3"	"5d2.(3F).6s.(a 4F).7s"	"b 5F"	"2"		""	"L16323"	
"396.0060"	""	"26"	""		""	""	""	""	""	""	""	""		""	"L16323"	
"396.0540"	""	"26"	""		""	""	""	""	""	""	""	""		""	"L16323"	
"396.1680"	""	"26"	""		""	""	""	""	""	""	""	""		""	"L16323"	
"396.2040"	""	"26"	""		""	""	""	""	""	""	""	""		""	"L16323"	
"396.2764"	""	"77"	""		""	""	""	""	""	""	""	""		""	"L16323"	
"396.3472"	"396.34721"	"100"	""		"21738.7225"	"46961.989"	"5d2.(a 3F).6s.(a 4F).6p"	"z 5F*"	"1"	"6p2.(1D).5d.(2F).6s"	"g 3F"	"2"		""	"L16323"	
"396.3944"	""	"26"	""		""	""	""	""	""	""	""	""		""	"L16323"	
"396.4040"	""	"77"	""		""	""	""	""	""	""	""	""		""	"L16323"	
"396.6162"	"396.61644"	"260"	""		"26202.5501"	"51408.695"	"5d2.(a 3F).6s.(a 4F).6p"	"z 5F*"	"5"	""	"5141"	"5"		""	"L16323"	
"396.6938"	"396.69351"	"76"	""		"22880.262"	"48081.510"	"5d3.(b 2G).6s"	"a 3G"	"3"	""	"4808*"	"3"		""	"L16323"	
"396.7254"	"396.72524"	"760"	""		"21738.7225"	"46937.955"	"5d2.(a 3F).6s.(a 4F).6p"	"z 5F*"	"1"	"5d2.(3P).6s.(a 4P).7s"	"c 5P"	"1"		""	"L16323"	
"396.8008"	"396.799621"	"10000"	""		"0.0000"	"25194.5090"	"5d2.6s2"	"a 3F"	"2"	"5d2.(a 3F).6s.(a 4F).6p"	"z 5D*"	"1"		""	"L21976,L16323"	
"396.8985"	"396.89870"	"250"	""		"26202.5501"	"51390.770"	"5d2.(a 3F).6s.(a 4F).6p"	"z 5F*"	"5"	"5d4"	"5F"	"4"		""	"L16323"	
"396.9790"	"396.97928"	"51"	""		"24085.183"	"49268.290"	"5d3.(b 2G).6s"	"a 3G"	"5"	"5d3.(b 2G).6p"	"y 3H*"	"4"		""	"L16323"	
"397.2228"	"397.22297"	"500"	""		"22880.262"	"48047.920"	"5d3.(b 2G).6s"	"a 3G"	"3"	"5d3.(b 4F).6p"	"x 5D*"	"4"		""	"L16323"	
"397.2642"	"397.26444"	"76"	""		"23644.7563"	"48809.787"	"5d.6s2.(a 2D).6p"	"z 1F*"	"3"	"5d4"	"h 3D"	"3"		""	"L16323"	
"397.3477"	"397.347912"	"15000"	"9.1e+05"	C+	"2356.6756"	"27516.4201"	"5d2.6s2"	"a 3F"	"3"	"5d2.(a 3F).6s.(a 4F).6p"	"z 5D*"	"4"		"T5346"	"L16323"	
"397.5624"	"397.56152"	"50"	""		"23448.6227"	"48594.849"	"5d2.(a 3F).6s.(a 4F).6p"	"z 5F*"	"3"	""	"4859"	"2"		""	"L16323"	
"397.7383"	"397.73873"	"1000"	""		"16163.3602"	"41298.383"	"5d.6s2.(a 2D).6p"	"z 3D*"	"2"	"5d2.(3F).6s.(a 4F).7s"	"d 3F"	"2"		""	"L16323"	
"398.1148"	"398.11555"	"250"	""		"14435.138"	"39546.371"	"5d.6s2.(a 2D).6p"	"z 3F*"	"2"	"5d.6s2.(a 2D).7s"	"d 3D"	"1"		""	"L16323"	
"398.1698"	"398.16993"	"2000"	""		"18381.5234"	"43489.327"	"5d.6s2.(a 2D).6p"	"z 3D*"	"3"	"5d2.(3F).6s.(a 4F).7s"	"d 3F"	"3"		""	"L16323"	
"398.3870"	"398.38697"	"74"	""		"15673.341"	"40767.466"	"5d3.(b 4F).6s"	"a 5F"	"3"	"5d2.(a 3P).6s.(a 2P).6p"	"u 3D*"	"3"		""	"L16323"	
"398.5320"	"398.53250"	"25"	""		"26305.8081"	"51390.770"	"5d2.(a 3F).6s.(a 4F).6p"	"z 5D*"	"3"	"5d4"	"5F"	"4"		""	"L16323"	
"398.5570"	""	"74"	""		""	""	""	""	""	""	""	""		""	"L16323"	
"398.5670"	"398.5666"	"150*"	""		"25281.843"	"50364.656"	"5d3.(b 4F).6s"	"b 3F"	"3"	"5d3.(b 4P).6p"	"w 5D*"	"2"		""	"L16323"	
"398.5670"	"398.56727"	"150*"	""		"19292.6984"	"44375.472"	"5d2.(a 3F).6s.(a 4F).6p"	"z 5G*"	"3"	"6p2.(3P).5d.(2P).6s"	"d 3P"	"2"		""	"L16323"	
"398.7270"	"398.72696"	"490"	""		"25281.843"	"50354.571"	"5d3.(b 4F).6s"	"b 3F"	"3"	"5d3.(b 4F).6p"	"t 3F*"	"3"		""	"L16323"	
"398.8128"	""	"98"	""		""	""	""	""	""	""	""	""		""	"L16323"	
"398.8700"	"398.87016"	"49"	""		"23644.7563"	"48708.483"	"5d.6s2.(a 2D).6p"	"z 1F*"	"3"	"5d4"	"5P?"	"2"		""	"L16323"	
"398.9280"	""	"24"	""		""	""	""	""	""	""	""	""		""	"L16323"	
"398.9370"	""	"24"	""		""	""	""	""	""	""	""	""		""	"L16323"	
"398.9480"	""	"49"	""		""	""	""	""	""	""	""	""		""	"L16323"	
"398.9610"	"398.96174"	"73"	""		"16766.637"	"41824.611"	"5d3.(b 4F).6s"	"a 5F"	"4"	"5d3.(b 2G).6p"	"u 3F*"	"3"		""	"L16323"	
"399.0000"	""	"24"	""		""	""	""	""	""	""	""	""		""	"L16323"	
"399.0524"	""	"49"	""		""	""	""	""	""	""	""	""		""	"L16323"	
"399.1250"	"399.12544"	"97"	""		"16163.3602"	"41211.057"	"5d.6s2.(a 2D).6p"	"z 3D*"	"2"	"5d4"	"a 5D"	"2"		""	"L16323"	
"399.1770"	"399.1774"	"24"	""		"26463.9649"	"51508.399"	"5d.6s2.(a 2D).6p"	"z 1P*"	"1"	""	"5151"	"2"		""	"L16323"	
"399.1820"	"399.18307"	"48"	""		"21738.7225"	"46782.803"	"5d2.(a 3F).6s.(a 4F).6p"	"z 5F*"	"1"	"6p2.(3P).5d.(2P).6s"	"b 1P"	"1"		""	"L16323"	
"399.2750"	"399.275684"	"970"	"3.8e+05"	C+	"6572.5498"	"31610.8213"	"5d2.6s2"	"a 3P"	"1"	"5d2.(a 3F).6s.(a 2F).6p"	"y 1D*"	"2"		"T5346"	"L16323"	
"399.3350"	"399.33570"	"72"	""		"20960.1223"	"45994.631"	"5d2.(a 3F).6s.(a 4F).6p"	"z 5G*"	"4"	"6p2.(3P).5d.(4F).6s"	"e 3F"	"3"		""	"L16323"	
"399.6530"	"399.6523"	"24"	""		"20784.857"	"45799.531"	"5d3.(b 4P).6s"	"a 5P"	"1"	"5d3.(b 4F).6p"	"x 5D*"	"1"		""	"L16323"	
"399.7090"	"399.70909"	"720"	""		"8983.7652"	"33994.8879"	"5d2.6s2"	"a 3P"	"2"	"5d2.(a 1G).6s.(a 2G).6p"	"w 3F*"	"2"		""	"L16323"	
"399.7807"	"399.78111"	"480"	""		"24785.2649"	"49791.882"	"5d2.(a 3F).6s.(a 4F).6p"	"z 5F*"	"4"	""	"4979"	"3"		""	"L16323"	
"399.8001"	"399.80020"	"360"	""		"18011.0647"	"43016.488"	"5d2.(a 3F).6s.(a 4F).6p"	"z 5G*"	"2"	"6p2.(3P).5d.(4D).6s"	"b 5D"	"2"		""	"L16323"	
"399.8150"	"399.81522"	"48"	""		"22880.262"	"47884.746"	"5d3.(b 2G).6s"	"a 3G"	"3"	""	"4788*"	"3"		""	"L16323"	
"399.9790"	""	"24"	""		""	""	""	""	""	""	""	""		""	"L16323"	
"400.1530"	"400.15347"	"950"	""		"23252.852"	"48236.200"	"5d3.(b 2G).6s"	"a 3G"	"4"	"5d3.(b 4F).6p"	"w 3G*"	"4"		""	"L16323"	
"400.3432"	""	"71"	""		""	""	""	""	""	""	""	""		""	"L16323"	
"400.3715"	"400.37194"	"240"	""		"17901.320"	"42871.036"	"5d3.(b 4F).6s"	"a 5F"	"5"	"5d3.(b 4F).6p"	"y 5G*"	"4"		""	"L16323"	
"400.4385"	"400.43878"	"950"	""		"8983.7652"	"33949.313"	"5d2.6s2"	"a 3P"	"2"	"5d2.(a 3F).6s.(a 2F).6p"	"x 3F*"	"3"		""	"L16323"	
"400.4679"	"400.46827"	"350"	""		"14740.6924"	"39704.402"	"5d3.(b 4F).6s"	"a 5F"	"2"	"5d2.(a 3P).6s.(a 2P).6p"	"u 3D*"	"1"		""	"L16323"	
"400.5490"	"400.54958"	"71"	""		"23448.6227"	"48407.265"	"5d2.(a 3F).6s.(a 4F).6p"	"z 5F*"	"3"	"6p2.(1S).5d.(2D).6s"	"g 1D"	"2"		""	"L16323"	
"400.6480"	""	"47"	""		""	""	""	""	""	""	""	""		""	"L16323"	
"400.6900"	"400.6914"	"24"	""		"27018.812"	"51968.618"	"5d3.(2H).6s"	"a 3H"	"5"	"5d3.(b 4P).6p"	"w 5D*"	"4"		""	"L16323"	
"400.7590"	""	"23"	""		""	""	""	""	""	""	""	""		""	"L16323"	
"400.8950"	""	"23"	""		""	""	""	""	""	""	""	""		""	"L16323"	
"400.9862"	"400.98646"	"470"	""		"23327.739"	"48259.189"	"5d3.(b 4F).6s"	"b 3F"	"2"	"5d3.(b 4P).6p"	"w 5D*"	"1"		""	"L16323"	
"401.1503"	"401.15028"	"2300"	""		"10532.5690"	"35453.8381"	"5d2.6s2"	"a 1G"	"4"	"5d2.(a 1G).6s.(a 2G).6p"	"w 3F*"	"3"		""	"L16323"	
"401.2240"	""	"23"	""		""	""	""	""	""	""	""	""		""	"L16323"	
"401.3259"	""	"160"	""		""	""	""	""	""	""	""	""		""	"L16323"	
"401.3580"	"401.35865"	"23"	""		"23448.6227"	"48356.954"	"5d2.(a 3F).6s.(a 4F).6p"	"z 5F*"	"3"	"5d4"	"c 3G"	"4"		""	"L16323"	
"401.5672"	"401.56722"	"920"	""		"22450.5521"	"47345.946"	"5d2.(a 3F).6s.(a 4F).6p"	"z 5F*"	"2"	"6p2.(1D).5d.(2G).6s"	"b 3G"	"3"		""	"L16323"	
"401.6990"	""	"23"	""		""	""	""	""	""	""	""	""		""	"L16323"	
"401.7685"	""	"69"	""		""	""	""	""	""	""	""	""		""	"L16323"	
"401.8912"	"401.89138"	"210"	""		"24785.2649"	"49660.579"	"5d2.(a 3F).6s.(a 4F).6p"	"z 5F*"	"4"	""	"4966"	"3"		""	"L16323"	
"401.9274"	"401.92741"	"23"	""		"18143.4034"	"43016.488"	"5d.6s2.(a 2D).6p"	"z 3P*"	"1"	"6p2.(3P).5d.(4D).6s"	"b 5D"	"2"		""	"L16323"	
"401.9680"	"401.96869"	"23"	""		"23448.6227"	"48319.153"	"5d2.(a 3F).6s.(a 4F).6p"	"z 5F*"	"3"	""	"4832"	"3"		""	"L16323"	
"402.1593"	"402.15878"	"160"	""		"22450.5521"	"47309.327"	"5d2.(a 3F).6s.(a 4F).6p"	"z 5F*"	"2"	"6p2.(1D).5d.(2P).6s"	"g 3P"	"1"		""	"L16323"	
"402.2151"	""	"70h"	""		""	""	""	""	""	""	""	""		""	"L16323"	
"402.2830"	"402.28339"	"940"	""		"14435.138"	"39286.213"	"5d.6s2.(a 2D).6p"	"z 3F*"	"2"	"5d2.(3F).6s.(a 4F).7s"	"b 5F"	"1"		""	"L16323"	
"402.3976"	""	"23"	""		""	""	""	""	""	""	""	""		""	"L16323"	
"402.4918"	"402.49172"	"470"	""		"24785.2649"	"49623.477"	"5d2.(a 3F).6s.(a 4F).6p"	"z 5F*"	"4"	""	"4962"	"4"		""	"L16323"	
"402.6220"	""	"24"	""		""	""	""	""	""	""	""	""		""	"L16323"	
"402.6290"	""	"47"	""		""	""	""	""	""	""	""	""		""	"L16323"	
"402.6470"	"402.64660"	"47"	""		"23252.852"	"48081.510"	"5d3.(b 2G).6s"	"a 3G"	"4"	""	"4808*"	"3"		""	"L16323"	
"402.7720"	""	"24"	""		""	""	""	""	""	""	""	""		""	"L16323"	
"403.0030"	""	"24"	""		""	""	""	""	""	""	""	""		""	"L16323"	
"403.0680"	"403.06733"	"24"	""		"25281.843"	"50084.585"	"5d3.(b 4F).6s"	"b 3F"	"3"	"5d3.(b 4F).6p"	"t 3F*"	"2"		""	"L16323"	
"403.1924"	"403.19208"	"480"	""		"23252.852"	"48047.920"	"5d3.(b 2G).6s"	"a 3G"	"4"	"5d3.(b 4F).6p"	"x 5D*"	"4"		""	"L16323"	
"403.2266"	"403.225898"	"7200"	"1.80e+06"	B+	"2356.6756"	"27149.6642"	"5d2.6s2"	"a 3F"	"3"	"5d2.(a 3F).6s.(a 4F).6p"	"y 3F*"	"2"		"T5346"	"L21976,L16323"	
"403.4480"	""	"96"	""		""	""	""	""	""	""	""	""		""	"L16323"	
"403.5650"	"403.56528"	"48"	""		"23448.6227"	"48220.762"	"5d2.(a 3F).6s.(a 4F).6p"	"z 5F*"	"3"	"5d4"	"h 3F"	"4"		""	"L16323"	
"403.5760"	"403.57592"	"24"	""		"18011.0647"	"42782.551"	"5d2.(a 3F).6s.(a 4F).6p"	"z 5G*"	"2"	"6p2.(3P).5d.(4D).6s"	"b 5D"	"1"		""	"L16323"	
"403.5888"	""	"72"	""		""	""	""	""	""	""	""	""		""	"L16323"	
"403.7224"	"403.72223"	"120"	""		"23644.7563"	"48407.265"	"5d.6s2.(a 2D).6p"	"z 1F*"	"3"	"6p2.(1S).5d.(2D).6s"	"g 1D"	"2"		""	"L16323"	
"403.7640"	""	"24"	""		""	""	""	""	""	""	""	""		""	"L16323"	
"403.8379"	"403.83784"	"730"	""		"24785.2649"	"49540.685"	"5d2.(a 3F).6s.(a 4F).6p"	"z 5F*"	"4"	"5d4"	"c 3G"	"5"		""	"L16323"	
"403.8646"	"403.86475"	"490"	""		"23327.739"	"48081.510"	"5d3.(b 4F).6s"	"b 3F"	"2"	""	"4808*"	"3"		""	"L16323"	
"403.9560"	""	"24"	""		""	""	""	""	""	""	""	""		""	"L16323"	
"404.0350"	""	"24"	""		""	""	""	""	""	""	""	""		""	"L16323"	
"404.1630"	""	"24"	""		""	""	""	""	""	""	""	""		""	"L16323"	
"404.1768"	""	"980"	""		""	""	""	""	""	""	""	""		""	"L16323"	
"404.3571"	""	"49"	""		""	""	""	""	""	""	""	""		""	"L16323"	
"404.4370"	"404.43700"	"2000"	""		"16163.3602"	"40882.107"	"5d.6s2.(a 2D).6p"	"z 3D*"	"2"	"5d2.(3F).6s.(a 4F).7s"	"b 5F"	"3"		""	"L16323"	
"404.5198"	""	"150"	""		""	""	""	""	""	""	""	""		""	"L16323"	
"404.5444"	"404.54418"	"120"	""		"23644.7563"	"48356.954"	"5d.6s2.(a 2D).6p"	"z 1F*"	"3"	"5d4"	"c 3G"	"4"		""	"L16323"	
"404.6041"	"404.60416"	"74"	""		"18011.0647"	"42719.599"	"5d2.(a 3F).6s.(a 4F).6p"	"z 5G*"	"2"	"6p2.(3P).5d.(4D).6s"	"e 3D"	"2"		""	"L16323"	
"404.6640"	"404.66410"	"25"	""		"22901.3837"	"47606.258"	"5d2.(a 3F).6s.(a 4F).6p"	"z 5G*"	"5"	"6p2.(1D).5d.(2G).6s"	"b 1G"	"4"		""	"L16323"	
"404.7600"	"404.75962"	"500"	""		"21738.7225"	"46437.767"	"5d2.(a 3F).6s.(a 4F).6p"	"z 5F*"	"1"	"6p2.(3P).5d.(4P).6s"	"f 3P"	"2"		""	"L16323"	
"404.7790"	"404.7783"	"370*"	""		"26943.983"	"51641.888"	"5d3.(2H).6s"	"a 3H"	"6"	"5d3.(b 2G).6p"	"y 3H*"	"6"		""	"L16323"	
"404.7790"	"404.78030"	"370*"	""		"27149.6642"	"51847.447"	"5d2.(a 3F).6s.(a 4F).6p"	"y 3F*"	"2"	""	"5185"	"3"		""	"L16323"	
"404.8664"	"404.86667"	"990"	""		"14435.138"	"39127.652"	"5d.6s2.(a 2D).6p"	"z 3F*"	"2"	"6p2.(3P).5d.(2D).6s"	"c 3D"	"3"		""	"L16323"	
"404.9702"	"404.9696"	"750"	""		"26202.5501"	"50888.787?"	"5d2.(a 3F).6s.(a 4F).6p"	"z 5F*"	"5"	"5d4"	"b 3H"	"6"		""	"L16323"	
"405.0883"	"405.087807"	"2500*"	"4.e+05"	E	"4567.6413"	"29246.6760"	"5d2.6s2"	"a 3F"	"4"	"5d2.(a 3F).6s.(a 4F).6p"	"z 3G*"	"4"		"T5346"	"L21976,L16323"	
"405.0883"	"405.08785"	"2500*"	""		"23252.852"	"47931.884"	"5d3.(b 2G).6s"	"a 3G"	"4"	"5d3.(b 2G).6p"	"v 3G*"	"3"		""	"L21976,L16323"	
"405.3246"	"405.3221"	"1000i"	""		"27074.542"	"51739.31?"	"5d3.(b 4F).6s"	"b 3F"	"4"	"5d3.(b 4F).6p"	"s 3D*"	"3"		""	"L16323c153"	
"405.4686"	"405.46867"	"500"	""		"16766.637"	"41422.491"	"5d3.(b 4F).6s"	"a 5F"	"4"	"5d3.(b 4F).6p"	"y 5G*"	"3"		""	"L16323"	
"405.5700"	""	"25"	""		""	""	""	""	""	""	""	""		""	"L16323"	
"405.5928"	""	"150"	""		""	""	""	""	""	""	""	""		""	"L16323"	
"405.7439"	"405.74360"	"2000"	""		"18143.4034"	"42782.551"	"5d.6s2.(a 2D).6p"	"z 3P*"	"1"	"6p2.(3P).5d.(4D).6s"	"b 5D"	"1"		""	"L16323"	
"405.8124"	"405.81249"	"51"	""		"18381.5234"	"43016.488"	"5d.6s2.(a 2D).6p"	"z 3D*"	"3"	"6p2.(3P).5d.(4D).6s"	"b 5D"	"2"		""	"L16323"	
"405.8626"	"405.86308"	"25"	""		"23252.852"	"47884.746"	"5d3.(b 2G).6s"	"a 3G"	"4"	""	"4788*"	"3"		""	"L16323"	
"405.8770"	""	"76"	""		""	""	""	""	""	""	""	""		""	"L16323"	
"406.0085"	"406.0084"	"100"	""		"27018.812"	"51641.888"	"5d3.(2H).6s"	"a 3H"	"5"	"5d3.(b 2G).6p"	"y 3H*"	"6"		""	"L16323"	
"406.2840"	"406.28356"	"10000"	""		"10508.904"	"35115.306"	"5d.6s2.(a 2D).6p"	"z 1D*"	"2"	""	"3512"	"2"		""	"L16323"	
"406.3754"	"406.37533"	"130"	""		"23448.6227"	"48049.468"	"5d2.(a 3F).6s.(a 4F).6p"	"z 5F*"	"3"	"5d2.(3F).6s.(a 2F).7s"	"d 1F"	"3"		""	"L16323"	
"406.4880"	"406.48844"	"520"	""		"15673.341"	"40267.341"	"5d3.(b 4F).6s"	"a 5F"	"3"	"5d2.(a 3P).6s.(a 2P).6p"	"u 3D*"	"2"		""	"L16323"	
"406.6210"	"406.62113"	"5200"	""		"14541.677"	"39127.652"	"5d.6s2.(a 2D).6p"	"z 3F*"	"3"	"6p2.(3P).5d.(2D).6s"	"c 3D"	"3"		""	"L16323"	
"406.7830"	"406.78293"	"2600"	""		"18143.4034"	"42719.599"	"5d.6s2.(a 2D).6p"	"z 3P*"	"1"	"6p2.(3P).5d.(4D).6s"	"e 3D"	"2"		""	"L16323"	
"406.8256"	"406.82578"	"1800"	""		"23448.6227"	"48022.230"	"5d2.(a 3F).6s.(a 4F).6p"	"z 5F*"	"3"	"5d4"	"b 3H"	"4"		""	"L16323"	
"407.0168"	"407.01674"	"52"	""		"24785.2649"	"49347.343"	"5d2.(a 3F).6s.(a 4F).6p"	"z 5F*"	"4"	""	"4935"	"3"		""	"L16323"	
"407.0297"	""	"78"	""		""	""	""	""	""	""	""	""		""	"L16323"	
"407.0669"	"407.06705"	"78"	""		"25634.2234"	"50193.266"	"5d2.(a 3F).6s.(a 4F).6p"	"z 5D*"	"2"	""	"5019"	"2"		""	"L16323"	
"407.1006"	"407.10080"	"230"	""		"23327.739"	"47884.746"	"5d3.(b 4F).6s"	"b 3F"	"2"	""	"4788*"	"3"		""	"L16323"	
"407.1438"	"407.14407"	"100"	""		"8983.7652"	"33538.1620"	"5d2.6s2"	"a 3P"	"2"	"5d2.(a 3F).6s.(a 2F).6p"	"x 3F*"	"2"		""	"L16323"	
"407.2641"	""	"79"	""		""	""	""	""	""	""	""	""		""	"L16323"	
"407.2885"	"407.28888"	"180"	""		"19292.6984"	"43838.365"	"5d2.(a 3F).6s.(a 4F).6p"	"z 5G*"	"3"	"6p2.(3P).5d.(4D).6s"	"b 5D"	"4"		""	"L16323"	
"407.4340"	""	"26"	""		""	""	""	""	""	""	""	""		""	"L16323"	
"407.4760"	"407.47606"	"53"	""		"23644.7563"	"48179.148"	"5d.6s2.(a 2D).6p"	"z 1F*"	"3"	""	"4818"	"2"		""	"L16323"	
"407.4920"	""	"26"	""		""	""	""	""	""	""	""	""		""	"L16323"	
"407.6360"	""	"26"	""		""	""	""	""	""	""	""	""		""	"L16323"	
"407.6962"	"407.69664"	"110"	""		"15673.341"	"40194.4590"	"5d3.(b 4F).6s"	"a 5F"	"3"	"5d2.(b 1D).6s.(b 2D).6p"	"v 3F*"	"2"		""	"L16323"	
"407.7800"	"407.78042"	"1100"	""		"22450.5521"	"46966.632"	"5d2.(a 3F).6s.(a 4F).6p"	"z 5F*"	"2"	"6p2.(1D).5d.(2F).6s"	"c 1F"	"3"		""	"L16323"	
"407.8413"	"407.84134"	"2400"	""		"18270.133"	"42782.551"	"5d.6s2.(a 2D).6p"	"z 3P*"	"0"	"6p2.(3P).5d.(4D).6s"	"b 5D"	"1"		""	"L16323"	
"407.8880"	"407.88834"	"190"	""		"21738.7225"	"46248.316"	"5d2.(a 3F).6s.(a 4F).6p"	"z 5F*"	"1"	""	"4625"	"0"		""	"L16323"	
"407.9380"	"407.93845"	"53"	""		"23448.6227"	"47955.206"	"5d2.(a 3F).6s.(a 4F).6p"	"z 5F*"	"3"	"6p2.(1S).5d.(2D).6s"	"g 3D"	"2"		""	"L16323"	
"408.2172"	"408.21735"	"130"	""		"23448.6227"	"47938.463"	"5d2.(a 3F).6s.(a 4F).6p"	"z 5F*"	"3"	"5d2.(3P).6s.(a 4P).7s"	"c 5P"	"3"		""	"L16323"	
"408.2477"	"408.24808"	"110"	""		"20960.1223"	"45448.119"	"5d2.(a 3F).6s.(a 4F).6p"	"z 5G*"	"4"	"5d.6s2.6d"	"3G"	"5"		""	"L16323"	
"408.2578"	"408.25798"	"80"	""		"22450.5521"	"46937.955"	"5d2.(a 3F).6s.(a 4F).6p"	"z 5F*"	"2"	"5d2.(3P).6s.(a 4P).7s"	"c 5P"	"1"		""	"L16323"	
"408.3360"	"408.33549"	"8000"	""		"10508.904"	"34991.659"	"5d.6s2.(a 2D).6p"	"z 1D*"	"2"	""	"3499"	"1"		""	"L16323"	
"408.7000"	""	"54"	""		""	""	""	""	""	""	""	""		""	"L16323"	
"408.7942"	"408.79414"	"1400"	""		"16163.3602"	"40618.647"	"5d.6s2.(a 2D).6p"	"z 3D*"	"2"	"5d4"	"a 5D"	"1"		""	"L16323"	
"408.8180"	""	"240"	""		""	""	""	""	""	""	""	""		""	"L16323"	
"408.906"	"408.91095"	"140"	""		"23448.6227"	"47896.924"	"5d2.(a 3F).6s.(a 4F).6p"	"z 5F*"	"3"	"6p2.(1S).5d.(2D).6s"	"g 3D"	"3"		""	"L16323"	
"409.4000"	"409.4008"	"270"	""		"23448.6227"	"47867.670"	"5d2.(a 3F).6s.(a 4F).6p"	"z 5F*"	"3"	"6p2.(1D).5d.(2P).6s"	"g 3P"	"2"		""	"L16323"	
"409.4660"	""	"55"	""		""	""	""	""	""	""	""	""		""	"L16323"	
"409.4930"	"409.49302"	"250"	""		"27516.4201"	"51929.970"	"5d2.(a 3F).6s.(a 4F).6p"	"z 5D*"	"4"	""	"5193"	"5"		""	"L16323"	
"409.5490"	"409.54907"	"820"	""		"22450.5521"	"46860.761"	"5d2.(a 3F).6s.(a 4F).6p"	"z 5F*"	"2"	"5d2.(3P).6s.(a 4P).7s"	"c 5P"	"2"		""	"L16323"	
"409.6410"	"409.64089"	"27*"	""		"20960.1223"	"45364.860"	"5d2.(a 3F).6s.(a 4F).6p"	"z 5G*"	"4"	"6p2.(3P).5d.(4P).6s"	"b 5P"	"3"		""	"L16323"	
"409.6410"	"409.64132"	"27*"	""		"23644.7563"	"48049.468"	"5d.6s2.(a 2D).6p"	"z 1F*"	"3"	"5d2.(3F).6s.(a 2F).7s"	"d 1F"	"3"		""	"L16323"	
"409.7250"	""	"83"	""		""	""	""	""	""	""	""	""		""	"L16323"	
"409.7430"	""	"28"	""		""	""	""	""	""	""	""	""		""	"L16323"	
"409.7975"	"409.79723"	"830"	""		"24785.2649"	"49180.692"	"5d2.(a 3F).6s.(a 4F).6p"	"z 5F*"	"4"	"5d4"	"b 3H"	"5"		""	"L16323"	
"409.9170"	""	"83"	""		""	""	""	""	""	""	""	""		""	"L16323"	
"409.9350"	""	"55"	""		""	""	""	""	""	""	""	""		""	"L16323"	
"409.9690"	""	"110"	""		""	""	""	""	""	""	""	""		""	"L16323"	
"410.0130"	""	"28"	""		""	""	""	""	""	""	""	""		""	"L16323"	
"410.0380"	""	"28"	""		""	""	""	""	""	""	""	""		""	"L16323"	
"410.0993"	"410.09904"	"190"	""		"23644.7563"	"48022.230"	"5d.6s2.(a 2D).6p"	"z 1F*"	"3"	"5d4"	"b 3H"	"4"		""	"L16323"	
"410.1464"	"410.1469"	"56"	""		"26305.8081"	"50680.440"	"5d2.(a 3F).6s.(a 4F).6p"	"z 5D*"	"3"	"5d4"	"3F?"	"3"		""	"L16323"	
"410.2220"	""	"56"	""		""	""	""	""	""	""	""	""		""	"L16323"	
"410.3103"	"410.31027"	"220"	""		"25634.2234"	"49999.148"	"5d2.(a 3F).6s.(a 4F).6p"	"z 5D*"	"2"	""	"5000"	"3"		""	"L16323"	
"410.3578"	"410.3580"	"110"	""		"21738.7225"	"46100.815"	"5d2.(a 3F).6s.(a 4F).6p"	"z 5F*"	"1"	"6p2.(3P).5d.(4P).6s"	"b 5P"	"1"		""	"L16323"	
"410.4234"	"410.422933"	"4200"	"7.71e+05"	B	"5638.6151"	"29996.8513"	"5d2.6s2"	"a 1D"	"2"	"5d2.(a 3F).6s.(a 4F).6p"	"y 3D*"	"3"		"T5346"	"L16323"	
"410.490"	"410.4937"	"28"	""		"20784.857"	"45138.894"	"5d3.(b 4P).6s"	"a 5P"	"1"	""	"4514*"	"2"		""	"L16323"	
"410.5100"	""	"56"	""		""	""	""	""	""	""	""	""		""	"L16323"	
"410.5580"	"410.55839"	"220"	""		"16163.3602"	"40513.560"	"5d.6s2.(a 2D).6p"	"z 3D*"	"2"	"5d.6s2.(a 2D).7s"	"d 3D"	"2"		""	"L16323"	
"410.5630"	"410.56428"	"220"	""		"18011.0647"	"42360.915"	"5d2.(a 3F).6s.(a 4F).6p"	"z 5G*"	"2"	"6p2.(3P).5d.(4D).6s"	"e 3D"	"3"		""	"L16323"	
"410.5810"	"410.5809"	"420"	""		"14017.827"	"38366.693"	"5d.6s2.(a 2D).6p"	"z 3D*"	"1"	"6s2.6p2?"	"3P"	"0"		""	"L16323"	
"410.6553"	"410.65431"	"5600"	""		"10532.5690"	"34877.0813"	"5d2.6s2"	"a 1G"	"4"	"5d2.(a 3F).6s.(a 2F).6p"	"y 1F*"	"3"		""	"L16323"	
"410.7090"	""	"110"	""		""	""	""	""	""	""	""	""		""	"L16323"	
"410.7760"	"410.7761"	"28"	""		"23252.852"	"47590.144"	"5d3.(b 2G).6s"	"a 3G"	"4"	""	"4759*"	"3"		""	"L16323"	
"410.8821"	"410.88192"	"200"	""		"27516.4201"	"51847.447"	"5d2.(a 3F).6s.(a 4F).6p"	"z 5D*"	"4"	""	"5185"	"3"		""	"L16323"	
"410.9440"	""	"28"	""		""	""	""	""	""	""	""	""		""	"L16323"	
"410.9520"	""	"28"	""		""	""	""	""	""	""	""	""		""	"L16323"	
"411.0412"	""	"57"	""		""	""	""	""	""	""	""	""		""	"L16323"	
"411.1108"	"411.11067"	"1700"	""		"21738.7225"	"46056.211"	"5d2.(a 3F).6s.(a 4F).6p"	"z 5F*"	"1"	"6p2.(3P).5d.(2F).6s"	"f 3F"	"2"		""	"L16323"	
"411.1946"	"411.1945"	"170"	""		"23327.739"	"47640.273"	"5d3.(b 4F).6s"	"b 3F"	"2"	""	"4764*"	"1"		""	"L16323"	
"411.2301"	"411.22971"	"85"	""		"23644.7563"	"47955.206"	"5d.6s2.(a 2D).6p"	"z 1F*"	"3"	"6p2.(1S).5d.(2D).6s"	"g 3D"	"2"		""	"L16323"	
"411.5132"	"411.51313"	"170"	""		"23644.7563"	"47938.463"	"5d.6s2.(a 2D).6p"	"z 1F*"	"3"	"5d2.(3P).6s.(a 4P).7s"	"c 5P"	"3"		""	"L16323"	
"411.5880"	"411.58741"	"1400"	""		"18381.5234"	"42670.846"	"5d.6s2.(a 2D).6p"	"z 3D*"	"3"	"6p2.(3P).5d.(4F).6s"	"c 5F"	"4"		""	"L16323"	
"411.6385"	""	"290"	""		""	""	""	""	""	""	""	""		""	"L16323"	
"411.8583"	"411.858004"	"2900"	""		"10532.5690"	"34805.9335"	"5d2.6s2"	"a 1G"	"4"	"5d2.(a 1G).6s.(a 2G).6p"	"z 3H*"	"4"		""	"L21976,L16323"	
"411.8882"	"411.88830"	"1100"	""		"14017.827"	"38289.406"	"5d.6s2.(a 2D).6p"	"z 3D*"	"1"	"5d3.(2D).6s"	"c 1D"	"2"		""	"L16323"	
"411.9518"	"411.95183"	"290"	""		"25678.643"	"49946.479"	"5d3.(2H).6s"	"a 3H"	"4"	""	"4995*"	"4"		""	"L16323"	
"412.0440"	"412.0440"	"58"	""		"23327.739"	"47590.144"	"5d3.(b 4F).6s"	"b 3F"	"2"	""	"4759*"	"3"		""	"L16323"	
"412.0960"	""	"29"	""		""	""	""	""	""	""	""	""		""	"L16323"	
"412.3220"	"412.32145"	"29"	""		"27149.6642"	"51395.746"	"5d2.(a 3F).6s.(a 4F).6p"	"y 3F*"	"2"	""	"5140"	"3"		""	"L16323"	
"412.7628"	"412.76290"	"290"	""		"24785.2649"	"49005.416"	"5d2.(a 3F).6s.(a 4F).6p"	"z 5F*"	"4"	"5d2.(3F).6s.(a 2F).7s"	"i 3F"	"4"		""	"L16323"	
"412.9110"	""	"29"	""		""	""	""	""	""	""	""	""		""	"L16323"	
"412.9220"	""	"88h"	""		""	""	""	""	""	""	""	""		""	"L16323"	
"413.0420"	"413.04174"	"29"	""		"20908.462"	"45112.263"	"5d3.(b 4P).6s"	"a 5P"	"2"	"5d3.(b 4F).6p"	"y 5F*"	"3"		""	"L16323"	
"413.1640"	"413.16417"	"29"	""		"19292.6984"	"43489.327"	"5d2.(a 3F).6s.(a 4F).6p"	"z 5G*"	"3"	"5d2.(3F).6s.(a 4F).7s"	"d 3F"	"3"		""	"L16323"	
"413.2700"	"413.2696"	"440"	""		"22880.262"	"47070.716"	"5d3.(b 2G).6s"	"a 3G"	"3"	"5d3.(b 4F).6p"	"x 5D*"	"3"		""	"L16323"	
"413.4150"	""	"30h"	""		""	""	""	""	""	""	""	""		""	"L16323"	
"413.6130"	""	"30h"	""		""	""	""	""	""	""	""	""		""	"L16323"	
"413.8304"	"413.83069"	"60*"	""		"25634.2234"	"49791.882"	"5d2.(a 3F).6s.(a 4F).6p"	"z 5D*"	"2"	""	"4979"	"3"		""	"L16323"	
"413.8304"	"413.83108"	"60*"	""		"23448.6227"	"47606.258"	"5d2.(a 3F).6s.(a 4F).6p"	"z 5F*"	"3"	"6p2.(1D).5d.(2G).6s"	"b 1G"	"4"		""	"L16323"	
"413.8905"	"413.89099"	"300"	""		"8983.7652"	"33137.904"	"5d2.6s2"	"a 3P"	"2"	"5d2.(a 3P).6s.(a 4P).6p"	"x 3D*"	"1"		""	"L16323"	
"413.9440"	"413.9445"	"90"	""		"24085.183"	"48236.200"	"5d3.(b 2G).6s"	"a 3G"	"5"	"5d3.(b 4F).6p"	"w 3G*"	"4"		""	"L16323"	
"414.0890"	"414.0898"	"30"	""		"26715.403"	"50857.946"	"5d3.(c 2D).6s"	"a 3D"	"3"	"5d3.(b 4P).6p"	"w 5D*"	"3"		""	"L16323"	
"414.1720"	"414.17212"	"1200"	""		"8983.7652"	"33121.5094"	"5d2.6s2"	"a 3P"	"2"	"5d2.(a 3P).6s.(a 4P).6p"	"z 5P*"	"2"		""	"L16323"	
"414.2640"	""	"30"	""		""	""	""	""	""	""	""	""		""	"L16323"	
"414.2824"	""	"90"	""		""	""	""	""	""	""	""	""		""	"L16323"	
"414.4770"	"414.4777"	"90"	""		"25084.172"	"49204.119"	"5d3.(c 2D).6s"	"a 3D"	"2"	"5d3.(b 4F).6p"	"s 3D*"	"1"		""	"L16323"	
"414.5759"	"414.575269"	"4500"	"1.36e+06"	B	"5638.6151"	"29752.8870"	"5d2.6s2"	"a 1D"	"2"	"5d2.(a 3P).6s.(a 4P).6p"	"y 5D*"	"2"		"T5346"	"L21976,L16323"	
"414.7840"	""	"30"	""		""	""	""	""	""	""	""	""		""	"L16323"	
"414.9760"	"414.97508"	"30"	""		"22901.3837"	"46992.423"	"5d2.(a 3F).6s.(a 4F).6p"	"z 5G*"	"5"	"6p2.(1D).5d.(2G).6s"	"b 3G"	"4"		""	"L16323"	
"415.0930"	"415.09261"	"120"	""		"24785.2649"	"48869.483"	"5d2.(a 3F).6s.(a 4F).6p"	"z 5F*"	"4"	"5d4"	"h 3F"	"3"		""	"L16323"	
"415.2170"	"415.21670"	"31"	""		"26202.5501"	"50279.571"	"5d2.(a 3F).6s.(a 4F).6p"	"z 5F*"	"5"	""	"5028"	"5"		""	"L16323"	
"415.5347"	"415.53476"	"610"	""		"18224.981"	"42283.573"	"5d.6s2.(a 2D).6p"	"z 3F*"	"4"	"5d2.(3F).6s.(a 4F).7s"	"b 5F"	"4"		""	"L16323"	
"415.7640"	""	"31"	""		""	""	""	""	""	""	""	""		""	"L16323"	
"415.8200"	""	"93"	""		""	""	""	""	""	""	""	""		""	"L16323"	
"415.8600"	"415.8593"	"310"	""		"27516.4201"	"51556.239"	"5d2.(a 3F).6s.(a 4F).6p"	"z 5D*"	"4"	""	"5156"	"3"		""	"L16323"	
"416.0490"	""	"31"	""		""	""	""	""	""	""	""	""		""	"L16323"	
"416.097"	"416.09230"	"62"	""		"25634.2234"	"49660.579"	"5d2.(a 3F).6s.(a 4F).6p"	"z 5D*"	"2"	""	"4966"	"3"		""	"L16323"	
"416.2706"	"416.270270"	"3100"	"8.57e+05"	B	"4567.6413"	"28583.7248"	"5d2.6s2"	"a 3F"	"4"	"5d2.(a 3F).6s.(a 4F).6p"	"z 3G*"	"3"		"T5346"	"L21976,L16323"	
"416.3900"	""	"93"	""		""	""	""	""	""	""	""	""		""	"L16323"	
"416.4500"	""	"31h"	""		""	""	""	""	""	""	""	""		""	"L16323"	
"416.5350"	"416.53485"	"120"	""		"16766.637"	"40767.466"	"5d3.(b 4F).6s"	"a 5F"	"4"	"5d2.(a 3P).6s.(a 2P).6p"	"u 3D*"	"3"		""	"L16323"	
"416.6260"	""	"31h"	""		""	""	""	""	""	""	""	""		""	"L16323"	
"416.6860"	""	"31"	""		""	""	""	""	""	""	""	""		""	"L16323"	
"416.7240"	"416.72431"	"31"	""		"21738.7225"	"45728.640"	"5d2.(a 3F).6s.(a 4F).6p"	"z 5F*"	"1"	"5d2.(3P).6s.(a 4P).7s"	"e 3P"	"2"		""	"L16323"	
"416.7870"	"416.7846"	"220i"	""		"25281.843"	"49268.290"	"5d3.(b 4F).6s"	"b 3F"	"3"	"5d3.(b 2G).6p"	"y 3H*"	"4"		""	"L16323c153"	
"416.8080"	""	"63"	""		""	""	""	""	""	""	""	""		""	"L16323"	
"416.9020"	""	"470"	""		""	""	""	""	""	""	""	""		""	"L16323"	
"417.0997"	"417.09960"	"630"	""		"18143.4034"	"42111.736"	"5d.6s2.(a 2D).6p"	"z 3P*"	"1"	"6p2.(3P).5d.(4D).6s"	"e 3D"	"1"		""	"L16323"	
"417.1248"	"417.12464"	"220"	""		"16163.3602"	"40130.254"	"5d.6s2.(a 2D).6p"	"z 3D*"	"2"	"6p2.(3P).5d.(2D).6s"	"d 1D"	"2"		""	"L16323"	
"417.2190"	"417.21851"	"250"	""		"23644.7563"	"47606.258"	"5d.6s2.(a 2D).6p"	"z 1F*"	"3"	"6p2.(1D).5d.(2G).6s"	"b 1G"	"4"		""	"L16323"	
"417.4348"	"417.433998"	"48000"	"4.57e+06"	B	"2356.6756"	"26305.8081"	"5d2.6s2"	"a 3F"	"3"	"5d2.(a 3F).6s.(a 4F).6p"	"z 5D*"	"3"		"T5346"	"L21976,L16323"	
"417.7810"	"417.7815"	"32"	""		"20328.402"	"44257.617"	"5d2.6s2"	"1S"	"0"	""	"4426*"	"1"		""	"L16323"	
"417.8130"	"417.81213"	"32"	""		"21738.7225"	"45666.181"	"5d2.(a 3F).6s.(a 4F).6p"	"z 5F*"	"1"	"6p2.(3P).5d.(4F).6s"	"e 3F"	"2"		""	"L16323"	
"418.0610"	""	"96"	""		""	""	""	""	""	""	""	""		""	"L16323"	
"418.2590"	"418.2592"	"64"	""		"27654.3580"	"51556.239"	"5d2.(a 3F).6s.(a 4F).6p"	"y 3F*"	"3"	""	"5156"	"3"		""	"L16323"	
"418.3400"	"418.33901"	"32"	""		"23448.6227"	"47345.946"	"5d2.(a 3F).6s.(a 4F).6p"	"z 5F*"	"3"	"6p2.(1D).5d.(2G).6s"	"b 3G"	"3"		""	"L16323"	
"418.3690"	"418.3671"	"480"	""		"22880.262"	"46775.978"	"5d3.(b 2G).6s"	"a 3G"	"3"	"5d3.(b 4F).6p"	"w 3G*"	"3"		""	"L16323"	
"418.4290"	"418.42740"	"97"	""		"27516.4201"	"51408.695"	"5d2.(a 3F).6s.(a 4F).6p"	"z 5D*"	"4"	""	"5141"	"5"		""	"L16323"	
"418.4800"	""	"97h"	""		""	""	""	""	""	""	""	""		""	"L16323"	
"418.6540"	"418.65431"	"97"	""		"27516.4201"	"51395.746"	"5d2.(a 3F).6s.(a 4F).6p"	"z 5D*"	"4"	""	"5140"	"3"		""	"L16323"	
"418.745"	"418.74157"	"160"	""		"27516.4201"	"51390.770"	"5d2.(a 3F).6s.(a 4F).6p"	"z 5D*"	"4"	"5d4"	"5F"	"4"		""	"L16323"	
"419.0950"	"419.09410"	"1600"	""		"14435.138"	"38289.406"	"5d.6s2.(a 2D).6p"	"z 3F*"	"2"	"5d3.(2D).6s"	"c 1D"	"2"		""	"L16323"	
"419.3190"	"419.3167"	"200"	""		"18270.133"	"42111.736"	"5d.6s2.(a 2D).6p"	"z 3P*"	"0"	"6p2.(3P).5d.(4D).6s"	"e 3D"	"1"		""	"L16323"	
"419.5260"	"419.52490"	"330"	""		"22450.5521"	"46280.325"	"5d2.(a 3F).6s.(a 4F).6p"	"z 5F*"	"2"	"6p2.(1D).5d.(2F).6s"	"g 3F"	"3"		""	"L16323"	
"419.7430"	"419.74214"	"130"	""		"20960.1223"	"44777.562"	"5d2.(a 3F).6s.(a 4F).6p"	"z 5G*"	"4"	"5d2.(3F).6s.(a 4F).7s"	"d 3F"	"4"		""	"L16323"	
"420.1550"	"420.15337"	"2600"	""		"18381.5234"	"42175.652"	"5d.6s2.(a 2D).6p"	"z 3D*"	"3"	"5d4"	"a 5D"	"4"		""	"L16323"	
"420.7070"	"420.706188"	"670"	"9.6e+04"	C	"5638.6151"	"29401.4784"	"5d2.6s2"	"a 1D"	"2"	"5d2.(a 3P).6s.(a 4P).6p"	"y 3P*"	"2"		"T5346"	"L16323"	
"420.9743"	"420.97431"	"3300"	""		"14541.677"	"38289.406"	"5d.6s2.(a 2D).6p"	"z 3F*"	"3"	"5d3.(2D).6s"	"c 1D"	"2"		""	"L16323"	
"421.0590"	"421.0586"	"500"	""		"23327.739"	"47070.716"	"5d3.(b 4F).6s"	"b 3F"	"2"	"5d3.(b 4F).6p"	"x 5D*"	"3"		""	"L16323"	
"421.2720"	"421.27319"	"340"	""		"22450.5521"	"46181.433"	"5d2.(a 3F).6s.(a 4F).6p"	"z 5F*"	"2"	""	"4618"	"3"		""	"L16323"	
"421.8010"	"421.80094"	"68"	""		"23644.7563"	"47345.946"	"5d.6s2.(a 2D).6p"	"z 1F*"	"3"	"6p2.(1D).5d.(2G).6s"	"b 3G"	"3"		""	"L16323"	
"421.8570"	"421.85731"	"68"	""		"19791.3040"	"43489.327"	"5d.6s2.(a 2D).6p"	"z 3P*"	"2"	"5d2.(3F).6s.(a 4F).7s"	"d 3F"	"3"		""	"L16323"	
"421.9400"	"421.94069"	"200"	""		"26305.8081"	"49999.148"	"5d2.(a 3F).6s.(a 4F).6p"	"z 5D*"	"3"	""	"5000"	"3"		""	"L16323"	
"422.0450"	""	"140"	""		""	""	""	""	""	""	""	""		""	"L16323"	
"422.1765"	"422.17667"	"510"	""		"18381.5234"	"42061.620"	"5d.6s2.(a 2D).6p"	"z 3D*"	"3"	"5d.6s2.(a 2D).7s"	"d 3D"	"3"		""	"L16323"	
"422.3540"	"422.35381"	"68"	""		"25281.843"	"48952.008"	"5d3.(b 4F).6s"	"b 3F"	"3"	"5d3.(b 4P).6p"	"y 5P*"	"2"		""	"L16323"	
"422.6520"	"422.6519"	"100"	""		"23327.739"	"46981.209"	"5d3.(b 4F).6s"	"b 3F"	"2"	""	"4698*"	"2"		""	"L16323"	
"422.8074"	"422.807681"	"3400"	"4.6e+05"	C+	"0.0000"	"23644.7563"	"5d2.6s2"	"a 3F"	"2"	"5d.6s2.(a 2D).6p"	"z 1F*"	"3"		"T5346"	"L21976,L16323"	
"423.1187"	"423.11923"	"520"	""		"16163.3602"	"39790.707"	"5d.6s2.(a 2D).6p"	"z 3D*"	"2"	"6p2.(3P).5d.(4F).6s"	"c 5F"	"1"		""	"L16323"	
"423.5080"	"423.50798"	"100"	""		"22450.5521"	"46056.211"	"5d2.(a 3F).6s.(a 4F).6p"	"z 5F*"	"2"	"6p2.(3P).5d.(2F).6s"	"f 3F"	"2"		""	"L16323"	
"424.5168"	"424.515973"	"1400"	""		"8983.7652"	"32533.3746"	"5d2.6s2"	"a 3P"	"2"	"5d2.(a 3F).6s.(a 2F).6p"	"y 3G*"	"3"		""	"L21976,L16323"	
"424.6200"	"424.62072"	"70"	""		"23448.6227"	"46992.423"	"5d2.(a 3F).6s.(a 4F).6p"	"z 5F*"	"3"	"6p2.(1D).5d.(2G).6s"	"b 3G"	"4"		""	"L16323"	
"424.8005"	"424.79957"	"140"	""		"24785.2649"	"48319.153"	"5d2.(a 3F).6s.(a 4F).6p"	"z 5F*"	"4"	""	"4832"	"3"		""	"L16323"	
"425.1510"	"425.15102"	"210"	""		"18224.981"	"41739.415"	"5d.6s2.(a 2D).6p"	"z 3F*"	"4"	"5d4"	"a 5D"	"3"		""	"L16323"	
"425.6643"	"425.66441"	"210"	""		"26305.8081"	"49791.882"	"5d2.(a 3F).6s.(a 4F).6p"	"z 5D*"	"3"	""	"4979"	"3"		""	"L16323"	
"426.0980"	"426.097981"	"2900"	""		"10532.5690"	"33994.7455"	"5d2.6s2"	"a 1G"	"4"	"5d2.(a 3F).6s.(a 2F).6p"	"y 3G*"	"4"		""	"L21976,L16323"	
"426.3450"	"426.344280"	"5400"	""		"0.0000"	"23448.6227"	"5d2.6s2"	"a 3F"	"2"	"5d2.(a 3F).6s.(a 4F).6p"	"z 5F*"	"3"		""	"L21976,L16323"	
"426.8490"	"426.84845"	"140"	""		"26202.5501"	"49623.477"	"5d2.(a 3F).6s.(a 4F).6p"	"z 5F*"	"5"	""	"4962"	"4"		""	"L16323"	
"426.9256"	"426.92470"	"1400"	""		"10532.5690"	"33949.313"	"5d2.6s2"	"a 1G"	"4"	"5d2.(a 3F).6s.(a 2F).6p"	"x 3F*"	"3"		""	"L16323"	
"427.0420"	""	"73"	""		""	""	""	""	""	""	""	""		""	"L16323"	
"427.5420"	"427.54061"	"73"	""		"16163.3602"	"39546.371"	"5d.6s2.(a 2D).6p"	"z 3D*"	"2"	"5d.6s2.(a 2D).7s"	"d 3D"	"1"		""	"L16323"	
"427.5780"	"427.57714"	"73"	""		"22901.3837"	"46282.397"	"5d2.(a 3F).6s.(a 4F).6p"	"z 5G*"	"5"	"6p2.(3P).5d.(2F).6s"	"f 3F"	"4"		""	"L16323"	
"427.6305"	"427.62955"	"370"	""		"19292.6984"	"42670.846"	"5d2.(a 3F).6s.(a 4F).6p"	"z 5G*"	"3"	"6p2.(3P).5d.(4F).6s"	"c 5F"	"4"		""	"L16323"	
"428.0021"	"428.00040"	"370*"	""		"18381.5234"	"41739.415"	"5d.6s2.(a 2D).6p"	"z 3D*"	"3"	"5d4"	"a 5D"	"3"		""	"L16323"	
"428.0021"	"428.00068"	"370*"	""		"25194.5090"	"48552.385"	"5d2.(a 3F).6s.(a 4F).6p"	"z 5D*"	"1"	""	"4855"	"2"		""	"L16323"	
"428.0590"	"428.05759"	"150"	""		"26305.8081"	"49660.579"	"5d2.(a 3F).6s.(a 4F).6p"	"z 5D*"	"3"	""	"4966"	"3"		""	"L16323"	
"428.1890"	"428.18784"	"150"	""		"23644.7563"	"46992.423"	"5d.6s2.(a 2D).6p"	"z 1F*"	"3"	"6p2.(1D).5d.(2G).6s"	"b 3G"	"4"		""	"L16323"	
"428.3340"	"428.3318"	"110h"	""		"23641.389"	"46981.209"	"5d3.(c 2D).6s"	"a 3D"	"1"	""	"4698*"	"2"		""	"L16323"	
"428.3650"	"428.3661"	"74"	""		"22880.262"	"46218.213"	"5d3.(b 2G).6s"	"a 3G"	"3"	""	"4622*"	"3"		""	"L16323"	
"428.7260"	"428.72536"	"1500"	""		"14017.827"	"37336.222"	"5d.6s2.(a 2D).6p"	"z 3D*"	"1"	"5d3.(2D).6s"	"b 3D"	"1"		""	"L16323"	
"428.7980"	"428.79553"	"150"	""		"15673.341"	"38987.9197"	"5d3.(b 4F).6s"	"a 5F"	"3"	"5d2.(a 3F).6s.(a 2F).6p"	"z 1G*"	"4"		""	"L16323"	
"429.2980"	"429.29750"	"370"	""		"18011.0647"	"41298.383"	"5d2.(a 3F).6s.(a 4F).6p"	"z 5G*"	"2"	"5d2.(3F).6s.(a 4F).7s"	"d 3F"	"2"		""	"L16323"	
"429.4020"	"429.4008"	"750"	""		"24085.183"	"47366.899"	"5d3.(b 2G).6s"	"a 3G"	"5"	"5d3.(b 4F).6p"	"y 5F*"	"5"		""	"L16323"	
"429.4780"	"429.477692"	"11000"	"2.42e+06"	B+	"2356.6756"	"25634.2234"	"5d2.6s2"	"a 3F"	"3"	"5d2.(a 3F).6s.(a 4F).6p"	"z 5D*"	"2"		"T5346"	"L16323"	
"429.6450"	"429.644798"	"1900"	"1.07e+06"	B	"5521.7776"	"28790.2720"	"5d2.6s2"	"a 3P"	"0"	"5d2.(a 3F).6s.(a 4F).6p"	"y 3D*"	"1"		"T5346"	"L21976,L16323"	
"429.9698"	"429.97024"	"260"	""		"18224.981"	"41475.864"	"5d.6s2.(a 2D).6p"	"z 3F*"	"4"	"6p2.(3P).5d.(4F).6s"	"c 5F"	"3"		""	"L16323"	
"430.0030"	""	"75"	""		""	""	""	""	""	""	""	""		""	"L16323"	
"430.2596"	"430.25936"	"150"	""		"25634.2234"	"48869.483"	"5d2.(a 3F).6s.(a 4F).6p"	"z 5D*"	"2"	"5d4"	"h 3F"	"3"		""	"L16323"	
"430.3661"	"430.36522"	"1500"	""		"23448.6227"	"46678.167"	"5d2.(a 3F).6s.(a 4F).6p"	"z 5F*"	"3"	"6p2.(1D).5d.(2F).6s"	"g 3F"	"4"		""	"L16323"	
"430.4460"	"430.44602"	"38"	""		"19791.3040"	"43016.488"	"5d.6s2.(a 2D).6p"	"z 3P*"	"2"	"6p2.(3P).5d.(4D).6s"	"b 5D"	"2"		""	"L16323"	
"430.6171"	"430.61621"	"570"	""		"23644.7563"	"46860.761"	"5d.6s2.(a 2D).6p"	"z 1F*"	"3"	"5d2.(3P).6s.(a 4P).7s"	"c 5P"	"2"		""	"L16323"	
"430.9362"	"430.93520"	"760"	""		"22450.5521"	"45649.372"	"5d2.(a 3F).6s.(a 4F).6p"	"z 5F*"	"2"	"6p2.(3P).5d.(2F).6s"	"f 3F"	"3"		""	"L16323"	
"431.0270"	""	"38"	""		""	""	""	""	""	""	""	""		""	"L16323"	
"431.4350"	"431.43537"	"380"	""		"20960.1223"	"44132.048"	"5d2.(a 3F).6s.(a 4F).6p"	"z 5G*"	"4"	"5d2.(3F).6s.(a 4F).7s"	"b 5F"	"5"		""	"L16323"	
"431.5830"	"431.5826"	"38"	""		"27516.4201"	"50680.440"	"5d2.(a 3F).6s.(a 4F).6p"	"z 5D*"	"4"	"5d4"	"3F?"	"3"		""	"L16323"	
"431.7510"	"431.75112"	"760"	""		"18143.4034"	"41298.383"	"5d.6s2.(a 2D).6p"	"z 3P*"	"1"	"5d2.(3F).6s.(a 4F).7s"	"d 3F"	"2"		""	"L16323"	
"431.8138"	"431.813090"	"3800"	"2.23e+06"	B	"5638.6151"	"28790.2720"	"5d2.6s2"	"a 1D"	"2"	"5d2.(a 3F).6s.(a 4F).6p"	"y 3D*"	"1"		"T5346"	"L21976,L16323"	
"432.1608"	"432.1610"	"270*"	""		"26305.8081"	"49438.825"	"5d2.(a 3F).6s.(a 4F).6p"	"z 5D*"	"3"	""	"4944"	"2"		""	"L16323"	
"432.1608"	"432.1612"	"270*"	""		"23327.739"	"46460.747"	"5d3.(b 4F).6s"	"b 3F"	"2"	""	"4646*"	"1"		""	"L16323"	
"432.3500"	"432.35101"	"77"	""		"16163.3602"	"39286.213"	"5d.6s2.(a 2D).6p"	"z 3D*"	"2"	"5d2.(3F).6s.(a 4F).7s"	"b 5F"	"1"		""	"L16323"	
"432.3580"	"432.3596"	"77"	""		"22199.110"	"45321.503"	"5d3.(b 4P).6s"	"a 5P"	"3"	"5d2.(b 1D).6s.(b 2D).6p"	"v 3F*"	"4"		""	"L16323"	
"432.5460"	"432.54807"	"77"	""		"25634.2234"	"48746.542"	"5d2.(a 3F).6s.(a 4F).6p"	"z 5D*"	"2"	"5d2.(3F).6s.(a 2F).7s"	"i 3F"	"3"		""	"L16323"	
"432.8130"	"432.81260"	"390"	""		"26305.8081"	"49404.001"	"5d2.(a 3F).6s.(a 4F).6p"	"z 5D*"	"3"	""	"4940"	"2"		""	"L16323"	
"432.8840"	"432.88480"	"270"	""		"18381.5234"	"41475.864"	"5d.6s2.(a 2D).6p"	"z 3D*"	"3"	"6p2.(3P).5d.(4F).6s"	"c 5F"	"3"		""	"L16323"	
"433.0282"	"433.027751"	"5800"	"9.57e+05"	B	"4567.6413"	"27654.3580"	"5d2.6s2"	"a 3F"	"4"	"5d2.(a 3F).6s.(a 4F).6p"	"y 3F*"	"3"		"T5346"	"L21976,L16323"	
"433.3750"	"433.37503"	"270"	""		"19292.6984"	"42360.915"	"5d2.(a 3F).6s.(a 4F).6p"	"z 5G*"	"3"	"6p2.(3P).5d.(4D).6s"	"e 3D"	"3"		""	"L16323"	
"433.3860"	"433.38561"	"1200"	""		"18143.4034"	"41211.057"	"5d.6s2.(a 2D).6p"	"z 3P*"	"1"	"5d4"	"a 5D"	"2"		""	"L16323"	
"433.9650"	"433.96505"	"580"	""		"23252.852"	"46289.706"	"5d3.(b 2G).6s"	"a 3G"	"4"	"5d3.(b 4F).6p"	"y 5F*"	"4"		""	"L16323"	
"434.0300"	"434.02992"	"1200"	""		"23644.7563"	"46678.167"	"5d.6s2.(a 2D).6p"	"z 1F*"	"3"	"6p2.(1D).5d.(2F).6s"	"g 3F"	"4"		""	"L16323"	
"434.2630"	"434.26314"	"120"	""		"14017.827"	"37038.868"	"5d.6s2.(a 2D).6p"	"z 3D*"	"1"	"5d3.(2D).6s"	"b 3D"	"2"		""	"L16323"	
"434.7113"	"434.71073"	"200"	""		"25084.172"	"48081.510"	"5d3.(c 2D).6s"	"a 3D"	"2"	""	"4808*"	"3"		""	"L16323"	
"434.7590"	""	"78"	""		""	""	""	""	""	""	""	""		""	"L16323"	
"434.8332"	"434.83295"	"590"	""		"19292.6984"	"42283.573"	"5d2.(a 3F).6s.(a 4F).6p"	"z 5G*"	"3"	"5d2.(3F).6s.(a 4F).7s"	"b 5F"	"4"		""	"L16323"	
"434.9736"	"434.9741"	"2000"	""		"24785.2649"	"47768.679"	"5d2.(a 3F).6s.(a 4F).6p"	"z 5F*"	"4"	"6p2.(1D).5d.(2G).6s"	"b 3G"	"5"		""	"L16323"	
"435.1172"	"435.1195"	"1200i"	""		"26202.5501"	"49178.282?"	"5d2.(a 3F).6s.(a 4F).6p"	"z 5F*"	"5"	"5d4"	"5F?"	"5"		""	"L16323c153"	
"435.2567"	"435.256021"	"2400"	""		"8983.7652"	"31952.2928"	"5d2.6s2"	"a 3P"	"2"	"5d2.(a 3P).6s.(a 4P).6p"	"z 5P*"	"1"		""	"L21976,L16323"	
"435.3360"	"435.33631"	"1200"	""		"16163.3602"	"39127.652"	"5d.6s2.(a 2D).6p"	"z 3D*"	"2"	"6p2.(3P).5d.(2D).6s"	"c 3D"	"3"		""	"L16323"	
"435.4050"	"435.40582"	"390"	""		"25634.2234"	"48594.849"	"5d2.(a 3F).6s.(a 4F).6p"	"z 5D*"	"2"	""	"4859"	"2"		""	"L16323"	
"435.4160"	"435.416044"	"390"	""		"8983.7652"	"31943.8516"	"5d2.6s2"	"a 3P"	"2"	"5d2.(a 3P).6s.(a 4P).6p"	"z 5S*"	"2"		""	"L16323"	
"435.6306"	"435.630591"	"12000"	"2.1e+06"	C+	"4567.6413"	"27516.4201"	"5d2.6s2"	"a 3F"	"4"	"5d2.(a 3F).6s.(a 4F).6p"	"z 5D*"	"4"		"T5346"	"L21976,L16323"	
"435.7000"	"435.700253"	"2400"	"2.5e+05"	C+	"5638.6151"	"28583.7248"	"5d2.6s2"	"a 1D"	"2"	"5d2.(a 3F).6s.(a 4F).6p"	"z 3G*"	"3"		"T5346"	"L16323"	
"435.8700"	"435.86968"	"200"	""		"20908.462"	"43844.653"	"5d3.(b 4P).6s"	"a 5P"	"2"	""	"4384*"	"1"		""	"L16323"	
"435.9900"	""	"40"	""		""	""	""	""	""	""	""	""		""	"L16323"	
"436.0190"	"436.01978"	"280"	""		"19791.3040"	"42719.599"	"5d.6s2.(a 2D).6p"	"z 3P*"	"2"	"6p2.(3P).5d.(4D).6s"	"e 3D"	"2"		""	"L16323"	
"436.0320"	"436.0317"	"400"	""		"27018.812"	"49946.479"	"5d3.(2H).6s"	"a 3H"	"5"	""	"4995*"	"4"		""	"L16323"	
"436.2120"	"436.21258"	"790"	""		"25634.2234"	"48552.385"	"5d2.(a 3F).6s.(a 4F).6p"	"z 5D*"	"2"	""	"4855"	"2"		""	"L16323"	
"436.2850"	"436.28594"	"120"	""		"22450.5521"	"45364.860"	"5d2.(a 3F).6s.(a 4F).6p"	"z 5F*"	"2"	"6p2.(3P).5d.(4P).6s"	"b 5P"	"3"		""	"L16323"	
"436.5377"	"436.53787"	"2400"	""		"14435.138"	"37336.222"	"5d.6s2.(a 2D).6p"	"z 3F*"	"2"	"5d3.(2D).6s"	"b 3D"	"1"		""	"L16323"	
"436.8830"	"436.88375"	"200"	""		"19292.6984"	"42175.652"	"5d2.(a 3F).6s.(a 4F).6p"	"z 5G*"	"3"	"5d4"	"a 5D"	"4"		""	"L16323"	
"437.0020"	"437.00100"	"80"	""		"27516.4201"	"50393.234"	"5d2.(a 3F).6s.(a 4F).6p"	"z 5D*"	"4"	""	"5039"	"4"		""	"L16323"	
"437.4440"	"437.4419"	"80"	""		"25084.172"	"47937.928"	"5d3.(c 2D).6s"	"a 3D"	"2"	""	"4794*"	"2"		""	"L16323"	
"437.6580"	"437.6587"	"600"	""		"23327.739"	"46170.176"	"5d3.(b 4F).6s"	"b 3F"	"2"	"5d3.(b 4F).6p"	"x 5D*"	"2"		""	"L16323"	
"437.9064"	"437.90605"	"1600"	""		"18381.5234"	"41211.057"	"5d.6s2.(a 2D).6p"	"z 3D*"	"3"	"5d4"	"a 5D"	"2"		""	"L16323"	
"437.9175"	"437.917660"	"2000"	"1.9e+05"	C+	"6572.5498"	"29401.4784"	"5d2.6s2"	"a 3P"	"1"	"5d2.(a 3P).6s.(a 4P).6p"	"y 3P*"	"2"		"T5346"	"L16323"	
"438.0700"	"438.06994"	"280"	""		"24785.2649"	"47606.258"	"5d2.(a 3F).6s.(a 4F).6p"	"z 5F*"	"4"	"6p2.(1D).5d.(2G).6s"	"b 1G"	"4"		""	"L16323"	
"438.0966"	"438.09670"	"280"	""		"22450.5521"	"45270.151"	"5d2.(a 3F).6s.(a 4F).6p"	"z 5F*"	"2"	"5d2.(3P).6s.(a 4P).7s"	"e 3P"	"1"		""	"L16323"	
"438.2429"	"438.24223"	"200"	""		"28583.7248"	"51395.746"	"5d2.(a 3F).6s.(a 4F).6p"	"z 3G*"	"3"	""	"5140"	"3"		""	"L16323"	
"438.3880"	"438.38879"	"80"	""		"22450.5521"	"45254.947"	"5d2.(a 3F).6s.(a 4F).6p"	"z 5F*"	"2"	"6p2.(3P).5d.(4P).6s"	"b 5P"	"2"		""	"L16323"	
"438.4180"	"438.41819"	"360"	""		"26202.5501"	"49005.416"	"5d2.(a 3F).6s.(a 4F).6p"	"z 5F*"	"5"	"5d2.(3F).6s.(a 2F).7s"	"i 3F"	"4"		""	"L16323"	
"438.4629"	"438.4623"	"280"	""		"25084.172"	"47884.746"	"5d3.(c 2D).6s"	"a 3D"	"2"	""	"4788*"	"3"		""	"L16323"	
"438.6075"	"438.60776"	"160"	""		"23644.7563"	"46437.767"	"5d.6s2.(a 2D).6p"	"z 1F*"	"3"	"6p2.(3P).5d.(4P).6s"	"f 3P"	"2"		""	"L16323"	
"438.6668"	""	"120"	""		""	""	""	""	""	""	""	""		""	"L16323"	
"438.9926"	"438.99237"	"610"	""		"25634.2234"	"48407.265"	"5d2.(a 3F).6s.(a 4F).6p"	"z 5D*"	"2"	"6p2.(1S).5d.(2D).6s"	"g 1D"	"2"		""	"L16323"	
"439.0720"	"439.07180"	"810"	""		"19292.6984"	"42061.620"	"5d2.(a 3F).6s.(a 4F).6p"	"z 5G*"	"3"	"5d.6s2.(a 2D).7s"	"d 3D"	"3"		""	"L16323"	
"439.1270"	"439.1267"	"810"	""		"25281.843"	"48047.920"	"5d3.(b 4F).6s"	"b 3F"	"3"	"5d3.(b 4F).6p"	"x 5D*"	"4"		""	"L16323"	
"439.2311"	"439.23046"	"610"	""		"25194.5090"	"47955.206"	"5d2.(a 3F).6s.(a 4F).6p"	"z 5D*"	"1"	"6p2.(1S).5d.(2D).6s"	"g 3D"	"2"		""	"L16323"	
"439.6528"	"439.65197"	"160"	""		"27654.3580"	"50393.234"	"5d2.(a 3F).6s.(a 4F).6p"	"y 3F*"	"3"	""	"5039"	"4"		""	"L16323"	
"439.7382"	"439.73644"	"160*"	""		"15673.341"	"38407.849"	"5d3.(b 4F).6s"	"a 5F"	"3"	"5d2.(a 3F).6s.(a 2F).6p"	"w 3D*"	"3"		""	"L16323"	
"439.7382"	"439.73685"	"160*"	""		"23448.6227"	"46183.110"	"5d2.(a 3F).6s.(a 4F).6p"	"z 5F*"	"3"	"5d.6s2.(a 2D).7s"	"e 1D"	"2"		""	"L16323"	
"439.7690"	"439.76929"	"200"	""		"23448.6227"	"46181.433"	"5d2.(a 3F).6s.(a 4F).6p"	"z 5F*"	"3"	""	"4618"	"3"		""	"L16323"	
"440.3620"	""	"81"	""		""	""	""	""	""	""	""	""		""	"L16323"	
"440.4140"	"440.41254"	"810"	""		"26305.8081"	"49005.416"	"5d2.(a 3F).6s.(a 4F).6p"	"z 5D*"	"3"	"5d2.(3F).6s.(a 2F).7s"	"i 3F"	"4"		""	"L16323"	
"440.6980"	"440.69752"	"120"	""		"25634.2234"	"48319.153"	"5d2.(a 3F).6s.(a 4F).6p"	"z 5D*"	"2"	""	"4832"	"3"		""	"L16323"	
"440.7840"	"440.78179"	"82"	""		"14092.2938"	"36772.8864"	"5d3.(b 4F).6s"	"a 5F"	"1"	"5d2.(a 3F).6s.(a 2F).6p"	"w 3D*"	"2"		""	"L16323"	
"440.7960"	"440.79443"	"120"	""		"25194.5090"	"47874.451"	"5d2.(a 3F).6s.(a 4F).6p"	"z 5D*"	"1"	"6p2.(1D).5d.(2D).6s"	"f 3D"	"1"		""	"L16323"	
"441.2386"	"441.23832"	"820"	""		"18224.981"	"40882.107"	"5d.6s2.(a 2D).6p"	"z 3F*"	"4"	"5d2.(3F).6s.(a 4F).7s"	"b 5F"	"3"		""	"L16323"	
"441.5330"	"441.5310"	"41"	""		"22880.262"	"45522.369"	"5d3.(b 2G).6s"	"a 3G"	"3"	""	"4552*"	"3"		""	"L16323"	
"441.6190"	"441.61813"	"1600"	""		"23644.7563"	"46282.397"	"5d.6s2.(a 2D).6p"	"z 1F*"	"3"	"6p2.(3P).5d.(2F).6s"	"f 3F"	"4"		""	"L16323"	
"441.7910"	"441.790242"	"6200"	"2.10e+06"	B+	"5638.6151"	"28267.4366"	"5d2.6s2"	"a 1D"	"2"	"5d2.(a 3F).6s.(a 4F).6p"	"y 3D*"	"2"		"T5346"	"L21976,L16323"	
"441.8247"	"441.824712"	"2900"	"1.50e+06"	B	"8983.7652"	"31610.8213"	"5d2.6s2"	"a 3P"	"2"	"5d2.(a 3F).6s.(a 2F).6p"	"y 1D*"	"2"		"T5346"	"L21976,L16323"	
"441.8600"	"441.86019"	"410"	""		"18011.0647"	"40636.304"	"5d2.(a 3F).6s.(a 4F).6p"	"z 5G*"	"2"	"6p2.(3P).5d.(4F).6s"	"c 5F"	"2"		""	"L16323"	
"441.9760"	""	"120"	""		""	""	""	""	""	""	""	""		""	"L16323"	
"442.2260"	"442.22435"	"2500"	""		"10532.5690"	"33139.1776"	"5d2.6s2"	"a 1G"	"4"	"5d2.(a 3P).6s.(a 4P).6p"	"z 5P*"	"3"		""	"L16323"	
"442.8459"	"442.8455"	"290"	""		"22880.262"	"45455.164"	"5d3.(b 2G).6s"	"a 3G"	"3"	""	"4546*"	"3"		""	"L16323"	
"442.9170"	""	"41"	""		""	""	""	""	""	""	""	""		""	"L16323"	
"442.9600"	""	"160"	""		""	""	""	""	""	""	""	""		""	"L16323"	
"443.0652"	"443.06582"	"620"	""		"26305.8081"	"48869.483"	"5d2.(a 3F).6s.(a 4F).6p"	"z 5D*"	"3"	"5d4"	"h 3F"	"3"		""	"L16323"	
"443.1155"	"443.1152"	"170"	""		"28267.4366"	"50828.596"	"5d2.(a 3F).6s.(a 4F).6p"	"y 3D*"	"2"	""	"5083"	"1"		""	"L16323"	
"443.1860"	"443.1860"	"170"	""		"25678.643"	"48236.200"	"5d3.(2H).6s"	"a 3H"	"4"	"5d3.(b 4F).6p"	"w 3G*"	"4"		""	"L16323"	
"443.2024"	"443.2023"	"290"	""		"25194.5090"	"47751.233"	"5d2.(a 3F).6s.(a 4F).6p"	"z 5D*"	"1"	"6p2.(1D).5d.(2P).6s"	"g 3P"	"0"		""	"L16323"	
"443.2140"	"443.2146"	"120"	""		"25084.172"	"47640.273"	"5d3.(c 2D).6s"	"a 3D"	"2"	""	"4764*"	"1"		""	"L16323"	
"443.2780"	"443.2778"	"41"	""		"26715.403"	"49268.290"	"5d3.(c 2D).6s"	"a 3D"	"3"	"5d3.(b 2G).6p"	"y 3H*"	"4"		""	"L16323"	
"443.4123"	"443.41300"	"410"	""		"23448.6227"	"45994.631"	"5d2.(a 3F).6s.(a 4F).6p"	"z 5F*"	"3"	"6p2.(3P).5d.(4F).6s"	"e 3F"	"3"		""	"L16323"	
"443.4340"	"443.43431"	"830"	""		"25634.2234"	"48179.148"	"5d2.(a 3F).6s.(a 4F).6p"	"z 5D*"	"2"	""	"4818"	"2"		""	"L16323"	
"443.5630"	"443.56360"	"120"	""		"23644.7563"	"46183.110"	"5d.6s2.(a 2D).6p"	"z 1F*"	"3"	"5d.6s2.(a 2D).7s"	"e 1D"	"2"		""	"L16323"	
"443.5950"	"443.59660"	"120"	""		"23644.7563"	"46181.433"	"5d.6s2.(a 2D).6p"	"z 1F*"	"3"	""	"4618"	"3"		""	"L16323"	
"443.7440"	"443.74373"	"250"	""		"20960.1223"	"43489.327"	"5d2.(a 3F).6s.(a 4F).6p"	"z 5G*"	"4"	"5d2.(3F).6s.(a 4F).7s"	"d 3F"	"3"		""	"L16323"	
"443.8038"	"443.80364"	"8300"	"4.43e+06"	B+	"5521.7776"	"28047.9411"	"5d2.6s2"	"a 3P"	"0"	"5d2.(a 3P).6s.(a 4P).6p"	"z 3S*"	"1"		"T5346"	"L16323"	
"444.2400"	"444.24115"	"120"	""		"26305.8081"	"48809.787"	"5d2.(a 3F).6s.(a 4F).6p"	"z 5D*"	"3"	"5d4"	"h 3D"	"3"		""	"L16323"	
"444.3076"	"444.30819"	"2100"	""		"18381.5234"	"40882.107"	"5d.6s2.(a 2D).6p"	"z 3D*"	"3"	"5d2.(3F).6s.(a 4F).7s"	"b 5F"	"3"		""	"L16323"	
"444.3740"	"444.37519"	"620"	""		"14541.677"	"37038.868"	"5d.6s2.(a 2D).6p"	"z 3F*"	"3"	"5d3.(2D).6s"	"b 3D"	"2"		""	"L16323"	
"444.407"	"444.41052"	"41"	""		"25634.2234"	"48129.626"	"5d2.(a 3F).6s.(a 4F).6p"	"z 5D*"	"2"	"6p2.(1D).5d.(2P).6s"	"c 1P"	"1"		""	"L16323"	
"444.5920"	"444.59287"	"170"	""		"22901.3837"	"45387.560"	"5d2.(a 3F).6s.(a 4F).6p"	"z 5G*"	"5"	"6p2.(3P).5d.(4F).6s"	"e 3F"	"4"		""	"L16323"	
"444.8086"	"444.80914"	"620"	""		"18143.4034"	"40618.647"	"5d.6s2.(a 2D).6p"	"z 3P*"	"1"	"5d4"	"a 5D"	"1"		""	"L16323"	
"444.8410"	""	"42"	""		""	""	""	""	""	""	""	""		""	"L16323"	
"444.8760"	"444.8775"	"83"	""		"23327.739"	"45799.531"	"5d3.(b 4F).6s"	"b 3F"	"2"	"5d3.(b 4F).6p"	"x 5D*"	"1"		""	"L16323"	
"445.2980"	"445.298353"	"3300"	"1.3e+05"	D+	"0.0000"	"22450.5521"	"5d2.6s2"	"a 3F"	"2"	"5d2.(a 3F).6s.(a 4F).6p"	"z 5F*"	"2"		"T5346"	"L21976,L16323"	
"445.3728"	"445.37444"	"420"	""		"19292.6984"	"41739.415"	"5d2.(a 3F).6s.(a 4F).6p"	"z 5G*"	"3"	"5d4"	"a 5D"	"3"		""	"L16323"	
"445.4582"	"445.45838"	"290"	""		"26463.9649"	"48906.452"	"5d.6s2.(a 2D).6p"	"z 1P*"	"1"	"5d4"	"h 3D"	"2"		""	"L16323"	
"445.7347"	"445.734411"	"12000"	"5.9e+05"	D+	"2356.6756"	"24785.2649"	"5d2.6s2"	"a 3F"	"3"	"5d2.(a 3F).6s.(a 4F).6p"	"z 5F*"	"4"		"T5346"	"L21976,L16323"	
"445.9992"	"445.99978"	"630"	""		"25634.2234"	"48049.468"	"5d2.(a 3F).6s.(a 4F).6p"	"z 5D*"	"2"	"5d2.(3F).6s.(a 2F).7s"	"d 1F"	"3"		""	"L16323"	
"446.1181"	"446.117576"	"8300"	"3.90e+06"	B+	"5638.6151"	"28047.9411"	"5d2.6s2"	"a 1D"	"2"	"5d2.(a 3P).6s.(a 4P).6p"	"z 3S*"	"1"		"T5346"	"L16323"	
"446.2465"	"446.24620"	"420"	""		"25678.643"	"48081.510"	"5d3.(2H).6s"	"a 3H"	"4"	""	"4808*"	"3"		""	"L16323"	
"446.4290"	"446.42931"	"210"	""		"29246.6760"	"51640.354"	"5d2.(a 3F).6s.(a 4F).6p"	"z 3G*"	"4"	""	"5164"	"4"		""	"L16323"	
"446.5196"	""	"83"	""		""	""	""	""	""	""	""	""		""	"L16323"	
"446.6880"	""	"42"	""		""	""	""	""	""	""	""	""		""	"L16323"	
"446.8882"	"446.8884"	"420"	""		"27018.812"	"49389.483"	"5d3.(2H).6s"	"a 3H"	"5"	"5d3.(b 4F).6p"	"w 3G*"	"5"		""	"L16323"	
"446.896"	"446.89873"	"84i"	""		"18143.4034"	"40513.560"	"5d.6s2.(a 2D).6p"	"z 3P*"	"1"	"5d.6s2.(a 2D).7s"	"d 3D"	"2"		""	"L16323c153"	
"447.3042"	"447.30428"	"840"	""		"23644.7563"	"45994.631"	"5d.6s2.(a 2D).6p"	"z 1F*"	"3"	"6p2.(3P).5d.(4F).6s"	"e 3F"	"3"		""	"L16323"	
"447.3313"	"447.3315"	"630"	""		"18270.133"	"40618.647"	"5d.6s2.(a 2D).6p"	"z 3P*"	"0"	"5d4"	"a 5D"	"1"		""	"L16323"	
"447.3720"	""	"42"	""		""	""	""	""	""	""	""	""		""	"L16323"	
"447.4063"	"447.40607"	"210"	""		"27654.3580"	"49999.148"	"5d2.(a 3F).6s.(a 4F).6p"	"y 3F*"	"3"	""	"5000"	"3"		""	"L16323"	
"447.4511"	"447.4516"	"630"	""		"24966.809"	"47309.327"	"5d2.(a 3F).6s.(a 4F).6p"	"z 5D*"	"0"	"6p2.(1D).5d.(2P).6s"	"g 3P"	"1"		""	"L16323"	
"447.7600"	"447.75976"	"210"	""		"24785.2649"	"47112.405"	"5d2.(a 3F).6s.(a 4F).6p"	"z 5F*"	"4"	"6p2.(1D).5d.(2D).6s"	"f 3D"	"3"		""	"L16323"	
"447.8824"	"447.88328"	"130"	""		"25634.2234"	"47955.206"	"5d2.(a 3F).6s.(a 4F).6p"	"z 5D*"	"2"	"6p2.(1S).5d.(2D).6s"	"g 3D"	"2"		""	"L16323"	
"447.8940"	"447.89433"	"84"	""		"19791.3040"	"42111.736"	"5d.6s2.(a 2D).6p"	"z 3P*"	"2"	"6p2.(3P).5d.(4D).6s"	"e 3D"	"1"		""	"L16323"	
"448.0044"	"448.0045"	"170"	""		"27074.542"	"49389.483"	"5d3.(b 4F).6s"	"b 3F"	"4"	"5d3.(b 4F).6p"	"w 3G*"	"5"		""	"L16323"	
"448.1380"	"448.1379"	"42"	""		"25281.843"	"47590.144"	"5d3.(b 4F).6s"	"b 3F"	"3"	""	"4759*"	"3"		""	"L16323"	
"448.2200"	"448.21949"	"420"	""		"25634.2234"	"47938.463"	"5d2.(a 3F).6s.(a 4F).6p"	"z 5D*"	"2"	"5d2.(3P).6s.(a 4P).7s"	"c 5P"	"3"		""	"L16323"	
"448.2570"	"448.2571"	"84"	""		"28526.2274"	"50828.596"	"5d2.(a 3P).6s.(a 4P).6p"	"y 3P*"	"0"	""	"5083"	"1"		""	"L16323"	
"448.2860"	"448.2852"	"42"	""		"28790.2720"	"51091.243"	"5d2.(a 3F).6s.(a 4F).6p"	"y 3D*"	"1"	""	"5109"	"1"		""	"L16323"	
"448.3610"	"448.3609"	"84"	""		"27149.6642"	"49446.869"	"5d2.(a 3F).6s.(a 4F).6p"	"y 3F*"	"2"	""	"4945"	"1"		""	"L16323"	
"448.5253"	"448.52514"	"630"	""		"26305.8081"	"48594.849"	"5d2.(a 3F).6s.(a 4F).6p"	"z 5D*"	"3"	""	"4859"	"2"		""	"L16323"	
"448.7057"	"448.70680"	"84"	""		"23448.6227"	"45728.640"	"5d2.(a 3F).6s.(a 4F).6p"	"z 5F*"	"3"	"5d2.(3P).6s.(a 4P).7s"	"e 3P"	"2"		""	"L16323"	
"448.8000"	"448.79856"	"42"	""		"27516.4201"	"49791.882"	"5d2.(a 3F).6s.(a 4F).6p"	"z 5D*"	"4"	""	"4979"	"3"		""	"L16323"	
"448.9030"	"448.90226"	"42"	""		"19791.3040"	"42061.620"	"5d.6s2.(a 2D).6p"	"z 3P*"	"2"	"5d.6s2.(a 2D).7s"	"d 3D"	"3"		""	"L16323"	
"449.0900"	"449.0908"	"42"	""		"25084.172"	"47345.139"	"5d3.(c 2D).6s"	"a 3D"	"2"	""	"4735*"	"2"		""	"L16323"	
"449.1370"	"449.1379"	"42"	""		"22880.262"	"45138.894"	"5d3.(b 2G).6s"	"a 3G"	"3"	""	"4514*"	"2"		""	"L16323"	
"449.2160"	"449.21563"	"1300"	""		"18381.5234"	"40636.304"	"5d.6s2.(a 2D).6p"	"z 3D*"	"3"	"6p2.(3P).5d.(4F).6s"	"c 5F"	"2"		""	"L16323"	
"449.3230"	"449.3227"	"84"	""		"27018.812"	"49268.290"	"5d3.(2H).6s"	"a 3H"	"5"	"5d3.(b 2G).6p"	"y 3H*"	"4"		""	"L16323"	
"449.4235"	"449.42288"	"130"	""		"26463.9649"	"48708.483"	"5d.6s2.(a 2D).6p"	"z 1P*"	"1"	"5d4"	"5P?"	"2"		""	"L16323"	
"449.5080"	"449.50958"	"42"	""		"25634.2234"	"47874.451"	"5d2.(a 3F).6s.(a 4F).6p"	"z 5D*"	"2"	"6p2.(1D).5d.(2D).6s"	"f 3D"	"1"		""	"L16323"	
"449.5830"	"449.5828"	"84"	""		"26715.403"	"48952.008"	"5d3.(c 2D).6s"	"a 3D"	"3"	"5d3.(b 4P).6p"	"y 5P*"	"2"		""	"L16323"	
"449.6474"	"449.6467"	"420"	""		"25634.2234"	"47867.670"	"5d2.(a 3F).6s.(a 4F).6p"	"z 5D*"	"2"	"6p2.(1D).5d.(2P).6s"	"g 3P"	"2"		""	"L16323"	
"449.7520"	"449.7523"	"42"	""		"27149.6642"	"49377.892"	"5d2.(a 3F).6s.(a 4F).6p"	"y 3F*"	"2"	""	"4938"	"1 or 2"		""	"L16323"	
"449.8940"	"449.89282"	"340"	""		"16766.637"	"38987.9197"	"5d3.(b 4F).6s"	"a 5F"	"4"	"5d2.(a 3F).6s.(a 2F).6p"	"z 1G*"	"4"		""	"L16323"	
"449.9662"	"449.964922"	"2100"	"9.00e+05"	B	"6572.5498"	"28790.2720"	"5d2.6s2"	"a 3P"	"1"	"5d2.(a 3F).6s.(a 4F).6p"	"y 3D*"	"1"		"T5346"	"L16323"	
"450.1490"	"450.15018"	"130"	""		"14740.6924"	"36949.271"	"5d3.(b 4F).6s"	"a 5F"	"2"	"5d2.(b 1D).6s.(b 2D).6p"	"v 3D*"	"1"		""	"L16323"	
"450.1780"	"450.17898"	"84h"	""		"24785.2649"	"46992.423"	"5d2.(a 3F).6s.(a 4F).6p"	"z 5F*"	"4"	"6p2.(1D).5d.(2G).6s"	"b 3G"	"4"		""	"L16323"	
"450.2010"	"450.2004"	"170"	""		"25678.643"	"47884.746"	"5d3.(2H).6s"	"a 3H"	"4"	""	"4788*"	"3"		""	"L16323"	
"450.3095"	"450.30893"	"630"	""		"23448.6227"	"45649.372"	"5d2.(a 3F).6s.(a 4F).6p"	"z 5F*"	"3"	"6p2.(3P).5d.(2F).6s"	"f 3F"	"3"		""	"L16323"	
"450.4010"	"450.39989"	"42"	""		"20908.462"	"43104.728"	"5d3.(b 4P).6s"	"a 5P"	"2"	"5d2.(b 1D).6s.(b 2D).6p"	"v 3F*"	"3"		""	"L16323"	
"450.4328"	"450.4331"	"170"	""		"23327.739"	"45522.369"	"5d3.(b 4F).6s"	"b 3F"	"2"	""	"4552*"	"3"		""	"L16323"	
"450.6669"	"450.66588"	"630"	""		"19292.6984"	"41475.864"	"5d2.(a 3F).6s.(a 4F).6p"	"z 5G*"	"3"	"6p2.(3P).5d.(4F).6s"	"c 5F"	"3"		""	"L16323"	
"451.0520"	"451.0533"	"42"	""		"28200.544"	"50364.656"	"5d3.(b 2P).6s"	"c 3P"	"2"	"5d3.(b 4P).6p"	"w 5D*"	"2"		""	"L16323"	
"451.0960"	"451.09591"	"84"	""		"29246.6760"	"51408.695"	"5d2.(a 3F).6s.(a 4F).6p"	"z 3G*"	"4"	""	"5141"	"5"		""	"L16323"	
"451.1970"	"451.1965"	"130"	""		"20328.402"	"42485.481"	"5d2.6s2"	"1S"	"0"	"5d3.(b 4P).6p"	"t 3D*"	"1"		""	"L16323"	
"451.2510"	"451.25096"	"42"	""		"26202.5501"	"48356.954"	"5d2.(a 3F).6s.(a 4F).6p"	"z 5F*"	"5"	"5d4"	"c 3G"	"4"		""	"L16323"	
"451.2600"	"451.2586"	"42"	""		"28200.544"	"50354.571"	"5d3.(b 2P).6s"	"c 3P"	"2"	"5d3.(b 4F).6p"	"t 3F*"	"3"		""	"L16323"	
"451.2870"	""	"42"	""		""	""	""	""	""	""	""	""		""	"L16323"	
"451.362"	"451.35963"	"84h"	""		"29246.6760"	"51395.746"	"5d2.(a 3F).6s.(a 4F).6p"	"z 3G*"	"4"	""	"5140"	"3"		""	"L16323"	
"451.4350"	"451.43597"	"84"	""		"28047.9411"	"50193.266"	"5d2.(a 3P).6s.(a 4P).6p"	"z 3S*"	"1"	""	"5019"	"2"		""	"L16323"	
"451.4603"	"451.45974"	"210*"	""		"27516.4201"	"49660.579"	"5d2.(a 3F).6s.(a 4F).6p"	"z 5D*"	"4"	""	"4966"	"3"		""	"L16323"	
"451.4603"	"451.46106"	"210*"	""		"29246.6760"	"51390.770"	"5d2.(a 3F).6s.(a 4F).6p"	"z 3G*"	"4"	"5d4"	"5F"	"4"		""	"L16323"	
"451.7068"	"451.70702"	"420"	""		"18381.5234"	"40513.560"	"5d.6s2.(a 2D).6p"	"z 3D*"	"3"	"5d.6s2.(a 2D).7s"	"d 3D"	"2"		""	"L16323"	
"451.7320"	"451.73054"	"130"	""		"26463.9649"	"48594.849"	"5d.6s2.(a 2D).6p"	"z 1P*"	"1"	""	"4859"	"2"		""	"L16323"	
"451.8305"	"451.82932"	"2100"	""		"16163.3602"	"38289.406"	"5d.6s2.(a 2D).6p"	"z 3D*"	"2"	"5d3.(2D).6s"	"c 1D"	"2"		""	"L16323"	
"451.9690"	"451.96938"	"84"	""		"18011.0647"	"40130.254"	"5d2.(a 3F).6s.(a 4F).6p"	"z 5G*"	"2"	"6p2.(3P).5d.(2D).6s"	"d 1D"	"2"		""	"L16323"	
"452.0587"	"452.05872"	"1300"	""		"25194.5090"	"47309.327"	"5d2.(a 3F).6s.(a 4F).6p"	"z 5D*"	"1"	"6p2.(1D).5d.(2P).6s"	"g 3P"	"1"		""	"L16323"	
"452.1477"	"452.14670"	"170"	""		"25194.5090"	"47305.024"	"5d2.(a 3F).6s.(a 4F).6p"	"z 5D*"	"1"	"6p2.(1D).5d.(2D).6s"	"f 3D"	"2"		""	"L16323"	
"452.2182"	"452.21743"	"340"	""		"27516.4201"	"49623.477"	"5d2.(a 3F).6s.(a 4F).6p"	"z 5D*"	"4"	""	"4962"	"4"		""	"L16323"	
"452.3320"	"452.33201"	"170"	""		"26305.8081"	"48407.265"	"5d2.(a 3F).6s.(a 4F).6p"	"z 5D*"	"3"	"6p2.(1S).5d.(2D).6s"	"g 1D"	"2"		""	"L16323"	
"452.3575"	""	"170"	""		""	""	""	""	""	""	""	""		""	"L16323"	
"452.5920"	"452.59297"	"630"	""		"14435.138"	"36523.852"	"5d.6s2.(a 2D).6p"	"z 3F*"	"2"	"5d3.(2D).6s"	"b 3D"	"3"		""	"L16323"	
"452.7310"	""	"42"	""		""	""	""	""	""	""	""	""		""	"L16323"	
"452.7670"	"452.7683"	"42"	""		"30501.127"	"52581.287"	"5d3.(b 2G).6s"	"a 1G"	"4"	"5d3.(b 4F).6p"	"t 3F*"	"4"		""	"L16323"	
"452.7950"	"452.79497"	"84"	""		"16766.637"	"38845.497"	"5d3.(b 4F).6s"	"a 5F"	"4"	"5d2.(a 1G).6s.(a 2G).6p"	"x 3G*"	"5"		""	"L16323"	
"453.0133"	"453.01343"	"500"	""		"25634.2234"	"47702.436"	"5d2.(a 3F).6s.(a 4F).6p"	"z 5D*"	"2"	"6p2.(1D).5d.(2D).6s"	"f 1D"	"2"		""	"L16323"	
"453.1140"	"453.1144"	"42"	""		"25281.843"	"47345.139"	"5d3.(b 4F).6s"	"b 3F"	"3"	""	"4735*"	"2"		""	"L16323"	
"453.1870"	""	"42d"	""		""	""	""	""	""	""	""	""		""	"L16323"	
"453.2740"	""	"84"	""		""	""	""	""	""	""	""	""		""	"L16323"	
"453.4770"	""	"42"	""		""	""	""	""	""	""	""	""		""	"L16323"	
"453.7548"	"453.75404"	"420"	""		"14740.6924"	"36772.8864"	"5d3.(b 4F).6s"	"a 5F"	"2"	"5d2.(a 3F).6s.(a 2F).6p"	"w 3D*"	"2"		""	"L16323"	
"454.0934"	"454.093108"	"8400"	"2.27e+06"	B+	"5638.6151"	"27654.3580"	"5d2.6s2"	"a 1D"	"2"	"5d2.(a 3F).6s.(a 4F).6p"	"y 3F*"	"3"		"T5346"	"L16323"	
"454.1710"	"454.170123"	"1700"	"4.97e+05"	B	"5521.7776"	"27533.7873"	"5d2.6s2"	"a 3P"	"0"	"5d2.(a 3P).6s.(a 4P).6p"	"y 5D*"	"1"		"T5346"	"L21976,L16323"	
"454.3010"	"454.30067"	"840"	""		"19292.6984"	"41298.383"	"5d2.(a 3F).6s.(a 4F).6p"	"z 5G*"	"3"	"5d2.(3F).6s.(a 4F).7s"	"d 3F"	"2"		""	"L16323"	
"454.4020"	"454.40142"	"4200"	""		"10532.5690"	"32533.3746"	"5d2.6s2"	"a 1G"	"4"	"5d2.(a 3F).6s.(a 2F).6p"	"y 3G*"	"3"		""	"L21976,L16323"	
"454.4775"	""	"42"	""		""	""	""	""	""	""	""	""		""	"L16323"	
"454.6900"	"454.68983"	"420"	""		"18143.4034"	"40130.254"	"5d.6s2.(a 2D).6p"	"z 3P*"	"1"	"6p2.(3P).5d.(2D).6s"	"d 1D"	"2"		""	"L16323"	
"454.6980"	"454.6962"	"630"	""		"25084.172"	"47070.716"	"5d3.(c 2D).6s"	"a 3D"	"2"	"5d3.(b 4F).6p"	"x 5D*"	"3"		""	"L16323"	
"454.7870"	"454.78654"	"1300"	""		"14541.677"	"36523.852"	"5d.6s2.(a 2D).6p"	"z 3F*"	"3"	"5d3.(2D).6s"	"b 3D"	"3"		""	"L16323"	
"455.0160"	"455.0148"	"1700"	""		"24966.809"	"46937.955"	"5d2.(a 3F).6s.(a 4F).6p"	"z 5D*"	"0"	"5d2.(3P).6s.(a 4P).7s"	"c 5P"	"1"		""	"L16323"	
"455.0576"	"455.05682"	"340"	""		"27654.3580"	"49623.477"	"5d2.(a 3F).6s.(a 4F).6p"	"y 3F*"	"3"	""	"4962"	"4"		""	"L16323"	
"455.3776"	"455.376897"	"3400"	""		"6572.5498"	"28526.2274"	"5d2.6s2"	"a 3P"	"1"	"5d2.(a 3P).6s.(a 4P).6p"	"y 3P*"	"0"		""	"L21976,L16323"	
"455.6850"	"455.68286"	"380"	""		"23448.6227"	"45387.560"	"5d2.(a 3F).6s.(a 4F).6p"	"z 5F*"	"3"	"6p2.(3P).5d.(4F).6s"	"e 3F"	"4"		""	"L16323"	
"455.9760"	"455.97420"	"840"	""		"22450.5521"	"44375.472"	"5d2.(a 3F).6s.(a 4F).6p"	"z 5F*"	"2"	"6p2.(3P).5d.(2P).6s"	"d 3P"	"2"		""	"L16323"	
"456.1120"	"456.11070"	"84"	""		"19292.6984"	"41211.057"	"5d2.(a 3F).6s.(a 4F).6p"	"z 5G*"	"3"	"5d4"	"a 5D"	"2"		""	"L16323"	
"456.157"	"456.15485"	"84i"	""		"23448.6227"	"45364.860"	"5d2.(a 3F).6s.(a 4F).6p"	"z 5F*"	"3"	"6p2.(3P).5d.(4P).6s"	"b 5P"	"3"		""	"L16323c153"	
"456.184"	"456.18156"	"42i"	""		"26305.8081"	"48220.762"	"5d2.(a 3F).6s.(a 4F).6p"	"z 5D*"	"3"	"5d4"	"h 3F"	"4"		""	"L16323c153"	
"456.2638"	""	"630"	""		""	""	""	""	""	""	""	""		""	"L16323"	
"456.5950"	"456.593715"	"13000"	"5.23e+06"	B+	"5638.6151"	"27533.7873"	"5d2.6s2"	"a 1D"	"2"	"5d2.(a 3P).6s.(a 4P).6p"	"y 5D*"	"1"		"T5346"	"L21976,L16323"	
"456.9910"	"456.99016"	"290"	""		"22901.3837"	"44777.562"	"5d2.(a 3F).6s.(a 4F).6p"	"z 5G*"	"5"	"5d2.(3F).6s.(a 4F).7s"	"d 3F"	"4"		""	"L16323"	
"457.0510"	"457.04946"	"330"	""		"26305.8081"	"48179.148"	"5d2.(a 3F).6s.(a 4F).6p"	"z 5D*"	"3"	""	"4818"	"2"		""	"L16323"	
"457.5050"	""	"42"	""		""	""	""	""	""	""	""	""		""	"L16323"	
"457.6600"	"457.6612"	"42"	""		"27533.7873"	"49377.892"	"5d2.(a 3P).6s.(a 4P).6p"	"y 5D*"	"1"	""	"4938"	"1 or 2"		""	"L16323"	
"457.706"	"457.70965"	"42"	""		"27149.6642"	"48991.455"	"5d2.(a 3F).6s.(a 4F).6p"	"y 3F*"	"2"	"5d4"	"h 3F"	"2"		""	"L16323"	
"457.7780"	""	"83"	""		""	""	""	""	""	""	""	""		""	"L16323"	
"457.8180"	"457.8172"	"83"	""		"28527.998"	"50364.656"	"5d3.(b 4P).6s"	"b 3P"	"1"	"5d3.(b 4P).6p"	"w 5D*"	"2"		""	"L16323"	
"457.9050"	"457.9039"	"83"	""		"27149.6642"	"48982.191"	"5d2.(a 3F).6s.(a 4F).6p"	"y 3F*"	"2"	"5d4"	"h 3D"	"1"		""	"L16323"	
"457.9380"	"457.93751"	"330"	""		"27516.4201"	"49347.343"	"5d2.(a 3F).6s.(a 4F).6p"	"z 5D*"	"4"	""	"4935"	"3"		""	"L16323"	
"458.1030"	"458.10223"	"420"	""		"21738.7225"	"43561.796"	"5d2.(a 3F).6s.(a 4F).6p"	"z 5F*"	"1"	"6p2.(3P).5d.(2P).6s"	"d 3P"	"1"		""	"L16323"	
"458.2080"	""	"42"	""		""	""	""	""	""	""	""	""		""	"L16323"	
"458.2260"	""	"42"	""		""	""	""	""	""	""	""	""		""	"L16323"	
"458.3530"	"458.3526"	"42"	""		"23327.739"	"45138.894"	"5d3.(b 4F).6s"	"b 3F"	"2"	""	"4514*"	"2"		""	"L16323"	
"458.3860"	"458.38714"	"83"	""		"28583.7248"	"50393.234"	"5d2.(a 3F).6s.(a 4F).6p"	"z 3G*"	"3"	""	"5039"	"4"		""	"L16323"	
"458.5000"	""	"42"	""		""	""	""	""	""	""	""	""		""	"L16323"	
"458.5100"	""	"83"	""		""	""	""	""	""	""	""	""		""	"L16323"	
"458.8220"	"458.8213"	"210"	""		"25281.843"	"47070.716"	"5d3.(b 4F).6s"	"b 3F"	"3"	"5d3.(b 4F).6p"	"x 5D*"	"3"		""	"L16323"	
"458.8810"	"458.8800"	"42"	""		"29996.8513"	"51782.937"	"5d2.(a 3F).6s.(a 4F).6p"	"y 3D*"	"3"	""	"5178"	"2"		""	"L16323"	
"458.9130"	"458.9129"	"120*"	""		"23327.739"	"45112.263"	"5d3.(b 4F).6s"	"b 3F"	"2"	"5d3.(b 4F).6p"	"y 5F*"	"3"		""	"L16323"	
"458.9130"	"458.9141"	"120*"	""		"27654.3580"	"49438.825"	"5d2.(a 3F).6s.(a 4F).6p"	"y 3F*"	"3"	""	"4944"	"2"		""	"L16323"	
"459.0537"	"459.05329"	"1700"	""		"18011.0647"	"39788.926"	"5d2.(a 3F).6s.(a 4F).6p"	"z 5G*"	"2"	"5d2.(3F).6s.(a 4F).7s"	"b 5F"	"2"		""	"L16323"	
"459.2700"	"459.27222"	"42"	""		"25194.5090"	"46961.989"	"5d2.(a 3F).6s.(a 4F).6p"	"z 5D*"	"1"	"6p2.(1D).5d.(2F).6s"	"g 3F"	"2"		""	"L16323"	
"459.7945"	"459.79347"	"2500"	""		"23644.7563"	"45387.560"	"5d.6s2.(a 2D).6p"	"z 1F*"	"3"	"6p2.(3P).5d.(4F).6s"	"e 3F"	"4"		""	"L16323"	
"459.8801"	"459.87979"	"12000"	"1.6e+06"	D+	"0.0000"	"21738.7225"	"5d2.6s2"	"a 3F"	"2"	"5d2.(a 3F).6s.(a 4F).6p"	"z 5F*"	"1"		"T5346"	"L21976,L16323"	
"459.8920"	"459.891547"	"8300"	"1.73e+06"	B	"4567.6413"	"26305.8081"	"5d2.6s2"	"a 3F"	"4"	"5d2.(a 3F).6s.(a 4F).6p"	"z 5D*"	"3"		"T5346"	"L21976,L16323"	
"460.2750"	"460.27401"	"1200"	""		"23644.7563"	"45364.860"	"5d.6s2.(a 2D).6p"	"z 1F*"	"3"	"6p2.(3P).5d.(4P).6s"	"b 5P"	"3"		""	"L16323"	
"460.3524"	"460.35205"	"620"	""		"26305.8081"	"48022.230"	"5d2.(a 3F).6s.(a 4F).6p"	"z 5D*"	"3"	"5d4"	"b 3H"	"4"		""	"L16323"	
"460.4970"	""	"120hl"	""		""	""	""	""	""	""	""	""		""	"L16323"	
"460.5309"	"460.5300"	"170"	""		"20328.402"	"42036.433"	"5d2.6s2"	"1S"	"0"	"5d3.(b 4P).6p"	"v 3P*"	"1"		""	"L16323"	
"460.6070"	""	"170hl"	""		""	""	""	""	""	""	""	""		""	"L16323"	
"460.6750"	""	"250"	""		""	""	""	""	""	""	""	""		""	"L16323"	
"460.7480"	""	"210h"	""		""	""	""	""	""	""	""	""		""	"L16323"	
"460.8093"	"460.809017"	"4100"	"1.28e+06"	B	"6572.5498"	"28267.4366"	"5d2.6s2"	"a 3P"	"1"	"5d2.(a 3F).6s.(a 4F).6p"	"y 3D*"	"2"		"T5346"	"L21976,L16323"	
"461.0288"	"461.02847"	"83"	""		"19791.3040"	"41475.864"	"5d.6s2.(a 2D).6p"	"z 3P*"	"2"	"6p2.(3P).5d.(4F).6s"	"c 5F"	"3"		""	"L16323"	
"461.1630"	""	"41d"	""		""	""	""	""	""	""	""	""		""	"L16323"	
"461.2290"	"461.22961"	"370"	""		"25634.2234"	"47309.327"	"5d2.(a 3F).6s.(a 4F).6p"	"z 5D*"	"2"	"6p2.(1D).5d.(2P).6s"	"g 3P"	"1"		""	"L16323"	
"461.3222"	"461.32120"	"120"	""		"25634.2234"	"47305.024"	"5d2.(a 3F).6s.(a 4F).6p"	"z 5D*"	"2"	"6p2.(1D).5d.(2D).6s"	"f 3D"	"2"		""	"L16323"	
"461.4192"	"461.41805"	"1600"	""		"25194.5090"	"46860.761"	"5d2.(a 3F).6s.(a 4F).6p"	"z 5D*"	"1"	"5d2.(3P).6s.(a 4P).7s"	"c 5P"	"2"		""	"L16323"	
"461.4600"	"461.46022"	"410"	""		"27516.4201"	"49180.692"	"5d2.(a 3F).6s.(a 4F).6p"	"z 5D*"	"4"	"5d4"	"b 3H"	"5"		""	"L16323"	
"461.7780"	"461.77727"	"82"	""		"26305.8081"	"47955.206"	"5d2.(a 3F).6s.(a 4F).6p"	"z 5D*"	"3"	"6p2.(1S).5d.(2D).6s"	"g 3D"	"2"		""	"L16323"	
"461.9520"	"461.95194"	"820"	""		"16766.637"	"38407.849"	"5d3.(b 4F).6s"	"a 5F"	"4"	"5d2.(a 3F).6s.(a 2F).6p"	"w 3D*"	"3"		""	"L16323"	
"462.0862"	"462.086529"	"12000"	""		"4567.6413"	"26202.5501"	"5d2.6s2"	"a 3F"	"4"	"5d2.(a 3F).6s.(a 4F).6p"	"z 5F*"	"5"		""	"L21976,L16323"	
"462.7070"	""	"120h"	""		""	""	""	""	""	""	""	""		""	"L16323"	
"462.9002"	"462.90025"	"290"	""		"27149.6642"	"48746.542"	"5d2.(a 3F).6s.(a 4F).6p"	"y 3F*"	"2"	"5d2.(3F).6s.(a 2F).7s"	"i 3F"	"3"		""	"L16323"	
"463.0608"	"463.06040"	"1600"	""		"19292.6984"	"40882.107"	"5d2.(a 3F).6s.(a 4F).6p"	"z 5G*"	"3"	"5d2.(3F).6s.(a 4F).7s"	"b 5F"	"3"		""	"L16323"	
"463.2042"	"463.20406"	"410"	""		"10508.904"	"32091.617"	"5d.6s2.(a 2D).6p"	"z 1D*"	"2"	"5d3.(b 2P).6s"	"a 1P"	"1"		""	"L16323"	
"463.3250"	"463.3263"	"41"	""		"20908.462"	"42485.481"	"5d3.(b 4P).6s"	"a 5P"	"2"	"5d3.(b 4P).6p"	"t 3D*"	"1"		""	"L16323"	
"463.5600"	"463.5603"	"82"	""		"26202.5501"	"47768.679"	"5d2.(a 3F).6s.(a 4F).6p"	"z 5F*"	"5"	"6p2.(1D).5d.(2G).6s"	"b 3G"	"5"		""	"L16323"	
"463.6520"	"463.6520"	"610"	""		"26305.8081"	"47867.670"	"5d2.(a 3F).6s.(a 4F).6p"	"z 5D*"	"3"	"6p2.(1D).5d.(2P).6s"	"g 3P"	"2"		""	"L16323"	
"463.7060"	"463.7052"	"41"	""		"29996.8513"	"51556.239"	"5d2.(a 3F).6s.(a 4F).6p"	"y 3D*"	"3"	""	"5156"	"3"		""	"L16323"	
"463.7160"	"463.71745"	"41"	""		"27149.6642"	"48708.483"	"5d2.(a 3F).6s.(a 4F).6p"	"y 3F*"	"2"	"5d4"	"5P?"	"2"		""	"L16323"	
"463.7390"	""	"41"	""		""	""	""	""	""	""	""	""		""	"L16323"	
"464.2250"	"464.22375"	"1200"	""		"18011.0647"	"39546.371"	"5d2.(a 3F).6s.(a 4F).6p"	"z 5G*"	"2"	"5d.6s2.(a 2D).7s"	"d 3D"	"1"		""	"L16323"	
"464.3140"	""	"120h"	""		""	""	""	""	""	""	""	""		""	"L16323"	
"464.3610"	""	"41"	""		""	""	""	""	""	""	""	""		""	"L16323"	
"464.4570"	"464.45799"	"41"	""		"28267.4366"	"49791.882"	"5d2.(a 3F).6s.(a 4F).6p"	"y 3D*"	"2"	""	"4979"	"3"		""	"L16323"	
"464.5230"	""	"41"	""		""	""	""	""	""	""	""	""		""	"L16323"	
"464.5400"	"464.5415"	"120"	""		"18270.133"	"39790.707"	"5d.6s2.(a 2D).6p"	"z 3P*"	"0"	"6p2.(3P).5d.(4F).6s"	"c 5F"	"1"		""	"L16323"	
"464.7470"	"464.747244"	"81"	"6.e+04"	E	"5638.6151"	"27149.6642"	"5d2.6s2"	"a 1D"	"2"	"5d2.(a 3F).6s.(a 4F).6p"	"y 3F*"	"2"		"T5346"	"L16323"	
"464.8350"	"464.83304"	"400"	""		"19791.3040"	"41298.383"	"5d.6s2.(a 2D).6p"	"z 3P*"	"2"	"5d2.(3F).6s.(a 4F).7s"	"d 3F"	"2"		""	"L16323"	
"465.0590"	"465.05832"	"810"	""		"14740.6924"	"36237.353"	"5d3.(b 4F).6s"	"a 5F"	"2"	"5d2.(b 1D).6s.(b 2D).6p"	"x 1F*"	"3"		""	"L16323"	
"465.0940"	"465.09295"	"200"	""		"24785.2649"	"46280.325"	"5d2.(a 3F).6s.(a 4F).6p"	"z 5F*"	"4"	"6p2.(1D).5d.(2F).6s"	"g 3F"	"3"		""	"L16323"	
"465.1130"	"465.1130"	"40"	""		"25281.843"	"46775.978"	"5d3.(b 4F).6s"	"b 3F"	"3"	"5d3.(b 4F).6p"	"w 3G*"	"3"		""	"L16323"	
"465.1766"	"465.17560"	"200"	""		"26463.9649"	"47955.206"	"5d.6s2.(a 2D).6p"	"z 1P*"	"1"	"6p2.(1S).5d.(2D).6s"	"g 3D"	"2"		""	"L16323"	
"465.2258"	"465.22420"	"810"	""		"27516.4201"	"49005.416"	"5d2.(a 3F).6s.(a 4F).6p"	"z 5D*"	"4"	"5d2.(3F).6s.(a 2F).7s"	"i 3F"	"4"		""	"L16323"	
"465.5198"	"465.518924"	"12000"	"9.00e+06"	B+	"6572.5498"	"28047.9411"	"5d2.6s2"	"a 3P"	"1"	"5d2.(a 3P).6s.(a 4P).6p"	"z 3S*"	"1"		"T5346"	"L21976,L16323"	
"466.0860"	"466.08418"	"240"	""		"27149.6642"	"48599.011"	"5d2.(a 3F).6s.(a 4F).6p"	"y 3F*"	"2"	"5d4"	"c 3G"	"3"		""	"L16323"	
"466.1750"	"466.17464"	"120"	""		"27149.6642"	"48594.849"	"5d2.(a 3F).6s.(a 4F).6p"	"y 3F*"	"2"	""	"4859"	"2"		""	"L16323"	
"466.3187"	"466.31861"	"320"	""		"23644.7563"	"45083.320"	"5d.6s2.(a 2D).6p"	"z 1F*"	"3"	"6p2.(3P).5d.(2F).6s"	"b 1F"	"3"		""	"L16323"	
"466.7292"	"466.72814"	"1200"	""		"19791.3040"	"41211.057"	"5d.6s2.(a 2D).6p"	"z 3P*"	"2"	"5d4"	"a 5D"	"2"		""	"L16323"	
"466.8230"	"466.8225"	"40"	""		"28583.7248"	"49999.148"	"5d2.(a 3F).6s.(a 4F).6p"	"z 3G*"	"3"	""	"5000"	"3"		""	"L16323"	
"466.9245"	"466.923862"	"2000"	""		"10532.5690"	"31943.3435"	"5d2.6s2"	"a 1G"	"4"	"5d2.(a 3P).6s.(a 4P).6p"	"y 5D*"	"4"		""	"L21976,L16323"	
"467.0940"	"467.09360"	"800*"	""		"28790.2720"	"50193.266"	"5d2.(a 3F).6s.(a 4F).6p"	"y 3D*"	"1"	""	"5019"	"2"		""	"L16323"	
"467.0940"	"467.09418"	"800*"	""		"18143.4034"	"39546.371"	"5d.6s2.(a 2D).6p"	"z 3P*"	"1"	"5d.6s2.(a 2D).7s"	"d 3D"	"1"		""	"L16323"	
"467.1820"	"467.1824"	"80*"	""		"28047.9411"	"49446.869"	"5d2.(a 3P).6s.(a 4P).6p"	"z 3S*"	"1"	""	"4945"	"1"		""	"L16323"	
"467.1820"	"467.18308"	"80*"	""		"29996.8513"	"51395.746"	"5d2.(a 3F).6s.(a 4F).6p"	"y 3D*"	"3"	""	"5140"	"3"		""	"L16323"	
"467.3176"	"467.3174"	"800"	""		"21738.7225"	"43131.468"	"5d2.(a 3F).6s.(a 4F).6p"	"z 5F*"	"1"	"5d.6s.6p2"	"5D"	"0"		""	"L16323"	
"467.3318"	"467.3321"	"320"	""		"25678.643"	"47070.716"	"5d3.(2H).6s"	"a 3H"	"4"	"5d3.(b 4F).6p"	"x 5D*"	"3"		""	"L16323"	
"467.6710"	"467.6709"	"120"	""		"25084.172"	"46460.747"	"5d3.(c 2D).6s"	"a 3D"	"2"	""	"4646*"	"1"		""	"L16323"	
"467.7350"	""	"79"	""		""	""	""	""	""	""	""	""		""	"L16323"	
"467.761"	"467.75645"	"79"	""		"27533.7873"	"48906.452"	"5d2.(a 3P).6s.(a 4P).6p"	"y 5D*"	"1"	"5d4"	"h 3D"	"2"		""	"L16323"	
"467.8430"	""	"40"	""		""	""	""	""	""	""	""	""		""	"L16323"	
"468.1220"	"468.12015"	"40"	""		"28047.9411"	"49404.001"	"5d2.(a 3P).6s.(a 4P).6p"	"z 3S*"	"1"	""	"4940"	"2"		""	"L16323"	
"468.1860"	"468.18585"	"320"	""		"27516.4201"	"48869.483"	"5d2.(a 3F).6s.(a 4F).6p"	"z 5D*"	"4"	"5d4"	"h 3F"	"3"		""	"L16323"	
"468.2290"	"468.22981"	"40"	""		"27654.3580"	"49005.416"	"5d2.(a 3F).6s.(a 4F).6p"	"y 3F*"	"3"	"5d2.(3F).6s.(a 2F).7s"	"i 3F"	"4"		""	"L16323"	
"468.3940"	"468.39331"	"1600"	""		"19292.6984"	"40636.304"	"5d2.(a 3F).6s.(a 4F).6p"	"z 5G*"	"3"	"6p2.(3P).5d.(4F).6s"	"c 5F"	"2"		""	"L16323"	
"468.4330"	""	"160"	""		""	""	""	""	""	""	""	""		""	"L16323"	
"468.5360"	"468.53619"	"79"	""		"27654.3580"	"48991.455"	"5d2.(a 3F).6s.(a 4F).6p"	"y 3F*"	"3"	"5d4"	"h 3F"	"2"		""	"L16323"	
"468.6388"	"468.6368"	"1200*"	""		"26715.403"	"48047.920"	"5d3.(c 2D).6s"	"a 3D"	"3"	"5d3.(b 4F).6p"	"x 5D*"	"4"		""	"L16323"	
"468.6388"	"468.63916"	"1200*"	""		"25634.2234"	"46966.632"	"5d2.(a 3F).6s.(a 4F).6p"	"z 5D*"	"2"	"6p2.(1D).5d.(2F).6s"	"c 1F"	"3"		""	"L16323"	
"468.7155"	"468.71539"	"320"	""		"23448.6227"	"44777.562"	"5d2.(a 3F).6s.(a 4F).6p"	"z 5F*"	"3"	"5d2.(3F).6s.(a 4F).7s"	"d 3F"	"4"		""	"L16323"	
"468.7420"	"468.74118"	"160"	""		"25634.2234"	"46961.989"	"5d2.(a 3F).6s.(a 4F).6p"	"z 5D*"	"2"	"6p2.(1D).5d.(2F).6s"	"g 3F"	"2"		""	"L16323"	
"468.8370"	"468.83604"	"1600"	""		"20960.1223"	"42283.573"	"5d2.(a 3F).6s.(a 4F).6p"	"z 5G*"	"4"	"5d2.(3F).6s.(a 4F).7s"	"b 5F"	"4"		""	"L16323"	
"468.8990"	""	"160"	""		""	""	""	""	""	""	""	""		""	"L16323"	
"469.0480"	""	"39"	""		""	""	""	""	""	""	""	""		""	"L16323"	
"469.1453"	"469.14441"	"350"	""		"27149.6642"	"48459.099"	"5d2.(a 3F).6s.(a 4F).6p"	"y 3F*"	"2"	"5d2.(3F).6s.(a 2F).7s"	"i 3F"	"2"		""	"L16323"	
"469.2706"	"469.27001"	"160"	""		"25634.2234"	"46937.955"	"5d2.(a 3F).6s.(a 4F).6p"	"z 5D*"	"2"	"5d2.(3P).6s.(a 4P).7s"	"c 5P"	"1"		""	"L16323"	
"469.3422"	"469.34231"	"200"	""		"26305.8081"	"47606.258"	"5d2.(a 3F).6s.(a 4F).6p"	"z 5D*"	"3"	"6p2.(1D).5d.(2G).6s"	"b 1G"	"4"		""	"L16323"	
"469.3560"	""	"200"	""		""	""	""	""	""	""	""	""		""	"L16323"	
"469.549"	"469.5514"	"39i"	""		"20784.857"	"42075.820"	"5d3.(b 4P).6s"	"a 5P"	"1"	"5d2.(a 3P).6s.(a 2P).6p"	"w 3P*"	"2"		""	"L16323c153"	
"469.8439"	"469.84268"	"310"	""		"21738.7225"	"43016.488"	"5d2.(a 3F).6s.(a 4F).6p"	"z 5F*"	"1"	"6p2.(3P).5d.(4D).6s"	"b 5D"	"2"		""	"L16323"	
"469.9008"	"469.90048"	"5900"	""		"18011.0647"	"39286.213"	"5d2.(a 3F).6s.(a 4F).6p"	"z 5G*"	"2"	"5d2.(3F).6s.(a 4F).7s"	"b 5F"	"1"		""	"L16323"	
"470.0300"	""	"39"	""		""	""	""	""	""	""	""	""		""	"L16323"	
"470.2890"	"470.28838"	"78"	""		"27149.6642"	"48407.265"	"5d2.(a 3F).6s.(a 4F).6p"	"y 3F*"	"2"	"6p2.(1S).5d.(2D).6s"	"g 1D"	"2"		""	"L16323"	
"470.4210"	"470.4217"	"160"	""		"20784.857"	"42036.433"	"5d3.(b 4P).6s"	"a 5P"	"1"	"5d3.(b 4P).6p"	"v 3P*"	"1"		""	"L16323"	
"470.6060"	"470.60591"	"470"	""		"25194.5090"	"46437.767"	"5d2.(a 3F).6s.(a 4F).6p"	"z 5D*"	"1"	"6p2.(3P).5d.(4P).6s"	"f 3P"	"2"		""	"L16323"	
"470.7590"	"470.7597"	"77"	""		"24085.183"	"45321.503"	"5d3.(b 2G).6s"	"a 3G"	"5"	"5d2.(b 1D).6s.(b 2D).6p"	"v 3F*"	"4"		""	"L16323"	
"470.8053"	""	"1200"	""		""	""	""	""	""	""	""	""		""	"L16323"	
"470.8850"	"470.88507"	"1500"	""		"22901.3837"	"44132.048"	"5d2.(a 3F).6s.(a 4F).6p"	"z 5G*"	"5"	"5d2.(3F).6s.(a 4F).7s"	"b 5F"	"5"		""	"L16323"	
"470.9762"	"470.97661"	"580"	""		"25634.2234"	"46860.761"	"5d2.(a 3F).6s.(a 4F).6p"	"z 5D*"	"2"	"5d2.(3P).6s.(a 4P).7s"	"c 5P"	"2"		""	"L16323"	
"471.1022"	"471.10259"	"460"	""		"19292.6984"	"40513.560"	"5d2.(a 3F).6s.(a 4F).6p"	"z 5G*"	"3"	"5d.6s2.(a 2D).7s"	"d 3D"	"2"		""	"L16323"	
"471.2205"	"471.22099"	"770"	""		"20960.1223"	"42175.652"	"5d2.(a 3F).6s.(a 4F).6p"	"z 5G*"	"4"	"5d4"	"a 5D"	"4"		""	"L16323"	
"471.2296"	"471.22998"	"390"	""		"27654.3580"	"48869.483"	"5d2.(a 3F).6s.(a 4F).6p"	"y 3F*"	"3"	"5d4"	"h 3F"	"3"		""	"L16323"	
"471.3680"	""	"120"	""		""	""	""	""	""	""	""	""		""	"L16323"	
"471.3820"	"471.38480"	"38"	""		"28583.7248"	"49791.882"	"5d2.(a 3F).6s.(a 4F).6p"	"z 3G*"	"3"	""	"4979"	"3"		""	"L16323"	
"471.467"	"471.46302"	"38"	""		"29996.8513"	"51201.490"	"5d2.(a 3F).6s.(a 4F).6p"	"y 3D*"	"3"	"5d4"	"1G"	"4"		""	"L16323"	
"471.642"	"471.6396"	"77"	""		"30733.2723"	"51929.970"	"5d2.(a 3F).6s.(a 4F).6p"	"y 3F*"	"4"	""	"5193"	"5"		""	"L16323"	
"471.7430"	"471.74346"	"1200"	""		"14092.2938"	"35284.327"	"5d3.(b 4F).6s"	"a 5F"	"1"	"5d2.(b 1D).6s.(b 2D).6p"	"y 1P*"	"1"		""	"L16323"	
"472.0250"	"472.0241"	"77"	""		"28267.4366"	"49446.869"	"5d2.(a 3F).6s.(a 4F).6p"	"y 3D*"	"2"	""	"4945"	"1"		""	"L16323"	
"472.0860"	"472.08392"	"270"	""		"15673.341"	"36850.091"	"5d3.(b 4F).6s"	"a 5F"	"3"	"5d2.(a 1G).6s.(a 2G).6p"	"x 3G*"	"4"		""	"L16323"	
"472.1320"	"472.12972"	"76"	""		"27533.7873"	"48708.483"	"5d2.(a 3P).6s.(a 4P).6p"	"y 5D*"	"1"	"5d4"	"5P?"	"2"		""	"L16323"	
"472.1710"	"472.17062"	"1900"	""		"16163.3602"	"37336.222"	"5d.6s2.(a 2D).6p"	"z 3D*"	"2"	"5d3.(2D).6s"	"b 3D"	"1"		""	"L16323"	
"472.2460"	"472.24585"	"76"	""		"27149.6642"	"48319.153"	"5d2.(a 3F).6s.(a 4F).6p"	"y 3F*"	"2"	""	"4832"	"3"		""	"L16323"	
"472.2950"	"472.2934"	"110"	""		"20908.462"	"42075.820"	"5d3.(b 4P).6s"	"a 5P"	"2"	"5d2.(a 3P).6s.(a 2P).6p"	"w 3P*"	"2"		""	"L16323"	
"472.4210"	"472.4206"	"76"	""		"27074.542"	"48236.200"	"5d3.(b 4F).6s"	"b 3F"	"4"	"5d3.(b 4F).6p"	"w 3G*"	"4"		""	"L16323"	
"472.4540"	"472.4522"	"38"	""		"27149.6642"	"48309.906"	"5d2.(a 3F).6s.(a 4F).6p"	"y 3F*"	"2"	"6p2.(1S).5d.(2D).6s"	"g 3D"	"1"		""	"L16323"	
"472.5600"	"472.55971"	"76"	""		"27654.3580"	"48809.787"	"5d2.(a 3F).6s.(a 4F).6p"	"y 3F*"	"3"	"5d4"	"h 3D"	"3"		""	"L16323"	
"472.7567"	"472.75795"	"190"	""		"29246.6760"	"50393.234"	"5d2.(a 3F).6s.(a 4F).6p"	"z 3G*"	"4"	""	"5039"	"4"		""	"L16323"	
"472.8420"	"472.84176"	"230"	""		"18143.4034"	"39286.213"	"5d.6s2.(a 2D).6p"	"z 3P*"	"1"	"5d2.(3F).6s.(a 4F).7s"	"b 5F"	"1"		""	"L16323"	
"472.9370"	"472.9379"	"38"	""		"29752.8870"	"50891.397"	"5d2.(a 3P).6s.(a 4P).6p"	"y 5D*"	"2"	""	"5089"	"2"		""	"L16323"	
"472.9810"	"472.98148"	"110"	""		"28267.4366"	"49404.001"	"5d2.(a 3F).6s.(a 4F).6p"	"y 3D*"	"2"	""	"4940"	"2"		""	"L16323"	
"473.0396"	"473.0380"	"270*"	""		"25084.172"	"46218.213"	"5d3.(c 2D).6s"	"a 3D"	"2"	""	"4622*"	"3"		""	"L16323"	
"473.0396"	"473.0387"	"270*"	""		"24966.809"	"46100.815"	"5d2.(a 3F).6s.(a 4F).6p"	"z 5D*"	"0"	"6p2.(3P).5d.(4P).6s"	"b 5P"	"1"		""	"L16323"	
"473.0648"	"473.06560"	"570"	""		"23644.7563"	"44777.562"	"5d.6s2.(a 2D).6p"	"z 1F*"	"3"	"5d2.(3F).6s.(a 4F).7s"	"d 3F"	"4"		""	"L16323"	
"473.1720"	"473.17386"	"38"	""		"20908.462"	"42036.433"	"5d3.(b 4P).6s"	"a 5P"	"2"	"5d3.(b 4P).6p"	"v 3P*"	"1"		""	"L16323"	
"473.4290"	"473.42894"	"110"	""		"18011.0647"	"39127.652"	"5d2.(a 3F).6s.(a 4F).6p"	"z 5G*"	"2"	"6p2.(3P).5d.(2D).6s"	"c 3D"	"3"		""	"L16323"	
"473.5510"	"473.54877"	"1500*"	""		"22450.5521"	"43561.796"	"5d2.(a 3F).6s.(a 4F).6p"	"z 5F*"	"2"	"6p2.(3P).5d.(2P).6s"	"d 3P"	"1"		""	"L16323"	
"473.5510"	"473.55236"	"1500*"	""		"10508.904"	"31619.988"	"5d.6s2.(a 2D).6p"	"z 1D*"	"2"	"5d3.(b 2F).6s"	"c 3F"	"2"		""	"L16323"	
"473.7670"	"473.76749"	"150"	""		"20960.1223"	"42061.620"	"5d2.(a 3F).6s.(a 4F).6p"	"z 5G*"	"4"	"5d.6s2.(a 2D).7s"	"d 3D"	"3"		""	"L16323"	
"473.8112"	"473.81133"	"750"	""		"15673.341"	"36772.8864"	"5d3.(b 4F).6s"	"a 5F"	"3"	"5d2.(a 3F).6s.(a 2F).6p"	"w 3D*"	"2"		""	"L16323"	
"473.8230"	"473.8214"	"150"	""		"36523.852"	"57622.950"	"5d3.(2D).6s"	"b 3D"	"3"	""	"5762*"	"2"		""	"L16323"	
"473.8574"	"473.85774"	"3000"	""		"14017.827"	"35115.306"	"5d.6s2.(a 2D).6p"	"z 3D*"	"1"	""	"3512"	"2"		""	"L16323"	
"473.9830"	"473.982023"	"1500"	""		"2356.6756"	"23448.6227"	"5d2.6s2"	"a 3F"	"3"	"5d2.(a 3F).6s.(a 4F).6p"	"z 5F*"	"3"		""	"L21976,L16323"	
"474.1020"	"474.10222"	"370"	""		"17901.320"	"38987.9197"	"5d3.(b 4F).6s"	"a 5F"	"5"	"5d2.(a 3F).6s.(a 2F).6p"	"z 1G*"	"4"		""	"L16323"	
"474.113"	"474.1156"	"150"	""		"25084.172"	"46170.176"	"5d3.(c 2D).6s"	"a 3D"	"2"	"5d3.(b 4F).6p"	"x 5D*"	"2"		""	"L16323"	
"474.2530"	"474.25276"	"370"	""		"28267.4366"	"49347.343"	"5d2.(a 3F).6s.(a 4F).6p"	"y 3D*"	"2"	""	"4935"	"3"		""	"L16323"	
"474.2920"	"474.2926"	"37"	""		"27231.770"	"48309.906"	"5d2.(a 3P).6s.(a 4P).6p"	"y 5D*"	"0"	"6p2.(1S).5d.(2D).6s"	"g 3D"	"1"		""	"L16323"	
"474.3200"	"474.32144"	"37"	""		"28583.7248"	"49660.579"	"5d2.(a 3F).6s.(a 4F).6p"	"z 3G*"	"3"	""	"4966"	"3"		""	"L16323"	
"474.6780"	"474.67711"	"220"	""		"27533.7873"	"48594.849"	"5d2.(a 3P).6s.(a 4P).6p"	"y 5D*"	"1"	""	"4859"	"2"		""	"L16323"	
"474.8350"	"474.83351"	"370"	""		"27654.3580"	"48708.483"	"5d2.(a 3F).6s.(a 4F).6p"	"y 3F*"	"3"	"5d4"	"5P?"	"2"		""	"L16323"	
"474.8409"	"474.8407"	"560"	""		"25194.5090"	"46248.316"	"5d2.(a 3F).6s.(a 4F).6p"	"z 5D*"	"1"	""	"4625"	"0"		""	"L16323"	
"474.8890"	""	"37"	""		""	""	""	""	""	""	""	""		""	"L16323"	
"475.0660"	"475.06584"	"260"	""		"21738.7225"	"42782.551"	"5d2.(a 3F).6s.(a 4F).6p"	"z 5F*"	"1"	"6p2.(3P).5d.(4D).6s"	"b 5D"	"1"		""	"L16323"	
"475.1492"	"475.14917"	"560"	""		"26305.8081"	"47345.946"	"5d2.(a 3F).6s.(a 4F).6p"	"z 5D*"	"3"	"6p2.(1D).5d.(2G).6s"	"b 3G"	"3"		""	"L16323"	
"475.3124"	"475.31280"	"370"	""		"29246.6760"	"50279.571"	"5d2.(a 3F).6s.(a 4F).6p"	"z 3G*"	"4"	""	"5028"	"5"		""	"L16323"	
"475.3890"	"475.38990"	"110"	""		"27149.6642"	"48179.148"	"5d2.(a 3F).6s.(a 4F).6p"	"y 3F*"	"2"	""	"4818"	"2"		""	"L16323"	
"475.3970"	"475.3984"	"150"	""		"27018.812"	"48047.920"	"5d3.(2H).6s"	"a 3H"	"5"	"5d3.(b 4F).6p"	"x 5D*"	"4"		""	"L16323"	
"475.6080"	"475.6093"	"110d"	""		"26918.146"	"47937.928"	"5d3.(b 2P).6s"	"c 3P"	"1"	""	"4794*"	"2"		""	"L16323"	
"475.6350"	"475.63612"	"74"	""		"27533.7873"	"48552.385"	"5d2.(a 3P).6s.(a 4P).6p"	"y 5D*"	"1"	""	"4855"	"2"		""	"L16323"	
"475.6940"	"475.6931"	"37h"	""		"18270.133"	"39286.213"	"5d.6s2.(a 2D).6p"	"z 3P*"	"0"	"5d2.(3F).6s.(a 4F).7s"	"b 5F"	"1"		""	"L16323"	
"475.7611"	"475.760879"	"1800"	"5.1e+05"	C+	"8983.7652"	"29996.8513"	"5d2.6s2"	"a 3P"	"2"	"5d2.(a 3F).6s.(a 4F).6p"	"y 3D*"	"3"		"T5346"	"L21976,L16323"	
"475.8789"	"475.8792"	"220"	""		"25281.843"	"46289.706"	"5d3.(b 4F).6s"	"b 3F"	"3"	"5d3.(b 4F).6p"	"y 5F*"	"4"		""	"L16323"	
"476.0907"	""	"260"	""		""	""	""	""	""	""	""	""		""	"L16323"	
"476.6507"	"476.65131"	"3600"	""		"14017.827"	"34991.659"	"5d.6s2.(a 2D).6p"	"z 3D*"	"1"	""	"3499"	"1"		""	"L16323"	
"476.8230"	""	"73h"	""		""	""	""	""	""	""	""	""		""	"L16323"	
"476.9372"	"476.93771"	"730"	"1.73e+05"	C+	"6572.5498"	"27533.7873"	"5d2.6s2"	"a 3P"	"1"	"5d2.(a 3P).6s.(a 4P).6p"	"y 5D*"	"1"		"T5346"	"L16323"	
"476.9830"	""	"36"	""		""	""	""	""	""	""	""	""		""	"L16323"	
"477.0580"	""	"36"	""		""	""	""	""	""	""	""	""		""	"L16323"	
"477.1262"	"477.1267"	"140"	""		"30977.0338"	"51929.970"	"5d2.(a 3F).6s.(a 4F).6p"	"z 3G*"	"5"	""	"5193"	"5"		""	"L16323"	
"477.3262"	"477.3262"	"540"	""		"17901.320"	"38845.497"	"5d3.(b 4F).6s"	"a 5F"	"5"	"5d2.(a 1G).6s.(a 2G).6p"	"x 3G*"	"5"		""	"L16323"	
"477.3720"	"477.37157"	"5400"	"1.80e+06"	B	"5521.7776"	"26463.9649"	"5d2.6s2"	"a 3P"	"0"	"5d.6s2.(a 2D).6p"	"z 1P*"	"1"		"T5346"	"L21976,L16323"	
"477.4904"	"477.49027"	"1100"	""		"22901.3837"	"43838.365"	"5d2.(a 3F).6s.(a 4F).6p"	"z 5G*"	"5"	"6p2.(3P).5d.(4D).6s"	"b 5D"	"4"		""	"L16323"	
"477.4994"	"477.50029"	"250"	""		"15673.341"	"36609.883"	"5d3.(b 4F).6s"	"a 5F"	"3"	"5d2.(a 3P).6s.(a 4P).6p"	"x 3D*"	"3"		""	"L16323"	
"477.650"	"477.6523"	"36"	""		"23327.739"	"44257.617"	"5d3.(b 4F).6s"	"b 3F"	"2"	""	"4426*"	"1"		""	"L16323"	
"477.7216"	"477.72146"	"720"	""		"23448.6227"	"44375.472"	"5d2.(a 3F).6s.(a 4F).6p"	"z 5F*"	"3"	"6p2.(3P).5d.(2P).6s"	"d 3P"	"2"		""	"L16323"	
"477.9660"	"477.96585"	"220"	""		"20908.462"	"41824.611"	"5d3.(b 4P).6s"	"a 5P"	"2"	"5d3.(b 2G).6p"	"u 3F*"	"3"		""	"L16323"	
"478.2737"	"478.27405"	"7100"	""		"18224.981"	"39127.652"	"5d.6s2.(a 2D).6p"	"z 3F*"	"4"	"6p2.(3P).5d.(2D).6s"	"c 3D"	"3"		""	"L16323"	
"478.3392"	"478.33966"	"110"	""		"27149.6642"	"48049.468"	"5d2.(a 3F).6s.(a 4F).6p"	"y 3F*"	"2"	"5d2.(3F).6s.(a 2F).7s"	"d 1F"	"3"		""	"L16323"	
"478.3830"	"478.3842"	"110"	""		"27231.770"	"48129.626"	"5d2.(a 3P).6s.(a 4P).6p"	"y 5D*"	"0"	"6p2.(1D).5d.(2P).6s"	"c 1P"	"1"		""	"L16323"	
"478.4800"	""	"180"	""		""	""	""	""	""	""	""	""		""	"L16323"	
"478.5170"	""	"71"	""		""	""	""	""	""	""	""	""		""	"L16323"	
"478.6160"	""	"36"	""		""	""	""	""	""	""	""	""		""	"L16323"	
"478.7420"	""	"110"	""		""	""	""	""	""	""	""	""		""	"L16323"	
"478.7520"	""	"36"	""		""	""	""	""	""	""	""	""		""	"L16323"	
"478.7620"	""	"36"	""		""	""	""	""	""	""	""	""		""	"L16323"	
"478.8966"	"478.89639"	"250"	""		"16163.3602"	"37038.868"	"5d.6s2.(a 2D).6p"	"z 3D*"	"2"	"5d3.(2D).6s"	"b 3D"	"2"		""	"L16323"	
"479.1260"	"479.1251"	"250"	""		"20328.402"	"41193.944"	"5d2.6s2"	"1S"	"0"	"5d2.(a 3P).6s.(a 2P).6p"	"w 3P*"	"1"		""	"L16323"	
"479.1588"	"479.15807"	"320"	""		"24785.2649"	"45649.372"	"5d2.(a 3F).6s.(a 4F).6p"	"z 5F*"	"4"	"6p2.(3P).5d.(2F).6s"	"f 3F"	"3"		""	"L16323"	
"479.2450"	"479.24695"	"35"	""		"20908.462"	"41768.700"	"5d3.(b 4P).6s"	"a 5P"	"2"	"5d2.(b 1D).6s.(b 2D).6p"	"x 1D*"	"2"		""	"L16323"	
"479.3110"	"479.31349"	"180h"	""		"27074.542"	"47931.884"	"5d3.(b 4F).6s"	"b 3F"	"4"	"5d3.(b 2G).6p"	"v 3G*"	"3"		""	"L16323"	
"479.3520"	"479.35166"	"110"	""		"14092.2938"	"34947.9749"	"5d3.(b 4F).6s"	"a 5F"	"1"	"5d2.(a 3P).6s.(a 4P).6p"	"x 3D*"	"2"		""	"L16323"	
"479.4000"	""	"140h"	""		""	""	""	""	""	""	""	""		""	"L16323"	
"479.4890"	""	"110h"	""		""	""	""	""	""	""	""	""		""	"L16323"	
"479.5980"	"479.59729"	"530"	""		"19791.3040"	"40636.304"	"5d.6s2.(a 2D).6p"	"z 3P*"	"2"	"6p2.(3P).5d.(4F).6s"	"c 5F"	"2"		""	"L16323"	
"479.6880"	"479.68798"	"70"	""		"26463.9649"	"47305.024"	"5d.6s2.(a 2D).6p"	"z 1P*"	"1"	"6p2.(1D).5d.(2D).6s"	"f 3D"	"2"		""	"L16323"	
"479.7690"	"479.76863"	"110"	""		"19292.6984"	"40130.254"	"5d2.(a 3F).6s.(a 4F).6p"	"z 5G*"	"3"	"6p2.(3P).5d.(2D).6s"	"d 1D"	"2"		""	"L16323"	
"479.8490"	""	"35"	""		""	""	""	""	""	""	""	""		""	"L16323"	
"480.0500"	"480.049829"	"17000"	"1.03e+07"	B+	"5638.6151"	"26463.9649"	"5d2.6s2"	"a 1D"	"2"	"5d.6s2.(a 2D).6p"	"z 1P*"	"1"		"T5346"	"L21976,L16323"	
"480.4050"	"480.40489"	"70"	""		"10532.5690"	"31342.5275"	"5d2.6s2"	"a 1G"	"4"	"5d2.(a 3P).6s.(a 4P).6p"	"y 5D*"	"3"		""	"L16323"	
"480.5076"	"480.50687"	"350"	""		"27149.6642"	"47955.206"	"5d2.(a 3F).6s.(a 4F).6p"	"y 3F*"	"2"	"6p2.(1S).5d.(2D).6s"	"g 3D"	"2"		""	"L16323"	
"480.5270"	"480.5254"	"140"	""		"27654.3580"	"48459.099"	"5d2.(a 3F).6s.(a 4F).6p"	"y 3F*"	"3"	"5d2.(3F).6s.(a 2F).7s"	"i 3F"	"2"		""	"L16323"	
"480.5550"	"480.55302"	"35"	""		"25634.2234"	"46437.767"	"5d2.(a 3F).6s.(a 4F).6p"	"z 5D*"	"2"	"6p2.(3P).5d.(4P).6s"	"f 3P"	"2"		""	"L16323"	
"480.5723"	"480.57175"	"100"	""		"27516.4201"	"48319.153"	"5d2.(a 3F).6s.(a 4F).6p"	"z 5D*"	"4"	""	"4832"	"3"		""	"L16323"	
"480.8700"	"480.86902"	"350"	""		"26202.5501"	"46992.423"	"5d2.(a 3F).6s.(a 4F).6p"	"z 5F*"	"5"	"6p2.(1D).5d.(2G).6s"	"b 3G"	"4"		""	"L16323"	
"481.0110"	""	"100"	""		""	""	""	""	""	""	""	""		""	"L16323"	
"481.1146"	"481.11387"	"1400"	""		"20960.1223"	"41739.415"	"5d2.(a 3F).6s.(a 4F).6p"	"z 5G*"	"4"	"5d4"	"a 5D"	"3"		""	"L16323"	
"481.2190"	""	"34h"	""		""	""	""	""	""	""	""	""		""	"L16323"	
"481.3500"	"481.349481"	"240"	"2.4e+04"	E	"8983.7652"	"29752.8870"	"5d2.6s2"	"a 3P"	"2"	"5d2.(a 3P).6s.(a 4P).6p"	"y 5D*"	"2"		"T5346"	"L16323"	
"481.4620"	"481.4628"	"34"	""		"25084.172"	"45848.407"	"5d3.(c 2D).6s"	"a 3D"	"2"	""	"4585*"	"2"		""	"L16323"	
"481.4790"	"481.47707"	"69"	""		"28583.7248"	"49347.343"	"5d2.(a 3F).6s.(a 4F).6p"	"z 3G*"	"3"	""	"4935"	"3"		""	"L16323"	
"481.4910"	""	"69"	""		""	""	""	""	""	""	""	""		""	"L16323"	
"481.8840"	"481.88297"	"3400"	""		"18381.5234"	"39127.652"	"5d.6s2.(a 2D).6p"	"z 3D*"	"3"	"6p2.(3P).5d.(2D).6s"	"c 3D"	"3"		""	"L16323"	
"482.2430"	"482.24125"	"34"	""		"23644.7563"	"44375.472"	"5d.6s2.(a 2D).6p"	"z 1F*"	"3"	"6p2.(3P).5d.(2P).6s"	"d 3P"	"2"		""	"L16323"	
"482.3800"	"482.37921"	"100"	""		"27149.6642"	"47874.451"	"5d2.(a 3F).6s.(a 4F).6p"	"y 3F*"	"2"	"6p2.(1D).5d.(2D).6s"	"f 3D"	"1"		""	"L16323"	
"482.3980"	"482.39710"	"34"	""		"28267.4366"	"48991.455"	"5d2.(a 3F).6s.(a 4F).6p"	"y 3D*"	"2"	"5d4"	"h 3F"	"2"		""	"L16323"	
"482.4380"	"482.43812"	"100"	""		"19791.3040"	"40513.560"	"5d.6s2.(a 2D).6p"	"z 3P*"	"2"	"5d.6s2.(a 2D).7s"	"d 3D"	"2"		""	"L16323"	
"482.450"	"482.4550"	"68"	""		"23327.739"	"44049.269"	"5d3.(b 4F).6s"	"b 3F"	"2"	"5d3.(b 2G).6p"	"v 1F*"	"3"		""	"L16323"	
"482.5370"	"482.5371"	"68h"	""		"27149.6642"	"47867.670"	"5d2.(a 3F).6s.(a 4F).6p"	"y 3F*"	"2"	"6p2.(1D).5d.(2P).6s"	"g 3P"	"2"		""	"L16323"	
"482.6500"	"482.65032"	"34"	""		"14740.6924"	"35453.8381"	"5d3.(b 4F).6s"	"a 5F"	"2"	"5d2.(a 1G).6s.(a 2G).6p"	"w 3F*"	"3"		""	"L16323"	
"482.7570"	""	"34h"	""		""	""	""	""	""	""	""	""		""	"L16323"	
"482.8580"	"482.85555"	"34h"	""		"27516.4201"	"48220.762"	"5d2.(a 3F).6s.(a 4F).6p"	"z 5D*"	"4"	"5d4"	"h 3F"	"4"		""	"L16323"	
"482.8970"	"482.89627"	"170"	""		"27654.3580"	"48356.954"	"5d2.(a 3F).6s.(a 4F).6p"	"y 3F*"	"3"	"5d4"	"c 3G"	"4"		""	"L16323"	
"483.0450"	""	"100H"	""		""	""	""	""	""	""	""	""		""	"L16323"	
"483.4200"	"483.41999"	"2700"	""		"14435.138"	"35115.306"	"5d.6s2.(a 2D).6p"	"z 3F*"	"2"	""	"3512"	"2"		""	"L16323"	
"483.5320"	"483.53094"	"230"	""		"30733.2723"	"51408.695"	"5d2.(a 3F).6s.(a 4F).6p"	"y 3F*"	"4"	""	"5141"	"5"		""	"L16323"	
"483.7238"	"483.723489"	"5000"	"8.29e+05"	B	"5638.6151"	"26305.8081"	"5d2.6s2"	"a 1D"	"2"	"5d2.(a 3F).6s.(a 4F).6p"	"z 5D*"	"3"		"T5346"	"L21976,L16323"	
"483.7800"	"483.77962"	"400"	""		"27654.3580"	"48319.153"	"5d2.(a 3F).6s.(a 4F).6p"	"y 3F*"	"3"	""	"4832"	"3"		""	"L16323"	
"483.8740"	"483.87261"	"260"	""		"26305.8081"	"46966.632"	"5d2.(a 3F).6s.(a 4F).6p"	"z 5D*"	"3"	"6p2.(1D).5d.(2F).6s"	"c 1F"	"3"		""	"L16323"	
"483.8790"	"483.87921"	"200"	""		"28047.9411"	"48708.483"	"5d2.(a 3P).6s.(a 4P).6p"	"z 3S*"	"1"	"5d4"	"5P?"	"2"		""	"L16323"	
"483.9120"	"483.91017"	"66"	""		"6572.5498"	"27231.770"	"5d2.6s2"	"a 3P"	"1"	"5d2.(a 3P).6s.(a 4P).6p"	"y 5D*"	"0"		""	"L16323"	
"483.9290"	""	"33"	""		""	""	""	""	""	""	""	""		""	"L16323"	
"483.9820"	"483.98137"	"230"	""		"26305.8081"	"46961.989"	"5d2.(a 3F).6s.(a 4F).6p"	"z 5D*"	"3"	"6p2.(1D).5d.(2F).6s"	"g 3F"	"2"		""	"L16323"	
"484.151"	"484.1602"	"99H"	""		"28790.2720"	"49438.825"	"5d2.(a 3F).6s.(a 4F).6p"	"y 3D*"	"1"	""	"4944"	"2"		""	"L16323"	
"484.2185"	"484.21765"	"490"	""		"25634.2234"	"46280.325"	"5d2.(a 3F).6s.(a 4F).6p"	"z 5D*"	"2"	"6p2.(1D).5d.(2F).6s"	"g 3F"	"3"		""	"L16323"	
"484.2984"	"484.2979"	"99"	""		"27231.770"	"47874.451"	"5d2.(a 3P).6s.(a 4P).6p"	"y 5D*"	"0"	"6p2.(1D).5d.(2D).6s"	"f 3D"	"1"		""	"L16323"	
"484.4190"	"484.41769"	"330"	""		"22880.262"	"43517.838"	"5d3.(b 2G).6s"	"a 3G"	"3"	"5d2.(a 3P).6s.(a 2P).6p"	"w 1D*"	"2"		""	"L16323"	
"484.6020"	"484.6018"	"33"	""		"26715.403"	"47345.139"	"5d3.(c 2D).6s"	"a 3D"	"3"	""	"4735*"	"2"		""	"L16323"	
"484.6910"	""	"33"	""		""	""	""	""	""	""	""	""		""	"L16323"	
"484.9190"	"484.9193"	"33"	""		"23641.389"	"44257.617"	"5d3.(c 2D).6s"	"a 3D"	"1"	""	"4426*"	"1"		""	"L16323"	
"485.0600"	"485.05869"	"1300"	""		"10508.904"	"31119.208"	"5d.6s2.(a 2D).6p"	"z 1D*"	"2"	"5d3.(c 2D).6s"	"b 1D"	"2"		""	"L16323"	
"485.1690"	""	"32"	""		""	""	""	""	""	""	""	""		""	"L16323"	
"485.2530"	"485.25311"	"160"	""		"28267.4366"	"48869.483"	"5d2.(a 3F).6s.(a 4F).6p"	"y 3D*"	"2"	"5d4"	"h 3F"	"3"		""	"L16323"	
"485.3580"	"485.3562"	"32"	""		"29401.4784"	"49999.148"	"5d2.(a 3P).6s.(a 4P).6p"	"y 3P*"	"2"	""	"5000"	"3"		""	"L16323"	
"485.3993"	"485.3994"	"97"	""		"27533.7873"	"48129.626"	"5d2.(a 3P).6s.(a 4P).6p"	"y 5D*"	"1"	"6p2.(1D).5d.(2P).6s"	"c 1P"	"1"		""	"L16323"	
"485.7170"	""	"32"	""		""	""	""	""	""	""	""	""		""	"L16323"	
"485.8420"	"485.841072"	"2200"	"6.00e+05"	B	"6572.5498"	"27149.6642"	"5d2.6s2"	"a 3P"	"1"	"5d2.(a 3F).6s.(a 4F).6p"	"y 3F*"	"2"		"T5346"	"L21976,L16323"	
"485.9240"	"485.92338"	"6400"	""		"14541.677"	"35115.306"	"5d.6s2.(a 2D).6p"	"z 3F*"	"3"	""	"3512"	"2"		""	"L16323"	
"486.0910"	"486.0903"	"64"	""		"25281.843"	"45848.407"	"5d3.(b 4F).6s"	"b 3F"	"3"	""	"4585*"	"2"		""	"L16323"	
"486.1510"	"486.15063"	"320"	""		"15673.341"	"36237.353"	"5d3.(b 4F).6s"	"a 5F"	"3"	"5d2.(b 1D).6s.(b 2D).6p"	"x 1F*"	"3"		""	"L16323"	
"486.3282"	"486.32779"	"4800"	""		"14435.138"	"34991.659"	"5d.6s2.(a 2D).6p"	"z 3F*"	"2"	""	"3499"	"1"		""	"L16323"	
"486.4170"	"486.4165"	"64"	""		"27149.6642"	"47702.436"	"5d2.(a 3F).6s.(a 4F).6p"	"y 3F*"	"2"	"6p2.(1D).5d.(2D).6s"	"f 1D"	"2"		""	"L16323"	
"486.5080"	"486.50848"	"64"	""		"25634.2234"	"46183.110"	"5d2.(a 3F).6s.(a 4F).6p"	"z 5D*"	"2"	"5d.6s2.(a 2D).7s"	"e 1D"	"2"		""	"L16323"	
"486.5546"	"486.55533"	"63"	""		"28047.9411"	"48594.849"	"5d2.(a 3P).6s.(a 4P).6p"	"z 3S*"	"1"	""	"4859"	"2"		""	"L16323"	
"486.5820"	"486.58277"	"32"	""		"10508.904"	"31054.653"	"5d.6s2.(a 2D).6p"	"z 1D*"	"2"	"5d3.(b 2F).6s"	"c 3F"	"3"		""	"L16323"	
"486.6330"	"486.63285"	"95"	""		"14740.6924"	"35284.327"	"5d3.(b 4F).6s"	"a 5F"	"2"	"5d2.(b 1D).6s.(b 2D).6p"	"y 1P*"	"1"		""	"L16323"	
"486.8840"	"486.88376"	"32"	""		"27516.4201"	"48049.468"	"5d2.(a 3F).6s.(a 4F).6p"	"z 5D*"	"4"	"5d2.(3F).6s.(a 2F).7s"	"d 1F"	"3"		""	"L16323"	
"487.2949"	"487.29448"	"1600"	""		"20960.1223"	"41475.864"	"5d2.(a 3F).6s.(a 4F).6p"	"z 5G*"	"4"	"6p2.(3P).5d.(4F).6s"	"c 5F"	"3"		""	"L16323"	
"487.5630"	"487.5630"	"31"	""		"28047.9411"	"48552.385"	"5d2.(a 3P).6s.(a 4P).6p"	"z 3S*"	"1"	""	"4855"	"2"		""	"L16323"	
"487.5760"	""	"31"	""		""	""	""	""	""	""	""	""		""	"L16323"	
"487.5920"	"487.59140"	"62"	""		"16766.637"	"37269.8860"	"5d3.(b 4F).6s"	"a 5F"	"4"	"5d2.(a 1G).6s.(a 2G).6p"	"w 3F*"	"4"		""	"L16323"	
"487.7587"	"487.75843"	"4700"	""		"19292.6984"	"39788.926"	"5d2.(a 3F).6s.(a 4F).6p"	"z 5G*"	"3"	"5d2.(3F).6s.(a 4F).7s"	"b 5F"	"2"		""	"L16323"	
"487.8166"	""	"620"	""		""	""	""	""	""	""	""	""		""	"L16323"	
"488.1270"	""	"31"	""		""	""	""	""	""	""	""	""		""	"L16323"	
"488.1740"	""	"93"	""		""	""	""	""	""	""	""	""		""	"L16323"	
"488.2480"	"488.24942"	"62"	""		"26202.5501"	"46678.167"	"5d2.(a 3F).6s.(a 4F).6p"	"z 5F*"	"5"	"6p2.(1D).5d.(2F).6s"	"g 3F"	"4"		""	"L16323"	
"488.3660"	""	"62"	""		""	""	""	""	""	""	""	""		""	"L16323"	
"488.4258"	"488.42592"	"310"	""		"30733.2723"	"51201.490"	"5d2.(a 3F).6s.(a 4F).6p"	"y 3F*"	"4"	"5d4"	"1G"	"4"		""	"L16323"	
"488.4650"	"488.4647"	"310"	""		"25634.2234"	"46100.815"	"5d2.(a 3F).6s.(a 4F).6p"	"z 5D*"	"2"	"6p2.(3P).5d.(4P).6s"	"b 5P"	"1"		""	"L16323"	
"488.6470"	"488.6488"	"120"	""		"23327.739"	"43786.623"	"5d3.(b 4F).6s"	"b 3F"	"2"	"5d3.(b 4F).6p"	"y 5F*"	"1"		""	"L16323"	
"488.6840"	"488.6840"	"31"	""		"28527.998"	"48985.407"	"5d3.(b 4P).6s"	"b 3P"	"1"	"5d3.(b 4P).6p"	"w 5D*"	"0"		""	"L16323"	
"488.7730"	""	"31"	""		""	""	""	""	""	""	""	""		""	"L16323"	
"488.8050"	"488.8052"	"92"	""		"24085.183"	"44537.517"	"5d3.(b 2G).6s"	"a 3G"	"5"	"5d3.(b 4F).6p"	"y 5G*"	"5"		""	"L16323"	
"488.9609"	""	"210"	""		""	""	""	""	""	""	""	""		""	"L16323"	
"488.9932"	"488.99339"	"610"	"8.6e+04"	C	"10532.5690"	"30977.0338"	"5d2.6s2"	"a 1G"	"4"	"5d2.(a 3F).6s.(a 4F).6p"	"z 3G*"	"5"		"T5346"	"L16323"	
"489.0754"	"489.07517"	"180"	""		"28267.4366"	"48708.483"	"5d2.(a 3F).6s.(a 4F).6p"	"y 3D*"	"2"	"5d4"	"5P?"	"2"		""	"L16323"	
"489.2993"	"489.29983"	"150"	""		"30977.0338"	"51408.695"	"5d2.(a 3F).6s.(a 4F).6p"	"z 3G*"	"5"	""	"5141"	"5"		""	"L16323"	
"489.3620"	"489.3619"	"61"	""		"31342.5275"	"51771.598"	"5d2.(a 3P).6s.(a 4P).6p"	"y 5D*"	"3"	""	"5177"	"2"		""	"L16323"	
"489.4820"	"489.4831"	"30"	""		"28527.998"	"48952.008"	"5d3.(b 4P).6s"	"b 3P"	"1"	"5d3.(b 4P).6p"	"y 5P*"	"2"		""	"L16323"	
"489.5086"	"489.5094"	"150"	""		"26943.983"	"47366.899"	"5d3.(2H).6s"	"a 3H"	"6"	"5d3.(b 4F).6p"	"y 5F*"	"5"		""	"L16323"	
"489.5301"	"489.53028"	"180*"	""		"27516.4201"	"47938.463"	"5d2.(a 3F).6s.(a 4F).6p"	"z 5D*"	"4"	"5d2.(3P).6s.(a 4P).7s"	"c 5P"	"3"		""	"L16323"	
"489.5301"	"489.53161"	"180*"	""		"25634.2234"	"46056.211"	"5d2.(a 3F).6s.(a 4F).6p"	"z 5D*"	"2"	"6p2.(3P).5d.(2F).6s"	"f 3F"	"2"		""	"L16323"	
"489.548"	"489.54524"	"30"	""		"27533.7873"	"47955.206"	"5d2.(a 3P).6s.(a 4P).6p"	"y 5D*"	"1"	"6p2.(1S).5d.(2D).6s"	"g 3D"	"2"		""	"L16323"	
"489.6340"	"489.634089"	"1200"	"1.8e+05"	C+	"8983.7652"	"29401.4784"	"5d2.6s2"	"a 3P"	"2"	"5d2.(a 3P).6s.(a 4P).6p"	"y 3P*"	"2"		"T5346"	"L21976,L16323"	
"489.7260"	"489.72548"	"60"	""		"29246.6760"	"49660.579"	"5d2.(a 3F).6s.(a 4F).6p"	"z 3G*"	"4"	""	"4966"	"3"		""	"L16323"	
"489.838"	"489.8410"	"30"	""		"20784.857"	"41193.944"	"5d3.(b 4P).6s"	"a 5P"	"1"	"5d2.(a 3P).6s.(a 2P).6p"	"w 3P*"	"1"		""	"L16323"	
"489.8730"	"489.87361"	"90"	""		"28583.7248"	"48991.455"	"5d2.(a 3F).6s.(a 4F).6p"	"z 3G*"	"3"	"5d4"	"h 3F"	"2"		""	"L16323"	
"490.0179"	"490.01766"	"240"	""		"15673.341"	"36075.0722"	"5d3.(b 4F).6s"	"a 5F"	"3"	"5d2.(a 3F).6s.(a 2F).6p"	"x 3F*"	"4"		""	"L16323"	
"490.1356"	"490.13622"	"180"	""		"26463.9649"	"46860.761"	"5d.6s2.(a 2D).6p"	"z 1P*"	"1"	"5d2.(3P).6s.(a 4P).7s"	"c 5P"	"2"		""	"L16323"	
"490.1440"	"490.14615"	"120"	""		"29996.8513"	"50393.234"	"5d2.(a 3F).6s.(a 4F).6p"	"y 3D*"	"3"	""	"5039"	"4"		""	"L16323"	
"490.1767"	"490.17674"	"150"	""		"27654.3580"	"48049.468"	"5d2.(a 3F).6s.(a 4F).6p"	"y 3F*"	"3"	"5d2.(3F).6s.(a 2F).7s"	"d 1F"	"3"		""	"L16323"	
"490.3060"	"490.30578"	"600"	""		"23448.6227"	"43838.365"	"5d2.(a 3F).6s.(a 4F).6p"	"z 5F*"	"3"	"6p2.(3P).5d.(4D).6s"	"b 5D"	"4"		""	"L16323"	
"490.6170"	"490.61718"	"240"	""		"29246.6760"	"49623.477"	"5d2.(a 3F).6s.(a 4F).6p"	"z 3G*"	"4"	""	"4962"	"4"		""	"L16323"	
"490.6400"	"490.6413"	"180"	""		"20328.402"	"40704.203"	"5d2.6s2"	"1S"	"0"	"5d2.(a 3P).6s.(a 2P).6p"	"x 1P*"	"1"		""	"L16323"	
"490.7079"	"490.70839"	"180"	""		"21738.7225"	"42111.736"	"5d2.(a 3F).6s.(a 4F).6p"	"z 5F*"	"1"	"6p2.(3P).5d.(4D).6s"	"e 3D"	"1"		""	"L16323"	
"490.7244"	"490.72416"	"180"	""		"26305.8081"	"46678.167"	"5d2.(a 3F).6s.(a 4F).6p"	"z 5D*"	"3"	"6p2.(1D).5d.(2F).6s"	"g 3F"	"4"		""	"L16323"	
"490.7560"	"490.7571"	"89"	""		"25084.172"	"45455.164"	"5d3.(c 2D).6s"	"a 3D"	"2"	""	"4546*"	"3"		""	"L16323"	
"490.8300"	"490.83226"	"29"	""		"27654.3580"	"48022.230"	"5d2.(a 3F).6s.(a 4F).6p"	"y 3F*"	"3"	"5d4"	"b 3H"	"4"		""	"L16323"	
"491.0100"	"491.01018"	"880"	""		"16163.3602"	"36523.852"	"5d.6s2.(a 2D).6p"	"z 3D*"	"2"	"5d3.(2D).6s"	"b 3D"	"3"		""	"L16323"	
"491.1400"	"491.1390"	"29"	""		"25444.379"	"45799.531"	"5d3.(b 2P).6s"	"c 3P"	"0"	"5d3.(b 4F).6p"	"x 5D*"	"1"		""	"L16323"	
"491.2110"	""	"150"	""		""	""	""	""	""	""	""	""		""	"L16323"	
"491.4888"	"491.48883"	"200"	""		"27533.7873"	"47874.451"	"5d2.(a 3P).6s.(a 4P).6p"	"y 5D*"	"1"	"6p2.(1D).5d.(2D).6s"	"f 3D"	"1"		""	"L16323"	
"491.5320"	"491.53024"	"1200"	""		"19791.3040"	"40130.254"	"5d.6s2.(a 2D).6p"	"z 3P*"	"2"	"6p2.(3P).5d.(2D).6s"	"d 1D"	"2"		""	"L16323"	
"491.6980"	"491.6983"	"230"	""		"22450.5521"	"42782.551"	"5d2.(a 3F).6s.(a 4F).6p"	"z 5F*"	"2"	"6p2.(3P).5d.(4D).6s"	"b 5D"	"1"		""	"L16323"	
"491.8094"	"491.80923"	"120"	""		"28267.4366"	"48594.849"	"5d2.(a 3F).6s.(a 4F).6p"	"y 3D*"	"2"	""	"4859"	"2"		""	"L16323"	
"492.0160"	"492.0168"	"58"	""		"26463.9649"	"46782.803"	"5d.6s2.(a 2D).6p"	"z 1P*"	"1"	"6p2.(3P).5d.(2P).6s"	"b 1P"	"1"		""	"L16323"	
"492.3920"	"492.3923"	"57"	""		"24966.809"	"45270.151"	"5d2.(a 3F).6s.(a 4F).6p"	"z 5D*"	"0"	"5d2.(3P).6s.(a 4P).7s"	"e 3P"	"1"		""	"L16323"	
"492.4540"	"492.45279"	"29"	""		"27654.3580"	"47955.206"	"5d2.(a 3F).6s.(a 4F).6p"	"y 3F*"	"3"	"6p2.(1S).5d.(2D).6s"	"g 3D"	"2"		""	"L16323"	
"492.5214"	"492.52055"	"430"	""		"24785.2649"	"45083.320"	"5d2.(a 3F).6s.(a 4F).6p"	"z 5F*"	"4"	"6p2.(3P).5d.(2F).6s"	"b 1F"	"3"		""	"L16323"	
"492.6189"	"492.61874"	"860"	""		"29246.6760"	"49540.685"	"5d2.(a 3F).6s.(a 4F).6p"	"z 3G*"	"4"	"5d4"	"c 3G"	"5"		""	"L16323"	
"492.6594"	"492.6588"	"280"	""		"27074.542"	"47366.899"	"5d3.(b 4F).6s"	"b 3F"	"4"	"5d3.(b 4F).6p"	"y 5F*"	"5"		""	"L16323"	
"492.7150"	""	"57"	""		""	""	""	""	""	""	""	""		""	"L16323"	
"492.7600"	""	"57h"	""		""	""	""	""	""	""	""	""		""	"L16323"	
"492.8194"	"492.81911"	"170"	""		"28583.7248"	"48869.483"	"5d2.(a 3F).6s.(a 4F).6p"	"z 3G*"	"3"	"5d4"	"h 3F"	"3"		""	"L16323"	
"492.9550"	"492.95573"	"28"	""		"25194.5090"	"45474.645"	"5d2.(a 3F).6s.(a 4F).6p"	"z 5D*"	"1"	"6p2.(3P).5d.(4P).6s"	"f 3P"	"1"		""	"L16323"	
"493.2260"	"493.22543"	"200"	""		"22450.5521"	"42719.599"	"5d2.(a 3F).6s.(a 4F).6p"	"z 5F*"	"2"	"6p2.(3P).5d.(4D).6s"	"e 3D"	"2"		""	"L16323"	
"493.4595"	""	"170"	""		""	""	""	""	""	""	""	""		""	"L16323"	
"493.6350"	"493.6343"	"84"	""		"27516.4201"	"47768.679"	"5d2.(a 3F).6s.(a 4F).6p"	"z 5D*"	"4"	"6p2.(1D).5d.(2G).6s"	"b 3G"	"5"		""	"L16323"	
"493.7810"	"493.7805"	"140"	""		"29752.8870"	"49999.148"	"5d2.(a 3P).6s.(a 4P).6p"	"y 5D*"	"2"	""	"5000"	"3"		""	"L16323"	
"493.8717"	"493.87067"	"83"	""		"27654.3580"	"47896.924"	"5d2.(a 3F).6s.(a 4F).6p"	"y 3F*"	"3"	"6p2.(1S).5d.(2D).6s"	"g 3D"	"3"		""	"L16323"	
"494.2740"	"494.27365"	"28"	""		"28583.7248"	"48809.787"	"5d2.(a 3F).6s.(a 4F).6p"	"z 3G*"	"3"	"5d4"	"h 3D"	"3"		""	"L16323"	
"494.3420"	"494.3414"	"410"	""		"18143.4034"	"38366.693"	"5d.6s2.(a 2D).6p"	"z 3P*"	"1"	"6s2.6p2?"	"3P"	"0"		""	"L16323"	
"494.4820"	"494.47996"	"270"	"8.e+03"	E	"4567.6413"	"24785.2649"	"5d2.6s2"	"a 3F"	"4"	"5d2.(a 3F).6s.(a 4F).6p"	"z 5F*"	"4"		"T5346"	"L16323"	
"494.5840"	"494.5854"	"82"	""		"27654.3580"	"47867.670"	"5d2.(a 3F).6s.(a 4F).6p"	"y 3F*"	"3"	"6p2.(1D).5d.(2P).6s"	"g 3P"	"2"		""	"L16323"	
"494.7336"	"494.73302"	"410"	""		"14740.6924"	"34947.9749"	"5d3.(b 4F).6s"	"a 5F"	"2"	"5d2.(a 3P).6s.(a 4P).6p"	"x 3D*"	"2"		""	"L16323"	
"494.8951"	"494.894148"	"2700"	"9.78e+05"	B	"10532.5690"	"30733.2723"	"5d2.6s2"	"a 1G"	"4"	"5d2.(a 3F).6s.(a 4F).6p"	"y 3F*"	"4"		"T5346"	"L21976,L16323"	
"495.0020"	"495.00250"	"82h"	""		"27149.6642"	"47345.946"	"5d2.(a 3F).6s.(a 4F).6p"	"y 3F*"	"2"	"6p2.(1D).5d.(2G).6s"	"b 3G"	"3"		""	"L16323"	
"495.0360"	""	"27"	""		""	""	""	""	""	""	""	""		""	"L16323"	
"495.0690"	"495.06802"	"54"	""		"23644.7563"	"43838.365"	"5d.6s2.(a 2D).6p"	"z 1F*"	"3"	"6p2.(3P).5d.(4D).6s"	"b 5D"	"4"		""	"L16323"	
"495.1095"	"495.1095"	"110"	""		"28790.2720"	"48982.191"	"5d2.(a 3F).6s.(a 4F).6p"	"y 3D*"	"1"	"5d4"	"h 3D"	"1"		""	"L16323"	
"495.5650"	"495.5659"	"27"	""		"25281.843"	"45455.164"	"5d3.(b 4F).6s"	"b 3F"	"3"	""	"4546*"	"3"		""	"L16323"	
"495.5940"	"495.5955"	"27"	""		"31610.8213"	"51782.937"	"5d2.(a 3F).6s.(a 2F).6p"	"y 1D*"	"2"	""	"5178"	"2"		""	"L16323"	
"495.6813"	"495.6807"	"130"	""		"27533.7873"	"47702.436"	"5d2.(a 3P).6s.(a 4P).6p"	"y 5D*"	"1"	"6p2.(1D).5d.(2D).6s"	"f 1D"	"2"		""	"L16323"	
"495.8240"	"495.8241"	"53"	""		"28583.7248"	"48746.542"	"5d2.(a 3F).6s.(a 4F).6p"	"z 3G*"	"3"	"5d2.(3F).6s.(a 2F).7s"	"i 3F"	"3"		""	"L16323"	
"496.0074"	"496.00753"	"130"	""		"27149.6642"	"47305.024"	"5d2.(a 3F).6s.(a 4F).6p"	"y 3F*"	"2"	"6p2.(1D).5d.(2D).6s"	"f 3D"	"2"		""	"L16323"	
"496.0320"	""	"27"	""		""	""	""	""	""	""	""	""		""	"L16323"	
"496.2381"	"496.23791"	"1300"	""		"18143.4034"	"38289.406"	"5d.6s2.(a 2D).6p"	"z 3P*"	"1"	"5d3.(2D).6s"	"c 1D"	"2"		""	"L16323"	
"496.4740"	"496.47483"	"110"	""		"14740.6924"	"34877.0813"	"5d3.(b 4F).6s"	"a 5F"	"2"	"5d2.(a 3F).6s.(a 2F).6p"	"y 1F*"	"3"		""	"L16323"	
"496.5280"	""	"53"	""		""	""	""	""	""	""	""	""		""	"L16323"	
"496.5830"	"496.58408"	"53"	""		"26305.8081"	"46437.767"	"5d2.(a 3F).6s.(a 4F).6p"	"z 5D*"	"3"	"6p2.(3P).5d.(4P).6s"	"f 3P"	"2"		""	"L16323"	
"496.6030"	"496.60263"	"26"	""		"28047.9411"	"48179.148"	"5d2.(a 3P).6s.(a 4P).6p"	"z 3S*"	"1"	""	"4818"	"2"		""	"L16323"	
"496.7616"	"496.76176"	"130"	""		"28583.7248"	"48708.483"	"5d2.(a 3F).6s.(a 4F).6p"	"z 3G*"	"3"	"5d4"	"5P?"	"2"		""	"L16323"	
"497.5260"	"497.525232"	"10000"	"7.0e+05"	D+	"2356.6756"	"22450.5521"	"5d2.6s2"	"a 3F"	"3"	"5d2.(a 3F).6s.(a 4F).6p"	"z 5F*"	"2"		"T5346"	"L21976,L16323"	
"497.8724"	"497.87285"	"100"	""		"26202.5501"	"46282.397"	"5d2.(a 3F).6s.(a 4F).6p"	"z 5F*"	"5"	"6p2.(3P).5d.(2F).6s"	"f 3F"	"4"		""	"L16323"	
"498.1730"	""	"51"	""		""	""	""	""	""	""	""	""		""	"L16323"	
"498.2720"	""	"51h"	""		""	""	""	""	""	""	""	""		""	"L16323"	
"498.3070"	""	"25h"	""		""	""	""	""	""	""	""	""		""	"L16323"	
"498.3700"	""	"76h"	""		""	""	""	""	""	""	""	""		""	"L16323"	
"498.5170"	""	"51"	""		""	""	""	""	""	""	""	""		""	"L16323"	
"498.5330"	"498.53398"	"76"	""		"31342.5275"	"51395.746"	"5d2.(a 3P).6s.(a 4P).6p"	"y 5D*"	"3"	""	"5140"	"3"		""	"L16323"	
"498.6370"	"498.6367"	"25"	""		"20908.462"	"40957.550"	"5d3.(b 4P).6s"	"a 5P"	"2"	"5d3.(b 4F).6p"	"y 5G*"	"2"		""	"L16323"	
"498.6550"	"498.6577"	"25"	""		"31342.5275"	"51390.770"	"5d2.(a 3P).6s.(a 4P).6p"	"y 5D*"	"3"	"5d4"	"5F"	"4"		""	"L16323"	
"498.7280"	"498.7287"	"25"	""		"29401.4784"	"49446.869"	"5d2.(a 3P).6s.(a 4P).6p"	"y 3P*"	"2"	""	"4945"	"1"		""	"L16323"	
"498.8712"	"498.8713"	"50"	""		"25281.843"	"45321.503"	"5d3.(b 4F).6s"	"b 3F"	"3"	"5d2.(b 1D).6s.(b 2D).6p"	"v 3F*"	"4"		""	"L16323"	
"498.8880"	"498.88784"	"25"	""		"29752.8870"	"49791.882"	"5d2.(a 3P).6s.(a 4P).6p"	"y 5D*"	"2"	""	"4979"	"3"		""	"L16323"	
"499.1060"	""	"25"	""		""	""	""	""	""	""	""	""		""	"L16323"	
"499.4795"	"499.4788"	"99h*"	""		"28583.7248"	"48599.011"	"5d2.(a 3F).6s.(a 4F).6p"	"z 3G*"	"3"	"5d4"	"c 3G"	"3"		""	"L16323"	
"499.4795"	"499.48223"	"99h*"	""		"25634.2234"	"45649.372"	"5d2.(a 3F).6s.(a 4F).6p"	"z 5D*"	"2"	"6p2.(3P).5d.(2F).6s"	"f 3F"	"3"		""	"L16323"	
"499.5831"	"499.58268"	"49"	""		"28583.7248"	"48594.849"	"5d2.(a 3F).6s.(a 4F).6p"	"z 3G*"	"3"	""	"4859"	"2"		""	"L16323"	
"499.8030"	"499.8032"	"98hs"	""		"29996.8513"	"49999.148"	"5d2.(a 3F).6s.(a 4F).6p"	"y 3D*"	"3"	""	"5000"	"3"		""	"L16323"	
"499.8760"	"499.87548"	"25"	""		"19791.3040"	"39790.707"	"5d.6s2.(a 2D).6p"	"z 3P*"	"2"	"6p2.(3P).5d.(4F).6s"	"c 5F"	"1"		""	"L16323"	
"499.9210"	"499.92000"	"170"	""		"19791.3040"	"39788.926"	"5d.6s2.(a 2D).6p"	"z 3P*"	"2"	"5d2.(3F).6s.(a 4F).7s"	"b 5F"	"2"		""	"L16323"	
"499.97"	"499.97035"	"330:"	"5.4e+04"	D+	"5638.6151"	"25634.2234"	"5d2.6s2"	"a 1D"	"2"	"5d2.(a 3F).6s.(a 4F).6p"	"z 5D*"	"2"		"T5346"	"L21563c153"	
"500.0540"	"500.05315"	"490"	""		"24785.2649"	"44777.562"	"5d2.(a 3F).6s.(a 4F).6p"	"z 5F*"	"4"	"5d2.(3F).6s.(a 4F).7s"	"d 3F"	"4"		""	"L16323"	
"500.0810"	""	"24"	""		""	""	""	""	""	""	""	""		""	"L16323"	
"500.1960"	"500.1950"	"73"	""		"31943.3435"	"51929.970"	"5d2.(a 3P).6s.(a 4P).6p"	"y 5D*"	"4"	""	"5193"	"5"		""	"L16323"	
"500.206"	"500.2106"	"49h"	""		"25462.114"	"45448.119"	"5d2.(a 3F).6s.(a 4F).6p"	"z 5G*"	"6"	"5d.6s2.6d"	"3G"	"5"		""	"L16323"	
"500.450"	"500.44637"	"24*"	""		"26305.8081"	"46282.397"	"5d2.(a 3F).6s.(a 4F).6p"	"z 5D*"	"3"	"6p2.(3P).5d.(2F).6s"	"f 3F"	"4"		""	"L16323"	
"500.450"	"500.4508"	"24*"	""		"29401.4784"	"49377.892"	"5d2.(a 3P).6s.(a 4P).6p"	"y 3P*"	"2"	""	"4938"	"1 or 2"		""	"L16323"	
"500.5180"	"500.51619"	"48"	""		"26463.9649"	"46437.767"	"5d.6s2.(a 2D).6p"	"z 1P*"	"1"	"6p2.(3P).5d.(4P).6s"	"f 3P"	"2"		""	"L16323"	
"500.7210"	""	"24"	""		""	""	""	""	""	""	""	""		""	"L16323"	
"500.7940"	"500.7935"	"48"	""		"27149.6642"	"47112.405"	"5d2.(a 3F).6s.(a 4F).6p"	"y 3F*"	"2"	"6p2.(1D).5d.(2D).6s"	"f 3D"	"3"		""	"L16323"	
"500.8068"	""	"72"	""		""	""	""	""	""	""	""	""		""	"L16323"	
"501.1010"	""	"24h"	""		""	""	""	""	""	""	""	""		""	"L16323"	
"501.2185"	"501.21726"	"240"	""		"29401.4784"	"49347.343"	"5d2.(a 3P).6s.(a 4P).6p"	"y 3P*"	"2"	""	"4935"	"3"		""	"L16323"	
"501.2890"	""	"24h"	""		""	""	""	""	""	""	""	""		""	"L16323"	
"501.4280"	""	"24"	""		""	""	""	""	""	""	""	""		""	"L16323"	
"501.8200"	"501.81806"	"4700"	""		"20960.1223"	"40882.107"	"5d2.(a 3F).6s.(a 4F).6p"	"z 5G*"	"4"	"5d2.(3F).6s.(a 4F).7s"	"b 5F"	"3"		""	"L16323"	
"502.1130"	"502.11098"	"930"	""		"22450.5521"	"42360.915"	"5d2.(a 3F).6s.(a 4F).6p"	"z 5F*"	"2"	"6p2.(3P).5d.(4D).6s"	"e 3D"	"3"		""	"L16323"	
"502.1745"	"502.17354"	"930"	""		"18381.5234"	"38289.406"	"5d.6s2.(a 2D).6p"	"z 3D*"	"3"	"5d3.(2D).6s"	"c 1D"	"2"		""	"L16323"	
"502.3090"	"502.30697"	"1600"	""		"14092.2938"	"33994.8879"	"5d3.(b 4F).6s"	"a 5F"	"1"	"5d2.(a 1G).6s.(a 2G).6p"	"w 3F*"	"2"		""	"L21976,L16323"	
"502.5910"	"502.58928"	"350"	"1.2e+05"	D+	"6572.5498"	"26463.9649"	"5d2.6s2"	"a 3P"	"1"	"5d.6s2.(a 2D).6p"	"z 1P*"	"1"		"T5346"	"L16323"	
"502.9460"	"502.94613"	"68"	""		"26305.8081"	"46183.110"	"5d2.(a 3F).6s.(a 4F).6p"	"z 5D*"	"3"	"5d.6s2.(a 2D).7s"	"e 1D"	"2"		""	"L16323"	
"502.971"	"502.9677"	"46"	""		"23641.389"	"43517.838"	"5d3.(c 2D).6s"	"a 3D"	"1"	"5d2.(a 3P).6s.(a 2P).6p"	"w 1D*"	"2"		""	"L16323"	
"502.999"	"502.9949"	"23h"	""		"28583.7248"	"48459.099"	"5d2.(a 3F).6s.(a 4F).6p"	"z 3G*"	"3"	"5d2.(3F).6s.(a 2F).7s"	"i 3F"	"2"		""	"L16323"	
"503.332"	"503.3288"	"23i"	""		"28267.4366"	"48129.626"	"5d2.(a 3F).6s.(a 4F).6p"	"y 3D*"	"2"	"6p2.(1D).5d.(2P).6s"	"c 1P"	"1"		""	"L16323c153"	
"503.414"	"503.4106"	"45"	""		"31342.5275"	"51201.490"	"5d2.(a 3P).6s.(a 4P).6p"	"y 5D*"	"3"	"5d4"	"1G"	"4"		""	"L16323"	
"503.4920"	"503.49049"	"680"	""		"14740.6924"	"34596.5038"	"5d3.(b 4F).6s"	"a 5F"	"2"	"5d2.(a 3F).6s.(a 2F).6p"	"w 3D*"	"1"		""	"L16323"	
"503.5500"	"503.5505"	"22"	""		"30501.127"	"50354.571"	"5d3.(b 2G).6s"	"a 1G"	"4"	"5d3.(b 4F).6p"	"t 3F*"	"3"		""	"L16323"	
"503.5899"	"503.5903"	"130"	""		"23252.852"	"43104.728"	"5d3.(b 2G).6s"	"a 3G"	"4"	"5d2.(b 1D).6s.(b 2D).6p"	"v 3F*"	"3"		""	"L16323"	
"503.7740"	"503.77569"	"200"	""		"23644.7563"	"43489.327"	"5d.6s2.(a 2D).6p"	"z 1F*"	"3"	"5d2.(3F).6s.(a 4F).7s"	"d 3F"	"3"		""	"L16323"	
"503.8080"	"503.80932"	"67"	""		"16766.637"	"36609.883"	"5d3.(b 4F).6s"	"a 5F"	"4"	"5d2.(a 3P).6s.(a 4P).6p"	"x 3D*"	"3"		""	"L16323"	
"503.9150"	"503.9150"	"67"	""		"31943.8516"	"51782.937"	"5d2.(a 3P).6s.(a 4P).6p"	"z 5S*"	"2"	""	"5178"	"2"		""	"L16323"	
"504.0202"	"504.01995"	"330"	""		"19292.6984"	"39127.652"	"5d2.(a 3F).6s.(a 4F).6p"	"z 5G*"	"3"	"6p2.(3P).5d.(2D).6s"	"c 3D"	"3"		""	"L16323"	
"504.230"	"504.23460"	"22"	""		"28047.9411"	"47874.451"	"5d2.(a 3P).6s.(a 4P).6p"	"z 3S*"	"1"	"6p2.(1D).5d.(2D).6s"	"f 3D"	"1"		""	"L16323"	
"504.3102"	"504.31014"	"44"	""		"28583.7248"	"48407.265"	"5d2.(a 3F).6s.(a 4F).6p"	"z 3G*"	"3"	"6p2.(1S).5d.(2D).6s"	"g 1D"	"2"		""	"L16323"	
"504.7440"	"504.743848"	"6500"	"3.50e+06"	B+	"8983.7652"	"28790.2720"	"5d2.6s2"	"a 3P"	"2"	"5d2.(a 3F).6s.(a 4F).6p"	"y 3D*"	"1"		"T5346"	"L21976,L16323"	
"505.1319"	"505.13157"	"1100"	""		"0.0000"	"19791.3040"	"5d2.6s2"	"a 3F"	"2"	"5d.6s2.(a 2D).6p"	"z 3P*"	"2"		""	"L21976,L16323"	
"505.3680"	"505.36835"	"43"	""		"28267.4366"	"48049.468"	"5d2.(a 3F).6s.(a 4F).6p"	"y 3D*"	"2"	"5d2.(3F).6s.(a 2F).7s"	"d 1F"	"3"		""	"L16323"	
"505.5930"	"505.59332"	"43"	""		"28583.7248"	"48356.954"	"5d2.(a 3F).6s.(a 4F).6p"	"z 3G*"	"3"	"5d4"	"c 3G"	"4"		""	"L16323"	
"505.6890"	"505.68966"	"210"	""		"22901.3837"	"42670.846"	"5d2.(a 3F).6s.(a 4F).6p"	"z 5G*"	"5"	"6p2.(3P).5d.(4F).6s"	"c 5F"	"4"		""	"L16323"	
"505.8778"	"505.8777"	"85"	""		"28790.2720"	"48552.385"	"5d2.(a 3F).6s.(a 4F).6p"	"y 3D*"	"1"	""	"4855"	"2"		""	"L16323"	
"506.0584"	"506.05816"	"110"	""		"19791.3040"	"39546.371"	"5d.6s2.(a 2D).6p"	"z 3P*"	"2"	"5d.6s2.(a 2D).7s"	"d 3D"	"1"		""	"L16323"	
"506.180"	"506.1777"	"63h"	""		"26305.8081"	"46056.211"	"5d2.(a 3F).6s.(a 4F).6p"	"z 5D*"	"3"	"6p2.(3P).5d.(2F).6s"	"f 3F"	"2"		""	"L16323"	
"506.4150"	""	"63h"	""		""	""	""	""	""	""	""	""		""	"L16323"	
"506.4670"	""	"42"	""		""	""	""	""	""	""	""	""		""	"L16323"	
"506.7650"	""	"41h"	""		""	""	""	""	""	""	""	""		""	"L16323"	
"506.9810"	"506.98004"	"410"	""		"26463.9649"	"46183.110"	"5d.6s2.(a 2D).6p"	"z 1P*"	"1"	"5d.6s2.(a 2D).7s"	"e 1D"	"2"		""	"L16323"	
"507.2295"	"507.2291"	"160"	""		"24085.183"	"43794.647"	"5d3.(b 2G).6s"	"a 3G"	"5"	"5d3.(b 2G).6p"	"x 1G*"	"4"		""	"L16323"	
"507.3131"	"507.3135"	"82"	""		"27231.770"	"46937.955"	"5d2.(a 3P).6s.(a 4P).6p"	"y 5D*"	"0"	"5d2.(3P).6s.(a 4P).7s"	"c 5P"	"1"		""	"L16323"	
"507.6290"	"507.6278"	"41"	""		"29752.8870"	"49446.869"	"5d2.(a 3P).6s.(a 4P).6p"	"y 5D*"	"2"	""	"4945"	"1"		""	"L16323"	
"507.7614"	"507.76084"	"120"	""		"26305.8081"	"45994.631"	"5d2.(a 3F).6s.(a 4F).6p"	"z 5D*"	"3"	"6p2.(3P).5d.(4F).6s"	"e 3F"	"3"		""	"L16323"	
"508.1770"	"508.17617"	"200"	""		"5521.7776"	"25194.5090"	"5d2.6s2"	"a 3P"	"0"	"5d2.(a 3F).6s.(a 4F).6p"	"z 5D*"	"1"		""	"L16323"	
"508.2210"	"508.22022"	"60"	""		"28267.4366"	"47938.463"	"5d2.(a 3F).6s.(a 4F).6p"	"y 3D*"	"2"	"5d2.(3P).6s.(a 4P).7s"	"c 5P"	"3"		""	"L16323"	
"508.2770"	"508.2770"	"40"	""		"28790.2720"	"48459.099"	"5d2.(a 3F).6s.(a 4F).6p"	"y 3D*"	"1"	"5d2.(3F).6s.(a 2F).7s"	"i 3F"	"2"		""	"L16323"	
"508.4740"	"508.47464"	"20"	""		"22450.5521"	"42111.736"	"5d2.(a 3F).6s.(a 4F).6p"	"z 5F*"	"2"	"6p2.(3P).5d.(4D).6s"	"e 3D"	"1"		""	"L16323"	
"508.5070"	"508.5063"	"40"	""		"30733.2723"	"50393.234"	"5d2.(a 3F).6s.(a 4F).6p"	"y 3F*"	"4"	""	"5039"	"4"		""	"L16323"	
"508.6482"	"508.6477"	"79"	""		"28047.9411"	"47702.436"	"5d2.(a 3P).6s.(a 4P).6p"	"z 3S*"	"1"	"6p2.(1D).5d.(2D).6s"	"f 1D"	"2"		""	"L16323"	
"508.6960"	"508.6952"	"200"	""		"16766.637"	"36419.298"	"5d3.(b 4F).6s"	"a 5F"	"4"	"5d2.(a 1G).6s.(a 2G).6p"	"z 3H*"	"5"		""	"L16323"	
"508.7370"	"508.7352"	"39"	""		"29752.8870"	"49404.001"	"5d2.(a 3P).6s.(a 4P).6p"	"y 5D*"	"2"	""	"4940"	"2"		""	"L16323"	
"508.7460"	"508.74680"	"39"	""		"27654.3580"	"47305.024"	"5d2.(a 3F).6s.(a 4F).6p"	"y 3F*"	"3"	"6p2.(1D).5d.(2D).6s"	"f 3D"	"2"		""	"L16323"	
"508.9500"	"508.9490"	"20"	""		"25678.643"	"45321.503"	"5d3.(2H).6s"	"a 3H"	"4"	"5d2.(b 1D).6s.(b 2D).6p"	"v 3F*"	"4"		""	"L16323"	
"509.0876"	"509.08769"	"290"	""		"10508.904"	"30146.412"	"5d.6s2.(a 2D).6p"	"z 1D*"	"2"	"5d3.(b 4P).6s"	"b 3P"	"2"		""	"L16323"	
"509.0996"	"509.09989"	"120"	""		"28583.7248"	"48220.762"	"5d2.(a 3F).6s.(a 4F).6p"	"z 3G*"	"3"	"5d4"	"h 3F"	"4"		""	"L16323"	
"509.1280"	"509.12866"	"58"	""		"25634.2234"	"45270.151"	"5d2.(a 3F).6s.(a 4F).6p"	"z 5D*"	"2"	"5d2.(3P).6s.(a 4P).7s"	"e 3P"	"1"		""	"L16323"	
"509.3698"	"509.36996"	"97"	""		"29996.8513"	"49623.477"	"5d2.(a 3F).6s.(a 4F).6p"	"y 3D*"	"3"	""	"4962"	"4"		""	"L16323"	
"509.4117"	"509.4120"	"39"	""		"29752.8870"	"49377.892"	"5d2.(a 3P).6s.(a 4P).6p"	"y 5D*"	"2"	""	"4938"	"1 or 2"		""	"L16323"	
"509.4683"	"509.46909"	"97"	""		"29246.6760"	"48869.483"	"5d2.(a 3F).6s.(a 4F).6p"	"z 3G*"	"4"	"5d4"	"h 3F"	"3"		""	"L16323"	
"509.6210"	"509.62009"	"19"	""		"28790.2720"	"48407.265"	"5d2.(a 3F).6s.(a 4F).6p"	"y 3D*"	"1"	"6p2.(1S).5d.(2D).6s"	"g 1D"	"2"		""	"L16323"	
"509.7400"	"509.7398"	"19"	""		"31943.8516"	"51556.239"	"5d2.(a 3P).6s.(a 4P).6p"	"z 5S*"	"2"	""	"5156"	"3"		""	"L16323"	
"509.7740"	"509.77406"	"38"	""		"22450.5521"	"42061.620"	"5d2.(a 3F).6s.(a 4F).6p"	"z 5F*"	"2"	"5d.6s2.(a 2D).7s"	"d 3D"	"3"		""	"L16323"	
"509.8800"	"509.87945"	"38"	""		"28267.4366"	"47874.451"	"5d2.(a 3F).6s.(a 4F).6p"	"y 3D*"	"2"	"6p2.(1D).5d.(2D).6s"	"f 3D"	"1"		""	"L16323"	
"510.0640"	"510.062979"	"1100"	"2.5e+05"	C+	"8983.7652"	"28583.7248"	"5d2.6s2"	"a 3P"	"2"	"5d2.(a 3F).6s.(a 4F).6p"	"z 3G*"	"3"		"T5346"	"L21976,L16323"	
"510.1668"	"510.1664"	"760"	""		"27516.4201"	"47112.405"	"5d2.(a 3F).6s.(a 4F).6p"	"z 5D*"	"4"	"6p2.(1D).5d.(2D).6s"	"f 3D"	"3"		""	"L16323"	
"510.2634"	"510.2638"	"38"	""		"26463.9649"	"46056.211"	"5d.6s2.(a 2D).6p"	"z 1P*"	"1"	"6p2.(3P).5d.(2F).6s"	"f 3F"	"2"		""	"L16323"	
"510.5640"	"510.5644"	"19"	""		"29401.4784"	"48982.191"	"5d2.(a 3P).6s.(a 4P).6p"	"y 3P*"	"2"	"5d4"	"h 3D"	"1"		""	"L16323"	
"510.7319"	"510.7315"	"75"	""		"26715.403"	"46289.706"	"5d3.(c 2D).6s"	"a 3D"	"3"	"5d3.(b 4F).6p"	"y 5F*"	"4"		""	"L16323"	
"510.8550"	"510.8545"	"19"	""		"22199.110"	"41768.700"	"5d3.(b 4P).6s"	"a 5P"	"3"	"5d2.(b 1D).6s.(b 2D).6p"	"x 1D*"	"2"		""	"L16323"	
"510.904"	"510.89957"	"19h"	""		"23448.6227"	"43016.488"	"5d2.(a 3F).6s.(a 4F).6p"	"z 5F*"	"3"	"6p2.(3P).5d.(4D).6s"	"b 5D"	"2"		""	"L16323"	
"511.1148"	"511.11388"	"370"	""		"21738.7225"	"41298.383"	"5d2.(a 3F).6s.(a 4F).6p"	"z 5F*"	"1"	"5d2.(3F).6s.(a 4F).7s"	"d 3F"	"2"		""	"L16323"	
"511.2130"	"511.212329"	"1900"	""		"5638.6151"	"25194.5090"	"5d2.6s2"	"a 1D"	"2"	"5d2.(a 3F).6s.(a 4F).6p"	"z 5D*"	"1"		""	"L21976,L16323"	
"511.7090"	""	"190"	""		""	""	""	""	""	""	""	""		""	"L16323"	
"512.2727"	"512.2723"	"74"	""		"22880.262"	"42395.693"	"5d3.(b 2G).6s"	"a 3G"	"3"	"5d2.(a 1G).6s.(a 2G).6p"	"w 1F*"	"3"		""	"L16323"	
"512.6810"	"512.6812"	"55"	""		"29246.6760"	"48746.542"	"5d2.(a 3F).6s.(a 4F).6p"	"z 3G*"	"4"	"5d2.(3F).6s.(a 2F).7s"	"i 3F"	"3"		""	"L16323"	
"512.8116"	"512.81155"	"150"	""		"19791.3040"	"39286.213"	"5d.6s2.(a 2D).6p"	"z 3P*"	"2"	"5d2.(3F).6s.(a 4F).7s"	"b 5F"	"1"		""	"L16323"	
"513.0280"	""	"18"	""		""	""	""	""	""	""	""	""		""	"L16323"	
"513.1380"	"513.1386"	"18"	""		"20784.857"	"40267.341"	"5d3.(b 4P).6s"	"a 5P"	"1"	"5d2.(a 3P).6s.(a 2P).6p"	"u 3D*"	"2"		""	"L16323"	
"513.3100"	"513.30936"	"270"	""		"27516.4201"	"46992.423"	"5d2.(a 3F).6s.(a 4F).6p"	"z 5D*"	"4"	"6p2.(1D).5d.(2G).6s"	"b 3G"	"4"		""	"L16323"	
"513.3660"	""	"18"	""		""	""	""	""	""	""	""	""		""	"L16323"	
"513.5810"	"513.57991"	"91"	""		"28583.7248"	"48049.468"	"5d2.(a 3F).6s.(a 4F).6p"	"z 3G*"	"3"	"5d2.(3F).6s.(a 2F).7s"	"d 1F"	"3"		""	"L16323"	
"513.6200"	"513.61846"	"550"	"1.2e+05"	D+	"10532.5690"	"29996.8513"	"5d2.6s2"	"a 1G"	"4"	"5d2.(a 3F).6s.(a 4F).6p"	"y 3D*"	"3"		"T5346"	"L16323"	
"513.6520"	""	"37"	""		""	""	""	""	""	""	""	""		""	"L16323"	
"513.786"	"513.7830"	"18"	""		"27654.3580"	"47112.405"	"5d2.(a 3F).6s.(a 4F).6p"	"y 3F*"	"3"	"6p2.(1D).5d.(2D).6s"	"f 3D"	"3"		""	"L16323"	
"513.951"	"513.94556"	"91h"	""		"31943.8516"	"51395.746"	"5d2.(a 3P).6s.(a 4P).6p"	"z 5S*"	"2"	""	"5140"	"3"		""	"L16323"	
"514.0202"	"514.01949"	"73"	""		"25634.2234"	"45083.320"	"5d2.(a 3F).6s.(a 4F).6p"	"z 5D*"	"2"	"6p2.(3P).5d.(2F).6s"	"b 1F"	"3"		""	"L16323"	
"514.1044"	"514.10483"	"91"	""		"14092.2938"	"33538.1620"	"5d3.(b 4F).6s"	"a 5F"	"1"	"5d2.(a 3F).6s.(a 2F).6p"	"x 3F*"	"2"		""	"L16323"	
"514.1190"	"514.1185"	"36"	""		"30501.127"	"49946.479"	"5d3.(b 2G).6s"	"a 1G"	"4"	""	"4995*"	"4"		""	"L16323"	
"514.1810"	""	"36h"	""		""	""	""	""	""	""	""	""		""	"L16323"	
"514.2997"	"514.29957"	"160"	""		"28583.7248"	"48022.230"	"5d2.(a 3F).6s.(a 4F).6p"	"z 3G*"	"3"	"5d4"	"b 3H"	"4"		""	"L16323"	
"514.4300"	"514.4289"	"36"	""		"25678.643"	"45112.263"	"5d3.(2H).6s"	"a 3H"	"4"	"5d3.(b 4F).6p"	"y 5F*"	"3"		""	"L16323"	
"514.5220"	""	"36h"	""		""	""	""	""	""	""	""	""		""	"L16323"	
"514.5720"	"514.57232"	"36"	""		"27533.7873"	"46961.989"	"5d2.(a 3P).6s.(a 4P).6p"	"y 5D*"	"1"	"6p2.(1D).5d.(2F).6s"	"g 3F"	"2"		""	"L16323"	
"514.7401"	"514.74016"	"130"	""		"22880.262"	"42302.129"	"5d3.(b 2G).6s"	"a 3G"	"3"	"5d3.(b 2G).6p"	"u 3F*"	"2"		""	"L16323"	
"514.8620"	""	"18h"	""		""	""	""	""	""	""	""	""		""	"L16323"	
"514.8899"	"514.8904"	"150"	""		"30977.0338"	"50393.234"	"5d2.(a 3F).6s.(a 4F).6p"	"z 3G*"	"5"	""	"5039"	"4"		""	"L16323"	
"515.3122"	"515.3119"	"720"	""		"17901.320"	"37301.637"	"5d3.(b 4F).6s"	"a 5F"	"5"	"5d2.(a 1G).6s.(a 2G).6p"	"z 3H*"	"6"		""	"L16323"	
"515.7210"	""	"90"	""		""	""	""	""	""	""	""	""		""	"L16323"	
"515.7950"	"515.79391"	"3600"	""		"22901.3837"	"42283.573"	"5d2.(a 3F).6s.(a 4F).6p"	"z 5G*"	"5"	"5d2.(3F).6s.(a 4F).7s"	"b 5F"	"4"		""	"L16323"	
"516.0050"	""	"36"	""		""	""	""	""	""	""	""	""		""	"L16323"	
"516.1570"	"516.15671"	"270"	""		"17901.320"	"37269.8860"	"5d3.(b 4F).6s"	"a 5F"	"5"	"5d2.(a 1G).6s.(a 2G).6p"	"w 3F*"	"4"		""	"L16323"	
"516.2320"	""	"18"	""		""	""	""	""	""	""	""	""		""	"L16323"	
"516.4150"	"516.41499"	"36"	""		"20908.462"	"40267.341"	"5d3.(b 4P).6s"	"a 5P"	"2"	"5d2.(a 3P).6s.(a 2P).6p"	"u 3D*"	"2"		""	"L16323"	
"516.6390"	"516.63883"	"360"	""		"29996.8513"	"49347.343"	"5d2.(a 3F).6s.(a 4F).6p"	"y 3D*"	"3"	""	"4935"	"3"		""	"L16323"	
"516.7376"	"516.7379"	"540"	""		"24785.2649"	"44132.048"	"5d2.(a 3F).6s.(a 4F).6p"	"z 5F*"	"4"	"5d2.(3F).6s.(a 4F).7s"	"b 5F"	"5"		""	"L16323"	
"516.8230"	"516.82386"	"36"	""		"26305.8081"	"45649.372"	"5d2.(a 3F).6s.(a 4F).6p"	"z 5D*"	"3"	"6p2.(3P).5d.(2F).6s"	"f 3F"	"3"		""	"L16323"	
"517.0173"	"517.01673"	"1800"	""		"19791.3040"	"39127.652"	"5d.6s2.(a 2D).6p"	"z 3P*"	"2"	"6p2.(3P).5d.(2D).6s"	"c 3D"	"3"		""	"L16323"	
"517.1020"	""	"180h"	""		""	""	""	""	""	""	""	""		""	"L16323"	
"517.1440"	""	"54h"	""		""	""	""	""	""	""	""	""		""	"L16323"	
"517.1760"	""	"36h"	""		""	""	""	""	""	""	""	""		""	"L16323"	
"517.2150"	""	"36"	""		""	""	""	""	""	""	""	""		""	"L16323"	
"517.2670"	"517.26751"	"36"	""		"27533.7873"	"46860.761"	"5d2.(a 3P).6s.(a 4P).6p"	"y 5D*"	"1"	"5d2.(3P).6s.(a 4P).7s"	"c 5P"	"2"		""	"L16323"	
"517.3162"	"517.3161"	"270"	""		"18011.0647"	"37336.222"	"5d2.(a 3F).6s.(a 4F).6p"	"z 5G*"	"2"	"5d3.(2D).6s"	"b 3D"	"1"		""	"L16323"	
"517.6614"	"517.66124"	"18"	""		"27654.3580"	"46966.632"	"5d2.(a 3F).6s.(a 4F).6p"	"y 3F*"	"3"	"6p2.(1D).5d.(2F).6s"	"c 1F"	"3"		""	"L16323"	
"517.7644"	"517.76416"	"180"	""		"16766.637"	"36075.0722"	"5d3.(b 4F).6s"	"a 5F"	"4"	"5d2.(a 3F).6s.(a 2F).6p"	"x 3F*"	"4"		""	"L16323"	
"517.7860"	"517.78572"	"71"	""		"27654.3580"	"46961.989"	"5d2.(a 3F).6s.(a 4F).6p"	"y 3F*"	"3"	"6p2.(1D).5d.(2F).6s"	"g 3F"	"2"		""	"L16323"	
"517.8020"	"517.80252"	"36"	""		"29401.4784"	"48708.483"	"5d2.(a 3P).6s.(a 4P).6p"	"y 3P*"	"2"	"5d4"	"5P?"	"2"		""	"L16323"	
"518.1870"	"518.186494"	"5300"	""		"0.0000"	"19292.6984"	"5d2.6s2"	"a 3F"	"2"	"5d2.(a 3F).6s.(a 4F).6p"	"z 5G*"	"3"		""	"L21976,L16323"	
"518.2900"	"518.28953"	"140"	""		"22450.5521"	"41739.415"	"5d2.(a 3F).6s.(a 4F).6p"	"z 5F*"	"2"	"5d4"	"a 5D"	"3"		""	"L16323"	
"518.4295"	"518.429069"	"350"	"1.1e+05"	D+	"8983.7652"	"28267.4366"	"5d2.6s2"	"a 3P"	"2"	"5d2.(a 3F).6s.(a 4F).6p"	"y 3D*"	"2"		"T5346"	"L16323"	
"518.6130"	""	"53h"	""		""	""	""	""	""	""	""	""		""	"L16323"	
"518.6825"	"518.68199"	"880"	""		"22901.3837"	"42175.652"	"5d2.(a 3F).6s.(a 4F).6p"	"z 5G*"	"5"	"5d4"	"a 5D"	"4"		""	"L16323"	
"518.9380"	"518.94028"	"71h"	""		"26463.9649"	"45728.640"	"5d.6s2.(a 2D).6p"	"z 1P*"	"1"	"5d2.(3P).6s.(a 4P).7s"	"e 3P"	"2"		""	"L16323"	
"519.0280"	"519.0289"	"18"	""		"28047.9411"	"47309.327"	"5d2.(a 3P).6s.(a 4P).6p"	"z 3S*"	"1"	"6p2.(1D).5d.(2P).6s"	"g 3P"	"1"		""	"L16323"	
"519.1168"	"519.1162"	"70"	""		"31943.3435"	"51201.490"	"5d2.(a 3P).6s.(a 4P).6p"	"y 5D*"	"4"	"5d4"	"1G"	"4"		""	"L16323"	
"519.1460"	"519.14488"	"35"	""		"28047.9411"	"47305.024"	"5d2.(a 3P).6s.(a 4P).6p"	"z 3S*"	"1"	"6p2.(1D).5d.(2D).6s"	"f 3D"	"2"		""	"L16323"	
"519.2234"	"519.22273"	"120"	""		"14740.6924"	"33994.8879"	"5d3.(b 4F).6s"	"a 5F"	"2"	"5d2.(a 1G).6s.(a 2G).6p"	"w 3F*"	"2"		""	"L16323"	
"519.2580"	""	"18"	""		""	""	""	""	""	""	""	""		""	"L16323"	
"519.2990"	""	"18"	""		""	""	""	""	""	""	""	""		""	"L16323"	
"519.3630"	"519.3625"	"53"	""		"27533.7873"	"46782.803"	"5d2.(a 3P).6s.(a 4P).6p"	"y 5D*"	"1"	"6p2.(3P).5d.(2P).6s"	"b 1P"	"1"		""	"L16323"	
"519.6460"	"519.64450"	"18"	""		"29752.8870"	"48991.455"	"5d2.(a 3P).6s.(a 4P).6p"	"y 5D*"	"2"	"5d4"	"h 3F"	"2"		""	"L16323"	
"519.9545"	"519.95355"	"180"	""		"16766.637"	"35993.7702"	"5d3.(b 4F).6s"	"a 5F"	"4"	"5d2.(a 3F).6s.(a 2F).6p"	"y 3G*"	"5"		""	"L16323"	
"520.0866"	"520.08636"	"350"	""		"23448.6227"	"42670.846"	"5d2.(a 3F).6s.(a 4F).6p"	"z 5F*"	"3"	"6p2.(3P).5d.(4F).6s"	"c 5F"	"4"		""	"L16323"	
"520.8840"	"520.8832"	"260"	""		"18143.4034"	"37336.222"	"5d.6s2.(a 2D).6p"	"z 3P*"	"1"	"5d3.(2D).6s"	"b 3D"	"1"		""	"L16323"	
"521.2045"	"521.20514"	"52"	""		"25194.5090"	"44375.472"	"5d2.(a 3F).6s.(a 4F).6p"	"z 5D*"	"1"	"6p2.(3P).5d.(2P).6s"	"d 3P"	"2"		""	"L16323"	
"521.2325"	""	"120"	""		""	""	""	""	""	""	""	""		""	"L16323"	
"521.6400"	"521.64106"	"52"	""		"28790.2720"	"47955.206"	"5d2.(a 3F).6s.(a 4F).6p"	"y 3D*"	"1"	"6p2.(1S).5d.(2D).6s"	"g 3D"	"2"		""	"L16323"	
"521.7260"	"521.72783"	"35"	""		"27516.4201"	"46678.167"	"5d2.(a 3F).6s.(a 4F).6p"	"z 5D*"	"4"	"6p2.(1D).5d.(2F).6s"	"g 3F"	"4"		""	"L16323"	
"522.0201"	"522.0232"	"17i"	""		"29401.4784"	"48552.385"	"5d2.(a 3P).6s.(a 4P).6p"	"y 3P*"	"2"	""	"4855"	"2"		""	"L16323c153"	
"522.2430"	"522.2431"	"170"	""		"23252.852"	"42395.693"	"5d3.(b 2G).6s"	"a 3G"	"4"	"5d2.(a 1G).6s.(a 2G).6p"	"w 1F*"	"3"		""	"L16323"	
"522.5230"	"522.52285"	"100"	""		"15673.341"	"34805.9335"	"5d3.(b 4F).6s"	"a 5F"	"3"	"5d2.(a 1G).6s.(a 2G).6p"	"z 3H*"	"4"		""	"L16323"	
"522.5755"	"522.57561"	"69"	""		"27149.6642"	"46280.325"	"5d2.(a 3F).6s.(a 4F).6p"	"y 3F*"	"2"	"6p2.(1D).5d.(2F).6s"	"g 3F"	"3"		""	"L16323"	
"522.6030"	""	"17h"	""		""	""	""	""	""	""	""	""		""	"L16323"	
"522.6640"	""	"17h"	""		""	""	""	""	""	""	""	""		""	"L16323"	
"522.6890"	""	"17h"	""		""	""	""	""	""	""	""	""		""	"L16323"	
"522.7300"	""	"34h"	""		""	""	""	""	""	""	""	""		""	"L16323"	
"522.9594"	"522.96009"	"100"	""		"29752.8870"	"48869.483"	"5d2.(a 3P).6s.(a 4P).6p"	"y 5D*"	"2"	"5d4"	"h 3F"	"3"		""	"L16323"	
"523.0040"	""	"17h"	""		""	""	""	""	""	""	""	""		""	"L16323"	
"523.2315"	""	"51"	""		""	""	""	""	""	""	""	""		""	"L16323"	
"523.9150"	"523.91505"	"17"	""		"26305.8081"	"45387.560"	"5d2.(a 3F).6s.(a 4F).6p"	"z 5D*"	"3"	"6p2.(3P).5d.(4F).6s"	"e 3F"	"4"		""	"L16323"	
"524.0050"	"524.00410"	"17"	""		"28267.4366"	"47345.946"	"5d2.(a 3F).6s.(a 4F).6p"	"y 3D*"	"2"	"6p2.(1D).5d.(2G).6s"	"b 3G"	"3"		""	"L16323"	
"524.0424"	"524.04240"	"170"	"9.e+03"	E	"4567.6413"	"23644.7563"	"5d2.6s2"	"a 3F"	"4"	"5d.6s2.(a 2D).6p"	"z 1F*"	"3"		"T5346"	"L16323"	
"524.0900"	""	"17"	""		""	""	""	""	""	""	""	""		""	"L16323"	
"524.1040"	"524.10483"	"51"	""		"23644.7563"	"42719.599"	"5d.6s2.(a 2D).6p"	"z 1F*"	"3"	"6p2.(3P).5d.(4D).6s"	"e 3D"	"2"		""	"L16323"	
"524.1697"	"524.16984"	"68"	""		"29246.6760"	"48319.153"	"5d2.(a 3F).6s.(a 4F).6p"	"z 3G*"	"4"	""	"4832"	"3"		""	"L16323"	
"524.3460"	"524.3455"	"680"	""		"18270.133"	"37336.222"	"5d.6s2.(a 2D).6p"	"z 3P*"	"0"	"5d3.(2D).6s"	"b 3D"	"1"		""	"L16323"	
"524.3984"	"524.398077"	"4200"	"3.63e+06"	B	"8983.7652"	"28047.9411"	"5d2.6s2"	"a 3P"	"2"	"5d2.(a 3P).6s.(a 4P).6p"	"z 3S*"	"1"		"T5346"	"L21976,L16323"	
"524.4670"	"524.46692"	"850"	"1.24e+05"	C+	"6572.5498"	"25634.2234"	"5d2.6s2"	"a 3P"	"1"	"5d2.(a 3F).6s.(a 4F).6p"	"z 5D*"	"2"		"T5346"	"L21976,L16323"	
"524.7031"	"524.70292"	"680"	""		"24785.2649"	"43838.365"	"5d2.(a 3F).6s.(a 4F).6p"	"z 5F*"	"4"	"6p2.(3P).5d.(4D).6s"	"b 5D"	"4"		""	"L16323"	
"524.912"	"524.90927"	"17i"	""		"14092.2938"	"33137.904"	"5d3.(b 4F).6s"	"a 5F"	"1"	"5d2.(a 3P).6s.(a 4P).6p"	"x 3D*"	"1"		""	"L16323c153"	
"525.0110"	"525.0118"	"34"	""		"28267.4366"	"47309.327"	"5d2.(a 3F).6s.(a 4F).6p"	"y 3D*"	"2"	"6p2.(1D).5d.(2P).6s"	"g 3P"	"1"		""	"L16323"	
"525.1309"	"525.13048"	"120"	""		"28267.4366"	"47305.024"	"5d2.(a 3F).6s.(a 4F).6p"	"y 3D*"	"2"	"6p2.(1D).5d.(2D).6s"	"f 3D"	"2"		""	"L16323"	
"525.2452"	"525.24474"	"150"	""		"27149.6642"	"46183.110"	"5d2.(a 3F).6s.(a 4F).6p"	"y 3F*"	"2"	"5d.6s2.(a 2D).7s"	"e 1D"	"2"		""	"L16323"	
"525.2910"	"525.2910"	"34"	""		"27149.6642"	"46181.433"	"5d2.(a 3F).6s.(a 4F).6p"	"y 3F*"	"2"	""	"4618"	"3"		""	"L16323"	
"525.3615"	"525.36151"	"170"	""		"14092.2938"	"33121.5094"	"5d3.(b 4F).6s"	"a 5F"	"1"	"5d2.(a 3P).6s.(a 4P).6p"	"z 5P*"	"2"		""	"L16323"	
"525.4480"	"525.44782"	"340"	""		"23644.7563"	"42670.846"	"5d.6s2.(a 2D).6p"	"z 1F*"	"3"	"6p2.(3P).5d.(4F).6s"	"c 5F"	"4"		""	"L16323"	
"525.5090"	"525.51082"	"34"	""		"27654.3580"	"46678.167"	"5d2.(a 3F).6s.(a 4F).6p"	"y 3F*"	"3"	"6p2.(1D).5d.(2F).6s"	"g 3F"	"4"		""	"L16323"	
"525.5464"	"525.54606"	"250"	""		"28583.7248"	"47606.258"	"5d2.(a 3F).6s.(a 4F).6p"	"z 3G*"	"3"	"6p2.(1D).5d.(2G).6s"	"b 1G"	"4"		""	"L16323"	
"525.8736"	"525.8737"	"670"	""		"26463.9649"	"45474.645"	"5d.6s2.(a 2D).6p"	"z 1P*"	"1"	"6p2.(3P).5d.(4P).6s"	"f 3P"	"1"		""	"L16323"	
"526.2600"	"526.26054"	"67"	""		"19292.6984"	"38289.406"	"5d2.(a 3F).6s.(a 4F).6p"	"z 5G*"	"3"	"5d3.(2D).6s"	"c 1D"	"2"		""	"L16323"	
"526.6720"	""	"17"	""		""	""	""	""	""	""	""	""		""	"L16323"	
"526.8370"	""	"17"	""		""	""	""	""	""	""	""	""		""	"L16323"	
"526.8880"	"526.88797"	"33"	""		"29246.6760"	"48220.762"	"5d2.(a 3F).6s.(a 4F).6p"	"z 3G*"	"4"	"5d4"	"h 3F"	"4"		""	"L16323"	
"527.1380"	"527.1377"	"33"	""		"25084.172"	"44049.269"	"5d3.(c 2D).6s"	"a 3D"	"2"	"5d3.(b 2G).6p"	"v 1F*"	"3"		""	"L16323"	
"527.2530"	"527.2527"	"130"	""		"28790.2720"	"47751.233"	"5d2.(a 3F).6s.(a 4F).6p"	"y 3D*"	"1"	"6p2.(1D).5d.(2P).6s"	"g 3P"	"0"		""	"L16323"	
"527.4018"	"527.40193"	"130"	""		"29752.8870"	"48708.483"	"5d2.(a 3P).6s.(a 4P).6p"	"y 5D*"	"2"	"5d4"	"5P?"	"2"		""	"L16323"	
"527.5040"	"527.50351"	"2500"	""		"16163.3602"	"35115.306"	"5d.6s2.(a 2D).6p"	"z 3D*"	"2"	""	"3512"	"2"		""	"L16323"	
"527.5810"	"527.5816"	"50h"	""		"26305.8081"	"45254.947"	"5d2.(a 3F).6s.(a 4F).6p"	"z 5D*"	"3"	"6p2.(3P).5d.(4P).6s"	"b 5P"	"2"		""	"L16323"	
"527.622"	"527.6260"	"17"	""		"31943.8516"	"50891.397"	"5d2.(a 3P).6s.(a 4P).6p"	"z 5S*"	"2"	""	"5089"	"2"		""	"L16323"	
"527.7160"	"527.71504"	"170"	""		"22880.262"	"41824.611"	"5d3.(b 2G).6s"	"a 3G"	"3"	"5d3.(b 2G).6p"	"u 3F*"	"3"		""	"L16323"	
"528.0030"	""	"17"	""		""	""	""	""	""	""	""	""		""	"L16323"	
"528.1070"	"528.1078"	"50"	""		"26918.146"	"45848.407"	"5d3.(b 2P).6s"	"c 3P"	"1"	""	"4585*"	"2"		""	"L16323"	
"528.4060"	"528.4069"	"17"	""		"20784.857"	"39704.402"	"5d3.(b 4P).6s"	"a 5P"	"1"	"5d2.(a 3P).6s.(a 2P).6p"	"u 3D*"	"1"		""	"L16323"	
"528.4280"	""	"17"	""		""	""	""	""	""	""	""	""		""	"L16323"	
"528.4591"	"528.45914"	"170"	""		"29401.4784"	"48319.153"	"5d2.(a 3P).6s.(a 4P).6p"	"y 3P*"	"2"	""	"4832"	"3"		""	"L16323"	
"528.6098"	"528.60954"	"1200"	""		"23448.6227"	"42360.915"	"5d2.(a 3F).6s.(a 4F).6p"	"z 5F*"	"3"	"6p2.(3P).5d.(4D).6s"	"e 3D"	"3"		""	"L16323"	
"528.8400"	"528.84199"	"16"	""		"27533.7873"	"46437.767"	"5d2.(a 3P).6s.(a 4P).6p"	"y 5D*"	"1"	"6p2.(3P).5d.(4P).6s"	"f 3P"	"2"		""	"L16323"	
"529.0212"	"529.02104"	"160"	""		"21738.7225"	"40636.304"	"5d2.(a 3F).6s.(a 4F).6p"	"z 5F*"	"1"	"6p2.(3P).5d.(4F).6s"	"c 5F"	"2"		""	"L16323"	
"529.0812"	"529.08031"	"330"	""		"18143.4034"	"37038.868"	"5d.6s2.(a 2D).6p"	"z 3P*"	"1"	"5d3.(2D).6s"	"b 3D"	"2"		""	"L16323"	
"529.2783"	"529.2771"	"490"	""		"22880.262"	"41768.700"	"5d3.(b 2G).6s"	"a 3G"	"3"	"5d2.(b 1D).6s.(b 2D).6p"	"x 1D*"	"2"		""	"L16323"	
"529.4870"	"529.486159"	"4900"	""		"4567.6413"	"23448.6227"	"5d2.6s2"	"a 3F"	"4"	"5d2.(a 3F).6s.(a 4F).6p"	"z 5F*"	"3"		""	"L16323"	
"530.0090"	"530.0086"	"65"	""		"32533.3746"	"51395.746"	"5d2.(a 3F).6s.(a 2F).6p"	"y 3G*"	"3"	""	"5140"	"3"		""	"L16323"	
"530.018"	"530.0204"	"16"	""		"34991.659"	"53853.608"	""	"3499"	"1"	""	"5385*"	"0"		""	"L16323"	
"530.3350"	"530.3356"	"33"	""		"31342.5275"	"50193.266"	"5d2.(a 3P).6s.(a 4P).6p"	"y 5D*"	"3"	""	"5019"	"2"		""	"L16323"	
"530.4178"	"530.41746"	"650"	""		"22450.5521"	"41298.383"	"5d2.(a 3F).6s.(a 4F).6p"	"z 5F*"	"2"	"5d2.(3F).6s.(a 4F).7s"	"d 3F"	"2"		""	"L16323"	
"530.4440"	""	"16"	""		""	""	""	""	""	""	""	""		""	"L16323"	
"530.5830"	"530.58267"	"65"	""		"29752.8870"	"48594.849"	"5d2.(a 3P).6s.(a 4P).6p"	"y 5D*"	"2"	""	"4859"	"2"		""	"L16323"	
"530.7812"	"530.78020"	"970"	""		"23448.6227"	"42283.573"	"5d2.(a 3F).6s.(a 4F).6p"	"z 5F*"	"3"	"5d2.(3F).6s.(a 4F).7s"	"b 5F"	"4"		""	"L16323"	
"530.9681"	"530.96771"	"1600"	""		"16163.3602"	"34991.659"	"5d.6s2.(a 2D).6p"	"z 3D*"	"2"	""	"3499"	"1"		""	"L16323"	
"531.4016"	"531.4013"	"32"	""		"29996.8513"	"48809.787"	"5d2.(a 3F).6s.(a 4F).6p"	"y 3D*"	"3"	"5d4"	"h 3D"	"3"		""	"L16323"	
"531.5578"	"531.55737"	"110"	""		"30733.2723"	"49540.685"	"5d2.(a 3F).6s.(a 4F).6p"	"y 3F*"	"4"	"5d4"	"c 3G"	"5"		""	"L16323"	
"531.5928"	"531.59204"	"240"	""		"26463.9649"	"45270.151"	"5d.6s2.(a 2D).6p"	"z 1P*"	"1"	"5d2.(3P).6s.(a 4P).7s"	"e 3P"	"1"		""	"L16323"	
"531.6888"	"531.6880"	"97"	""		"29246.6760"	"48049.468"	"5d2.(a 3F).6s.(a 4F).6p"	"z 3G*"	"4"	"5d2.(3F).6s.(a 2F).7s"	"d 1F"	"3"		""	"L16323"	
"531.7820"	"531.7812"	"32"	""		"29752.8870"	"48552.385"	"5d2.(a 3P).6s.(a 4P).6p"	"y 5D*"	"2"	""	"4855"	"2"		""	"L16323"	
"532.0220"	"532.0222"	"32"	""		"26463.9649"	"45254.947"	"5d.6s2.(a 2D).6p"	"z 1P*"	"1"	"6p2.(3P).5d.(4P).6s"	"b 5P"	"2"		""	"L16323"	
"532.2365"	"532.23666"	"140"	""		"27654.3580"	"46437.767"	"5d2.(a 3F).6s.(a 4F).6p"	"y 3F*"	"3"	"6p2.(3P).5d.(4P).6s"	"f 3P"	"2"		""	"L16323"	
"532.4035"	"532.40381"	"110"	""		"26305.8081"	"45083.320"	"5d2.(a 3F).6s.(a 4F).6p"	"z 5D*"	"3"	"6p2.(3P).5d.(2F).6s"	"b 1F"	"3"		""	"L16323"	
"532.4590"	"532.45933"	"32"	""		"29246.6760"	"48022.230"	"5d2.(a 3F).6s.(a 4F).6p"	"z 3G*"	"4"	"5d4"	"b 3H"	"4"		""	"L16323"	
"532.4780"	"532.47965"	"16"	""		"21738.7225"	"40513.560"	"5d2.(a 3F).6s.(a 4F).6p"	"z 5F*"	"1"	"5d.6s2.(a 2D).7s"	"d 3D"	"2"		""	"L16323"	
"532.7310"	"532.73107"	"16"	""		"27516.4201"	"46282.397"	"5d2.(a 3F).6s.(a 4F).6p"	"z 5D*"	"4"	"6p2.(3P).5d.(2F).6s"	"f 3F"	"4"		""	"L16323"	
"532.7890"	"532.78990"	"48"	""		"27516.4201"	"46280.325"	"5d2.(a 3F).6s.(a 4F).6p"	"z 5D*"	"4"	"6p2.(1D).5d.(2F).6s"	"g 3F"	"3"		""	"L16323"	
"532.8890"	"532.88646"	"160*"	""		"22450.5521"	"41211.057"	"5d2.(a 3F).6s.(a 4F).6p"	"z 5F*"	"2"	"5d4"	"a 5D"	"2"		""	"L16323"	
"532.8890"	"532.8871"	"160*"	""		"25084.172"	"43844.653"	"5d3.(c 2D).6s"	"a 3D"	"2"	""	"4384*"	"1"		""	"L16323"	
"533.0850"	""	"16"	""		""	""	""	""	""	""	""	""		""	"L16323"	
"533.1940"	"533.1938"	"32"	""		"29996.8513"	"48746.542"	"5d2.(a 3F).6s.(a 4F).6p"	"y 3D*"	"3"	"5d2.(3F).6s.(a 2F).7s"	"i 3F"	"3"		""	"L16323"	
"533.2400"	"533.2396"	"16"	""		"23327.739"	"42075.820"	"5d3.(b 4F).6s"	"b 3F"	"2"	"5d2.(a 3P).6s.(a 2P).6p"	"w 3P*"	"2"		""	"L16323"	
"533.4340"	"533.43400"	"96"	""		"25634.2234"	"44375.472"	"5d2.(a 3F).6s.(a 4F).6p"	"z 5D*"	"2"	"6p2.(3P).5d.(2P).6s"	"d 3P"	"2"		""	"L16323"	
"533.7100"	""	"32"	""		""	""	""	""	""	""	""	""		""	"L16323"	
"533.8386"	"533.83904"	"130"	""		"23448.6227"	"42175.652"	"5d2.(a 3F).6s.(a 4F).6p"	"z 5F*"	"3"	"5d4"	"a 5D"	"4"		""	"L16323"	
"534.0027"	"534.00243"	"32"	""		"28583.7248"	"47305.024"	"5d2.(a 3F).6s.(a 4F).6p"	"z 3G*"	"3"	"6p2.(1D).5d.(2D).6s"	"f 3D"	"2"		""	"L16323"	
"534.1480"	"534.14910"	"16"	""		"23644.7563"	"42360.915"	"5d.6s2.(a 2D).6p"	"z 1F*"	"3"	"6p2.(3P).5d.(4D).6s"	"e 3D"	"3"		""	"L16323"	
"534.1956"	"534.1956"	"32"	""		"27533.7873"	"46248.316"	"5d2.(a 3P).6s.(a 4P).6p"	"y 5D*"	"1"	""	"4625"	"0"		""	"L16323"	
"534.3750"	"534.3744"	"16"	""		"33139.1776"	"51847.447"	"5d2.(a 3P).6s.(a 4P).6p"	"z 5P*"	"3"	""	"5185"	"3"		""	"L16323"	
"534.3990"	""	"16"	""		""	""	""	""	""	""	""	""		""	"L16323"	
"534.4310"	"534.4331"	"16"	""		"29752.8870"	"48459.099"	"5d2.(a 3P).6s.(a 4P).6p"	"y 5D*"	"2"	"5d2.(3F).6s.(a 2F).7s"	"i 3F"	"2"		""	"L16323"	
"534.4930"	"534.49456"	"16"	""		"24785.2649"	"43489.327"	"5d2.(a 3F).6s.(a 4F).6p"	"z 5F*"	"4"	"5d2.(3F).6s.(a 4F).7s"	"d 3F"	"3"		""	"L16323"	
"534.5400"	"534.5406"	"16"	""		"25084.172"	"43786.623"	"5d3.(c 2D).6s"	"a 3D"	"2"	"5d3.(b 4F).6p"	"y 5F*"	"1"		""	"L16323"	
"534.7000"	""	"16"	""		""	""	""	""	""	""	""	""		""	"L16323"	
"534.7650"	"534.76645"	"16"	""		"28267.4366"	"46961.989"	"5d2.(a 3F).6s.(a 4F).6p"	"y 3D*"	"2"	"6p2.(1D).5d.(2F).6s"	"g 3F"	"2"		""	"L16323"	
"534.9774"	"534.97682"	"63"	""		"16766.637"	"35453.8381"	"5d3.(b 4F).6s"	"a 5F"	"4"	"5d2.(a 1G).6s.(a 2G).6p"	"w 3F*"	"3"		""	"L16323"	
"535.4724"	"535.4716"	"3100"	""		"25462.114"	"44132.048"	"5d2.(a 3F).6s.(a 4F).6p"	"z 5G*"	"6"	"5d2.(3F).6s.(a 4F).7s"	"b 5F"	"5"		""	"L16323"	
"535.7355"	"535.7354"	"160"	""		"23641.389"	"42302.129"	"5d3.(c 2D).6s"	"a 3D"	"1"	"5d3.(b 2G).6p"	"u 3F*"	"2"		""	"L16323"	
"535.8338"	"535.83293"	"630"	""		"18381.5234"	"37038.868"	"5d.6s2.(a 2D).6p"	"z 3D*"	"3"	"5d3.(2D).6s"	"b 3D"	"2"		""	"L16323"	
"535.8540"	"535.8537"	"63"	""		"31342.5275"	"49999.148"	"5d2.(a 3P).6s.(a 4P).6p"	"y 5D*"	"3"	""	"5000"	"3"		""	"L16323"	
"536.0330"	"536.0340"	"31"	""		"20784.857"	"39435.2034"	"5d3.(b 4P).6s"	"a 5P"	"1"	"5d2.(b 1D).6s.(b 2D).6p"	"x 3P*"	"2"		""	"L16323"	
"536.1020"	"536.1017"	"16"	""		"29401.4784"	"48049.468"	"5d2.(a 3P).6s.(a 4P).6p"	"y 3P*"	"2"	"5d2.(3F).6s.(a 2F).7s"	"d 1F"	"3"		""	"L16323"	
"536.1466"	"536.14620"	"47"	""		"30977.0338"	"49623.477"	"5d2.(a 3F).6s.(a 4F).6p"	"z 3G*"	"5"	""	"4962"	"4"		""	"L16323"	
"536.6764"	"536.67591"	"31"	""		"27654.3580"	"46282.397"	"5d2.(a 3F).6s.(a 4F).6p"	"y 3F*"	"3"	"6p2.(3P).5d.(2F).6s"	"f 3F"	"4"		""	"L16323"	
"536.8520"	"536.85113"	"310"	""		"6572.5498"	"25194.5090"	"5d2.6s2"	"a 3P"	"1"	"5d2.(a 3F).6s.(a 4F).6p"	"z 5D*"	"1"		""	"L21976,L16323"	
"537.0804"	"537.07865"	"140"	""		"30733.2723"	"49347.343"	"5d2.(a 3F).6s.(a 4F).6p"	"y 3F*"	"4"	""	"4935"	"3"		""	"L16323"	
"537.1112"	"537.10962"	"230"	""		"23448.6227"	"42061.620"	"5d2.(a 3F).6s.(a 4F).6p"	"z 5F*"	"3"	"5d.6s2.(a 2D).7s"	"d 3D"	"3"		""	"L16323"	
"537.180"	""	"31"	""		""	""	""	""	""	""	""	""		""	"L16323"	
"537.3863"	"537.385366"	"4700"	"2.9e+05"	C	"2356.6756"	"20960.1223"	"5d2.6s2"	"a 3F"	"3"	"5d2.(a 3F).6s.(a 4F).6p"	"z 5G*"	"4"		"T5346"	"L21976,L16323"	
"537.6302"	"537.6298"	"150"	""		"24966.809"	"43561.796"	"5d2.(a 3F).6s.(a 4F).6p"	"z 5D*"	"0"	"6p2.(3P).5d.(2P).6s"	"d 3P"	"1"		""	"L16323"	
"538.1020"	""	"31"	""		""	""	""	""	""	""	""	""		""	"L16323"	
"538.2083"	"538.20801"	"31"	""		"26202.5501"	"44777.562"	"5d2.(a 3F).6s.(a 4F).6p"	"z 5F*"	"5"	"5d2.(3F).6s.(a 4F).7s"	"d 3F"	"4"		""	"L16323"	
"538.3040"	"538.3023"	"620"	""		"23252.852"	"41824.611"	"5d3.(b 2G).6s"	"a 3G"	"4"	"5d3.(b 2G).6p"	"u 3F*"	"3"		""	"L16323"	
"538.465"	"538.46154"	"46hi"	""		"29752.8870"	"48319.153"	"5d2.(a 3P).6s.(a 4P).6p"	"y 5D*"	"2"	""	"4832"	"3"		""	"L16323c153"	
"538.5260"	"538.5265"	"31"	""		"28527.998"	"47092.024"	"5d3.(b 4P).6s"	"b 3P"	"1"	""	"4709*"	"1"		""	"L16323"	
"538.5370"	"538.53739"	"31"	""		"30977.0338"	"49540.685"	"5d2.(a 3F).6s.(a 4F).6p"	"z 3G*"	"5"	"5d4"	"c 3G"	"5"		""	"L16323"	
"538.9336"	"538.93307"	"1500"	"1.27e+06"	C+	"8983.7652"	"27533.7873"	"5d2.6s2"	"a 3P"	"2"	"5d2.(a 3P).6s.(a 4P).6p"	"y 5D*"	"1"		"T5346"	"L16323"	
"539.1590"	"539.1596"	"46"	""		"22880.262"	"41422.491"	"5d3.(b 2G).6s"	"a 3G"	"3"	"5d3.(b 4F).6p"	"y 5G*"	"3"		""	"L16323"	
"539.3122"	"539.31212"	"120"	""		"29401.4784"	"47938.463"	"5d2.(a 3P).6s.(a 4P).6p"	"y 3P*"	"2"	"5d2.(3P).6s.(a 4P).7s"	"c 5P"	"3"		""	"L16323"	
"539.4896"	"539.48933"	"310"	""		"23644.7563"	"42175.652"	"5d.6s2.(a 2D).6p"	"z 1F*"	"3"	"5d4"	"a 5D"	"4"		""	"L16323"	
"539.6110"	"539.61030"	"61"	""		"20908.462"	"39435.2034"	"5d3.(b 4P).6s"	"a 5P"	"2"	"5d2.(b 1D).6s.(b 2D).6p"	"x 3P*"	"2"		""	"L16323"	
"539.7484"	"539.7483"	"46"	""		"29246.6760"	"47768.679"	"5d2.(a 3F).6s.(a 4F).6p"	"z 3G*"	"4"	"6p2.(1D).5d.(2G).6s"	"b 3G"	"5"		""	"L16323"	
"539.8655"	"539.8657"	"150"	""		"17901.320"	"36419.298"	"5d3.(b 4F).6s"	"a 5F"	"5"	"5d2.(a 1G).6s.(a 2G).6p"	"z 3H*"	"5"		""	"L16323"	
"539.9400"	"539.9418"	"15"	""		"28267.4366"	"46782.803"	"5d2.(a 3F).6s.(a 4F).6p"	"y 3D*"	"2"	"6p2.(3P).5d.(2P).6s"	"b 1P"	"1"		""	"L16323"	
"540.3600"	"540.3573"	"30h"	""		"30146.412"	"48647.541"	"5d3.(b 4P).6s"	"b 3P"	"2"	"5d3.(b 4P).6p"	"y 5P*"	"3"		""	"L16323"	
"540.4457"	"540.44575"	"760"	""		"19791.3040"	"38289.406"	"5d.6s2.(a 2D).6p"	"z 3P*"	"2"	"5d3.(2D).6s"	"c 1D"	"2"		""	"L16323"	
"540.5120"	""	"15"	""		""	""	""	""	""	""	""	""		""	"L16323"	
"540.5230"	"540.5234"	"30"	""		"29401.4784"	"47896.924"	"5d2.(a 3P).6s.(a 4P).6p"	"y 3P*"	"2"	"6p2.(1S).5d.(2D).6s"	"g 3D"	"3"		""	"L16323"	
"541.0270"	"541.0275"	"30"	""		"27516.4201"	"45994.631"	"5d2.(a 3F).6s.(a 4F).6p"	"z 5D*"	"4"	"6p2.(3P).5d.(4F).6s"	"e 3F"	"3"		""	"L16323"	
"541.1806"	"541.1809"	"30"	""		"29401.4784"	"47874.451"	"5d2.(a 3P).6s.(a 4P).6p"	"y 3P*"	"2"	"6p2.(1D).5d.(2D).6s"	"f 3D"	"1"		""	"L16323"	
"541.2170"	"541.21665"	"60"	""		"26305.8081"	"44777.562"	"5d2.(a 3F).6s.(a 4F).6p"	"z 5D*"	"3"	"5d2.(3F).6s.(a 4F).7s"	"d 3F"	"4"		""	"L16323"	
"541.5990"	""	"15"	""		""	""	""	""	""	""	""	""		""	"L16323"	
"541.8750"	"541.87375"	"15"	""		"31342.5275"	"49791.882"	"5d2.(a 3P).6s.(a 4P).6p"	"y 5D*"	"3"	""	"4979"	"3"		""	"L16323"	
"541.9305"	"541.9306"	"45"	""		"30733.2723"	"49180.692"	"5d2.(a 3F).6s.(a 4F).6p"	"y 3F*"	"4"	"5d4"	"b 3H"	"5"		""	"L16323"	
"542.0840"	""	"15"	""		""	""	""	""	""	""	""	""		""	"L16323"	
"542.1210"	"542.1204"	"30"	""		"23327.739"	"41768.700"	"5d3.(b 4F).6s"	"b 3F"	"2"	"5d2.(b 1D).6s.(b 2D).6p"	"x 1D*"	"2"		""	"L16323"	
"542.1910"	""	"15"	""		""	""	""	""	""	""	""	""		""	"L16323"	
"542.3370"	"542.3349"	"15"	""		"25084.172"	"43517.838"	"5d3.(c 2D).6s"	"a 3D"	"2"	"5d2.(a 3P).6s.(a 2P).6p"	"w 1D*"	"2"		""	"L16323"	
"542.3981"	"542.39705"	"900"	""		"22450.5521"	"40882.107"	"5d2.(a 3F).6s.(a 4F).6p"	"z 5F*"	"2"	"5d2.(3F).6s.(a 4F).7s"	"b 5F"	"3"		""	"L16323"	
"542.6350"	"542.6345"	"15h"	""		"26715.403"	"45138.894"	"5d3.(c 2D).6s"	"a 3D"	"3"	""	"4514*"	"2"		""	"L16323"	
"542.8304"	"542.82973"	"220"	""		"23644.7563"	"42061.620"	"5d.6s2.(a 2D).6p"	"z 1F*"	"3"	"5d.6s2.(a 2D).7s"	"d 3D"	"3"		""	"L16323"	
"543.0170"	"543.01991"	"15"	""		"29996.8513"	"48407.265"	"5d2.(a 3F).6s.(a 4F).6p"	"y 3D*"	"3"	"6p2.(1S).5d.(2D).6s"	"g 1D"	"2"		""	"L16323"	
"543.0708"	"543.07051"	"100"	""		"28583.7248"	"46992.423"	"5d2.(a 3F).6s.(a 4F).6p"	"z 3G*"	"3"	"6p2.(1D).5d.(2G).6s"	"b 3G"	"4"		""	"L16323"	
"543.2732"	"543.2725"	"30"	""		"27654.3580"	"46056.211"	"5d2.(a 3F).6s.(a 4F).6p"	"y 3F*"	"3"	"6p2.(3P).5d.(2F).6s"	"f 3F"	"2"		""	"L16323"	
"543.3190"	"543.3192"	"89"	""		"25444.379"	"43844.653"	"5d3.(b 2P).6s"	"c 3P"	"0"	""	"4384*"	"1"		""	"L16323"	
"543.3728"	"543.37198"	"100"	""		"14740.6924"	"33139.1776"	"5d3.(b 4F).6s"	"a 5F"	"2"	"5d2.(a 3P).6s.(a 4P).6p"	"z 5P*"	"3"		""	"L16323"	
"543.4200"	"543.4200"	"15"	""		"26715.403"	"45112.263"	"5d3.(c 2D).6s"	"a 3D"	"3"	"5d3.(b 4F).6p"	"y 5F*"	"3"		""	"L16323"	
"543.4740"	"543.4736"	"89"	""		"23641.389"	"42036.433"	"5d3.(c 2D).6s"	"a 3D"	"1"	"5d3.(b 4P).6p"	"v 3P*"	"1"		""	"L16323"	
"543.4970"	"543.4968"	"89"	""		"6572.5498"	"24966.809"	"5d2.6s2"	"a 3P"	"1"	"5d2.(a 3F).6s.(a 4F).6p"	"z 5D*"	"0"		""	"L16323"	
"543.5781"	"543.57742"	"450"	""		"21738.7225"	"40130.254"	"5d2.(a 3F).6s.(a 4F).6p"	"z 5F*"	"1"	"6p2.(3P).5d.(2D).6s"	"d 1D"	"2"		""	"L16323"	
"543.8750"	"543.87339"	"1500"	""		"0.0000"	"18381.5234"	"5d2.6s2"	"a 3F"	"2"	"5d.6s2.(a 2D).6p"	"z 3D*"	"3"		""	"L21976,L16323"	
"543.9698"	"543.96984"	"220"	""		"28583.7248"	"46961.989"	"5d2.(a 3F).6s.(a 4F).6p"	"z 3G*"	"3"	"6p2.(1D).5d.(2F).6s"	"g 3F"	"2"		""	"L16323"	
"544.193"	"544.1960"	"30h"	""		"25678.643"	"44049.269"	"5d3.(2H).6s"	"a 3H"	"4"	"5d3.(b 2G).6p"	"v 1F*"	"3"		""	"L16323"	
"544.2565"	"544.2567"	"74"	""		"24085.183"	"42453.760"	"5d3.(b 2G).6s"	"a 3G"	"5"	"5d2.(a 1G).6s.(a 2G).6p"	"y 1G*"	"4"		""	"L16323"	
"544.2950"	"544.2949"	"44"	""		"25194.5090"	"43561.796"	"5d2.(a 3F).6s.(a 4F).6p"	"z 5D*"	"1"	"6p2.(3P).5d.(2P).6s"	"d 3P"	"1"		""	"L16323"	
"544.5060"	"544.5079"	"15"	""		"29996.8513"	"48356.954"	"5d2.(a 3F).6s.(a 4F).6p"	"y 3D*"	"3"	"5d4"	"c 3G"	"4"		""	"L16323"	
"544.5230"	"544.52337"	"15"	""		"29246.6760"	"47606.258"	"5d2.(a 3F).6s.(a 4F).6p"	"z 3G*"	"4"	"6p2.(1D).5d.(2G).6s"	"b 1G"	"4"		""	"L16323"	
"544.8550"	""	"15"	""		""	""	""	""	""	""	""	""		""	"L16323"	
"545.042"	"545.0381"	"15i"	""		"25444.379"	"43786.623"	"5d3.(b 2P).6s"	"c 3P"	"0"	"5d3.(b 4F).6p"	"y 5F*"	"1"		""	"L16323c153"	
"545.0560"	""	"15"	""		""	""	""	""	""	""	""	""		""	"L16323"	
"545.0978"	"545.0967"	"44"	""		"27654.3580"	"45994.631"	"5d2.(a 3F).6s.(a 4F).6p"	"y 3F*"	"3"	"6p2.(3P).5d.(4F).6s"	"e 3F"	"3"		""	"L16323"	
"545.1500"	""	"15"	""		""	""	""	""	""	""	""	""		""	"L16323"	
"545.2020"	"545.2018"	"29h"	""		"39286.213"	"57622.950"	"5d2.(3F).6s.(a 4F).7s"	"b 5F"	"1"	""	"5762*"	"2"		""	"L16323"	
"545.2920"	"545.29083"	"4400"	""		"4567.6413"	"22901.3837"	"5d2.6s2"	"a 3F"	"4"	"5d2.(a 3F).6s.(a 4F).6p"	"z 5G*"	"5"		""	"L21976,L16323"	
"545.6542"	"545.65380"	"100"	""		"15673.341"	"33994.8879"	"5d3.(b 4F).6s"	"a 5F"	"3"	"5d2.(a 1G).6s.(a 2G).6p"	"w 3F*"	"2"		""	"L16323"	
"546.3310"	"546.3300"	"2200"	""		"18224.981"	"36523.852"	"5d.6s2.(a 2D).6p"	"z 3F*"	"4"	"5d3.(2D).6s"	"b 3D"	"3"		""	"L16323"	
"546.5730"	"546.57129"	"290"	""		"23448.6227"	"41739.415"	"5d2.(a 3F).6s.(a 4F).6p"	"z 5F*"	"3"	"5d4"	"a 5D"	"3"		""	"L16323"	
"546.7320"	"546.73017"	"150"	""		"20908.462"	"39193.9390"	"5d3.(b 4P).6s"	"a 5P"	"2"	"5d2.(b 1D).6s.(b 2D).6p"	"v 3D*"	"3"		""	"L16323"	
"546.8660"	"546.86557"	"15"	""		"31342.5275"	"49623.477"	"5d2.(a 3P).6s.(a 4P).6p"	"y 5D*"	"3"	""	"4962"	"4"		""	"L16323"	
"547.0149"	"547.01452"	"87"	""		"15673.341"	"33949.313"	"5d3.(b 4F).6s"	"a 5F"	"3"	"5d2.(a 3F).6s.(a 2F).6p"	"x 3F*"	"3"		""	"L16323"	
"547.0660"	"547.0665"	"15"	""		"33121.5094"	"51395.746"	"5d2.(a 3P).6s.(a 4P).6p"	"z 5P*"	"2"	""	"5140"	"3"		""	"L16323"	
"547.1290"	"547.12913"	"44"	""		"30733.2723"	"49005.416"	"5d2.(a 3F).6s.(a 4F).6p"	"y 3F*"	"4"	"5d2.(3F).6s.(a 2F).7s"	"i 3F"	"4"		""	"L16323"	
"548.0633"	"548.0641"	"29"	""		"31952.2928"	"50193.266"	"5d2.(a 3P).6s.(a 4P).6p"	"z 5P*"	"1"	""	"5019"	"2"		""	"L16323"	
"548.0830"	""	"14"	""		""	""	""	""	""	""	""	""		""	"L16323"	
"548.5778"	"548.57722"	"110"	""		"29996.8513"	"48220.762"	"5d2.(a 3F).6s.(a 4F).6p"	"y 3D*"	"3"	"5d4"	"h 3F"	"4"		""	"L16323"	
"548.6120"	""	"29"	""		""	""	""	""	""	""	""	""		""	"L16323"	
"548.6720"	"548.6724"	"14"	""		"26918.146"	"45138.894"	"5d3.(b 2P).6s"	"c 3P"	"1"	""	"4514*"	"2"		""	"L16323"	
"548.8400"	"548.8397"	"43"	""		"27149.6642"	"45364.860"	"5d2.(a 3F).6s.(a 4F).6p"	"y 3F*"	"2"	"6p2.(3P).5d.(4P).6s"	"b 5P"	"3"		""	"L16323"	
"548.8870"	"548.8867"	"29"	""		"31054.653"	"49268.290"	"5d3.(b 2F).6s"	"c 3F"	"3"	"5d3.(b 2G).6p"	"y 3H*"	"4"		""	"L16323"	
"549.0480"	""	"14"	""		""	""	""	""	""	""	""	""		""	"L16323"	
"549.1870"	"549.1875"	"14"	""		"30977.0338"	"49180.692"	"5d2.(a 3F).6s.(a 4F).6p"	"z 3G*"	"5"	"5d4"	"b 3H"	"5"		""	"L16323"	
"549.2287"	"549.22795"	"43"	""		"29752.8870"	"47955.206"	"5d2.(a 3P).6s.(a 4P).6p"	"y 5D*"	"2"	"6p2.(1S).5d.(2D).6s"	"g 3D"	"2"		""	"L16323"	
"549.2560"	"549.2603"	"14"	""		"30977.0338"	"49178.282?"	"5d2.(a 3F).6s.(a 4F).6p"	"z 3G*"	"5"	"5d4"	"5F?"	"5"		""	"L16323"	
"549.289"	"549.2866"	"14"	""		"28047.9411"	"46248.316"	"5d2.(a 3P).6s.(a 4P).6p"	"z 3S*"	"1"	""	"4625"	"0"		""	"L16323"	
"549.4540"	"549.45333"	"29"	""		"27533.7873"	"45728.640"	"5d2.(a 3P).6s.(a 4P).6p"	"y 5D*"	"1"	"5d2.(3P).6s.(a 4P).7s"	"e 3P"	"2"		""	"L16323"	
"549.7301"	"549.72830"	"710"	""		"22450.5521"	"40636.304"	"5d2.(a 3F).6s.(a 4F).6p"	"z 5F*"	"2"	"6p2.(3P).5d.(4F).6s"	"c 5F"	"2"		""	"L16323"	
"549.8700"	"549.87015"	"14"	""		"31610.8213"	"49791.882"	"5d2.(a 3F).6s.(a 2F).6p"	"y 1D*"	"2"	""	"4979"	"3"		""	"L16323"	
"550.1010"	""	"14"	""		""	""	""	""	""	""	""	""		""	"L16323"	
"550.1530"	"550.15289"	"57"	""		"28790.2720"	"46961.989"	"5d2.(a 3F).6s.(a 4F).6p"	"y 3D*"	"1"	"6p2.(1D).5d.(2F).6s"	"g 3F"	"2"		""	"L16323"	
"550.2630"	"550.26257"	"140"	""		"22450.5521"	"40618.647"	"5d2.(a 3F).6s.(a 4F).6p"	"z 5F*"	"2"	"5d4"	"a 5D"	"1"		""	"L16323"	
"550.3294"	"550.32909"	"280"	"4.e+04"	E	"8983.7652"	"27149.6642"	"5d2.6s2"	"a 3P"	"2"	"5d2.(a 3F).6s.(a 4F).6p"	"y 3F*"	"2"		"T5346"	"L16323"	
"550.6200"	""	"14"	""		""	""	""	""	""	""	""	""		""	"L16323"	
"551.0116"	"551.01144"	"850"	""		"0.0000"	"18143.4034"	"5d2.6s2"	"a 3F"	"2"	"5d.6s2.(a 2D).6p"	"z 3P*"	"1"		""	"L21976,L16323"	
"551.0436"	"551.0441"	"570"	""		"18381.5234"	"36523.852"	"5d.6s2.(a 2D).6p"	"z 3D*"	"3"	"5d3.(2D).6s"	"b 3D"	"3"		""	"L16323"	
"551.2302"	"551.22997"	"140"	""		"30733.2723"	"48869.483"	"5d2.(a 3F).6s.(a 4F).6p"	"y 3F*"	"4"	"5d4"	"h 3F"	"3"		""	"L16323"	
"551.3280"	"551.32903"	"14"	""		"27516.4201"	"45649.372"	"5d2.(a 3F).6s.(a 4F).6p"	"z 5D*"	"4"	"6p2.(3P).5d.(2F).6s"	"f 3F"	"3"		""	"L16323"	
"551.3970"	""	"14"	""		""	""	""	""	""	""	""	""		""	"L16323"	
"551.6750"	"551.6755"	"14"	""		"29752.8870"	"47874.451"	"5d2.(a 3P).6s.(a 4P).6p"	"y 5D*"	"2"	"6p2.(1D).5d.(2D).6s"	"f 3D"	"1"		""	"L16323"	
"551.7090"	"551.70830"	"28"	""		"27149.6642"	"45270.151"	"5d2.(a 3F).6s.(a 4F).6p"	"y 3F*"	"2"	"5d2.(3P).6s.(a 4P).7s"	"e 3P"	"1"		""	"L16323"	
"551.7730"	""	"14"	""		""	""	""	""	""	""	""	""		""	"L16323"	
"551.8443"	"551.8448"	"140"	""		"25678.643"	"43794.647"	"5d3.(2H).6s"	"a 3H"	"4"	"5d3.(b 2G).6p"	"x 1G*"	"4"		""	"L16323"	
"552.0010"	"552.0014"	"140"	""		"16163.3602"	"34274.227"	"5d.6s2.(a 2D).6p"	"z 3D*"	"2"	"5d3.(b 2F).6s"	"a 1F"	"3"		""	"L16323"	
"552.1750"	"552.1752"	"70"	""		"21738.7225"	"39843.886"	"5d2.(a 3F).6s.(a 4F).6p"	"z 5F*"	"1"	"5d4"	"a 5D"	"0"		""	"L16323"	
"552.2554"	""	"280"	""		""	""	""	""	""	""	""	""		""	"L16323"	
"552.2840"	""	"14"	""		""	""	""	""	""	""	""	""		""	"L16323"	
"552.3550"	"552.35504"	"42"	""		"29246.6760"	"47345.946"	"5d2.(a 3F).6s.(a 4F).6p"	"z 3G*"	"4"	"6p2.(1D).5d.(2G).6s"	"b 3G"	"3"		""	"L16323"	
"552.4950"	"552.4930"	"140*"	""		"23327.739"	"41422.491"	"5d3.(b 4F).6s"	"b 3F"	"2"	"5d3.(b 4F).6p"	"y 5G*"	"3"		""	"L16323"	
"552.4950"	"552.49581"	"140*"	""		"23644.7563"	"41739.415"	"5d.6s2.(a 2D).6p"	"z 1F*"	"3"	"5d4"	"a 5D"	"3"		""	"L16323"	
"552.5010"	"552.5024"	"140"	""		"28583.7248"	"46678.167"	"5d2.(a 3F).6s.(a 4F).6p"	"z 3G*"	"3"	"6p2.(1D).5d.(2F).6s"	"g 3F"	"4"		""	"L16323"	
"552.5631"	"552.56325"	"98"	""		"17901.320"	"35993.7702"	"5d3.(b 4F).6s"	"a 5F"	"5"	"5d2.(a 3F).6s.(a 2F).6p"	"y 3G*"	"5"		""	"L16323"	
"552.9010"	"552.8992"	"280"	""		"24085.183"	"42166.64?"	"5d3.(b 2G).6s"	"a 3G"	"5"	"5d2.(a 1G).6s.(a 2G).6p"	"z 1H*"	"5"		""	"L16323"	
"553.0268"	"553.0267"	"420"	""		"22880.262"	"40957.550"	"5d3.(b 2G).6s"	"a 3G"	"3"	"5d3.(b 4F).6p"	"y 5G*"	"2"		""	"L16323"	
"553.1190"	"553.11869"	"14"	""		"27654.3580"	"45728.640"	"5d2.(a 3F).6s.(a 4F).6p"	"y 3F*"	"3"	"5d2.(3P).6s.(a 4P).7s"	"e 3P"	"2"		""	"L16323"	
"553.1334"	"553.1337"	"70"	""		"14017.827"	"32091.617"	"5d.6s2.(a 2D).6p"	"z 3D*"	"1"	"5d3.(b 2P).6s"	"a 1P"	"1"		""	"L16323"	
"553.2230"	""	"70"	""		""	""	""	""	""	""	""	""		""	"L16323"	
"553.4638"	"553.46392"	"110"	""		"22450.5521"	"40513.560"	"5d2.(a 3F).6s.(a 4F).6p"	"z 5F*"	"2"	"5d.6s2.(a 2D).7s"	"d 3D"	"2"		""	"L16323"	
"553.5310"	""	"14"	""		""	""	""	""	""	""	""	""		""	"L16323"	
"553.5470"	""	"28"	""		""	""	""	""	""	""	""	""		""	"L16323"	
"553.8023"	"553.8019"	"2800"	""		"21738.7225"	"39790.707"	"5d2.(a 3F).6s.(a 4F).6p"	"z 5F*"	"1"	"6p2.(3P).5d.(4F).6s"	"c 5F"	"1"		""	"L16323"	
"553.8275"	"553.82732"	"2100"	"3.0e+05"	C	"10532.5690"	"28583.7248"	"5d2.6s2"	"a 1G"	"4"	"5d2.(a 3F).6s.(a 4F).6p"	"z 3G*"	"3"		"T5346"	"L16323"	
"553.8559"	"553.85654"	"280"	""		"21738.7225"	"39788.926"	"5d2.(a 3F).6s.(a 4F).6p"	"z 5F*"	"1"	"5d2.(3F).6s.(a 4F).7s"	"b 5F"	"2"		""	"L16323"	
"553.9510"	""	"14"	""		""	""	""	""	""	""	""	""		""	"L16323"	
"554.1030"	""	"14"	""		""	""	""	""	""	""	""	""		""	"L16323"	
"554.1920"	"554.19142"	"210"	""		"16766.637"	"34805.9335"	"5d3.(b 4F).6s"	"a 5F"	"4"	"5d2.(a 1G).6s.(a 2G).6p"	"z 3H*"	"4"		""	"L16323"	
"554.5260"	"554.52693"	"14"	""		"30977.0338"	"49005.416"	"5d2.(a 3F).6s.(a 4F).6p"	"z 3G*"	"5"	"5d2.(3F).6s.(a 2F).7s"	"i 3F"	"4"		""	"L16323"	
"554.5609"	"554.56203"	"55"	""		"23448.6227"	"41475.864"	"5d2.(a 3F).6s.(a 4F).6p"	"z 5F*"	"3"	"6p2.(3P).5d.(4F).6s"	"c 5F"	"3"		""	"L16323"	
"554.8127"	"554.8128"	"120"	""		"10508.904"	"28527.998"	"5d.6s2.(a 2D).6p"	"z 1D*"	"2"	"5d3.(b 4P).6s"	"b 3P"	"1"		""	"L16323"	
"555.0610"	"555.06011"	"14000"	"6.20e+05"	B	"0.0000"	"18011.0647"	"5d2.6s2"	"a 3F"	"2"	"5d2.(a 3F).6s.(a 4F).6p"	"z 5G*"	"2"		"T5346"	"L21976,L16323"	
"555.2128"	"555.211884"	"14000"	"1.37e+06"	B	"5638.6151"	"23644.7563"	"5d2.6s2"	"a 1D"	"2"	"5d.6s2.(a 2D).6p"	"z 1F*"	"3"		"T5346"	"L21976,L16323"	
"556.1690"	""	"41"	""		""	""	""	""	""	""	""	""		""	"L16323"	
"556.1770"	""	"27"	""		""	""	""	""	""	""	""	""		""	"L16323"	
"556.319"	"556.3212"	"41"	""		"33538.1620"	"51508.399"	"5d2.(a 3F).6s.(a 2F).6p"	"x 3F*"	"2"	""	"5151"	"2"		""	"L16323"	
"556.332"	"556.3368"	"27"	""		"33121.5094"	"51091.243"	"5d2.(a 3P).6s.(a 4P).6p"	"z 5P*"	"2"	""	"5109"	"1"		""	"L16323"	
"556.6870"	"556.68930"	"27"	""		"29996.8513"	"47955.206"	"5d2.(a 3F).6s.(a 4F).6p"	"y 3D*"	"3"	"6p2.(1S).5d.(2D).6s"	"g 3D"	"2"		""	"L16323"	
"556.7220"	""	"14"	""		""	""	""	""	""	""	""	""		""	"L16323"	
"556.8440"	"556.8448"	"27"	""		"33137.904"	"51091.243"	"5d2.(a 3P).6s.(a 4P).6p"	"x 3D*"	"1"	""	"5109"	"1"		""	"L16323"	
"556.8760"	""	"14"	""		""	""	""	""	""	""	""	""		""	"L16323"	
"556.9610"	"556.9624"	"41"	""		"29752.8870"	"47702.436"	"5d2.(a 3P).6s.(a 4P).6p"	"y 5D*"	"2"	"6p2.(1D).5d.(2D).6s"	"f 1D"	"2"		""	"L16323"	
"557.2300"	"557.2322"	"54"	""		"27533.7873"	"45474.645"	"5d2.(a 3P).6s.(a 4P).6p"	"y 5D*"	"1"	"6p2.(3P).5d.(4P).6s"	"f 3P"	"1"		""	"L16323"	
"557.3529"	"557.3533"	"81"	""		"25194.5090"	"43131.468"	"5d2.(a 3F).6s.(a 4F).6p"	"z 5D*"	"1"	"5d.6s.6p2"	"5D"	"0"		""	"L16323"	
"557.5158"	"557.5168"	"110"	""		"27516.4201"	"45448.119"	"5d2.(a 3F).6s.(a 4F).6p"	"z 5D*"	"4"	"5d.6s2.6d"	"3G"	"5"		""	"L16323"	
"557.5857"	"557.5853"	"2700"	""		"26202.5501"	"44132.048"	"5d2.(a 3F).6s.(a 4F).6p"	"z 5F*"	"5"	"5d2.(3F).6s.(a 4F).7s"	"b 5F"	"5"		""	"L16323"	
"557.8008"	"557.8012"	"200"	""		"23252.852"	"41175.411"	"5d3.(b 2G).6s"	"a 3G"	"4"	"5d3.(b 2G).6p"	"u 3F*"	"4"		""	"L16323"	
"557.8350"	""	"13"	""		""	""	""	""	""	""	""	""		""	"L16323"	
"557.9900"	""	"13"	""		""	""	""	""	""	""	""	""		""	"L16323"	
"558.0148"	"558.01554"	"110"	""		"28267.4366"	"46183.110"	"5d2.(a 3F).6s.(a 4F).6p"	"y 3D*"	"2"	"5d.6s2.(a 2D).7s"	"e 1D"	"2"		""	"L16323"	
"558.0690"	"558.0678"	"13"	""		"28267.4366"	"46181.433"	"5d2.(a 3F).6s.(a 4F).6p"	"y 3D*"	"2"	""	"4618"	"3"		""	"L16323"	
"558.1450"	"558.14533"	"120"	""		"26463.9649"	"44375.472"	"5d.6s2.(a 2D).6p"	"z 1P*"	"1"	"6p2.(3P).5d.(2P).6s"	"d 3P"	"2"		""	"L16323"	
"558.3934"	"558.39354"	"130"	""		"29401.4784"	"47305.024"	"5d2.(a 3P).6s.(a 4P).6p"	"y 3P*"	"2"	"6p2.(1D).5d.(2D).6s"	"f 3D"	"2"		""	"L16323"	
"558.5013"	"558.5019"	"27"	""		"29996.8513"	"47896.924"	"5d2.(a 3F).6s.(a 4F).6p"	"y 3D*"	"3"	"6p2.(1S).5d.(2D).6s"	"g 3D"	"3"		""	"L16323"	
"558.9540"	"558.9544"	"13"	""		"24785.2649"	"42670.846"	"5d2.(a 3F).6s.(a 4F).6p"	"z 5F*"	"4"	"6p2.(3P).5d.(4F).6s"	"c 5F"	"4"		""	"L16323"	
"559.4980"	""	"13"	""		""	""	""	""	""	""	""	""		""	"L16323"	
"559.5600"	"559.5606"	"67"	""		"23327.739"	"41193.944"	"5d3.(b 4F).6s"	"b 3F"	"2"	"5d2.(a 3P).6s.(a 2P).6p"	"w 3P*"	"1"		""	"L16323"	
"559.573"	"559.5752"	"40*"	""		"30733.2723"	"48599.011"	"5d2.(a 3F).6s.(a 4F).6p"	"y 3F*"	"4"	"5d4"	"c 3G"	"3"		""	"L16323"	
"559.573"	"559.5755"	"40*"	""		"29246.6760"	"47112.405"	"5d2.(a 3F).6s.(a 4F).6p"	"z 3G*"	"4"	"6p2.(1D).5d.(2D).6s"	"f 3D"	"3"		""	"L16323"	
"559.7546"	"559.75504"	"110"	""		"14092.2938"	"31952.2928"	"5d3.(b 4F).6s"	"a 5F"	"1"	"5d2.(a 3P).6s.(a 4P).6p"	"z 5P*"	"1"		""	"L16323"	
"559.9080"	"559.90851"	"66"	""		"25634.2234"	"43489.327"	"5d2.(a 3F).6s.(a 4F).6p"	"z 5D*"	"2"	"5d2.(3F).6s.(a 4F).7s"	"d 3F"	"3"		""	"L16323"	
"559.9420"	"559.94180"	"13"	""		"28583.7248"	"46437.767"	"5d2.(a 3F).6s.(a 4F).6p"	"z 3G*"	"3"	"6p2.(3P).5d.(4P).6s"	"f 3P"	"2"		""	"L16323"	
"560.0192"	"560.01972"	"80"	""		"14092.2938"	"31943.8516"	"5d3.(b 4F).6s"	"a 5F"	"1"	"5d2.(a 3P).6s.(a 4P).6p"	"z 5S*"	"2"		""	"L16323"	
"560.0762"	"560.07612"	"800"	""		"23448.6227"	"41298.383"	"5d2.(a 3F).6s.(a 4F).6p"	"z 5F*"	"3"	"5d2.(3F).6s.(a 4F).7s"	"d 3F"	"2"		""	"L16323"	
"560.115"	"560.1145"	"40*"	""		"31943.3435"	"49791.882"	"5d2.(a 3P).6s.(a 4P).6p"	"y 5D*"	"4"	""	"4979"	"3"		""	"L16323"	
"560.115"	"560.1176"	"40*"	""		"27516.4201"	"45364.860"	"5d2.(a 3F).6s.(a 4F).6p"	"z 5D*"	"4"	"6p2.(3P).5d.(4P).6s"	"b 5P"	"3"		""	"L16323"	
"560.2030"	""	"13"	""		""	""	""	""	""	""	""	""		""	"L16323"	
"560.6070"	"560.6088"	"13"	""		"31119.208"	"48952.008"	"5d3.(c 2D).6s"	"b 1D"	"2"	"5d3.(b 4P).6p"	"y 5P*"	"2"		""	"L16323"	
"560.6613"	"560.66200"	"260"	""		"23644.7563"	"41475.864"	"5d.6s2.(a 2D).6p"	"z 1F*"	"3"	"6p2.(3P).5d.(4F).6s"	"c 5F"	"3"		""	"L16323"	
"560.9050"	"560.9058"	"26"	""		"20328.402"	"38151.761"	"5d2.6s2"	"1S"	"0"	"5d2.(b 1D).6s.(b 2D).6p"	"x 3P*"	"1"		""	"L16323"	
"560.9380"	"560.9396"	"26"	""		"33949.313"	"51771.598"	"5d2.(a 3F).6s.(a 2F).6p"	"x 3F*"	"3"	""	"5177"	"2"		""	"L16323"	
"561.1610"	""	"79"	""		""	""	""	""	""	""	""	""		""	"L16323"	
"561.3259"	"561.326246"	"5300"	""		"5638.6151"	"23448.6227"	"5d2.6s2"	"a 1D"	"2"	"5d2.(a 3F).6s.(a 4F).6p"	"z 5F*"	"3"		""	"L21976,L16323"	
"561.4004"	"561.4006"	"1100"	""		"21738.7225"	"39546.371"	"5d2.(a 3F).6s.(a 4F).6p"	"z 5F*"	"1"	"5d.6s2.(a 2D).7s"	"d 3D"	"1"		""	"L16323"	
"561.5630"	""	"26"	""		""	""	""	""	""	""	""	""		""	"L16323"	
"561.5840"	""	"13"	""		""	""	""	""	""	""	""	""		""	"L16323"	
"561.8570"	"561.8571"	"26"	""		"31610.8213"	"49404.001"	"5d2.(a 3F).6s.(a 2F).6p"	"y 1D*"	"2"	""	"4940"	"2"		""	"L16323"	
"562.4450"	""	"13"	""		""	""	""	""	""	""	""	""		""	"L16323"	
"562.5660"	""	"13"	""		""	""	""	""	""	""	""	""		""	"L16323"	
"562.8293"	"562.82967"	"520"	""		"23448.6227"	"41211.057"	"5d2.(a 3F).6s.(a 4F).6p"	"z 5F*"	"3"	"5d4"	"a 5D"	"2"		""	"L16323"	
"563.0100"	""	"13"	""		""	""	""	""	""	""	""	""		""	"L16323"	
"563.1130"	"563.1131"	"13"	""		"33137.904"	"50891.397"	"5d2.(a 3P).6s.(a 4P).6p"	"x 3D*"	"1"	""	"5089"	"2"		""	"L16323"	
"563.1550"	"563.1535"	"39"	""		"33139.1776"	"50891.397"	"5d2.(a 3P).6s.(a 4P).6p"	"z 5P*"	"3"	""	"5089"	"2"		""	"L16323"	
"563.2840"	"563.2842"	"39"	""		"26715.403"	"44463.504"	"5d3.(c 2D).6s"	"a 3D"	"3"	"5d3.(b 4P).6p"	"t 3D*"	"3"		""	"L16323"	
"563.3020"	""	"26"	""		""	""	""	""	""	""	""	""		""	"L16323"	
"563.3450"	"563.34552"	"260"	""		"19292.6984"	"37038.868"	"5d2.(a 3F).6s.(a 4F).6p"	"z 5G*"	"3"	"5d3.(2D).6s"	"b 3D"	"2"		""	"L16323"	
"563.3950"	""	"130"	""		""	""	""	""	""	""	""	""		""	"L16323"	
"563.4450"	""	"39h"	""		""	""	""	""	""	""	""	""		""	"L16323"	
"563.5810"	""	"26h"	""		""	""	""	""	""	""	""	""		""	"L16323"	
"563.592"	"563.5944"	"26h"	""		"30146.412"	"47884.746"	"5d3.(b 4P).6s"	"b 3P"	"2"	""	"4788*"	"3"		""	"L16323"	
"563.7555"	"563.7575"	"26"	""		"27654.3580"	"45387.560"	"5d2.(a 3F).6s.(a 4F).6p"	"y 3F*"	"3"	"6p2.(3P).5d.(4F).6s"	"e 3F"	"4"		""	"L16323"	
"563.8510"	"563.8522"	"13"	""		"30146.412"	"47876.636"	"5d3.(b 4P).6s"	"b 3P"	"2"	"5d3.(b 4P).6p"	"y 5P*"	"1"		""	"L16323"	
"564.1390"	"564.1406"	"13"	""		"27533.7873"	"45254.947"	"5d2.(a 3P).6s.(a 4P).6p"	"y 5D*"	"1"	"6p2.(3P).5d.(4P).6s"	"b 5P"	"2"		""	"L16323"	
"564.2650"	"564.26553"	"13"	""		"31943.3435"	"49660.579"	"5d2.(a 3P).6s.(a 4P).6p"	"y 5D*"	"4"	""	"4966"	"3"		""	"L16323"	
"564.4670"	"564.4665"	"390"	""		"29401.4784"	"47112.405"	"5d2.(a 3P).6s.(a 4P).6p"	"y 3P*"	"2"	"6p2.(1D).5d.(2D).6s"	"f 3D"	"3"		""	"L16323"	
"564.5610"	""	"39"	""		""	""	""	""	""	""	""	""		""	"L16323"	
"564.8563"	"564.85737"	"64"	""		"28583.7248"	"46282.397"	"5d2.(a 3F).6s.(a 4F).6p"	"z 3G*"	"3"	"6p2.(3P).5d.(2F).6s"	"f 3F"	"4"		""	"L16323"	
"564.9229"	"564.92350"	"26"	""		"28583.7248"	"46280.325"	"5d2.(a 3F).6s.(a 4F).6p"	"z 3G*"	"3"	"6p2.(1D).5d.(2F).6s"	"g 3F"	"3"		""	"L16323"	
"565.0811"	"565.08189"	"640"	""		"10508.904"	"28200.544"	"5d.6s2.(a 2D).6p"	"z 1D*"	"2"	"5d3.(b 2P).6s"	"c 3P"	"2"		""	"L16323"	
"565.4645"	"565.46346"	"1000"	""		"22450.5521"	"40130.254"	"5d2.(a 3F).6s.(a 4F).6p"	"z 5F*"	"2"	"6p2.(3P).5d.(2D).6s"	"d 1D"	"2"		""	"L16323"	
"566.0970"	"566.0978"	"13"	""		"32533.3746"	"50193.266"	"5d2.(a 3F).6s.(a 2F).6p"	"y 3G*"	"3"	""	"5019"	"2"		""	"L16323"	
"566.2078"	"566.2072"	"510"	""		"14435.138"	"32091.617"	"5d.6s2.(a 2D).6p"	"z 3F*"	"2"	"5d3.(b 2P).6s"	"a 1P"	"1"		""	"L16323"	
"566.2982"	"566.29869"	"250"	""		"23644.7563"	"41298.383"	"5d.6s2.(a 2D).6p"	"z 1F*"	"3"	"5d2.(3F).6s.(a 4F).7s"	"d 3F"	"2"		""	"L16323"	
"566.4824"	"566.4836"	"51"	""		"28200.544"	"45848.407"	"5d3.(b 2P).6s"	"c 3P"	"2"	""	"4585*"	"2"		""	"L16323"	
"566.8716"	"566.8706"	"250"	""		"26202.5501"	"43838.365"	"5d2.(a 3F).6s.(a 4F).6p"	"z 5F*"	"5"	"6p2.(3P).5d.(4D).6s"	"b 5D"	"4"		""	"L16323"	
"567.7210"	"567.7208"	"100"	""		"29996.8513"	"47606.258"	"5d2.(a 3F).6s.(a 4F).6p"	"y 3D*"	"3"	"6p2.(1D).5d.(2G).6s"	"b 1G"	"4"		""	"L16323"	
"567.9553"	"567.9545"	"380"	""		"14017.827"	"31619.988"	"5d.6s2.(a 2D).6p"	"z 3D*"	"1"	"5d3.(b 2F).6s"	"c 3F"	"2"		""	"L16323"	
"568.0444"	"568.04404"	"130"	""		"28583.7248"	"46183.110"	"5d2.(a 3F).6s.(a 4F).6p"	"z 3G*"	"3"	"5d.6s2.(a 2D).7s"	"e 1D"	"2"		""	"L16323"	
"568.1110"	"568.1100"	"50"	""		"31943.3435"	"49540.685"	"5d2.(a 3P).6s.(a 4P).6p"	"y 5D*"	"4"	"5d4"	"c 3G"	"5"		""	"L16323"	
"568.2340"	"568.2330"	"25"	""		"26943.983"	"44537.517"	"5d3.(2H).6s"	"a 3H"	"6"	"5d3.(b 4F).6p"	"y 5G*"	"5"		""	"L16323"	
"568.2470"	"568.24831"	"13"	""		"29752.8870"	"47345.946"	"5d2.(a 3P).6s.(a 4P).6p"	"y 5D*"	"2"	"6p2.(1D).5d.(2G).6s"	"b 3G"	"3"		""	"L16323"	
"568.3738"	"568.3732"	"50"	""		"25281.843"	"42871.036"	"5d3.(b 4F).6s"	"b 3F"	"3"	"5d3.(b 4F).6p"	"y 5G*"	"4"		""	"L16323"	
"568.4807"	"568.48026"	"190"	""		"30733.2723"	"48319.153"	"5d2.(a 3F).6s.(a 4F).6p"	"y 3F*"	"4"	""	"4832"	"3"		""	"L16323"	
"568.6180"	""	"13"	""		""	""	""	""	""	""	""	""		""	"L16323"	
"568.8120"	"568.8112"	"190"	""		"24785.2649"	"42360.915"	"5d2.(a 3F).6s.(a 4F).6p"	"z 5F*"	"4"	"6p2.(3P).5d.(4D).6s"	"e 3D"	"3"		""	"L16323"	
"569.0410"	""	"12"	""		""	""	""	""	""	""	""	""		""	"L16323"	
"569.0580"	""	"12"	""		""	""	""	""	""	""	""	""		""	"L16323"	
"569.1150"	"569.11391"	"12"	""		"23644.7563"	"41211.057"	"5d.6s2.(a 2D).6p"	"z 1F*"	"3"	"5d4"	"a 5D"	"2"		""	"L16323"	
"569.1914"	"569.1909"	"37"	""		"31342.5275"	"48906.452"	"5d2.(a 3P).6s.(a 4P).6p"	"y 5D*"	"3"	"5d4"	"h 3D"	"2"		""	"L16323"	
"569.272"	"569.2697"	"12*"	""		"33994.7455"	"51556.239"	"5d2.(a 3F).6s.(a 2F).6p"	"y 3G*"	"4"	""	"5156"	"3"		""	"L16323"	
"569.272"	"569.2743"	"12*"	""		"33994.8879"	"51556.239"	"5d2.(a 1G).6s.(a 2G).6p"	"w 3F*"	"2"	""	"5156"	"3"		""	"L16323"	
"569.3020"	"569.30156"	"50"	""		"29401.4784"	"46961.989"	"5d2.(a 3P).6s.(a 4P).6p"	"y 3P*"	"2"	"6p2.(1D).5d.(2F).6s"	"g 3F"	"2"		""	"L16323"	
"569.4340"	"569.4336"	"62"	""		"29752.8870"	"47309.327"	"5d2.(a 3P).6s.(a 4P).6p"	"y 5D*"	"2"	"6p2.(1D).5d.(2P).6s"	"g 3P"	"1"		""	"L16323"	
"569.5732"	"569.57316"	"99"	""		"29752.8870"	"47305.024"	"5d2.(a 3P).6s.(a 4P).6p"	"y 5D*"	"2"	"6p2.(1D).5d.(2D).6s"	"f 3D"	"2"		""	"L16323"	
"569.7250"	"569.7240"	"190"	""		"21738.7225"	"39286.213"	"5d2.(a 3F).6s.(a 4F).6p"	"z 5F*"	"1"	"5d2.(3F).6s.(a 4F).7s"	"b 5F"	"1"		""	"L16323"	
"569.9460"	"569.9471"	"50"	""		"20784.857"	"38325.477"	"5d3.(b 4P).6s"	"a 5P"	"1"	"5d2.(b 1D).6s.(b 2D).6p"	"v 3D*"	"2"		""	"L16323"	
"570.0820"	"570.0818"	"12"	""		"29401.4784"	"46937.955"	"5d2.(a 3P).6s.(a 4P).6p"	"y 3P*"	"2"	"5d2.(3P).6s.(a 4P).7s"	"c 5P"	"1"		""	"L16323"	
"570.1110"	""	"50"	""		""	""	""	""	""	""	""	""		""	"L16323"	
"570.2100"	"570.2093"	"250"	""		"26305.8081"	"43838.365"	"5d2.(a 3F).6s.(a 4F).6p"	"z 5D*"	"3"	"6p2.(3P).5d.(4D).6s"	"b 5D"	"4"		""	"L16323"	
"570.395"	"570.39149"	"25h"	""		"31342.5275"	"48869.483"	"5d2.(a 3P).6s.(a 4P).6p"	"y 5D*"	"3"	"5d4"	"h 3F"	"3"		""	"L16323"	
"570.6640"	"570.66591"	"62"	""		"14092.2938"	"31610.8213"	"5d3.(b 4F).6s"	"a 5F"	"1"	"5d2.(a 3F).6s.(a 2F).6p"	"y 1D*"	"2"		""	"L16323"	
"570.6850"	""	"25"	""		""	""	""	""	""	""	""	""		""	"L16323"	
"570.8380"	""	"120"	""		""	""	""	""	""	""	""	""		""	"L16323"	
"571.3267"	"571.32532"	"1200"	""		"24785.2649"	"42283.573"	"5d2.(a 3F).6s.(a 4F).6p"	"z 5F*"	"4"	"5d2.(3F).6s.(a 4F).7s"	"b 5F"	"4"		""	"L16323"	
"571.9175"	"571.91718"	"7300"	"4.9e+06"	C+	"8983.7652"	"26463.9649"	"5d2.6s2"	"a 3P"	"2"	"5d.6s2.(a 2D).6p"	"z 1P*"	"1"		"T5346"	"L21976,L16323"	
"572.1680"	"572.1697"	"37"	""		"28583.7248"	"46056.211"	"5d2.(a 3F).6s.(a 4F).6p"	"z 3G*"	"3"	"6p2.(3P).5d.(2F).6s"	"f 3F"	"2"		""	"L16323"	
"572.3880"	"572.38751"	"98*"	""		"15673.341"	"33139.1776"	"5d3.(b 4F).6s"	"a 5F"	"3"	"5d2.(a 3P).6s.(a 4P).6p"	"z 5P*"	"3"		""	"L16323"	
"572.3880"	"572.3896"	"98*"	""		"32533.3746"	"49999.148"	"5d2.(a 3F).6s.(a 2F).6p"	"y 3G*"	"3"	""	"5000"	"3"		""	"L16323"	
"572.4800"	"572.4813"	"73"	""		"27074.542"	"44537.517"	"5d3.(b 4F).6s"	"b 3F"	"4"	"5d3.(b 4F).6p"	"y 5G*"	"5"		""	"L16323"	
"572.9683"	"572.96712"	"240"	""		"15673.341"	"33121.5094"	"5d3.(b 4F).6s"	"a 5F"	"3"	"5d2.(a 3P).6s.(a 4P).6p"	"z 5P*"	"2"		""	"L16323"	
"573.4130"	"573.41210"	"120"	""		"2356.6756"	"19791.3040"	"5d2.6s2"	"a 3F"	"3"	"5d.6s2.(a 2D).6p"	"z 3P*"	"2"		""	"L16323"	
"573.4514"	"573.44973"	"610"	""		"23448.6227"	"40882.107"	"5d2.(a 3F).6s.(a 4F).6p"	"z 5F*"	"3"	"5d2.(3F).6s.(a 4F).7s"	"b 5F"	"3"		""	"L16323"	
"573.5610"	""	"24"	""		""	""	""	""	""	""	""	""		""	"L16323"	
"573.5986"	"573.59852"	"110"	""		"27654.3580"	"45083.320"	"5d2.(a 3F).6s.(a 4F).6p"	"y 3F*"	"3"	"6p2.(3P).5d.(2F).6s"	"b 1F"	"3"		""	"L16323"	
"573.6320"	""	"12"	""		""	""	""	""	""	""	""	""		""	"L16323"	
"573.6920"	"573.6932"	"85"	""		"25678.643"	"43104.728"	"5d3.(2H).6s"	"a 3H"	"4"	"5d2.(b 1D).6s.(b 2D).6p"	"v 3F*"	"3"		""	"L16323"	
"573.9915"	"573.9920"	"48"	""		"20908.462"	"38325.477"	"5d3.(b 4P).6s"	"a 5P"	"2"	"5d2.(b 1D).6s.(b 2D).6p"	"v 3D*"	"2"		""	"L16323"	
"574.0930"	"574.0930"	"12"	""		"33994.7455"	"51408.695"	"5d2.(a 3F).6s.(a 2F).6p"	"y 3G*"	"4"	""	"5141"	"5"		""	"L16323"	
"574.3490"	"574.3478"	"12"	""		"27533.7873"	"44940.013?"	"5d2.(a 3P).6s.(a 4P).6p"	"y 5D*"	"1"	"5d2.(3P).6s.(a 4P).7s"	"e 3P"	"0"		""	"L16323"	
"574.4217"	"574.4207"	"120*"	""		"31342.5275"	"48746.542"	"5d2.(a 3P).6s.(a 4P).6p"	"y 5D*"	"3"	"5d2.(3F).6s.(a 2F).7s"	"i 3F"	"3"		""	"L16323"	
"574.4217"	"574.4212"	"120*"	""		"31943.3435"	"49347.343"	"5d2.(a 3P).6s.(a 4P).6p"	"y 5D*"	"4"	""	"4935"	"3"		""	"L16323"	
"574.4370"	"574.4380"	"12"	""		"31943.8516"	"49347.343"	"5d2.(a 3P).6s.(a 4P).6p"	"z 5S*"	"2"	""	"4935"	"3"		""	"L16323"	
"574.512"	"574.5101"	"12"	""		"25084.172"	"42485.481"	"5d3.(c 2D).6s"	"a 3D"	"2"	"5d3.(b 4P).6p"	"t 3D*"	"1"		""	"L16323"	
"574.522"	"574.5202"	"24*"	""		"33994.7455"	"51395.746"	"5d2.(a 3F).6s.(a 2F).6p"	"y 3G*"	"4"	""	"5140"	"3"		""	"L16323"	
"574.522"	"574.5249"	"24*"	""		"33994.8879"	"51395.746"	"5d2.(a 1G).6s.(a 2G).6p"	"w 3F*"	"2"	""	"5140"	"3"		""	"L16323"	
"574.8720"	"574.8709"	"960"	""		"24785.2649"	"42175.652"	"5d2.(a 3F).6s.(a 4F).6p"	"z 5F*"	"4"	"5d4"	"a 5D"	"4"		""	"L16323"	
"575.1510"	"575.15040"	"36"	""		"28267.4366"	"45649.372"	"5d2.(a 3F).6s.(a 4F).6p"	"y 3D*"	"2"	"6p2.(3P).5d.(2F).6s"	"f 3F"	"3"		""	"L16323"	
"575.1718"	"575.1706"	"48"	""		"29401.4784"	"46782.803"	"5d2.(a 3P).6s.(a 4P).6p"	"y 3P*"	"2"	"6p2.(3P).5d.(2P).6s"	"b 1P"	"1"		""	"L16323"	
"575.2180"	"575.2171"	"36"	""		"30977.0338"	"48356.954"	"5d2.(a 3F).6s.(a 4F).6p"	"z 3G*"	"5"	"5d4"	"c 3G"	"4"		""	"L16323"	
"575.6510"	"575.6482"	"36"	""		"20784.857"	"38151.761"	"5d3.(b 4P).6s"	"a 5P"	"1"	"5d2.(b 1D).6s.(b 2D).6p"	"x 3P*"	"1"		""	"L16323"	
"575.683"	"575.6797"	"120"	""		"31342.5275"	"48708.483"	"5d2.(a 3P).6s.(a 4P).6p"	"y 5D*"	"3"	"5d4"	"5P?"	"2"		""	"L16323"	
"575.896"	"575.8931"	"120"	""		"29752.8870"	"47112.405"	"5d2.(a 3P).6s.(a 4P).6p"	"y 5D*"	"2"	"6p2.(1D).5d.(2D).6s"	"f 3D"	"3"		""	"L16323"	
"576.2410"	"576.23914"	"24"	""		"29996.8513"	"47345.946"	"5d2.(a 3F).6s.(a 4F).6p"	"y 3D*"	"3"	"6p2.(1D).5d.(2G).6s"	"b 3G"	"3"		""	"L16323"	
"576.5370"	"576.5362"	"470"	""		"22450.5521"	"39790.707"	"5d2.(a 3F).6s.(a 4F).6p"	"z 5F*"	"2"	"6p2.(3P).5d.(4F).6s"	"c 5F"	"1"		""	"L16323"	
"576.5960"	"576.59544"	"360"	""		"22450.5521"	"39788.926"	"5d2.(a 3F).6s.(a 4F).6p"	"z 5F*"	"2"	"5d2.(3F).6s.(a 4F).7s"	"b 5F"	"2"		""	"L16323"	
"577.1397"	"577.13906"	"180"	"1.3e+04"	E	"8983.7652"	"26305.8081"	"5d2.6s2"	"a 3P"	"2"	"5d2.(a 3F).6s.(a 4F).6p"	"z 5D*"	"3"		"T5346"	"L16323"	
"577.3330"	"577.3339"	"12"	""		"30733.2723"	"48049.468"	"5d2.(a 3F).6s.(a 4F).6p"	"y 3F*"	"4"	"5d2.(3F).6s.(a 2F).7s"	"d 1F"	"3"		""	"L16323"	
"577.4016"	"577.40059"	"94"	""		"22880.262"	"40194.4590"	"5d3.(b 2G).6s"	"a 3G"	"3"	"5d2.(b 1D).6s.(b 2D).6p"	"v 3F*"	"2"		""	"L16323"	
"577.4890"	"577.4898"	"35"	""		"25084.172"	"42395.693"	"5d3.(c 2D).6s"	"a 3D"	"2"	"5d2.(a 1G).6s.(a 2G).6p"	"w 1F*"	"3"		""	"L16323"	
"577.6000"	"577.60156"	"12"	""		"29996.8513"	"47305.024"	"5d2.(a 3F).6s.(a 4F).6p"	"y 3D*"	"3"	"6p2.(1D).5d.(2D).6s"	"f 3D"	"2"		""	"L16323"	
"577.8920"	""	"12"	""		""	""	""	""	""	""	""	""		""	"L16323"	
"578.4750"	""	"23h"	""		""	""	""	""	""	""	""	""		""	"L16323"	
"579.171"	"579.17535"	"120i"	""		"27516.4201"	"44777.562"	"5d2.(a 3F).6s.(a 4F).6p"	"z 5D*"	"4"	"5d2.(3F).6s.(a 4F).7s"	"d 3F"	"4"		""	"L16323c153"	
"579.4720"	"579.4715"	"120"	""		"31342.5275"	"48594.849"	"5d2.(a 3P).6s.(a 4P).6p"	"y 5D*"	"3"	""	"4859"	"2"		""	"L16323"	
"579.6329"	"579.63130"	"350"	""		"19791.3040"	"37038.868"	"5d.6s2.(a 2D).6p"	"z 3P*"	"2"	"5d3.(2D).6s"	"b 3D"	"2"		""	"L16323"	
"579.9760"	"579.97474"	"580"	""		"23644.7563"	"40882.107"	"5d.6s2.(a 2D).6p"	"z 1F*"	"3"	"5d2.(3F).6s.(a 4F).7s"	"b 5F"	"3"		""	"L16323"	
"580.0567"	"580.0559"	"46"	""		"31943.3435"	"49178.282?"	"5d2.(a 3P).6s.(a 4P).6p"	"y 5D*"	"4"	"5d4"	"5F?"	"5"		""	"L16323"	
"580.1830"	"580.1833"	"69"	""		"19292.6984"	"36523.852"	"5d2.(a 3F).6s.(a 4F).6p"	"z 5G*"	"3"	"5d3.(2D).6s"	"b 3D"	"3"		""	"L16323"	
"580.2880"	"580.28587"	"460"	""		"16766.637"	"33994.7455"	"5d3.(b 4F).6s"	"a 5F"	"4"	"5d2.(a 3F).6s.(a 2F).6p"	"y 3G*"	"4"		""	"L16323"	
"580.3640"	"580.36338"	"23"	""		"27149.6642"	"44375.472"	"5d2.(a 3F).6s.(a 4F).6p"	"y 3F*"	"2"	"6p2.(3P).5d.(2P).6s"	"d 3P"	"2"		""	"L16323"	
"580.4840"	"580.4846"	"12"	""		"28047.9411"	"45270.151"	"5d2.(a 3P).6s.(a 4P).6p"	"z 3S*"	"1"	"5d2.(3P).6s.(a 4P).7s"	"e 3P"	"1"		""	"L16323"	
"580.6280"	"580.6280"	"12"	""		"25084.172"	"42302.129"	"5d3.(c 2D).6s"	"a 3D"	"2"	"5d3.(b 2G).6p"	"u 3F*"	"2"		""	"L16323"	
"580.8428"	"580.84245"	"350"	""		"14740.6924"	"31952.2928"	"5d3.(b 4F).6s"	"a 5F"	"2"	"5d2.(a 3P).6s.(a 4P).6p"	"z 5P*"	"1"		""	"L16323"	
"580.9270"	"580.92677"	"57"	""		"29752.8870"	"46961.989"	"5d2.(a 3P).6s.(a 4P).6p"	"y 5D*"	"2"	"6p2.(1D).5d.(2F).6s"	"g 3F"	"2"		""	"L16323"	
"581.0260"	""	"23"	""		""	""	""	""	""	""	""	""		""	"L16323"	
"581.0580"	"581.0588"	"23"	""		"30733.2723"	"47938.463"	"5d2.(a 3F).6s.(a 4F).6p"	"y 3F*"	"4"	"5d2.(3P).6s.(a 4P).7s"	"c 5P"	"3"		""	"L16323"	
"581.1275"	"581.12746"	"170"	""		"14740.6924"	"31943.8516"	"5d3.(b 4F).6s"	"a 5F"	"2"	"5d2.(a 3P).6s.(a 4P).6p"	"z 5S*"	"2"		""	"L16323"	
"581.3140"	""	"11"	""		""	""	""	""	""	""	""	""		""	"L16323"	
"581.6499"	"581.65078"	"34"	""		"23448.6227"	"40636.304"	"5d2.(a 3F).6s.(a 4F).6p"	"z 5F*"	"3"	"6p2.(3P).5d.(4F).6s"	"c 5F"	"2"		""	"L16323"	
"581.7475"	"581.7466"	"910"	""		"14435.138"	"31619.988"	"5d.6s2.(a 2D).6p"	"z 3F*"	"2"	"5d3.(b 2F).6s"	"c 3F"	"2"		""	"L16323"	
"581.7920"	"581.79168"	"69"	""		"26305.8081"	"43489.327"	"5d2.(a 3F).6s.(a 4F).6p"	"z 5D*"	"3"	"5d2.(3F).6s.(a 4F).7s"	"d 3F"	"3"		""	"L16323"	
"581.8194"	"581.82022"	"46"	""		"16766.637"	"33949.313"	"5d3.(b 4F).6s"	"a 5F"	"4"	"5d2.(a 3F).6s.(a 2F).6p"	"x 3F*"	"3"		""	"L16323"	
"581.8580"	"581.8584"	"11"	""		"31054.653"	"48236.200"	"5d3.(b 2F).6s"	"c 3F"	"3"	"5d3.(b 4F).6p"	"w 3G*"	"4"		""	"L16323"	
"583.7050"	"583.70463"	"68"	""		"32533.3746"	"49660.579"	"5d2.(a 3F).6s.(a 2F).6p"	"y 3G*"	"3"	""	"4966"	"3"		""	"L16323"	
"583.8896"	"583.88925"	"450"	"8.9e+04"	D+	"10532.5690"	"27654.3580"	"5d2.6s2"	"a 1G"	"4"	"5d2.(a 3F).6s.(a 4F).6p"	"y 3F*"	"3"		"T5346"	"L16323"	
"584.4879"	"584.48829"	"90"	""		"18011.0647"	"35115.306"	"5d2.(a 3F).6s.(a 4F).6p"	"z 5G*"	"2"	""	"3512"	"2"		""	"L16323"	
"584.5866"	"584.5860"	"1100"	""		"14017.827"	"31119.208"	"5d.6s2.(a 2D).6p"	"z 3D*"	"1"	"5d3.(c 2D).6s"	"b 1D"	"2"		""	"L16323"	
"584.7120"	"584.7132"	"34"	""		"31610.8213"	"48708.483"	"5d2.(a 3F).6s.(a 2F).6p"	"y 1D*"	"2"	"5d4"	"5P?"	"2"		""	"L16323"	
"584.7768"	"584.7762"	"900"	""		"22450.5521"	"39546.371"	"5d2.(a 3F).6s.(a 4F).6p"	"z 5F*"	"2"	"5d.6s2.(a 2D).7s"	"d 3D"	"1"		""	"L16323"	
"584.9688"	"584.9675"	"670"	""		"24085.183"	"41175.411"	"5d3.(b 2G).6s"	"a 3G"	"5"	"5d3.(b 2G).6p"	"u 3F*"	"4"		""	"L16323"	
"585.1540"	""	"11"	""		""	""	""	""	""	""	""	""		""	"L16323"	
"585.3440"	"585.3438"	"11"	""		"26715.403"	"43794.647"	"5d3.(c 2D).6s"	"a 3D"	"3"	"5d3.(b 2G).6p"	"x 1G*"	"4"		""	"L16323"	
"585.3760"	"585.3757"	"33"	""		"14541.677"	"31619.988"	"5d.6s2.(a 2D).6p"	"z 3F*"	"3"	"5d3.(b 2F).6s"	"c 3F"	"2"		""	"L16323"	
"585.6550"	""	"11h"	""		""	""	""	""	""	""	""	""		""	"L16323"	
"585.8349"	"585.83449"	"330"	""		"23448.6227"	"40513.560"	"5d2.(a 3F).6s.(a 4F).6p"	"z 5F*"	"3"	"5d.6s2.(a 2D).7s"	"d 3D"	"2"		""	"L16323"	
"585.9070"	"585.9074"	"44"	""		"23641.389"	"40704.203"	"5d3.(c 2D).6s"	"a 3D"	"1"	"5d2.(a 3P).6s.(a 2P).6p"	"x 1P*"	"1"		""	"L16323"	
"585.9340"	"585.9329"	"33"	""		"31943.3435"	"49005.416"	"5d2.(a 3P).6s.(a 4P).6p"	"y 5D*"	"4"	"5d2.(3F).6s.(a 2F).7s"	"i 3F"	"4"		""	"L16323"	
"586.0420"	"586.0435"	"44"	""		"20784.857"	"37843.707"	"5d3.(b 4P).6s"	"a 5P"	"1"	"5d2.(b 1D).6s.(b 2D).6p"	"x 3P*"	"0"		""	"L16323"	
"586.2070"	"586.2072"	"22"	""		"33139.1776"	"50193.266"	"5d2.(a 3P).6s.(a 4P).6p"	"z 5P*"	"3"	""	"5019"	"2"		""	"L16323"	
"586.4320"	"586.43017"	"11"	""		"31943.8516"	"48991.455"	"5d2.(a 3P).6s.(a 4P).6p"	"z 5S*"	"2"	"5d4"	"h 3F"	"2"		""	"L16323"	
"586.8195"	"586.81966"	"88"	""		"29401.4784"	"46437.767"	"5d2.(a 3P).6s.(a 4P).6p"	"y 3P*"	"2"	"6p2.(3P).5d.(4P).6s"	"f 3P"	"2"		""	"L16323"	
"586.8390"	"586.83921"	"22"	""		"29246.6760"	"46282.397"	"5d2.(a 3F).6s.(a 4F).6p"	"z 3G*"	"4"	"6p2.(3P).5d.(2F).6s"	"f 3F"	"4"		""	"L16323"	
"586.8500"	"586.8500"	"11"	""		"30733.2723"	"47768.679"	"5d2.(a 3F).6s.(a 4F).6p"	"y 3F*"	"4"	"6p2.(1D).5d.(2G).6s"	"b 3G"	"5"		""	"L16323"	
"586.8970"	"586.8982"	"22"	""		"14541.677"	"31575.687"	"5d.6s2.(a 2D).6p"	"z 3F*"	"3"	"5d3.(b 2F).6s"	"c 3F"	"4"		""	"L16323"	
"586.9106"	"586.91060"	"77"	""		"29246.6760"	"46280.325"	"5d2.(a 3F).6s.(a 4F).6p"	"z 3G*"	"4"	"6p2.(1D).5d.(2F).6s"	"g 3F"	"3"		""	"L16323"	
"587.1840"	""	"11"	""		""	""	""	""	""	""	""	""		""	"L16323"	
"587.2930"	""	"33h"	""		""	""	""	""	""	""	""	""		""	"L16323"	
"587.3712"	"587.3714"	"77"	""		"25281.843"	"42302.129"	"5d3.(b 4F).6s"	"b 3F"	"3"	"5d3.(b 2G).6p"	"u 3F*"	"2"		""	"L16323"	
"587.9772"	"587.9784"	"88"	""		"28267.4366"	"45270.151"	"5d2.(a 3F).6s.(a 4F).6p"	"y 3D*"	"2"	"5d2.(3P).6s.(a 4P).7s"	"e 3P"	"1"		""	"L16323"	
"588.1440"	""	"11"	""		""	""	""	""	""	""	""	""		""	"L16323"	
"588.2500"	"588.25124"	"22"	""		"22199.110"	"39193.9390"	"5d3.(b 4P).6s"	"a 5P"	"3"	"5d2.(b 1D).6s.(b 2D).6p"	"v 3D*"	"3"		""	"L16323"	
"588.3650"	"588.36484"	"760"	""		"23644.7563"	"40636.304"	"5d.6s2.(a 2D).6p"	"z 1F*"	"3"	"6p2.(3P).5d.(4F).6s"	"c 5F"	"2"		""	"L16323"	
"588.5040"	"588.5047"	"33"	""		"28267.4366"	"45254.947"	"5d2.(a 3F).6s.(a 4F).6p"	"y 3D*"	"2"	"6p2.(3P).5d.(4P).6s"	"b 5P"	"2"		""	"L16323"	
"588.6310"	"588.63148"	"330"	"4.8e+04"	C+	"10532.5690"	"27516.4201"	"5d2.6s2"	"a 1G"	"4"	"5d2.(a 3F).6s.(a 4F).6p"	"z 5D*"	"4"		"T5346"	"L16323"	
"588.7430"	"588.74438"	"220"	""		"18011.0647"	"34991.659"	"5d2.(a 3F).6s.(a 4F).6p"	"z 5G*"	"2"	""	"3499"	"1"		""	"L16323"	
"589.0460"	"589.04589"	"2200"	""		"18143.4034"	"35115.306"	"5d.6s2.(a 2D).6p"	"z 3P*"	"1"	""	"3512"	"2"		""	"L16323"	
"589.1180"	"589.11954"	"54"	""		"29996.8513"	"46966.632"	"5d2.(a 3F).6s.(a 4F).6p"	"y 3D*"	"3"	"6p2.(1D).5d.(2F).6s"	"c 1F"	"3"		""	"L16323"	
"589.2800"	"589.28077"	"33"	""		"29996.8513"	"46961.989"	"5d2.(a 3F).6s.(a 4F).6p"	"y 3D*"	"3"	"6p2.(1D).5d.(2F).6s"	"g 3F"	"2"		""	"L16323"	
"589.6630"	"589.6627"	"540"	""		"24785.2649"	"41739.415"	"5d2.(a 3F).6s.(a 4F).6p"	"z 5F*"	"4"	"5d4"	"a 5D"	"3"		""	"L16323"	
"590.0530"	""	"32"	""		""	""	""	""	""	""	""	""		""	"L16323"	
"590.2950"	"590.29382"	"5400"	""		"2356.6756"	"19292.6984"	"5d2.6s2"	"a 3F"	"3"	"5d2.(a 3F).6s.(a 4F).6p"	"z 5G*"	"3"		""	"L21976,L16323"	
"590.6259"	"590.6257"	"43"	""		"26918.146"	"43844.653"	"5d3.(b 2P).6s"	"c 3P"	"1"	""	"4384*"	"1"		""	"L16323"	
"590.6393"	"590.63850"	"86"	""		"31943.3435"	"48869.483"	"5d2.(a 3P).6s.(a 4P).6p"	"y 5D*"	"4"	"5d4"	"h 3F"	"3"		""	"L16323"	
"591.1506"	""	"43"	""		""	""	""	""	""	""	""	""		""	"L16323"	
"591.3910"	"591.39062"	"21"	""		"17901.320"	"34805.9335"	"5d3.(b 4F).6s"	"a 5F"	"5"	"5d2.(a 1G).6s.(a 2G).6p"	"z 3H*"	"4"		""	"L16323"	
"591.4730"	""	"11"	""		""	""	""	""	""	""	""	""		""	"L16323"	
"591.8280"	"591.8297"	"11"	""		"28047.9411"	"44940.013?"	"5d2.(a 3P).6s.(a 4P).6p"	"z 3S*"	"1"	"5d2.(3P).6s.(a 4P).7s"	"e 3P"	"0"		""	"L16323"	
"592.2940"	"592.29343"	"110"	""		"29401.4784"	"46280.325"	"5d2.(a 3P).6s.(a 4P).6p"	"y 3P*"	"2"	"6p2.(1D).5d.(2F).6s"	"g 3F"	"3"		""	"L16323"	
"592.6480"	"592.64606"	"420"	""		"23644.7563"	"40513.560"	"5d.6s2.(a 2D).6p"	"z 1F*"	"3"	"5d.6s2.(a 2D).7s"	"d 3D"	"2"		""	"L16323"	
"592.7208"	"592.71927"	"53"	""		"23327.739"	"40194.4590"	"5d3.(b 4F).6s"	"b 3F"	"2"	"5d2.(b 1D).6s.(b 2D).6p"	"v 3F*"	"2"		""	"L16323"	
"592.7530"	"592.7526"	"21"	""		"30501.127"	"47366.899"	"5d3.(b 2G).6s"	"a 1G"	"4"	"5d3.(b 4F).6p"	"y 5F*"	"5"		""	"L16323"	
"593.3700"	"593.36885"	"1600"	""		"18143.4034"	"34991.659"	"5d.6s2.(a 2D).6p"	"z 3P*"	"1"	""	"3499"	"1"		""	"L16323"	
"593.6020"	"593.60036"	"53"	""		"27533.7873"	"44375.472"	"5d2.(a 3P).6s.(a 4P).6p"	"y 5D*"	"1"	"6p2.(3P).5d.(2P).6s"	"d 3P"	"2"		""	"L16323"	
"593.8142"	"593.8128"	"160"	""		"22450.5521"	"39286.213"	"5d2.(a 3F).6s.(a 4F).6p"	"z 5F*"	"2"	"5d2.(3F).6s.(a 4F).7s"	"b 5F"	"1"		""	"L16323"	
"593.8800"	"593.8816"	"11"	""		"33994.8879"	"50828.596"	"5d2.(a 1G).6s.(a 2G).6p"	"w 3F*"	"2"	""	"5083"	"1"		""	"L16323"	
"594.241"	"594.2376"	"31"	""		"34947.9749"	"51771.598"	"5d2.(a 3P).6s.(a 4P).6p"	"x 3D*"	"2"	""	"5177"	"2"		""	"L16323"	
"594.4100"	"594.4109"	"10"	""		"31119.208"	"47937.928"	"5d3.(c 2D).6s"	"b 1D"	"2"	""	"4794*"	"2"		""	"L16323"	
"594.5120"	"594.51116"	"21"	""		"28267.4366"	"45083.320"	"5d2.(a 3F).6s.(a 4F).6p"	"y 3D*"	"2"	"6p2.(3P).5d.(2F).6s"	"b 1F"	"3"		""	"L16323"	
"594.5780"	"594.5789"	"10"	""		"32533.3746"	"49347.343"	"5d2.(a 3F).6s.(a 2F).6p"	"y 3G*"	"3"	""	"4935"	"3"		""	"L16323"	
"594.6524"	"594.65071"	"73"	"4.e+03"	E	"5638.6151"	"22450.5521"	"5d2.6s2"	"a 1D"	"2"	"5d2.(a 3F).6s.(a 4F).6p"	"z 5F*"	"2"		"T5346"	"L16323"	
"594.9390"	"594.9374"	"63"	""		"28583.7248"	"45387.560"	"5d2.(a 3F).6s.(a 4F).6p"	"z 3G*"	"3"	"6p2.(3P).5d.(4F).6s"	"e 3F"	"4"		""	"L16323"	
"594.9600"	"594.9600"	"10"	""		"31943.3435"	"48746.542"	"5d2.(a 3P).6s.(a 4P).6p"	"y 5D*"	"4"	"5d2.(3F).6s.(a 2F).7s"	"i 3F"	"3"		""	"L16323"	
"594.9800"	"594.9780"	"21"	""		"31943.8516"	"48746.542"	"5d2.(a 3P).6s.(a 4P).6p"	"z 5S*"	"2"	"5d2.(3F).6s.(a 2F).7s"	"i 3F"	"3"		""	"L16323"	
"595.0260"	""	"10"	""		""	""	""	""	""	""	""	""		""	"L16323"	
"595.1240"	""	"10"	""		""	""	""	""	""	""	""	""		""	"L16323"	
"595.2860"	"595.2867"	"21"	""		"25281.843"	"42075.820"	"5d3.(b 4F).6s"	"b 3F"	"3"	"5d2.(a 3P).6s.(a 2P).6p"	"w 3P*"	"2"		""	"L16323"	
"595.3130"	"595.3120"	"10"	""		"30298.763"	"47092.024"	"5d3.(b 4P).6s"	"b 3P"	"0"	""	"4709*"	"1"		""	"L16323"	
"595.4200"	""	"10h"	""		""	""	""	""	""	""	""	""		""	"L16323"	
"595.4710"	"595.46988"	"42"	""		"22199.110"	"38987.9197"	"5d3.(b 4P).6s"	"a 5P"	"3"	"5d2.(a 3F).6s.(a 2F).6p"	"z 1G*"	"4"		""	"L16323"	
"595.7240"	"595.72458"	"42"	""		"29401.4784"	"46183.110"	"5d2.(a 3P).6s.(a 4P).6p"	"y 3P*"	"2"	"5d.6s2.(a 2D).7s"	"e 1D"	"2"		""	"L16323"	
"595.9300"	"595.9304"	"21"	""		"27018.812"	"43794.647"	"5d3.(2H).6s"	"a 3H"	"5"	"5d3.(b 2G).6p"	"x 1G*"	"4"		""	"L16323"	
"595.9570"	"595.9559"	"52"	""		"25678.643"	"42453.760"	"5d3.(2H).6s"	"a 3H"	"4"	"5d2.(a 1G).6s.(a 2G).6p"	"y 1G*"	"4"		""	"L16323"	
"596.6300"	"596.6291"	"41"	""		"31952.2928"	"48708.483"	"5d2.(a 3P).6s.(a 4P).6p"	"z 5P*"	"1"	"5d4"	"5P?"	"2"		""	"L16323"	
"596.8370"	"596.8387"	"10"	""		"34805.9335"	"51556.239"	"5d2.(a 1G).6s.(a 2G).6p"	"z 3H*"	"4"	""	"5156"	"3"		""	"L16323"	
"597.1910"	"597.1905"	"21"	""		"25084.172"	"41824.611"	"5d3.(c 2D).6s"	"a 3D"	"2"	"5d3.(b 2G).6p"	"u 3F*"	"3"		""	"L16323"	
"597.4294"	"597.42803"	"2100"	""		"18381.5234"	"35115.306"	"5d.6s2.(a 2D).6p"	"z 3D*"	"3"	""	"3512"	"2"		""	"L16323"	
"597.4728"	"597.4721"	"820"	""		"19791.3040"	"36523.852"	"5d.6s2.(a 2D).6p"	"z 3P*"	"2"	"5d3.(2D).6s"	"b 3D"	"3"		""	"L16323"	
"597.8670"	"597.8659"	"1500"	""		"18270.133"	"34991.659"	"5d.6s2.(a 2D).6p"	"z 3P*"	"0"	""	"3499"	"1"		""	"L16323"	
"598.0264"	"598.0260"	"82"	""		"25678.643"	"42395.693"	"5d3.(2H).6s"	"a 3H"	"4"	"5d2.(a 1G).6s.(a 2G).6p"	"w 1F*"	"3"		""	"L16323"	
"598.1240"	""	"20"	""		""	""	""	""	""	""	""	""		""	"L16323"	
"598.1410"	""	"10"	""		""	""	""	""	""	""	""	""		""	"L16323"	
"598.3381"	"598.33806"	"92"	""		"31610.8213"	"48319.153"	"5d2.(a 3F).6s.(a 2F).6p"	"y 1D*"	"2"	""	"4832"	"3"		""	"L16323"	
"598.6220"	""	"10"	""		""	""	""	""	""	""	""	""		""	"L16323"	
"598.6620"	"598.6604"	"200"	""		"29401.4784"	"46100.815"	"5d2.(a 3P).6s.(a 4P).6p"	"y 3P*"	"2"	"6p2.(3P).5d.(4P).6s"	"b 5P"	"1"		""	"L16323"	
"598.9760"	"598.97376"	"20"	""		"24785.2649"	"41475.864"	"5d2.(a 3F).6s.(a 4F).6p"	"z 5F*"	"4"	"6p2.(3P).5d.(4F).6s"	"c 5F"	"3"		""	"L16323"	
"599.1567"	"599.1549"	"41"	""		"33994.8879"	"50680.440"	"5d2.(a 1G).6s.(a 2G).6p"	"w 3F*"	"2"	"5d4"	"3F?"	"3"		""	"L16323"	
"599.1806"	"599.1791"	"51"	""		"29752.8870"	"46437.767"	"5d2.(a 3P).6s.(a 4P).6p"	"y 5D*"	"2"	"6p2.(3P).5d.(4P).6s"	"f 3P"	"2"		""	"L16323"	
"599.1970"	"599.1973"	"41"	""		"28790.2720"	"45474.645"	"5d2.(a 3F).6s.(a 4F).6p"	"y 3D*"	"1"	"6p2.(3P).5d.(4P).6s"	"f 3P"	"1"		""	"L16323"	
"599.2080"	"599.2082"	"30"	""		"14435.138"	"31119.208"	"5d.6s2.(a 2D).6p"	"z 3F*"	"2"	"5d3.(c 2D).6s"	"b 1D"	"2"		""	"L16323"	
"599.2970"	"599.29577"	"510"	""		"23448.6227"	"40130.254"	"5d2.(a 3F).6s.(a 4F).6p"	"z 5F*"	"3"	"6p2.(3P).5d.(2D).6s"	"d 1D"	"2"		""	"L16323"	
"599.3070"	"599.3071"	"51"	""		"29996.8513"	"46678.167"	"5d2.(a 3F).6s.(a 4F).6p"	"y 3D*"	"3"	"6p2.(1D).5d.(2F).6s"	"g 3F"	"4"		""	"L16323"	
"599.4580"	"599.4586"	"100"	""		"22450.5521"	"39127.652"	"5d2.(a 3F).6s.(a 4F).6p"	"z 5F*"	"2"	"6p2.(3P).5d.(2D).6s"	"c 3D"	"3"		""	"L16323"	
"599.6700"	"599.6700"	"10"	""		"28583.7248"	"45254.947"	"5d2.(a 3F).6s.(a 4F).6p"	"z 3G*"	"3"	"6p2.(3P).5d.(4P).6s"	"b 5P"	"2"		""	"L16323"	
"599.6990"	"599.7005"	"10"	""		"33121.5094"	"49791.882"	"5d2.(a 3P).6s.(a 4P).6p"	"z 5P*"	"2"	""	"4979"	"3"		""	"L16323"	
"599.8050"	"599.8038"	"30"	""		"26463.9649"	"43131.468"	"5d.6s2.(a 2D).6p"	"z 1P*"	"1"	"5d.6s.6p2"	"5D"	"0"		""	"L16323"	
"600.0560"	"600.0554"	"10"	""		"31575.687"	"48236.200"	"5d3.(b 2F).6s"	"c 3F"	"4"	"5d3.(b 4F).6p"	"w 3G*"	"4"		""	"L16323"	
"600.2300"	"600.2300"	"10"	""		"31943.3435"	"48599.011"	"5d2.(a 3P).6s.(a 4P).6p"	"y 5D*"	"4"	"5d4"	"c 3G"	"3"		""	"L16323"	
"600.251"	"600.2483"	"10*"	""		"31943.8516"	"48599.011"	"5d2.(a 3P).6s.(a 4P).6p"	"z 5S*"	"2"	"5d4"	"c 3G"	"3"		""	"L16323"	
"600.251"	"600.2503"	"10*"	""		"33538.1620"	"50193.266"	"5d2.(a 3F).6s.(a 2F).6p"	"x 3F*"	"2"	""	"5019"	"2"		""	"L16323"	
"600.2640"	"600.2637"	"20"	""		"29401.4784"	"46056.211"	"5d2.(a 3P).6s.(a 4P).6p"	"y 3P*"	"2"	"6p2.(3P).5d.(2F).6s"	"f 3F"	"2"		""	"L16323"	
"600.4180"	"600.41778"	"300"	"3.5e+04"	D+	"8983.7652"	"25634.2234"	"5d2.6s2"	"a 3P"	"2"	"5d2.(a 3F).6s.(a 4F).6p"	"z 5D*"	"2"		"T5346"	"L16323"	
"600.7030"	"600.7029"	"30"	""		"31952.2928"	"48594.849"	"5d2.(a 3P).6s.(a 4P).6p"	"z 5P*"	"1"	""	"4859"	"2"		""	"L16323"	
"601.1843"	"601.1845"	"40"	""		"30977.0338"	"47606.258"	"5d2.(a 3F).6s.(a 4F).6p"	"z 3G*"	"5"	"6p2.(1D).5d.(2G).6s"	"b 1G"	"4"		""	"L16323"	
"601.490"	"601.4867"	"20"	""		"20328.402"	"36949.271"	"5d2.6s2"	"1S"	"0"	"5d2.(b 1D).6s.(b 2D).6p"	"v 3D*"	"1"		""	"L16323"	
"601.5360"	"601.5357"	"100"	""		"14435.138"	"31054.653"	"5d.6s2.(a 2D).6p"	"z 3F*"	"2"	"5d3.(b 2F).6s"	"c 3F"	"3"		""	"L16323"	
"601.6780"	"601.6764"	"1000"	""		"27516.4201"	"44132.048"	"5d2.(a 3F).6s.(a 4F).6p"	"z 5D*"	"4"	"5d2.(3F).6s.(a 4F).7s"	"b 5F"	"5"		""	"L16323"	
"601.7830"	"601.7832"	"20*"	""		"31342.5275"	"47955.206"	"5d2.(a 3P).6s.(a 4P).6p"	"y 5D*"	"3"	"6p2.(1S).5d.(2D).6s"	"g 3D"	"2"		""	"L16323"	
"601.7830"	"601.7834"	"20*"	""		"30733.2723"	"47345.946"	"5d2.(a 3F).6s.(a 4F).6p"	"y 3F*"	"4"	"6p2.(1D).5d.(2G).6s"	"b 3G"	"3"		""	"L16323"	
"601.8460"	"601.8478"	"20"	""		"28527.998"	"45138.894"	"5d3.(b 4P).6s"	"b 3P"	"1"	""	"4514*"	"2"		""	"L16323"	
"601.9340"	"601.9334"	"30"	""		"31943.8516"	"48552.385"	"5d2.(a 3P).6s.(a 4P).6p"	"z 5S*"	"2"	""	"4855"	"2"		""	"L16323"	
"602.1770"	"602.17629"	"200"	"9.e+04"	D+	"14740.6924"	"31342.5275"	"5d3.(b 4F).6s"	"a 5F"	"2"	"5d2.(a 3P).6s.(a 4P).6p"	"y 5D*"	"3"		"T5346"	"L16323"	
"602.2540"	"602.2540"	"10"	""		"26918.146"	"43517.838"	"5d3.(b 2P).6s"	"c 3P"	"1"	"5d2.(a 3P).6s.(a 2P).6p"	"w 1D*"	"2"		""	"L16323"	
"602.4930"	"602.4914"	"20"	""		"29401.4784"	"45994.631"	"5d2.(a 3P).6s.(a 4P).6p"	"y 3P*"	"2"	"6p2.(3P).5d.(4F).6s"	"e 3F"	"3"		""	"L16323"	
"602.6140"	"602.6127"	"69"	""		"34805.9335"	"51395.746"	"5d2.(a 1G).6s.(a 2G).6p"	"z 3H*"	"4"	""	"5140"	"3"		""	"L16323"	
"603.0580"	"603.0591"	"30"	""		"14541.677"	"31119.208"	"5d.6s2.(a 2D).6p"	"z 3F*"	"3"	"5d3.(c 2D).6s"	"b 1D"	"2"		""	"L16323"	
"603.3938"	"603.3942"	"20"	""		"31610.8213"	"48179.148"	"5d2.(a 3F).6s.(a 2F).6p"	"y 1D*"	"2"	""	"4818"	"2"		""	"L16323"	
"603.8820"	"603.88203"	"29"	""		"22880.262"	"39435.2034"	"5d3.(b 2G).6s"	"a 3G"	"3"	"5d2.(b 1D).6s.(b 2D).6p"	"x 3P*"	"2"		""	"L16323"	
"603.9711"	"603.97026"	"98"	""		"26463.9649"	"43016.488"	"5d.6s2.(a 2D).6p"	"z 1P*"	"1"	"6p2.(3P).5d.(4D).6s"	"b 5D"	"2"		""	"L16323"	
"604.0370"	"604.0374"	"150"	""		"21738.7225"	"38289.406"	"5d2.(a 3F).6s.(a 4F).6p"	"z 5F*"	"1"	"5d3.(2D).6s"	"c 1D"	"2"		""	"L16323"	
"604.4610"	"604.4616"	"10"	""		"33121.5094"	"49660.579"	"5d2.(a 3P).6s.(a 4P).6p"	"z 5P*"	"2"	""	"4966"	"3"		""	"L16323"	
"604.8860"	"604.8870"	"10"	""		"29752.8870"	"46280.325"	"5d2.(a 3P).6s.(a 4P).6p"	"y 5D*"	"2"	"6p2.(1D).5d.(2F).6s"	"g 3F"	"3"		""	"L16323"	
"605.2071"	"605.2031"	"39*"	""		"31610.8213"	"48129.626"	"5d2.(a 3F).6s.(a 2F).6p"	"y 1D*"	"2"	"6p2.(1D).5d.(2P).6s"	"c 1P"	"1"		""	"L16323"	
"605.2071"	"605.2082"	"39*"	""		"34877.0813"	"51395.746"	"5d2.(a 3F).6s.(a 2F).6p"	"y 1F*"	"3"	""	"5140"	"3"		""	"L16323"	
"605.4166"	"605.4167"	"780"	""		"14541.677"	"31054.653"	"5d.6s2.(a 2D).6p"	"z 3F*"	"3"	"5d3.(b 2F).6s"	"c 3F"	"3"		""	"L16323"	
"605.9067"	"605.9077"	"39"	""		"28583.7248"	"45083.320"	"5d2.(a 3F).6s.(a 4F).6p"	"z 3G*"	"3"	"6p2.(3P).5d.(2F).6s"	"b 1F"	"3"		""	"L16323"	
"605.9620"	""	"10"	""		""	""	""	""	""	""	""	""		""	"L16323"	
"606.3750"	"606.3759"	"19"	""		"25281.843"	"41768.700"	"5d3.(b 4F).6s"	"b 3F"	"3"	"5d2.(b 1D).6s.(b 2D).6p"	"x 1D*"	"2"		""	"L16323"	
"606.4257"	"606.42586"	"96"	""		"23644.7563"	"40130.254"	"5d.6s2.(a 2D).6p"	"z 1F*"	"3"	"6p2.(3P).5d.(2D).6s"	"d 1D"	"2"		""	"L16323"	
"606.4712"	"606.4699"	"39"	""		"33139.1776"	"49623.477"	"5d2.(a 3P).6s.(a 4P).6p"	"z 5P*"	"3"	""	"4962"	"4"		""	"L16323"	
"606.9200"	"606.9213"	"29"	""		"32533.3746"	"49005.416"	"5d2.(a 3F).6s.(a 2F).6p"	"y 3G*"	"3"	"5d2.(3F).6s.(a 2F).7s"	"i 3F"	"4"		""	"L16323"	
"607.0160"	""	"10"	""		""	""	""	""	""	""	""	""		""	"L16323"	
"607.0591"	"607.0593"	"77"	""		"26202.5501"	"42670.846"	"5d2.(a 3F).6s.(a 4F).6p"	"z 5F*"	"5"	"6p2.(3P).5d.(4F).6s"	"c 5F"	"4"		""	"L16323"	
"607.1920"	"607.1928"	"19"	""		"28790.2720"	"45254.947"	"5d2.(a 3F).6s.(a 4F).6p"	"y 3D*"	"1"	"6p2.(3P).5d.(4P).6s"	"b 5P"	"2"		""	"L16323"	
"607.3500"	""	"10"	""		""	""	""	""	""	""	""	""		""	"L16323"	
"607.4360"	"607.4361"	"96"	""		"32533.3746"	"48991.455"	"5d2.(a 3F).6s.(a 2F).6p"	"y 3G*"	"3"	"5d4"	"h 3F"	"2"		""	"L16323"	
"607.5500"	"607.5508"	"10"	""		"31952.2928"	"48407.265"	"5d2.(a 3P).6s.(a 4P).6p"	"z 5P*"	"1"	"6p2.(1S).5d.(2D).6s"	"g 1D"	"2"		""	"L16323"	
"607.7530"	""	"19h"	""		""	""	""	""	""	""	""	""		""	"L16323"	
"607.9590"	"607.9592"	"10"	""		"33949.313"	"50393.234"	"5d2.(a 3F).6s.(a 2F).6p"	"x 3F*"	"3"	""	"5039"	"4"		""	"L16323"	
"608.4670"	"608.4660"	"10"	""		"29752.8870"	"46183.110"	"5d2.(a 3P).6s.(a 4P).6p"	"y 5D*"	"2"	"5d.6s2.(a 2D).7s"	"e 1D"	"2"		""	"L16323"	
"608.5710"	"608.5707"	"29"	""		"25634.2234"	"42061.620"	"5d2.(a 3F).6s.(a 4F).6p"	"z 5D*"	"2"	"5d.6s2.(a 2D).7s"	"d 3D"	"3"		""	"L16323"	
"609.0800"	"609.0819"	"38"	""		"31943.3435"	"48356.954"	"5d2.(a 3P).6s.(a 4P).6p"	"y 5D*"	"4"	"5d4"	"c 3G"	"4"		""	"L16323"	
"609.1370"	"609.1367"	"190"	""		"27149.6642"	"43561.796"	"5d2.(a 3F).6s.(a 4F).6p"	"y 3F*"	"2"	"6p2.(3P).5d.(2P).6s"	"d 3P"	"1"		""	"L16323"	
"609.2440"	"609.2440"	"76"	""		"10508.904"	"26918.146"	"5d.6s2.(a 2D).6p"	"z 1D*"	"2"	"5d3.(b 2P).6s"	"c 3P"	"1"		""	"L16323"	
"609.2900"	""	"19"	""		""	""	""	""	""	""	""	""		""	"L16323"	
"609.4880"	"609.4872"	"38"	""		"29246.6760"	"45649.372"	"5d2.(a 3F).6s.(a 4F).6p"	"z 3G*"	"4"	"6p2.(3P).5d.(2F).6s"	"f 3F"	"3"		""	"L16323"	
"609.8680"	"609.86696"	"1900"	"1.06e+05"	C	"4567.6413"	"20960.1223"	"5d2.6s2"	"a 3F"	"4"	"5d2.(a 3F).6s.(a 4F).6p"	"z 5G*"	"4"		"T5346"	"L21976,L16323"	
"610.458"	"610.4560"	"190"	""		"23327.739"	"39704.402"	"5d3.(b 4F).6s"	"b 3F"	"2"	"5d2.(a 3P).6s.(a 2P).6p"	"u 3D*"	"1"		""	"L16323"	
"610.488"	"610.4852"	"140*"	""		"41739.415"	"58115.295"	"5d4"	"a 5D"	"3"	""	"5812*"	"2"		""	"L16323"	
"610.488"	"610.48784"	"140*"	""		"31943.3435"	"48319.153"	"5d2.(a 3P).6s.(a 4P).6p"	"y 5D*"	"4"	""	"4832"	"3"		""	"L16323"	
"610.5070"	"610.50679"	"28"	""		"31943.8516"	"48319.153"	"5d2.(a 3P).6s.(a 4P).6p"	"z 5S*"	"2"	""	"4832"	"3"		""	"L16323"	
"610.6110"	"610.60973"	"94"	""		"16766.637"	"33139.1776"	"5d3.(b 4F).6s"	"a 5F"	"4"	"5d2.(a 3P).6s.(a 4P).6p"	"z 5P*"	"3"		""	"L16323"	
"610.6220"	""	"19"	""		""	""	""	""	""	""	""	""		""	"L16323"	
"610.8900"	"610.8897"	"9"	""		"26305.8081"	"42670.846"	"5d2.(a 3F).6s.(a 4F).6p"	"z 5D*"	"3"	"6p2.(3P).5d.(4F).6s"	"c 5F"	"4"		""	"L16323"	
"610.9220"	""	"9"	""		""	""	""	""	""	""	""	""		""	"L16323"	
"611.5290"	"611.5290"	"28"	""		"29752.8870"	"46100.815"	"5d2.(a 3P).6s.(a 4P).6p"	"y 5D*"	"2"	"6p2.(3P).5d.(4P).6s"	"b 5P"	"1"		""	"L16323"	
"611.6620"	"611.6616"	"47"	""		"31610.8213"	"47955.206"	"5d2.(a 3F).6s.(a 2F).6p"	"y 1D*"	"2"	"6p2.(1S).5d.(2D).6s"	"g 3D"	"2"		""	"L16323"	
"611.8160"	"611.81440"	"370"	""		"23448.6227"	"39788.926"	"5d2.(a 3F).6s.(a 4F).6p"	"z 5F*"	"3"	"5d2.(3F).6s.(a 4F).7s"	"b 5F"	"2"		""	"L16323"	
"611.9270"	""	"19"	""		""	""	""	""	""	""	""	""		""	"L16323"	
"611.9700"	"611.97150"	"46"	""		"32533.3746"	"48869.483"	"5d2.(a 3F).6s.(a 2F).6p"	"y 3G*"	"3"	"5d4"	"h 3F"	"3"		""	"L16323"	
"612.2000"	"612.1994"	"140"	""		"27231.770"	"43561.796"	"5d2.(a 3P).6s.(a 4P).6p"	"y 5D*"	"0"	"6p2.(3P).5d.(2P).6s"	"d 3P"	"1"		""	"L16323"	
"612.2930"	"612.2930"	"28"	""		"28047.9411"	"44375.472"	"5d2.(a 3P).6s.(a 4P).6p"	"z 3S*"	"1"	"6p2.(3P).5d.(2P).6s"	"d 3P"	"2"		""	"L16323"	
"612.6300"	"612.6286"	"55"	""		"26463.9649"	"42782.551"	"5d.6s2.(a 2D).6p"	"z 1P*"	"1"	"6p2.(3P).5d.(4D).6s"	"b 5D"	"1"		""	"L16323"	
"612.8140"	"612.81298"	"28"	""		"22880.262"	"39193.9390"	"5d3.(b 2G).6s"	"a 3G"	"3"	"5d2.(b 1D).6s.(b 2D).6p"	"v 3D*"	"3"		""	"L16323"	
"612.9190"	""	"9"	""		""	""	""	""	""	""	""	""		""	"L16323"	
"612.9490"	""	"9"	""		""	""	""	""	""	""	""	""		""	"L16323"	
"613.5400"	""	"92"	""		""	""	""	""	""	""	""	""		""	"L16323"	
"613.8510"	"613.8505"	"18"	""		"31610.8213"	"47896.924"	"5d2.(a 3F).6s.(a 2F).6p"	"y 1D*"	"2"	"6p2.(1S).5d.(2D).6s"	"g 3D"	"3"		""	"L16323"	
"613.8730"	"613.87155"	"9"	""		"29996.8513"	"46282.397"	"5d2.(a 3F).6s.(a 4F).6p"	"y 3D*"	"3"	"6p2.(3P).5d.(2F).6s"	"f 3F"	"4"		""	"L16323"	
"613.9000"	"613.8987"	"27"	""		"33994.7455"	"50279.571"	"5d2.(a 3F).6s.(a 2F).6p"	"y 3G*"	"4"	""	"5028"	"5"		""	"L16323"	
"614.0460"	"614.0454"	"18"	""		"14017.827"	"30298.763"	"5d.6s2.(a 2D).6p"	"z 3D*"	"1"	"5d3.(b 4P).6s"	"b 3P"	"0"		""	"L16323"	
"614.1780"	"614.1780"	"27"	""		"31943.3435"	"48220.762"	"5d2.(a 3P).6s.(a 4P).6p"	"y 5D*"	"4"	"5d4"	"h 3F"	"4"		""	"L16323"	
"614.2150"	"614.2160"	"18"	""		"32533.3746"	"48809.787"	"5d2.(a 3F).6s.(a 2F).6p"	"y 3G*"	"3"	"5d4"	"h 3D"	"3"		""	"L16323"	
"614.277"	"614.2749"	"9"	""		"30501.127"	"46775.978"	"5d3.(b 2G).6s"	"a 1G"	"4"	"5d3.(b 4F).6p"	"w 3G*"	"3"		""	"L16323"	
"614.4392"	"614.43881"	"270"	""		"15673.341"	"31943.8516"	"5d3.(b 4F).6s"	"a 5F"	"3"	"5d2.(a 3P).6s.(a 4P).6p"	"z 5S*"	"2"		""	"L16323"	
"614.4580"	"614.45800"	"180"	""		"15673.341"	"31943.3435"	"5d3.(b 4F).6s"	"a 5F"	"3"	"5d2.(a 3P).6s.(a 4P).6p"	"y 5D*"	"4"		""	"L16323"	
"614.654"	"614.6537"	"46*"	""		"33139.1776"	"49404.001"	"5d2.(a 3P).6s.(a 4P).6p"	"z 5P*"	"3"	""	"4940"	"2"		""	"L16323"	
"614.654"	"614.6561"	"46*"	""		"31619.988"	"47884.746"	"5d3.(b 2F).6s"	"c 3F"	"2"	""	"4788*"	"3"		""	"L16323"	
"614.6990"	"614.6988"	"27"	""		"31610.8213"	"47874.451"	"5d2.(a 3F).6s.(a 2F).6p"	"y 1D*"	"2"	"6p2.(1D).5d.(2D).6s"	"f 3D"	"1"		""	"L16323"	
"614.7240"	"614.7241"	"27"	""		"28200.544"	"44463.504"	"5d3.(b 2P).6s"	"c 3P"	"2"	"5d3.(b 4P).6p"	"t 3D*"	"3"		""	"L16323"	
"614.8680"	"614.8681"	"64"	""		"30733.2723"	"46992.423"	"5d2.(a 3F).6s.(a 4F).6p"	"y 3F*"	"4"	"6p2.(1D).5d.(2G).6s"	"b 3G"	"4"		""	"L16323"	
"615.0010"	"615.0011"	"27"	""		"26463.9649"	"42719.599"	"5d.6s2.(a 2D).6p"	"z 1P*"	"1"	"6p2.(3P).5d.(4D).6s"	"e 3D"	"2"		""	"L16323"	
"615.2952"	"615.2941"	"91"	""		"29401.4784"	"45649.372"	"5d2.(a 3P).6s.(a 4P).6p"	"y 3P*"	"2"	"6p2.(3P).5d.(2F).6s"	"f 3F"	"3"		""	"L16323"	
"616.4700"	"616.46836"	"18"	""		"5521.7776"	"21738.7225"	"5d2.6s2"	"a 3P"	"0"	"5d2.(a 3F).6s.(a 4F).6p"	"z 5F*"	"1"		""	"L16323"	
"616.6590"	""	"9"	""		""	""	""	""	""	""	""	""		""	"L16323"	
"616.7040"	"616.70418"	"90"	""		"8983.7652"	"25194.5090"	"5d2.6s2"	"a 3P"	"2"	"5d2.(a 3F).6s.(a 4F).6p"	"z 5D*"	"1"		""	"L16323"	
"616.8030"	"616.8023"	"27"	""		"33139.1776"	"49347.343"	"5d2.(a 3P).6s.(a 4P).6p"	"z 5P*"	"3"	""	"4935"	"3"		""	"L16323"	
"616.8660"	"616.8657"	"180"	""		"10508.904"	"26715.403"	"5d.6s2.(a 2D).6p"	"z 1D*"	"2"	"5d3.(c 2D).6s"	"a 3D"	"3"		""	"L16323"	
"617.2740"	""	"9"	""		""	""	""	""	""	""	""	""		""	"L16323"	
"617.6550"	"617.6556"	"27"	""		"31943.8516"	"48129.626"	"5d2.(a 3P).6s.(a 4P).6p"	"z 5S*"	"2"	"6p2.(1D).5d.(2P).6s"	"c 1P"	"1"		""	"L16323"	
"617.6990"	"617.7011"	"18"	""		"29996.8513"	"46181.433"	"5d2.(a 3F).6s.(a 4F).6p"	"y 3D*"	"3"	""	"4618"	"3"		""	"L16323"	
"618.5128"	"618.51209"	"3500"	""		"0.0000"	"16163.3602"	"5d2.6s2"	"a 3F"	"2"	"5d.6s2.(a 2D).6p"	"z 3D*"	"2"		""	"L21976,L16323"	
"619.1330"	"619.1355"	"9"	""		"41475.864"	"57622.950"	"6p2.(3P).5d.(4F).6s"	"c 5F"	"3"	""	"5762*"	"2"		""	"L16323"	
"619.1784"	"619.1784"	"88"	""		"25678.643"	"41824.611"	"5d3.(2H).6s"	"a 3H"	"4"	"5d3.(b 2G).6p"	"u 3F*"	"3"		""	"L16323"	
"619.2475"	"619.24732"	"440"	""		"23644.7563"	"39788.926"	"5d.6s2.(a 2D).6p"	"z 1F*"	"3"	"5d2.(3F).6s.(a 4F).7s"	"b 5F"	"2"		""	"L16323"	
"619.3806"	"619.3824"	"35"	""		"25281.843"	"41422.491"	"5d3.(b 4F).6s"	"b 3F"	"3"	"5d3.(b 4F).6p"	"y 5G*"	"3"		""	"L16323"	
"619.8460"	"619.8457"	"180"	""		"14017.827"	"30146.412"	"5d.6s2.(a 2D).6p"	"z 3D*"	"1"	"5d3.(b 4P).6s"	"b 3P"	"2"		""	"L16323"	
"620.0890"	""	"35"	""		""	""	""	""	""	""	""	""		""	"L16323"	
"620.6360"	"620.6365"	"87"	""		"28267.4366"	"44375.472"	"5d2.(a 3F).6s.(a 4F).6p"	"y 3D*"	"2"	"6p2.(3P).5d.(2P).6s"	"d 3P"	"2"		""	"L16323"	
"620.6510"	"620.65101"	"100"	""		"22880.262"	"38987.9197"	"5d3.(b 2G).6s"	"a 3G"	"3"	"5d2.(a 3F).6s.(a 2F).6p"	"z 1G*"	"4"		""	"L16323"	
"620.7080"	"620.7101"	"9"	""		"31943.3435"	"48049.468"	"5d2.(a 3P).6s.(a 4P).6p"	"y 5D*"	"4"	"5d2.(3F).6s.(a 2F).7s"	"d 1F"	"3"		""	"L16323"	
"620.7460"	"620.7460"	"87"	""		"25634.2234"	"41739.415"	"5d2.(a 3F).6s.(a 4F).6p"	"z 5D*"	"2"	"5d4"	"a 5D"	"3"		""	"L16323"	
"620.7970"	"620.79684"	"87"	""		"25194.5090"	"41298.383"	"5d2.(a 3F).6s.(a 4F).6p"	"z 5D*"	"1"	"5d2.(3F).6s.(a 4F).7s"	"d 3F"	"2"		""	"L16323"	
"620.9430"	"620.94207"	"350"	"4.2e+04"	D+	"5638.6151"	"21738.7225"	"5d2.6s2"	"a 1D"	"2"	"5d2.(a 3F).6s.(a 4F).6p"	"z 5F*"	"1"		"T5346"	"L16323"	
"621.0680"	"621.0680"	"1300"	""		"24785.2649"	"40882.107"	"5d2.(a 3F).6s.(a 4F).6p"	"z 5F*"	"4"	"5d2.(3F).6s.(a 4F).7s"	"b 5F"	"3"		""	"L16323"	
"621.1600"	""	"35"	""		""	""	""	""	""	""	""	""		""	"L16323"	
"621.1700"	""	"26"	""		""	""	""	""	""	""	""	""		""	"L16323"	
"621.2000"	"621.19989"	"170"	""		"17901.320"	"33994.7455"	"5d3.(b 4F).6s"	"a 5F"	"5"	"5d2.(a 3F).6s.(a 2F).6p"	"y 3G*"	"4"		""	"L16323"	
"621.2710"	"621.2698"	"9"	""		"31610.8213"	"47702.436"	"5d2.(a 3F).6s.(a 2F).6p"	"y 1D*"	"2"	"6p2.(1D).5d.(2D).6s"	"f 1D"	"2"		""	"L16323"	
"621.6800"	"621.6790"	"690"	""		"26202.5501"	"42283.573"	"5d2.(a 3F).6s.(a 4F).6p"	"z 5F*"	"5"	"5d2.(3F).6s.(a 4F).7s"	"b 5F"	"4"		""	"L16323"	
"621.9830"	"621.9829"	"9"	""		"29401.4784"	"45474.645"	"5d2.(a 3P).6s.(a 4P).6p"	"y 3P*"	"2"	"6p2.(3P).5d.(4P).6s"	"f 3P"	"1"		""	"L16323"	
"622.3740"	"622.3760"	"9"	""		"23641.389"	"39704.402"	"5d3.(c 2D).6s"	"a 3D"	"1"	"5d2.(a 3P).6s.(a 2P).6p"	"u 3D*"	"1"		""	"L16323"	
"622.4350"	"622.4357"	"17"	""		"32533.3746"	"48594.849"	"5d2.(a 3F).6s.(a 2F).6p"	"y 3G*"	"3"	""	"4859"	"2"		""	"L16323"	
"622.7030"	"622.7037"	"17"	""		"35453.8381"	"51508.399"	"5d2.(a 1G).6s.(a 2G).6p"	"w 3F*"	"3"	""	"5151"	"2"		""	"L16323"	
"622.9100"	"622.9099"	"130"	""		"18224.981"	"34274.227"	"5d.6s2.(a 2D).6p"	"z 3F*"	"4"	"5d3.(b 2F).6s"	"a 1F"	"3"		""	"L16323"	
"623.6510"	"623.6506"	"69"	""		"27074.542"	"43104.728"	"5d3.(b 4F).6s"	"b 3F"	"4"	"5d2.(b 1D).6s.(b 2D).6p"	"v 3F*"	"3"		""	"L16323"	
"623.7340"	"623.7353"	"26"	""		"27533.7873"	"43561.796"	"5d2.(a 3P).6s.(a 4P).6p"	"y 5D*"	"1"	"6p2.(3P).5d.(2P).6s"	"d 3P"	"1"		""	"L16323"	
"623.8590"	"623.85831"	"860"	""		"2356.6756"	"18381.5234"	"5d2.6s2"	"a 3F"	"3"	"5d.6s2.(a 2D).6p"	"z 3D*"	"3"		""	"L16323"	
"624.1810"	"624.1816"	"85"	""		"25194.5090"	"41211.057"	"5d2.(a 3F).6s.(a 4F).6p"	"z 5D*"	"1"	"5d4"	"a 5D"	"2"		""	"L16323"	
"624.2270"	"624.2268"	"60"	""		"30977.0338"	"46992.423"	"5d2.(a 3F).6s.(a 4F).6p"	"z 3G*"	"5"	"6p2.(1D).5d.(2G).6s"	"b 3G"	"4"		""	"L16323"	
"624.3830"	"624.3841"	"9"	""		"31943.8516"	"47955.206"	"5d2.(a 3P).6s.(a 4P).6p"	"z 5S*"	"2"	"6p2.(1S).5d.(2D).6s"	"g 3D"	"2"		""	"L16323"	
"625.0160"	"625.0178"	"9"	""		"31943.3435"	"47938.463"	"5d2.(a 3P).6s.(a 4P).6p"	"y 5D*"	"4"	"5d2.(3P).6s.(a 4P).7s"	"c 5P"	"3"		""	"L16323"	
"625.0360"	"625.0377"	"17"	""		"31943.8516"	"47938.463"	"5d2.(a 3P).6s.(a 4P).6p"	"z 5S*"	"2"	"5d2.(3P).6s.(a 4P).7s"	"c 5P"	"3"		""	"L16323"	
"625.292"	"625.2950"	"9"	""		"20784.857"	"36772.8864"	"5d3.(b 4P).6s"	"a 5P"	"1"	"5d2.(a 3F).6s.(a 2F).6p"	"w 3D*"	"2"		""	"L16323"	
"625.6970"	"625.69670"	"590"	""		"26305.8081"	"42283.573"	"5d2.(a 3F).6s.(a 4F).6p"	"z 5D*"	"3"	"5d2.(3F).6s.(a 4F).7s"	"b 5F"	"4"		""	"L16323"	
"625.8790"	"625.8794"	"340"	""		"26202.5501"	"42175.652"	"5d2.(a 3F).6s.(a 4F).6p"	"z 5F*"	"5"	"5d4"	"a 5D"	"4"		""	"L16323"	
"626.2710"	""	"8"	""		""	""	""	""	""	""	""	""		""	"L16323"	
"626.2940"	"626.29519"	"25"	""		"31342.5275"	"47305.024"	"5d2.(a 3P).6s.(a 4P).6p"	"y 5D*"	"3"	"6p2.(1D).5d.(2D).6s"	"f 3D"	"2"		""	"L16323"	
"626.6630"	"626.6652"	"8"	""		"31943.8516"	"47896.924"	"5d2.(a 3P).6s.(a 4P).6p"	"z 5S*"	"2"	"6p2.(1S).5d.(2D).6s"	"g 3D"	"3"		""	"L16323"	
"627.0440"	"627.0445"	"17"	""		"34947.9749"	"50891.397"	"5d2.(a 3P).6s.(a 4P).6p"	"x 3D*"	"2"	""	"5089"	"2"		""	"L16323"	
"627.1355"	"627.13634"	"130"	""		"23252.852"	"39193.9390"	"5d3.(b 2G).6s"	"a 3G"	"4"	"5d2.(b 1D).6s.(b 2D).6p"	"v 3D*"	"3"		""	"L16323"	
"627.2770"	"627.27826"	"75"	"6.e+04"	E	"15673.341"	"31610.8213"	"5d3.(b 4F).6s"	"a 5F"	"3"	"5d2.(a 3F).6s.(a 2F).6p"	"y 1D*"	"2"		"T5346"	"L16323"	
"627.3250"	"627.3287"	"8"	""		"35993.7702"	"51929.970"	"5d2.(a 3F).6s.(a 2F).6p"	"y 3G*"	"5"	""	"5193"	"5"		""	"L16323"	
"627.5490"	"627.5492"	"130"	""		"31943.8516"	"47874.451"	"5d2.(a 3P).6s.(a 4P).6p"	"z 5S*"	"2"	"6p2.(1D).5d.(2D).6s"	"f 3D"	"1"		""	"L16323"	
"627.6410"	"627.6415"	"25"	""		"16163.3602"	"32091.617"	"5d.6s2.(a 2D).6p"	"z 3D*"	"2"	"5d3.(b 2P).6s"	"a 1P"	"1"		""	"L16323"	
"627.7197"	""	"83"	""		""	""	""	""	""	""	""	""		""	"L16323"	
"627.8400"	""	"8"	""		""	""	""	""	""	""	""	""		""	"L16323"	
"627.8804"	"627.8819"	"33"	""		"31952.2928"	"47874.451"	"5d2.(a 3P).6s.(a 4P).6p"	"z 5P*"	"1"	"6p2.(1D).5d.(2D).6s"	"f 3D"	"1"		""	"L16323"	
"629.0100"	"629.0114"	"8"	""		"25281.843"	"41175.411"	"5d3.(b 4F).6s"	"b 3F"	"3"	"5d3.(b 2G).6p"	"u 3F*"	"4"		""	"L16323"	
"629.6270"	"629.62802"	"41"	"2.0e+03"	E	"6572.5498"	"22450.5521"	"5d2.6s2"	"a 3P"	"1"	"5d2.(a 3F).6s.(a 4F).6p"	"z 5F*"	"2"		"T5346"	"L16323"	
"629.7903"	"629.7911"	"33"	""		"32533.3746"	"48407.265"	"5d2.(a 3F).6s.(a 2F).6p"	"y 3G*"	"3"	"6p2.(1S).5d.(2D).6s"	"g 1D"	"2"		""	"L16323"	
"629.8120"	"629.8115"	"25"	""		"25084.172"	"40957.550"	"5d3.(c 2D).6s"	"a 3D"	"2"	"5d3.(b 4F).6p"	"y 5G*"	"2"		""	"L16323"	
"629.8630"	""	"8"	""		""	""	""	""	""	""	""	""		""	"L16323"	
"629.9520"	"629.9517"	"410"	""		"26305.8081"	"42175.652"	"5d2.(a 3F).6s.(a 4F).6p"	"z 5D*"	"3"	"5d4"	"a 5D"	"4"		""	"L16323"	
"629.9990"	"629.9982"	"66"	""		"29401.4784"	"45270.151"	"5d2.(a 3P).6s.(a 4P).6p"	"y 3P*"	"2"	"5d2.(3P).6s.(a 4P).7s"	"e 3P"	"1"		""	"L16323"	
"630.0128"	"630.0128"	"160"	""		"2356.6756"	"18224.981"	"5d2.6s2"	"a 3F"	"3"	"5d.6s2.(a 2D).6p"	"z 3F*"	"4"		""	"L16323"	
"630.0720"	"630.07161"	"66"	""		"27149.6642"	"43016.488"	"5d2.(a 3F).6s.(a 4F).6p"	"y 3F*"	"2"	"6p2.(3P).5d.(4D).6s"	"b 5D"	"2"		""	"L16323"	
"630.0940"	"630.0949"	"16*"	""		"33139.1776"	"49005.416"	"5d2.(a 3P).6s.(a 4P).6p"	"z 5P*"	"3"	"5d2.(3F).6s.(a 2F).7s"	"i 3F"	"4"		""	"L16323"	
"630.0940"	"630.09638"	"16*"	""		"23327.739"	"39193.9390"	"5d3.(b 4F).6s"	"b 3F"	"2"	"5d2.(b 1D).6s.(b 2D).6p"	"v 3D*"	"3"		""	"L16323"	
"630.2630"	"630.2632"	"8"	""		"31119.208"	"46981.209"	"5d3.(c 2D).6s"	"b 1D"	"2"	""	"4698*"	"2"		""	"L16323"	
"630.3160"	"630.3156"	"16"	""		"33121.5094"	"48982.191"	"5d2.(a 3P).6s.(a 4P).6p"	"z 5P*"	"2"	"5d4"	"h 3D"	"1"		""	"L16323"	
"630.3900"	""	"8"	""		""	""	""	""	""	""	""	""		""	"L16323"	
"630.4310"	""	"8"	""		""	""	""	""	""	""	""	""		""	"L16323"	
"630.6000"	"630.5991"	"24*"	""		"33137.904"	"48991.455"	"5d2.(a 3P).6s.(a 4P).6p"	"x 3D*"	"1"	"5d4"	"h 3F"	"2"		""	"L16323"	
"630.6000"	"630.6024"	"24*"	""		"29401.4784"	"45254.947"	"5d2.(a 3P).6s.(a 4P).6p"	"y 3P*"	"2"	"6p2.(3P).5d.(4P).6s"	"b 5P"	"2"		""	"L16323"	
"630.6500"	"630.6498"	"16*"	""		"33139.1776"	"48991.455"	"5d2.(a 3P).6s.(a 4P).6p"	"z 5P*"	"3"	"5d4"	"h 3F"	"2"		""	"L16323"	
"630.6500"	"630.6519"	"16*"	""		"27018.812"	"42871.036"	"5d3.(2H).6s"	"a 3H"	"5"	"5d3.(b 4F).6p"	"y 5G*"	"4"		""	"L16323"	
"630.7910"	"630.7911"	"8"	""		"28200.544"	"44049.269"	"5d3.(b 2P).6s"	"c 3P"	"2"	"5d3.(b 2G).6p"	"v 1F*"	"3"		""	"L16323"	
"630.9670"	"630.9678"	"8"	""		"33137.904"	"48982.191"	"5d2.(a 3P).6s.(a 4P).6p"	"x 3D*"	"1"	"5d4"	"h 3D"	"1"		""	"L16323"	
"631.0740"	"631.07324"	"81"	""		"25634.2234"	"41475.864"	"5d2.(a 3F).6s.(a 4F).6p"	"z 5D*"	"2"	"6p2.(3P).5d.(4F).6s"	"c 5F"	"3"		""	"L16323"	
"631.1844"	"631.1843"	"410"	""		"22450.5521"	"38289.406"	"5d2.(a 3F).6s.(a 4F).6p"	"z 5F*"	"2"	"5d3.(2D).6s"	"c 1D"	"2"		""	"L16323"	
"631.2720"	"631.2723"	"24"	""		"29246.6760"	"45083.320"	"5d2.(a 3F).6s.(a 4F).6p"	"z 3G*"	"4"	"6p2.(3P).5d.(2F).6s"	"b 1F"	"3"		""	"L16323"	
"631.3410"	"631.3391"	"240"	""		"27654.3580"	"43489.327"	"5d2.(a 3F).6s.(a 4F).6p"	"y 3F*"	"3"	"5d2.(3F).6s.(a 4F).7s"	"d 3F"	"3"		""	"L16323"	
"631.8313"	"631.83236"	"240"	""		"19292.6984"	"35115.306"	"5d2.(a 3F).6s.(a 4F).6p"	"z 5G*"	"3"	""	"3512"	"2"		""	"L16323"	
"632.3690"	"632.3690"	"8"	""		"33538.1620"	"49347.343"	"5d2.(a 3F).6s.(a 2F).6p"	"x 3F*"	"2"	""	"4935"	"3"		""	"L16323"	
"632.8510"	"632.8511"	"24"	""		"33994.7455"	"49791.882"	"5d2.(a 3F).6s.(a 2F).6p"	"y 3G*"	"4"	""	"4979"	"3"		""	"L16323"	
"632.8760"	"632.8769"	"8"	""		"27074.542"	"42871.036"	"5d3.(b 4F).6s"	"b 3F"	"4"	"5d3.(b 4F).6p"	"y 5G*"	"4"		""	"L16323"	
"633.0660"	"633.0671"	"24"	""		"28583.7248"	"44375.472"	"5d2.(a 3F).6s.(a 4F).6p"	"z 3G*"	"3"	"6p2.(3P).5d.(2P).6s"	"d 3P"	"2"		""	"L16323"	
"633.8096"	"633.80994"	"640"	"1.5e+05"	D+	"10532.5690"	"26305.8081"	"5d2.6s2"	"a 1G"	"4"	"5d2.(a 3F).6s.(a 4F).6p"	"z 5D*"	"3"		"T5346"	"L16323"	
"634.0240"	""	"24"	""		""	""	""	""	""	""	""	""		""	"L16323"	
"634.0480"	"634.0497"	"24"	""		"33139.1776"	"48906.452"	"5d2.(a 3P).6s.(a 4P).6p"	"z 5P*"	"3"	"5d4"	"h 3D"	"2"		""	"L16323"	
"634.0708"	"634.07130"	"120"	""		"16766.637"	"32533.3746"	"5d3.(b 4F).6s"	"a 5F"	"4"	"5d2.(a 3F).6s.(a 2F).6p"	"y 3G*"	"3"		""	"L16323"	
"634.3980"	"634.3994"	"16"	""		"31943.8516"	"47702.436"	"5d2.(a 3P).6s.(a 4P).6p"	"z 5S*"	"2"	"6p2.(1D).5d.(2D).6s"	"f 1D"	"2"		""	"L16323"	
"634.5080"	"634.5110"	"24"	""		"26305.8081"	"42061.620"	"5d2.(a 3F).6s.(a 4F).6p"	"z 5D*"	"3"	"5d.6s2.(a 2D).7s"	"d 3D"	"3"		""	"L16323"	
"634.7100"	""	"63"	""		""	""	""	""	""	""	""	""		""	"L16323"	
"634.7370"	"634.7394"	"16"	""		"31952.2928"	"47702.436"	"5d2.(a 3P).6s.(a 4P).6p"	"z 5P*"	"1"	"6p2.(1D).5d.(2D).6s"	"f 1D"	"2"		""	"L16323"	
"634.7630"	"634.7627"	"40"	""		"25444.379"	"41193.944"	"5d3.(b 2P).6s"	"c 3P"	"0"	"5d2.(a 3P).6s.(a 2P).6p"	"w 3P*"	"1"		""	"L16323"	
"634.9910"	"634.9932"	"32"	""		"25678.643"	"41422.491"	"5d3.(2H).6s"	"a 3H"	"4"	"5d3.(b 4F).6p"	"y 5G*"	"3"		""	"L16323"	
"635.346"	"635.3452"	"24*"	""		"31610.8213"	"47345.946"	"5d2.(a 3F).6s.(a 2F).6p"	"y 1D*"	"2"	"6p2.(1D).5d.(2G).6s"	"b 3G"	"3"		""	"L16323"	
"635.346"	"635.34750"	"24*"	""		"23252.852"	"38987.9197"	"5d3.(b 2G).6s"	"a 3G"	"4"	"5d2.(a 3F).6s.(a 2F).6p"	"z 1G*"	"4"		""	"L16323"	
"635.4300"	""	"8"	""		""	""	""	""	""	""	""	""		""	"L16323"	
"635.5393"	"635.53985"	"39"	""		"33139.1776"	"48869.483"	"5d2.(a 3P).6s.(a 4P).6p"	"z 5P*"	"3"	"5d4"	"h 3F"	"3"		""	"L16323"	
"635.5680"	"635.5676"	"32"	""		"28527.998"	"44257.617"	"5d3.(b 4P).6s"	"b 3P"	"1"	""	"4426*"	"1"		""	"L16323"	
"635.5990"	""	"8"	""		""	""	""	""	""	""	""	""		""	"L16323"	
"635.7470"	"635.7482"	"8"	""		"31619.988"	"47345.139"	"5d3.(b 2F).6s"	"c 3F"	"2"	""	"4735*"	"2"		""	"L16323"	
"635.9840"	""	"79"	""		""	""	""	""	""	""	""	""		""	"L16323"	
"636.3080"	"636.3097"	"8*"	""		"14435.138"	"30146.412"	"5d.6s2.(a 2D).6p"	"z 3F*"	"2"	"5d3.(b 4P).6s"	"b 3P"	"2"		""	"L16323"	
"636.3080"	"636.3100"	"8*"	""		"33949.313"	"49660.579"	"5d2.(a 3F).6s.(a 2F).6p"	"x 3F*"	"3"	""	"4966"	"3"		""	"L16323"	
"636.6870"	"636.6857"	"8"	""		"30146.412"	"45848.407"	"5d3.(b 4P).6s"	"b 3P"	"2"	""	"4585*"	"2"		""	"L16323"	
"636.7090"	"636.7090"	"23"	""		"20908.462"	"36609.883"	"5d3.(b 4P).6s"	"a 5P"	"2"	"5d2.(a 3P).6s.(a 4P).6p"	"x 3D*"	"3"		""	"L16323"	
"637.0018"	"637.00185"	"78"	""		"31610.8213"	"47305.024"	"5d2.(a 3F).6s.(a 2F).6p"	"y 1D*"	"2"	"6p2.(1D).5d.(2D).6s"	"f 3D"	"2"		""	"L16323"	
"637.1360"	""	"31"	""		""	""	""	""	""	""	""	""		""	"L16323"	
"637.2792"	"637.2786"	"16"	""		"32533.3746"	"48220.762"	"5d2.(a 3F).6s.(a 2F).6p"	"y 3G*"	"3"	"5d4"	"h 3F"	"4"		""	"L16323"	
"637.3460"	""	"8"	""		""	""	""	""	""	""	""	""		""	"L16323"	
"637.5030"	"637.5040"	"8"	""		"29401.4784"	"45083.320"	"5d2.(a 3P).6s.(a 4P).6p"	"y 3P*"	"2"	"6p2.(3P).5d.(2F).6s"	"b 1F"	"3"		""	"L16323"	
"637.6190"	"637.6183"	"160"	""		"23448.6227"	"39127.652"	"5d2.(a 3F).6s.(a 4F).6p"	"z 5F*"	"3"	"6p2.(3P).5d.(2D).6s"	"c 3D"	"3"		""	"L16323"	
"637.6880"	""	"8"	""		""	""	""	""	""	""	""	""		""	"L16323"	
"637.7530"	"637.7535"	"23"	""		"25281.843"	"40957.550"	"5d3.(b 4F).6s"	"b 3F"	"3"	"5d3.(b 4F).6p"	"y 5G*"	"2"		""	"L16323"	
"638.0196"	"638.01884"	"620"	"3.0e+05"	C	"15673.341"	"31342.5275"	"5d3.(b 4F).6s"	"a 5F"	"3"	"5d2.(a 3P).6s.(a 4P).6p"	"y 5D*"	"3"		"T5346"	"L16323"	
"638.1564"	"638.1554"	"78"	""		"33994.7455"	"49660.579"	"5d2.(a 3F).6s.(a 2F).6p"	"y 3G*"	"4"	""	"4966"	"3"		""	"L16323"	
"638.2232"	"638.22360"	"77"	""		"25634.2234"	"41298.383"	"5d2.(a 3F).6s.(a 4F).6p"	"z 5D*"	"2"	"5d2.(3F).6s.(a 4F).7s"	"d 3F"	"2"		""	"L16323"	
"638.3690"	"638.36894"	"150"	"3.6e+04"	D	"14092.2938"	"29752.8870"	"5d3.(b 4F).6s"	"a 5F"	"1"	"5d2.(a 3P).6s.(a 4P).6p"	"y 5D*"	"2"		"T5346"	"L16323"	
"638.6229"	"638.62194"	"2300"	"1.66e+05"	C+	"2356.6756"	"18011.0647"	"5d2.6s2"	"a 3F"	"3"	"5d2.(a 3F).6s.(a 4F).6p"	"z 5G*"	"2"		"T5346"	"L21976,L16323"	
"638.8914"	"638.8920"	"150"	""		"26463.9649"	"42111.736"	"5d.6s2.(a 2D).6p"	"z 1P*"	"1"	"6p2.(3P).5d.(4D).6s"	"e 3D"	"1"		""	"L16323"	
"639.0220"	""	"77"	""		""	""	""	""	""	""	""	""		""	"L16323"	
"639.0400"	"639.0416"	"15"	""		"28200.544"	"43844.653"	"5d3.(b 2P).6s"	"c 3P"	"2"	""	"4384*"	"1"		""	"L16323"	
"639.6670"	"639.6704"	"8"	""		"33994.7455"	"49623.477"	"5d2.(a 3F).6s.(a 2F).6p"	"y 3G*"	"4"	""	"4962"	"4"		""	"L16323"	
"639.7910"	""	"8"	""		""	""	""	""	""	""	""	""		""	"L16323"	
"639.8940"	""	"8"	""		""	""	""	""	""	""	""	""		""	"L16323"	
"640.024"	"640.0267"	"15i"	""		"25084.172"	"40704.203"	"5d3.(c 2D).6s"	"a 3D"	"2"	"5d2.(a 3P).6s.(a 2P).6p"	"x 1P*"	"1"		""	"L16323c153"	
"640.6530"	"640.6540"	"110"	""		"14541.677"	"30146.412"	"5d.6s2.(a 2D).6p"	"z 3F*"	"3"	"5d3.(b 4P).6s"	"b 3P"	"2"		""	"L16323"	
"640.9500"	"640.9512"	"530"	""		"21738.7225"	"37336.222"	"5d2.(a 3F).6s.(a 4F).6p"	"z 5F*"	"1"	"5d3.(2D).6s"	"b 3D"	"1"		""	"L16323"	
"641.8020"	"641.8016"	"76"	""		"25634.2234"	"41211.057"	"5d2.(a 3F).6s.(a 4F).6p"	"z 5D*"	"2"	"5d4"	"a 5D"	"2"		""	"L16323"	
"642.0580"	"642.0594"	"8"	""		"33137.904"	"48708.483"	"5d2.(a 3P).6s.(a 4P).6p"	"x 3D*"	"1"	"5d4"	"5P?"	"2"		""	"L16323"	
"642.0860"	"642.0860"	"8"	""		"27149.6642"	"42719.599"	"5d2.(a 3F).6s.(a 4F).6p"	"y 3F*"	"2"	"6p2.(3P).5d.(4D).6s"	"e 3D"	"2"		""	"L16323"	
"642.1100"	"642.1119"	"45"	""		"33139.1776"	"48708.483"	"5d2.(a 3P).6s.(a 4P).6p"	"z 5P*"	"3"	"5d4"	"5P?"	"2"		""	"L16323"	
"642.1910"	"642.1932"	"15"	""		"26918.146"	"42485.481"	"5d3.(b 2P).6s"	"c 3P"	"1"	"5d3.(b 4P).6p"	"t 3D*"	"1"		""	"L16323"	
"642.2760"	"642.2779"	"8"	""		"36075.0722"	"51640.354"	"5d2.(a 3F).6s.(a 2F).6p"	"x 3F*"	"4"	""	"5164"	"4"		""	"L16323"	
"642.3400"	"642.3420"	"38"	""		"20960.1223"	"36523.852"	"5d2.(a 3F).6s.(a 4F).6p"	"z 5G*"	"4"	"5d3.(2D).6s"	"b 3D"	"3"		""	"L16323"	
"642.9440"	"642.94531"	"75"	""		"30733.2723"	"46282.397"	"5d2.(a 3F).6s.(a 4F).6p"	"y 3F*"	"4"	"6p2.(3P).5d.(2F).6s"	"f 3F"	"4"		""	"L16323"	
"643.0750"	"643.0770"	"37"	""		"33994.7455"	"49540.685"	"5d2.(a 3F).6s.(a 2F).6p"	"y 3G*"	"4"	"5d4"	"c 3G"	"5"		""	"L16323"	
"643.1460"	"643.1462"	"8"	""		"35284.327"	"50828.596"	"5d2.(b 1D).6s.(b 2D).6p"	"y 1P*"	"1"	""	"5083"	"1"		""	"L16323"	
"643.4520"	""	"15"	""		""	""	""	""	""	""	""	""		""	"L16323"	
"643.4770"	""	"30"	""		""	""	""	""	""	""	""	""		""	"L16323"	
"643.5600"	"643.5612"	"8"	""		"36237.353"	"51771.598"	"5d2.(b 1D).6s.(b 2D).6p"	"x 1F*"	"3"	""	"5177"	"2"		""	"L16323"	
"643.6990"	"643.7004"	"45"	""		"29246.6760"	"44777.562"	"5d2.(a 3F).6s.(a 4F).6p"	"z 3G*"	"4"	"5d2.(3F).6s.(a 4F).7s"	"d 3F"	"4"		""	"L16323"	
"643.8360"	"643.83712"	"8"	""		"22880.262"	"38407.849"	"5d3.(b 2G).6s"	"a 3G"	"3"	"5d2.(a 3F).6s.(a 2F).6p"	"w 3D*"	"3"		""	"L16323"	
"643.9030"	""	"7"	""		""	""	""	""	""	""	""	""		""	"L16323"	
"644.2220"	"644.2252"	"7"	""		"31342.5275"	"46860.761"	"5d2.(a 3P).6s.(a 4P).6p"	"y 5D*"	"3"	"5d2.(3P).6s.(a 4P).7s"	"c 5P"	"2"		""	"L16323"	
"644.3110"	"644.3116"	"7*"	""		"34877.0813"	"50393.234"	"5d2.(a 3F).6s.(a 2F).6p"	"y 1F*"	"3"	""	"5039"	"4"		""	"L16323"	
"644.3110"	"644.3141"	"7*"	""		"32533.3746"	"48049.468"	"5d2.(a 3F).6s.(a 2F).6p"	"y 3G*"	"3"	"5d2.(3F).6s.(a 2F).7s"	"d 1F"	"3"		""	"L16323"	
"644.4070"	"644.4070"	"37"	""		"28047.9411"	"43561.796"	"5d2.(a 3P).6s.(a 4P).6p"	"z 3S*"	"1"	"6p2.(3P).5d.(2P).6s"	"d 3P"	"1"		""	"L16323"	
"644.7100"	""	"7"	""		""	""	""	""	""	""	""	""		""	"L16323"	
"644.9166"	"644.9171"	"30"	""		"31610.8213"	"47112.405"	"5d2.(a 3F).6s.(a 2F).6p"	"y 1D*"	"2"	"6p2.(1D).5d.(2D).6s"	"f 3D"	"3"		""	"L16323"	
"644.9520"	"644.9511"	"15"	""		"30298.763"	"45799.531"	"5d3.(b 4P).6s"	"b 3P"	"0"	"5d3.(b 4F).6p"	"x 5D*"	"1"		""	"L16323"	
"645.1160"	"645.1176"	"7"	""		"25678.643"	"41175.411"	"5d3.(2H).6s"	"a 3H"	"4"	"5d3.(b 2G).6p"	"u 3F*"	"4"		""	"L16323"	
"645.4466"	"645.4471"	"22"	""		"32533.3746"	"48022.230"	"5d2.(a 3F).6s.(a 2F).6p"	"y 3G*"	"3"	"5d4"	"b 3H"	"4"		""	"L16323"	
"645.6956"	"645.6956"	"370"	""		"23644.7563"	"39127.652"	"5d.6s2.(a 2D).6p"	"z 1F*"	"3"	"6p2.(3P).5d.(2D).6s"	"c 3D"	"3"		""	"L16323"	
"646.1490"	"646.1488"	"7"	""		"31619.988"	"47092.024"	"5d3.(b 2F).6s"	"c 3F"	"2"	""	"4709*"	"1"		""	"L16323"	
"646.6590"	"646.6588"	"7"	""		"33139.1776"	"48599.011"	"5d2.(a 3P).6s.(a 4P).6p"	"z 5P*"	"3"	"5d4"	"c 3G"	"3"		""	"L16323"	
"646.7931"	"646.7929"	"58"	""		"16163.3602"	"31619.988"	"5d.6s2.(a 2D).6p"	"z 3D*"	"2"	"5d3.(b 2F).6s"	"c 3F"	"2"		""	"L16323"	
"646.8320"	"646.8329"	"29"	""		"33139.1776"	"48594.849"	"5d2.(a 3P).6s.(a 4P).6p"	"z 5P*"	"3"	""	"4859"	"2"		""	"L16323"	
"646.9324"	"646.9325"	"22"	""		"33538.1620"	"48991.455"	"5d2.(a 3F).6s.(a 2F).6p"	"x 3F*"	"2"	"5d4"	"h 3F"	"2"		""	"L16323"	
"647.2140"	""	"7"	""		""	""	""	""	""	""	""	""		""	"L16323"	
"647.2670"	"647.2708"	"44"	""		"22880.262"	"38325.477"	"5d3.(b 2G).6s"	"a 3G"	"3"	"5d2.(b 1D).6s.(b 2D).6p"	"v 3D*"	"2"		""	"L16323"	
"647.4140"	"647.4142"	"29"	""		"25194.5090"	"40636.304"	"5d2.(a 3F).6s.(a 4F).6p"	"z 5D*"	"1"	"6p2.(3P).5d.(4F).6s"	"c 5F"	"2"		""	"L16323"	
"647.5040"	""	"7"	""		""	""	""	""	""	""	""	""		""	"L16323"	
"647.7030"	"647.7014"	"29"	""		"27018.812"	"42453.760"	"5d3.(2H).6s"	"a 3H"	"5"	"5d2.(a 1G).6s.(a 2G).6p"	"y 1G*"	"4"		""	"L16323"	
"647.8720"	"647.8723"	"7"	""		"33121.5094"	"48552.385"	"5d2.(a 3P).6s.(a 4P).6p"	"z 5P*"	"2"	""	"4855"	"2"		""	"L16323"	
"647.9486"	""	"51"	""		""	""	""	""	""	""	""	""		""	"L16323"	
"648.1550"	"648.1553"	"29"	""		"25194.5090"	"40618.647"	"5d2.(a 3F).6s.(a 4F).6p"	"z 5D*"	"1"	"5d4"	"a 5D"	"1"		""	"L16323"	
"648.2526"	"648.2523"	"22"	""		"32533.3746"	"47955.206"	"5d2.(a 3F).6s.(a 2F).6p"	"y 3G*"	"3"	"6p2.(1S).5d.(2D).6s"	"g 3D"	"2"		""	"L16323"	
"648.3320"	""	"7"	""		""	""	""	""	""	""	""	""		""	"L16323"	
"648.5430"	"648.5427"	"22"	""		"35993.7702"	"51408.695"	"5d2.(a 3F).6s.(a 2F).6p"	"y 3G*"	"5"	""	"5141"	"5"		""	"L16323"	
"648.6320"	""	"7"	""		""	""	""	""	""	""	""	""		""	"L16323"	
"649.0610"	"649.0616"	"14"	""		"31943.3435"	"47345.946"	"5d2.(a 3P).6s.(a 4P).6p"	"y 5D*"	"4"	"6p2.(1D).5d.(2G).6s"	"b 3G"	"3"		""	"L16323"	
"649.2540"	"649.2543"	"36"	""		"33949.313"	"49347.343"	"5d2.(a 3F).6s.(a 2F).6p"	"x 3F*"	"3"	""	"4935"	"3"		""	"L16323"	
"649.5640"	"649.5632"	"7"	""		"29996.8513"	"45387.560"	"5d2.(a 3F).6s.(a 4F).6p"	"y 3D*"	"3"	"6p2.(3P).5d.(4F).6s"	"e 3F"	"4"		""	"L16323"	
"649.8460"	"649.8472"	"7"	""		"26918.146"	"42302.129"	"5d3.(b 2P).6s"	"c 3P"	"1"	"5d3.(b 2G).6p"	"u 3F*"	"2"		""	"L16323"	
"650.0490"	"650.0485"	"29"	""		"27074.542"	"42453.760"	"5d3.(b 4F).6s"	"b 3F"	"4"	"5d2.(a 1G).6s.(a 2G).6p"	"y 1G*"	"4"		""	"L16323"	
"650.1850"	"650.1864"	"7"	""		"30146.412"	"45522.369"	"5d3.(b 4P).6s"	"b 3P"	"2"	""	"4552*"	"3"		""	"L16323"	
"650.5120"	"650.5107"	"7"	""		"33538.1620"	"48906.452"	"5d2.(a 3F).6s.(a 2F).6p"	"x 3F*"	"2"	"5d4"	"h 3D"	"2"		""	"L16323"	
"650.5220"	"650.5227"	"7"	""		"29996.8513"	"45364.860"	"5d2.(a 3F).6s.(a 4F).6p"	"y 3D*"	"3"	"6p2.(3P).5d.(4P).6s"	"b 5P"	"3"		""	"L16323"	
"650.7120"	"650.7115"	"28"	""		"32533.3746"	"47896.924"	"5d2.(a 3F).6s.(a 2F).6p"	"y 3G*"	"3"	"6p2.(1S).5d.(2D).6s"	"g 3D"	"3"		""	"L16323"	
"650.8120"	"650.8101"	"36*"	""		"31619.988"	"46981.209"	"5d3.(b 2F).6s"	"c 3F"	"2"	""	"4698*"	"2"		""	"L16323"	
"650.8120"	"650.8122"	"36*"	""		"31943.8516"	"47305.024"	"5d2.(a 3P).6s.(a 4P).6p"	"z 5S*"	"2"	"6p2.(1D).5d.(2D).6s"	"f 3D"	"2"		""	"L16323"	
"651.0388"	"651.0394"	"43"	""		"31610.8213"	"46966.632"	"5d2.(a 3F).6s.(a 2F).6p"	"y 1D*"	"2"	"6p2.(1D).5d.(2F).6s"	"c 1F"	"3"		""	"L16323"	
"651.181"	"651.1817"	"21h"	""		"33994.8879"	"49347.343"	"5d2.(a 1G).6s.(a 2G).6p"	"w 3F*"	"2"	""	"4935"	"3"		""	"L16323"	
"651.2370"	"651.2363"	"21"	""		"31610.8213"	"46961.989"	"5d2.(a 3F).6s.(a 2F).6p"	"y 1D*"	"2"	"6p2.(1D).5d.(2F).6s"	"g 3F"	"2"		""	"L16323"	
"651.8140"	"651.8128"	"7"	""		"33121.5094"	"48459.099"	"5d2.(a 3P).6s.(a 4P).6p"	"z 5P*"	"2"	"5d2.(3F).6s.(a 2F).7s"	"i 3F"	"2"		""	"L16323"	
"651.9820"	"651.9815"	"7"	""		"36075.0722"	"51408.695"	"5d2.(a 3F).6s.(a 2F).6p"	"x 3F*"	"4"	""	"5141"	"5"		""	"L16323"	
"652.1175"	"652.1171"	"110"	""		"29752.8870"	"45083.320"	"5d2.(a 3P).6s.(a 4P).6p"	"y 5D*"	"2"	"6p2.(3P).5d.(2F).6s"	"b 1F"	"3"		""	"L16323"	
"652.1820"	"652.1827"	"14"	""		"20908.462"	"36237.353"	"5d3.(b 4P).6s"	"a 5P"	"2"	"5d2.(b 1D).6s.(b 2D).6p"	"x 1F*"	"3"		""	"L16323"	
"652.3920"	"652.3908"	"210"	""		"19791.3040"	"35115.306"	"5d.6s2.(a 2D).6p"	"z 3P*"	"2"	""	"3512"	"2"		""	"L16323"	
"652.513"	"652.5103"	"14*"	""		"33137.904"	"48459.099"	"5d2.(a 3P).6s.(a 4P).6p"	"x 3D*"	"1"	"5d2.(3F).6s.(a 2F).7s"	"i 3F"	"2"		""	"L16323"	
"652.513"	"652.5122"	"14*"	""		"27074.542"	"42395.693"	"5d3.(b 4F).6s"	"b 3F"	"4"	"5d2.(a 1G).6s.(a 2G).6p"	"w 1F*"	"3"		""	"L16323"	
"652.5330"	"652.5325"	"14"	""		"36075.0722"	"51395.746"	"5d2.(a 3F).6s.(a 2F).6p"	"x 3F*"	"4"	""	"5140"	"3"		""	"L16323"	
"652.5660"	"652.5646"	"7"	""		"33139.1776"	"48459.099"	"5d2.(a 3P).6s.(a 4P).6p"	"z 5P*"	"3"	"5d2.(3F).6s.(a 2F).7s"	"i 3F"	"2"		""	"L16323"	
"652.6030"	"652.60165"	"21"	""		"25194.5090"	"40513.560"	"5d2.(a 3F).6s.(a 4F).6p"	"z 5D*"	"1"	"5d.6s2.(a 2D).7s"	"d 3D"	"2"		""	"L16323"	
"652.6770"	"652.6765"	"63"	""		"28200.544"	"43517.838"	"5d3.(b 2P).6s"	"c 3P"	"2"	"5d2.(a 3P).6s.(a 2P).6p"	"w 1D*"	"2"		""	"L16323"	
"652.7050"	"652.7037"	"7"	""		"28527.998"	"43844.653"	"5d3.(b 4P).6s"	"b 3P"	"1"	""	"4384*"	"1"		""	"L16323"	
"653.0230"	"653.02224"	"21"	""		"14092.2938"	"29401.4784"	"5d3.(b 4F).6s"	"a 5F"	"1"	"5d2.(a 3P).6s.(a 4P).6p"	"y 3P*"	"2"		""	"L16323"	
"653.1860"	"653.1853"	"70"	""		"30977.0338"	"46282.397"	"5d2.(a 3F).6s.(a 4F).6p"	"z 3G*"	"5"	"6p2.(3P).5d.(2F).6s"	"f 3F"	"4"		""	"L16323"	
"653.4090"	"653.4080"	"28"	""		"21738.7225"	"37038.868"	"5d2.(a 3F).6s.(a 4F).6p"	"z 5F*"	"1"	"5d3.(2D).6s"	"b 3D"	"2"		""	"L16323"	
"653.6560"	"653.6552"	"100"	""		"28267.4366"	"43561.796"	"5d2.(a 3F).6s.(a 4F).6p"	"y 3D*"	"2"	"6p2.(3P).5d.(2P).6s"	"d 3P"	"1"		""	"L16323"	
"654.0240"	"654.0232"	"14"	""		"33121.5094"	"48407.265"	"5d2.(a 3P).6s.(a 4P).6p"	"z 5P*"	"2"	"6p2.(1S).5d.(2D).6s"	"g 1D"	"2"		""	"L16323"	
"654.1580"	""	"14"	""		""	""	""	""	""	""	""	""		""	"L16323"	
"654.9350"	""	"7"	""		""	""	""	""	""	""	""	""		""	"L16323"	
"655.0680"	"655.0687"	"62"	""		"30733.2723"	"45994.631"	"5d2.(a 3F).6s.(a 4F).6p"	"y 3F*"	"4"	"6p2.(3P).5d.(4F).6s"	"e 3F"	"3"		""	"L16323"	
"655.2910"	"655.29196"	"140"	"6.e+04"	E	"14740.6924"	"29996.8513"	"5d3.(b 4F).6s"	"a 5F"	"2"	"5d2.(a 3F).6s.(a 4F).6p"	"y 3D*"	"3"		"T5346"	"L16323"	
"655.6480"	"655.6476"	"480"	""		"25634.2234"	"40882.107"	"5d2.(a 3F).6s.(a 4F).6p"	"z 5D*"	"2"	"5d2.(3F).6s.(a 4F).7s"	"b 5F"	"3"		""	"L16323"	
"655.7590"	"655.7591"	"27"	""		"34947.9749"	"50193.266"	"5d2.(a 3P).6s.(a 4P).6p"	"x 3D*"	"2"	""	"5019"	"2"		""	"L16323"	
"656.7670"	"656.7672"	"140"	""		"28267.4366"	"43489.327"	"5d2.(a 3F).6s.(a 4F).6p"	"y 3D*"	"2"	"5d2.(3F).6s.(a 4F).7s"	"d 3F"	"3"		""	"L16323"	
"656.8020"	"656.8032"	"20"	""		"36419.298"	"51640.354"	"5d2.(a 1G).6s.(a 2G).6p"	"z 3H*"	"5"	""	"5164"	"4"		""	"L16323"	
"657.2270"	"657.2266"	"34"	""		"27149.6642"	"42360.915"	"5d2.(a 3F).6s.(a 4F).6p"	"y 3F*"	"2"	"6p2.(3P).5d.(4D).6s"	"e 3D"	"3"		""	"L16323"	
"657.3480"	"657.3507"	"7"	""		"33538.1620"	"48746.542"	"5d2.(a 3F).6s.(a 2F).6p"	"x 3F*"	"2"	"5d2.(3F).6s.(a 2F).7s"	"i 3F"	"3"		""	"L16323"	
"657.3780"	"657.3792"	"14"	""		"35993.7702"	"51201.490"	"5d2.(a 3F).6s.(a 2F).6p"	"y 3G*"	"5"	"5d4"	"1G"	"4"		""	"L16323"	
"657.6964"	"657.6977"	"27"	""		"19791.3040"	"34991.659"	"5d.6s2.(a 2D).6p"	"z 3P*"	"2"	""	"3499"	"1"		""	"L16323"	
"657.8138"	"657.8150"	"27"	""		"33121.5094"	"48319.153"	"5d2.(a 3P).6s.(a 4P).6p"	"z 5P*"	"2"	""	"4832"	"3"		""	"L16323"	
"658.2140"	"658.2155"	"7"	""		"33121.5094"	"48309.906"	"5d2.(a 3P).6s.(a 4P).6p"	"z 5P*"	"2"	"6p2.(1S).5d.(2D).6s"	"g 3D"	"1"		""	"L16323"	
"658.3260"	"658.3276"	"20"	""		"27533.7873"	"42719.599"	"5d2.(a 3P).6s.(a 4P).6p"	"y 5D*"	"1"	"6p2.(3P).5d.(4D).6s"	"e 3D"	"2"		""	"L16323"	
"658.4420"	"658.4422"	"13"	""		"25084.172"	"40267.341"	"5d3.(c 2D).6s"	"a 3D"	"2"	"5d2.(a 3P).6s.(a 2P).6p"	"u 3D*"	"2"		""	"L16323"	
"658.5794"	"658.5807"	"54"	""		"33139.1776"	"48319.153"	"5d2.(a 3P).6s.(a 4P).6p"	"z 5P*"	"3"	""	"4832"	"3"		""	"L16323"	
"658.7230"	"658.72254"	"1000"	""		"16766.637"	"31943.3435"	"5d3.(b 4F).6s"	"a 5F"	"4"	"5d2.(a 3P).6s.(a 4P).6p"	"y 5D*"	"4"		""	"L16323"	
"659.0111"	"659.0113"	"67"	""		"26305.8081"	"41475.864"	"5d2.(a 3F).6s.(a 4F).6p"	"z 5D*"	"3"	"6p2.(3P).5d.(4F).6s"	"c 5F"	"3"		""	"L16323"	
"659.0540"	"659.0545"	"7*"	""		"31943.3435"	"47112.405"	"5d2.(a 3P).6s.(a 4P).6p"	"y 5D*"	"4"	"6p2.(1D).5d.(2D).6s"	"f 3D"	"3"		""	"L16323"	
"659.0540"	"659.0545"	"7*"	""		"32533.3746"	"47702.436"	"5d2.(a 3F).6s.(a 2F).6p"	"y 3G*"	"3"	"6p2.(1D).5d.(2D).6s"	"f 1D"	"2"		""	"L16323"	
"659.0767"	"659.0766"	"54"	""		"31943.8516"	"47112.405"	"5d2.(a 3P).6s.(a 4P).6p"	"z 5S*"	"2"	"6p2.(1D).5d.(2D).6s"	"f 3D"	"3"		""	"L16323"	
"659.1800"	"659.18007"	"200"	"1.3e+04"	D	"6572.5498"	"21738.7225"	"5d2.6s2"	"a 3P"	"1"	"5d2.(a 3F).6s.(a 4F).6p"	"z 5F*"	"1"		"T5346"	"L16323"	
"659.5188"	"659.5184"	"13"	""		"36237.353"	"51395.746"	"5d2.(b 1D).6s.(b 2D).6p"	"x 1F*"	"3"	""	"5140"	"3"		""	"L16323"	
"659.5491"	"659.5497"	"54"	""		"26918.146"	"42075.820"	"5d3.(b 2P).6s"	"c 3P"	"1"	"5d2.(a 3P).6s.(a 2P).6p"	"w 3P*"	"2"		""	"L16323"	
"659.6654"	"659.6662"	"40"	""		"23252.852"	"38407.849"	"5d3.(b 2G).6s"	"a 3G"	"4"	"5d2.(a 3F).6s.(a 2F).6p"	"w 3D*"	"3"		""	"L16323"	
"659.6900"	"659.6910"	"13"	""		"27516.4201"	"42670.846"	"5d2.(a 3F).6s.(a 4F).6p"	"z 5D*"	"4"	"6p2.(3P).5d.(4F).6s"	"c 5F"	"4"		""	"L16323"	
"661.1020"	"661.1027"	"7"	""		"34877.0813"	"49999.148"	"5d2.(a 3F).6s.(a 2F).6p"	"y 1F*"	"3"	""	"5000"	"3"		""	"L16323"	
"661.2680"	"661.2680"	"13"	""		"26918.146"	"42036.433"	"5d3.(b 2P).6s"	"c 3P"	"1"	"5d3.(b 4P).6p"	"v 3P*"	"1"		""	"L16323"	
"661.6180"	"661.6181"	"33"	""		"25084.172"	"40194.4590"	"5d3.(c 2D).6s"	"a 3D"	"2"	"5d2.(b 1D).6s.(b 2D).6p"	"v 3F*"	"2"		""	"L16323"	
"661.6660"	"661.6653"	"26"	""		"26715.403"	"41824.611"	"5d3.(c 2D).6s"	"a 3D"	"3"	"5d3.(b 2G).6p"	"u 3F*"	"3"		""	"L16323"	
"662.1130"	"662.1124"	"7"	""		"31119.208"	"46218.213"	"5d3.(c 2D).6s"	"b 1D"	"2"	""	"4622*"	"3"		""	"L16323"	
"662.2760"	"662.2776"	"13"	""		"31342.5275"	"46437.767"	"5d2.(a 3P).6s.(a 4P).6p"	"y 5D*"	"3"	"6p2.(3P).5d.(4P).6s"	"f 3P"	"2"		""	"L16323"	
"662.4350"	""	"7"	""		""	""	""	""	""	""	""	""		""	"L16323"	
"662.5570"	"662.5592"	"26"	""		"25678.643"	"40767.466"	"5d3.(2H).6s"	"a 3H"	"4"	"5d2.(a 3P).6s.(a 2P).6p"	"u 3D*"	"3"		""	"L16323"	
"662.6620"	"662.6626"	"20"	""		"29996.8513"	"45083.320"	"5d2.(a 3F).6s.(a 4F).6p"	"y 3D*"	"3"	"6p2.(3P).5d.(2F).6s"	"b 1F"	"3"		""	"L16323"	
"662.7910"	"662.7919"	"13"	""		"28047.9411"	"43131.468"	"5d2.(a 3P).6s.(a 4P).6p"	"z 3S*"	"1"	"5d.6s.6p2"	"5D"	"0"		""	"L16323"	
"662.8767"	"662.8772"	"39"	""		"33139.1776"	"48220.762"	"5d2.(a 3P).6s.(a 4P).6p"	"z 5P*"	"3"	"5d4"	"h 3F"	"4"		""	"L16323"	
"663.2590"	"663.2599"	"13"	""		"32533.3746"	"47606.258"	"5d2.(a 3F).6s.(a 2F).6p"	"y 3G*"	"3"	"6p2.(1D).5d.(2G).6s"	"b 1G"	"4"		""	"L16323"	
"663.3520"	"663.3526"	"7"	""		"22199.110"	"37269.8860"	"5d3.(b 4P).6s"	"a 5P"	"3"	"5d2.(a 1G).6s.(a 2G).6p"	"w 3F*"	"4"		""	"L16323"	
"663.9970"	"663.9991"	"13"	""		"33949.313"	"49005.416"	"5d2.(a 3F).6s.(a 2F).6p"	"x 3F*"	"3"	"5d2.(3F).6s.(a 2F).7s"	"i 3F"	"4"		""	"L16323"	
"664.1210"	"664.1229"	"13"	""		"26715.403"	"41768.700"	"5d3.(c 2D).6s"	"a 3D"	"3"	"5d2.(b 1D).6s.(b 2D).6p"	"x 1D*"	"2"		""	"L16323"	
"664.3085"	"664.3090"	"58"	""		"31943.3435"	"46992.423"	"5d2.(a 3P).6s.(a 4P).6p"	"y 5D*"	"4"	"6p2.(1D).5d.(2G).6s"	"b 3G"	"4"		""	"L16323"	
"664.6150"	"664.6154"	"7"	""		"33949.313"	"48991.455"	"5d2.(a 3F).6s.(a 2F).6p"	"x 3F*"	"3"	"5d4"	"h 3F"	"2"		""	"L16323"	
"664.9050"	"664.9060"	"13"	""		"28526.2274"	"43561.796"	"5d2.(a 3P).6s.(a 4P).6p"	"y 3P*"	"0"	"6p2.(3P).5d.(2P).6s"	"d 3P"	"1"		""	"L16323"	
"665.4520"	"665.4495"	"6"	""		"31943.3435"	"46966.632"	"5d2.(a 3P).6s.(a 4P).6p"	"y 5D*"	"4"	"6p2.(1D).5d.(2F).6s"	"c 1F"	"3"		""	"L16323"	
"665.6760"	"665.6777"	"6"	""		"31943.8516"	"46961.989"	"5d2.(a 3P).6s.(a 4P).6p"	"z 5S*"	"2"	"6p2.(1D).5d.(2F).6s"	"g 3F"	"2"		""	"L16323"	
"665.7510"	"665.7508"	"58"	""		"27654.3580"	"42670.846"	"5d2.(a 3F).6s.(a 4F).6p"	"y 3F*"	"3"	"6p2.(3P).5d.(4F).6s"	"c 5F"	"4"		""	"L16323"	
"665.9420"	"665.94124"	"260"	"1.6e+05"	D+	"14740.6924"	"29752.8870"	"5d3.(b 4F).6s"	"a 5F"	"2"	"5d2.(a 3P).6s.(a 4P).6p"	"y 5D*"	"2"		"T5346"	"L16323"	
"666.0507"	"666.0521"	"6"	""		"31952.2928"	"46961.989"	"5d2.(a 3P).6s.(a 4P).6p"	"z 5P*"	"1"	"6p2.(1D).5d.(2F).6s"	"g 3F"	"2"		""	"L16323"	
"666.3900"	"666.3902"	"13"	""		"25634.2234"	"40636.304"	"5d2.(a 3F).6s.(a 4F).6p"	"z 5D*"	"2"	"6p2.(3P).5d.(4F).6s"	"c 5F"	"2"		""	"L16323"	
"666.4640"	"666.4646"	"6"	""		"32091.617"	"47092.024"	"5d3.(b 2P).6s"	"a 1P"	"1"	""	"4709*"	"1"		""	"L16323"	
"666.5839"	"666.5832"	"6"	""		"23327.739"	"38325.477"	"5d3.(b 4F).6s"	"b 3F"	"2"	"5d2.(b 1D).6s.(b 2D).6p"	"v 3D*"	"2"		""	"L16323"	
"666.6350"	"666.6352"	"64"	""		"33994.8879"	"48991.455"	"5d2.(a 1G).6s.(a 2G).6p"	"w 3F*"	"2"	"5d4"	"h 3F"	"2"		""	"L16323"	
"666.789"	""	"19hl"	""		""	""	""	""	""	""	""	""		""	"L16323"	
"666.814"	"666.81271"	"25h*"	""		"26305.8081"	"41298.383"	"5d2.(a 3F).6s.(a 4F).6p"	"z 5D*"	"3"	"5d2.(3F).6s.(a 4F).7s"	"d 3F"	"2"		""	"L16323"	
"666.814"	"666.8168"	"25h*"	""		"30146.412"	"45138.894"	"5d3.(b 4P).6s"	"b 3P"	"2"	""	"4514*"	"2"		""	"L16323"	
"666.9340"	"666.9344"	"95"	""		"28527.998"	"43517.838"	"5d3.(b 4P).6s"	"b 3P"	"1"	"5d2.(a 3P).6s.(a 2P).6p"	"w 1D*"	"2"		""	"L16323"	
"666.949"	"666.9541"	"13"	""		"36419.298"	"51408.695"	"5d2.(a 1G).6s.(a 2G).6p"	"z 3H*"	"5"	""	"5141"	"5"		""	"L16323"	
"666.9970"	""	"13"	""		""	""	""	""	""	""	""	""		""	"L16323"	
"667.0470"	"667.0473"	"6"	""		"33994.8879"	"48982.191"	"5d2.(a 1G).6s.(a 2G).6p"	"w 3F*"	"2"	"5d4"	"h 3D"	"1"		""	"L16323"	
"667.1280"	"667.1276"	"130"	""		"25281.843"	"40267.341"	"5d3.(b 4F).6s"	"b 3F"	"3"	"5d2.(a 3P).6s.(a 2P).6p"	"u 3D*"	"2"		""	"L16323"	
"667.6390"	"667.6402"	"32"	""		"29401.4784"	"44375.472"	"5d2.(a 3P).6s.(a 4P).6p"	"y 3P*"	"2"	"6p2.(3P).5d.(2P).6s"	"d 3P"	"2"		""	"L16323"	
"667.8820"	"667.8831"	"38"	""		"28047.9411"	"43016.488"	"5d2.(a 3P).6s.(a 4P).6p"	"z 3S*"	"1"	"6p2.(3P).5d.(4D).6s"	"b 5D"	"2"		""	"L16323"	
"668.4500"	"668.4502"	"190"	""		"16163.3602"	"31119.208"	"5d.6s2.(a 2D).6p"	"z 3D*"	"2"	"5d3.(c 2D).6s"	"b 1D"	"2"		""	"L16323"	
"669.1660"	"669.1651"	"130"	""		"31342.5275"	"46282.397"	"5d2.(a 3P).6s.(a 4P).6p"	"y 5D*"	"3"	"6p2.(3P).5d.(2F).6s"	"f 3F"	"4"		""	"L16323"	
"669.3491"	"669.3499"	"94"	""		"25194.5090"	"40130.254"	"5d2.(a 3F).6s.(a 4F).6p"	"z 5D*"	"1"	"6p2.(3P).5d.(2D).6s"	"d 1D"	"2"		""	"L16323"	
"669.4260"	""	"12"	""		""	""	""	""	""	""	""	""		""	"L16323"	
"669.8450"	""	"12"	""		""	""	""	""	""	""	""	""		""	"L16323"	
"670.2300"	"670.2315"	"6"	""		"30733.2723"	"45649.372"	"5d2.(a 3F).6s.(a 4F).6p"	"y 3F*"	"4"	"6p2.(3P).5d.(2F).6s"	"f 3F"	"3"		""	"L16323"	
"670.2900"	"670.2899"	"19"	""		"34877.0813"	"49791.882"	"5d2.(a 3F).6s.(a 2F).6p"	"y 1F*"	"3"	""	"4979"	"3"		""	"L16323"	
"670.4170"	"670.4178"	"12"	""		"27149.6642"	"42061.620"	"5d2.(a 3F).6s.(a 4F).6p"	"y 3F*"	"2"	"5d.6s2.(a 2D).7s"	"d 3D"	"3"		""	"L16323"	
"670.4330"	"670.4354"	"12"	""		"33994.8879"	"48906.452"	"5d2.(a 1G).6s.(a 2G).6p"	"w 3F*"	"2"	"5d4"	"h 3D"	"2"		""	"L16323"	
"670.4926"	"670.4926"	"25"	""		"33139.1776"	"48049.468"	"5d2.(a 3P).6s.(a 4P).6p"	"z 5P*"	"3"	"5d2.(3F).6s.(a 2F).7s"	"d 1F"	"3"		""	"L16323"	
"670.5230"	""	"25"	""		""	""	""	""	""	""	""	""		""	"L16323"	
"670.5740"	"670.5746"	"6"	""		"31952.2928"	"46860.761"	"5d2.(a 3P).6s.(a 4P).6p"	"z 5P*"	"1"	"5d2.(3P).6s.(a 4P).7s"	"c 5P"	"2"		""	"L16323"	
"670.7032"	"670.7035"	"6"	""		"28583.7248"	"43489.327"	"5d2.(a 3F).6s.(a 4F).6p"	"z 3G*"	"3"	"5d2.(3F).6s.(a 4F).7s"	"d 3F"	"3"		""	"L16323"	
"670.7200"	"670.7194"	"25"	""		"26305.8081"	"41211.057"	"5d2.(a 3F).6s.(a 4F).6p"	"z 5D*"	"3"	"5d4"	"a 5D"	"2"		""	"L16323"	
"670.7662"	"670.7673"	"12"	""		"28200.544"	"43104.728"	"5d3.(b 2P).6s"	"c 3P"	"2"	"5d2.(b 1D).6s.(b 2D).6p"	"v 3F*"	"3"		""	"L16323"	
"670.8330"	"670.8325"	"120"	""		"24085.183"	"38987.9197"	"5d3.(b 2G).6s"	"a 3G"	"5"	"5d2.(a 3F).6s.(a 2F).6p"	"z 1G*"	"4"		""	"L16323"	
"671.3480"	"671.3480"	"1200"	""		"16163.3602"	"31054.653"	"5d.6s2.(a 2D).6p"	"z 3D*"	"2"	"5d3.(b 2F).6s"	"c 3F"	"3"		""	"L16323"	
"671.6014"	"671.6016"	"180"	""		"22450.5521"	"37336.222"	"5d2.(a 3F).6s.(a 4F).6p"	"z 5F*"	"2"	"5d3.(2D).6s"	"b 3D"	"1"		""	"L16323"	
"671.7190"	"671.7197"	"18"	""		"33139.1776"	"48022.230"	"5d2.(a 3P).6s.(a 4P).6p"	"z 5P*"	"3"	"5d4"	"b 3H"	"4"		""	"L16323"	
"671.8870"	"671.88749"	"12"	""		"25634.2234"	"40513.560"	"5d2.(a 3F).6s.(a 4F).6p"	"z 5D*"	"2"	"5d.6s2.(a 2D).7s"	"d 3D"	"2"		""	"L16323"	
"672.0950"	"672.0952"	"12"	""		"33994.7455"	"48869.483"	"5d2.(a 3F).6s.(a 2F).6p"	"y 3G*"	"4"	"5d4"	"h 3F"	"3"		""	"L16323"	
"672.3510"	"672.3499"	"18"	""		"33538.1620"	"48407.265"	"5d2.(a 3F).6s.(a 2F).6p"	"x 3F*"	"2"	"6p2.(1S).5d.(2D).6s"	"g 1D"	"2"		""	"L16323"	
"673.4650"	"673.4645"	"12"	""		"27516.4201"	"42360.915"	"5d2.(a 3F).6s.(a 4F).6p"	"z 5D*"	"4"	"6p2.(3P).5d.(4D).6s"	"e 3D"	"3"		""	"L16323"	
"673.6420"	"673.6420"	"6"	""		"31342.5275"	"46183.110"	"5d2.(a 3P).6s.(a 4P).6p"	"y 5D*"	"3"	"5d.6s2.(a 2D).7s"	"e 1D"	"2"		""	"L16323"	
"673.715"	"673.7161"	"6*"	""		"31943.8516"	"46782.803"	"5d2.(a 3P).6s.(a 4P).6p"	"z 5S*"	"2"	"6p2.(3P).5d.(2P).6s"	"b 1P"	"1"		""	"L16323"	
"673.715"	"673.7182"	"6*"	""		"31342.5275"	"46181.433"	"5d2.(a 3P).6s.(a 4P).6p"	"y 5D*"	"3"	""	"4618"	"3"		""	"L16323"	
"673.9210"	"673.92197"	"55"	""		"26463.9649"	"41298.383"	"5d.6s2.(a 2D).6p"	"z 1P*"	"1"	"5d2.(3F).6s.(a 4F).7s"	"d 3F"	"2"		""	"L16323"	
"674.2640"	"674.2616"	"6"	""		"31610.8213"	"46437.767"	"5d2.(a 3F).6s.(a 2F).6p"	"y 1D*"	"2"	"6p2.(3P).5d.(4P).6s"	"f 3P"	"2"		""	"L16323"	
"674.4000"	"674.4002"	"42"	""		"24966.809"	"39790.707"	"5d2.(a 3F).6s.(a 4F).6p"	"z 5D*"	"0"	"6p2.(3P).5d.(4F).6s"	"c 5F"	"1"		""	"L16323"	
"674.5610"	"674.5605"	"6"	""		"30501.127"	"45321.503"	"5d3.(b 2G).6s"	"a 1G"	"4"	"5d2.(b 1D).6s.(b 2D).6p"	"v 3F*"	"4"		""	"L16323"	
"674.7000"	"674.7005"	"12"	""		"33137.904"	"47955.206"	"5d2.(a 3P).6s.(a 4P).6p"	"x 3D*"	"1"	"6p2.(1S).5d.(2D).6s"	"g 3D"	"2"		""	"L16323"	
"674.7160"	"674.7163"	"6"	""		"33121.5094"	"47938.463"	"5d2.(a 3P).6s.(a 4P).6p"	"z 5P*"	"2"	"5d2.(3P).6s.(a 4P).7s"	"c 5P"	"3"		""	"L16323"	
"674.7560"	"674.7585"	"6"	""		"33139.1776"	"47955.206"	"5d2.(a 3P).6s.(a 4P).6p"	"z 5P*"	"3"	"6p2.(1S).5d.(2D).6s"	"g 3D"	"2"		""	"L16323"	
"674.9150"	"674.9159"	"6"	""		"32533.3746"	"47345.946"	"5d2.(a 3F).6s.(a 2F).6p"	"y 3G*"	"3"	"6p2.(1D).5d.(2G).6s"	"b 3G"	"3"		""	"L16323"	
"675.6160"	"675.6157"	"12"	""		"33949.313"	"48746.542"	"5d2.(a 3F).6s.(a 2F).6p"	"x 3F*"	"3"	"5d2.(3F).6s.(a 2F).7s"	"i 3F"	"3"		""	"L16323"	
"676.2420"	"676.2433"	"24"	""		"34877.0813"	"49660.579"	"5d2.(a 3F).6s.(a 2F).6p"	"y 1F*"	"3"	""	"4966"	"3"		""	"L16323"	
"676.3030"	"676.3030"	"6"	""		"36419.298"	"51201.490"	"5d2.(a 1G).6s.(a 2G).6p"	"z 3H*"	"5"	"5d4"	"1G"	"4"		""	"L16323"	
"676.3705"	"676.3708"	"54"	""		"29996.8513"	"44777.562"	"5d2.(a 3F).6s.(a 4F).6p"	"y 3D*"	"3"	"5d2.(3F).6s.(a 4F).7s"	"d 3F"	"4"		""	"L16323"	
"676.7270"	"676.7266"	"120"	""		"10508.904"	"25281.843"	"5d.6s2.(a 2D).6p"	"z 1D*"	"2"	"5d3.(b 4F).6s"	"b 3F"	"3"		""	"L16323"	
"676.788"	"676.7857"	"30*"	""		"32533.3746"	"47305.024"	"5d2.(a 3F).6s.(a 2F).6p"	"y 3G*"	"3"	"6p2.(1D).5d.(2D).6s"	"f 3D"	"2"		""	"L16323"	
"676.788"	"676.7914"	"30*"	""		"28790.2720"	"43561.796"	"5d2.(a 3F).6s.(a 4F).6p"	"y 3D*"	"1"	"6p2.(3P).5d.(2P).6s"	"d 3P"	"1"		""	"L16323"	
"676.9924"	"676.9917"	"240"	""		"27516.4201"	"42283.573"	"5d2.(a 3F).6s.(a 4F).6p"	"z 5D*"	"4"	"5d2.(3F).6s.(a 4F).7s"	"b 5F"	"4"		""	"L16323"	
"677.087"	""	"12h"	""		""	""	""	""	""	""	""	""		""	"L16323"	
"677.3060"	"677.3054"	"180"	""		"24085.183"	"38845.497"	"5d3.(b 2G).6s"	"a 3G"	"5"	"5d2.(a 1G).6s.(a 2G).6p"	"x 3G*"	"5"		""	"L16323"	
"677.363"	"677.3579"	"18h"	""		"33949.313"	"48708.483"	"5d2.(a 3F).6s.(a 2F).6p"	"x 3F*"	"3"	"5d4"	"5P?"	"2"		""	"L16323"	
"677.4220"	"677.4233"	"12"	""		"33139.1776"	"47896.924"	"5d2.(a 3P).6s.(a 4P).6p"	"z 5P*"	"3"	"6p2.(1S).5d.(2D).6s"	"g 3D"	"3"		""	"L16323"	
"677.4360"	""	"24"	""		""	""	""	""	""	""	""	""		""	"L16323"	
"677.8240"	"677.8226"	"6"	""		"28267.4366"	"43016.488"	"5d2.(a 3F).6s.(a 4F).6p"	"y 3D*"	"2"	"6p2.(3P).5d.(4D).6s"	"b 5D"	"2"		""	"L16323"	
"678.2660"	"678.2652"	"6"	""		"35453.8381"	"50193.266"	"5d2.(a 1G).6s.(a 2G).6p"	"w 3F*"	"3"	""	"5019"	"2"		""	"L16323"	
"678.6400"	""	"6"	""		""	""	""	""	""	""	""	""		""	"L16323"	
"678.9280"	"678.92714"	"5900"	""		"4567.6413"	"19292.6984"	"5d2.6s2"	"a 3F"	"4"	"5d2.(a 3F).6s.(a 4F).6p"	"z 5G*"	"3"		""	"L16323"	
"679.3990"	"679.3982"	"58"	""		"30733.2723"	"45448.119"	"5d2.(a 3F).6s.(a 4F).6p"	"y 3F*"	"4"	"5d.6s2.6d"	"3G"	"5"		""	"L16323"	
"679.7560"	"679.7567"	"12"	""		"26715.403"	"41422.491"	"5d3.(c 2D).6s"	"a 3D"	"3"	"5d3.(b 4F).6p"	"y 5G*"	"3"		""	"L16323"	
"679.7810"	"679.7812"	"17"	""		"27654.3580"	"42360.915"	"5d2.(a 3F).6s.(a 4F).6p"	"y 3F*"	"3"	"6p2.(3P).5d.(4D).6s"	"e 3D"	"3"		""	"L16323"	
"679.8481"	""	"6"	""		""	""	""	""	""	""	""	""		""	"L16323"	
"680.1771"	"680.17797"	"41"	""		"14092.2938"	"28790.2720"	"5d3.(b 4F).6s"	"a 5F"	"1"	"5d2.(a 3F).6s.(a 4F).6p"	"y 3D*"	"1"		""	"L16323"	
"680.5313"	""	"17"	""		""	""	""	""	""	""	""	""		""	"L16323"	
"681.4960"	"681.4982"	"29"	""		"31610.8213"	"46280.325"	"5d2.(a 3F).6s.(a 2F).6p"	"y 1D*"	"2"	"6p2.(1D).5d.(2F).6s"	"g 3F"	"3"		""	"L16323"	
"681.8950"	"681.89395"	"11000"	"1.56e+06"	B	"8983.7652"	"23644.7563"	"5d2.6s2"	"a 3P"	"2"	"5d.6s2.(a 2D).6p"	"z 1F*"	"3"		"T5346"	"L16323"	
"682.2060"	"682.2059"	"23"	""		"30733.2723"	"45387.560"	"5d2.(a 3F).6s.(a 4F).6p"	"y 3F*"	"4"	"6p2.(3P).5d.(4F).6s"	"e 3F"	"4"		""	"L16323"	
"682.4340"	"682.4346"	"17"	""		"25194.5090"	"39843.886"	"5d2.(a 3F).6s.(a 4F).6p"	"z 5D*"	"1"	"5d4"	"a 5D"	"0"		""	"L16323"	
"682.6550"	"682.6549"	"570"	""		"23644.7563"	"38289.406"	"5d.6s2.(a 2D).6p"	"z 1F*"	"3"	"5d3.(2D).6s"	"c 1D"	"2"		""	"L16323"	
"683.262"	"683.2643"	"17h"	""		"30733.2723"	"45364.860"	"5d2.(a 3F).6s.(a 4F).6p"	"y 3F*"	"4"	"6p2.(3P).5d.(4P).6s"	"b 5P"	"3"		""	"L16323"	
"683.3750"	"683.3751"	"110"	""		"27654.3580"	"42283.573"	"5d2.(a 3F).6s.(a 4F).6p"	"y 3F*"	"3"	"5d2.(3F).6s.(a 4F).7s"	"b 5F"	"4"		""	"L16323"	
"683.4180"	"683.4163"	"6"	""		"37301.637"	"51929.970"	"5d2.(a 1G).6s.(a 2G).6p"	"z 3H*"	"6"	""	"5193"	"5"		""	"L16323"	
"683.6830"	"683.6850"	"6"	""		"29752.8870"	"44375.472"	"5d2.(a 3P).6s.(a 4P).6p"	"y 5D*"	"2"	"6p2.(3P).5d.(2P).6s"	"d 3P"	"2"		""	"L16323"	
"683.7950"	"683.7951"	"23"	""		"25084.172"	"39704.402"	"5d3.(c 2D).6s"	"a 3D"	"2"	"5d2.(a 3P).6s.(a 2P).6p"	"u 3D*"	"1"		""	"L16323"	
"683.9378"	""	"6"	""		""	""	""	""	""	""	""	""		""	"L16323"	
"684.1182"	"684.1180"	"51"	""		"33137.904"	"47751.233"	"5d2.(a 3P).6s.(a 4P).6p"	"x 3D*"	"1"	"6p2.(1D).5d.(2P).6s"	"g 3P"	"0"		""	"L16323"	
"684.9220"	"684.9209"	"56"	""		"25194.5090"	"39790.707"	"5d2.(a 3F).6s.(a 4F).6p"	"z 5D*"	"1"	"6p2.(3P).5d.(4F).6s"	"c 5F"	"1"		""	"L16323"	
"684.9570"	""	"6"	""		""	""	""	""	""	""	""	""		""	"L16323"	
"685.0060"	"685.0045"	"340"	""		"25194.5090"	"39788.926"	"5d2.(a 3F).6s.(a 4F).6p"	"z 5D*"	"1"	"5d2.(3F).6s.(a 4F).7s"	"b 5F"	"2"		""	"L16323"	
"685.1314"	"685.1326"	"50"	""		"29246.6760"	"43838.365"	"5d2.(a 3F).6s.(a 4F).6p"	"z 3G*"	"4"	"6p2.(3P).5d.(4D).6s"	"b 5D"	"4"		""	"L16323"	
"685.2240"	"685.2236"	"17"	""		"27149.6642"	"41739.415"	"5d2.(a 3F).6s.(a 4F).6p"	"y 3F*"	"2"	"5d4"	"a 5D"	"3"		""	"L16323"	
"685.2906"	"685.2910"	"56"	""		"22450.5521"	"37038.868"	"5d2.(a 3F).6s.(a 4F).6p"	"z 5F*"	"2"	"5d3.(2D).6s"	"b 3D"	"2"		""	"L16323"	
"685.3010"	""	"11"	""		""	""	""	""	""	""	""	""		""	"L16323"	
"685.7030"	"685.7025"	"110"	""		"24966.809"	"39546.371"	"5d2.(a 3F).6s.(a 4F).6p"	"z 5D*"	"0"	"5d.6s2.(a 2D).7s"	"d 3D"	"1"		""	"L16323"	
"685.8560"	"685.8560"	"330"	""		"26305.8081"	"40882.107"	"5d2.(a 3F).6s.(a 4F).6p"	"z 5D*"	"3"	"5d2.(3F).6s.(a 4F).7s"	"b 5F"	"3"		""	"L16323"	
"685.8760"	"685.87518"	"1100"	"9.0e+05"	C	"16766.637"	"31342.5275"	"5d3.(b 4F).6s"	"a 5F"	"4"	"5d2.(a 3P).6s.(a 4P).6p"	"y 5D*"	"3"		"T5346"	"L16323"	
"686.0450"	"686.0447"	"22"	""		"31610.8213"	"46183.110"	"5d2.(a 3F).6s.(a 2F).6p"	"y 1D*"	"2"	"5d.6s2.(a 2D).7s"	"e 1D"	"2"		""	"L16323"	
"686.1260"	"686.1237"	"6"	""		"31610.8213"	"46181.433"	"5d2.(a 3F).6s.(a 2F).6p"	"y 1D*"	"2"	""	"4618"	"3"		""	"L16323"	
"686.2770"	"686.2752"	"6"	""		"39286.213"	"53853.608"	"5d2.(3F).6s.(a 4F).7s"	"b 5F"	"1"	""	"5385*"	"0"		""	"L16323"	
"686.5960"	""	"6"	""		""	""	""	""	""	""	""	""		""	"L16323"	
"686.9320"	"686.9305"	"6"	""		"43561.796"	"58115.295"	"6p2.(3P).5d.(2P).6s"	"d 3P"	"1"	""	"5812*"	"2"		""	"L16323"	
"687.4890"	"687.48891"	"220"	""		"0.0000"	"14541.677"	"5d2.6s2"	"a 3F"	"2"	"5d.6s2.(a 2D).6p"	"z 3F*"	"3"		""	"L16323"	
"688.4530"	"688.4539"	"55"	""		"27654.3580"	"42175.652"	"5d2.(a 3F).6s.(a 4F).6p"	"y 3F*"	"3"	"5d4"	"a 5D"	"4"		""	"L16323"	
"688.9810"	"688.9817"	"55"	""		"14017.827"	"28527.998"	"5d.6s2.(a 2D).6p"	"z 3D*"	"1"	"5d3.(b 4P).6s"	"b 3P"	"1"		""	"L16323"	
"689.6520"	"689.6538"	"82"	""		"25634.2234"	"40130.254"	"5d2.(a 3F).6s.(a 4F).6p"	"z 5D*"	"2"	"6p2.(3P).5d.(2D).6s"	"d 1D"	"2"		""	"L16323"	
"690.2780"	"690.2779"	"65"	""		"19791.3040"	"34274.227"	"5d.6s2.(a 2D).6p"	"z 3P*"	"2"	"5d3.(b 2F).6s"	"a 1F"	"3"		""	"L16323"	
"691.1400"	"691.14003"	"1600"	""		"8983.7652"	"23448.6227"	"5d2.6s2"	"a 3P"	"2"	"5d2.(a 3F).6s.(a 4F).6p"	"z 5F*"	"3"		""	"L16323"	
"691.4170"	"691.4177"	"27"	""		"32533.3746"	"46992.423"	"5d2.(a 3F).6s.(a 2F).6p"	"y 3G*"	"3"	"6p2.(1D).5d.(2G).6s"	"b 3G"	"4"		""	"L16323"	
"691.7480"	"691.7471"	"21"	""		"28267.4366"	"42719.599"	"5d2.(a 3F).6s.(a 4F).6p"	"y 3D*"	"2"	"6p2.(3P).5d.(4D).6s"	"e 3D"	"2"		""	"L16323"	
"692.6210"	"692.62077"	"370"	""		"14092.2938"	"28526.2274"	"5d3.(b 4F).6s"	"a 5F"	"1"	"5d2.(a 3P).6s.(a 4P).6p"	"y 3P*"	"0"		""	"L16323"	
"692.6780"	"692.6769"	"80"	""		"28583.7248"	"43016.488"	"5d2.(a 3F).6s.(a 4F).6p"	"z 3G*"	"3"	"6p2.(3P).5d.(4D).6s"	"b 5D"	"2"		""	"L16323"	
"692.8150"	"692.8136"	"11"	""		"34947.9749"	"49377.892"	"5d2.(a 3P).6s.(a 4P).6p"	"x 3D*"	"2"	""	"4938"	"1 or 2"		""	"L16323"	
"693.6570"	"693.6567"	"16"	""		"33994.8879"	"48407.265"	"5d2.(a 1G).6s.(a 2G).6p"	"w 3F*"	"2"	"6p2.(1S).5d.(2D).6s"	"g 1D"	"2"		""	"L16323"	
"693.7456"	"693.7458"	"37"	""		"30977.0338"	"45387.560"	"5d2.(a 3F).6s.(a 4F).6p"	"z 3G*"	"5"	"6p2.(3P).5d.(4F).6s"	"e 3F"	"4"		""	"L16323"	
"693.8850"	"693.8847"	"5"	""		"33949.313"	"48356.954"	"5d2.(a 3F).6s.(a 2F).6p"	"x 3F*"	"3"	"5d4"	"c 3G"	"4"		""	"L16323"	
"694.7530"	"694.75355"	"100"	""		"22880.262"	"37269.8860"	"5d3.(b 2G).6s"	"a 3G"	"3"	"5d2.(a 1G).6s.(a 2G).6p"	"w 3F*"	"4"		""	"L16323"	
"694.9240"	"694.9231"	"5"	""		"31342.5275"	"45728.640"	"5d2.(a 3P).6s.(a 4P).6p"	"y 5D*"	"3"	"5d2.(3P).6s.(a 4P).7s"	"e 3P"	"2"		""	"L16323"	
"695.2849"	"695.2852"	"63"	""		"29996.8513"	"44375.472"	"5d2.(a 3F).6s.(a 4F).6p"	"y 3D*"	"3"	"6p2.(3P).5d.(2P).6s"	"d 3P"	"2"		""	"L16323"	
"695.4170"	"695.4185"	"100"	""		"20908.462"	"35284.327"	"5d3.(b 4P).6s"	"a 5P"	"2"	"5d2.(b 1D).6s.(b 2D).6p"	"y 1P*"	"1"		""	"L16323"	
"695.6800"	"695.6797"	"16"	""		"37269.8860"	"51640.354"	"5d2.(a 1G).6s.(a 2G).6p"	"w 3F*"	"4"	""	"5164"	"4"		""	"L16323"	
"696.2460"	"696.2468"	"5"	""		"33538.1620"	"47896.924"	"5d2.(a 3F).6s.(a 2F).6p"	"x 3F*"	"2"	"6p2.(1S).5d.(2D).6s"	"g 3D"	"3"		""	"L16323"	
"696.5809"	"696.5816"	"210"	""		"25194.5090"	"39546.371"	"5d2.(a 3F).6s.(a 4F).6p"	"z 5D*"	"1"	"5d.6s2.(a 2D).7s"	"d 3D"	"1"		""	"L16323"	
"696.7710"	"696.7715"	"5"	""		"27074.542"	"41422.491"	"5d3.(b 4F).6s"	"b 3F"	"4"	"5d3.(b 4F).6p"	"y 5G*"	"3"		""	"L16323"	
"697.0420"	"697.0417"	"260"	""		"24785.2649"	"39127.652"	"5d2.(a 3F).6s.(a 4F).6p"	"z 5F*"	"4"	"6p2.(3P).5d.(2D).6s"	"c 3D"	"3"		""	"L16323"	
"697.2030"	"697.2038"	"21"	""		"31943.3435"	"46282.397"	"5d2.(a 3P).6s.(a 4P).6p"	"y 5D*"	"4"	"6p2.(3P).5d.(2F).6s"	"f 3F"	"4"		""	"L16323"	
"697.2530"	"697.2529"	"10"	""		"35453.8381"	"49791.882"	"5d2.(a 1G).6s.(a 2G).6p"	"w 3F*"	"3"	""	"4979"	"3"		""	"L16323"	
"697.3030"	"697.3046"	"5"	""		"31943.3435"	"46280.325"	"5d2.(a 3P).6s.(a 4P).6p"	"y 5D*"	"4"	"6p2.(1D).5d.(2F).6s"	"g 3F"	"3"		""	"L16323"	
"697.6200"	"697.6201"	"100"	""		"26305.8081"	"40636.304"	"5d2.(a 3F).6s.(a 4F).6p"	"z 5D*"	"3"	"6p2.(3P).5d.(4F).6s"	"c 5F"	"2"		""	"L16323"	
"697.8300"	"697.8293"	"5"	""		"27149.6642"	"41475.864"	"5d2.(a 3F).6s.(a 4F).6p"	"y 3F*"	"2"	"6p2.(3P).5d.(4F).6s"	"c 5F"	"3"		""	"L16323"	
"697.9610"	"697.96038"	"510"	"3.4e+05"	D+	"15673.341"	"29996.8513"	"5d3.(b 4F).6s"	"a 5F"	"3"	"5d2.(a 3F).6s.(a 4F).6p"	"y 3D*"	"3"		"T5346"	"L16323"	
"698.1610"	"698.1605"	"260"	""		"24966.809"	"39286.213"	"5d2.(a 3F).6s.(a 4F).6p"	"z 5D*"	"0"	"5d2.(3F).6s.(a 4F).7s"	"b 5F"	"1"		""	"L16323"	
"698.2750"	"698.2733"	"5"	""		"30146.412"	"44463.504"	"5d3.(b 4P).6s"	"b 3P"	"2"	"5d3.(b 4P).6p"	"t 3D*"	"3"		""	"L16323"	
"700.2940"	"700.2931"	"51"	""		"26918.146"	"41193.944"	"5d3.(b 2P).6s"	"c 3P"	"1"	"5d2.(a 3P).6s.(a 2P).6p"	"w 3P*"	"1"		""	"L16323"	
"700.7360"	"700.7323"	"10"	""		"31054.653"	"45321.503"	"5d3.(b 2F).6s"	"c 3F"	"3"	"5d2.(b 1D).6s.(b 2D).6p"	"v 3F*"	"4"		""	"L16323"	
"701.0690"	"701.0678"	"150"	""		"25444.379"	"39704.402"	"5d3.(b 2P).6s"	"c 3P"	"0"	"5d2.(a 3P).6s.(a 2P).6p"	"u 3D*"	"1"		""	"L16323"	
"701.4290"	"701.42821"	"100"	"6.e+03"	E	"10532.5690"	"24785.2649"	"5d2.6s2"	"a 1G"	"4"	"5d2.(a 3F).6s.(a 4F).6p"	"z 5F*"	"4"		"T5346"	"L16323"	
"701.8220"	""	"15"	""		""	""	""	""	""	""	""	""		""	"L16323"	
"701.9250"	"701.9229"	"250"	""		"29246.6760"	"43489.327"	"5d2.(a 3F).6s.(a 4F).6p"	"z 3G*"	"4"	"5d2.(3F).6s.(a 4F).7s"	"d 3F"	"3"		""	"L16323"	
"702.6240"	"702.6250"	"5"	""		"31619.988"	"45848.407"	"5d3.(b 2F).6s"	"c 3F"	"2"	""	"4585*"	"2"		""	"L16323"	
"702.8240"	"702.8217"	"5"	""		"33121.5094"	"47345.946"	"5d2.(a 3P).6s.(a 4P).6p"	"z 5P*"	"2"	"6p2.(1D).5d.(2G).6s"	"b 3G"	"3"		""	"L16323"	
"702.8520"	""	"5"	""		""	""	""	""	""	""	""	""		""	"L16323"	
"702.8930"	"702.8930"	"15"	""		"27516.4201"	"41739.415"	"5d2.(a 3F).6s.(a 4F).6p"	"z 5D*"	"4"	"5d4"	"a 5D"	"3"		""	"L16323"	
"703.2550"	"703.2550"	"59"	""		"26918.146"	"41133.82"	"5d3.(b 2P).6s"	"c 3P"	"1"	"5d2.(a 3P).6s.(a 2P).6p"	"w 3P*"	"0"		""	"L16323"	
"703.5150"	"703.51612"	"350"	"1.1e+05"	D+	"16766.637"	"30977.0338"	"5d3.(b 4F).6s"	"a 5F"	"4"	"5d2.(a 3F).6s.(a 4F).6p"	"z 3G*"	"5"		"T5346"	"L16323"	
"703.6480"	"703.64709"	"10"	""		"26305.8081"	"40513.560"	"5d2.(a 3F).6s.(a 4F).6p"	"z 5D*"	"3"	"5d.6s2.(a 2D).7s"	"d 3D"	"2"		""	"L16323"	
"703.6950"	"703.6958"	"25*"	""		"33139.1776"	"47345.946"	"5d2.(a 3P).6s.(a 4P).6p"	"z 5P*"	"3"	"6p2.(1D).5d.(2G).6s"	"b 3G"	"3"		""	"L16323"	
"703.6950"	"703.6972"	"25*"	""		"35453.8381"	"49660.579"	"5d2.(a 1G).6s.(a 2G).6p"	"w 3F*"	"3"	""	"4966"	"3"		""	"L16323"	
"703.8070"	"703.8082"	"10"	""		"36075.0722"	"50279.571"	"5d2.(a 3F).6s.(a 2F).6p"	"x 3F*"	"4"	""	"5028"	"5"		""	"L16323"	
"703.9160"	"703.9163"	"59"	""		"23641.389"	"37843.707"	"5d3.(c 2D).6s"	"a 3D"	"1"	"5d2.(b 1D).6s.(b 2D).6p"	"x 3P*"	"0"		""	"L16323"	
"704.0540"	"704.0569"	"5"	""		"34805.9335"	"49005.416"	"5d2.(a 1G).6s.(a 2G).6p"	"z 3H*"	"4"	"5d2.(3F).6s.(a 2F).7s"	"i 3F"	"4"		""	"L16323"	
"704.2690"	"704.2718"	"15"	""		"28200.544"	"42395.693"	"5d3.(b 2P).6s"	"c 3P"	"2"	"5d2.(a 1G).6s.(a 2G).6p"	"w 1F*"	"3"		""	"L16323"	
"704.6350"	"704.6357"	"10"	""		"33121.5094"	"47309.327"	"5d2.(a 3P).6s.(a 4P).6p"	"z 5P*"	"2"	"6p2.(1D).5d.(2P).6s"	"g 3P"	"1"		""	"L16323"	
"704.8885"	"704.8891"	"59"	""		"14017.827"	"28200.544"	"5d.6s2.(a 2D).6p"	"z 3D*"	"1"	"5d3.(b 2P).6s"	"c 3P"	"2"		""	"L16323"	
"704.9720"	""	"29"	""		""	""	""	""	""	""	""	""		""	"L16323"	
"705.0110"	""	"5"	""		""	""	""	""	""	""	""	""		""	"L16323"	
"705.2650"	"705.26580"	"240"	"1.0e+05"	D+	"14092.2938"	"28267.4366"	"5d3.(b 4F).6s"	"a 5F"	"1"	"5d2.(a 3F).6s.(a 4F).6p"	"y 3D*"	"2"		"T5346"	"L16323"	
"705.4052"	"705.4053"	"200"	""		"26463.9649"	"40636.304"	"5d.6s2.(a 2D).6p"	"z 1P*"	"1"	"6p2.(3P).5d.(4F).6s"	"c 5F"	"2"		""	"L16323"	
"705.4515"	"705.4509"	"19"	""		"33137.904"	"47309.327"	"5d2.(a 3P).6s.(a 4P).6p"	"x 3D*"	"1"	"6p2.(1D).5d.(2P).6s"	"g 3P"	"1"		""	"L16323"	
"705.5380"	"705.5397"	"24"	""		"35453.8381"	"49623.477"	"5d2.(a 1G).6s.(a 2G).6p"	"w 3F*"	"3"	""	"4962"	"4"		""	"L16323"	
"706.1900"	"706.1896"	"390"	""		"27018.812"	"41175.411"	"5d3.(2H).6s"	"a 3H"	"5"	"5d3.(b 2G).6p"	"u 3F*"	"4"		""	"L16323"	
"706.2850"	"706.2842"	"730*"	""		"25634.2234"	"39788.926"	"5d2.(a 3F).6s.(a 4F).6p"	"z 5D*"	"2"	"5d2.(3F).6s.(a 4F).7s"	"b 5F"	"2"		""	"L16323"	
"706.2850"	"706.2853"	"730*"	""		"26463.9649"	"40618.647"	"5d.6s2.(a 2D).6p"	"z 1P*"	"1"	"5d4"	"a 5D"	"1"		""	"L16323"	
"706.3852"	"706.38474"	"15000"	""		"5638.6151"	"19791.3040"	"5d2.6s2"	"a 1D"	"2"	"5d.6s2.(a 2D).6p"	"z 3P*"	"2"		""	"L16323"	
"706.434"	""	"73?"	""		""	""	""	""	""	""	""	""		""	"L16323"	
"706.5830"	"706.58295"	"58"	""		"27149.6642"	"41298.383"	"5d2.(a 3F).6s.(a 4F).6p"	"y 3F*"	"2"	"5d2.(3F).6s.(a 4F).7s"	"d 3F"	"2"		""	"L16323"	
"707.0770"	"707.0782"	"29"	""		"37269.8860"	"51408.695"	"5d2.(a 1G).6s.(a 2G).6p"	"w 3F*"	"4"	""	"5141"	"5"		""	"L16323"	
"707.1010"	""	"10"	""		""	""	""	""	""	""	""	""		""	"L16323"	
"707.4760"	""	"10"	""		""	""	""	""	""	""	""	""		""	"L16323"	
"707.5340"	""	"5"	""		""	""	""	""	""	""	""	""		""	"L16323"	
"708.1280"	"708.1295"	"5"	""		"31610.8213"	"45728.640"	"5d2.(a 3F).6s.(a 2F).6p"	"y 1D*"	"2"	"5d2.(3P).6s.(a 4P).7s"	"e 3P"	"2"		""	"L16323"	
"708.3016"	"708.3023"	"29"	""		"34877.0813"	"48991.455"	"5d2.(a 3F).6s.(a 2F).6p"	"y 1F*"	"3"	"5d4"	"h 3F"	"2"		""	"L16323"	
"708.4610"	"708.4614"	"19"	""		"30146.412"	"44257.617"	"5d3.(b 4P).6s"	"b 3P"	"2"	""	"4426*"	"1"		""	"L16323"	
"708.5020"	""	"10"	""		""	""	""	""	""	""	""	""		""	"L16323"	
"708.5330"	"708.5336"	"29"	""		"25084.172"	"39193.9390"	"5d3.(c 2D).6s"	"a 3D"	"2"	"5d2.(b 1D).6s.(b 2D).6p"	"v 3D*"	"3"		""	"L16323"	
"708.6710"	"708.6696"	"29"	""		"37301.637"	"51408.695"	"5d2.(a 1G).6s.(a 2G).6p"	"z 3H*"	"6"	""	"5141"	"5"		""	"L16323"	
"708.9810"	"708.9807"	"33"	""		"27074.542"	"41175.411"	"5d3.(b 4F).6s"	"b 3F"	"4"	"5d3.(b 2G).6p"	"u 3F*"	"4"		""	"L16323"	
"709.3830"	"709.3836"	"240"	""		"14435.138"	"28527.998"	"5d.6s2.(a 2D).6p"	"z 3F*"	"2"	"5d3.(b 4P).6s"	"b 3P"	"1"		""	"L16323"	
"709.4412"	"709.4418"	"470"	""		"25194.5090"	"39286.213"	"5d2.(a 3F).6s.(a 4F).6p"	"z 5D*"	"1"	"5d2.(3F).6s.(a 4F).7s"	"b 5F"	"1"		""	"L16323"	
"709.6150"	""	"24"	""		""	""	""	""	""	""	""	""		""	"L16323"	
"709.6360"	"709.6359"	"71"	""		"29401.4784"	"43489.327"	"5d2.(a 3P).6s.(a 4P).6p"	"y 3P*"	"2"	"5d2.(3F).6s.(a 4F).7s"	"d 3F"	"3"		""	"L16323"	
"709.6712"	"709.6726"	"57"	""		"28583.7248"	"42670.846"	"5d2.(a 3F).6s.(a 4F).6p"	"z 3G*"	"3"	"6p2.(3P).5d.(4F).6s"	"c 5F"	"4"		""	"L16323"	
"710.0546"	"710.05441"	"710"	"3.8e+05"	C	"15673.341"	"29752.8870"	"5d3.(b 4F).6s"	"a 5F"	"3"	"5d2.(a 3P).6s.(a 4P).6p"	"y 5D*"	"2"		"T5346"	"L16323"	
"710.5280"	""	"9"	""		""	""	""	""	""	""	""	""		""	"L16323"	
"711.4460"	"711.4431"	"9"	""		"26715.403"	"40767.466"	"5d3.(c 2D).6s"	"a 3D"	"3"	"5d2.(a 3P).6s.(a 2P).6p"	"u 3D*"	"3"		""	"L16323"	
"711.4850"	"711.4824"	"14"	""		"31943.3435"	"45994.631"	"5d2.(a 3P).6s.(a 4P).6p"	"y 5D*"	"4"	"6p2.(3P).5d.(4F).6s"	"e 3F"	"3"		""	"L16323"	
"711.5685"	"711.5681"	"190*"	""		"26463.9649"	"40513.560"	"5d.6s2.(a 2D).6p"	"z 1P*"	"1"	"5d.6s2.(a 2D).7s"	"d 3D"	"2"		""	"L16323"	
"711.5685"	"711.56890"	"190*"	"1.5e+05"	E	"14740.6924"	"28790.2720"	"5d3.(b 4F).6s"	"a 5F"	"2"	"5d2.(a 3F).6s.(a 4F).6p"	"y 3D*"	"1"		"T5346"	"L16323"	
"711.8370"	"711.8369"	"140"	""		"30733.2723"	"44777.562"	"5d2.(a 3F).6s.(a 4F).6p"	"y 3F*"	"4"	"5d2.(3F).6s.(a 4F).7s"	"d 3F"	"4"		""	"L16323"	
"711.9520"	"711.9518"	"3300"	""		"17901.320"	"31943.3435"	"5d3.(b 4F).6s"	"a 5F"	"5"	"5d2.(a 3P).6s.(a 4P).6p"	"y 5D*"	"4"		""	"L16323"	
"712.0800"	"712.0791"	"140"	""		"20908.462"	"34947.9749"	"5d3.(b 4P).6s"	"a 5P"	"2"	"5d2.(a 3P).6s.(a 4P).6p"	"x 3D*"	"2"		""	"L16323"	
"713.1820"	"713.1807"	"32000"	""		"0.0000"	"14017.827"	"5d2.6s2"	"a 3F"	"2"	"5d.6s2.(a 2D).6p"	"z 3D*"	"1"		""	"L16323"	
"714.481"	"714.4766"	"18*"	""		"34877.0813"	"48869.483"	"5d2.(a 3F).6s.(a 2F).6p"	"y 1F*"	"3"	"5d4"	"h 3F"	"3"		""	"L16323"	
"714.481"	"714.4829"	"18*"	""		"28790.2720"	"42782.551"	"5d2.(a 3F).6s.(a 4F).6p"	"y 3D*"	"1"	"6p2.(3P).5d.(4D).6s"	"b 5D"	"1"		""	"L16323"	
"715.3210"	""	"27"	""		""	""	""	""	""	""	""	""		""	"L16323"	
"715.6310"	"715.6311"	"45"	""		"22880.262"	"36850.091"	"5d3.(b 2G).6s"	"a 3G"	"3"	"5d2.(a 1G).6s.(a 2G).6p"	"x 3G*"	"4"		""	"L16323"	
"715.6930"	"715.6931"	"5"	""		"20908.462"	"34877.0813"	"5d3.(b 4P).6s"	"a 5P"	"2"	"5d2.(a 3F).6s.(a 2F).6p"	"y 1F*"	"3"		""	"L16323"	
"715.7945"	"715.7948"	"140"	""		"16766.637"	"30733.2723"	"5d3.(b 4F).6s"	"a 5F"	"4"	"5d2.(a 3F).6s.(a 4F).6p"	"y 3F*"	"4"		""	"L16323"	
"716.1190"	"716.1171"	"5*"	""		"34991.659"	"48952.008"	""	"3499"	"1"	"5d3.(b 4P).6p"	"y 5P*"	"2"		""	"L16323"	
"716.1190"	"716.1187"	"5*"	""		"33994.8879"	"47955.206"	"5d2.(a 1G).6s.(a 2G).6p"	"w 3F*"	"2"	"6p2.(1S).5d.(2D).6s"	"g 3D"	"2"		""	"L16323"	
"716.1640"	"716.1635"	"9"	""		"27516.4201"	"41475.864"	"5d2.(a 3F).6s.(a 4F).6p"	"z 5D*"	"4"	"6p2.(3P).5d.(4F).6s"	"c 5F"	"3"		""	"L16323"	
"716.2643"	"716.2641"	"32"	""		"28527.998"	"42485.481"	"5d3.(b 4P).6s"	"b 3P"	"1"	"5d3.(b 4P).6p"	"t 3D*"	"1"		""	"L16323"	
"716.348"	"716.3447"	"14*"	""		"36237.353"	"50193.266"	"5d2.(b 1D).6s.(b 2D).6p"	"x 1F*"	"3"	""	"5019"	"2"		""	"L16323"	
"716.348"	"716.3463"	"14*"	""		"34596.5038"	"48552.385"	"5d2.(a 3F).6s.(a 2F).6p"	"w 3D*"	"1"	""	"4855"	"2"		""	"L16323"	
"716.3580"	"716.35834"	"5"	""		"14092.2938"	"28047.9411"	"5d3.(b 4F).6s"	"a 5F"	"1"	"5d2.(a 3P).6s.(a 4P).6p"	"z 3S*"	"1"		""	"L16323"	
"716.7420"	"716.7401"	"45"	""		"18143.4034"	"32091.617"	"5d.6s2.(a 2D).6p"	"z 3P*"	"1"	"5d3.(b 2P).6s"	"a 1P"	"1"		""	"L16323"	
"717.5940"	"717.5946"	"5"	""		"37269.8860"	"51201.490"	"5d2.(a 1G).6s.(a 2G).6p"	"w 3F*"	"4"	"5d4"	"1G"	"4"		""	"L16323"	
"717.7120"	"717.7120"	"36"	""		"28790.2720"	"42719.599"	"5d2.(a 3F).6s.(a 4F).6p"	"y 3D*"	"1"	"6p2.(3P).5d.(4D).6s"	"e 3D"	"2"		""	"L16323"	
"717.9200"	""	"13"	""		""	""	""	""	""	""	""	""		""	"L16323"	
"718.1148"	"718.1151"	"27"	""		"34947.9749"	"48869.483"	"5d2.(a 3P).6s.(a 4P).6p"	"x 3D*"	"2"	"5d4"	"h 3F"	"3"		""	"L16323"	
"718.2940"	""	"13"	""		""	""	""	""	""	""	""	""		""	"L16323"	
"718.5985"	"718.5982"	"180*"	""		"25634.2234"	"39546.371"	"5d2.(a 3F).6s.(a 4F).6p"	"z 5D*"	"2"	"5d.6s2.(a 2D).7s"	"d 3D"	"1"		""	"L16323"	
"718.5985"	"718.6009"	"180*"	""		"25281.843"	"39193.9390"	"5d3.(b 4F).6s"	"b 3F"	"3"	"5d2.(b 1D).6s.(b 2D).6p"	"v 3D*"	"3"		""	"L16323"	
"718.8840"	""	"13"	""		""	""	""	""	""	""	""	""		""	"L16323"	
"718.9990"	"718.9990"	"4"	""		"32533.3746"	"46437.767"	"5d2.(a 3F).6s.(a 2F).6p"	"y 3G*"	"3"	"6p2.(3P).5d.(4P).6s"	"f 3P"	"2"		""	"L16323"	
"719.1210"	"719.1209"	"13"	""		"33994.8879"	"47896.924"	"5d2.(a 1G).6s.(a 2G).6p"	"w 3F*"	"2"	"6p2.(1S).5d.(2D).6s"	"g 3D"	"3"		""	"L16323"	
"719.6090"	"719.6081"	"88"	""		"22880.262"	"36772.8864"	"5d3.(b 2G).6s"	"a 3G"	"3"	"5d2.(a 3F).6s.(a 2F).6p"	"w 3D*"	"2"		""	"L16323"	
"720.0910"	""	"53"	""		""	""	""	""	""	""	""	""		""	"L16323"	
"720.4684"	"720.4722"	"18"	""		"22199.110"	"36075.0722"	"5d3.(b 4P).6s"	"a 5P"	"3"	"5d2.(a 3F).6s.(a 2F).6p"	"x 3F*"	"4"		""	"L16323"	
"720.5080"	"720.5078"	"130"	""		"28200.544"	"42075.820"	"5d3.(b 2P).6s"	"c 3P"	"2"	"5d2.(a 3P).6s.(a 2P).6p"	"w 3P*"	"2"		""	"L16323"	
"720.631"	"720.6373"	"4"	""		"33994.8879"	"47867.670"	"5d2.(a 1G).6s.(a 2G).6p"	"w 3F*"	"2"	"6p2.(1D).5d.(2P).6s"	"g 3P"	"2"		""	"L16323"	
"721.2882"	"721.2877"	"9"	""		"36419.298"	"50279.571"	"5d2.(a 1G).6s.(a 2G).6p"	"z 3H*"	"5"	""	"5028"	"5"		""	"L16323"	
"721.6530"	"721.6536"	"52"	""		"33139.1776"	"46992.423"	"5d2.(a 3P).6s.(a 4P).6p"	"z 5P*"	"3"	"6p2.(1D).5d.(2G).6s"	"b 3G"	"4"		""	"L16323"	
"722.0760"	"722.0770"	"30"	""		"33121.5094"	"46966.632"	"5d2.(a 3P).6s.(a 4P).6p"	"z 5P*"	"2"	"6p2.(1D).5d.(2F).6s"	"c 1F"	"3"		""	"L16323"	
"722.1200"	"722.1200"	"9"	""		"28267.4366"	"42111.736"	"5d2.(a 3F).6s.(a 4F).6p"	"y 3D*"	"2"	"6p2.(3P).5d.(4D).6s"	"e 3D"	"1"		""	"L16323"	
"722.1860"	"722.18605"	"35"	""		"14740.6924"	"28583.7248"	"5d3.(b 4F).6s"	"a 5F"	"2"	"5d2.(a 3F).6s.(a 4F).6p"	"z 3G*"	"3"		""	"L16323"	
"722.2640"	"722.2653"	"87"	""		"29996.8513"	"43838.365"	"5d2.(a 3F).6s.(a 4F).6p"	"y 3D*"	"3"	"6p2.(3P).5d.(4D).6s"	"b 5D"	"4"		""	"L16323"	
"722.3010"	"722.3023"	"4"	""		"36523.852"	"50364.656"	"5d3.(2D).6s"	"b 3D"	"3"	"5d3.(b 4P).6p"	"w 5D*"	"2"		""	"L16323"	
"722.5150"	"722.5165"	"4"	""		"35115.306"	"48952.008"	""	"3512"	"2"	"5d3.(b 4P).6p"	"y 5P*"	"2"		""	"L16323"	
"723.1565"	"723.1570"	"130"	""		"26305.8081"	"40130.254"	"5d2.(a 3F).6s.(a 4F).6p"	"z 5D*"	"3"	"6p2.(3P).5d.(2D).6s"	"d 1D"	"2"		""	"L16323"	
"723.3100"	"723.3108"	"65*"	""		"27654.3580"	"41475.864"	"5d2.(a 3F).6s.(a 4F).6p"	"y 3F*"	"3"	"6p2.(3P).5d.(4F).6s"	"c 5F"	"3"		""	"L16323"	
"723.3100"	"723.3120"	"65*"	""		"18270.133"	"32091.617"	"5d.6s2.(a 2D).6p"	"z 3P*"	"0"	"5d3.(b 2P).6s"	"a 1P"	"1"		""	"L16323"	
"723.7101"	"723.71003"	"34000"	""		"4567.6413"	"18381.5234"	"5d2.6s2"	"a 3F"	"4"	"5d.6s2.(a 2D).6p"	"z 3D*"	"3"		""	"L16323"	
"724.0870"	"724.08730"	"21000"	""		"2356.6756"	"16163.3602"	"5d2.6s2"	"a 3F"	"3"	"5d.6s2.(a 2D).6p"	"z 3D*"	"2"		""	"L16323"	
"724.4110"	"724.4103"	"170"	""		"30977.0338"	"44777.562"	"5d2.(a 3F).6s.(a 4F).6p"	"z 3G*"	"5"	"5d2.(3F).6s.(a 4F).7s"	"d 3F"	"4"		""	"L16323"	
"725.1660"	""	"21"	""		""	""	""	""	""	""	""	""		""	"L16323"	
"725.180"	"725.1707"	"9"	""		"26918.146"	"40704.203"	"5d3.(b 2P).6s"	"c 3P"	"1"	"5d2.(a 3P).6s.(a 2P).6p"	"x 1P*"	"1"		""	"L16323"	
"725.5430"	""	"21"	""		""	""	""	""	""	""	""	""		""	"L16323"	
"725.7990"	"725.7986"	"21"	""		"28527.998"	"42302.129"	"5d3.(b 4P).6s"	"b 3P"	"1"	"5d3.(b 2G).6p"	"u 3F*"	"2"		""	"L16323"	
"726.1820"	"726.1818"	"17"	""		"33538.1620"	"47305.024"	"5d2.(a 3F).6s.(a 2F).6p"	"x 3F*"	"2"	"6p2.(1D).5d.(2D).6s"	"f 3D"	"2"		""	"L16323"	
"726.2587"	"726.2586"	"340"	""		"14435.138"	"28200.544"	"5d.6s2.(a 2D).6p"	"z 3F*"	"2"	"5d3.(b 2P).6s"	"c 3P"	"2"		""	"L16323"	
"726.3040"	"726.3014"	"63"	""		"27533.7873"	"41298.383"	"5d2.(a 3P).6s.(a 4P).6p"	"y 5D*"	"1"	"5d2.(3F).6s.(a 4F).7s"	"d 3F"	"2"		""	"L16323"	
"727.1240"	"727.1241"	"8"	""		"32533.3746"	"46282.397"	"5d2.(a 3F).6s.(a 2F).6p"	"y 3G*"	"3"	"6p2.(3P).5d.(2F).6s"	"f 3F"	"4"		""	"L16323"	
"727.2330"	"727.2337"	"4"	""		"32533.3746"	"46280.325"	"5d2.(a 3F).6s.(a 2F).6p"	"y 3G*"	"3"	"6p2.(1D).5d.(2F).6s"	"g 3F"	"3"		""	"L16323"	
"727.2930"	"727.2937"	"4"	""		"31575.687"	"45321.503"	"5d3.(b 2F).6s"	"c 3F"	"4"	"5d2.(b 1D).6s.(b 2D).6p"	"v 3F*"	"4"		""	"L16323"	
"727.3280"	""	"29"	""		""	""	""	""	""	""	""	""		""	"L16323"	
"727.7070"	""	"21"	""		""	""	""	""	""	""	""	""		""	"L16323"	
"727.7900"	"727.7901"	"63"	""		"29752.8870"	"43489.327"	"5d2.(a 3P).6s.(a 4P).6p"	"y 5D*"	"2"	"5d2.(3F).6s.(a 4F).7s"	"d 3F"	"3"		""	"L16323"	
"728.0006"	"728.0020"	"42"	""		"27149.6642"	"40882.107"	"5d2.(a 3F).6s.(a 4F).6p"	"y 3F*"	"2"	"5d2.(3F).6s.(a 4F).7s"	"b 5F"	"3"		""	"L16323"	
"728.1520"	"728.1516"	"130"	""		"22880.262"	"36609.883"	"5d3.(b 2G).6s"	"a 3G"	"3"	"5d2.(a 3P).6s.(a 4P).6p"	"x 3D*"	"3"		""	"L16323"	
"728.2010"	""	"4"	""		""	""	""	""	""	""	""	""		""	"L16323"	
"728.2290"	"728.23028"	"12"	""		"15673.341"	"29401.4784"	"5d3.(b 4F).6s"	"a 5F"	"3"	"5d2.(a 3P).6s.(a 4P).6p"	"y 3P*"	"2"		""	"L16323"	
"728.3430"	""	"4"	""		""	""	""	""	""	""	""	""		""	"L16323"	
"728.5120"	"728.5105"	"8"	""		"33137.904"	"46860.761"	"5d2.(a 3P).6s.(a 4P).6p"	"x 3D*"	"1"	"5d2.(3P).6s.(a 4P).7s"	"c 5P"	"2"		""	"L16323"	
"728.5580"	"728.5597"	"4"	""		"34877.0813"	"48599.011"	"5d2.(a 3F).6s.(a 2F).6p"	"y 1F*"	"3"	"5d4"	"c 3G"	"3"		""	"L16323"	
"728.7790"	"728.7808"	"4"	""		"34877.0813"	"48594.849"	"5d2.(a 3F).6s.(a 2F).6p"	"y 1F*"	"3"	""	"4859"	"2"		""	"L16323"	
"728.8310"	"728.8317"	"4"	""		"36075.0722"	"49791.882"	"5d2.(a 3F).6s.(a 2F).6p"	"x 3F*"	"4"	""	"4979"	"3"		""	"L16323"	
"729.0130"	"729.0128"	"4"	""		"34596.5038"	"48309.906"	"5d2.(a 3F).6s.(a 2F).6p"	"w 3D*"	"1"	"6p2.(1S).5d.(2D).6s"	"g 3D"	"1"		""	"L16323"	
"729.4026"	"729.4024"	"83*"	""		"25281.843"	"38987.9197"	"5d3.(b 4F).6s"	"b 3F"	"3"	"5d2.(a 3F).6s.(a 2F).6p"	"z 1G*"	"4"		""	"L16323"	
"729.4026"	"729.4050"	"83*"	""		"31943.3435"	"45649.372"	"5d2.(a 3P).6s.(a 4P).6p"	"y 5D*"	"4"	"6p2.(3P).5d.(2F).6s"	"f 3F"	"3"		""	"L16323"	
"729.4310"	"729.4320"	"41"	""		"31943.8516"	"45649.372"	"5d2.(a 3P).6s.(a 4P).6p"	"z 5S*"	"2"	"6p2.(3P).5d.(2F).6s"	"f 3F"	"3"		""	"L16323"	
"729.4980"	""	"12"	""		""	""	""	""	""	""	""	""		""	"L16323"	
"729.7060"	""	"4"	""		""	""	""	""	""	""	""	""		""	"L16323"	
"729.7330"	"729.7340"	"8"	""		"28583.7248"	"42283.573"	"5d2.(a 3F).6s.(a 4F).6p"	"z 3G*"	"3"	"5d2.(3F).6s.(a 4F).7s"	"b 5F"	"4"		""	"L16323"	
"729.8790"	""	"12"	""		""	""	""	""	""	""	""	""		""	"L16323"	
"730.1030"	"730.1030"	"21"	""		"27074.542"	"40767.466"	"5d3.(b 4F).6s"	"b 3F"	"4"	"5d2.(a 3P).6s.(a 2P).6p"	"u 3D*"	"3"		""	"L16323"	
"730.3630"	"730.3635"	"62"	""		"20908.462"	"34596.5038"	"5d3.(b 4P).6s"	"a 5P"	"2"	"5d2.(a 3F).6s.(a 2F).6p"	"w 3D*"	"1"		""	"L16323"	
"730.9380"	"730.9387"	"20"	""		"27533.7873"	"41211.057"	"5d2.(a 3P).6s.(a 4P).6p"	"y 5D*"	"1"	"5d4"	"a 5D"	"2"		""	"L16323"	
"731.5250"	"731.5260"	"41"	""		"26463.9649"	"40130.254"	"5d.6s2.(a 2D).6p"	"z 1P*"	"1"	"6p2.(3P).5d.(2D).6s"	"d 1D"	"2"		""	"L16323"	
"731.6940"	""	"8"	""		""	""	""	""	""	""	""	""		""	"L16323"	
"732.0060"	"732.0053"	"4100"	""		"4567.6413"	"18224.981"	"5d2.6s2"	"a 3F"	"4"	"5d.6s2.(a 2D).6p"	"z 3F*"	"4"		""	"L16323"	
"732.1790"	"732.17992"	"610"	""		"5638.6151"	"19292.6984"	"5d2.6s2"	"a 1D"	"2"	"5d2.(a 3F).6s.(a 4F).6p"	"z 5G*"	"3"		""	"L16323"	
"732.2910"	"732.2922"	"61"	""		"25634.2234"	"39286.213"	"5d2.(a 3F).6s.(a 4F).6p"	"z 5D*"	"2"	"5d2.(3F).6s.(a 4F).7s"	"b 5F"	"1"		""	"L16323"	
"732.343"	"732.3434"	"12h"	""		"34947.9749"	"48599.011"	"5d2.(a 3P).6s.(a 4P).6p"	"x 3D*"	"2"	"5d4"	"c 3G"	"3"		""	"L16323"	
"732.4130"	"732.4131"	"8"	""		"32533.3746"	"46183.110"	"5d2.(a 3F).6s.(a 2F).6p"	"y 3G*"	"3"	"5d.6s2.(a 2D).7s"	"e 1D"	"2"		""	"L16323"	
"732.7175"	"732.7197"	"61"	""		"27654.3580"	"41298.383"	"5d2.(a 3F).6s.(a 4F).6p"	"y 3F*"	"3"	"5d2.(3F).6s.(a 4F).7s"	"d 3F"	"2"		""	"L16323"	
"733.4730"	""	"4"	""		""	""	""	""	""	""	""	""		""	"L16323"	
"733.4880"	"733.4894"	"8"	""		"35993.7702"	"49623.477"	"5d2.(a 3F).6s.(a 2F).6p"	"y 3G*"	"5"	""	"4962"	"4"		""	"L16323"	
"733.7930"	"733.7931"	"48"	""		"28200.544"	"41824.611"	"5d3.(b 2P).6s"	"c 3P"	"2"	"5d3.(b 2G).6p"	"u 3F*"	"3"		""	"L16323"	
"733.9294"	"733.9296"	"160"	""		"23327.739"	"36949.271"	"5d3.(b 4F).6s"	"b 3F"	"2"	"5d2.(b 1D).6s.(b 2D).6p"	"v 3D*"	"1"		""	"L16323"	
"734.2010"	""	"4"	""		""	""	""	""	""	""	""	""		""	"L16323"	
"734.2800"	"734.2812"	"4"	""		"29401.4784"	"43016.488"	"5d2.(a 3P).6s.(a 4P).6p"	"y 3P*"	"2"	"6p2.(3P).5d.(4D).6s"	"b 5D"	"2"		""	"L16323"	
"734.470"	"734.468"	"8i*"	""		"29401.4784"	"43013.02?"	"5d2.(a 3P).6s.(a 4P).6p"	"y 3P*"	"2"	"6p2.(3P).5d.(4D).6s"	"b 5D"	"3"		""	"L16323"	
"734.470"	"734.4699"	"8*"	""		"33994.7455"	"47606.258"	"5d2.(a 3F).6s.(a 2F).6p"	"y 3G*"	"4"	"6p2.(1D).5d.(2G).6s"	"b 1G"	"4"		""	"L16323"	
"734.614"	"734.6096"	"12h"	""		"18011.0647"	"31619.988"	"5d2.(a 3F).6s.(a 4F).6p"	"z 5G*"	"2"	"5d3.(b 2F).6s"	"c 3F"	"2"		""	"L16323"	
"735.2410"	"735.2409"	"4"	""		"23252.852"	"36850.091"	"5d3.(b 2G).6s"	"a 3G"	"4"	"5d2.(a 1G).6s.(a 2G).6p"	"x 3G*"	"4"		""	"L16323"	
"735.6180"	"735.6192"	"400"	""		"23448.6227"	"37038.868"	"5d2.(a 3F).6s.(a 4F).6p"	"z 5F*"	"3"	"5d3.(2D).6s"	"b 3D"	"2"		""	"L16323"	
"735.878"	"735.8757"	"12*"	""		"28526.2274"	"42111.736"	"5d2.(a 3P).6s.(a 4P).6p"	"y 3P*"	"0"	"6p2.(3P).5d.(4D).6s"	"e 3D"	"1"		""	"L16323"	
"735.878"	"735.8758"	"12*"	""		"36075.0722"	"49660.579"	"5d2.(a 3F).6s.(a 2F).6p"	"x 3F*"	"4"	""	"4966"	"3"		""	"L16323"	
"735.9916"	"735.9909"	"12"	""		"36609.883"	"50193.266"	"5d2.(a 3P).6s.(a 4P).6p"	"x 3D*"	"3"	""	"5019"	"2"		""	"L16323"	
"736.5350"	"736.53572"	"390"	"1.0e+05"	D+	"15673.341"	"29246.6760"	"5d3.(b 4F).6s"	"a 5F"	"3"	"5d2.(a 3F).6s.(a 4F).6p"	"z 3G*"	"4"		"T5346"	"L16323"	
"736.8160"	"736.8169"	"120"	""		"28200.544"	"41768.700"	"5d3.(b 2P).6s"	"c 3P"	"2"	"5d2.(b 1D).6s.(b 2D).6p"	"x 1D*"	"2"		""	"L16323"	
"737.4389"	"737.4396"	"59"	""		"27654.3580"	"41211.057"	"5d2.(a 3F).6s.(a 4F).6p"	"y 3F*"	"3"	"5d4"	"a 5D"	"2"		""	"L16323"	
"737.5590"	"737.5576"	"4"	""		"36237.353"	"49791.882"	"5d2.(b 1D).6s.(b 2D).6p"	"x 1F*"	"3"	""	"4979"	"3"		""	"L16323"	
"737.6987"	"737.6986"	"16"	""		"26715.403"	"40267.341"	"5d3.(c 2D).6s"	"a 3D"	"3"	"5d2.(a 3P).6s.(a 2P).6p"	"u 3D*"	"2"		""	"L16323"	
"737.7176"	"737.7182"	"31"	""		"35453.8381"	"49005.416"	"5d2.(a 1G).6s.(a 2G).6p"	"w 3F*"	"3"	"5d2.(3F).6s.(a 2F).7s"	"i 3F"	"4"		""	"L16323"	
"737.8910"	"737.8910"	"8"	""		"36075.0722"	"49623.477"	"5d2.(a 3F).6s.(a 2F).6p"	"x 3F*"	"4"	""	"4962"	"4"		""	"L16323"	
"738.1770"	"738.1777"	"4"	""		"36850.091"	"50393.234"	"5d2.(a 1G).6s.(a 2G).6p"	"x 3G*"	"4"	""	"5039"	"4"		""	"L16323"	
"738.4030"	"738.4042"	"39"	""		"33139.1776"	"46678.167"	"5d2.(a 3P).6s.(a 4P).6p"	"z 5P*"	"3"	"6p2.(1D).5d.(2F).6s"	"g 3F"	"4"		""	"L16323"	
"738.475"	"738.4790"	"4"	""		"35453.8381"	"48991.455"	"5d2.(a 1G).6s.(a 2G).6p"	"w 3F*"	"3"	"5d4"	"h 3F"	"2"		""	"L16323"	
"738.5350"	"738.5358"	"12"	""		"31575.687"	"45112.263"	"5d3.(b 2F).6s"	"c 3F"	"4"	"5d3.(b 4F).6p"	"y 5F*"	"3"		""	"L16323"	
"738.8860"	"738.8847"	"15"	""		"34877.0813"	"48407.265"	"5d2.(a 3F).6s.(a 2F).6p"	"y 1F*"	"3"	"6p2.(1S).5d.(2D).6s"	"g 1D"	"2"		""	"L16323"	
"739.0729"	"739.07261"	"1500"	"6.2e+05"	C	"14740.6924"	"28267.4366"	"5d3.(b 4F).6s"	"a 5F"	"2"	"5d2.(a 3F).6s.(a 4F).6p"	"y 3D*"	"2"		"T5346"	"L16323"	
"739.2860"	"739.2862"	"15"	""		"32533.3746"	"46056.211"	"5d2.(a 3F).6s.(a 2F).6p"	"y 3G*"	"3"	"6p2.(3P).5d.(2F).6s"	"f 3F"	"2"		""	"L16323"	
"739.6990"	"739.6987"	"58"	""		"25678.643"	"39193.9390"	"5d3.(2H).6s"	"a 3H"	"4"	"5d2.(b 1D).6s.(b 2D).6p"	"v 3D*"	"3"		""	"L16323"	
"739.8137"	"739.8123"	"46"	""		"34805.9335"	"48319.153"	"5d2.(a 1G).6s.(a 2G).6p"	"z 3H*"	"4"	""	"4832"	"3"		""	"L16323"	
"739.8970"	""	"12"	""		""	""	""	""	""	""	""	""		""	"L16323"	
"740.0720"	"740.0744"	"46"	""		"28527.998"	"42036.433"	"5d3.(b 4P).6s"	"b 3P"	"1"	"5d3.(b 4P).6p"	"v 3P*"	"1"		""	"L16323"	
"740.2750"	"740.2749"	"58"	""		"31943.3435"	"45448.119"	"5d2.(a 3P).6s.(a 4P).6p"	"y 5D*"	"4"	"5d.6s2.6d"	"3G"	"5"		""	"L16323"	
"740.8970"	"740.8974"	"110"	""		"25634.2234"	"39127.652"	"5d2.(a 3F).6s.(a 4F).6p"	"z 5D*"	"2"	"6p2.(3P).5d.(2D).6s"	"c 3D"	"3"		""	"L16323"	
"740.9505"	"740.9497"	"270"	""		"29996.8513"	"43489.327"	"5d2.(a 3F).6s.(a 4F).6p"	"y 3D*"	"3"	"5d2.(3F).6s.(a 4F).7s"	"d 3F"	"3"		""	"L16323"	
"741.2700"	"741.2704"	"19"	""		"27149.6642"	"40636.304"	"5d2.(a 3F).6s.(a 4F).6p"	"y 3F*"	"2"	"6p2.(3P).5d.(4F).6s"	"c 5F"	"2"		""	"L16323"	
"741.4630"	"741.4640"	"76"	""		"26305.8081"	"39788.926"	"5d2.(a 3F).6s.(a 4F).6p"	"z 5D*"	"3"	"5d2.(3F).6s.(a 4F).7s"	"b 5F"	"2"		""	"L16323"	
"741.7510"	"741.7513"	"30"	""		"28583.7248"	"42061.620"	"5d2.(a 3F).6s.(a 4F).6p"	"z 3G*"	"3"	"5d.6s2.(a 2D).7s"	"d 3D"	"3"		""	"L16323"	
"742.0480"	"742.0484"	"11"	""		"31610.8213"	"45083.320"	"5d2.(a 3F).6s.(a 2F).6p"	"y 1D*"	"2"	"6p2.(3P).5d.(2F).6s"	"b 1F"	"3"		""	"L16323"	
"742.0760"	"742.0771"	"4"	""		"28267.4366"	"41739.415"	"5d2.(a 3F).6s.(a 4F).6p"	"y 3D*"	"2"	"5d4"	"a 5D"	"3"		""	"L16323"	
"742.2416"	"742.2421"	"57"	""		"27149.6642"	"40618.647"	"5d2.(a 3F).6s.(a 4F).6p"	"y 3F*"	"2"	"5d4"	"a 5D"	"1"		""	"L16323"	
"742.3628"	"742.36316"	"450"	"3.2e+04"	D+	"8983.7652"	"22450.5521"	"5d2.6s2"	"a 3P"	"2"	"5d2.(a 3F).6s.(a 4F).6p"	"z 5F*"	"2"		"T5346"	"L16323"	
"742.4274"	"742.4279"	"38"	""		"36075.0722"	"49540.685"	"5d2.(a 3F).6s.(a 2F).6p"	"x 3F*"	"4"	"5d4"	"c 3G"	"5"		""	"L16323"	
"742.6670"	"742.6682"	"11"	""		"32533.3746"	"45994.631"	"5d2.(a 3F).6s.(a 2F).6p"	"y 3G*"	"3"	"6p2.(3P).5d.(4F).6s"	"e 3F"	"3"		""	"L16323"	
"742.7770"	"742.7767"	"4"	""		"34947.9749"	"48407.265"	"5d2.(a 3P).6s.(a 4P).6p"	"x 3D*"	"2"	"6p2.(1S).5d.(2D).6s"	"g 1D"	"2"		""	"L16323"	
"743.0090"	""	"15"	""		""	""	""	""	""	""	""	""		""	"L16323"	
"743.7600"	"743.76010"	"1900"	"9.3e+05"	C+	"14092.2938"	"27533.7873"	"5d3.(b 4F).6s"	"a 5F"	"1"	"5d2.(a 3P).6s.(a 4P).6p"	"y 5D*"	"1"		"T5346"	"L16323"	
"744.1160"	"744.1177"	"22"	""		"31342.5275"	"44777.562"	"5d2.(a 3P).6s.(a 4P).6p"	"y 5D*"	"3"	"5d2.(3F).6s.(a 4F).7s"	"d 3F"	"4"		""	"L16323"	
"744.4260"	"744.4254"	"75"	""		"36850.091"	"50279.571"	"5d2.(a 1G).6s.(a 2G).6p"	"x 3G*"	"4"	""	"5028"	"5"		""	"L16323"	
"744.4810"	"744.4814"	"45"	""		"33538.1620"	"46966.632"	"5d2.(a 3F).6s.(a 2F).6p"	"x 3F*"	"2"	"6p2.(1D).5d.(2F).6s"	"c 1F"	"3"		""	"L16323"	
"744.719"	"744.7199"	"11*"	""		"29246.6760"	"42670.846"	"5d2.(a 3F).6s.(a 4F).6p"	"z 3G*"	"4"	"6p2.(3P).5d.(4F).6s"	"c 5F"	"4"		""	"L16323"	
"744.719"	"744.7207"	"11*"	""		"35284.327"	"48708.483"	"5d2.(b 1D).6s.(b 2D).6p"	"y 1P*"	"1"	"5d4"	"5P?"	"2"		""	"L16323"	
"744.7390"	"744.7389"	"4"	""		"33538.1620"	"46961.989"	"5d2.(a 3F).6s.(a 2F).6p"	"x 3F*"	"2"	"6p2.(1D).5d.(2F).6s"	"g 3F"	"2"		""	"L16323"	
"744.7724"	"744.7723"	"19"	""		"36237.353"	"49660.579"	"5d2.(b 1D).6s.(b 2D).6p"	"x 1F*"	"3"	""	"4966"	"3"		""	"L16323"	
"744.8660"	"744.8671"	"26"	""		"31943.3435"	"45364.860"	"5d2.(a 3P).6s.(a 4P).6p"	"y 5D*"	"4"	"6p2.(3P).5d.(4P).6s"	"b 5P"	"3"		""	"L16323"	
"745.0590"	""	"4"	""		""	""	""	""	""	""	""	""		""	"L16323"	
"745.1940"	"745.1931"	"22"	""		"35453.8381"	"48869.483"	"5d2.(a 1G).6s.(a 2G).6p"	"w 3F*"	"3"	"5d4"	"h 3F"	"3"		""	"L16323"	
"746.1300"	"746.1314"	"37"	""		"30733.2723"	"44132.048"	"5d2.(a 3F).6s.(a 4F).6p"	"y 3F*"	"4"	"5d2.(3F).6s.(a 4F).7s"	"b 5F"	"5"		""	"L16323"	
"746.2510"	"746.2507"	"11"	""		"33949.313"	"47345.946"	"5d2.(a 3F).6s.(a 2F).6p"	"x 3F*"	"3"	"6p2.(1D).5d.(2G).6s"	"b 3G"	"3"		""	"L16323"	
"746.3905"	"746.3912"	"740"	""		"23644.7563"	"37038.868"	"5d.6s2.(a 2D).6p"	"z 1F*"	"3"	"5d3.(2D).6s"	"b 3D"	"2"		""	"L16323"	
"747.3670"	"747.3692"	"22"	""		"21738.7225"	"35115.306"	"5d2.(a 3F).6s.(a 4F).6p"	"z 5F*"	"1"	""	"3512"	"2"		""	"L16323"	
"747.653"	"747.6575"	"7"	""		"30146.412"	"43517.838"	"5d3.(b 4P).6s"	"b 3P"	"2"	"5d2.(a 3P).6s.(a 2P).6p"	"w 1D*"	"2"		""	"L16323"	
"747.6710"	"747.6714"	"15"	""		"34947.9749"	"48319.153"	"5d2.(a 3P).6s.(a 4P).6p"	"x 3D*"	"2"	""	"4832"	"3"		""	"L16323"	
"747.9780"	"747.9785"	"55"	""		"27516.4201"	"40882.107"	"5d2.(a 3F).6s.(a 4F).6p"	"z 5D*"	"4"	"5d2.(3F).6s.(a 4F).7s"	"b 5F"	"3"		""	"L16323"	
"748.0781"	"748.0788"	"73"	""		"27149.6642"	"40513.560"	"5d2.(a 3F).6s.(a 4F).6p"	"y 3F*"	"2"	"5d.6s2.(a 2D).7s"	"d 3D"	"2"		""	"L16323"	
"748.3704"	"748.3696"	"15"	""		"34596.5038"	"47955.206"	"5d2.(a 3F).6s.(a 2F).6p"	"w 3D*"	"1"	"6p2.(1S).5d.(2D).6s"	"g 3D"	"2"		""	"L16323"	
"748.4603"	"748.4599"	"180*"	""		"22880.262"	"36237.353"	"5d3.(b 2G).6s"	"a 3G"	"3"	"5d2.(b 1D).6s.(b 2D).6p"	"x 1F*"	"3"		""	"L16323"	
"748.4603"	"748.4633"	"180*"	""		"23252.852"	"36609.883"	"5d3.(b 2G).6s"	"a 3G"	"4"	"5d2.(a 3P).6s.(a 4P).6p"	"x 3D*"	"3"		""	"L16323"	
"748.8170"	"748.8178"	"110"	""		"18224.981"	"31575.687"	"5d.6s2.(a 2D).6p"	"z 3F*"	"4"	"5d3.(b 2F).6s"	"c 3F"	"4"		""	"L16323"	
"748.9020"	"748.9026"	"54"	""		"26918.146"	"40267.341"	"5d3.(b 2P).6s"	"c 3P"	"1"	"5d2.(a 3P).6s.(a 2P).6p"	"u 3D*"	"2"		""	"L16323"	
"749.2110"	"749.2121"	"36"	""		"34877.0813"	"48220.762"	"5d2.(a 3F).6s.(a 2F).6p"	"y 1F*"	"3"	"5d4"	"h 3F"	"4"		""	"L16323"	
"750.1630"	"750.1644"	"4"	""		"26463.9649"	"39790.707"	"5d.6s2.(a 2D).6p"	"z 1P*"	"1"	"6p2.(3P).5d.(4F).6s"	"c 5F"	"1"		""	"L16323"	
"750.6800"	""	"11"	""		""	""	""	""	""	""	""	""		""	"L16323"	
"750.8770"	"750.8764"	"7"	""		"20960.1223"	"34274.227"	"5d2.(a 3F).6s.(a 4F).6p"	"z 5G*"	"4"	"5d3.(b 2F).6s"	"a 1F"	"3"		""	"L16323"	
"751.100"	"751.1003"	"36?"	""		"33994.8879"	"47305.024"	"5d2.(a 1G).6s.(a 2G).6p"	"w 3F*"	"2"	"6p2.(1D).5d.(2D).6s"	"f 3D"	"2"		""	"L16323"	
"751.1470"	"751.1488"	"4"	""		"25678.643"	"38987.9197"	"5d3.(2H).6s"	"a 3H"	"4"	"5d2.(a 3F).6s.(a 2F).6p"	"z 1G*"	"4"		""	"L16323"	
"751.3360"	""	"7"	""		""	""	""	""	""	""	""	""		""	"L16323"	
"751.5220"	"751.5227"	"11"	""		"31952.2928"	"45254.947"	"5d2.(a 3P).6s.(a 4P).6p"	"z 5P*"	"1"	"6p2.(3P).5d.(4P).6s"	"b 5P"	"2"		""	"L16323"	
"751.6790"	"751.6805"	"7"	""		"33137.904"	"46437.767"	"5d2.(a 3P).6s.(a 4P).6p"	"x 3D*"	"1"	"6p2.(3P).5d.(4P).6s"	"f 3P"	"2"		""	"L16323"	
"751.7490"	"751.7525"	"4"	""		"33139.1776"	"46437.767"	"5d2.(a 3P).6s.(a 4P).6p"	"z 5P*"	"3"	"6p2.(3P).5d.(4P).6s"	"f 3P"	"2"		""	"L16323"	
"752.0380"	"752.0391"	"11"	""		"30501.127"	"43794.647"	"5d3.(b 2G).6s"	"a 1G"	"4"	"5d3.(b 2G).6p"	"x 1G*"	"4"		""	"L16323"	
"752.5090"	""	"7"	""		""	""	""	""	""	""	""	""		""	"L16323"	
"752.6820"	"752.6832"	"53"	""		"23327.739"	"36609.883"	"5d3.(b 4F).6s"	"b 3F"	"2"	"5d2.(a 3P).6s.(a 4P).6p"	"x 3D*"	"3"		""	"L16323"	
"752.9210"	"752.9211"	"7"	""		"34596.5038"	"47874.451"	"5d2.(a 3F).6s.(a 2F).6p"	"w 3D*"	"1"	"6p2.(1D).5d.(2D).6s"	"f 3D"	"1"		""	"L16323"	
"753.013"	"753.0138"	"18h"	""		"26918.146"	"40194.4590"	"5d3.(b 2P).6s"	"c 3P"	"1"	"5d2.(b 1D).6s.(b 2D).6p"	"v 3F*"	"2"		""	"L16323"	
"753.2420"	"753.2432"	"4"	""		"36075.0722"	"49347.343"	"5d2.(a 3F).6s.(a 2F).6p"	"x 3F*"	"4"	""	"4935"	"3"		""	"L16323"	
"753.2880"	""	"18"	""		""	""	""	""	""	""	""	""		""	"L16323"	
"753.4810"	"753.4823"	"4"	""		"35284.327"	"48552.385"	"5d2.(b 1D).6s.(b 2D).6p"	"y 1P*"	"1"	""	"4855"	"2"		""	"L16323"	
"753.5110"	"753.5123"	"7"	""		"34991.659"	"48259.189"	""	"3499"	"1"	"5d3.(b 4P).6p"	"w 5D*"	"1"		""	"L16323"	
"753.7350"	"753.7355"	"10"	""		"29752.8870"	"43016.488"	"5d2.(a 3P).6s.(a 4P).6p"	"y 5D*"	"2"	"6p2.(3P).5d.(4D).6s"	"b 5D"	"2"		""	"L16323"	
"754.2390"	"754.2401"	"35"	""		"22199.110"	"35453.8381"	"5d3.(b 4P).6s"	"a 5P"	"3"	"5d2.(a 1G).6s.(a 2G).6p"	"w 3F*"	"3"		""	"L16323"	
"754.3400"	"754.3421"	"170"	""		"21738.7225"	"34991.659"	"5d2.(a 3F).6s.(a 4F).6p"	"z 5F*"	"1"	""	"3499"	"1"		""	"L16323"	
"754.4810"	"754.4841"	"10"	""		"28047.9411"	"41298.383"	"5d2.(a 3P).6s.(a 4P).6p"	"z 3S*"	"1"	"5d2.(3F).6s.(a 4F).7s"	"d 3F"	"2"		""	"L16323"	
"755.1640"	"755.1667"	"24"	""		"18381.5234"	"31619.988"	"5d.6s2.(a 2D).6p"	"z 3D*"	"3"	"5d3.(b 2F).6s"	"c 3F"	"2"		""	"L16323"	
"755.6370"	"755.6376"	"690"	"4.3e+05"	D+	"16766.637"	"29996.8513"	"5d3.(b 4F).6s"	"a 5F"	"4"	"5d2.(a 3F).6s.(a 4F).6p"	"y 3D*"	"3"		"T5346"	"L16323"	
"755.7780"	"755.7784"	"3"	""		"27654.3580"	"40882.107"	"5d2.(a 3F).6s.(a 4F).6p"	"y 3F*"	"3"	"5d2.(3F).6s.(a 4F).7s"	"b 5F"	"3"		""	"L16323"	
"755.8630"	"755.8634"	"3"	""		"36772.8864"	"49999.148"	"5d2.(a 3F).6s.(a 2F).6p"	"w 3D*"	"2"	""	"5000"	"3"		""	"L16323"	
"756.2930"	"756.29272"	"5200"	""		"6572.5498"	"19791.3040"	"5d2.6s2"	"a 3P"	"1"	"5d.6s2.(a 2D).6p"	"z 3P*"	"2"		""	"L16323"	
"756.4240"	"756.4243"	"690"	""		"24085.183"	"37301.637"	"5d3.(b 2G).6s"	"a 3G"	"5"	"5d2.(a 1G).6s.(a 2G).6p"	"z 3H*"	"6"		""	"L16323"	
"756.8850"	"756.8840"	"7"	""		"28267.4366"	"41475.864"	"5d2.(a 3F).6s.(a 4F).6p"	"y 3D*"	"2"	"6p2.(3P).5d.(4F).6s"	"c 5F"	"3"		""	"L16323"	
"757.6670"	"757.6651"	"140"	""		"22880.262"	"36075.0722"	"5d3.(b 2G).6s"	"a 3G"	"3"	"5d2.(a 3F).6s.(a 2F).6p"	"x 3F*"	"4"		""	"L16323"	
"757.7020"	"757.7023"	"1000"	""		"18381.5234"	"31575.687"	"5d.6s2.(a 2D).6p"	"z 3D*"	"3"	"5d3.(b 2F).6s"	"c 3F"	"4"		""	"L16323"	
"758.1180"	"758.1184"	"14"	""		"35993.7702"	"49180.692"	"5d2.(a 3F).6s.(a 2F).6p"	"y 3G*"	"5"	"5d4"	"b 3H"	"5"		""	"L16323"	
"758.2462"	"758.2459"	"240"	""		"24085.183"	"37269.8860"	"5d3.(b 2G).6s"	"a 3G"	"5"	"5d2.(a 1G).6s.(a 2G).6p"	"w 3F*"	"4"		""	"L16323"	
"758.4930"	""	"3"	""		""	""	""	""	""	""	""	""		""	"L16323"	
"758.6260"	""	"27"	""		""	""	""	""	""	""	""	""		""	"L16323"	
"758.6800"	""	"3"	""		""	""	""	""	""	""	""	""		""	"L16323"	
"758.9670"	"758.9666"	"10"	""		"25194.5090"	"38366.693"	"5d2.(a 3F).6s.(a 4F).6p"	"z 5D*"	"1"	"6s2.6p2?"	"3P"	"0"		""	"L16323"	
"759.2977"	"759.2974"	"500"	""		"23252.852"	"36419.298"	"5d3.(b 2G).6s"	"a 3G"	"4"	"5d2.(a 1G).6s.(a 2G).6p"	"z 3H*"	"5"		""	"L16323"	
"759.9560"	"759.9572"	"130"	""		"30977.0338"	"44132.048"	"5d2.(a 3F).6s.(a 4F).6p"	"z 3G*"	"5"	"5d2.(3F).6s.(a 4F).7s"	"b 5F"	"5"		""	"L16323"	
"760.5270"	"760.5262"	"10*"	""		"35453.8381"	"48599.011"	"5d2.(a 1G).6s.(a 2G).6p"	"w 3F*"	"3"	"5d4"	"c 3G"	"3"		""	"L16323"	
"760.5270"	"760.5276"	"10*"	""		"34877.0813"	"48022.230"	"5d2.(a 3F).6s.(a 2F).6p"	"y 1F*"	"3"	"5d4"	"b 3H"	"4"		""	"L16323"	
"760.6030"	"760.6008"	"7"	""		"35115.306"	"48259.189"	""	"3512"	"2"	"5d3.(b 4P).6p"	"w 5D*"	"1"		""	"L16323"	
"760.6390"	"760.6392"	"27"	""		"33139.1776"	"46282.397"	"5d2.(a 3P).6s.(a 4P).6p"	"z 5P*"	"3"	"6p2.(3P).5d.(2F).6s"	"f 3F"	"4"		""	"L16323"	
"760.8549"	"760.8559"	"670"	""		"14092.2938"	"27231.770"	"5d3.(b 4F).6s"	"a 5F"	"1"	"5d2.(a 3P).6s.(a 4P).6p"	"y 5D*"	"0"		""	"L16323"	
"761.2600"	"761.2584"	"170"	""		"34805.9335"	"47938.463"	"5d2.(a 1G).6s.(a 2G).6p"	"z 3H*"	"4"	"5d2.(3P).6s.(a 4P).7s"	"c 5P"	"3"		""	"L16323"	
"762.4387"	"762.43938"	"16000"	"4.43e+06"	B+	"10532.5690"	"23644.7563"	"5d2.6s2"	"a 1G"	"4"	"5d.6s2.(a 2D).6p"	"z 1F*"	"3"		"T5346"	"L16323"	
"764.5655"	"764.5661"	"1300"	"3.9e+05"	C	"17901.320"	"30977.0338"	"5d3.(b 4F).6s"	"a 5F"	"5"	"5d2.(a 3F).6s.(a 4F).6p"	"z 3G*"	"5"		"T5346"	"L16323"	
"764.6340"	""	"65"	""		""	""	""	""	""	""	""	""		""	"L16323"	
"764.8840"	"764.8846"	"13"	""		"38325.477"	"51395.746"	"5d2.(b 1D).6s.(b 2D).6p"	"v 3D*"	"2"	""	"5140"	"3"		""	"L16323"	
"765.0390"	"765.0415"	"7"	""		"25084.172"	"38151.761"	"5d3.(c 2D).6s"	"a 3D"	"2"	"5d2.(b 1D).6s.(b 2D).6p"	"x 3P*"	"1"		""	"L16323"	
"765.388"	"765.3923"	"13h"	""		"33121.5094"	"46183.110"	"5d2.(a 3P).6s.(a 4P).6p"	"z 5P*"	"2"	"5d.6s2.(a 2D).7s"	"e 1D"	"2"		""	"L16323"	
"765.4990"	""	"3"	""		""	""	""	""	""	""	""	""		""	"L16323"	
"765.6390"	"765.64024"	"64"	""		"14092.2938"	"27149.6642"	"5d3.(b 4F).6s"	"a 5F"	"1"	"5d2.(a 3F).6s.(a 4F).6p"	"y 3F*"	"2"		""	"L16323"	
"766.0318"	"766.0318"	"19"	""		"36609.883"	"49660.579"	"5d2.(a 3P).6s.(a 4P).6p"	"x 3D*"	"3"	""	"4966"	"3"		""	"L16323"	
"766.2320"	"766.2325"	"6"	""		"32091.617"	"45138.894"	"5d3.(b 2P).6s"	"a 1P"	"1"	""	"4514*"	"2"		""	"L16323"	
"766.2520"	""	"13"	""		""	""	""	""	""	""	""	""		""	"L16323"	
"766.351"	"766.3542"	"16h"	""		"33137.904"	"46183.110"	"5d2.(a 3P).6s.(a 4P).6p"	"x 3D*"	"1"	"5d.6s2.(a 2D).7s"	"e 1D"	"2"		""	"L16323"	
"766.4465"	"766.4465"	"64*"	""		"25281.843"	"38325.477"	"5d3.(b 4F).6s"	"b 3F"	"3"	"5d2.(b 1D).6s.(b 2D).6p"	"v 3D*"	"2"		""	"L16323"	
"766.4465"	"766.4492"	"64*"	""		"18011.0647"	"31054.653"	"5d2.(a 3F).6s.(a 4F).6p"	"z 5G*"	"2"	"5d3.(b 2F).6s"	"c 3F"	"3"		""	"L16323"	
"766.4749"	"766.4773"	"26"	""		"33949.313"	"46992.423"	"5d2.(a 3F).6s.(a 2F).6p"	"x 3F*"	"3"	"6p2.(1D).5d.(2G).6s"	"b 3G"	"4"		""	"L16323"	
"766.6090"	"766.6101"	"19"	""		"20908.462"	"33949.313"	"5d3.(b 4P).6s"	"a 5P"	"2"	"5d2.(a 3F).6s.(a 2F).6p"	"x 3F*"	"3"		""	"L16323"	
"766.8414"	"766.8426"	"64"	""		"29246.6760"	"42283.573"	"5d2.(a 3F).6s.(a 4F).6p"	"z 3G*"	"4"	"5d2.(3F).6s.(a 4F).7s"	"b 5F"	"4"		""	"L16323"	
"767.0760"	"767.0752"	"3"	""		"31342.5275"	"44375.472"	"5d2.(a 3P).6s.(a 4P).6p"	"y 5D*"	"3"	"6p2.(3P).5d.(2P).6s"	"d 3P"	"2"		""	"L16323"	
"767.0930"	""	"10"	""		""	""	""	""	""	""	""	""		""	"L16323"	
"767.1920"	"767.1928"	"64"	""		"28267.4366"	"41298.383"	"5d2.(a 3F).6s.(a 4F).6p"	"y 3D*"	"2"	"5d2.(3F).6s.(a 4F).7s"	"d 3F"	"2"		""	"L16323"	
"767.6530"	""	"3"	""		""	""	""	""	""	""	""	""		""	"L16323"	
"767.8600"	"767.8592"	"10"	""		"29996.8513"	"43016.488"	"5d2.(a 3F).6s.(a 4F).6p"	"y 3D*"	"3"	"6p2.(3P).5d.(4D).6s"	"b 5D"	"2"		""	"L16323"	
"767.9950"	"767.9960"	"10"	""		"33949.313"	"46966.632"	"5d2.(a 3F).6s.(a 2F).6p"	"x 3F*"	"3"	"6p2.(1D).5d.(2F).6s"	"c 1F"	"3"		""	"L16323"	
"768.2160"	"768.2158"	"6"	""		"36609.883"	"49623.477"	"5d2.(a 3P).6s.(a 4P).6p"	"x 3D*"	"3"	""	"4962"	"4"		""	"L16323"	
"768.4470"	"768.4466"	"3"	""		"37269.8860"	"50279.571"	"5d2.(a 1G).6s.(a 2G).6p"	"w 3F*"	"4"	""	"5028"	"5"		""	"L16323"	
"768.5380"	""	"6"	""		""	""	""	""	""	""	""	""		""	"L16323"	
"768.5910"	"768.5916"	"3"	""		"34947.9749"	"47955.206"	"5d2.(a 3P).6s.(a 4P).6p"	"x 3D*"	"2"	"6p2.(1S).5d.(2D).6s"	"g 3D"	"2"		""	"L16323"	
"769.3400"	"769.3377"	"13"	""		"31054.653"	"44049.269"	"5d3.(b 2F).6s"	"c 3F"	"3"	"5d3.(b 2G).6p"	"v 1F*"	"3"		""	"L16323"	
"769.4100"	"769.4097"	"38"	""		"28200.544"	"41193.944"	"5d3.(b 2P).6s"	"c 3P"	"2"	"5d2.(a 3P).6s.(a 2P).6p"	"w 3P*"	"1"		""	"L16323"	
"769.7380"	"769.7357"	"3"	""		"38407.849"	"51395.746"	"5d2.(a 3F).6s.(a 2F).6p"	"w 3D*"	"3"	""	"5140"	"3"		""	"L16323"	
"769.9370"	"769.9371"	"6"	""		"23252.852"	"36237.353"	"5d3.(b 2G).6s"	"a 3G"	"4"	"5d2.(b 1D).6s.(b 2D).6p"	"x 1F*"	"3"		""	"L16323"	
"770.1690"	"770.1690"	"9"	""		"27149.6642"	"40130.254"	"5d2.(a 3F).6s.(a 4F).6p"	"y 3F*"	"2"	"6p2.(3P).5d.(2D).6s"	"d 1D"	"2"		""	"L16323"	
"770.2171"	"770.2175"	"25"	""		"27533.7873"	"40513.560"	"5d2.(a 3P).6s.(a 4P).6p"	"y 5D*"	"1"	"5d.6s2.(a 2D).7s"	"d 3D"	"2"		""	"L16323"	
"770.4530"	"770.4531"	"93"	""		"18143.4034"	"31119.208"	"5d.6s2.(a 2D).6p"	"z 3P*"	"1"	"5d3.(c 2D).6s"	"b 1D"	"2"		""	"L16323"	
"770.690"	"770.6858"	"16*"	""		"33994.7455"	"46966.632"	"5d2.(a 3F).6s.(a 2F).6p"	"y 3G*"	"4"	"6p2.(1D).5d.(2F).6s"	"c 1F"	"3"		""	"L16323"	
"770.690"	"770.6942"	"16*"	""		"33994.8879"	"46966.632"	"5d2.(a 1G).6s.(a 2G).6p"	"w 3F*"	"2"	"6p2.(1D).5d.(2F).6s"	"c 1F"	"3"		""	"L16323"	
"770.9920"	"770.9933"	"3"	""		"29752.8870"	"42719.599"	"5d2.(a 3P).6s.(a 4P).6p"	"y 5D*"	"2"	"6p2.(3P).5d.(4D).6s"	"e 3D"	"2"		""	"L16323"	
"771.0250"	"771.0235"	"3"	""		"35115.306"	"48081.510"	""	"3512"	"2"	""	"4808*"	"3"		""	"L16323"	
"771.4920"	"771.4929"	"3"	""		"30146.412"	"43104.728"	"5d3.(b 4P).6s"	"b 3P"	"2"	"5d2.(b 1D).6s.(b 2D).6p"	"v 3F*"	"3"		""	"L16323"	
"771.7840"	"771.7841"	"6"	""		"35453.8381"	"48407.265"	"5d2.(a 1G).6s.(a 2G).6p"	"w 3F*"	"3"	"6p2.(1S).5d.(2D).6s"	"g 1D"	"2"		""	"L16323"	
"772.3680"	"772.3688"	"6"	""		"28267.4366"	"41211.057"	"5d2.(a 3F).6s.(a 4F).6p"	"y 3D*"	"2"	"5d4"	"a 5D"	"2"		""	"L16323"	
"772.468"	"772.4625"	"31i"	""		"38987.9197"	"51929.970"	"5d2.(a 3F).6s.(a 2F).6p"	"z 1G*"	"4"	""	"5193"	"5"		""	"L16323c153"	
"772.5120"	""	"3"	""		""	""	""	""	""	""	""	""		""	"L16323"	
"773.2420"	"773.2437"	"61"	""		"29246.6760"	"42175.652"	"5d2.(a 3F).6s.(a 4F).6p"	"z 3G*"	"4"	"5d4"	"a 5D"	"4"		""	"L16323"	
"773.689"	""	"30?"	""		""	""	""	""	""	""	""	""		""	"L16323"	
"774.0170"	"774.01728"	"6100"	""		"10532.5690"	"23448.6227"	"5d2.6s2"	"a 1G"	"4"	"5d2.(a 3F).6s.(a 4F).6p"	"z 5F*"	"3"		""	"L16323"	
"774.1590"	"774.16042"	"150"	"2.9e+04"	D	"14740.6924"	"27654.3580"	"5d3.(b 4F).6s"	"a 5F"	"2"	"5d2.(a 3F).6s.(a 4F).6p"	"y 3F*"	"3"		"T5346"	"L16323"	
"774.3570"	"774.35721"	"420"	"1.7e+05"	D+	"15673.341"	"28583.7248"	"5d3.(b 4F).6s"	"a 5F"	"3"	"5d2.(a 3F).6s.(a 4F).6p"	"z 3G*"	"3"		"T5346"	"L16323"	
"774.7940"	"774.7934"	"23"	""		"35453.8381"	"48356.954"	"5d2.(a 1G).6s.(a 2G).6p"	"w 3F*"	"3"	"5d4"	"c 3G"	"4"		""	"L16323"	
"774.9620"	"774.9614"	"11"	""		"14017.827"	"26918.146"	"5d.6s2.(a 2D).6p"	"z 3D*"	"1"	"5d3.(b 2P).6s"	"c 3P"	"1"		""	"L16323"	
"775.0150"	""	"6"	""		""	""	""	""	""	""	""	""		""	"L16323"	
"775.8840"	"775.8841"	"3"	""		"34991.659"	"47876.636"	""	"3499"	"1"	"5d3.(b 4P).6p"	"y 5P*"	"1"		""	"L16323"	
"776.2380"	"776.2384"	"43"	""		"23644.7563"	"36523.852"	"5d.6s2.(a 2D).6p"	"z 1F*"	"3"	"5d3.(2D).6s"	"b 3D"	"3"		""	"L16323"	
"777.3090"	"777.3106"	"29"	""		"30977.0338"	"43838.365"	"5d2.(a 3F).6s.(a 4F).6p"	"z 3G*"	"5"	"6p2.(3P).5d.(4D).6s"	"b 5D"	"4"		""	"L16323"	
"777.3950"	""	"6"	""		""	""	""	""	""	""	""	""		""	"L16323"	
"777.4390"	"777.4393"	"14"	""		"27654.3580"	"40513.560"	"5d2.(a 3F).6s.(a 4F).6p"	"y 3F*"	"3"	"5d.6s2.(a 2D).7s"	"d 3D"	"2"		""	"L16323"	
"777.6650"	"777.6660"	"9"	""		"33139.1776"	"45994.631"	"5d2.(a 3P).6s.(a 4P).6p"	"z 5P*"	"3"	"6p2.(3P).5d.(4F).6s"	"e 3F"	"3"		""	"L16323"	
"777.7430"	"777.7427"	"29"	""		"32533.3746"	"45387.560"	"5d2.(a 3F).6s.(a 2F).6p"	"y 3G*"	"3"	"6p2.(3P).5d.(4F).6s"	"e 3F"	"4"		""	"L16323"	
"778.2560"	""	"3"	""		""	""	""	""	""	""	""	""		""	"L16323"	
"778.3880"	"778.3888"	"17"	""		"31619.988"	"44463.504"	"5d3.(b 2F).6s"	"c 3F"	"2"	"5d3.(b 4P).6p"	"t 3D*"	"3"		""	"L16323"	
"778.9520"	"778.9527"	"44"	""		"31943.3435"	"44777.562"	"5d2.(a 3P).6s.(a 4P).6p"	"y 5D*"	"4"	"5d2.(3F).6s.(a 4F).7s"	"d 3F"	"4"		""	"L16323"	
"779.0900"	"779.0903"	"1500"	"1.00e+06"	C	"17901.320"	"30733.2723"	"5d3.(b 4F).6s"	"a 5F"	"5"	"5d2.(a 3F).6s.(a 4F).6p"	"y 3F*"	"4"		"T5346"	"L16323"	
"779.6820"	"779.6799"	"180*"	""		"26463.9649"	"39286.213"	"5d.6s2.(a 2D).6p"	"z 1P*"	"1"	"5d2.(3F).6s.(a 4F).7s"	"b 5F"	"1"		""	"L16323"	
"779.6820"	"779.6816"	"180*"	""		"23252.852"	"36075.0722"	"5d3.(b 2G).6s"	"a 3G"	"4"	"5d2.(a 3F).6s.(a 2F).6p"	"x 3F*"	"4"		""	"L16323"	
