obs_wl_air(nm)	ritz_wl_air(nm)	intens	Aki(s^-1)	Acc	Ei(cm-1)	Ek(cm-1)	conf_i	term_i	J_i	conf_k	term_k	J_k	Type	tp_ref	line_ref	
"380.019783"	"380.019779"	"900"	""		"5563.141519"	"31870.0925"	"6d3.(4F).7s"	"5F"	"1"	""	"*"	"2"		""	"L5951"	
"380.07451"	"380.074548"	"5"	""		"6362.395980"	"32665.5562"	"6d3.(4F).7s"	"5F"	"2"	""	"*"	"1"		""	"L3552"	
"380.144306"	"380.144311"	"2200"	""		"7502.287636"	"33800.6209"	"6d3.(4F).7s"	"5F"	"3"	""	"*"	"3"		""	"L5951"	
"380.157136"	"380.157195"	"1300"	""		"7502.287636"	"33799.7296"	"6d3.(4F).7s"	"5F"	"3"	""	"*"	"4"		""	"L5951"	
"380.24207"	"380.242059"	"400"	""		"10526.544406"	"36818.1174"	"5f.6d.7s2"	"3G*"	"3"	""	""	"2"		""	"L5951"	
"380.25891"	"380.258925"	"8"	""		"15736.968041"	"42027.3749"	"6d2.7s.7p"	"5F*"	"1"	"6d4"	"1D"	"2"		""	"L3552"	
"380.27233"	"380.272284"	"78"	""		"15618.98461"	"41908.4679"	"5f.6d2.7s"	"5H*"	"3"	""	""	"3"		""	"L5951"	
"380.286443"	"380.286418"	"600"	""		"6362.395980"	"32650.9022"	"6d3.(4F).7s"	"5F"	"2"	""	"*"	"1"		""	"L5951"	
"380.307488"	"380.307494"	"24000"	""		"0.000000"	"26287.04940"	"6d2.7s2"	"3F"	"2"	"6d2.7s.7p"	"3D*"	"1"		""	"L5951"	
"380.36099"	"380.360997"	"110"	""		"16783.84708"	"43067.1989"	"5f.6d2.7s"	"5I*"	"4"	""	""	"4"		""	"L5951"	
"380.38390"	"380.383934"	"520"	""		"10526.544406"	"36808.3114"	"5f.6d.7s2"	"3G*"	"3"	""	""	"3"		""	"L5951"	
"380.398388"	"380.398396"	"1700"	""		"8800.249723"	"35081.0176"	"6d3.(4F).7s"	"5F"	"4"	""	"*"	"5"		""	"L5951"	
"380.41275"	"380.412751"	"490"	""		"11241.73043"	"37521.5066"	"5f.6d.7s2"	"3F*"	"3"	""	""	"3"		""	"L5951"	
"380.46985"	"380.469835"	"300"	""		"14206.91694"	"40482.7503"	"5f.6d.7s2"	"3F*"	"4"	""	""	"5"		""	"L5951"	
"380.52270"	"380.522702"	"89"	""		"16351.93901"	"42624.1219"	"6d2.7s2"	""	"0"	""	"*"	"1"		""	"L5951"	
"380.531414"	"380.531393"	"530"	""		"15493.21943"	"41764.8023"	"6d3.(2H).7s"	"3H"	"4"	""	"*"	"5"		""	"L5951"	
"380.58644"	"380.586459"	"170"	""		"12114.36618"	"38382.1480"	"5f.6d.7s2"	"1D*"	"2"	""	""	"3"		""	"L5951"	
"380.61529"	"380.615289"	"130"	""		"15490.077832"	"41755.8700"	"5f.6d.7s2"	"3G*"	"5"	""	""	"4"		""	"L5951"	
"380.63170"	"380.631861"	"270"	""		"13297.43316"	"39562.0818"	"6d3.(2G).7s"	"3G"	"4"	""	"*"	"4"		""	"L3552"	
"380.72724"	"380.727266"	"470"	""		"9804.806547"	"36062.8738"	"6d3.(4F).7s"	"5F"	"5"	""	"*"	"4"		""	"L5951"	
"380.77006"	"380.770053"	"130"	""		"13945.307389"	"40200.4241"	"6d.7s2.7p"	"3F*"	"3"	""	""	"3"		""	"L5951"	
"380.84300"	"380.842690"	"40"	""		"11802.93238"	"38053.0416"	"6d3.(4P).7s"	"5P"	"2"	""	"*"	"3"		""	"L3552"	
"380.861476"	"380.861476"	"570"	""		"10526.544406"	"36775.3589"	"5f.6d.7s2"	"3G*"	"3"	""	""	"3"		""	"L5951"	
"381.09034"	"381.090446"	"51"	""		"4961.658832"	"31194.70265"	"6d2.7s2"	"3F"	"4"	"5f.6d3"	"5I*"	"4"		""	"L5951"	
"381.099515"	"381.099517"	"2300"	""		"7502.287636"	"33734.7071"	"6d3.(4F).7s"	"5F"	"3"	""	"*"	"2"		""	"L5951"	
"381.23972"	"381.239684"	"420"	""		"15490.077832"	"41712.8529"	"5f.6d.7s2"	"3G*"	"5"	""	""	"5"		""	"L5951"	
"381.26670"	"381.266743"	"90"	""		"14204.26476"	"40425.1788"	"6d3.(2G).7s"	""	"5"	""	"*"	"4"		""	"L5951"	
"381.28271"	"381.282657"	"40"	""		"14206.91694"	"40426.7366"	"5f.6d.7s2"	"3F*"	"4"	""	""	"4"		""	"L3552"	
"381.29091"	"381.290883"	"49"	""		"11877.839132"	"38097.0931"	"6d.7s2.7p"	"3D*"	"1"	""	""	"2"		""	"L5951"	
"381.33638"	"381.336362"	"77"	""		"7502.287636"	"33718.4147"	"6d3.(4F).7s"	"5F"	"3"	""	"*"	"2"		""	"L5951"	
"381.381495"	"381.381505"	"1500"	""		"6362.395980"	"32575.4200"	"6d3.(4F).7s"	"5F"	"2"	"6d3.7p"	"5G*"	"2"		""	"L5951"	
"381.556582"	"381.556585"	"960"	""		"8243.602091"	"34444.5984"	"5f.6d.7s2"	"3F*"	"2"	""	""	"2"		""	"L5951"	
"381.65101"	"381.650965"	"40"	""		"15166.900593"	"41361.4177"	"6d2.7s.7p"	"5G*"	"3"	"5f.6d2.7p "	"5H"	"3"		""	"L3552"	
"381.71168"	"381.711695"	"150"	""		"15618.98461"	"41809.3343"	"5f.6d2.7s"	"5H*"	"3"	""	""	"2"		""	"L5951"	
"381.74982"	"381.749781"	"150"	""		"8243.602091"	"34431.3389"	"5f.6d.7s2"	"3F*"	"2"	""	""	"3"		""	"L5951"	
"381.868535"	"381.868531"	"2200"	""		"4961.658832"	"31141.25221"	"6d2.7s2"	"3F"	"4"	""	"*"	"5"		""	"L5951"	
"381.91125"	"381.911262"	"180"	""		"13175.113345"	"39351.7776"	"5f.6d.7s2"	"3G*"	"4"	""	""	"5"		""	"L5951"	
"381.91893"	"381.919001"	"59"	""		"13088.56115"	"39264.6950"	"6d3.(2G).7s"	"3G"	"3"	""	"*"	"3"		""	"L5951"	
"381.99032"	"381.990327"	"140"	""		"13297.43316"	"39468.6795"	"6d3.(2G).7s"	"3G"	"4"	""	"*"	"3"		""	"L5951"	
"382.03271"	"382.032771"	"530"	""		"14032.085336"	"40200.4241"	"6d.7s2.7p"	"3D*"	"2"	""	""	"3"		""	"L3552"	
"382.04740"	"382.047398"	"120"	""		"11802.93238"	"37970.2693"	"6d3.(4P).7s"	"5P"	"2"	""	"*"	"2"		""	"L5951"	
"382.079249"	"382.079229"	"2600"	""		"3687.987189"	"29853.14415"	"6d2.7s2"	""	"2"	""	"*"	"2"		""	"L5951"	
"382.11190"	"382.111735"	"39"	""		"11241.73043"	"37404.6616"	"5f.6d.7s2"	"3F*"	"3"	""	""	"3"		""	"L3552"	
"382.23302"	"382.233038"	"150"	""		"13088.56115"	"39243.1896"	"6d3.(2G).7s"	"3G"	"3"	""	"*"	"2"		""	"L5951"	
"382.27099"	"382.270983"	"190"	""		"11802.93238"	"37954.9647"	"6d3.(4P).7s"	"5P"	"2"	""	"*"	"3"		""	"L5951"	
"382.28618"	"382.286055"	"380"	""		"12847.96912"	"38998.9704"	"6d3.(4P).7s"	"5P"	"3"	""	"*"	"3"		""	"L5951"	
"382.306749"	"382.306749"	"1600"	""		"5563.141519"	"31712.7273"	"6d3.(4F).7s"	"5F"	"1"	""	"*"	"1"		""	"L5951"	
"382.34576"	"382.345762"	"390"	""		"7280.123222"	"33427.0409"	"6d2.7s2"	""	"2"	""	"*"	"2"		""	"L5951"	
"382.45317"	"382.453166"	"160"	""		"15863.88829"	"42003.4633"	"6d3.(2D2).7s"	""	"2"	""	"*"	"3"		""	"L5951"	
"382.45532"	"382.455449"	"98"	""		"13945.307389"	"40084.7264"	"6d.7s2.7p"	"3F*"	"3"	""	""	"3"		""	"L5951"	
"382.49270"	"382.492524"	"52"	""		"15618.98461"	"41755.8700"	"5f.6d2.7s"	"5H*"	"3"	""	""	"4"		""	"L3552"	
"382.513295"	"382.513285"	"2400"	""		"11197.031257"	"37332.4981"	"5f.6d.7s2"	"3H*"	"5"	"5f.6d2.7p "	"5K "	"6"		""	"L5951"	
"382.636861"	"382.636883"	"1200"	""		"10526.544406"	"36653.5692"	"5f.6d.7s2"	"3G*"	"3"	""	""	"2"		""	"L5951"	
"382.75018"	"382.750181"	"76"	""		"11877.839132"	"37997.1303"	"6d.7s2.7p"	"3D*"	"1"	""	""	"2"		""	"L5951"	
"382.838451"	"382.838452"	"14000"	""		"0.000000"	"26113.26894"	"6d2.7s2"	"3F"	"2"	""	"*"	"2"		""	"L18702"	
"382.90398"	"382.903931"	"110"	""		"14206.91694"	"40315.7205"	"5f.6d.7s2"	"3F*"	"4"	""	""	"4"		""	"L5951"	
"382.91808"	"382.918082"	"160"	""		"16783.84708"	"42891.6858"	"5f.6d2.7s"	"5I*"	"4"	""	""	"4"		""	"L5951"	
"382.92802"	"382.928023"	"95"	""		"13945.307389"	"40052.4683"	"6d.7s2.7p"	"3F*"	"3"	""	""	"4"		""	"L5951"	
"382.93930"	"382.939105"	"130"	""		"11197.031257"	"37303.4367"	"5f.6d.7s2"	"3H*"	"5"	""	""	"4"		""	"L3552"	
"383.006043"	"383.006042"	"1100"	""		"10414.13700"	"36515.9800"	"5f.6d.7s2"	"1G*"	"4"	""	""	"3"		""	"L5951"	
"383.01981"	"383.019669"	"130"	""		"14481.86965"	"40582.7840"	"5f.6d.7s2"	"3H*"	"6"	""	""	"5"		""	"L3552"	
"383.077347"	"383.0773421"	"3500"	""		"0.000000"	"26096.98491"	"6d2.7s2"	"3F"	"2"	""	"*"	"3"		""	"L18702"	
"383.163968"	"383.163971"	"950"	""		"2558.056752"	"28649.14156"	"6d2.7s2"	"3P"	"0"	""	"*"	"1"		""	"L5951"	
"383.19621"	"383.196287"	"250"	""		"7502.287636"	"33591.1722"	"6d3.(4F).7s"	"5F"	"3"	"6d3.7p"	"5G*"	"3"		""	"L3552"	
"383.23230"	"383.232434"	"190"	""		"8800.249723"	"34886.6736"	"6d3.(4F).7s"	"5F"	"4"	""	"*"	"5"		""	"L3552"	
"383.25830"	"383.258286"	"95"	""		"12847.96912"	"38932.6334"	"6d3.(4P).7s"	"5P"	"3"	""	"*"	"2"		""	"L5951"	
"383.44881"	"383.448863"	"250"	""		"8111.004545"	"34182.7049"	"6d2.7s2"	"1G"	"4"	""	"*"	"5"		""	"L3552"	
"383.48901"	"383.489026"	"64"	""		"16217.482038"	"42286.4519"	"6d.7s2.7p"	"1D*"	"2"	""	""	"3"		""	"L5951"	
"383.50771"	"383.507658"	"250"	""		"15618.98461"	"41686.6880"	"5f.6d2.7s"	"5H*"	"3"	""	""	"3"		""	"L3552"	
"383.53482"	"383.534842"	"220"	""		"14204.26476"	"40270.1206"	"6d3.(2G).7s"	""	"5"	""	"*"	"4"		""	"L5951"	
"383.54139"	"383.541384"	"410"	""		"11241.73043"	"37307.1417"	"5f.6d.7s2"	"3F*"	"3"	"6d4"	""	"3"		""	"L5951"	
"383.57110"	"383.571093"	"590"	""		"2869.259165"	"28932.65158"	"6d2.7s2"	"3F"	"3"	""	"*"	"4"		""	"L5951"	
"383.59591"	"383.595910"	"170"	""		"11241.73043"	"37303.4367"	"5f.6d.7s2"	"3F*"	"3"	""	""	"4"		""	"L5951"	
"383.653919"	"383.653908"	"2000"	""		"7502.287636"	"33560.0542"	"6d3.(4F).7s"	"5F"	"3"	""	"*"	"4"		""	"L5951"	
"383.658495"	"383.658501"	"5200"	""		"4961.658832"	"31019.11347"	"6d2.7s2"	"3F"	"4"	""	"*"	"4"		""	"L5951"	
"383.672096"	"383.672074"	"670"	""		"3687.987189"	"29744.51997"	"6d2.7s2"	""	"2"	""	"*"	"3"		""	"L5951"	
"383.68415"	"383.684187"	"68"	""		"16783.84708"	"42839.5573"	"5f.6d2.7s"	"5I*"	"4"	""	""	"3"		""	"L12239"	
"383.70239"	"383.702377"	"100"	""		"8243.602091"	"34298.0771"	"5f.6d.7s2"	"3F*"	"2"	""	""	"1"		""	"L5951"	
"383.72935"	"383.729388"	"110"	""		"14032.085336"	"40084.7264"	"6d.7s2.7p"	"3D*"	"2"	""	""	"3"		""	"L5951"	
"383.73428"	"383.734291"	"120"	""		"13945.307389"	"39997.6156"	"6d.7s2.7p"	"3F*"	"3"	""	""	"3 or 4"		""	"L5951"	
"383.787508"	"383.787497"	"8600"	""		"2869.259165"	"28917.95572"	"6d2.7s2"	"3F"	"3"	""	"*"	"2"		""	"L5951"	
"383.965636"	"383.965659"	"1200"	""		"7795.275291"	"33831.88538"	"5f.6d.7s2"	"3H*"	"4"	""	""	"4"		""	"L5951"	
"383.969499"	"383.969505"	"16000"	""		"0.000000"	"26036.34930"	"6d2.7s2"	"3F"	"2"	""	"*"	"3"		""	"L18702"	
"383.98980"	"383.989965"	"130"	""		"10783.15535"	"36818.1174"	"6d.7s2.7p"	"3F*"	"2"	""	""	"2"		""	"L3552"	
"384.04298"	"384.042943"	"340"	""		"12114.36618"	"38145.7369"	"5f.6d.7s2"	"1D*"	"2"	""	""	"3"		""	"L5951"	
"384.06144"	"384.061382"	"100"	""		"14206.91694"	"40237.0379"	"5f.6d.7s2"	"3F*"	"4"	""	""	"5"		""	"L5951"	
"384.080029"	"384.080026"	"1800"	""		"4961.658832"	"30990.51628"	"6d2.7s2"	"3F"	"4"	""	"*"	"3"		""	"L5951"	
"384.09197"	"384.091940"	"120"	""		"14465.221873"	"40493.2719"	"6d2.7s.7p"	"5G*"	"2"	""	""	"3"		""	"L5951"	
"384.25500"	"384.255030"	"180"	""		"7280.123222"	"33297.1264"	"6d2.7s2"	""	"2"	""	"*"	"2"		""	"L5951"	
"384.27432"	"384.274313"	"230"	""		"2869.259165"	"28884.95681"	"6d2.7s2"	"3F"	"3"	""	"*"	"3"		""	"L5951"	
"384.28035"	"384.280417"	"180"	""		"11601.03035"	"37616.3148"	"6d3.(4P).7s"	"5P"	"1"	""	"*"	"1"		""	"L5951"	
"384.289662"	"384.289663"	"1500"	""		"11197.031257"	"37211.6898"	"5f.6d.7s2"	"3H*"	"5"	""	""	"5"		""	"L5951"	
"384.30203"	"384.302017"	"380"	""		"13297.43316"	"39311.2554"	"6d3.(2G).7s"	"3G"	"4"	""	"*"	"4"		""	"L5951"	
"384.35085"	"384.350898"	"160"	""		"15618.98461"	"41629.4986"	"5f.6d2.7s"	"5H*"	"3"	""	""	"2"		""	"L5951"	
"384.49328"	"384.493303"	"280"	""		"14481.86965"	"40482.7503"	"5f.6d.7s2"	"3H*"	"6"	""	""	"5"		""	"L5951"	
"384.50922"	"384.509257"	"290"	""		"13175.113345"	"39174.9152"	"5f.6d.7s2"	"3G*"	"4"	""	""	"3"		""	"L5951"	
"384.53067"	"384.530275"	"90"	""		"3687.987189"	"29686.36795"	"6d2.7s2"	""	"2"	""	"*"	"3"		""	"L12239"	
"384.60241"	"384.602374"	"38"	""		"14206.91694"	"40200.4241"	"5f.6d.7s2"	"3F*"	"4"	""	""	"3"		""	"L3552"	
"384.66265"	"384.662628"	"300"	""		"10526.544406"	"36515.9800"	"5f.6d.7s2"	"3G*"	"3"	""	""	"3"		""	"L5951"	
"384.688747"	"384.688757"	"1500"	""		"3865.473772"	"29853.14415"	"6d2.7s2"	"3P"	"1"	""	"*"	"2"		""	"L5951"	
"384.76197"	"384.761949"	"270"	""		"12114.36618"	"38097.0931"	"5f.6d.7s2"	"1D*"	"2"	""	""	"2"		""	"L5951"	
"384.86291"	"384.862948"	"71"	""		"17501.17592"	"43477.0844"	"5f.6d2.7s"	"5I*"	"5"	""	""	"5"		""	"L12239"	
"384.90582"	"384.905776"	"84"	""		"15166.900593"	"41139.9188"	"6d2.7s.7p"	"5G*"	"3"	""	""	"2"		""	"L5951"	
"384.99112"	"384.991103"	"350"	""		"13297.43316"	"39264.6950"	"6d3.(2G).7s"	"3G"	"4"	""	"*"	"3"		""	"L5951"	
"385.00581"	"385.005707"	"50"	""		"12847.96912"	"38814.2460"	"6d3.(4P).7s"	"5P"	"3"	""	"*"	"2"		""	"L3552"	
"385.02827"	"385.02822"	"230*"	""		"15736.968041"	"41701.7265"	"6d2.7s.7p"	"5F*"	"1"	""	""	"1"		""	"L5951"	
"385.10745"	"385.107477"	"260"	""		"15618.98461"	"41578.3997"	"5f.6d2.7s"	"5H*"	"3"	""	""	"2"		""	"L5951"	
"385.11582"	"385.115836"	"480"	""		"10526.544406"	"36485.3961"	"5f.6d.7s2"	"3G*"	"3"	""	""	"2"		""	"L5951"	
"385.213511"	"385.213515"	"3500"	""		"3687.987189"	"29640.2566"	"6d2.7s2"	""	"2"	""	"*"	"1"		""	"L5951"	
"385.37873"	"385.378736"	"120"	""		"14243.993748"	"40185.1371"	"5f.6d.7s2"	"3P*"	"1"	""	""	"2"		""	"L5951"	
"385.38275"	"385.382739"	"250"	""		"12847.96912"	"38788.8430"	"6d3.(4P).7s"	"5P"	"3"	""	"*"	"3"		""	"L5951"	
"385.39859"	"385.398660"	"72"	""		"16346.64962"	"42286.4519"	"5f.6d2.7s"	"5H*"	"4"	""	""	"3"		""	"L5951"	
"385.41285"	"385.412820"	"80"	""		"15618.98461"	"41557.8339"	"5f.6d2.7s"	"5H*"	"3"	""	""	"3"		""	"L5951"	
"385.50652"	"385.506538"	"110"	""		"14032.085336"	"39964.6289"	"6d.7s2.7p"	"3D*"	"2"	""	""	"2"		""	"L5951"	
"385.62234"	"385.622385"	"110"	""		"7502.287636"	"33427.0409"	"6d3.(4F).7s"	"5F"	"3"	""	"*"	"2"		""	"L5951"	
"385.635424"	"385.635436"	"810"	""		"8243.602091"	"34167.4780"	"5f.6d.7s2"	"3F*"	"2"	""	""	"3"		""	"L5951"	
"385.65174"	"385.651718"	"350"	""		"6362.395980"	"32285.1774"	"6d3.(4F).7s"	"5F"	"2"	""	"*"	"3"		""	"L5951"	
"385.66240"	"385.662366"	"500"	""		"10414.13700"	"36336.2027"	"5f.6d.7s2"	"1G*"	"4"	""	""	"3"		""	"L5951"	
"385.67486"	"385.675466"	"87"	""		"13175.113345"	"39096.2986"	"5f.6d.7s2"	"3G*"	"4"	""	""	"4"		""	"L12239"	
"385.83584"	"385.835870"	"190"	""		"13088.56115"	"38998.9704"	"6d3.(2G).7s"	"3G"	"3"	""	"*"	"3"		""	"L5951"	
"385.89295"	"385.893031"	"110"	""		"11877.839132"	"37784.4105"	"6d.7s2.7p"	"3D*"	"1"	""	""	"2"		""	"L5951"	
"385.92891"	"385.928915"	"48"	""		"8800.249723"	"34704.4123"	"6d3.(4F).7s"	"5F"	"4"	""	"*"	"3"		""	"L3552"	
"386.10511"	"386.105154"	"490"	""		"13945.307389"	"39837.6462"	"6d.7s2.7p"	"3F*"	"3"	""	""	"3"		""	"L3552"	
"386.13523"	"386.135205"	"190"	""		"8111.004545"	"34001.3283"	"6d2.7s2"	"1G"	"4"	""	"*"	"4"		""	"L5951"	
"386.15021"	"386.150210"	"320"	""		"11241.73043"	"37131.0482"	"5f.6d.7s2"	"3F*"	"3"	""	""	"3"		""	"L5951"	
"386.15759"	"386.157574"	"330"	""		"11197.031257"	"37085.8553"	"5f.6d.7s2"	"3H*"	"5"	""	""	"4"		""	"L5951"	
"386.242162"	"386.242098"	"830"	""		"10414.13700"	"36297.2958"	"5f.6d.7s2"	"1G*"	"4"	""	""	"4"		""	"L5951"	
"386.25954"	"386.259509"	"73"	""		"16346.64962"	"42228.6417"	"5f.6d2.7s"	"5H*"	"4"	""	""	"4"		""	"L5951"	
"386.47644"	"386.476550"	"120"	""		"16783.84708"	"42651.3045"	"5f.6d2.7s"	"5I*"	"4"	""	""	"3"		""	"L5951"	
"386.48380"	"386.483754"	"220"	""		"14206.91694"	"40073.8922"	"5f.6d.7s2"	"3F*"	"4"	""	""	"5"		""	"L5951"	
"386.49692"	"386.496944"	"130"	""		"15490.077832"	"41356.1703"	"5f.6d.7s2"	"3G*"	"5"	""	""	"5"		""	"L5951"	
"386.63751"	"386.637697"	"240"	""		"15863.88829"	"41720.5646"	"6d3.(2D2).7s"	""	"2"	""	"*"	"2"		""	"L3552"	
"386.67726"	"386.677238"	"71"	""		"11802.93238"	"37656.9647"	"6d3.(4P).7s"	"5P"	"2"	""	"*"	"3"		""	"L5951"	
"386.690900"	"386.690908"	"790"	""		"11241.73043"	"37094.8488"	"5f.6d.7s2"	"3F*"	"3"	""	""	"2"		""	"L5951"	
"386.70674"	"386.706836"	"82"	""		"16783.84708"	"42635.9006"	"5f.6d2.7s"	"5I*"	"4"	""	""	"5"		""	"L5951"	
"386.79752"	"386.797510"	"92"	""		"18011.38030"	"43857.3737"	"5f.6d2.7s"	"5H*"	"5"	""	""	"5"		""	"L5951"	
"386.80401"	"386.804125"	"250"	""		"14206.91694"	"40052.4683"	"5f.6d.7s2"	"3F*"	"4"	""	""	"4"		""	"L3552"	
"386.82546"	"386.825476"	"260"	""		"11241.73043"	"37085.8553"	"5f.6d.7s2"	"3F*"	"3"	""	""	"4"		""	"L5951"	
"386.966317"	"386.966317"	"2400"	""		"6362.395980"	"32197.1148"	"6d3.(4F).7s"	"5F"	"2"	""	"*"	"3"		""	"L5951"	
"387.07631"	"387.076250"	"180"	""		"12847.96912"	"38675.3508"	"6d3.(4P).7s"	"5P"	"3"	""	"*"	"3"		""	"L3552"	
"387.08910"	"387.089190"	"180"	""		"4961.658832"	"30788.17715"	"6d2.7s2"	"3F"	"4"	""	"*"	"5"		""	"L3552"	
"387.25048"	"387.250439"	"220"	""		"14465.221873"	"40280.9864"	"6d2.7s.7p"	"5G*"	"2"	""	""	"3"		""	"L5951"	
"387.26706"	"387.267099"	"420"	""		"2558.056752"	"28372.71076"	"6d2.7s2"	"3P"	"0"	""	"*"	"1"		""	"L5951"	
"387.28620"	"387.286176"	"83"	""		"11802.93238"	"37616.3148"	"6d3.(4P).7s"	"5P"	"2"	""	"*"	"1"		""	"L12239"	
"387.314774"	"387.3147651"	"1800"	""		"2869.259165"	"28680.73627"	"6d2.7s2"	"3F"	"3"	""	"*"	"4"		""	"L5951"	
"387.34199"	"387.342060"	"340"	""		"10526.544406"	"36336.2027"	"5f.6d.7s2"	"3G*"	"3"	""	""	"3"		""	"L5951"	
"387.347386"	"387.347387"	"4000"	""		"0.000000"	"25809.30337"	"6d2.7s2"	"3F"	"2"	""	"*"	"1"		""	"L5951"	
"387.382219"	"387.382217"	"12000"	""		"2869.259165"	"28676.24203"	"6d2.7s2"	"3F"	"3"	""	"*"	"3"		""	"L18702"	
"387.424360"	"387.424367"	"4400"	""		"2869.259165"	"28673.43441"	"6d2.7s2"	"3F"	"3"	""	"*"	"2"		""	"L5951"	
"387.486176"	"387.486177"	"10000"	""		"4961.658832"	"30761.71803"	"6d2.7s2"	"3F"	"4"	""	"*"	"3"		""	"L5951"	
"387.497806"	"387.497816"	"620"	""		"14481.86965"	"40281.1539"	"5f.6d.7s2"	"3H*"	"6"	""	""	"7"		""	"L5951"	
"387.51571"	"387.515805"	"730"	""		"6362.395980"	"32160.4826"	"6d3.(4F).7s"	"5F"	"2"	""	"*"	"2"		""	"L3552"	
"387.537295"	"387.537284"	"4100"	""		"10414.13700"	"36210.7938"	"5f.6d.7s2"	"1G*"	"4"	""	""	"5"		""	"L5951"	
"387.564598"	"387.564599"	"1000"	""		"7502.287636"	"33297.1264"	"6d3.(4F).7s"	"5F"	"3"	""	"*"	"2"		""	"L5951"	
"387.59659"	"387.596116"	"100"	""		"15166.900593"	"40959.6419"	"6d2.7s.7p"	"5G*"	"3"	""	""	"2"		""	"L12239"	
"387.746278"	"387.746270"	"640"	""		"8800.249723"	"34583.0031"	"6d3.(4F).7s"	"5F"	"4"	""	"*"	"3"		""	"L5951"	
"387.75563"	"387.755656"	"140"	""		"15166.900593"	"40949.0299"	"6d2.7s.7p"	"5G*"	"3"	""	""	"3"		""	"L5951"	
"387.76088"	"387.760887"	"370"	""		"13175.113345"	"38956.8948"	"5f.6d.7s2"	"3G*"	"4"	""	""	"4"		""	"L5951"	
"387.81601"	"387.816022"	"71"	""		"13175.113345"	"38953.2296"	"5f.6d.7s2"	"3G*"	"4"	""	""	"5"		""	"L12239"	
"387.85734"	"387.857668"	"680"	""		"15970.09583"	"41745.4442"	"6d3.(2D2).7s"	""	"3"	""	"*"	"4"		""	"L12239"	
"387.866179"	"387.866179"	"750"	""		"3865.473772"	"29640.2566"	"6d2.7s2"	"3P"	"1"	""	"*"	"1"		""	"L5951"	
"387.92686"	"387.926856"	"600"	""		"10526.544406"	"36297.2958"	"5f.6d.7s2"	"3G*"	"3"	""	""	"4"		""	"L5951"	
"387.94452"	"387.944516"	"240"	""		"7795.275291"	"33564.85352"	"5f.6d.7s2"	"3H*"	"4"	""	""	"3"		""	"L5951"	
"387.964392"	"387.964397"	"4000"	""		"7502.287636"	"33270.5454"	"6d3.(4F).7s"	"5F"	"3"	""	"*"	"4"		""	"L5951"	
"388.01947"	"388.019457"	"430"	""		"13297.43316"	"39062.0345"	"6d3.(2G).7s"	"3G"	"4"	""	"*"	"5"		""	"L5951"	
"388.03231"	"388.032240"	"250"	""		"13847.77037"	"39611.5229"	"6d3.(4F).7s"	"3F"	"2"	""	"*"	"3"		""	"L3552"	
"388.04040"	"388.040506"	"120"	""		"7280.123222"	"33043.3270"	"6d2.7s2"	""	"2"	""	"*"	"3"		""	"L3552"	
"388.23247"	"388.232417"	"130"	""		"15970.09583"	"41720.5646"	"6d3.(2D2).7s"	""	"3"	""	"*"	"2"		""	"L5951"	
"388.35361"	"388.353610"	"71"	""		"15618.98461"	"41361.4177"	"5f.6d2.7s"	"5H*"	"3"	"5f.6d2.7p "	"5H"	"3"		""	"L5951"	
"388.37682"	"388.376814"	"99"	""		"15490.077832"	"41230.9729"	"5f.6d.7s2"	"3G*"	"5"	""	""	"4"		""	"L5951"	
"388.49850"	"388.498621"	"62"	""		"10783.15535"	"36515.9800"	"6d.7s2.7p"	"3F*"	"2"	""	""	"3"		""	"L3552"	
"388.50673"	"388.506779"	"220*"	""		"7795.275291"	"33527.55959"	"5f.6d.7s2"	"3H*"	"4"	""	""	"4"		""	"L5951"	
"388.52253"	"388.522477"	"180"	""		"3687.987189"	"29419.23183"	"6d2.7s2"	""	"2"	""	"*"	"2"		""	"L5951"	
"388.54037"	"388.540445"	"110"	""		"11877.839132"	"37607.8939"	"6d.7s2.7p"	"3D*"	"1"	""	""	"1"		""	"L5951"	
"388.60640"	"388.606446"	"190"	""		"13088.56115"	"38814.2460"	"6d3.(2G).7s"	"3G"	"3"	""	"*"	"2"		""	"L3552"	
"388.62562"	"388.625615"	"330"	""		"15490.077832"	"41214.4938"	"5f.6d.7s2"	"3G*"	"5"	""	""	"5"		""	"L5951"	
"388.691575"	"388.691581"	"5600"	""		"2869.259165"	"28589.30942"	"6d2.7s2"	"3F"	"3"	""	"*"	"3"		""	"L5951"	
"388.701929"	"388.701939"	"1300"	""		"10414.13700"	"36133.5019"	"5f.6d.7s2"	"1G*"	"4"	""	""	"5"		""	"L5951"	
"388.72201"	"388.722292"	"99"	""		"6362.395980"	"32080.4143"	"6d3.(4F).7s"	"5F"	"2"	""	"*"	"1"		""	"L3552"	
"388.94321"	"388.9433611"	"37"	""		"0.000000"	"25703.40095"	"6d2.7s2"	"3F"	"2"	""	"*"	"2"		""	"L3552"	
"388.95421"	"388.954227"	"180"	""		"14204.26476"	"39906.9477"	"6d3.(2G).7s"	""	"5"	""	"*"	"4"		""	"L5951"	
"388.96088"	"388.960918"	"140"	""		"10783.15535"	"36485.3961"	"6d.7s2.7p"	"3F*"	"2"	""	""	"2"		""	"L5951"	
"388.97151"	"388.971565"	"250"	""		"13297.43316"	"38998.9704"	"6d3.(2G).7s"	"3G"	"4"	""	"*"	"3"		""	"L3552"	
"388.99058"	"388.990566"	"160"	""		"13088.56115"	"38788.8430"	"6d3.(2G).7s"	"3G"	"3"	""	"*"	"3"		""	"L5951"	
"389.12043"	"389.120464"	"180"	""		"11877.839132"	"37569.5418"	"6d.7s2.7p"	"3D*"	"1"	""	""	"2"		""	"L5951"	
"389.15200"	"389.152066"	"160"	""		"8111.004545"	"33800.6209"	"6d2.7s2"	"1G"	"4"	""	"*"	"3"		""	"L5951"	
"389.16571"	"389.165568"	"180"	""		"8111.004545"	"33799.7296"	"6d2.7s2"	"1G"	"4"	""	"*"	"4"		""	"L3552"	
"389.17258"	"389.172584"	"460"	""		"11197.031257"	"36885.2932"	"5f.6d.7s2"	"3H*"	"5"	""	""	"4"		""	"L5951"	
"389.27090"	"389.270868"	"130"	""		"15490.077832"	"41171.8541"	"5f.6d.7s2"	"3G*"	"5"	""	""	"5"		""	"L5951"	
"389.33429"	"389.334327"	"190"	""		"13962.51989"	"39640.1103"	"6d3.(2D2).7s"	""	"1"	""	"*"	"2"		""	"L5951"	
"389.36518"	"389.365172"	"470"	""		"10414.13700"	"36089.6933"	"5f.6d.7s2"	"1G*"	"4"	""	""	"4"		""	"L5951"	
"389.38146"	"389.381728"	"82"	""		"7280.123222"	"32954.5879"	"6d2.7s2"	""	"2"	""	"*"	"2"		""	"L12239"	
"389.46010"	"389.459886"	"20"	""		"14204.26476"	"39873.5771"	"6d3.(2G).7s"	""	"5"	""	"*"	"5"		""	"L3552"	
"389.541902"	"389.541897"	"7000"	""		"7795.275291"	"33459.18355"	"5f.6d.7s2"	"3H*"	"4"	"5f.6d.7s.7p"	"3H"	"4"		""	"L5951"	
"389.61669"	"389.616771"	"79"	""		"13847.77037"	"39506.7468"	"6d3.(4F).7s"	"3F"	"2"	""	"*"	"1 or 2"		""	"L12239"	
"389.76122"	"389.761322"	"62"	""		"18809.88631"	"44459.3468"	"6d2.7s.7p"	"5G*"	"4"	""	""	"5"		""	"L12239"	
"389.77774"	"389.777846"	"100"	""		"14032.085336"	"39680.4585"	"6d.7s2.7p"	"3D*"	"2"	""	""	"2"		""	"L5951"	
"389.81846"	"389.818604"	"97"	""		"10783.15535"	"36428.8469"	"6d.7s2.7p"	"3F*"	"2"	""	""	"2"		""	"L5951"	
"389.843728"	"389.843729"	"1900"	""		"2869.259165"	"28513.29787"	"6d2.7s2"	"3F"	"3"	""	"*"	"2"		""	"L5951"	
"389.85100"	"389.850965"	"470"	""		"11241.73043"	"36885.2932"	"5f.6d.7s2"	"3F*"	"3"	""	""	"4"		""	"L5951"	
"389.87950"	"389.879421"	"760"	""		"15493.21943"	"41134.9106"	"6d3.(2H).7s"	"3H"	"4"	""	"*"	"4"		""	"L3552"	
"390.04640"	"390.046171"	"100"	""		"14206.91694"	"39837.6462"	"5f.6d.7s2"	"3F*"	"4"	""	""	"3"		""	"L3552"	
"390.057657"	"390.057656"	"1200"	""		"8800.249723"	"34430.2243"	"6d3.(4F).7s"	"5F"	"4"	""	"*"	"3"		""	"L5951"	
"390.166192"	"390.166188"	"860"	""		"7795.275291"	"33418.1206"	"5f.6d.7s2"	"3H*"	"4"	"6d4"	""	"4"		""	"L5951"	
"390.19571"	"390.195673"	"50"	""		"13847.77037"	"39468.6795"	"6d3.(4F).7s"	"3F"	"2"	""	"*"	"3"		""	"L3552"	
"390.21707"	"390.217067"	"260"	""		"14465.221873"	"40084.7264"	"6d2.7s.7p"	"5G*"	"2"	""	""	"3"		""	"L5951"	
"390.27885"	"390.278796"	"110"	""		"15970.09583"	"41585.5483"	"6d3.(2D2).7s"	""	"3"	""	"*"	"2"		""	"L5951"	
"390.310221"	"390.310219"	"3000"	""		"7795.275291"	"33408.66553"	"5f.6d.7s2"	"3H*"	"4"	""	""	"3"		""	"L5951"	
"390.33150"	"390.331584"	"490"	""		"15618.98461"	"41230.9729"	"5f.6d2.7s"	"5H*"	"3"	""	""	"4"		""	"L3552"	
"390.34811"	"390.348141"	"290"	""		"2869.259165"	"28480.16113"	"6d2.7s2"	"3F"	"3"	""	"*"	"4"		""	"L5951"	
"390.58064"	"390.581001"	"32"	""		"16346.64962"	"41942.2830"	"5f.6d2.7s"	"5H*"	"4"	""	""	"5"		""	"L12239"	
"390.71601"	"390.716003"	"210"	""		"13088.56115"	"38675.3508"	"6d3.(2G).7s"	"3G"	"3"	""	"*"	"3"		""	"L5951"	
"390.73521"	"390.735404"	"4"	""		"13175.113345"	"38760.6326"	"5f.6d.7s2"	"3G*"	"4"	""	""	"4"		""	"L3552"	
"390.75430"	"390.754298"	"230"	""		"11197.031257"	"36781.3134"	"5f.6d.7s2"	"3H*"	"5"	""	""	"5"		""	"L5951"	
"390.80141"	"390.801264"	"180"	""		"13088.56115"	"38669.7687"	"6d3.(2G).7s"	"3G"	"3"	""	"*"	"2"		""	"L3552"	
"390.87489"	"390.874923"	"400"	""		"11241.73043"	"36818.1174"	"5f.6d.7s2"	"3F*"	"3"	""	""	"2"		""	"L5951"	
"390.89795"	"390.897915"	"360"	""		"13945.307389"	"39520.1900"	"6d.7s2.7p"	"3F*"	"3"	""	""	"4"		""	"L5951"	
"390.91389"	"390.913876"	"600"	""		"12114.36618"	"37688.2046"	"5f.6d.7s2"	"1D*"	"2"	""	""	"3"		""	"L5951"	
"390.99911"	"390.999123"	"240"	""		"12847.96912"	"38416.2320"	"6d3.(4P).7s"	"5P"	"3"	""	"*"	"3"		""	"L3552"	
"391.02510"	"391.024845"	"120"	""		"11241.73043"	"36808.3114"	"5f.6d.7s2"	"3F*"	"3"	""	""	"3"		""	"L3552"	
"391.05209"	"391.052094"	"130"	""		"3687.987189"	"29252.78674"	"6d2.7s2"	""	"2"	""	"*"	"2"		""	"L5951"	
"391.06220"	"391.062193"	"120"	""		"13847.77037"	"39411.9097"	"6d3.(4F).7s"	"3F"	"2"	""	"*"	"1"		""	"L3552"	
"391.07733"	"391.077345"	"280"	""		"10526.544406"	"36089.6933"	"5f.6d.7s2"	"3G*"	"3"	""	""	"4"		""	"L5951"	
"391.09775"	"391.097703"	"260"	""		"16346.64962"	"41908.4679"	"5f.6d2.7s"	"5H*"	"4"	""	""	"3"		""	"L5951"	
"391.13641"	"391.136307"	"36"	""		"13175.113345"	"38734.4088"	"5f.6d.7s2"	"3G*"	"4"	""	""	"3"		""	"L3552"	
"391.15215"	"391.152268"	"76"	""		"11601.03035"	"37159.2829"	"6d3.(4P).7s"	"5P"	"1"	""	"*"	"1"		""	"L12239"	
"391.190881"	"391.190883"	"2100"	""		"4961.658832"	"30517.38856"	"6d2.7s2"	"3F"	"4"	""	"*"	"4"		""	"L18702"	
"391.195152"	"391.195208"	"890"	""		"4961.658832"	"30517.10597"	"6d2.7s2"	"3F"	"4"	""	"*"	"5"		""	"L5951"	
"391.22102"	"391.221067"	"79"	""		"3865.473772"	"29419.23183"	"6d2.7s2"	"3P"	"1"	""	"*"	"2"		""	"L5951"	
"391.24907"	"391.248444"	"86"	""		"11197.031257"	"36749.00126"	"5f.6d.7s2"	"3H*"	"5"	""	""	"6"		""	"L12239"	
"391.27380"	"391.273822"	"180"	""		"17073.80916"	"42624.1219"	"6d3.(4P).7s"	""	"1"	""	"*"	"1"		""	"L3552"	
"391.30817"	"391.308184"	"500"	""		"11601.03035"	"37149.0995"	"6d3.(4P).7s"	"5P"	"1"	""	"*"	"2"		""	"L5951"	
"391.33020"	"391.330204"	"180"	""		"9804.806547"	"35351.4381"	"6d3.(4F).7s"	"5F"	"5"	""	"*"	"4"		""	"L3552"	
"391.36448"	"391.364456"	"210"	""		"8800.249723"	"34344.6455"	"6d3.(4F).7s"	"5F"	"4"	""	"*"	"4"		""	"L5951"	
"391.38649"	"391.386467"	"170"	""		"17166.10472"	"42709.0640"	"6d3.(2H).7s"	"3H"	"5"	""	"*"	"5"		""	"L5951"	
"391.41631"	"391.415888"	"490"	""		"7502.287636"	"33043.3270"	"6d3.(4F).7s"	"5F"	"3"	""	"*"	"3"		""	"L3552"	
"391.42907"	"391.429041"	"87"	""		"19227.33665"	"44767.5178"	"5f.6d2.7s"	"5I*"	"6"	""	""	"6 or 7"		""	"L12239"	
"391.51720"	"391.516984"	"12"	""		"15166.900593"	"40701.3450"	"6d2.7s.7p"	"5G*"	"3"	""	""	"4"		""	"L3552"	
"391.52952"	"391.529495"	"200"	""		"11241.73043"	"36775.3589"	"5f.6d.7s2"	"3F*"	"3"	""	""	"3"		""	"L5951"	
"391.58487"	"391.584839"	"260"	""		"8243.602091"	"33773.6219"	"5f.6d.7s2"	"3F*"	"2"	""	""	"1"		""	"L5951"	
"391.641730"	"391.641743"	"4200"	""		"0.000000"	"25526.31045"	"6d2.7s2"	"3F"	"2"	""	"*"	"1"		""	"L18702"	
"391.65978"	"391.659743"	"170"	""		"13175.113345"	"38700.2507"	"5f.6d.7s2"	"3G*"	"4"	""	""	"4"		""	"L5951"	
"391.726912"	"391.726938"	"1100"	""		"10526.544406"	"36047.3034"	"5f.6d.7s2"	"3G*"	"3"	""	""	"2"		""	"L5951"	
"391.806992"	"391.807013"	"660"	""		"14481.86965"	"39997.4130"	"5f.6d.7s2"	"3H*"	"6"	""	""	"6"		""	"L5951"	
"391.84971"	"391.849654"	"660"	""		"5563.141519"	"31075.9083"	"6d3.(4F).7s"	"5F"	"1"	""	"*"	"2"		""	"L18702"	
"391.893332"	"391.893402"	"770"	""		"3687.987189"	"29197.90600"	"6d2.7s2"	""	"2"	""	"*"	"2"		""	"L5951"	
"391.902324"	"391.902329"	"4600"	""		"3687.987189"	"29197.32496"	"6d2.7s2"	""	"2"	""	"*"	"1"		""	"L5951"	
"391.92752"	"391.927546"	"260"	""		"6362.395980"	"31870.0925"	"6d3.(4F).7s"	"5F"	"2"	""	"*"	"2"		""	"L5951"	
"391.93267"	"391.932554"	"82"	""		"12847.96912"	"38355.3397"	"6d3.(4P).7s"	"5P"	"3"	""	"*"	"2"		""	"L12239"	
"392.00574"	"392.005797"	"230"	""		"16783.84708"	"42286.4519"	"5f.6d2.7s"	"5I*"	"4"	""	""	"3"		""	"L5951"	
"392.05499"	"392.054959"	"120"	""		"14465.221873"	"39964.6289"	"6d2.7s.7p"	"5G*"	"2"	""	""	"2"		""	"L5951"	
"392.14531"	"392.145376"	"160"	""		"12114.36618"	"37607.8939"	"5f.6d.7s2"	"1D*"	"2"	""	""	"1"		""	"L5951"	
"392.17311"	"392.173092"	"33"	""		"13088.56115"	"38580.2872"	"6d3.(2G).7s"	"3G"	"3"	""	"*"	"4"		""	"L3552"	
"392.17797"	"392.177957"	"99"	""		"13297.43316"	"38788.8430"	"6d3.(2G).7s"	"3G"	"4"	""	"*"	"3"		""	"L5951"	
"392.23940"	"392.239464"	"100"	""		"14206.91694"	"39694.3296"	"5f.6d.7s2"	"3F*"	"4"	"5f.6d2.7p "	"5I"	"5"		""	"L5951"	
"392.35101"	"392.350995"	"220"	""		"8111.004545"	"33591.1722"	"6d2.7s2"	"1G"	"4"	"6d3.7p"	"5G*"	"3"		""	"L3552"	
"392.379937"	"392.379940"	"2500"	""		"2869.259165"	"28347.54723"	"6d2.7s2"	"3F"	"3"	""	"*"	"2"		""	"L5951"	
"392.44040"	"392.440084"	"11000"	""		"7280.123222"	"32754.5067"	"6d2.7s2"	""	"2"	""	"*"	"3"		""	"L3552"	
"392.509321"	"392.509325"	"6800"	""		"3687.987189"	"29157.87692"	"6d2.7s2"	""	"2"	""	"*"	"3"		""	"L18702"	
"392.521892"	"392.521899"	"1400"	""		"9804.806547"	"35273.8804"	"6d3.(4F).7s"	"5F"	"5"	"6d3.7p"	"5G*"	"5"		""	"L5951"	
"392.559550"	"392.559555"	"660"	""		"2558.056752"	"28024.68756"	"6d2.7s2"	"3P"	"0"	""	"*"	"1"		""	"L5951"	
"392.68627"	"392.686368"	"180"	""		"12847.96912"	"38306.3760"	"6d3.(4P).7s"	"5P"	"3"	""	"*"	"4"		""	"L5951"	
"392.78061"	"392.780585"	"320"	""		"7502.287636"	"32954.5879"	"6d3.(4F).7s"	"5F"	"3"	""	"*"	"2"		""	"L5951"	
"392.83061"	"392.830756"	"88"	""		"8111.004545"	"33560.0542"	"6d2.7s2"	"1G"	"4"	""	"*"	"4"		""	"L5951"	
"392.88644"	"392.886448"	"540"	""		"8243.602091"	"33689.0444"	"5f.6d.7s2"	"3F*"	"2"	""	""	"2"		""	"L5951"	
"392.89666"	"392.896779"	"190"	""		"15166.900593"	"40611.6738"	"6d2.7s.7p"	"5G*"	"3"	""	""	"2"		""	"L5951"	
"392.929021"	"392.9290191"	"770"	""		"0.000000"	"25442.68552"	"6d2.7s2"	"3F"	"2"	""	"*"	"3"		""	"L5951"	
"393.02505"	"393.025116"	"95"	""		"14243.993748"	"39680.4585"	"5f.6d.7s2"	"3P*"	"1"	""	""	"2"		""	"L5951"	
"393.06575"	"393.065741"	"66"	""		"16217.482038"	"41651.3179"	"6d.7s2.7p"	"1D*"	"2"	""	""	"3"		""	"L5951"	
"393.10849"	"393.108474"	"79"	""		"11802.93238"	"37234.0035"	"6d3.(4P).7s"	"5P"	"2"	""	"*"	"2"		""	"L5951"	
"393.15074"	"393.150807"	"37"	""		"17411.224415"	"42839.5573"	"6d.7s2.7p"	"3D*"	"3"	""	""	"3"		""	"L12239"	
"393.291102"	"393.291103"	"9200"	""		"7795.275291"	"33214.53748"	"5f.6d.7s2"	"3H*"	"4"	"5f.6d.7s.7p"	"3I"	"5"		""	"L18702"	
"393.30352"	"393.303452"	"230"	""		"6362.395980"	"31780.86008"	"6d3.(4F).7s"	"5F"	"2"	""	"*"	"3"		""	"L5951"	
"393.32373"	"393.323756"	"480"	""		"10414.13700"	"35831.2890"	"5f.6d.7s2"	"1G*"	"4"	""	""	"3"		""	"L5951"	
"393.40599"	"393.405996"	"69"	""		"11241.73043"	"36653.5692"	"5f.6d.7s2"	"3F*"	"3"	""	""	"2"		""	"L5951"	
"393.44650"	"393.446537"	"33"	""		"16346.64962"	"41755.8700"	"5f.6d2.7s"	"5H*"	"4"	""	""	"4"		""	"L3552"	
"393.72883"	"393.728750"	"71"	""		"15970.09583"	"41361.1040"	"6d3.(2D2).7s"	""	"3"	""	"*"	"4"		""	"L12239"	
"393.73660"	"393.736477"	"46"	""		"17501.17592"	"42891.6858"	"5f.6d2.7s"	"5I*"	"5"	""	""	"4"		""	"L12239"	
"393.78600"	"393.786060"	"79"	""		"3865.473772"	"29252.78674"	"6d2.7s2"	"3P"	"1"	""	"*"	"2"		""	"L12239"	
"393.80953"	"393.809330"	"100"	""		"21903.40831"	"47289.2212"	"5f.6d2.7s"	"5H*"	"7"	""	""	"7"		""	"L12239"	
"393.81522"	"393.815224"	"200"	""		"7280.123222"	"32665.5562"	"6d2.7s2"	""	"2"	""	"*"	"1"		""	"L5951"	
"393.861419"	"393.861426"	"720"	""		"8800.249723"	"34182.7049"	"6d3.(4F).7s"	"5F"	"4"	""	"*"	"5"		""	"L5951"	
"393.89560"	"393.895806"	"170"	""		"10414.13700"	"35794.3768"	"5f.6d.7s2"	"1G*"	"4"	"6d4"	"3F1"	"4"		""	"L3552"	
"393.93186"	"393.931850"	"150"	""		"13297.43316"	"38675.3508"	"6d3.(2G).7s"	"3G"	"4"	""	"*"	"3"		""	"L5951"	
"393.95381"	"393.953838"	"91"	""		"13945.307389"	"39321.8086"	"6d.7s2.7p"	"3F*"	"3"	""	""	"3"		""	"L12239"	
"394.04220"	"394.042694"	"11"	""		"7280.123222"	"32650.9022"	"6d2.7s2"	""	"2"	""	"*"	"1"		""	"L3552"	
"394.07068"	"394.070682"	"120"	""		"12847.96912"	"38216.9462"	"6d3.(4P).7s"	"5P"	"3"	""	"*"	"3"		""	"L5951"	
"394.08386"	"394.083825"	"180"	""		"13297.43316"	"38665.5642"	"6d3.(2G).7s"	"3G"	"4"	""	"*"	"5"		""	"L5951"	
"394.11372"	"394.113775"	"74"	""		"16346.64962"	"41712.8529"	"5f.6d2.7s"	"5H*"	"4"	""	""	"5"		""	"L5951"	
"394.12323"	"394.123219"	"76"	""		"5563.141519"	"30928.7370"	"6d3.(4F).7s"	"5F"	"1"	""	"*"	"1"		""	"L12239"	
"394.16820"	"394.168245"	"22"	""		"8243.602091"	"33606.30012"	"5f.6d.7s2"	"3F*"	"2"	""	""	"2"		""	"L3552"	
"394.19621"	"394.195917"	"21"	""		"16217.482038"	"41578.3997"	"6d.7s2.7p"	"1D*"	"2"	""	""	"2"		""	"L3552"	
"394.207305"	"394.207284"	"630"	""		"7502.287636"	"32862.47402"	"6d3.(4F).7s"	"5F"	"3"	""	"*"	"4"		""	"L5951"	
"394.23579"	"394.235766"	"190"	""		"12114.36618"	"37472.7204"	"5f.6d.7s2"	"1D*"	"2"	""	""	"1"		""	"L5951"	
"394.26281"	"394.262705"	"220"	""		"11802.93238"	"37159.5540"	"6d3.(4P).7s"	"5P"	"2"	""	"*"	"3"		""	"L3552"	
"394.26693"	"394.266920"	"91"	""		"11802.93238"	"37159.2829"	"6d3.(4P).7s"	"5P"	"2"	""	"*"	"1"		""	"L5951"	
"394.29079"	"394.290788"	"340"	""		"13175.113345"	"38529.9290"	"5f.6d.7s2"	"3G*"	"4"	""	""	"3"		""	"L5951"	
"394.34597"	"394.345964"	"400"	""		"10526.544406"	"35877.8125"	"5f.6d.7s2"	"3G*"	"3"	"6d4"	""	"2"		""	"L5951"	
"394.360530"	"394.360537"	"650"	""		"6362.395980"	"31712.7273"	"6d3.(4F).7s"	"5F"	"2"	""	"*"	"1"		""	"L5951"	
"394.425326"	"394.425329"	"660"	""		"11802.93238"	"37149.0995"	"6d3.(4P).7s"	"5P"	"2"	""	"*"	"2"		""	"L5951"	
"394.52072"	"394.520727"	"120"	""		"16346.64962"	"41686.6880"	"5f.6d2.7s"	"5H*"	"4"	""	""	"3"		""	"L5951"	
"394.639194"	"394.639186"	"1900"	""		"3865.473772"	"29197.90600"	"6d2.7s2"	"3P"	"1"	""	"*"	"2"		""	"L5951"	
"394.64830"	"394.648238"	"570*"	""		"3865.473772"	"29197.32496"	"6d2.7s2"	"3P"	"1"	""	"*"	"1"		""	"L5951"	
"394.733064"	"394.733065"	"2000"	""		"9804.806547"	"35131.2141"	"6d3.(4F).7s"	"5F"	"5"	""	"*"	"4"		""	"L5951"	
"394.803029"	"394.8030341"	"15000"	""		"0.000000"	"25321.91918"	"6d2.7s2"	"3F"	"2"	""	"*"	"3"		""	"L18702"	
"394.813431"	"394.813446"	"1100"	""		"8243.602091"	"33564.85352"	"5f.6d.7s2"	"3F*"	"2"	""	""	"3"		""	"L5951"	
"395.039505"	"395.039509"	"42000"	""		"0.000000"	"25306.76154"	"6d2.7s2"	"3F"	"2"	""	"*"	"2"		""	"L18702"	
"395.07071"	"395.070997"	"210"	""		"10526.544406"	"35831.2890"	"5f.6d.7s2"	"3G*"	"3"	""	""	"3"		""	"L3552"	
"395.08048"	"395.080468"	"520"	""		"7795.275291"	"33099.41329"	"5f.6d.7s2"	"3H*"	"4"	""	""	"3"		""	"L5951"	
"395.24210"	"395.242069"	"53"	""		"4961.658832"	"30255.45106"	"6d2.7s2"	"3F"	"4"	""	"*"	"3"		""	"L3552"	
"395.276066"	"395.276062"	"2100"	""		"3865.473772"	"29157.0908"	"6d2.7s2"	"3P"	"1"	""	"*"	"1"		""	"L5951"	
"395.29671"	"395.296719"	"160"	""		"12114.36618"	"37404.6616"	"5f.6d.7s2"	"1D*"	"2"	""	""	"3"		""	"L3552"	
"395.30560"	"395.305662"	"8"	""		"14032.085336"	"39321.8086"	"6d.7s2.7p"	"3D*"	"2"	""	""	"3"		""	"L3552"	
"395.40678"	"395.406870"	"150"	""		"15618.98461"	"40902.2349"	"5f.6d2.7s"	"5H*"	"3"	""	""	"3"		""	"L5951"	
"395.41307"	"395.413067"	"110"	""		"13297.43316"	"38580.2872"	"6d3.(2G).7s"	"3G"	"4"	""	"*"	"4"		""	"L5951"	
"395.516969"	"395.516990"	"1200"	""		"9804.806547"	"35081.0176"	"6d3.(4F).7s"	"5F"	"5"	""	"*"	"5"		""	"L5951"	
"395.54770"	"395.547686"	"31"	""		"11241.73043"	"36515.9800"	"5f.6d.7s2"	"3F*"	"3"	""	""	"3"		""	"L3552"	
"395.589009"	"395.5890197"	"880"	""		"2869.259165"	"28140.86799"	"6d2.7s2"	"3F"	"3"	""	"*"	"4"		""	"L5951"	
"395.60047"	"395.600488"	"390"	""		"11601.03035"	"36871.9066"	"6d3.(4P).7s"	"5P"	"1"	""	"*"	"2"		""	"L5951"	
"395.61045"	"395.610427"	"74"	""		"19588.36224"	"44858.6036"	"6d2.7s.7p"	"5G*"	"5"	""	""	"6"		""	"L5951"	
"395.64825"	"395.648144"	"270"	""		"10526.544406"	"35794.3768"	"5f.6d.7s2"	"3G*"	"3"	"6d4"	"3F1"	"4"		""	"L5951"	
"395.70591"	"395.705844"	"220"	""		"10783.15535"	"36047.3034"	"6d.7s2.7p"	"3F*"	"2"	""	""	"2"		""	"L3552"	
"395.77360"	"395.773395"	"84"	""		"15166.900593"	"40426.7366"	"6d2.7s.7p"	"5G*"	"3"	""	""	"4"		""	"L3552"	
"395.77982"	"395.779767"	"46"	""		"17501.17592"	"42760.6053"	"5f.6d2.7s"	"5I*"	"5"	""	""	"5"		""	"L12239"	
"395.89287"	"395.892777"	"120"	""		"7502.287636"	"32754.5067"	"6d3.(4F).7s"	"5F"	"3"	""	"*"	"3"		""	"L5951"	
"395.929982"	"395.929982"	"2900"	""		"5563.141519"	"30812.9877"	"6d3.(4F).7s"	"5F"	"1"	""	"*"	"2"		""	"L5951"	
"396.02691"	"396.026922"	"400"	""		"11241.73043"	"36485.3961"	"5f.6d.7s2"	"3F*"	"3"	""	""	"2"		""	"L5951"	
"396.06851"	"396.068309"	"21"	""		"12847.96912"	"38088.9970"	"6d3.(4P).7s"	"5P"	"3"	""	"*"	"2"		""	"L3552"	
"396.20987"	"396.209864"	"99"	""		"19227.33665"	"44459.3468"	"5f.6d2.7s"	"5I*"	"6"	""	""	"5"		""	"L12239"	
"396.21975"	"396.219625"	"230"	""		"15493.21943"	"40724.6080"	"6d3.(2H).7s"	"3H"	"4"	""	"*"	"5"		""	"L5951"	
"396.23710"	"396.236974"	"160"	""		"15970.09583"	"41200.3797"	"6d3.(2D2).7s"	""	"3"	""	"*"	"2"		""	"L3552"	
"396.241939"	"396.241926"	"1100"	""		"3687.987189"	"28917.95572"	"6d2.7s2"	""	"2"	""	"*"	"2"		""	"L5951"	
"396.24751"	"396.247591"	"220"	""		"13945.307389"	"39174.9152"	"6d.7s2.7p"	"3F*"	"3"	""	""	"3"		""	"L3552"	
"396.40301"	"396.402975"	"390"	""		"10414.13700"	"35633.8554"	"5f.6d.7s2"	"1G*"	"4"	""	""	"4"		""	"L5951"	
"396.43291"	"396.432898"	"170"	""		"13088.56115"	"38306.3760"	"6d3.(2G).7s"	"3G"	"3"	""	"*"	"4"		""	"L12239"	
"396.44550"	"396.445557"	"160"	""		"11877.839132"	"37094.8488"	"6d.7s2.7p"	"3D*"	"1"	""	""	"2"		""	"L3552"	
"396.54829"	"396.548231"	"73"	""		"19227.33665"	"44437.8173"	"5f.6d2.7s"	"5I*"	"6"	""	""	"6"		""	"L12239"	
"396.63337"	"396.633319"	"130"	""		"12847.96912"	"38053.0416"	"6d3.(4P).7s"	"5P"	"3"	""	"*"	"3"		""	"L12239"	
"396.739204"	"396.739208"	"6300"	""		"4961.658832"	"30160.00425"	"6d2.7s2"	"3F"	"4"	""	"*"	"4"		""	"L18702"	
"396.76101"	"396.760871"	"450"	""		"3687.987189"	"28884.95681"	"6d2.7s2"	""	"2"	""	"*"	"3"		""	"L3552"	
"396.847579"	"396.847583"	"9400"	""		"13175.113345"	"38366.5775"	"5f.6d.7s2"	"3G*"	"4"	"6d4"	""	"4"		""	"L5951"	
"396.96639"	"396.966451"	"550"	""		"8111.004545"	"33294.9255"	"6d2.7s2"	"1G"	"4"	""	"*"	"3"		""	"L5951"	
"397.11367"	"397.113613"	"130"	""		"19227.33665"	"44401.9252"	"5f.6d2.7s"	"5I*"	"6"	""	""	"6 or 7"		""	"L12239"	
"397.19249"	"397.192694"	"68"	""		"18011.38030"	"43180.9567"	"5f.6d2.7s"	"5H*"	"5"	""	""	"5"		""	"L12239"	
"397.22300"	"397.223258"	"170"	""		"8800.249723"	"33967.8895"	"6d3.(4F).7s"	"5F"	"4"	""	"*"	"3"		""	"L3552"	
"397.263939"	"397.263926"	"1600"	""		"8243.602091"	"33408.66553"	"5f.6d.7s2"	"3F*"	"2"	""	""	"3"		""	"L5951"	
"397.30631"	"397.306288"	"89"	""		"10414.13700"	"35576.5173"	"5f.6d.7s2"	"1G*"	"4"	""	""	"3"		""	"L3552"	
"397.319574"	"397.319588"	"2900"	""		"6362.395980"	"31523.9340"	"6d3.(4F).7s"	"5F"	"2"	""	"*"	"3"		""	"L18702"	
"397.33324"	"397.333278"	"670"	""		"5563.141519"	"30723.8126"	"6d3.(4F).7s"	"5F"	"1"	""	"*"	"1"		""	"L5951"	
"397.35122"	"397.351128"	"54"	""		"8111.004545"	"33270.5454"	"6d2.7s2"	"1G"	"4"	""	"*"	"4"		""	"L12239"	
"397.36915"	"397.368860"	"180"	""		"15490.077832"	"40648.4960"	"5f.6d.7s2"	"3G*"	"5"	""	""	"4"		""	"L12239"	
"397.48290"	"397.482903"	"460"	""		"13847.77037"	"38998.9704"	"6d3.(4F).7s"	"3F"	"2"	""	"*"	"3"		""	"L3552"	
"397.50081"	"397.501396"	"11"	""		"15736.968041"	"40886.9980"	"6d2.7s.7p"	"5F*"	"1"	""	""	"2"		""	"L3552"	
"397.54672"	"397.546738"	"150"	""		"8243.602091"	"33390.76362"	"5f.6d.7s2"	"3F*"	"2"	""	""	"1"		""	"L5951"	
"397.58310"	"397.583116"	"160"	""		"14206.91694"	"39351.7776"	"5f.6d.7s2"	"3F*"	"4"	""	""	"5"		""	"L5951"	
"397.59225"	"397.592208"	"70"	""		"18011.38030"	"43155.6660"	"5f.6d2.7s"	"5H*"	"5"	""	""	"5"		""	"L5951"	
"397.59761"	"397.597743"	"45"	""		"16217.482038"	"41361.4177"	"6d.7s2.7p"	"1D*"	"2"	"5f.6d2.7p "	"5H"	"3"		""	"L3552"	
"397.61521"	"397.615230"	"110"	""		"14032.085336"	"39174.9152"	"6d.7s2.7p"	"3D*"	"2"	""	""	"3"		""	"L3552"	
"397.74340"	"397.743452"	"34"	""		"17501.17592"	"42635.9006"	"5f.6d2.7s"	"5I*"	"5"	""	""	"5"		""	"L3552"	
"397.84380"	"397.843800"	"120"	""		"13088.56115"	"38216.9462"	"6d3.(2G).7s"	"3G"	"3"	""	"*"	"3"		""	"L3552"	
"397.94020"	"397.940164"	"170"	""		"12847.96912"	"37970.2693"	"6d3.(4P).7s"	"5P"	"3"	""	"*"	"2"		""	"L3552"	
"397.99562"	"397.995635"	"390"	""		"13297.43316"	"38416.2320"	"6d3.(2G).7s"	"3G"	"4"	""	"*"	"3"		""	"L5951"	
"398.008946"	"398.008934"	"1700"	""		"14481.86965"	"39599.8292"	"5f.6d.7s2"	"3H*"	"6"	"5f.6d2.7p "	"5K"	"7"		""	"L5951"	
"398.05750"	"398.057553"	"33"	""		"14206.91694"	"39321.8086"	"5f.6d.7s2"	"3F*"	"4"	""	""	"3"		""	"L3552"	
"398.18280"	"398.182744"	"500*"	""		"12847.96912"	"37954.9647"	"6d3.(4P).7s"	"5P"	"3"	""	"*"	"3"		""	"L5951"	
"398.18280"	"398.182822"	"500*"	""		"14204.26476"	"39311.2554"	"6d3.(2G).7s"	""	"5"	""	"*"	"4"		""	"L5951"	
"398.26070"	"398.260789"	"110"	""		"12847.96912"	"37950.0447"	"6d3.(4P).7s"	"5P"	"3"	""	"*"	"4"		""	"L5951"	
"398.28954"	"398.289525"	"240"	""		"11197.031257"	"36297.2958"	"5f.6d.7s2"	"3H*"	"5"	""	""	"4"		""	"L5951"	
"398.30101"	"398.300993"	"82"	""		"17166.10472"	"42265.6466"	"6d3.(2H).7s"	"3H"	"5"	""	"*"	"4"		""	"L5951"	
"398.37831"	"398.378525"	"22"	""		"10783.15535"	"35877.8125"	"6d.7s2.7p"	"3F*"	"2"	"6d4"	""	"2"		""	"L3552"	
"398.38150"	"398.381460"	"4"	""		"11241.73043"	"36336.2027"	"5f.6d.7s2"	"3F*"	"3"	""	""	"3"		""	"L3552"	
"398.40953"	"398.409500"	"210"	""		"15490.077832"	"40582.7840"	"5f.6d.7s2"	"3G*"	"5"	""	""	"5"		""	"L5951"	
"398.48794"	"398.487967"	"500"	""		"13297.43316"	"38385.1984"	"6d3.(2G).7s"	"3G"	"4"	""	"*"	"5"		""	"L5951"	
"398.53409"	"398.534071"	"95"	""		"13847.77037"	"38932.6334"	"6d3.(4F).7s"	"3F"	"2"	""	"*"	"2"		""	"L5951"	
"398.57370"	"398.573836"	"9"	""		"15618.98461"	"40701.3450"	"5f.6d2.7s"	"5H*"	"3"	""	""	"4"		""	"L3552"	
"398.58150"	"398.581676"	"18"	""		"9804.806547"	"34886.6736"	"6d3.(4F).7s"	"5F"	"5"	""	"*"	"5"		""	"L3552"	
"398.62182"	"398.6217060"	"63"	""		"2869.259165"	"27948.60753"	"6d2.7s2"	"3F"	"3"	""	"*"	"4"		""	"L12239"	
"398.66047"	"398.660487"	"74"	""		"14206.91694"	"39283.8257"	"5f.6d.7s2"	"3F*"	"4"	""	""	"4"		""	"L5951"	
"398.720592"	"398.720532"	"920"	""		"7502.287636"	"32575.4200"	"6d3.(4F).7s"	"5F"	"3"	"6d3.7p"	"5G*"	"2"		""	"L5951"	
"398.75540"	"398.755424"	"120"	""		"15970.09583"	"41041.0343"	"6d3.(2D2).7s"	""	"3"	""	"*"	"4"		""	"L5951"	
"398.78672"	"398.786669"	"140"	""		"11802.93238"	"36871.9066"	"6d3.(4P).7s"	"5P"	"2"	""	"*"	"2"		""	"L5951"	
"398.80780"	"398.808020"	"22"	""		"11601.03035"	"36668.6625"	"6d3.(4P).7s"	"5P"	"1"	""	"*"	"2"		""	"L3552"	
"398.84290"	"398.842887"	"170"	""		"8243.602091"	"33309.04285"	"5f.6d.7s2"	"3F*"	"2"	""	""	"2"		""	"L3552"	
"398.85191"	"398.851932"	"55"	""		"13945.307389"	"39010.1797"	"6d.7s2.7p"	"3F*"	"3"	""	""	"3"		""	"L3552"	
"398.89531"	"398.895265"	"55"	""		"17224.302340"	"42286.4519"	"6d2.7s.7p"	"5F*"	"2"	""	""	"3"		""	"L3552"	
"398.99608"	"398.996057"	"120"	""		"18011.38030"	"43067.1989"	"5f.6d2.7s"	"5H*"	"5"	""	""	"4"		""	"L5951"	
"399.00017"	"399.000090"	"240"	""		"11241.73043"	"36297.2958"	"5f.6d.7s2"	"3F*"	"3"	""	""	"4"		""	"L5951"	
"399.00215"	"399.002119"	"410"	""		"4961.658832"	"30017.09677"	"6d2.7s2"	"3F"	"4"	""	"*"	"3"		""	"L5951"	
"399.049192"	"399.049199"	"1900"	""		"3865.473772"	"28917.95572"	"6d2.7s2"	"3P"	"1"	""	"*"	"2"		""	"L18702"	
"399.08092"	"399.080897"	"320"	""		"5563.141519"	"30613.6337"	"6d3.(4F).7s"	"5F"	"1"	""	"*"	"0"		""	"L5951"	
"399.08928"	"399.089170"	"420"	""		"10526.544406"	"35576.5173"	"5f.6d.7s2"	"3G*"	"3"	""	""	"3"		""	"L5951"	
"399.12891"	"399.128773"	"32"	""		"18809.88631"	"43857.3737"	"6d2.7s.7p"	"5G*"	"4"	""	""	"5"		""	"L3552"	
"399.16241"	"399.162313"	"660"	""		"14206.91694"	"39252.2997"	"5f.6d.7s2"	"3F*"	"4"	""	""	"5"		""	"L3552"	
"399.173071"	"399.173064"	"1900"	""		"8800.249723"	"33844.9580"	"6d3.(4F).7s"	"5F"	"4"	""	"*"	"5"		""	"L5951"	
"399.33970"	"399.339160"	"220"	""		"11802.93238"	"36837.2241"	"6d3.(4P).7s"	"5P"	"2"	""	"*"	"1"		""	"L3552"	
"399.35147"	"399.351415"	"120"	""		"15166.900593"	"40200.4241"	"6d2.7s.7p"	"5G*"	"3"	""	""	"3"		""	"L5951"	
"399.40380"	"399.403537"	"10"	""		"8243.602091"	"33273.8588"	"5f.6d.7s2"	"3F*"	"2"	""	""	"1"		""	"L3552"	
"399.59554"	"399.595437"	"29"	""		"15166.900593"	"40185.1371"	"6d2.7s.7p"	"5G*"	"3"	""	""	"2"		""	"L12239"	
"399.62030"	"399.620268"	"640"	""		"12114.36618"	"37131.0482"	"5f.6d.7s2"	"1D*"	"2"	""	""	"3"		""	"L3552"	
"399.65096"	"399.650844"	"75"	""		"16346.64962"	"41361.4177"	"5f.6d2.7s"	"5H*"	"4"	"5f.6d2.7p "	"5H"	"3"		""	"L12239"	
"399.66685"	"399.666911"	"390"	""		"11197.031257"	"36210.7938"	"5f.6d.7s2"	"3H*"	"5"	""	""	"5"		""	"L5951"	
"399.69309"	"399.693047"	"150*"	""		"12114.36618"	"37126.4931"	"5f.6d.7s2"	"1D*"	"2"	""	""	"1"		""	"L5951"	
"399.69309"	"399.693247"	"150*"	""		"17411.224415"	"42423.3388"	"6d.7s2.7p"	"3D*"	"3"	""	""	"4"		""	"L5951"	
"399.70168"	"399.701668"	"320"	""		"13945.307389"	"38956.8948"	"6d.7s2.7p"	"3F*"	"3"	""	""	"4"		""	"L5951"	
"399.71106"	"399.710905"	"130"	""		"13175.113345"	"38186.1228"	"5f.6d.7s2"	"3G*"	"4"	""	""	"4"		""	"L5951"	
"399.71721"	"399.717350"	"110"	""		"15970.09583"	"40980.7020"	"6d3.(2D2).7s"	""	"3"	""	"*"	"3"		""	"L3552"	
"399.73479"	"399.734699"	"82"	""		"16346.64962"	"41356.1703"	"5f.6d2.7s"	"5H*"	"4"	""	""	"5"		""	"L5951"	
"399.74430"	"399.743936"	"31"	""		"13297.43316"	"38306.3760"	"6d3.(2G).7s"	"3G"	"4"	""	"*"	"4"		""	"L3552"	
"399.80611"	"399.806103"	"350"	""		"7280.123222"	"32285.1774"	"6d2.7s2"	""	"2"	""	"*"	"3"		""	"L5951"	
"399.86564"	"399.865642"	"160"	""		"7502.287636"	"32503.6187"	"6d3.(4F).7s"	"5F"	"3"	""	"*"	"2"		""	"L5951"	
"399.87333"	"399.873313"	"500"	""		"7795.275291"	"32796.12677"	"5f.6d.7s2"	"3H*"	"4"	""	""	"3"		""	"L5951"	
"399.88017"	"399.879961"	"110"	""		"13088.56115"	"38088.9970"	"6d3.(2G).7s"	"3G"	"3"	""	"*"	"2"		""	"L12239"	
"399.895251"	"399.895253"	"890"	""		"8800.249723"	"33799.7296"	"6d3.(4F).7s"	"5F"	"4"	""	"*"	"4"		""	"L5951"	
"400.00239"	"400.002377"	"32"	""		"13847.77037"	"38840.5553"	"6d3.(4F).7s"	"3F"	"2"	""	"*"	"1"		""	"L5951"	
"400.00413"	"400.004177"	"53"	""		"15490.077832"	"40482.7503"	"5f.6d.7s2"	"3G*"	"5"	""	""	"5"		""	"L5951"	
"400.028093"	"400.028091"	"1400"	""		"10414.13700"	"35405.3154"	"5f.6d.7s2"	"1G*"	"4"	""	""	"3"		""	"L5951"	
"400.044538"	"400.044535"	"180"	""		"5563.141519"	"30553.29269"	"6d3.(4F).7s"	"5F"	"1"	""	"*"	"2"		""	"L5951"	
"400.07489"	"400.074894"	"64"	""		"3687.987189"	"28676.24203"	"6d2.7s2"	""	"2"	""	"*"	"3"		""	"L5951"	
"400.105794"	"400.105789"	"3800"	""		"7795.275291"	"32781.60068"	"5f.6d.7s2"	"3H*"	"4"	""	""	"4"		""	"L5951"	
"400.11988"	"400.119852"	"60"	""		"3687.987189"	"28673.43441"	"6d2.7s2"	""	"2"	""	"*"	"2"		""	"L5951"	
"400.12277"	"400.122785"	"22"	""		"23306.82782"	"48292.0919"	"5f.6d2.7s"	"3I*"	"6"	""	""	"7"		""	"L5951"	
"400.189333"	"400.1893188"	"1600"	""		"0.000000"	"24981.11021"	"6d2.7s2"	"3F"	"2"	""	"*"	"3"		""	"L5951"	
"400.19921"	"400.199373"	"100"	""		"12114.36618"	"37094.8488"	"5f.6d.7s2"	"1D*"	"2"	""	""	"2"		""	"L3552"	
"400.23763"	"400.237639"	"37"	""		"14032.085336"	"39010.1797"	"6d.7s2.7p"	"3D*"	"2"	""	""	"3"		""	"L5951"	
"400.33500"	"400.334950"	"21"	""		"16783.84708"	"41755.8700"	"5f.6d2.7s"	"5I*"	"4"	""	""	"4"		""	"L5951"	
"400.357385"	"400.357386"	"710"	""		"13175.113345"	"38145.7369"	"5f.6d.7s2"	"3G*"	"4"	""	""	"3"		""	"L5951"	
"400.36556"	"400.365564"	"60"	""		"13962.51989"	"38932.6334"	"6d3.(2D2).7s"	""	"1"	""	"*"	"2"		""	"L5951"	
"400.39931"	"400.399483"	"8"	""		"14206.91694"	"39174.9152"	"5f.6d.7s2"	"3F*"	"4"	""	""	"3"		""	"L3552"	
"400.42380"	"400.423902"	"16"	""		"13847.77037"	"38814.2460"	"6d3.(4F).7s"	"3F"	"2"	""	"*"	"2"		""	"L3552"	
"400.45601"	"400.455905"	"41"	""		"13088.56115"	"38053.0416"	"6d3.(2G).7s"	"3G"	"3"	""	"*"	"3"		""	"L3552"	
"400.46520"	"400.465174"	"22"	""		"15970.09583"	"40933.9985"	"6d3.(2D2).7s"	""	"3"	""	"*"	"3 or 4"		""	"L5951"	
"400.509270"	"400.509267"	"3000"	""		"3687.987189"	"28649.14156"	"6d2.7s2"	""	"2"	""	"*"	"1"		""	"L5951"	
"400.52986"	"400.529886"	"37"	""		"11802.93238"	"36762.8018"	"6d3.(4P).7s"	"5P"	"2"	""	"*"	"3"		""	"L5951"	
"400.552897"	"400.552985"	"270*"	""		"15618.98461"	"40577.4147"	"5f.6d2.7s"	"5H*"	"3"	""	""	"2"		""	"L5951"	
"400.557410"	"400.557354"	"250*"	""		"15618.98461"	"40577.1425"	"5f.6d2.7s"	"5H*"	"3"	""	""	"3"		""	"L5951"	
"400.596138"	"400.596129"	"420"	""		"11601.03035"	"36556.7725"	"6d3.(4P).7s"	"5P"	"1"	""	"*"	"1"		""	"L5951"	
"400.821005"	"400.821010"	"7800"	""		"7795.275291"	"32737.01627"	"5f.6d.7s2"	"3H*"	"4"	""	""	"5"		""	"L18702"	
"400.83120"	"400.831751"	"210"	""		"13847.77037"	"38788.8430"	"6d3.(4F).7s"	"3F"	"2"	""	"*"	"3"		""	"L3552"	
"400.84430"	"400.844518"	"21"	""		"11877.839132"	"36818.1174"	"6d.7s2.7p"	"3D*"	"1"	""	""	"2"		""	"L3552"	
"400.901106"	"400.901090"	"1200"	""		"7502.287636"	"32439.0466"	"6d3.(4F).7s"	"5F"	"3"	""	"*"	"4"		""	"L5951"	
"400.902742"	"400.902701"	"140"	""		"15490.077832"	"40426.7366"	"5f.6d.7s2"	"3G*"	"5"	""	""	"4"		""	"L5951"	
"400.905718"	"400.905726"	"4400"	""		"11197.031257"	"36133.5019"	"5f.6d.7s2"	"3H*"	"5"	""	""	"5"		""	"L5951"	
"400.972433"	"400.972429"	"580"	""		"8111.004545"	"33043.3270"	"6d2.7s2"	"1G"	"4"	""	"*"	"3"		""	"L5951"	
"400.978265"	"400.978269"	"220"	""		"15493.21943"	"40425.1788"	"6d3.(2H).7s"	"3H"	"4"	""	"*"	"4"		""	"L5951"	
"400.981929"	"400.981933"	"690"	""		"13175.113345"	"38106.8449"	"5f.6d.7s2"	"3G*"	"4"	""	""	"5"		""	"L5951"	
"401.13145"	"401.131481"	"34"	""		"16217.482038"	"41139.9188"	"6d.7s2.7p"	"1D*"	"2"	""	""	"2"		""	"L5951"	
"401.135877"	"401.135890"	"220"	""		"17501.17592"	"42423.3388"	"5f.6d2.7s"	"5I*"	"5"	""	""	"4"		""	"L5951"	
"401.159148"	"401.159146"	"1600"	""		"6362.395980"	"31283.11407"	"6d3.(4F).7s"	"5F"	"2"	""	"*"	"3"		""	"L5951"	
"401.173971"	"401.1739628"	"2900"	""		"4961.658832"	"29881.45655"	"6d2.7s2"	"3F"	"4"	""	"*"	"4"		""	"L5951"	
"401.21915"	"401.219144"	"130"	""		"7280.123222"	"32197.1148"	"6d2.7s2"	""	"2"	""	"*"	"3"		""	"L5951"	
"401.249498"	"401.249502"	"9500"	""		"2869.259165"	"27784.36557"	"6d2.7s2"	"3F"	"3"	""	"*"	"2"		""	"L18702"	
"401.26101"	"401.261582"	"54"	""		"10526.544406"	"35440.9008"	"5f.6d.7s2"	"3G*"	"3"	"6d4"	""	"3"		""	"L3552"	
"401.44717"	"401.447135"	"28"	""		"16783.84708"	"41686.6880"	"5f.6d2.7s"	"5I*"	"4"	""	""	"3"		""	"L5951"	
"401.471625"	"401.471619"	"1700"	""		"3687.987189"	"28589.30942"	"6d2.7s2"	""	"2"	""	"*"	"3"		""	"L5951"	
"401.57201"	"401.571926"	"15"	""		"17501.17592"	"42396.2783"	"5f.6d2.7s"	"5I*"	"5"	""	""	"5"		""	"L5951"	
"401.61128"	"401.611295"	"120"	""		"11197.031257"	"36089.6933"	"5f.6d.7s2"	"3H*"	"5"	""	""	"4"		""	"L5951"	
"401.664246"	"401.664228"	"200"	""		"14206.91694"	"39096.2986"	"5f.6d.7s2"	"3F*"	"4"	""	""	"4"		""	"L5951"	
"401.68961"	"401.689862"	"21"	""		"11601.03035"	"36488.8237"	"6d3.(4P).7s"	"5P"	"1"	""	"*"	"2"		""	"L3552"	
"401.706252"	"401.706257"	"440"	""		"10414.13700"	"35300.9146"	"5f.6d.7s2"	"1G*"	"4"	"5f.6d2.7p"	"5K"	"5"		""	"L5951"	
"401.72581"	"401.725788"	"110"	""		"15166.900593"	"40052.4683"	"6d2.7s.7p"	"5G*"	"3"	""	""	"4"		""	"L5951"	
"401.74611"	"401.745878"	"17"	""		"16346.64962"	"41230.9729"	"5f.6d2.7s"	"5H*"	"4"	""	""	"4"		""	"L3552"	
"401.809888"	"401.809885"	"1200"	""		"7280.123222"	"32160.4826"	"6d2.7s2"	""	"2"	""	"*"	"2"		""	"L5951"	
"401.812130"	"401.812127"	"450"	""		"0.000000"	"24880.22058"	"6d2.7s2"	"3F"	"2"	""	"*"	"1"		""	"L5951"	
"401.83553"	"401.835539"	"74"	""		"10526.544406"	"35405.3154"	"5f.6d.7s2"	"3G*"	"3"	""	""	"3"		""	"L5951"	
"401.85088"	"401.850899"	"37"	""		"14032.085336"	"38909.9054"	"6d.7s2.7p"	"3D*"	"2"	""	""	"1"		""	"L5951"	
"401.89321"	"401.892782"	"53"	""		"17411.224415"	"42286.4519"	"6d.7s2.7p"	"3D*"	"3"	""	""	"3"		""	"L3552"	
"401.90111"	"401.901212"	"33"	""		"15736.968041"	"40611.6738"	"6d2.7s.7p"	"5F*"	"1"	""	""	"2"		""	"L5951"	
"401.94673"	"401.946684"	"98"	""		"17224.302340"	"42096.1941"	"6d2.7s.7p"	"5F*"	"2"	""	""	"3"		""	"L5951"	
"401.978731"	"401.978747"	"300"	""		"14481.86965"	"39351.7776"	"5f.6d.7s2"	"3H*"	"6"	""	""	"5"		""	"L5951"	
"401.986296"	"401.986303"	"680"	""		"10526.544406"	"35395.9849"	"5f.6d.7s2"	"3G*"	"3"	""	""	"2"		""	"L5951"	
"402.01819"	"402.018143"	"22"	""		"16783.84708"	"41651.3179"	"5f.6d2.7s"	"5I*"	"4"	""	""	"3"		""	"L5951"	
"402.035399"	"402.035398"	"980"	""		"13088.56115"	"37954.9647"	"6d3.(2G).7s"	"3G"	"3"	""	"*"	"3"		""	"L5951"	
"402.04629"	"402.046287"	"39"	""		"11802.93238"	"36668.6625"	"6d3.(4P).7s"	"5P"	"2"	""	"*"	"2"		""	"L5951"	
"402.060900"	"402.060905"	"140"	""		"17501.17592"	"42366.0020"	"5f.6d2.7s"	"5I*"	"5"	""	""	"6"		""	"L5951"	
"402.10079"	"402.100765"	"29"	""		"13945.307389"	"38807.6687"	"6d.7s2.7p"	"3F*"	"3"	""	""	"2"		""	"L5951"	
"402.114962"	"402.114962"	"310"	""		"13088.56115"	"37950.0447"	"6d3.(2G).7s"	"3G"	"3"	""	"*"	"4"		""	"L5951"	
"402.175047"	"402.175040"	"340"	""		"14204.26476"	"39062.0345"	"6d3.(2G).7s"	""	"5"	""	"*"	"5"		""	"L5951"	
"402.19196"	"402.191955"	"86"	""		"20322.26571"	"45178.9900"	"5f.6d.7s2"	"1H*"	"5"	""	""	"6"		""	"L5951"	
"402.19421"	"402.194181"	"91"	""		"14465.221873"	"39321.8086"	"6d2.7s.7p"	"5G*"	"2"	""	""	"3"		""	"L5951"	
"402.206729"	"402.206730"	"2400"	""		"8243.602091"	"33099.41329"	"5f.6d.7s2"	"3F*"	"2"	""	""	"3"		""	"L5951"	
"402.27288"	"402.272846"	"42"	""		"13962.51989"	"38814.2460"	"6d3.(2D2).7s"	""	"1"	""	"*"	"2"		""	"L5951"	
"402.333768"	"402.333772"	"720"	""		"11241.73043"	"36089.6933"	"5f.6d.7s2"	"3F*"	"3"	""	""	"4"		""	"L5951"	
"402.45562"	"402.455512"	"38"	""		"15736.968041"	"40577.4147"	"6d2.7s.7p"	"5F*"	"1"	""	""	"2"		""	"L5951"	
"402.47150"	"402.471534"	"31*"	""		"17398.39526"	"42237.8531"	"6d3.(4F).7s"	""	"3"	""	"*"	"3"		""	"L5951"	
"402.480232"	"402.4802215"	"1900"	""		"0.000000"	"24838.92167"	"6d2.7s2"	"3F"	"2"	""	"*"	"1"		""	"L5951"	
"402.50030"	"402.500263"	"89"	""		"19986.16721"	"44823.8521"	"5f.6d2.7s"	"5H*"	"6"	""	""	"5 or 6"		""	"L5951"	
"402.57571"	"402.575718"	"23"	""		"18053.617845"	"42886.6475"	"6d.7s2.7p"	"3F*"	"4"	""	""	"4 or 5"		""	"L5951"	
"402.613265"	"402.613246"	"570"	""		"15166.900593"	"39997.6156"	"6d2.7s.7p"	"5G*"	"3"	""	""	"3 or 4"		""	"L5951"	
"402.66441"	"402.664078"	"9"	""		"13847.77037"	"38675.3508"	"6d3.(4F).7s"	"3F"	"2"	""	"*"	"3"		""	"L3552"	
"402.695520"	"402.695509"	"310"	""		"15490.077832"	"40315.7205"	"5f.6d.7s2"	"3G*"	"5"	""	""	"4"		""	"L5951"	
"402.700897"	"402.700894"	"4300"	""		"3687.987189"	"28513.29787"	"6d2.7s2"	""	"2"	""	"*"	"2"		""	"L5951"	
"402.74453"	"402.744543"	"24"	""		"18069.065569"	"42891.6858"	"6d.7s2.7p"	"1F*"	"3"	""	""	"4"		""	"L5951"	
"402.74860"	"402.748305"	"33"	""		"16217.482038"	"41039.8704"	"6d.7s2.7p"	"1D*"	"2"	""	""	"2"		""	"L12239"	
"402.754637"	"402.754633"	"170"	""		"13847.77037"	"38669.7687"	"6d3.(4F).7s"	"3F"	"2"	""	"*"	"2"		""	"L5951"	
"402.82897"	"402.828979"	"64"	""		"17411.224415"	"42228.6417"	"6d.7s2.7p"	"3D*"	"3"	""	""	"4"		""	"L5951"	
"402.833399"	"402.833400"	"230"	""		"13175.113345"	"37992.2583"	"5f.6d.7s2"	"3G*"	"4"	""	""	"4"		""	"L5951"	
"402.86293"	"402.862941"	"32*"	""		"13945.307389"	"38760.6326"	"6d.7s2.7p"	"3F*"	"3"	""	""	"4"		""	"L5951"	
"402.89595"	"402.895991"	"51"	""		"18011.38030"	"42824.6699"	"5f.6d2.7s"	"5H*"	"5"	""	""	"4 or 5"		""	"L5951"	
"402.965725"	"402.965727"	"890"	""		"12847.96912"	"37656.9647"	"6d3.(4P).7s"	"5P"	"3"	""	"*"	"3"		""	"L5951"	
"402.982543"	"402.982539"	"1500"	""		"3865.473772"	"28673.43441"	"6d2.7s2"	"3P"	"1"	""	"*"	"2"		""	"L5951"	
"403.00778"	"403.007836"	"18"	""		"15970.09583"	"40776.4993"	"6d3.(2D2).7s"	""	"3"	""	"*"	"4"		""	"L5951"	
"403.02128"	"403.021329"	"67"	""		"11241.73043"	"36047.3034"	"5f.6d.7s2"	"3F*"	"3"	""	""	"2"		""	"L5951"	
"403.029236"	"403.029187"	"2100bl"	""		"9804.806547"	"34609.8959"	"6d3.(4F).7s"	"5F"	"5"	"5f.6d3"	"*"	"6"		""	"L5951"	
"403.05894"	"403.058868"	"30"	""		"14206.91694"	"39010.1797"	"5f.6d.7s2"	"3F*"	"4"	""	""	"3"		""	"L5951"	
"403.084226"	"403.0842224"	"15000"	""		"2869.259165"	"27670.96178"	"6d2.7s2"	"3F"	"3"	""	"*"	"3"		""	"L18702"	
"403.107147"	"403.107165"	"170"	""		"7280.123222"	"32080.4143"	"6d2.7s2"	""	"2"	""	"*"	"1"		""	"L5951"	
"403.21979"	"403.219826"	"24"	""		"10783.15535"	"35576.5173"	"6d.7s2.7p"	"3F*"	"2"	""	""	"3"		""	"L5951"	
"403.23145"	"403.231500"	"35"	""		"16217.482038"	"41010.1262"	"6d.7s2.7p"	"1D*"	"2"	""	""	"3"		""	"L5951"	
"403.245300"	"403.245301"	"1800"	""		"7502.287636"	"32294.0833"	"6d3.(4F).7s"	"5F"	"3"	""	"*"	"4"		""	"L5951"	
"403.259500"	"403.259504"	"2300"	""		"8800.249723"	"33591.1722"	"6d3.(4F).7s"	"5F"	"4"	"6d3.7p"	"5G*"	"3"		""	"L5951"	
"403.28927"	"403.289129"	"18*"	""		"13945.307389"	"38734.4088"	"6d.7s2.7p"	"3F*"	"3"	""	""	"3"		""	"L5951"	
"403.377547"	"403.377549"	"1000"	""		"3865.473772"	"28649.14156"	"6d2.7s2"	"3P"	"1"	""	"*"	"1"		""	"L5951"	
"403.390676"	"403.390679"	"2000"	""		"4961.658832"	"29744.51997"	"6d2.7s2"	"3F"	"4"	""	"*"	"3"		""	"L5951"	
"403.41524"	"403.415268"	"59"	""		"19986.16721"	"44767.5178"	"5f.6d2.7s"	"5H*"	"6"	""	""	"6 or 7"		""	"L5951"	
"403.487733"	"403.487714"	"200"	""		"15493.21943"	"40270.1206"	"6d3.(2H).7s"	"3H"	"4"	""	"*"	"4"		""	"L5951"	
"403.50682"	"403.506787"	"16"	""		"11877.839132"	"36653.5692"	"6d.7s2.7p"	"3D*"	"1"	""	""	"2"		""	"L5951"	
"403.50917"	"403.509176"	"34"	""		"14032.085336"	"38807.6687"	"6d.7s2.7p"	"3D*"	"2"	""	""	"2"		""	"L5951"	
"403.53515"	"403.535181"	"110"	""		"16783.84708"	"41557.8339"	"5f.6d2.7s"	"5I*"	"4"	""	""	"3"		""	"L5951"	
"403.57297"	"403.573017"	"530"	""		"4961.658832"	"29733.32304"	"6d2.7s2"	"3F"	"4"	""	"*"	"5"		""	"L18702"	
"403.58301"	"403.582991"	"100"	""		"18053.617845"	"42824.6699"	"6d.7s2.7p"	"3F*"	"4"	""	""	"4 or 5"		""	"L5951"	
"403.592988"	"403.593125"	"160bl"	""		"14481.86965"	"39252.2997"	"5f.6d.7s2"	"3H*"	"6"	""	""	"5"		""	"L5951"	
"403.6047655"	"403.6047645"	"24000"	""		"0.000000"	"24769.71573"	"6d2.7s2"	"3F"	"2"	""	"*"	"3"		""	"L18702"	
"403.636017"	"403.636039"	"260"	""		"15490.077832"	"40257.8744"	"5f.6d.7s2"	"3G*"	"5"	""	""	"4"		""	"L5951"	
"403.756129"	"403.756130"	"750"	""		"11601.03035"	"36361.4603"	"6d3.(4P).7s"	"5P"	"1"	""	"*"	"1"		""	"L5951"	
"403.76634"	"403.766329"	"52"	""		"8800.249723"	"33560.0542"	"6d3.(4F).7s"	"5F"	"4"	""	"*"	"4"		""	"L5951"	
"403.79930"	"403.799574"	"43"	""		"12847.96912"	"37605.7352"	"6d3.(4P).7s"	"5P"	"3"	""	"*"	"4"		""	"L3552"	
"403.822856"	"403.822855"	"1000"	""		"7795.275291"	"32551.61408"	"5f.6d.7s2"	"3H*"	"4"	""	""	"3"		""	"L5951"	
"403.83474"	"403.834769"	"21*"	""		"13297.43316"	"38053.0416"	"6d3.(2G).7s"	"3G"	"4"	""	"*"	"3"		""	"L5951"	
"403.83474"	"403.834836"	"21*"	""		"18069.065569"	"42824.6699"	"6d.7s2.7p"	"1F*"	"3"	""	""	"4 or 5"		""	"L5951"	
"403.845623"	"403.845619"	"240"	""		"13945.307389"	"38700.2507"	"6d.7s2.7p"	"3F*"	"3"	""	""	"4"		""	"L5951"	
"403.86360"	"403.863618"	"25"	""		"11802.93238"	"36556.7725"	"6d3.(4P).7s"	"5P"	"2"	""	"*"	"1"		""	"L5951"	
"403.902312"	"403.902300"	"150"	""		"8111.004545"	"32862.47402"	"6d2.7s2"	"1G"	"4"	""	"*"	"4"		""	"L5951"	
"403.92687"	"403.926907"	"79"	""		"4961.658832"	"29711.62048"	"6d2.7s2"	"3F"	"4"	""	"*"	"5"		""	"L5951"	
"403.93981"	"403.939843"	"53"	""		"17959.89498"	"42709.0640"	"6d3.(4F).7s"	"3F"	"4"	""	"*"	"5"		""	"L5951"	
"403.986469"	"403.986469"	"1300"	""		"14206.91694"	"38953.2296"	"5f.6d.7s2"	"3F*"	"4"	""	""	"5"		""	"L5951"	
"404.02215"	"404.022185"	"33"	""		"19227.33665"	"43971.4618"	"5f.6d2.7s"	"5I*"	"6"	""	""	"7"		""	"L5951"	
"404.09734"	"404.097356"	"98"	""		"2558.056752"	"27297.5790"	"6d2.7s2"	"3P"	"0"	""	"*"	"1"		""	"L5951"	
"404.22680"	"404.226799"	"39"	""		"15618.98461"	"40350.5849"	"5f.6d2.7s"	"5H*"	"3"	""	""	"3"		""	"L5951"	
"404.29443"	"404.294388"	"21"	""		"17501.17592"	"42228.6417"	"5f.6d2.7s"	"5I*"	"5"	""	""	"4"		""	"L5951"	
"404.339461"	"404.339465"	"6200"	""		"4961.658832"	"29686.36795"	"6d2.7s2"	"3F"	"4"	""	"*"	"3"		""	"L18702"	
"404.451371"	"404.451370"	"150"	""		"5563.141519"	"30281.0099"	"6d3.(4F).7s"	"5F"	"1"	""	"*"	"1"		""	"L5951"	
"404.45394"	"404.453938"	"41"	""		"13175.113345"	"37892.8248"	"5f.6d.7s2"	"3G*"	"4"	"5f.6d2.7p "	"5I"	"4"		""	"L5951"	
"404.492676"	"404.492673"	"510"	""		"13175.113345"	"37890.4578"	"5f.6d.7s2"	"3G*"	"4"	""	""	"5"		""	"L5951"	
"404.51612"	"404.516145"	"40"	""		"13945.307389"	"38659.2178"	"6d.7s2.7p"	"3F*"	"3"	""	""	"2"		""	"L5951"	
"404.522666"	"404.522661"	"330"	""		"6362.395980"	"31075.9083"	"6d3.(4F).7s"	"5F"	"2"	""	"*"	"2"		""	"L5951"	
"404.58180"	"404.581792"	"160"	""		"19227.33665"	"43937.2371"	"5f.6d2.7s"	"5I*"	"6"	""	""	"6"		""	"L3552"	
"404.58516"	"404.585183"	"25"	""		"14465.221873"	"39174.9152"	"6d2.7s.7p"	"5G*"	"2"	""	""	"3"		""	"L5951"	
"404.625205"	"404.625213"	"220"	""		"13962.51989"	"38669.7687"	"6d3.(2D2).7s"	""	"1"	""	"*"	"2"		""	"L5951"	
"404.68246"	"404.682502"	"110"	""		"12114.36618"	"36818.1174"	"5f.6d.7s2"	"1D*"	"2"	""	""	"2"		""	"L5951"	
"404.70589"	"404.705892"	"58"	""		"14032.085336"	"38734.4088"	"6d.7s2.7p"	"3D*"	"2"	""	""	"3"		""	"L5951"	
"404.828749"	"404.828746"	"1200"	""		"7502.287636"	"32197.1148"	"6d3.(4F).7s"	"5F"	"3"	""	"*"	"3"		""	"L5951"	
"404.843232"	"404.843205"	"940"	""		"12114.36618"	"36808.3114"	"5f.6d.7s2"	"1D*"	"2"	""	""	"3"		""	"L5951"	
"404.953599"	"404.953586"	"270"	""		"9804.806547"	"34492.0209"	"6d3.(4F).7s"	"5F"	"5"	""	"*"	"4"		""	"L5951"	
"404.994459"	"404.994448"	"1800"	""		"3687.987189"	"28372.71076"	"6d2.7s2"	""	"2"	""	"*"	"1"		""	"L5951"	
"405.088707"	"405.088701"	"2400"	""		"14481.86965"	"39160.8499"	"5f.6d.7s2"	"3H*"	"6"	""	""	"6"		""	"L5951"	
"405.11937"	"405.119374"	"130"	""		"19986.16721"	"44663.2790"	"5f.6d2.7s"	"5H*"	"6"	""	""	"6 or 7"		""	"L5951"	
"405.149900"	"405.149899"	"430"	""		"10414.13700"	"35089.38959"	"5f.6d.7s2"	"1G*"	"4"	""	""	"3"		""	"L5951"	
"405.19134"	"405.191219"	"28"	""		"17354.638583"	"42027.3749"	"5f.6d.7s2"	"3D*"	"1"	"6d4"	"1D"	"2"		""	"L5951"	
"405.22387"	"405.223915"	"70"	""		"15166.900593"	"39837.6462"	"6d2.7s.7p"	"5G*"	"3"	""	""	"3"		""	"L5951"	
"405.22656"	"405.226546"	"90"	""		"23621.50649"	"48292.0919"	"5f.6d2.7s"	"5I*"	"8"	""	""	"7"		""	"L5951"	
"405.28223"	"405.282194"	"34"	""		"18809.88631"	"43477.0844"	"6d2.7s.7p"	"5G*"	"4"	""	""	"5"		""	"L5951"	
"405.34368"	"405.343766"	"75"	""		"15736.968041"	"40400.4192"	"6d2.7s.7p"	"5F*"	"1"	""	""	"2"		""	"L5951"	
"405.352758"	"405.352755"	"4100"	""		"7795.275291"	"32458.17957"	"5f.6d.7s2"	"3H*"	"4"	""	""	"4"		""	"L5951"	
"405.36757"	"405.367589"	"140"	""		"15618.98461"	"40280.9864"	"5f.6d2.7s"	"5H*"	"3"	""	""	"3"		""	"L5951"	
"405.38415"	"405.384176"	"23"	""		"12114.36618"	"36775.3589"	"5f.6d.7s2"	"1D*"	"2"	""	""	"3"		""	"L5951"	
"405.40801"	"405.407728"	"78"	""		"3687.987189"	"28347.54723"	"6d2.7s2"	""	"2"	""	"*"	"2"		""	"L3552"	
"405.430163"	"405.430172"	"490"	""		"7502.287636"	"32160.4826"	"6d3.(4F).7s"	"5F"	"3"	""	"*"	"2"		""	"L5951"	
"405.43856"	"405.438611"	"82"	""		"13945.307389"	"38602.9891"	"6d.7s2.7p"	"3F*"	"3"	""	""	"2"		""	"L5951"	
"405.44109"	"405.441081"	"19"	""		"13297.43316"	"37954.9647"	"6d3.(2G).7s"	"3G"	"4"	""	"*"	"3"		""	"L5951"	
"405.52204"	"405.521998"	"22"	""		"13297.43316"	"37950.0447"	"6d3.(2G).7s"	"3G"	"4"	""	"*"	"4"		""	"L5951"	
"405.59071"	"405.590717"	"82"	""		"13088.56115"	"37736.9959"	"6d3.(2G).7s"	"3G"	"3"	""	"*"	"2"		""	"L5951"	
"405.60077"	"405.600765"	"110"	""		"3865.473772"	"28513.29787"	"6d2.7s2"	"3P"	"1"	""	"*"	"2"		""	"L5951"	
"405.64004"	"405.640037"	"45"	""		"5563.141519"	"30208.5794"	"6d3.(4F).7s"	"5F"	"1"	""	"*"	"2"		""	"L5951"	
"405.66359"	"405.663592"	"100"	""		"13175.113345"	"37819.1202"	"5f.6d.7s2"	"3G*"	"4"	""	""	"4"		""	"L5951"	
"405.67180"	"405.671901"	"40"	""		"8111.004545"	"32754.5067"	"6d2.7s2"	"1G"	"4"	""	"*"	"3"		""	"L3552"	
"405.71257"	"405.712563"	"38"	""		"15863.88829"	"40504.9206"	"6d3.(2D2).7s"	""	"2"	""	"*"	"1"		""	"L5951"	
"405.74782"	"405.747843"	"33"	""		"15618.98461"	"40257.8744"	"5f.6d2.7s"	"5H*"	"3"	""	""	"4"		""	"L5951"	
"405.794107"	"405.794086"	"250"	""		"11241.73043"	"35877.8125"	"5f.6d.7s2"	"3F*"	"3"	"6d4"	""	"2"		""	"L5951"	
"405.83191"	"405.831876"	"26"	""		"20867.97560"	"45501.7637"	"5f.6d2.7s"	"5I*"	"7"	""	""	"6 or 7"		""	"L5951"	
"405.89363"	"405.893684"	"56"	""		"19227.33665"	"43857.3737"	"5f.6d2.7s"	"5I*"	"6"	""	""	"5"		""	"L5951"	
"405.925277"	"405.925274"	"4000"	""		"6362.395980"	"30990.51628"	"6d3.(4F).7s"	"5F"	"2"	""	"*"	"3"		""	"L5951"	
"405.98461"	"405.984620"	"71"	""		"18011.38030"	"42635.9006"	"5f.6d2.7s"	"5H*"	"5"	""	""	"5"		""	"L5951"	
"406.00615"	"406.006139"	"75"	""		"10526.544406"	"35149.75961"	"5f.6d.7s2"	"3G*"	"3"	""	""	"2"		""	"L5951"	
"406.02410"	"406.023538"	"20"	""		"10783.15535"	"35405.3154"	"6d.7s2.7p"	"3F*"	"2"	""	""	"3"		""	"L3552"	
"406.162530"	"406.162521"	"160"	""		"14226.82045"	"38840.5553"	"6d3.(2P).7s"	""	"0"	""	"*"	"1"		""	"L5951"	
"406.17744"	"406.177461"	"37"	""		"10783.15535"	"35395.9849"	"6d.7s2.7p"	"3F*"	"2"	""	""	"2"		""	"L5951"	
"406.27527"	"406.275256"	"36*"	""		"15493.21943"	"40100.1245"	"6d3.(2H).7s"	"3H"	"4"	""	"*"	"3"		""	"L5951"	
"406.30559"	"406.305590"	"27"	""		"17398.39526"	"42003.4633"	"6d3.(4F).7s"	""	"3"	""	"*"	"3"		""	"L5951"	
"406.340706"	"406.340692"	"4300"	""		"11197.031257"	"35799.97381"	"5f.6d.7s2"	"3H*"	"5"	"5f.6d.7s.7p"	"3I"	"6"		""	"L18702"	
"406.35010"	"406.349979"	"18"	""		"16346.64962"	"40949.0299"	"5f.6d2.7s"	"5H*"	"4"	""	""	"3"		""	"L5951"	
"406.433142"	"406.433155"	"2000"	""		"11197.031257"	"35794.3768"	"5f.6d.7s2"	"3H*"	"5"	"6d4"	"3F1"	"4"		""	"L5951"	
"406.48383"	"406.483868"	"15"	""		"18809.88631"	"43404.1631"	"6d2.7s.7p"	"5G*"	"4"	""	""	"4"		""	"L5951"	
"406.55507"	"406.555075"	"95"	""		"7280.123222"	"31870.0925"	"6d2.7s2"	""	"2"	""	"*"	"2"		""	"L5951"	
"406.561862"	"406.561866"	"220"	""		"11241.73043"	"35831.2890"	"5f.6d.7s2"	"3F*"	"3"	""	""	"3"		""	"L5951"	
"406.58895"	"406.588961"	"73"	""		"11601.03035"	"36188.9503"	"6d3.(4P).7s"	"5P"	"1"	""	"*"	"2"		""	"L5951"	
"406.64351"	"406.643511"	"48"	""		"13945.307389"	"38529.9290"	"6d.7s2.7p"	"3F*"	"3"	""	""	"3"		""	"L5951"	
"406.682184"	"406.682202"	"220"	""		"18053.617845"	"42635.9006"	"6d.7s2.7p"	"3F*"	"4"	""	""	"5"		""	"L5951"	
"406.69613"	"406.696153"	"64"	""		"15618.98461"	"40200.4241"	"5f.6d2.7s"	"5H*"	"3"	""	""	"3"		""	"L5951"	
"406.745065"	"406.745053"	"2300"	""		"2869.259165"	"27447.74347"	"6d2.7s2"	"3F"	"3"	""	"*"	"2"		""	"L5951"	
"406.84702"	"406.847039"	"100"	""		"16783.84708"	"41356.1703"	"5f.6d2.7s"	"5I*"	"4"	""	""	"5"		""	"L5951"	
"406.87050"	"406.870543"	"44"	""		"14032.085336"	"38602.9891"	"6d.7s2.7p"	"3D*"	"2"	""	""	"2"		""	"L5951"	
"406.91094"	"406.910988"	"99"	""		"13847.77037"	"38416.2320"	"6d3.(4F).7s"	"3F"	"2"	""	"*"	"3"		""	"L5951"	
"406.946114"	"406.946114"	"2200"	""		"6362.395980"	"30928.7370"	"6d3.(4F).7s"	"5F"	"2"	""	"*"	"1"		""	"L5951"	
"406.94916"	"406.949237"	"50"	""		"15618.98461"	"40185.1371"	"5f.6d2.7s"	"5H*"	"3"	""	""	"2"		""	"L5951"	
"406.99010"	"406.990283"	"22"	""		"14243.993748"	"38807.6687"	"5f.6d.7s2"	"3P*"	"1"	""	""	"2"		""	"L3552"	
"407.004034"	"407.004032"	"190"	""		"10526.544406"	"35089.38959"	"5f.6d.7s2"	"3G*"	"3"	""	""	"3"		""	"L5951"	
"407.01161"	"407.011567"	"72"	""		"15490.077832"	"40052.4683"	"5f.6d.7s2"	"3G*"	"5"	""	""	"4"		""	"L5951"	
"407.023816"	"407.0238083"	"1400"	""		"0.000000"	"24561.65178"	"6d2.7s2"	"3F"	"2"	""	"*"	"3"		""	"L5951"	
"407.075587"	"407.075583"	"200"	""		"11802.93238"	"36361.4603"	"6d3.(4P).7s"	"5P"	"2"	""	"*"	"1"		""	"L5951"	
"407.07920"	"407.079096"	"37"	""		"16346.64962"	"40904.9656"	"5f.6d2.7s"	"5H*"	"4"	""	""	"5"		""	"L5951"	
"407.15531"	"407.155367"	"110"	""		"14206.91694"	"38760.6326"	"5f.6d.7s2"	"3F*"	"4"	""	""	"4"		""	"L5951"	
"407.173142"	"407.173099"	"580"	""		"11241.73043"	"35794.3768"	"5f.6d.7s2"	"3F*"	"3"	"6d4"	"3F1"	"4"		""	"L5951"	
"407.175119"	"407.175118"	"2000"	""		"8243.602091"	"32796.12677"	"5f.6d.7s2"	"3F*"	"2"	""	""	"3"		""	"L5951"	
"407.20029"	"407.200276"	"70"	""		"11877.839132"	"36428.8469"	"6d.7s2.7p"	"3D*"	"1"	""	""	"2"		""	"L5951"	
"407.30064"	"407.300646"	"61"	""		"14465.221873"	"39010.1797"	"6d2.7s.7p"	"5G*"	"2"	""	""	"3"		""	"L5951"	
"407.385616"	"407.385609"	"1100"	""		"9804.806547"	"34344.6455"	"6d3.(4F).7s"	"5F"	"5"	""	"*"	"4"		""	"L5951"	
"407.39616"	"407.396166"	"79"	""		"12114.36618"	"36653.5692"	"5f.6d.7s2"	"1D*"	"2"	""	""	"2"		""	"L5951"	
"407.44373"	"407.443739"	"52"	""		"20322.26571"	"44858.6036"	"5f.6d.7s2"	"1H*"	"5"	""	""	"6"		""	"L5951"	
"407.48235"	"407.482351"	"28"	""		"15493.21943"	"40027.2324"	"6d3.(2H).7s"	"3H"	"4"	""	"*"	"3"		""	"L5951"	
"407.550292"	"407.550279"	"3200"	""		"2558.056752"	"27087.98061"	"6d2.7s2"	"3P"	"0"	""	"*"	"1"		""	"L5951"	
"407.55847"	"407.558458"	"57"	""		"17411.224415"	"41940.6560"	"6d.7s2.7p"	"3D*"	"3"	""	""	"4"		""	"L5951"	
"407.590688"	"407.590690"	"440"	""		"14206.91694"	"38734.4088"	"5f.6d.7s2"	"3F*"	"4"	""	""	"3"		""	"L5951"	
"407.76223"	"407.762224"	"100"	""		"13088.56115"	"37605.7352"	"6d3.(2G).7s"	"3G"	"3"	""	"*"	"4"		""	"L5951"	
"407.80813"	"407.808122"	"16"	""		"16346.64962"	"40861.0644"	"5f.6d2.7s"	"5H*"	"4"	""	""	"4"		""	"L5951"	
"407.82236"	"407.822377"	"25"	""		"15166.900593"	"39680.4585"	"6d2.7s.7p"	"5G*"	"3"	""	""	"2"		""	"L5951"	
"407.830142"	"407.830141"	"230"	""		"13175.113345"	"37688.2046"	"5f.6d.7s2"	"3G*"	"4"	""	""	"3"		""	"L5951"	
"407.85266"	"407.852638"	"34"	""		"17073.80916"	"41585.5483"	"6d3.(4P).7s"	""	"1"	""	"*"	"2"		""	"L5951"	
"407.887501"	"407.887500"	"660"	""		"19227.33665"	"43736.9808"	"5f.6d2.7s"	"5I*"	"6"	""	""	"6 or 7"		""	"L5951"	
"407.92594"	"407.925930"	"63"	""		"15490.077832"	"39997.4130"	"5f.6d.7s2"	"3G*"	"5"	""	""	"6"		""	"L5951"	
"407.92756"	"407.927565"	"110"	""		"3865.473772"	"28372.71076"	"6d2.7s2"	"3P"	"1"	""	"*"	"1"		""	"L5951"	
"407.970018"	"407.970017"	"210"	""		"13962.51989"	"38467.2068"	"6d3.(2D2).7s"	""	"1"	""	"*"	"2"		""	"L5951"	
"408.035794"	"408.035792"	"1100"	""		"7280.123222"	"31780.86008"	"6d2.7s2"	""	"2"	""	"*"	"3"		""	"L5951"	
"408.070561"	"408.070568"	"3700"	""		"7795.275291"	"32293.92422"	"5f.6d.7s2"	"3H*"	"4"	""	""	"5"		""	"L18702"	
"408.08398"	"408.083982"	"64"	""		"14032.085336"	"38529.9290"	"6d.7s2.7p"	"3D*"	"2"	""	""	"3"		""	"L5951"	
"408.09398"	"408.093980"	"58"	""		"17411.224415"	"41908.4679"	"6d.7s2.7p"	"3D*"	"3"	""	""	"3"		""	"L5951"	
"408.12420"	"408.124154"	"79"	""		"14465.221873"	"38960.6542"	"6d2.7s.7p"	"5G*"	"2"	""	""	"2"		""	"L5951"	
"408.136766"	"408.136760"	"2300"	""		"8800.249723"	"33294.9255"	"6d3.(4F).7s"	"5F"	"4"	""	"*"	"3"		""	"L5951"	
"408.159132"	"408.159123"	"280"	""		"14206.91694"	"38700.2507"	"5f.6d.7s2"	"3F*"	"4"	""	""	"4"		""	"L5951"	
"408.23169"	"408.231717"	"33"	""		"10526.544406"	"35015.5227"	"5f.6d.7s2"	"3G*"	"3"	""	""	"2"		""	"L5951"	
"408.24445"	"408.244444"	"98"	""		"17398.39526"	"41886.6101"	"6d3.(4F).7s"	""	"3"	""	"*"	"3"		""	"L5951"	
"408.28654"	"408.286553"	"100"	""		"17501.17592"	"41986.8652"	"5f.6d2.7s"	"5I*"	"5"	""	""	"4"		""	"L5951"	
"408.346868"	"408.346856"	"2600"	""		"3865.473772"	"28347.54723"	"6d2.7s2"	"3P"	"1"	""	"*"	"2"		""	"L5951"	
"408.38264"	"408.382618"	"51"	""		"16217.482038"	"40697.4116"	"6d.7s2.7p"	"1D*"	"2"	""	""	"2 or 3"		""	"L5951"	
"408.40891"	"408.408929"	"120"	""		"19227.33665"	"43705.6892"	"5f.6d2.7s"	"5I*"	"6"	""	""	"6 or 7"		""	"L5951"	
"408.48377"	"408.483737"	"16"	""		"18930.29333"	"43404.1631"	"6d2.7s.7p"	"3G*"	"3"	""	""	"4"		""	"L5951"	
"408.49526"	"408.495257"	"87"	""		"19986.16721"	"44459.3468"	"5f.6d2.7s"	"5H*"	"6"	""	""	"5"		""	"L5951"	
"408.525632"	"408.525633"	"920"	""		"14481.86965"	"38953.2296"	"5f.6d.7s2"	"3H*"	"6"	""	""	"5"		""	"L5951"	
"408.543402"	"408.543401"	"2600"	""		"8800.249723"	"33270.5454"	"6d3.(4F).7s"	"5F"	"4"	""	"*"	"4"		""	"L5951"	
"408.55558"	"408.555589"	"41"	""		"18431.686609"	"42901.2523"	"5f.7s2.7p"	"3G"	"3"	""	"*"	"3"		""	"L5951"	
"408.60458"	"408.604579"	"57"	""		"14243.993748"	"38710.6257"	"5f.6d.7s2"	"3P*"	"1"	""	""	"1"		""	"L5951"	
"408.61938"	"408.619446"	"42"	""		"15618.98461"	"40084.7264"	"5f.6d2.7s"	"5H*"	"3"	""	""	"3"		""	"L5951"	
"408.69364"	"408.693656"	"96"	""		"14204.26476"	"38665.5642"	"6d3.(2G).7s"	""	"5"	""	"*"	"5"		""	"L5951"	
"408.716491"	"408.716499"	"190"	""		"10414.13700"	"34874.0693"	"5f.6d.7s2"	"1G*"	"4"	""	""	"3"		""	"L5951"	
"408.728467"	"408.728460"	"1500"	""		"10414.13700"	"34873.3535"	"5f.6d.7s2"	"1G*"	"4"	""	""	"4"		""	"L5951"	
"408.79039"	"408.790378"	"25"	""		"17073.80916"	"41529.3210"	"6d3.(4P).7s"	""	"1"	""	"*"	"2"		""	"L5951"	
"408.85488"	"408.854942"	"25"	""		"19986.16721"	"44437.8173"	"5f.6d2.7s"	"5H*"	"6"	""	""	"6"		""	"L5951"	
"408.862844"	"408.862827"	"230"	""		"7502.287636"	"31953.46618"	"6d3.(4F).7s"	"5F"	"3"	""	"*"	"4"		""	"L5951"	
"408.872635"	"408.872640"	"1600"	""		"6362.395980"	"30812.9877"	"6d3.(4F).7s"	"5F"	"2"	""	"*"	"2"		""	"L5951"	
"408.913780"	"408.913787"	"2100"	""		"2869.259165"	"27317.39056"	"6d2.7s2"	"3F"	"3"	""	"*"	"3"		""	"L5951"	
"408.92654"	"408.926478"	"32"	""		"19588.36224"	"44035.7349"	"6d2.7s.7p"	"5G*"	"5"	""	""	"4"		""	"L5951"	
"409.00413"	"409.004140"	"35"	""		"16346.64962"	"40789.3803"	"5f.6d2.7s"	"5H*"	"4"	""	""	"5"		""	"L5951"	
"409.05858"	"409.058541"	"20"	""		"17501.17592"	"41940.6560"	"5f.6d2.7s"	"5I*"	"5"	""	""	"4"		""	"L5951"	
"409.08060"	"409.080558"	"24"	""		"17501.17592"	"41939.3407"	"5f.6d2.7s"	"5I*"	"5"	""	""	"5"		""	"L5951"	
"409.10283"	"409.102725"	"69"	""		"13945.307389"	"38382.1480"	"6d.7s2.7p"	"3F*"	"3"	""	""	"3"		""	"L5951"	
"409.134751"	"409.134858"	"360bl"	""		"10414.13700"	"34849.05842"	"5f.6d.7s2"	"1G*"	"4"	""	""	"5"		""	"L5951"	
"409.15896"	"409.158933"	"150"	""		"15618.98461"	"40052.4683"	"5f.6d2.7s"	"5H*"	"3"	""	""	"4"		""	"L5951"	
"409.173668"	"409.173664"	"170"	""		"7280.123222"	"31712.7273"	"6d2.7s2"	""	"2"	""	"*"	"1"		""	"L5951"	
"409.19878"	"409.198772"	"170"	""		"13847.77037"	"38278.8753"	"6d3.(4F).7s"	"3F"	"2"	""	"*"	"1"		""	"L5951"	
"409.367125"	"409.3671115"	"670"	""		"0.000000"	"24421.05861"	"6d2.7s2"	"3F"	"2"	""	"*"	"3"		""	"L5951"	
"409.45598"	"409.455986"	"97"	""		"19986.16721"	"44401.9252"	"5f.6d2.7s"	"5H*"	"6"	""	""	"6 or 7"		""	"L5951"	
"409.46503"	"409.464941"	"42"	""		"14243.993748"	"38659.2178"	"5f.6d.7s2"	"3P*"	"1"	""	""	"2"		""	"L5951"	
"409.490015"	"409.490029"	"380"	""		"15493.21943"	"39906.9477"	"6d3.(2H).7s"	"3H"	"4"	""	"*"	"4"		""	"L5951"	
"409.51970"	"409.519716"	"99"	""		"18011.38030"	"42423.3388"	"5f.6d2.7s"	"5H*"	"5"	""	""	"4"		""	"L5951"	
"409.52371"	"409.523714"	"59"	""		"14032.085336"	"38443.8055"	"6d.7s2.7p"	"3D*"	"2"	""	""	"3"		""	"L5951"	
"409.607585"	"409.607579"	"1600"	""		"7795.275291"	"32201.99736"	"5f.6d.7s2"	"3H*"	"4"	""	""	"5"		""	"L5951"	
"409.61977"	"409.619759"	"39"	""		"15618.98461"	"40024.9810"	"5f.6d2.7s"	"5H*"	"3"	""	""	"2"		""	"L5951"	
"409.63318"	"409.633188"	"60"	""		"17224.302340"	"41629.4986"	"6d2.7s.7p"	"5F*"	"2"	""	""	"2"		""	"L5951"	
"409.69331"	"409.693328"	"54"	""		"12114.36618"	"36515.9800"	"5f.6d.7s2"	"1D*"	"2"	""	""	"3"		""	"L5951"	
"409.731818"	"409.731811"	"490"	""		"6362.395980"	"30761.71803"	"6d3.(4F).7s"	"5F"	"2"	""	"*"	"3"		""	"L5951"	
"409.774717"	"409.7747135"	"5700"	""		"2869.259165"	"27266.02670"	"6d2.7s2"	"3F"	"3"	""	"*"	"4"		""	"L18702"	
"409.83952"	"409.839526"	"38"	""		"19986.16721"	"44379.0767"	"5f.6d2.7s"	"5H*"	"6"	""	""	"5"		""	"L5951"	
"409.84098"	"409.841033"	"29"	""		"13962.51989"	"38355.3397"	"6d3.(2D2).7s"	""	"1"	""	"*"	"2"		""	"L5951"	
"409.85282"	"409.852708"	"17"	""		"11241.73043"	"35633.8554"	"5f.6d.7s2"	"3F*"	"3"	""	""	"4"		""	"L5951"	
"409.87023"	"409.870306"	"75"	""		"15863.88829"	"40254.9660"	"6d3.(2D2).7s"	""	"2"	""	"*"	"3"		""	"L5951"	
"409.873141"	"409.873143"	"960"	""		"2869.259165"	"27260.16801"	"6d2.7s2"	"3F"	"3"	""	"*"	"3"		""	"L18702"	
"409.92190"	"409.921913"	"56"	""		"16783.84708"	"41171.8541"	"5f.6d2.7s"	"5I*"	"4"	""	""	"5"		""	"L5951"	
"409.955272"	"409.955350"	"550bl"	""		"11802.93238"	"36188.9503"	"6d3.(4P).7s"	"5P"	"2"	""	"*"	"2"		""	"L5951"	
"409.96812"	"409.968134"	"120"	""		"11197.031257"	"35582.2888"	"5f.6d.7s2"	"3H*"	"5"	""	""	"5"		""	"L5951"	
"409.97848"	"409.97846"	"16"	""		"17073.80916"	"41458.4523"	"6d3.(4P).7s"	""	"1"	""	"*"	"1"		""	"L5951"	
"409.999351"	"409.999352"	"170"	""		"13175.113345"	"37558.5142"	"5f.6d.7s2"	"3G*"	"4"	""	""	"4"		""	"L5951"	
"410.034121"	"410.0341193"	"15000"	""		"0.000000"	"24381.33337"	"6d2.7s2"	"3F"	"2"	""	"*"	"2"		""	"L18702"	
"410.07966"	"410.079573"	"23"	""		"15618.98461"	"39997.6156"	"5f.6d2.7s"	"5H*"	"3"	""	""	"3 or 4"		""	"L5951"	
"410.091900"	"410.091897"	"370"	""		"9804.806547"	"34182.7049"	"6d3.(4F).7s"	"5F"	"5"	""	"*"	"5"		""	"L5951"	
"410.12345"	"410.123457"	"52"	""		"14204.26476"	"38580.2872"	"6d3.(2G).7s"	""	"5"	""	"*"	"4"		""	"L5951"	
"410.22951"	"410.229509"	"79"	""		"18053.617845"	"42423.3388"	"6d.7s2.7p"	"3F*"	"4"	""	""	"4"		""	"L5951"	
"410.261766"	"410.261766"	"1600"	""		"7502.287636"	"31870.0925"	"6d3.(4F).7s"	"5F"	"3"	""	"*"	"2"		""	"L5951"	
"410.281984"	"410.281982"	"210"	""		"10783.15535"	"35149.75961"	"6d.7s2.7p"	"3F*"	"2"	""	""	"2"		""	"L5951"	
"410.36107"	"410.361083"	"19"	""		"8243.602091"	"32605.50954"	"5f.6d.7s2"	"3F*"	"2"	""	""	"1"		""	"L5951"	
"410.369398"	"410.369351"	"240"	""		"6362.395980"	"30723.8126"	"6d3.(4F).7s"	"5F"	"2"	""	"*"	"1"		""	"L5951"	
"410.39889"	"410.398936"	"29"	""		"16217.482038"	"40577.1425"	"6d.7s2.7p"	"1D*"	"2"	""	""	"3"		""	"L5951"	
"410.41008"	"410.410142"	"24"	""		"14243.993748"	"38602.9891"	"5f.6d.7s2"	"3P*"	"1"	""	""	"2"		""	"L5951"	
"410.483846"	"410.483846"	"720"	""		"18011.38030"	"42366.0020"	"5f.6d2.7s"	"5H*"	"5"	""	""	"6"		""	"L5951"	
"410.50631"	"410.506303"	"120"	""		"15166.900593"	"39520.1900"	"6d2.7s.7p"	"5G*"	"3"	""	""	"4"		""	"L5951"	
"410.54045"	"410.540454"	"27"	""		"18011.38030"	"42362.6439"	"5f.6d2.7s"	"5H*"	"5"	""	""	"4"		""	"L5951"	
"410.56526"	"410.565231"	"83"	""		"14243.993748"	"38593.7878"	"5f.6d.7s2"	"3P*"	"1"	""	""	"1"		""	"L5951"	
"410.58948"	"410.589446"	"170"	""		"4961.658832"	"29310.01688"	"6d2.7s2"	"3F"	"4"	""	"*"	"4"		""	"L5951"	
"410.60350"	"410.603496"	"120"	""		"10526.544406"	"34874.0693"	"5f.6d.7s2"	"3G*"	"3"	""	""	"3"		""	"L5951"	
"410.615573"	"410.615568"	"170"	""		"10526.544406"	"34873.3535"	"5f.6d.7s2"	"3G*"	"3"	""	""	"4"		""	"L5951"	
"410.62114"	"410.621112"	"120"	""		"14247.30742"	"38593.7878"	"5f.6d.7s2"	"3P*"	"0"	""	""	"1"		""	"L5951"	
"410.62255"	"410.622581"	"64"	""		"13175.113345"	"37521.5066"	"5f.6d.7s2"	"3G*"	"4"	""	""	"3"		""	"L5951"	
"410.63521"	"410.635214"	"57"	""		"15618.98461"	"39964.6289"	"5f.6d2.7s"	"5H*"	"3"	""	""	"2"		""	"L5951"	
"410.65215"	"410.652060"	"19"	""		"17411.224415"	"41755.8700"	"6d.7s2.7p"	"3D*"	"3"	""	""	"4"		""	"L5951"	
"410.68557"	"410.685549"	"23"	""		"18053.617845"	"42396.2783"	"6d.7s2.7p"	"3F*"	"4"	""	""	"5"		""	"L5951"	
"410.68917"	"410.689153"	"20"	""		"14465.221873"	"38807.6687"	"6d2.7s.7p"	"5G*"	"2"	""	""	"2"		""	"L5951"	
"410.705051"	"410.705054"	"920"	""		"3865.473772"	"28206.9782"	"6d2.7s2"	"3P"	"1"	""	"*"	"0"		""	"L5951"	
"410.728631"	"410.728634"	"630"	""		"17501.17592"	"41841.2829"	"5f.6d2.7s"	"5I*"	"5"	""	""	"6"		""	"L5951"	
"410.786135"	"410.786129"	"730"	""		"3687.987189"	"28024.68756"	"6d2.7s2"	""	"2"	""	"*"	"1"		""	"L5951"	
"410.81841"	"410.818430"	"38"	""		"11241.73043"	"35576.5173"	"5f.6d.7s2"	"3F*"	"3"	""	""	"3"		""	"L5951"	
"410.932329"	"410.932330"	"2200"	""		"8111.004545"	"32439.0466"	"6d2.7s2"	"1G"	"4"	""	"*"	"4"		""	"L5951"	
"410.97256"	"410.972568"	"56"	""		"10783.15535"	"35108.8155"	"6d.7s2.7p"	"3F*"	"2"	""	""	"2"		""	"L5951"	
"411.01728"	"411.017312"	"29"	""		"14206.91694"	"38529.9290"	"5f.6d.7s2"	"3F*"	"4"	""	""	"3"		""	"L5951"	
"411.03171"	"411.031553"	"12"	""		"17398.39526"	"41720.5646"	"6d3.(4F).7s"	""	"3"	""	"*"	"2"		""	"L3552"	
"411.082588"	"411.082597"	"1900"	""		"7280.123222"	"31599.2726"	"6d2.7s2"	""	"2"	""	"*"	"2"		""	"L5951"	
"411.16154"	"411.161531"	"79"	""		"12114.36618"	"36428.8469"	"5f.6d.7s2"	"1D*"	"2"	""	""	"2"		""	"L5951"	
"411.21052"	"411.210507"	"100"	""		"12847.96912"	"37159.5540"	"6d3.(4P).7s"	"5P"	"3"	""	"*"	"3"		""	"L5951"	
"411.22015"	"411.220156"	"52"	""		"20867.97560"	"45178.9900"	"5f.6d2.7s"	"5I*"	"7"	""	""	"6"		""	"L5951"	
"411.26588"	"411.266042"	"140bl"	""		"13297.43316"	"37605.7352"	"6d3.(2G).7s"	"3G"	"4"	""	"*"	"4"		""	"L5951"	
"411.271000"	"411.270949"	"630"	""		"8243.602091"	"32551.61408"	"5f.6d.7s2"	"3F*"	"2"	""	""	"3"		""	"L5951"	
"411.2754311"	"411.2754309"	"18000"	""		"0.000000"	"24307.74711"	"6d2.7s2"	"3F"	"2"	""	"*"	"2"		""	"L18702"	
"411.30923"	"411.309197"	"56"	""		"17959.89498"	"42265.6466"	"6d3.(4F).7s"	"3F"	"4"	""	"*"	"4"		""	"L5951"	
"411.37530"	"411.375295"	"18"	""		"16346.64962"	"40648.4960"	"5f.6d2.7s"	"5H*"	"4"	""	""	"4"		""	"L5951"	
"411.38742"	"411.387416"	"110"	""		"12847.96912"	"37149.0995"	"6d3.(4P).7s"	"5P"	"3"	""	"*"	"2"		""	"L5951"	
"411.40615"	"411.406133"	"35"	""		"15970.09583"	"40270.1206"	"6d3.(2D2).7s"	""	"3"	""	"*"	"4"		""	"L5951"	
"411.575878"	"411.575884"	"3400"	""		"5563.141519"	"29853.14415"	"6d3.(4F).7s"	"5F"	"1"	""	"*"	"2"		""	"L18702"	
"411.60964"	"411.609601"	"52"	""		"15736.968041"	"40024.9810"	"6d2.7s.7p"	"5F*"	"1"	""	""	"2"		""	"L5951"	
"411.663005"	"411.662870"	"170bl"	""		"15970.09583"	"40254.9660"	"6d3.(2D2).7s"	""	"3"	""	"*"	"3"		""	"L5951"	
"411.76965"	"411.769655"	"44"	""		"7502.287636"	"31780.86008"	"6d3.(4F).7s"	"5F"	"3"	""	"*"	"3"		""	"L5951"	
"411.78008"	"411.780075"	"18"	""		"17959.89498"	"42237.8531"	"6d3.(4F).7s"	"3F"	"4"	""	"*"	"3"		""	"L5951"	
"411.82237"	"411.822390"	"34"	""		"17411.224415"	"41686.6880"	"6d.7s2.7p"	"3D*"	"3"	""	""	"3"		""	"L5951"	
"411.83264"	"411.832630"	"82"	""		"17354.638583"	"41629.4986"	"5f.6d.7s2"	"3D*"	"1"	""	""	"2"		""	"L5951"	
"411.848921"	"411.848927"	"540"	""		"13297.43316"	"37571.3326"	"6d3.(2G).7s"	"3G"	"4"	""	"*"	"5"		""	"L5951"	
"411.89792"	"411.897944"	"16"	""		"20566.62381"	"44837.6347"	"6d2.7s.7p"	"5D*"	"4"	""	""	"4"		""	"L5951"	
"412.03623"	"412.036219"	"80"	""		"10783.15535"	"35046.0213"	"6d.7s2.7p"	"3F*"	"2"	""	"5F"	"1"		""	"L5951"	
"412.04092"	"412.040929"	"86"	""		"10526.544406"	"34789.1330"	"5f.6d.7s2"	"3G*"	"3"	""	""	"2"		""	"L5951"	
"412.13058"	"412.130550"	"15"	""		"18809.88631"	"43067.1989"	"6d2.7s.7p"	"5G*"	"4"	""	""	"4"		""	"L5951"	
"412.17440"	"412.175044"	"20"	""		"17501.17592"	"41755.8700"	"5f.6d2.7s"	"5I*"	"5"	""	""	"4"		""	"L3552"	
"412.26982"	"412.269850"	"68"	""		"17847.07751"	"42096.1941"	"5f.6d.7s2"	"3P*"	"2"	""	""	"3"		""	"L5951"	
"412.360081"	"412.360078"	"610"	""		"7280.123222"	"31523.9340"	"6d2.7s2"	""	"2"	""	"*"	"3"		""	"L5951"	
"412.372556"	"412.372554"	"450"	""		"8800.249723"	"33043.3270"	"6d3.(4F).7s"	"5F"	"4"	""	"*"	"3"		""	"L5951"	
"412.404024"	"412.404037"	"570"	""		"13847.77037"	"38088.9970"	"6d3.(4F).7s"	"3F"	"2"	""	"*"	"2"		""	"L5951"	
"412.41106"	"412.411033"	"37"	""		"13945.307389"	"38186.1228"	"6d.7s2.7p"	"3F*"	"3"	""	""	"4"		""	"L5951"	
"412.42327"	"412.423316"	"23"	""		"17411.224415"	"41651.3179"	"6d.7s2.7p"	"3D*"	"3"	""	""	"3"		""	"L5951"	
"412.47785"	"412.477853"	"110"	""		"14206.91694"	"38443.8055"	"5f.6d.7s2"	"3F*"	"4"	""	""	"3"		""	"L5951"	
"412.48894"	"412.488956"	"42"	""		"15863.88829"	"40100.1245"	"6d3.(2D2).7s"	""	"2"	""	"*"	"3"		""	"L5951"	
"412.55519"	"412.555274"	"19"	""		"15863.88829"	"40096.2286"	"6d3.(2D2).7s"	""	"2"	""	"*"	"2"		""	"L5951"	
"412.60280"	"412.602815"	"57"	""		"13175.113345"	"37404.6616"	"5f.6d.7s2"	"3G*"	"4"	""	""	"3"		""	"L5951"	
"412.63497"	"412.634958"	"81"	""		"15736.968041"	"39964.6289"	"6d2.7s.7p"	"5F*"	"1"	""	""	"2"		""	"L5951"	
"412.734177"	"412.734182"	"330"	""		"12114.36618"	"36336.2027"	"5f.6d.7s2"	"1D*"	"2"	""	""	"3"		""	"L5951"	
"412.741188"	"412.741182"	"3400"	""		"14481.86965"	"38703.2954"	"5f.6d.7s2"	"3H*"	"6"	"5f.6d.7s.7p"	"3l"	"7"		""	"L5951"	
"412.79496"	"412.794893"	"19"	""		"17411.224415"	"41629.4986"	"6d.7s2.7p"	"3D*"	"3"	""	""	"2"		""	"L5951"	
"412.804981"	"412.804977"	"490"	""		"7795.275291"	"32012.95790"	"5f.6d.7s2"	"3H*"	"4"	""	""	"4"		""	"L5951"	
"412.81216"	"412.812157"	"41"	""		"18011.38030"	"42228.6417"	"5f.6d2.7s"	"5H*"	"5"	""	""	"4"		""	"L5951"	
"412.90731"	"412.907374"	"21"	""		"17501.17592"	"41712.8529"	"5f.6d2.7s"	"5I*"	"5"	""	""	"5"		""	"L3552"	
"412.951155"	"412.951156"	"750"	""		"9804.806547"	"34013.9166"	"6d3.(4F).7s"	"5F"	"5"	""	"*"	"5 or 6"		""	"L5951"	
"413.01664"	"413.016649"	"57"	""		"13847.77037"	"38053.0416"	"6d3.(4F).7s"	"3F"	"2"	""	"*"	"3"		""	"L5951"	
"413.07879"	"413.078810"	"42"	""		"18699.62342"	"42901.2523"	"5f.7s2.7p"	"3F"	"2"	""	"*"	"3"		""	"L5951"	
"413.100201"	"413.100200"	"5600"	""		"7795.275291"	"31995.65103"	"5f.6d.7s2"	"3H*"	"4"	""	""	"4"		""	"L18702"	
"413.12079"	"413.120777"	"160"	""		"11241.73043"	"35440.9008"	"5f.6d.7s2"	"3F*"	"3"	"6d4"	""	"3"		""	"L5951"	
"413.165997"	"413.165999"	"750"	""		"9804.806547"	"34001.3283"	"6d3.(4F).7s"	"5F"	"5"	""	"*"	"4"		""	"L5951"	
"413.171191"	"413.171185"	"970"	""		"4961.658832"	"29157.87692"	"6d2.7s2"	"3F"	"4"	""	"*"	"3"		""	"L5951"	
"413.22316"	"413.223151"	"31"	""		"12847.96912"	"37041.1444"	"6d3.(4P).7s"	"5P"	"3"	""	"*"	"4"		""	"L5951"	
"413.24056"	"413.240569"	"27"	""		"2869.259165"	"27061.41472"	"6d2.7s2"	"3F"	"3"	""	"*"	"2"		""	"L5951"	
"413.262075"	"413.262074"	"470"	""		"6362.395980"	"30553.29269"	"6d3.(4F).7s"	"5F"	"2"	""	"*"	"2"		""	"L5951"	
"413.32606"	"413.326039"	"25"	""		"17398.39526"	"41585.5483"	"6d3.(4F).7s"	""	"3"	""	"*"	"2"		""	"L5951"	
"413.32963"	"413.329629"	"56"	""		"14032.085336"	"38219.0283"	"6d.7s2.7p"	"3D*"	"2"	"6d4"	""	"2"		""	"L5951"	
"413.36010"	"413.360094"	"32"	""		"15618.98461"	"39804.1450"	"5f.6d2.7s"	"5H*"	"3"	""	""	"2"		""	"L5951"	
"413.395676"	"413.395676"	"940"	""		"8111.004545"	"32294.0833"	"6d2.7s2"	"1G"	"4"	""	"*"	"4"		""	"L5951"	
"413.403474"	"413.403455"	"400"	""		"11601.03035"	"35783.6541"	"6d3.(4P).7s"	"5P"	"1"	""	"*"	"0"		""	"L5951"	
"413.406786"	"413.4067864"	"4100"	""		"0.000000"	"24182.42887"	"6d2.7s2"	"3F"	"2"	""	"*"	"2"		""	"L18702"	
"413.432344"	"413.432350"	"590"	""		"14204.26476"	"38385.1984"	"6d3.(2G).7s"	""	"5"	""	"*"	"5"		""	"L5951"	
"413.52989"	"413.529874"	"32"	""		"14206.91694"	"38382.1480"	"5f.6d.7s2"	"3F*"	"4"	""	""	"3"		""	"L5951"	
"413.547991"	"413.547977"	"900"	""		"8111.004545"	"32285.1774"	"6d2.7s2"	"1G"	"4"	""	"*"	"3"		""	"L5951"	
"413.61312"	"413.613126"	"100"	""		"16554.24283"	"40724.6080"	"6d3.(2H).7s"	"3H"	"6"	""	"*"	"5"		""	"L5951"	
"413.628540"	"413.628544"	"840"	""		"11877.839132"	"36047.3034"	"6d.7s2.7p"	"3D*"	"1"	""	""	"2"		""	"L5951"	
"413.63878"	"413.638828"	"340"	""		"7502.287636"	"31671.1510"	"6d3.(4F).7s"	"5F"	"3"	""	"*"	"4"		""	"L18702"	
"413.66767"	"413.667721"	"15"	""		"17411.224415"	"41578.3997"	"6d.7s2.7p"	"3D*"	"3"	""	""	"2"		""	"L5951"	
"413.73336"	"413.733311"	"15"	""		"15863.88829"	"40027.2324"	"6d3.(2D2).7s"	""	"2"	""	"*"	"3"		""	"L5951"	
"413.804052"	"413.804045"	"700"	""		"3865.473772"	"28024.68756"	"6d2.7s2"	"3P"	"1"	""	"*"	"1"		""	"L5951"	
"413.87779"	"413.877810"	"85"	""		"15166.900593"	"39321.8086"	"6d2.7s.7p"	"5G*"	"3"	""	""	"3"		""	"L5951"	
"413.88900"	"413.889009"	"150"	""		"11241.73043"	"35395.9849"	"5f.6d.7s2"	"3F*"	"3"	""	""	"2"		""	"L5951"	
"413.91083"	"413.910821"	"23"	""		"16351.93901"	"40504.9206"	"6d2.7s2"	""	"0"	""	"*"	"1"		""	"L5951"	
"413.91377"	"413.913709"	"45"	""		"8243.602091"	"32396.41519"	"5f.6d.7s2"	"3F*"	"2"	"6d4"	"3P1"	"2"		""	"L5951"	
"413.93135"	"413.931317"	"31"	""		"13945.307389"	"38097.0931"	"6d.7s2.7p"	"3F*"	"3"	""	""	"2"		""	"L5951"	
"414.17172"	"414.171720"	"110"	""		"14465.221873"	"38602.9891"	"6d2.7s.7p"	"5G*"	"2"	""	""	"2"		""	"L5951"	
"414.18654"	"414.186506"	"51"	""		"18930.29333"	"43067.1989"	"6d2.7s.7p"	"3G*"	"3"	""	""	"4"		""	"L5951"	
"414.232503"	"414.232490"	"430"	""		"7795.275291"	"31929.50145"	"5f.6d.7s2"	"3H*"	"4"	""	""	"3"		""	"L5951"	
"414.25179"	"414.251772"	"36"	""		"16217.482038"	"40350.5849"	"6d.7s2.7p"	"1D*"	"2"	""	""	"3"		""	"L5951"	
"414.28914"	"414.289147"	"21"	""		"17398.39526"	"41529.3210"	"6d3.(4F).7s"	""	"3"	""	"*"	"2"		""	"L5951"	
"414.30456"	"414.304549"	"66"	""		"15970.09583"	"40100.1245"	"6d3.(2D2).7s"	""	"3"	""	"*"	"3"		""	"L5951"	
"414.33383"	"414.333831"	"71"	""		"13175.113345"	"37303.4367"	"5f.6d.7s2"	"3G*"	"4"	""	""	"4"		""	"L5951"	
"414.364903"	"414.364892"	"960"	""		"2869.259165"	"26995.77389"	"6d2.7s2"	"3F"	"3"	""	"*"	"3"		""	"L5951"	
"414.37155"	"414.371452"	"36"	""		"15970.09583"	"40096.2286"	"6d3.(2D2).7s"	""	"3"	""	"*"	"2"		""	"L5951"	
"414.433855"	"414.433875"	"190"	""		"13847.77037"	"37970.2693"	"6d3.(4F).7s"	"3F"	"2"	""	"*"	"2"		""	"L5951"	
"414.44539"	"414.445385"	"51"	""		"15863.88829"	"39985.7173"	"6d3.(2D2).7s"	""	"2"	""	"*"	"3"		""	"L5951"	
"414.45758"	"414.457593"	"150"	""		"16783.84708"	"40904.9656"	"5f.6d2.7s"	"5I*"	"4"	""	""	"5"		""	"L5951"	
"414.50457"	"414.504519"	"36"	""		"16783.84708"	"40902.2349"	"5f.6d2.7s"	"5I*"	"4"	""	""	"3"		""	"L5951"	
"414.52966"	"414.529659"	"130"	""		"15166.900593"	"39283.8257"	"6d2.7s.7p"	"5G*"	"3"	""	""	"4"		""	"L5951"	
"414.58594"	"414.585935"	"37"	""		"14032.085336"	"38145.7369"	"6d.7s2.7p"	"3D*"	"2"	""	""	"3"		""	"L5951"	
"414.69697"	"414.696986"	"59"	""		"13847.77037"	"37954.9647"	"6d3.(4F).7s"	"3F"	"2"	""	"*"	"3"		""	"L5951"	
"414.753950"	"414.753951"	"310"	""		"11197.031257"	"35300.9146"	"5f.6d.7s2"	"3H*"	"5"	"5f.6d2.7p"	"5K"	"5"		""	"L5951"	
"414.872687"	"414.872687"	"450"	""		"7502.287636"	"31599.2726"	"6d3.(4F).7s"	"5F"	"3"	""	"*"	"2"		""	"L5951"	
"414.883129"	"414.883131"	"210"	""		"3687.987189"	"27784.36557"	"6d2.7s2"	""	"2"	""	"*"	"2"		""	"L5951"	
"415.003423"	"415.003439"	"290"	""		"17411.224415"	"41500.6175"	"6d.7s2.7p"	"3D*"	"3"	""	""	"3"		""	"L5951"	
"415.008900"	"415.008895"	"1300"	""		"4961.658832"	"29050.73523"	"6d2.7s2"	"3F"	"4"	""	"*"	"5"		""	"L5951"	
"415.06001"	"415.060003"	"46"	""		"8111.004545"	"32197.1148"	"6d2.7s2"	"1G"	"4"	""	"*"	"3"		""	"L5951"	
"415.114518"	"415.114489"	"210"	""		"11802.93238"	"35885.8813"	"6d3.(4P).7s"	"5P"	"2"	""	"*"	"2"		""	"L5951"	
"415.20321"	"415.202949"	"21"	""		"11601.03035"	"35678.8484"	"6d3.(4P).7s"	"5P"	"1"	""	"*"	"1"		""	"L3552"	
"415.21331"	"415.213309"	"22"	""		"16783.84708"	"40861.0644"	"5f.6d2.7s"	"5I*"	"4"	""	""	"4"		""	"L5951"	
"415.21508"	"415.215072"	"42"	""		"5563.141519"	"29640.2566"	"6d3.(4F).7s"	"5F"	"1"	""	"*"	"1"		""	"L5951"	
"415.22121"	"415.221175"	"50"	""		"18809.88631"	"42886.6475"	"6d2.7s.7p"	"5G*"	"4"	""	""	"4 or 5"		""	"L5951"	
"415.25648"	"415.256439"	"16"	""		"18549.40528"	"42624.1219"	"6d3.(4P).7s"	""	"2"	""	"*"	"1"		""	"L5951"	
"415.32067"	"415.320680"	"41"	""		"13088.56115"	"37159.5540"	"6d3.(2G).7s"	"3G"	"3"	""	"*"	"3"		""	"L5951"	
"415.35743"	"415.357443"	"120"	""		"15493.21943"	"39562.0818"	"6d3.(2H).7s"	"3H"	"4"	""	"*"	"4"		""	"L5951"	
"415.38651"	"415.386531"	"32"	""		"15736.968041"	"39804.1450"	"6d2.7s.7p"	"5F*"	"1"	""	""	"2"		""	"L5951"	
"415.43013"	"415.429164"	"13"	""		"14465.221873"	"38529.9290"	"6d2.7s.7p"	"5G*"	"2"	""	""	"3"		""	"L12239"	
"415.43781"	"415.437798"	"50"	""		"18549.40528"	"42613.6123"	"6d3.(4P).7s"	""	"2"	""	"*"	"2"		""	"L5951"	
"415.44994"	"415.449929"	"21"	""		"16217.482038"	"40280.9864"	"6d.7s2.7p"	"1D*"	"2"	""	""	"3"		""	"L5951"	
"415.472041"	"415.472031"	"670"	""		"8800.249723"	"32862.47402"	"6d3.(4F).7s"	"5F"	"4"	""	"*"	"4"		""	"L5951"	
"415.49082"	"415.490867"	"15"	""		"17224.302340"	"41285.4358"	"6d2.7s.7p"	"5F*"	"2"	""	""	"3"		""	"L5951"	
"415.50115"	"415.501144"	"33"	""		"13088.56115"	"37149.0995"	"6d3.(2G).7s"	"3G"	"3"	""	"*"	"2"		""	"L5951"	
"415.59873"	"415.598723"	"50"	""		"14206.91694"	"38261.8062"	"5f.6d.7s2"	"3F*"	"4"	""	""	"5"		""	"L5951"	
"415.64765"	"415.647700"	"130"	""		"14226.82045"	"38278.8753"	"6d3.(2P).7s"	""	"0"	""	"*"	"1"		""	"L5951"	
"415.728030"	"415.728034"	"1100"	""		"17501.17592"	"41548.5831"	"5f.6d2.7s"	"5I*"	"5"	""	""	"6"		""	"L5951"	
"415.735940"	"415.735923"	"190"	""		"13945.307389"	"37992.2583"	"6d.7s2.7p"	"3F*"	"3"	""	""	"4"		""	"L5951"	
"415.739567"	"415.739568"	"610"	""		"10414.13700"	"34460.87707"	"5f.6d.7s2"	"1G*"	"4"	""	""	"5"		""	"L5951"	
"415.853513"	"415.853511"	"2400"	""		"9804.806547"	"33844.9580"	"6d3.(4F).7s"	"5F"	"5"	""	"*"	"5"		""	"L5951"	
"415.915362"	"415.915362"	"280"	""		"13175.113345"	"37211.6898"	"5f.6d.7s2"	"3G*"	"4"	""	""	"5"		""	"L5951"	
"415.94095"	"415.940958"	"75"	""		"15490.077832"	"39525.1752"	"5f.6d.7s2"	"3G*"	"5"	""	""	"5"		""	"L5951"	
"415.97662"	"415.976613"	"120"	""		"10414.13700"	"34447.17423"	"5f.6d.7s2"	"1G*"	"4"	""	""	"4"		""	"L5951"	
"416.02729"	"416.027249"	"16"	""		"15490.077832"	"39520.1900"	"5f.6d.7s2"	"3G*"	"5"	""	""	"4"		""	"L5951"	
"416.13440"	"416.134414"	"14"	""		"15863.88829"	"39887.8122"	"6d3.(2D2).7s"	""	"2"	""	"*"	"2"		""	"L3552"	
"416.173878"	"416.173870"	"670"	""		"7502.287636"	"31523.9340"	"6d3.(4F).7s"	"5F"	"3"	""	"*"	"3"		""	"L5951"	
"416.20311"	"416.203132"	"34"	""		"11197.031257"	"35216.98873"	"5f.6d.7s2"	"3H*"	"5"	""	""	"5"		""	"L5951"	
"416.250896"	"416.250886"	"1600"	""		"10414.13700"	"34431.3389"	"5f.6d.7s2"	"1G*"	"4"	""	""	"3"		""	"L5951"	
"416.278260"	"416.278279"	"340"	""		"15970.09583"	"39985.7173"	"6d3.(2D2).7s"	""	"3"	""	"*"	"3"		""	"L5951"	
"416.29280"	"416.292803"	"31"	""		"18809.88631"	"42824.6699"	"6d2.7s.7p"	"5G*"	"4"	""	""	"4 or 5"		""	"L5951"	
"416.38291"	"416.382905"	"84"	""		"11802.93238"	"35812.5195"	"6d3.(4P).7s"	"5P"	"2"	""	"*"	"3"		""	"L5951"	
"416.394780"	"416.394776"	"230"	""		"2869.259165"	"26878.16179"	"6d2.7s2"	"3F"	"3"	"6d2.7s.7p"	"3G*"	"3"		""	"L5951"	
"416.44551"	"416.445512"	"72"	""		"10783.15535"	"34789.1330"	"6d.7s2.7p"	"3F*"	"2"	""	""	"2"		""	"L5951"	
"416.45322"	"416.453222"	"100"	""		"16783.84708"	"40789.3803"	"5f.6d2.7s"	"5I*"	"4"	""	""	"5"		""	"L5951"	
"416.46905"	"416.469070"	"27"	""		"17398.39526"	"41403.0150"	"6d3.(4F).7s"	""	"3"	""	"*"	"2"		""	"L5951"	
"416.497339"	"416.497333"	"210"	""		"7280.123222"	"31283.11407"	"6d2.7s2"	""	"2"	""	"*"	"3"		""	"L5951"	
"416.54972"	"416.549700"	"39"	""		"11877.839132"	"35877.8125"	"6d.7s2.7p"	"3D*"	"1"	"6d4"	""	"2"		""	"L5951"	
"416.576608"	"416.576607"	"5500"	""		"7795.275291"	"31793.69851"	"5f.6d.7s2"	"3H*"	"4"	""	""	"4"		""	"L18702"	
"416.63732"	"416.637375"	"27"	""		"9804.806547"	"33799.7296"	"6d3.(4F).7s"	"5F"	"5"	""	"*"	"4"		""	"L5951"	
"416.69074"	"416.690732"	"21"	""		"10783.15535"	"34775.0059"	"6d.7s2.7p"	"3F*"	"2"	""	""	"1"		""	"L5951"	
"416.71197"	"416.711967"	"54"	""		"20867.97560"	"44858.6036"	"5f.6d2.7s"	"5I*"	"7"	""	""	"6"		""	"L5951"	
"416.786507"	"416.786498"	"240"	""		"3687.987189"	"27674.32522"	"6d2.7s2"	""	"2"	""	"*"	"2"		""	"L5951"	
"416.804636"	"416.804630"	"340"	""		"19986.16721"	"43971.4618"	"5f.6d2.7s"	"5H*"	"6"	""	""	"7"		""	"L5951"	
"416.845496"	"416.845515"	"190"	""		"16217.482038"	"40200.4241"	"6d.7s2.7p"	"1D*"	"2"	""	""	"3"		""	"L5951"	
"416.90851"	"416.908497"	"100"	""		"7795.275291"	"31774.59439"	"5f.6d.7s2"	"3H*"	"4"	""	""	"3"		""	"L5951"	
"416.91043"	"416.910465"	"15"	""		"14206.91694"	"38186.1228"	"5f.6d.7s2"	"3F*"	"4"	""	""	"4"		""	"L5951"	
"416.92128"	"416.921284"	"110"	""		"14465.221873"	"38443.8055"	"6d2.7s.7p"	"5G*"	"2"	""	""	"3"		""	"L5951"	
"416.97561"	"416.975602"	"56"	""		"15493.21943"	"39468.6795"	"6d3.(2H).7s"	"3H"	"4"	""	"*"	"3"		""	"L5951"	
"416.983006"	"416.983003"	"190"	""		"14243.993748"	"38219.0283"	"5f.6d.7s2"	"3P*"	"1"	"6d4"	""	"2"		""	"L5951"	
"417.053311"	"417.053313"	"7300"	""		"4961.658832"	"28932.65158"	"6d2.7s2"	"3F"	"4"	""	"*"	"4"		""	"L18702"	
"417.19750"	"417.197493"	"54"	""		"17398.39526"	"41361.1040"	"6d3.(4F).7s"	""	"3"	""	"*"	"4"		""	"L5951"	
"417.20535"	"417.205362"	"46"	""		"17847.07751"	"41809.3343"	"5f.6d.7s2"	"3P*"	"2"	""	""	"2"		""	"L5951"	
"417.22044"	"417.220411"	"16"	""		"18930.29333"	"42891.6858"	"6d2.7s.7p"	"3G*"	"3"	""	""	"4"		""	"L5951"	
"417.27439"	"417.274103"	"16"	""		"18069.065569"	"42027.3749"	"6d.7s2.7p"	"1F*"	"3"	"6d4"	"1D"	"2"		""	"L12239"	
"417.33062"	"417.330608"	"26"	""		"19532.41646"	"43487.4820"	"6d3.(2F).7s"	"3F"	"4"	""	"*"	"4"		""	"L5951"	
"417.344745"	"417.344695"	"420"	""		"8800.249723"	"32754.5067"	"6d3.(4F).7s"	"5F"	"4"	""	"*"	"3"		""	"L5951"	
"417.35579"	"417.355793"	"37"	""		"19227.33665"	"43180.9567"	"5f.6d2.7s"	"5I*"	"6"	""	""	"5"		""	"L5951"	
"417.372072"	"417.372074"	"170"	""		"12847.96912"	"36800.6548"	"6d3.(4P).7s"	"5P"	"3"	""	"*"	"4"		""	"L5951"	
"417.40638"	"417.406346"	"27"	""		"18809.88631"	"42760.6053"	"6d2.7s.7p"	"5G*"	"4"	""	""	"5"		""	"L5951"	
"417.46216"	"417.462151"	"18"	""		"13945.307389"	"37892.8248"	"6d.7s2.7p"	"3F*"	"3"	"5f.6d2.7p "	"5I"	"4"		""	"L5951"	
"417.53234"	"417.532364"	"45"	""		"15736.968041"	"39680.4585"	"6d2.7s.7p"	"5F*"	"1"	""	""	"2"		""	"L5951"	
"417.64817"	"417.648163"	"81"	""		"15970.09583"	"39906.9477"	"6d3.(2D2).7s"	""	"3"	""	"*"	"4"		""	"L5951"	
"417.71105"	"417.711065"	"27"	""		"18053.617845"	"41986.8652"	"6d.7s2.7p"	"3F*"	"4"	""	""	"4"		""	"L5951"	
"417.716470"	"417.716478"	"230"	""		"12114.36618"	"36047.3034"	"5f.6d.7s2"	"1D*"	"2"	""	""	"2"		""	"L5951"	
"417.72835"	"417.728333"	"66"	""		"11601.03035"	"35533.2884"	"6d3.(4P).7s"	"5P"	"1"	""	"*"	"2"		""	"L5951"	
"417.75202"	"417.751992"	"22"	""		"18011.38030"	"41942.2830"	"5f.6d2.7s"	"5H*"	"5"	""	""	"5"		""	"L5951"	
"417.77830"	"417.778261"	"28"	""		"15166.900593"	"39096.2986"	"6d2.7s.7p"	"5G*"	"3"	""	""	"4"		""	"L5951"	
"417.78036"	"417.780396"	"15"	""		"18011.38030"	"41940.6560"	"5f.6d2.7s"	"5H*"	"5"	""	""	"4"		""	"L5951"	
"417.82512"	"417.825107"	"130"	""		"17959.89498"	"41886.6101"	"6d3.(4F).7s"	"3F"	"4"	""	"*"	"3"		""	"L5951"	
"417.86261"	"417.862610"	"16"	""		"10783.15535"	"34707.7231"	"6d.7s2.7p"	"3F*"	"2"	""	""	"3"		""	"L5951"	
"417.884801"	"417.884789"	"970"	""		"4961.658832"	"28884.95681"	"6d2.7s2"	"3F"	"4"	""	"*"	"3"		""	"L5951"	
"417.921999"	"417.9219992"	"1500"	""		"2869.259165"	"26790.42715"	"6d2.7s2"	"3F"	"3"	""	"*"	"4"		""	"L18702"	
"417.931406"	"417.931402"	"750"	""		"10526.544406"	"34447.17423"	"5f.6d.7s2"	"3G*"	"3"	""	""	"4"		""	"L5951"	
"417.961779"	"417.961771"	"1300"	""		"3865.473772"	"27784.36557"	"6d2.7s2"	"3P"	"1"	""	"*"	"2"		""	"L5951"	
"417.96667"	"417.966626"	"140"	""		"6362.395980"	"30281.0099"	"6d3.(4F).7s"	"5F"	"2"	""	"*"	"1"		""	"L5951"	
"417.976334"	"417.976411"	"190"	""		"10526.544406"	"34444.5984"	"5f.6d.7s2"	"3G*"	"3"	""	""	"2"		""	"L5951"	
"417.98090"	"417.980857"	"28"	""		"18069.065569"	"41986.8652"	"6d.7s2.7p"	"1F*"	"3"	""	""	"4"		""	"L5951"	
"417.98602"	"417.986129"	"20"	""		"16783.84708"	"40701.3450"	"5f.6d2.7s"	"5I*"	"4"	""	""	"4"		""	"L5951"	
"418.01904"	"418.019013"	"79"	""		"17224.302340"	"41139.9188"	"6d2.7s.7p"	"5F*"	"2"	""	""	"2"		""	"L5951"	
"418.032717"	"418.032714"	"250"	""		"12847.96912"	"36762.8018"	"6d3.(4P).7s"	"5P"	"3"	""	"*"	"3"		""	"L5951"	
"418.072099"	"418.072085"	"180"	""		"8111.004545"	"32023.58511"	"6d2.7s2"	"1G"	"4"	""	"*"	"5"		""	"L5951"	
"418.09576"	"418.095791"	"65"	""		"16346.64962"	"40257.8744"	"5f.6d2.7s"	"5H*"	"4"	""	""	"4"		""	"L5951"	
"418.10422"	"418.104233"	"17"	""		"13175.113345"	"37085.8553"	"5f.6d.7s2"	"3G*"	"4"	""	""	"4"		""	"L5951"	
"418.13010"	"418.130080"	"31"	""		"18930.29333"	"42839.5573"	"6d2.7s.7p"	"3G*"	"3"	""	""	"3"		""	"L5951"	
"418.13513"	"418.135072"	"26*"	""		"19948.395175"	"43857.3737"	"6d2.7s.7p"	"5F*"	"4"	""	""	"5"		""	"L5951"	
"418.15180"	"418.151675"	"14"	""		"11241.73043"	"35149.75961"	"5f.6d.7s2"	"3F*"	"3"	""	""	"2"		""	"L3552"	
"418.208271"	"418.208259"	"170"	""		"10526.544406"	"34431.3389"	"5f.6d.7s2"	"3G*"	"3"	""	""	"3"		""	"L5951"	
"418.27108"	"418.271060"	"52"	""		"15618.98461"	"39520.1900"	"5f.6d2.7s"	"5H*"	"3"	""	""	"4"		""	"L5951"	
"418.293416"	"418.293417"	"260"	""		"14206.91694"	"38106.8449"	"5f.6d.7s2"	"3F*"	"4"	""	""	"5"		""	"L5951"	
"418.413754"	"418.413742"	"590"	""		"6362.395980"	"30255.45106"	"6d3.(4F).7s"	"5F"	"2"	""	"*"	"3"		""	"L5951"	
"418.460445"	"418.460449"	"370"	""		"16346.64962"	"40237.0379"	"5f.6d2.7s"	"5H*"	"4"	""	""	"5"		""	"L5951"	
"418.49054"	"418.490633"	"73"	""		"18053.617845"	"41942.2830"	"6d.7s2.7p"	"3F*"	"4"	""	""	"5"		""	"L5951"	
"418.514465"	"418.514457"	"370"	""		"10414.13700"	"34301.44234"	"5f.6d.7s2"	"1G*"	"4"	""	""	"4"		""	"L5951"	
"418.52984"	"418.529847"	"130"	""		"8800.249723"	"32686.67668"	"6d3.(4F).7s"	"5F"	"4"	"5f.6d3"	"5I*"	"5"		""	"L5951"	
"418.546928"	"418.546918"	"290"	""		"11197.031257"	"35082.48400"	"5f.6d.7s2"	"3H*"	"5"	""	""	"6"		""	"L5951"	
"418.714095"	"418.714101"	"350"	""		"11802.93238"	"35678.8484"	"6d3.(4P).7s"	"5P"	"2"	""	"*"	"1"		""	"L5951"	
"418.73136"	"418.731402"	"17"	""		"17166.10472"	"41041.0343"	"6d3.(2H).7s"	"3H"	"5"	""	"*"	"4"		""	"L5951"	
"418.75121"	"418.750989"	"6"	""		"13945.307389"	"37819.1202"	"6d.7s2.7p"	"3F*"	"3"	""	""	"4"		""	"L3552"	
"418.78998"	"418.789975"	"16"	""		"18069.065569"	"41940.6560"	"6d.7s2.7p"	"1F*"	"3"	""	""	"4"		""	"L5951"	
"418.86623"	"418.866235"	"70"	""		"16217.482038"	"40084.7264"	"6d.7s2.7p"	"1D*"	"2"	""	""	"3"		""	"L5951"	
"418.86904"	"418.869031"	"56"	""		"11241.73043"	"35108.8155"	"5f.6d.7s2"	"3F*"	"3"	""	""	"2"		""	"L5951"	
"418.956172"	"418.956173"	"210"	""		"13297.43316"	"37159.5540"	"6d3.(2G).7s"	"3G"	"4"	""	"*"	"3"		""	"L5951"	
"418.96357"	"418.963566"	"76"	""		"15490.077832"	"39351.7776"	"5f.6d.7s2"	"3G*"	"5"	""	""	"5"		""	"L5951"	
"419.062093"	"419.062082"	"250"	""		"5563.141519"	"29419.23183"	"6d3.(4F).7s"	"5F"	"1"	""	"*"	"2"		""	"L5951"	
"419.08133"	"419.081335"	"85"	""		"17501.17592"	"41356.1703"	"5f.6d2.7s"	"5I*"	"5"	""	""	"5"		""	"L5951"	
"419.10276"	"419.102767"	"30"	""		"16346.64962"	"40200.4241"	"5f.6d2.7s"	"5H*"	"4"	""	""	"3"		""	"L5951"	
"419.114636"	"419.114630"	"170"	""		"14243.993748"	"38097.0931"	"5f.6d.7s2"	"3P*"	"1"	""	""	"2"		""	"L5951"	
"419.236194"	"419.236185"	"840"	""		"6362.395980"	"30208.5794"	"6d3.(4F).7s"	"5F"	"2"	""	"*"	"2"		""	"L5951"	
"419.28729"	"419.287252"	"20"	""		"15166.900593"	"39010.1797"	"6d2.7s.7p"	"5G*"	"3"	""	""	"3"		""	"L5951"	
"419.301633"	"419.301628"	"2900"	""		"8111.004545"	"31953.46618"	"6d2.7s2"	"1G"	"4"	""	"*"	"4"		""	"L5951"	
"419.31993"	"419.319980"	"17"	""		"18809.88631"	"42651.3045"	"6d2.7s.7p"	"5G*"	"4"	""	""	"3"		""	"L5951"	
"419.351762"	"419.351777"	"170"	""		"17847.07751"	"41686.6880"	"5f.6d.7s2"	"3P*"	"2"	""	""	"3"		""	"L5951"	
"419.493598"	"419.493599"	"2300"	""		"7795.275291"	"31626.82622"	"5f.6d.7s2"	"3H*"	"4"	""	""	"5"		""	"L18702"	
"419.52264"	"419.522617"	"19"	""		"18011.38030"	"41841.2829"	"5f.6d2.7s"	"5H*"	"5"	""	""	"6"		""	"L5951"	
"419.68283"	"419.682844"	"20"	""		"20214.92997"	"44035.7349"	"6d2.7s.7p"	"5D*"	"3"	""	""	"4"		""	"L5951"	
"419.68482"	"419.684810"	"32"	""		"12847.96912"	"36668.6625"	"6d3.(4P).7s"	"5P"	"3"	""	"*"	"2"		""	"L5951"	
"419.70161"	"419.701458"	"13"	""		"17411.224415"	"41230.9729"	"6d.7s2.7p"	"3D*"	"3"	""	""	"4"		""	"L3552"	
"419.73165"	"419.731635"	"20"	""		"15493.21943"	"39311.2554"	"6d3.(2H).7s"	"3H"	"4"	""	"*"	"4"		""	"L5951"	
"419.77104"	"419.771028"	"29"	""		"19588.36224"	"43404.1631"	"6d2.7s.7p"	"5G*"	"5"	""	""	"4"		""	"L5951"	
"419.77513"	"419.775131"	"29"	""		"17224.302340"	"41039.8704"	"6d2.7s.7p"	"5F*"	"2"	""	""	"2"		""	"L5951"	
"419.83002"	"419.830048"	"50"	""		"20566.62381"	"44379.0767"	"6d2.7s.7p"	"5D*"	"4"	""	""	"5"		""	"L5951"	
"419.88752"	"419.887507"	"130"	""		"13847.77037"	"37656.9647"	"6d3.(4F).7s"	"3F"	"2"	""	"*"	"3"		""	"L5951"	
"419.89356"	"419.893554"	"150"	""		"3865.473772"	"27674.32522"	"6d2.7s2"	"3P"	"1"	""	"*"	"2"		""	"L5951"	
"419.91753"	"419.917409"	"30"	""		"16217.482038"	"40024.9810"	"6d.7s2.7p"	"1D*"	"2"	""	""	"2"		""	"L12239"	
"419.963100"	"419.963126"	"310"	""		"17959.89498"	"41764.8023"	"6d3.(4F).7s"	"3F"	"4"	""	"*"	"5"		""	"L5951"	
"419.97488"	"419.974892"	"33"	""		"17847.07751"	"41651.3179"	"5f.6d.7s2"	"3P*"	"2"	""	""	"3"		""	"L5951"	
"420.00170"	"420.001494"	"13"	""		"13945.307389"	"37748.0401"	"6d.7s2.7p"	"3F*"	"3"	""	""	"2"		""	"L3552"	
"420.01490"	"420.01470"	"13"	""		"17398.39526"	"41200.3797"	"6d3.(4F).7s"	""	"3"	""	"*"	"2"		""	"L3552"	
"420.06861"	"420.068484"	"13"	""		"16783.84708"	"40582.7840"	"5f.6d2.7s"	"5I*"	"4"	""	""	"5"		""	"L3552"	
"420.13263"	"420.132629"	"59"	""		"20867.97560"	"44663.2790"	"5f.6d2.7s"	"5I*"	"7"	""	""	"6 or 7"		""	"L5951"	
"420.16011"	"420.160096"	"140"	""		"15490.077832"	"39283.8257"	"5f.6d.7s2"	"3G*"	"5"	""	""	"4"		""	"L18702"	
"420.16808"	"420.168086"	"58"	""		"16783.84708"	"40577.1425"	"5f.6d2.7s"	"5I*"	"4"	""	""	"3"		""	"L5951"	
"420.226377"	"420.226391"	"220"	""		"15166.900593"	"38956.8948"	"6d2.7s.7p"	"5G*"	"3"	""	""	"4"		""	"L5951"	
"420.30493"	"420.304924"	"110"	""		"17959.89498"	"41745.4442"	"6d3.(4F).7s"	"3F"	"4"	""	"*"	"4"		""	"L5951"	
"420.30863"	"420.308597"	"77"	""		"14206.91694"	"37992.2583"	"5f.6d.7s2"	"3F*"	"4"	""	""	"4"		""	"L5951"	
"420.34387"	"420.343870"	"43"	""		"13088.56115"	"36871.9066"	"6d3.(2G).7s"	"3G"	"3"	""	"*"	"2"		""	"L5951"	
"420.357617"	"420.357599"	"270"	""		"2869.259165"	"26651.82788"	"6d2.7s2"	"3F"	"3"	""	"*"	"2"		""	"L5951"	
"420.37732"	"420.377347"	"17"	""		"21077.152101"	"44858.6036"	"6d2.7s.7p"	"5F*"	"5"	""	""	"6"		""	"L5951"	
"420.388399"	"420.388396"	"320"	""		"7502.287636"	"31283.11407"	"6d3.(4F).7s"	"5F"	"3"	""	"*"	"3"		""	"L5951"	
"420.404122"	"420.404128"	"870"	""		"14481.86965"	"38261.8062"	"5f.6d.7s2"	"3H*"	"6"	""	""	"5"		""	"L5951"	
"420.49300"	"420.493226"	"18"	""		"10526.544406"	"34301.44234"	"5f.6d.7s2"	"3G*"	"3"	""	""	"4"		""	"L3552"	
"420.51273"	"420.512783"	"150"	""		"11241.73043"	"35015.5227"	"5f.6d.7s2"	"3F*"	"3"	""	""	"2"		""	"L5951"	
"420.55378"	"420.553766"	"58"	""		"15493.21943"	"39264.6950"	"6d3.(2H).7s"	"3H"	"4"	""	"*"	"3"		""	"L5951"	
"420.60563"	"420.605629"	"78"	""		"13847.77037"	"37616.3148"	"6d3.(4F).7s"	"3F"	"2"	""	"*"	"1"		""	"L5951"	
"420.71756"	"420.717545"	"130"	""		"15490.077832"	"39252.2997"	"5f.6d.7s2"	"3G*"	"5"	""	""	"5"		""	"L5951"	
"420.76121"	"420.761204"	"130"	""		"3687.987189"	"27447.74347"	"6d2.7s2"	""	"2"	""	"*"	"2"		""	"L5951"	
"420.841079"	"420.841064"	"740"	""		"9804.806547"	"33560.0542"	"6d3.(4F).7s"	"5F"	"5"	""	"*"	"4"		""	"L5951"	
"420.86666"	"420.866598"	"38"	""		"14465.221873"	"38219.0283"	"6d2.7s.7p"	"5G*"	"2"	"6d4"	""	"2"		""	"L5951"	
"420.874822"	"420.874845"	"460"	""		"10414.13700"	"34167.4780"	"5f.6d.7s2"	"1G*"	"4"	""	""	"3"		""	"L5951"	
"420.87851"	"420.878468"	"120"	""		"14243.993748"	"37997.1303"	"5f.6d.7s2"	"3P*"	"1"	""	""	"2"		""	"L5951"	
"420.886453"	"420.8864548"	"910"	""		"0.000000"	"23752.68579"	"6d2.7s2"	"3F"	"2"	""	"*"	"2"		""	"L5951"	
"420.892694"	"420.892845"	"210bl"	""		"14032.085336"	"37784.4105"	"6d.7s2.7p"	"3D*"	"2"	""	""	"2"		""	"L5951"	
"420.919638"	"420.919633"	"430"	""		"19986.16721"	"43736.9808"	"5f.6d2.7s"	"5H*"	"6"	""	""	"6 or 7"		""	"L5951"	
"420.99259"	"420.992549"	"76"	""		"21077.152101"	"44823.8521"	"6d2.7s.7p"	"5F*"	"5"	""	""	"5 or 6"		""	"L5951"	
"420.997267"	"420.997262"	"1100"	""		"11197.031257"	"34943.46540"	"5f.6d.7s2"	"3H*"	"5"	""	""	"6"		""	"L5951"	
"421.008864"	"421.008861"	"400"	""		"14204.26476"	"37950.0447"	"6d3.(2G).7s"	""	"5"	""	"*"	"4"		""	"L5951"	
"421.045540"	"421.045543"	"370"	""		"13297.43316"	"37041.1444"	"6d3.(2G).7s"	"3G"	"4"	""	"*"	"4"		""	"L5951"	
"421.06000"	"421.059979"	"12"	""		"13945.307389"	"37688.2046"	"6d.7s2.7p"	"3F*"	"3"	""	""	"3"		""	"L3552"	
"421.076474"	"421.076477"	"3600"	""		"7795.275291"	"31537.24226"	"5f.6d.7s2"	"3H*"	"4"	""	""	"3"		""	"L18702"	
"421.0923030"	"421.0923030"	"16000"	""		"0.000000"	"23741.07467"	"6d2.7s2"	"3F"	"2"	""	"*"	"1"		""	"L18702"	
"421.26534"	"421.265356"	"31"	""		"17847.07751"	"41578.3997"	"5f.6d.7s2"	"3P*"	"2"	""	""	"2"		""	"L5951"	
"421.29245"	"421.292433"	"69"	""		"17501.17592"	"41230.9729"	"5f.6d2.7s"	"5I*"	"5"	""	""	"4"		""	"L5951"	
"421.306720"	"421.306713"	"2100"	""		"2558.056752"	"26287.04940"	"6d2.7s2"	"3P"	"0"	"6d2.7s.7p"	"3D*"	"1"		""	"L18702"	
"421.33162"	"421.331602"	"120"	""		"11601.03035"	"35328.6213"	"6d3.(4P).7s"	"5P"	"1"	""	"*"	"1"		""	"L5951"	
"421.337781"	"421.337789"	"630"	""		"16346.64962"	"40073.8922"	"5f.6d2.7s"	"5H*"	"4"	""	""	"5"		""	"L5951"	
"421.47495"	"421.474935"	"130"	""		"19986.16721"	"43705.6892"	"5f.6d2.7s"	"5H*"	"6"	""	""	"6 or 7"		""	"L5951"	
"421.482828"	"421.4828343"	"1800"	""		"4961.658832"	"28680.73627"	"6d2.7s2"	"3F"	"4"	""	"*"	"4"		""	"L18702"	
"421.52110"	"421.521126"	"21"	""		"12114.36618"	"35831.2890"	"5f.6d.7s2"	"1D*"	"2"	""	""	"3"		""	"L5951"	
"421.53831"	"421.538332"	"18"	""		"14032.085336"	"37748.0401"	"6d.7s2.7p"	"3D*"	"2"	""	""	"2"		""	"L3552"	
"421.562720"	"421.562713"	"190"	""		"4961.658832"	"28676.24203"	"6d2.7s2"	"3F"	"4"	""	"*"	"3"		""	"L5951"	
"421.585230"	"421.585207"	"180"	""		"17501.17592"	"41214.4938"	"5f.6d2.7s"	"5I*"	"5"	""	""	"5"		""	"L5951"	
"421.606973"	"421.606974"	"720"	""		"13088.56115"	"36800.6548"	"6d3.(2G).7s"	"3G"	"3"	""	"*"	"4"		""	"L5951"	
"421.62072"	"421.620712"	"150"	""		"13297.43316"	"37008.7542"	"6d3.(2G).7s"	"3G"	"4"	""	"*"	"5"		""	"L5951"	
"421.637214"	"421.637213"	"600"	""		"7280.123222"	"30990.51628"	"6d2.7s2"	""	"2"	""	"*"	"3"		""	"L5951"	
"421.65446"	"421.654432"	"21"	""		"16783.84708"	"40493.2719"	"5f.6d2.7s"	"5I*"	"4"	""	""	"3"		""	"L5951"	
"421.718522"	"421.718576"	"270"	""		"16346.64962"	"40052.4683"	"5f.6d2.7s"	"5H*"	"4"	""	""	"4"		""	"L5951"	
"421.84166"	"421.841638"	"54"	""		"16783.84708"	"40482.7503"	"5f.6d2.7s"	"5I*"	"4"	""	""	"5"		""	"L5951"	
"421.95717"	"421.957162"	"160"	""		"7502.287636"	"31194.70265"	"6d3.(4F).7s"	"5F"	"3"	"5f.6d3"	"5I*"	"4"		""	"L5951"	
"422.006504"	"422.006498"	"940"	""		"5563.141519"	"29252.78674"	"6d3.(4F).7s"	"5F"	"1"	""	"*"	"2"		""	"L5951"	
"422.05701"	"422.057111"	"18"	""		"18069.065569"	"41755.8700"	"6d.7s2.7p"	"1F*"	"3"	""	""	"4"		""	"L3552"	
"422.073229"	"422.073239"	"450"	""		"8243.602091"	"31929.50145"	"5f.6d.7s2"	"3F*"	"2"	""	""	"3"		""	"L5951"	
"422.08513"	"422.085135"	"41"	""		"17354.638583"	"41039.8704"	"5f.6d.7s2"	"3D*"	"1"	""	""	"2"		""	"L5951"	
"422.115299"	"422.115271"	"220"	""		"14206.91694"	"37890.4578"	"5f.6d.7s2"	"3F*"	"4"	""	""	"5"		""	"L5951"	
"422.13593"	"422.136193"	"15"	""		"15736.968041"	"39419.3351"	"6d2.7s.7p"	"5F*"	"1"	""	""	"1"		""	"L12239"	
"422.169204"	"422.169209"	"190"	""		"14465.221873"	"38145.7369"	"6d2.7s.7p"	"5G*"	"2"	""	""	"3"		""	"L5951"	
"422.21527"	"422.215254"	"41"	""		"17224.302340"	"40902.2349"	"6d2.7s.7p"	"5F*"	"2"	""	""	"3"		""	"L5951"	
"422.24398"	"422.243971"	"67"	""		"11197.031257"	"34873.3535"	"5f.6d.7s2"	"3H*"	"5"	""	""	"4"		""	"L5951"	
"422.344025"	"422.344036"	"1000"	""		"8243.602091"	"31914.3149"	"5f.6d.7s2"	"3F*"	"2"	""	""	"1"		""	"L5951"	
"422.35646"	"422.356496"	"150"	""		"15970.09583"	"39640.1103"	"6d3.(2D2).7s"	""	"3"	""	"*"	"2"		""	"L5951"	
"422.359338"	"422.359332"	"720"	""		"8111.004545"	"31780.86008"	"6d2.7s2"	"1G"	"4"	""	"*"	"3"		""	"L5951"	
"422.39753"	"422.397537"	"48"	""		"23621.50649"	"47289.2212"	"5f.6d2.7s"	"5I*"	"8"	""	""	"7"		""	"L5951"	
"422.44880"	"422.448830"	"17"	""		"15618.98461"	"39283.8257"	"5f.6d2.7s"	"5H*"	"3"	""	""	"4"		""	"L3552"	
"422.48723"	"422.487133"	"17"	""		"17224.302340"	"40886.9980"	"6d2.7s.7p"	"5F*"	"2"	""	""	"2"		""	"L5951"	
"422.50950"	"422.509499"	"17"	""		"10783.15535"	"34444.5984"	"6d.7s2.7p"	"3F*"	"2"	""	""	"2"		""	"L3552"	
"422.54893"	"422.548930"	"70"	""		"18053.617845"	"41712.8529"	"6d.7s2.7p"	"3F*"	"4"	""	""	"5"		""	"L5951"	
"422.60460"	"422.604586"	"51"	""		"14032.085336"	"37688.2046"	"6d.7s2.7p"	"3D*"	"2"	""	""	"3"		""	"L5951"	
"422.629932"	"422.629929"	"510"	""		"6362.395980"	"30017.09677"	"6d3.(4F).7s"	"5F"	"2"	""	"*"	"3"		""	"L5951"	
"422.677626"	"422.677704"	"440"	""		"11197.031257"	"34849.05842"	"5f.6d.7s2"	"3H*"	"5"	""	""	"5"		""	"L5951"	
"422.72876"	"422.728837"	"63"	""		"19588.36224"	"43237.5285"	"6d2.7s.7p"	"5G*"	"5"	""	""	"6"		""	"L5951"	
"422.738713"	"422.738713"	"1900"	""		"7280.123222"	"30928.7370"	"6d2.7s2"	""	"2"	""	"*"	"1"		""	"L5951"	
"422.74629"	"422.746404"	"24"	""		"10783.15535"	"34431.3389"	"6d.7s2.7p"	"3F*"	"2"	""	""	"3"		""	"L5951"	
"422.841658"	"422.841620"	"290"	""		"15863.88829"	"39506.7468"	"6d3.(2D2).7s"	""	"2"	""	"*"	"1 or 2"		""	"L5951"	
"422.84553"	"422.845545"	"16"	""		"17398.39526"	"41041.0343"	"6d3.(4F).7s"	""	"3"	""	"*"	"4"		""	"L5951"	
"422.86719"	"422.867223"	"130"	""		"15970.09583"	"39611.5229"	"6d3.(2D2).7s"	""	"3"	""	"*"	"3"		""	"L5951"	
"422.876027"	"422.876050"	"320"	""		"10526.544406"	"34167.4780"	"5f.6d.7s2"	"3G*"	"3"	""	""	"3"		""	"L5951"	
"422.87904"	"422.879010"	"52"	""		"15166.900593"	"38807.6687"	"6d2.7s.7p"	"5G*"	"3"	""	""	"2"		""	"L5951"	
"422.914766"	"422.914773"	"2600"	""		"2869.259165"	"26508.02820"	"6d2.7s2"	"3F"	"3"	""	"*"	"3"		""	"L18702"	
"422.98644"	"422.986431"	"100"	""		"5563.141519"	"29197.90600"	"6d3.(4F).7s"	"5F"	"1"	""	"*"	"2"		""	"L5951"	
"422.99610"	"422.996830"	"59"	""		"5563.141519"	"29197.32496"	"6d3.(4F).7s"	"5F"	"1"	""	"*"	"1"		""	"L3552"	
"423.02292"	"423.022916"	"82"	""		"17398.39526"	"41031.1213"	"6d3.(4F).7s"	""	"3"	""	"*"	"2"		""	"L5951"	
"423.02983"	"423.029846"	"38"	""		"11241.73043"	"34874.0693"	"5f.6d.7s2"	"3F*"	"3"	""	""	"3"		""	"L5951"	
"423.03810"	"423.038218"	"31"	""		"14465.221873"	"38097.0931"	"6d2.7s.7p"	"5G*"	"2"	""	""	"2"		""	"L5951"	
"423.042669"	"423.042660"	"2000"	""		"11241.73043"	"34873.3535"	"5f.6d.7s2"	"3F*"	"3"	""	""	"4"		""	"L5951"	
"423.082411"	"423.082401"	"400"	""		"3687.987189"	"27317.39056"	"6d2.7s2"	""	"2"	""	"*"	"3"		""	"L5951"	
"423.09594"	"423.095962"	"29"	""		"17411.224415"	"41039.8704"	"6d.7s2.7p"	"3D*"	"3"	""	""	"2"		""	"L5951"	
"423.10807"	"423.108037"	"32"	""		"19273.28060"	"42901.2523"	"6d3.(2P).7s"	""	"2"	""	"*"	"3"		""	"L5951"	
"423.11378"	"423.113787"	"19"	""		"4961.658832"	"28589.30942"	"6d2.7s2"	"3F"	"4"	""	"*"	"3"		""	"L5951"	
"423.16167"	"423.161702"	"46"	""		"14481.86965"	"38106.8449"	"5f.6d.7s2"	"3H*"	"6"	""	""	"5"		""	"L12239"	
"423.17495"	"423.174973"	"150"	""		"13945.307389"	"37569.5418"	"6d.7s2.7p"	"3F*"	"3"	""	""	"2"		""	"L5951"	
"423.24781"	"423.247896"	"5"	""		"16217.482038"	"39837.6462"	"6d.7s2.7p"	"1D*"	"2"	""	""	"3"		""	"L3552"	
"423.25478"	"423.254843"	"21"	""		"11877.839132"	"35497.6156"	"6d.7s2.7p"	"3D*"	"1"	""	""	"2"		""	"L5951"	
"423.37258"	"423.372603"	"27"	""		"13945.307389"	"37558.5142"	"6d.7s2.7p"	"3F*"	"3"	""	""	"4"		""	"L5951"	
"423.39059"	"423.390597"	"84"	""		"14206.91694"	"37819.1202"	"5f.6d.7s2"	"3F*"	"4"	""	""	"4"		""	"L5951"	
"423.42304"	"423.423032"	"100"	""		"17166.10472"	"40776.4993"	"6d3.(2H).7s"	"3H"	"5"	""	"*"	"4"		""	"L5951"	
"423.49838"	"423.498270"	"150*"	""		"13175.113345"	"36781.3134"	"5f.6d.7s2"	"3G*"	"4"	""	""	"5"		""	"L5951"	
"423.509258"	"423.509256"	"270"	""		"8111.004545"	"31716.59227"	"6d2.7s2"	"1G"	"4"	""	"*"	"5"		""	"L5951"	
"423.51980"	"423.519742"	"25"	""		"17354.638583"	"40959.6419"	"5f.6d.7s2"	"3D*"	"1"	""	""	"2"		""	"L5951"	
"423.52353"	"423.523547"	"110"	""		"15863.88829"	"39468.6795"	"6d3.(2D2).7s"	""	"2"	""	"*"	"3"		""	"L5951"	
"423.546344"	"423.5463454"	"12000"	""		"0.000000"	"23603.52066"	"6d2.7s2"	"3F"	"2"	""	"*"	"2"		""	"L18702"	
"423.60490"	"423.605124"	"300"	""		"13175.113345"	"36775.3589"	"5f.6d.7s2"	"3G*"	"4"	""	""	"3"		""	"L3552"	
"423.63898"	"423.639054"	"85"	""		"21903.40831"	"45501.7637"	"5f.6d2.7s"	"5H*"	"7"	""	""	"6 or 7"		""	"L5951"	
"423.65084"	"423.650819"	"17"	""		"18053.617845"	"41651.3179"	"6d.7s2.7p"	"3F*"	"4"	""	""	"3"		""	"L5951"	
"423.71817"	"423.718169"	"130"	""		"5563.141519"	"29157.0908"	"6d3.(4F).7s"	"5F"	"1"	""	"*"	"1"		""	"L5951"	
"423.75341"	"423.753431"	"33"	""		"15970.09583"	"39562.0818"	"6d3.(2D2).7s"	""	"3"	""	"*"	"4"		""	"L5951"	
"423.83783"	"423.837821"	"72"	""		"19503.143490"	"43090.4322"	"6d2.7s.7p"	"5F*"	"3"	""	""	"4"		""	"L5951"	
"423.85392"	"423.853935"	"22"	""		"18809.88631"	"42396.2783"	"6d2.7s.7p"	"5G*"	"4"	""	""	"5"		""	"L5951"	
"423.92741"	"423.927362"	"29"	""		"17398.39526"	"40980.7020"	"6d3.(4F).7s"	""	"3"	""	"*"	"3"		""	"L5951"	
"423.97910"	"423.979177"	"87"	""		"12847.96912"	"36427.3939"	"6d3.(4P).7s"	"5P"	"3"	""	"*"	"3"		""	"L3552"	
"424.04424"	"424.044211"	"24"	""		"14032.085336"	"37607.8939"	"6d.7s2.7p"	"3D*"	"2"	""	""	"1"		""	"L5951"	
"424.109478"	"424.109472"	"590"	""		"3687.987189"	"27260.16801"	"6d2.7s2"	""	"2"	""	"*"	"3"		""	"L5951"	
"424.17003"	"424.170038"	"62"	""		"15493.21943"	"39062.0345"	"6d3.(2H).7s"	"3H"	"4"	""	"*"	"5"		""	"L5951"	
"424.19725"	"424.197240"	"130"	""		"19588.36224"	"43155.6660"	"6d2.7s.7p"	"5G*"	"5"	""	""	"5"		""	"L5951"	
"424.30195"	"424.301914"	"170"	""		"10526.544406"	"34088.0343"	"5f.6d.7s2"	"3G*"	"3"	""	""	"2"		""	"L5951"	
"424.326106"	"424.326109"	"360"	""		"8111.004545"	"31671.1510"	"6d2.7s2"	"1G"	"4"	""	"*"	"4"		""	"L5951"	
"424.40214"	"424.402053"	"62"	""		"15618.98461"	"39174.9152"	"5f.6d2.7s"	"5H*"	"3"	""	""	"3"		""	"L5951"	
"424.54462"	"424.544601"	"99"	""		"15863.88829"	"39411.9097"	"6d3.(2D2).7s"	""	"2"	""	"*"	"1"		""	"L5951"	
"424.55576"	"424.555759"	"190"	""		"11241.73043"	"34789.1330"	"5f.6d.7s2"	"3F*"	"3"	""	""	"2"		""	"L5951"	
"424.63221"	"424.632168"	"80"	""		"11877.839132"	"35421.0046"	"6d.7s2.7p"	"3D*"	"1"	""	""	"1"		""	"L5951"	
"424.67937"	"424.679370"	"43"	""		"13297.43316"	"36837.9819"	"6d3.(2G).7s"	"3G"	"4"	""	"*"	"5"		""	"L5951"	
"424.68173"	"424.681752"	"16"	""		"14243.993748"	"37784.4105"	"5f.6d.7s2"	"3P*"	"1"	""	""	"2"		""	"L5951"	
"424.72886"	"424.728866"	"61"	""		"17411.224415"	"40949.0299"	"6d.7s2.7p"	"3D*"	"3"	""	""	"3"		""	"L5951"	
"424.73510"	"424.735165"	"63*"	""		"14032.085336"	"37569.5418"	"6d.7s2.7p"	"3D*"	"2"	""	""	"2"		""	"L5951"	
"424.73510"	"424.73517"	"63*"	""		"23306.82782"	"46844.284"	"5f.6d2.7s"	"3I*"	"6"	""	""	"5"		""	"L5951"	
"424.76865"	"424.768609"	"28"	""		"17398.39526"	"40933.9985"	"6d3.(4F).7s"	""	"3"	""	"*"	"3 or 4"		""	"L5951"	
"424.77771"	"424.777548"	"55"	""		"20322.26571"	"43857.3737"	"5f.6d.7s2"	"1H*"	"5"	""	""	"5"		""	"L3552"	
"424.785933"	"424.785928"	"270"	""		"12847.96912"	"36382.6128"	"6d3.(4P).7s"	"5P"	"3"	""	"*"	"4"		""	"L5951"	
"424.81805"	"424.818045"	"24"	""		"7280.123222"	"30812.9877"	"6d2.7s2"	""	"2"	""	"*"	"2"		""	"L5951"	
"424.82719"	"424.827163"	"23"	""		"17354.638583"	"40886.9980"	"5f.6d.7s2"	"3D*"	"1"	""	""	"2"		""	"L5951"	
"424.839079"	"424.839077"	"870"	""		"7795.275291"	"31326.97478"	"5f.6d.7s2"	"3H*"	"4"	""	""	"4"		""	"L5951"	
"424.851858"	"424.851845"	"220"	""		"8243.602091"	"31774.59439"	"5f.6d.7s2"	"3F*"	"2"	""	""	"3"		""	"L5951"	
"424.947610"	"424.947621"	"250"	""		"11802.93238"	"35328.6213"	"6d3.(4P).7s"	"5P"	"2"	""	"*"	"1"		""	"L5951"	
"425.031448"	"425.0314489"	"13000"	""		"0.000000"	"23521.04909"	"6d2.7s2"	"3F"	"2"	""	"*"	"3"		""	"L18702"	
"425.077490"	"425.077476"	"640"	""		"4961.658832"	"28480.16113"	"6d2.7s2"	"3F"	"4"	""	"*"	"4"		""	"L5951"	
"425.08386"	"425.083920"	"85"	""		"11877.839132"	"35395.9849"	"6d.7s2.7p"	"3D*"	"1"	""	""	"2"		""	"L5951"	
"425.10780"	"425.107779"	"65"	""		"7502.287636"	"31019.11347"	"6d3.(4F).7s"	"5F"	"3"	""	"*"	"4"		""	"L5951"	
"425.128745"	"425.128740"	"210"	""		"2869.259165"	"26384.92556"	"6d2.7s2"	"3F"	"3"	""	"*"	"4"		""	"L5951"	
"425.14220"	"425.142202"	"52"	""		"10783.15535"	"34298.0771"	"6d.7s2.7p"	"3F*"	"2"	""	""	"1"		""	"L5951"	
"425.15196"	"425.152717"	"12"	""		"17847.07751"	"41361.4177"	"5f.6d.7s2"	"3P*"	"2"	"5f.6d2.7p "	"5H"	"3"		""	"L12239"	
"425.33585"	"425.335850"	"30"	""		"18053.617845"	"41557.8339"	"6d.7s2.7p"	"3F*"	"4"	""	""	"3"		""	"L5951"	
"425.33893"	"425.338921"	"50"	""		"14243.993748"	"37748.0401"	"5f.6d.7s2"	"3P*"	"1"	""	""	"2"		""	"L5951"	
"425.353841"	"425.353846"	"1900"	""		"13297.43316"	"36800.6548"	"6d3.(2G).7s"	"3G"	"4"	""	"*"	"4"		""	"L5951"	
"425.37471"	"425.374690"	"17"	""		"19588.36224"	"43090.4322"	"6d2.7s.7p"	"5G*"	"5"	""	""	"4"		""	"L5951"	
"425.43779"	"425.437801"	"110"	""		"15970.09583"	"39468.6795"	"6d3.(2D2).7s"	""	"3"	""	"*"	"3"		""	"L5951"	
"425.46398"	"425.463952"	"17"	""		"16783.84708"	"40280.9864"	"5f.6d2.7s"	"5I*"	"4"	""	""	"3"		""	"L12239"	
"425.523723"	"425.5236555"	"800"	""		"2869.259165"	"26363.10178"	"6d2.7s2"	"3F"	"3"	""	"*"	"2"		""	"L5951"	
"425.53812"	"425.538094"	"20*"	""		"18930.29333"	"42423.3388"	"6d2.7s.7p"	"3G*"	"3"	""	""	"4"		""	"L5951"	
"425.57518"	"425.575210"	"190"	""		"16346.64962"	"39837.6462"	"5f.6d2.7s"	"5H*"	"4"	""	""	"3"		""	"L5951"	
"425.57647"	"425.576649"	"130bl"	""		"19986.16721"	"43477.0844"	"5f.6d2.7s"	"5H*"	"6"	""	""	"5"		""	"L5951"	
"425.579714"	"425.579711"	"660"	""		"6362.395980"	"29853.14415"	"6d3.(4F).7s"	"5F"	"2"	""	"*"	"2"		""	"L5951"	
"425.60374"	"425.603752"	"29"	""		"14032.085336"	"37521.5066"	"6d.7s2.7p"	"3D*"	"2"	""	""	"3"		""	"L5951"	
"425.625358"	"425.625363"	"2800"	""		"7502.287636"	"30990.51628"	"6d3.(4F).7s"	"5F"	"3"	""	"*"	"3"		""	"L18702"	
"425.74590"	"425.745609"	"50"	""		"7280.123222"	"30761.71803"	"6d2.7s2"	""	"2"	""	"*"	"3"		""	"L3552"	
"425.749613"	"425.7496131"	"11000"	""		"0.000000"	"23481.37399"	"6d2.7s2"	"3F"	"2"	""	"*"	"1"		""	"L18702"	
"425.82325"	"425.823241"	"56"	""		"15618.98461"	"39096.2986"	"5f.6d2.7s"	"5H*"	"3"	""	""	"4"		""	"L5951"	
"425.852040"	"425.852037"	"1800"	""		"7795.275291"	"31271.00174"	"5f.6d.7s2"	"3H*"	"4"	""	""	"5"		""	"L18702"	
"425.89954"	"425.899520"	"110"	""		"17224.302340"	"40697.4116"	"6d2.7s.7p"	"5F*"	"2"	""	""	"2 or 3"		""	"L5951"	
"425.949404"	"425.949396"	"460"	""		"7795.275291"	"31265.63604"	"5f.6d.7s2"	"3H*"	"4"	""	""	"3"		""	"L5951"	
"425.97206"	"425.972077"	"33"	""		"20566.62381"	"44035.7349"	"6d2.7s.7p"	"5D*"	"4"	""	""	"4"		""	"L5951"	
"426.01373"	"426.013721"	"72"	""		"15490.077832"	"38956.8948"	"5f.6d.7s2"	"3G*"	"5"	""	""	"4"		""	"L5951"	
"426.02865"	"426.028686"	"130"	""		"11241.73043"	"34707.7231"	"5f.6d.7s2"	"3F*"	"3"	""	""	"3"		""	"L5951"	
"426.033282"	"426.033294"	"1500"	""		"9804.806547"	"33270.5454"	"6d3.(4F).7s"	"5F"	"5"	""	"*"	"4"		""	"L18702"	
"426.04019"	"426.040015"	"29"	""		"13297.43316"	"36762.8018"	"6d3.(2G).7s"	"3G"	"4"	""	"*"	"3"		""	"L5951"	
"426.08027"	"426.080270"	"110"	""		"15490.077832"	"38953.2296"	"5f.6d.7s2"	"3G*"	"5"	""	""	"5"		""	"L5951"	
"426.098448"	"426.098442"	"430"	""		"12114.36618"	"35576.5173"	"5f.6d.7s2"	"1D*"	"2"	""	""	"3"		""	"L5951"	
"426.14920"	"426.149244"	"190"	""		"13945.307389"	"37404.6616"	"6d.7s2.7p"	"3F*"	"3"	""	""	"3"		""	"L5951"	
"426.24546"	"426.245475"	"30"	""		"18549.40528"	"42003.4633"	"6d3.(4P).7s"	""	"2"	""	"*"	"3"		""	"L5951"	
"426.261231"	"426.261236"	"660"	""		"16783.84708"	"40237.0379"	"5f.6d2.7s"	"5I*"	"4"	""	""	"5"		""	"L5951"	
"426.32214"	"426.322148"	"54"	""		"17411.224415"	"40861.0644"	"6d.7s2.7p"	"3D*"	"3"	""	""	"4"		""	"L5951"	
"426.37386"	"426.373792"	"21"	""		"18053.617845"	"41500.6175"	"6d.7s2.7p"	"3F*"	"4"	""	""	"3"		""	"L5951"	
"426.433983"	"426.433998"	"290"	""		"7280.123222"	"30723.8126"	"6d2.7s2"	""	"2"	""	"*"	"1"		""	"L5951"	
"426.48956"	"426.489563"	"16"	""		"14032.085336"	"37472.7204"	"6d.7s2.7p"	"3D*"	"2"	""	""	"1"		""	"L5951"	
"426.53962"	"426.539582"	"18"	""		"11802.93238"	"35240.8187"	"6d3.(4P).7s"	"5P"	"2"	""	"*"	"3"		""	"L5951"	
"426.64484"	"426.644819"	"41"	""		"3865.473772"	"27297.5790"	"6d2.7s2"	"3P"	"1"	""	"*"	"1"		""	"L5951"	
"426.90639"	"426.906389"	"200"	""		"10414.13700"	"33831.88538"	"5f.6d.7s2"	"1G*"	"4"	""	""	"4"		""	"L5951"	
"426.92720"	"426.927744"	"14"	""		"16783.84708"	"40200.4241"	"5f.6d2.7s"	"5I*"	"4"	""	""	"3"		""	"L3552"	
"426.994257"	"426.994258"	"980"	""		"8111.004545"	"31523.9340"	"6d2.7s2"	"1G"	"4"	""	"*"	"3"		""	"L5951"	
"427.073482"	"427.073449"	"210"	""		"14481.86965"	"37890.4578"	"5f.6d.7s2"	"3H*"	"6"	""	""	"5"		""	"L5951"	
"427.143959"	"427.143965"	"310"	""		"19588.36224"	"42993.0860"	"6d2.7s.7p"	"5G*"	"5"	""	""	"6"		""	"L5951"	
"427.20336"	"427.203348"	"32"	""		"14204.26476"	"37605.7352"	"6d3.(2G).7s"	""	"5"	""	"*"	"4"		""	"L5951"	
"427.208112"	"427.208121"	"280"	""		"17959.89498"	"41361.1040"	"6d3.(4F).7s"	"3F"	"4"	""	"*"	"4"		""	"L5951"	
"427.212846"	"427.212845"	"300"	""		"13175.113345"	"36576.0636"	"5f.6d.7s2"	"3G*"	"4"	""	""	"4"		""	"L5951"	
"427.21549"	"427.215465"	"90"	""		"15863.88829"	"39264.6950"	"6d3.(2D2).7s"	""	"2"	""	"*"	"3"		""	"L5951"	
"427.22552"	"427.225400"	"55"	""		"13088.56115"	"36488.8237"	"6d3.(2G).7s"	"3G"	"3"	""	"*"	"2"		""	"L5951"	
"427.230322"	"427.230314"	"1800"	""		"3687.987189"	"27087.98061"	"6d2.7s2"	""	"2"	""	"*"	"1"		""	"L18702"	
"427.287442"	"427.287439"	"1800"	""		"8800.249723"	"32197.1148"	"6d3.(4F).7s"	"5F"	"4"	""	"*"	"3"		""	"L5951"	
"427.39098"	"427.391015"	"37"	""		"15618.98461"	"39010.1797"	"5f.6d2.7s"	"5H*"	"3"	""	""	"3"		""	"L5951"	
"427.42210"	"427.422093"	"88"	""		"14226.82045"	"37616.3148"	"6d3.(2P).7s"	""	"0"	""	"*"	"1"		""	"L5951"	
"427.435524"	"427.435525"	"210"	""		"11601.03035"	"34989.7897"	"6d3.(4P).7s"	"5P"	"1"	""	"*"	"1"		""	"L5951"	
"427.48165"	"427.481698"	"170"	""		"13847.77037"	"37234.0035"	"6d3.(4F).7s"	"3F"	"2"	""	"*"	"2"		""	"L5951"	
"427.53622"	"427.536246"	"21"	""		"12114.36618"	"35497.6156"	"5f.6d.7s2"	"1D*"	"2"	""	""	"2"		""	"L5951"	
"427.55677"	"427.556824"	"48"	""		"6362.395980"	"29744.51997"	"6d3.(4F).7s"	"5F"	"2"	""	"*"	"3"		""	"L5951"	
"427.71590"	"427.715907"	"72"	""		"3687.987189"	"27061.41472"	"6d2.7s2"	""	"2"	""	"*"	"2"		""	"L5951"	
"427.79993"	"427.799949"	"61"	""		"19532.41646"	"42901.2523"	"6d3.(2F).7s"	"3F"	"4"	""	"*"	"3"		""	"L5951"	
"427.832319"	"427.832318"	"2400"	""		"14204.26476"	"37571.3326"	"6d3.(2G).7s"	""	"5"	""	"*"	"5"		""	"L5951"	
"427.89031"	"427.890325"	"23"	""		"14243.993748"	"37607.8939"	"5f.6d.7s2"	"3P*"	"1"	""	""	"1"		""	"L5951"	
"427.90627"	"427.906291"	"160"	""		"15166.900593"	"38529.9290"	"6d2.7s.7p"	"5G*"	"3"	""	""	"3"		""	"L5951"	
"427.92816"	"427.928163"	"54"	""		"13945.307389"	"37307.1417"	"6d.7s2.7p"	"3F*"	"3"	"6d4"	""	"3"		""	"L5951"	
"427.94958"	"427.949580"	"18"	""		"21077.152101"	"44437.8173"	"6d2.7s.7p"	"5F*"	"5"	""	""	"6"		""	"L5951"	
"427.96379"	"427.963809"	"81"	""		"17501.17592"	"40861.0644"	"5f.6d2.7s"	"5I*"	"5"	""	""	"4"		""	"L5951"	
"428.03220"	"428.032155"	"38"	""		"18930.29333"	"42286.4519"	"6d2.7s.7p"	"3G*"	"3"	""	""	"3"		""	"L5951"	
"428.056800"	"428.056794"	"1700"	""		"5563.141519"	"28917.95572"	"6d3.(4F).7s"	"5F"	"1"	""	"*"	"2"		""	"L5951"	
"428.08796"	"428.087989"	"27"	""		"17224.302340"	"40577.4147"	"6d2.7s.7p"	"5F*"	"2"	""	""	"2"		""	"L5951"	
"428.09300"	"428.092979"	"43"	""		"17224.302340"	"40577.1425"	"6d2.7s.7p"	"5F*"	"2"	""	""	"3"		""	"L5951"	
"428.187614"	"428.187596"	"270"	""		"16346.64962"	"39694.3296"	"5f.6d2.7s"	"5H*"	"4"	"5f.6d2.7p "	"5I"	"5"		""	"L5951"	
"428.208889"	"428.208887"	"1200"	""		"7795.275291"	"31141.79438"	"5f.6d.7s2"	"3H*"	"4"	"6d4"	"3D"	"3"		""	"L5951"	
"428.29790"	"428.297854"	"80"	""		"15618.98461"	"38960.6542"	"5f.6d2.7s"	"5H*"	"3"	""	""	"2"		""	"L5951"	
"428.307203"	"428.307213"	"220"	""		"15970.09583"	"39311.2554"	"6d3.(2D2).7s"	""	"3"	""	"*"	"4"		""	"L5951"	
"428.310477"	"428.310487"	"790"	""		"12847.96912"	"36188.9503"	"6d3.(4P).7s"	"5P"	"3"	""	"*"	"2"		""	"L5951"	
"428.37977"	"428.379796"	"20"	""		"18549.40528"	"41886.6101"	"6d3.(4P).7s"	""	"2"	""	"*"	"3"		""	"L5951"	
"428.53997"	"428.539988"	"41"	""		"13297.43316"	"36625.9145"	"6d3.(2G).7s"	"3G"	"4"	""	"*"	"5"		""	"L5951"	
"428.57571"	"428.575752"	"12"	""		"12114.36618"	"35440.9008"	"5f.6d.7s2"	"1D*"	"2"	"6d4"	""	"3"		""	"L3552"	
"428.59394"	"428.593879"	"140"	""		"14243.993748"	"37569.5418"	"5f.6d.7s2"	"3P*"	"1"	""	""	"2"		""	"L5951"	
"428.622841"	"428.622841"	"770"	""		"6362.395980"	"29686.36795"	"6d3.(4F).7s"	"5F"	"2"	""	"*"	"3"		""	"L5951"	
"428.708079"	"428.708087"	"460"	""		"16554.24283"	"39873.5771"	"6d3.(2H).7s"	"3H"	"6"	""	"*"	"5"		""	"L5951"	
"428.79534"	"428.795332"	"170"	""		"14206.91694"	"37521.5066"	"5f.6d.7s2"	"3F*"	"4"	""	""	"3"		""	"L5951"	
"428.81062"	"428.810636"	"89"	""		"18431.686609"	"41745.4442"	"5f.7s2.7p"	"3G"	"3"	""	"*"	"4"		""	"L5951"	
"428.846938"	"428.846947"	"580"	""		"13847.77037"	"37159.5540"	"6d3.(4F).7s"	"3F"	"2"	""	"*"	"3"		""	"L5951"	
"428.85191"	"428.851934"	"50"	""		"13847.77037"	"37159.2829"	"6d3.(4F).7s"	"3F"	"2"	""	"*"	"1"		""	"L5951"	
"428.866877"	"428.866882"	"1400"	""		"7502.287636"	"30812.9877"	"6d3.(4F).7s"	"5F"	"3"	""	"*"	"2"		""	"L18702"	
"428.92050"	"428.920489"	"26"	""		"3687.987189"	"26995.77389"	"6d2.7s2"	""	"2"	""	"*"	"3"		""	"L5951"	
"428.94162"	"428.941622"	"50"	""		"12114.36618"	"35421.0046"	"5f.6d.7s2"	"1D*"	"2"	""	""	"1"		""	"L5951"	
"428.95483"	"428.954777"	"17"	""		"14204.26476"	"37510.1884"	"6d3.(2G).7s"	""	"5"	""	"*"	"6"		""	"L5951"	
"428.965505"	"428.965502"	"620"	""		"10526.544406"	"33831.88538"	"5f.6d.7s2"	"3G*"	"3"	""	""	"4"		""	"L5951"	
"429.00263"	"429.002639"	"20"	""		"19588.36224"	"42891.6858"	"6d2.7s.7p"	"5G*"	"5"	""	""	"4"		""	"L5951"	
"429.02839"	"429.028395"	"36"	""		"21077.152101"	"44379.0767"	"6d2.7s.7p"	"5F*"	"5"	""	""	"5"		""	"L5951"	
"429.039363"	"429.039359"	"390"	""		"13847.77037"	"37149.0995"	"6d3.(4F).7s"	"3F"	"2"	""	"*"	"2"		""	"L5951"	
"429.09537"	"429.095413"	"43"	""		"19588.36224"	"42886.6475"	"6d2.7s.7p"	"5G*"	"5"	""	""	"4 or 5"		""	"L5951"	
"429.09993"	"429.09989"	"15"	""		"21539.59257"	"44837.6347"	""	"*"	"4"	""	""	"4"		""	"L5951"	
"429.16331"	"429.163314"	"120"	""		"15970.09583"	"39264.6950"	"6d3.(2D2).7s"	""	"3"	""	"*"	"3"		""	"L5951"	
"429.17332"	"429.173401"	"38"	""		"13088.56115"	"36382.6128"	"6d3.(2G).7s"	"3G"	"3"	""	"*"	"4"		""	"L5951"	
"429.180978"	"429.180983"	"1800"	""		"8243.602091"	"31537.24226"	"5f.6d.7s2"	"3F*"	"2"	""	""	"3"		""	"L18702"	
"429.23057"	"429.230570"	"170"	""		"12114.36618"	"35405.3154"	"5f.6d.7s2"	"1D*"	"2"	""	""	"3"		""	"L5951"	
"429.31618"	"429.316125"	"21"	""		"18809.88631"	"42096.1941"	"6d2.7s.7p"	"5G*"	"4"	""	""	"3"		""	"L5951"	
"429.38043"	"429.380471"	"47"	""		"14465.221873"	"37748.0401"	"6d2.7s.7p"	"5G*"	"2"	""	""	"2"		""	"L5951"	
"429.40260"	"429.402594"	"63"	""		"12114.36618"	"35395.9849"	"5f.6d.7s2"	"1D*"	"2"	""	""	"2"		""	"L5951"	
"429.471923"	"429.471920"	"490"	""		"6362.395980"	"29640.2566"	"6d3.(4F).7s"	"5F"	"2"	""	"*"	"1"		""	"L5951"	
"429.47616"	"429.476158"	"160"	""		"11601.03035"	"34878.6613"	"6d3.(4P).7s"	"5P"	"1"	""	"*"	"1"		""	"L5951"	
"429.52366"	"429.523666"	"99"	""		"14032.085336"	"37307.1417"	"6d.7s2.7p"	"3D*"	"2"	"6d4"	""	"3"		""	"L5951"	
"429.558490"	"429.558490"	"510"	""		"7280.123222"	"30553.29269"	"6d2.7s2"	""	"2"	""	"*"	"2"		""	"L5951"	
"429.581543"	"429.581545"	"210"	""		"11877.839132"	"35149.75961"	"6d.7s2.7p"	"3D*"	"1"	""	""	"2"		""	"L5951"	
"429.59021"	"429.589609"	"8"	""		"13962.51989"	"37234.0035"	"6d3.(2D2).7s"	""	"1"	""	"*"	"2"		""	"L3552"	
"429.63602"	"429.636024"	"29"	""		"17224.302340"	"40493.2719"	"6d2.7s.7p"	"5F*"	"2"	""	""	"3"		""	"L5951"	
"429.730655"	"429.730651"	"2000"	""		"11197.031257"	"34460.87707"	"5f.6d.7s2"	"3H*"	"5"	""	""	"5"		""	"L18702"	
"429.793920"	"429.793919"	"330"	""		"14481.86965"	"37742.2910"	"5f.6d.7s2"	"3H*"	"6"	""	""	"6"		""	"L5951"	
"429.81223"	"429.812230"	"130"	""		"7502.287636"	"30761.71803"	"6d3.(4F).7s"	"5F"	"3"	""	"*"	"3"		""	"L5951"	
"429.81868"	"429.818815"	"49"	""		"17166.10472"	"40425.1788"	"6d3.(2H).7s"	"3H"	"5"	""	"*"	"4"		""	"L5951"	
"429.85643"	"429.856496"	"36"	""		"17354.638583"	"40611.6738"	"5f.6d.7s2"	"3D*"	"1"	""	""	"2"		""	"L5951"	
"429.96148"	"429.961394"	"100"	""		"19986.16721"	"43237.5285"	"5f.6d2.7s"	"5H*"	"6"	""	""	"6"		""	"L5951"	
"429.963513"	"429.963515"	"830"	""		"2558.056752"	"25809.30337"	"6d2.7s2"	"3P"	"0"	""	"*"	"1"		""	"L5951"	
"429.983922"	"429.983925"	"2200"	""		"11197.031257"	"34447.17423"	"5f.6d.7s2"	"3H*"	"5"	""	""	"4"		""	"L18702"	
"430.00068"	"430.000705"	"66"	""		"21903.40831"	"45152.6440"	"5f.6d2.7s"	"5H*"	"7"	""	""	"6 or 7"		""	"L5951"	
"430.03701"	"430.036537"	"12"	""		"19039.153374"	"42286.4519"	"6d.7s2.7p"	"3P*"	"2"	""	""	"3"		""	"L3552"	
"430.09792"	"430.097383"	"16"	""		"2869.259165"	"26113.26894"	"6d2.7s2"	"3F"	"3"	""	"*"	"2"		""	"L12239"	
"430.22209"	"430.222102"	"39"	""		"17411.224415"	"40648.4960"	"6d.7s2.7p"	"3D*"	"3"	""	""	"4"		""	"L5951"	
"430.30935"	"430.309325"	"110"	""		"19948.395175"	"43180.9567"	"6d2.7s.7p"	"5F*"	"4"	""	""	"5"		""	"L5951"	
"430.32312"	"430.323098"	"33"	""		"18053.617845"	"41285.4358"	"6d.7s2.7p"	"3F*"	"4"	""	""	"3"		""	"L5951"	
"430.33867"	"430.338687"	"140"	""		"11877.839132"	"35108.8155"	"6d.7s2.7p"	"3D*"	"1"	""	""	"2"		""	"L5951"	
"430.38038"	"430.380366"	"23"	""		"14243.993748"	"37472.7204"	"5f.6d.7s2"	"3P*"	"1"	""	""	"1"		""	"L5951"	
"430.398919"	"430.3989124"	"320"	""		"2869.259165"	"26096.98491"	"6d2.7s2"	"3F"	"3"	""	"*"	"3"		""	"L5951"	
"430.42917"	"430.429175"	"37"	""		"12847.96912"	"36074.0618"	"6d3.(4P).7s"	"5P"	"3"	""	"*"	"3"		""	"L5951"	
"430.441781"	"430.441772"	"250"	""		"14247.30742"	"37472.7204"	"5f.6d.7s2"	"3P*"	"0"	""	""	"1"		""	"L5951"	
"430.48030"	"430.480281"	"55"	""		"8800.249723"	"32023.58511"	"6d3.(4F).7s"	"5F"	"4"	""	"*"	"5"		""	"L5951"	
"430.48678"	"430.486818"	"62"	""		"14465.221873"	"37688.2046"	"6d2.7s.7p"	"5G*"	"2"	""	""	"3"		""	"L5951"	
"430.495646"	"430.495640"	"500"	""		"3865.473772"	"27087.98061"	"6d2.7s2"	"3P"	"1"	""	"*"	"1"		""	"L5951"	
"430.54970"	"430.549671"	"24"	""		"18011.38030"	"41230.9729"	"5f.6d2.7s"	"5H*"	"5"	""	""	"4"		""	"L5951"	
"430.63029"	"430.630259"	"78"	""		"15166.900593"	"38382.1480"	"6d2.7s.7p"	"5G*"	"3"	""	""	"3"		""	"L5951"	
"430.636672"	"430.636616"	"440"	""		"12847.96912"	"36062.8738"	"6d3.(4P).7s"	"5P"	"3"	""	"*"	"4"		""	"L5951"	
"430.717608"	"430.717606"	"3800"	""		"11197.031257"	"34407.57081"	"5f.6d.7s2"	"3H*"	"5"	""	""	"6"		""	"L18702"	
"430.812190"	"430.812190"	"1700"	""		"11241.73043"	"34447.17423"	"5f.6d.7s2"	"3F*"	"3"	""	""	"4"		""	"L5951"	
"430.83382"	"430.833826"	"22"	""		"24084.94271"	"47289.2212"	"6d2.7s.7p"	"5G*"	"6"	""	""	"7"		""	"L5951"	
"430.85546"	"430.855458"	"200"	""		"18011.38030"	"41214.4938"	"5f.6d2.7s"	"5H*"	"5"	""	""	"5"		""	"L5951"	
"430.860009"	"430.860017"	"630"	""		"11241.73043"	"34444.5984"	"5f.6d.7s2"	"3F*"	"3"	""	""	"2"		""	"L5951"	
"430.87970"	"430.878864"	"8"	""		"16217.482038"	"39419.3351"	"6d.7s2.7p"	"1D*"	"2"	""	""	"1"		""	"L12239"	
"430.91932"	"430.919282"	"24"	""		"15166.900593"	"38366.5775"	"6d2.7s.7p"	"5G*"	"3"	"6d4"	""	"4"		""	"L5951"	
"430.95571"	"430.955176"	"110"	""		"14206.91694"	"37404.6616"	"5f.6d.7s2"	"3F*"	"4"	""	""	"3"		""	"L3552"	
"430.988681"	"430.988688"	"1200"	""		"3865.473772"	"27061.41472"	"6d2.7s2"	"3P"	"1"	""	"*"	"2"		""	"L18702"	
"431.01007"	"431.010084"	"32*"	""		"19986.16721"	"43180.9567"	"5f.6d2.7s"	"5H*"	"6"	""	""	"5"		""	"L5951"	
"431.01007"	"431.010174"	"32*"	""		"10526.544406"	"33721.32901"	"5f.6d.7s2"	"3G*"	"3"	""	""	"2"		""	"L5951"	
"431.09586"	"431.095857"	"90"	""		"3687.987189"	"26878.16179"	"6d2.7s2"	""	"2"	"6d2.7s.7p"	"3G*"	"3"		""	"L5951"	
"431.106387"	"431.106382"	"300"	""		"11241.73043"	"34431.3389"	"5f.6d.7s2"	"3F*"	"3"	""	""	"3"		""	"L5951"	
"431.11342"	"431.113360"	"38"	""		"20214.92997"	"43404.1631"	"6d2.7s.7p"	"5D*"	"3"	""	""	"4"		""	"L5951"	
"431.12357"	"431.123567"	"53"	""		"15618.98461"	"38807.6687"	"5f.6d2.7s"	"5H*"	"3"	""	""	"2"		""	"L5951"	
"431.13217"	"431.132173"	"44"	""		"19713.03109"	"42901.2523"	"6d3.(2F).7s"	"3F"	"3"	""	"*"	"3"		""	"L5951"	
"431.157543"	"431.157534"	"550"	""		"11802.93238"	"34989.7897"	"6d3.(4P).7s"	"5P"	"2"	""	"*"	"1"		""	"L5951"	
"431.162693"	"431.162698"	"320"	""		"13962.51989"	"37149.0995"	"6d3.(2D2).7s"	""	"1"	""	"*"	"2"		""	"L5951"	
"431.179950"	"431.179958"	"1400"	""		"8243.602091"	"31429.25358"	"5f.6d.7s2"	"3F*"	"2"	""	""	"1"		""	"L18702"	
"431.298421"	"431.2984272"	"6100"	""		"2869.259165"	"26048.54211"	"6d2.7s2"	"3F"	"3"	""	"*"	"4"		""	"L18702"	
"431.299799"	"431.2998002"	"9700"	""		"4961.658832"	"28140.86799"	"6d2.7s2"	"3F"	"4"	""	"*"	"4"		""	"L18702"	
"431.33350"	"431.334303"	"8"	""		"18053.617845"	"41230.9729"	"6d.7s2.7p"	"3F*"	"4"	""	""	"4"		""	"L3552"	
"431.34129"	"431.341304"	"72"	""		"18809.88631"	"41986.8652"	"6d2.7s.7p"	"5G*"	"4"	""	""	"4"		""	"L5951"	
"431.36025"	"431.360245"	"190"	""		"7795.275291"	"30971.23650"	"5f.6d.7s2"	"3H*"	"4"	""	""	"4"		""	"L5951"	
"431.37784"	"431.377846"	"100"	""		"17959.89498"	"41134.9106"	"6d3.(4F).7s"	"3F"	"4"	""	"*"	"4"		""	"L5951"	
"431.40530"	"431.405308"	"75"	""		"16346.64962"	"39520.1900"	"5f.6d2.7s"	"5H*"	"4"	""	""	"4"		""	"L5951"	
"431.41654"	"431.416534"	"67"	""		"15736.968041"	"38909.9054"	"6d2.7s.7p"	"5F*"	"1"	""	""	"1"		""	"L5951"	
"431.42741"	"431.427567"	"40"	""		"15493.21943"	"38665.5642"	"6d3.(2H).7s"	"3H"	"4"	""	"*"	"5"		""	"L5951"	
"431.431950"	"431.431947"	"940"	""		"8111.004545"	"31283.11407"	"6d2.7s2"	"1G"	"4"	""	"*"	"3"		""	"L5951"	
"431.44970"	"431.449640"	"23"	""		"18549.40528"	"41720.5646"	"6d3.(4P).7s"	""	"2"	""	"*"	"2"		""	"L5951"	
"431.48056"	"431.480562"	"35"	""		"19986.16721"	"43155.6660"	"5f.6d2.7s"	"5H*"	"6"	""	""	"5"		""	"L5951"	
"431.50508"	"431.505083"	"130"	""		"11877.839132"	"35046.0213"	"6d.7s2.7p"	"3D*"	"1"	""	"5F"	"1"		""	"L5951"	
"431.525422"	"431.525423"	"4300"	""		"2869.259165"	"26036.34930"	"6d2.7s2"	"3F"	"3"	""	"*"	"3"		""	"L18702"	
"431.54723"	"431.547256"	"54"	""		"17411.224415"	"40577.1425"	"6d.7s2.7p"	"3D*"	"3"	""	""	"3"		""	"L5951"	
"431.610939"	"431.610941"	"370"	""		"10526.544406"	"33689.0444"	"5f.6d.7s2"	"3G*"	"3"	""	""	"2"		""	"L5951"	
"431.62194"	"431.621985"	"34"	""		"18069.065569"	"41230.9729"	"6d.7s2.7p"	"1F*"	"3"	""	""	"4"		""	"L5951"	
"431.63726"	"431.637229"	"91"	""		"13175.113345"	"36336.2027"	"5f.6d.7s2"	"3G*"	"4"	""	""	"3"		""	"L5951"	
"431.75360"	"431.754124"	"48"	""		"20322.26571"	"43477.0844"	"5f.6d.7s2"	"1H*"	"5"	""	""	"5"		""	"L12239"	
"431.78400"	"431.784003"	"120"	""		"8800.249723"	"31953.46618"	"6d3.(4F).7s"	"5F"	"4"	""	"*"	"4"		""	"L5951"	
"431.85244"	"431.852551"	"62"	""		"13945.307389"	"37094.8488"	"6d.7s2.7p"	"3F*"	"3"	""	""	"2"		""	"L5951"	
"431.91952"	"431.919478"	"43"	""		"18574.61019"	"41720.5646"	"6d3.(2P).7s"	""	"1"	""	"*"	"2"		""	"L5951"	
"431.98072"	"431.980739"	"55"	""		"14465.221873"	"37607.8939"	"6d2.7s.7p"	"5G*"	"2"	""	""	"1"		""	"L5951"	
"432.055545"	"432.055542"	"320"	""		"19227.33665"	"42366.0020"	"5f.6d2.7s"	"5I*"	"6"	""	""	"6"		""	"L5951"	
"432.073860"	"432.073875"	"260"	""		"11877.839132"	"35015.5227"	"6d.7s2.7p"	"3D*"	"1"	""	""	"2"		""	"L5951"	
"432.09791"	"432.097892"	"99"	""		"17501.17592"	"40637.5735"	"5f.6d2.7s"	"5I*"	"5"	""	""	"6"		""	"L5951"	
"432.12248"	"432.122461"	"15"	""		"15863.88829"	"38998.9704"	"6d3.(2D2).7s"	""	"2"	""	"*"	"3"		""	"L5951"	
"432.14327"	"432.143301"	"81"	""		"17166.10472"	"40300.0712"	"6d3.(2H).7s"	"3H"	"5"	""	"*"	"4"		""	"L5951"	
"432.17263"	"432.172627"	"54"	""		"18809.88631"	"41942.2830"	"6d2.7s.7p"	"5G*"	"4"	""	""	"5"		""	"L5951"	
"432.21810"	"432.218142"	"12"	""		"13297.43316"	"36427.3939"	"6d3.(2G).7s"	"3G"	"4"	""	"*"	"3"		""	"L3552"	
"432.36354"	"432.363543"	"44"	""		"13175.113345"	"36297.2958"	"5f.6d.7s2"	"3G*"	"4"	""	""	"4"		""	"L5951"	
"432.42678"	"432.426732"	"27"	""		"19948.395175"	"43067.1989"	"6d2.7s.7p"	"5F*"	"4"	""	""	"4"		""	"L5951"	
"432.48995"	"432.489955"	"78"	""		"15618.98461"	"38734.4088"	"5f.6d2.7s"	"5H*"	"3"	""	""	"3"		""	"L5951"	
"432.527405"	"432.527409"	"930"	""		"10414.13700"	"33527.55959"	"5f.6d.7s2"	"1G*"	"4"	""	""	"4"		""	"L5951"	
"432.585983"	"432.585985"	"300"	""		"5563.141519"	"28673.43441"	"6d3.(4F).7s"	"5F"	"1"	""	"*"	"2"		""	"L5951"	
"432.69774"	"432.697696"	"31*"	""		"16217.482038"	"39321.8086"	"6d.7s2.7p"	"1D*"	"2"	""	""	"3"		""	"L5951"	
"432.69774"	"432.697820"	"31*"	""		"14465.221873"	"37569.5418"	"6d2.7s.7p"	"5G*"	"2"	""	""	"2"		""	"L5951"	
"432.703508"	"432.703514"	"280"	""		"17166.10472"	"40270.1206"	"6d3.(2H).7s"	"3H"	"5"	""	"*"	"4"		""	"L5951"	
"432.713437"	"432.713435"	"320"	""		"20867.97560"	"43971.4618"	"5f.6d2.7s"	"5I*"	"7"	""	""	"7"		""	"L5951"	
"432.771450"	"432.771449"	"380"	""		"13088.56115"	"36188.9503"	"6d3.(2G).7s"	"3G"	"3"	""	"*"	"2"		""	"L5951"	
"432.79828"	"432.798172"	"37"	""		"14032.085336"	"37131.0482"	"6d.7s2.7p"	"3D*"	"2"	""	""	"3"		""	"L5951"	
"432.80533"	"432.805316"	"16"	""		"18809.88631"	"41908.4679"	"6d2.7s.7p"	"5G*"	"4"	""	""	"3"		""	"L5951"	
"432.82227"	"432.823065"	"14"	""		"18431.686609"	"41529.3210"	"5f.7s2.7p"	"3G"	"3"	""	"*"	"2"		""	"L12239"	
"432.84359"	"432.843954"	"12"	""		"14206.91694"	"37303.4367"	"5f.6d.7s2"	"3F*"	"4"	""	""	"4"		""	"L3552"	
"432.891532"	"432.8915286"	"3400"	""		"0.000000"	"23093.98148"	"6d2.7s2"	"3F"	"2"	""	"*"	"2"		""	"L18702"	
"433.021180"	"433.021166"	"210"	""		"15493.21943"	"38580.2872"	"6d3.(2H).7s"	"3H"	"4"	""	"*"	"4"		""	"L5951"	
"433.041192"	"433.041193"	"360"	""		"5563.141519"	"28649.14156"	"6d3.(4F).7s"	"5F"	"1"	""	"*"	"1"		""	"L5951"	
"433.05658"	"433.056583"	"33"	""		"13297.43316"	"36382.6128"	"6d3.(2G).7s"	"3G"	"4"	""	"*"	"4"		""	"L5951"	
"433.084366"	"433.084378"	"2100"	""		"8111.004545"	"31194.70265"	"6d2.7s2"	"1G"	"4"	"5f.6d3"	"5I*"	"4"		""	"L18702"	
"433.11813"	"433.118165"	"15"	""		"20322.26571"	"43404.1631"	"5f.6d.7s2"	"1H*"	"5"	""	""	"4"		""	"L5951"	
"433.12911"	"433.130011"	"16"	""		"15618.98461"	"38700.2507"	"5f.6d2.7s"	"5H*"	"3"	""	""	"4"		""	"L3552"	
"433.13247"	"433.132390"	"57"	""		"17959.89498"	"41041.0343"	"6d3.(4F).7s"	"3F"	"4"	""	"*"	"4"		""	"L5951"	
"433.134477"	"433.134481"	"640"	""		"9804.806547"	"32885.83448"	"6d3.(4F).7s"	"5F"	"5"	""	"*"	"6"		""	"L5951"	
"433.15835"	"433.158357"	"30"	""		"10526.544406"	"33606.30012"	"5f.6d.7s2"	"3G*"	"3"	""	""	"2"		""	"L5951"	
"433.233946"	"433.233946"	"430"	""		"11802.93238"	"34878.6613"	"6d3.(4P).7s"	"5P"	"2"	""	"*"	"1"		""	"L5951"	
"433.32835"	"433.328371"	"63"	""		"15736.968041"	"38807.6687"	"6d2.7s.7p"	"5F*"	"1"	""	""	"2"		""	"L5951"	
"433.35539"	"433.355404"	"55"	""		"20867.97560"	"43937.2371"	"5f.6d2.7s"	"5I*"	"7"	""	""	"6"		""	"L5951"	
"433.36502"	"433.365105"	"83"	""		"15863.88829"	"38932.6334"	"6d3.(2D2).7s"	""	"2"	""	"*"	"2"		""	"L5951"	
"433.53487"	"433.534870"	"130"	""		"11241.73043"	"34301.44234"	"5f.6d.7s2"	"3F*"	"3"	""	""	"4"		""	"L5951"	
"433.573310"	"433.573311"	"750"	""		"9804.806547"	"32862.47402"	"6d3.(4F).7s"	"5F"	"5"	""	"*"	"4"		""	"L5951"	
"433.59933"	"433.599314"	"22"	""		"14465.221873"	"37521.5066"	"6d2.7s.7p"	"5G*"	"2"	""	""	"3"		""	"L5951"	
"433.64604"	"433.646064"	"65"	""		"16783.84708"	"39837.6462"	"5f.6d2.7s"	"5I*"	"4"	""	""	"3"		""	"L5951"	
"433.69864"	"433.698629"	"160"	""		"7502.287636"	"30553.29269"	"6d3.(4F).7s"	"5F"	"3"	""	"*"	"2"		""	"L5951"	
"433.727726"	"433.7277253"	"5700"	""		"0.000000"	"23049.45870"	"6d2.7s2"	"3F"	"2"	""	"*"	"1"		""	"L18702"	
"433.74138"	"433.741214"	"29"	""		"11802.93238"	"34851.6743"	"6d3.(4P).7s"	"5P"	"2"	""	"*"	"2"		""	"L5951"	
"433.76384"	"433.763865"	"43"	""		"19588.36224"	"42635.9006"	"6d2.7s.7p"	"5G*"	"5"	""	""	"5"		""	"L5951"	
"433.79702"	"433.796949"	"15"	""		"17354.638583"	"40400.4192"	"5f.6d.7s2"	"3D*"	"1"	""	""	"2"		""	"L5951"	
"433.810774"	"433.810767"	"1100"	""		"10414.13700"	"33459.18355"	"5f.6d.7s2"	"1G*"	"4"	"5f.6d.7s.7p"	"3H"	"4"		""	"L5951"	
"433.90134"	"433.901397"	"22"	""		"15618.98461"	"38659.2178"	"5f.6d2.7s"	"5H*"	"3"	""	""	"2"		""	"L5951"	
"433.90690"	"433.907286"	"12"	""		"17847.07751"	"40886.9980"	"5f.6d.7s2"	"3P*"	"2"	""	""	"2"		""	"L3552"	
"433.93763"	"433.937635"	"65"	""		"10526.544406"	"33564.85352"	"5f.6d.7s2"	"3G*"	"3"	""	""	"3"		""	"L5951"	
"433.94501"	"433.945112"	"56"	""		"12847.96912"	"35885.8813"	"6d3.(4P).7s"	"5P"	"3"	""	"*"	"2"		""	"L5951"	
"433.97840"	"433.978439"	"29"	""		"18549.40528"	"41585.5483"	"6d3.(4P).7s"	""	"2"	""	"*"	"2"		""	"L5951"	
"433.987161"	"433.987154"	"280"	""		"13175.113345"	"36210.7938"	"5f.6d.7s2"	"3G*"	"4"	""	""	"5"		""	"L5951"	
"433.99253"	"433.992562"	"28"	""		"12114.36618"	"35149.75961"	"5f.6d.7s2"	"1D*"	"2"	""	""	"2"		""	"L5951"	
"434.089530"	"434.089532"	"1500"	""		"8111.004545"	"31141.25221"	"6d2.7s2"	"1G"	"4"	""	"*"	"5"		""	"L18702"	
"434.20474"	"434.204758"	"80"	""		"13847.77037"	"36871.9066"	"6d3.(4F).7s"	"3F"	"2"	""	"*"	"2"		""	"L5951"	
"434.244417"	"434.244408"	"3800"	""		"8243.602091"	"31265.63604"	"5f.6d.7s2"	"3F*"	"2"	""	""	"3"		""	"L18702"	
"434.26755"	"434.267552"	"140"	""		"17959.89498"	"40980.7020"	"6d3.(4F).7s"	"3F"	"4"	""	"*"	"3"		""	"L5951"	
"434.29747"	"434.297451"	"50"	""		"15166.900593"	"38186.1228"	"6d2.7s.7p"	"5G*"	"3"	""	""	"4"		""	"L5951"	
"434.338168"	"434.338164"	"270"	""		"3865.473772"	"26882.5383"	"6d2.7s2"	"3P"	"1"	""	"*"	"0"		""	"L5951"	
"434.36767"	"434.367459"	"18"	""		"17411.224415"	"40426.7366"	"6d.7s2.7p"	"3D*"	"3"	""	""	"4"		""	"L12239"	
"434.46462"	"434.464669"	"40"	""		"18930.29333"	"41940.6560"	"6d2.7s.7p"	"3G*"	"3"	""	""	"4"		""	"L5951"	
"434.51874"	"434.518755"	"78"	""		"14465.221873"	"37472.7204"	"6d2.7s.7p"	"5G*"	"2"	""	""	"1"		""	"L5951"	
"434.563540"	"434.563531"	"250"	""		"16346.64962"	"39351.7776"	"5f.6d2.7s"	"5H*"	"4"	""	""	"5"		""	"L5951"	
"434.57022"	"434.570239"	"140"	""		"14206.91694"	"37211.6898"	"5f.6d.7s2"	"3F*"	"4"	""	""	"5"		""	"L5951"	
"434.585142"	"434.585149"	"590"	""		"10414.13700"	"33418.1206"	"5f.6d.7s2"	"1G*"	"4"	"6d4"	""	"4"		""	"L5951"	
"434.641315"	"434.641236"	"520"	""		"10526.544406"	"33527.55959"	"5f.6d.7s2"	"3G*"	"3"	""	""	"4"		""	"L5951"	
"434.643662"	"434.643664"	"2100"	""		"7280.123222"	"30281.0099"	"6d2.7s2"	""	"2"	""	"*"	"1"		""	"L18702"	
"434.76385"	"434.763849"	"160"	""		"10414.13700"	"33408.66553"	"5f.6d.7s2"	"1G*"	"4"	""	""	"3"		""	"L5951"	
"434.84032"	"434.840664"	"12"	""		"10783.15535"	"33773.6219"	"6d.7s2.7p"	"3F*"	"2"	""	""	"1"		""	"L3552"	
"434.84981"	"434.849942"	"16"	""		"11601.03035"	"34591.0064"	"6d3.(4P).7s"	"5P"	"1"	""	"*"	"1"		""	"L3552"	
"434.859819"	"434.859822"	"670"	""		"13847.77037"	"36837.2241"	"6d3.(4F).7s"	"3F"	"2"	""	"*"	"1"		""	"L5951"	
"434.86472"	"434.864720"	"27"	""		"17411.224415"	"40400.4192"	"6d.7s2.7p"	"3D*"	"3"	""	""	"2"		""	"L5951"	
"434.88280"	"434.883132"	"12"	""		"19039.153374"	"42027.3749"	"6d.7s2.7p"	"3P*"	"2"	"6d4"	"1D"	"2"		""	"L3552"	
"434.907214"	"434.907212"	"2700"	""		"4961.658832"	"27948.60753"	"6d2.7s2"	"3F"	"4"	""	"*"	"4"		""	"L18702"	
"434.93462"	"434.934611"	"55"	""		"13088.56115"	"36074.0618"	"6d3.(2G).7s"	"3G"	"3"	""	"*"	"3"		""	"L5951"	
"434.96296"	"434.962924"	"74"	""		"15618.98461"	"38602.9891"	"5f.6d2.7s"	"5H*"	"3"	""	""	"2"		""	"L5951"	
"435.00891"	"435.008919"	"17"	""		"17501.17592"	"40482.7503"	"5f.6d2.7s"	"5I*"	"5"	""	""	"5"		""	"L5951"	
"435.027168"	"435.027167"	"300"	""		"8800.249723"	"31780.86008"	"6d3.(4F).7s"	"5F"	"4"	""	"*"	"3"		""	"L5951"	
"435.07326"	"435.073283"	"15"	""		"18930.29333"	"41908.4679"	"6d2.7s.7p"	"3G*"	"3"	""	""	"3"		""	"L5951"	
"435.10184"	"435.101830"	"68"	""		"15863.88829"	"38840.5553"	"6d3.(2D2).7s"	""	"2"	""	"*"	"1"		""	"L5951"	
"435.11217"	"435.112155"	"24"	""		"17224.302340"	"40200.4241"	"6d2.7s.7p"	"5F*"	"2"	""	""	"3"		""	"L5951"	
"435.12719"	"435.127191"	"190"	""		"7280.123222"	"30255.45106"	"6d2.7s2"	""	"2"	""	"*"	"3"		""	"L5951"	
"435.13045"	"435.130389"	"16"	""		"16346.64962"	"39321.8086"	"5f.6d2.7s"	"5H*"	"4"	""	""	"3"		""	"L5951"	
"435.14642"	"435.146419"	"150"	""		"13088.56115"	"36062.8738"	"6d3.(2G).7s"	"3G"	"3"	""	"*"	"4"		""	"L5951"	
"435.15041"	"435.150380"	"62"	""		"17959.89498"	"40933.9985"	"6d3.(4F).7s"	"3F"	"4"	""	"*"	"3 or 4"		""	"L5951"	
"435.261213"	"435.261211"	"680"	""		"2558.056752"	"25526.31045"	"6d2.7s2"	"3P"	"0"	""	"*"	"1"		""	"L5951"	
"435.33137"	"435.331404"	"110"	""		"12847.96912"	"35812.5195"	"6d3.(4P).7s"	"5P"	"3"	""	"*"	"3"		""	"L5951"	
"435.344854"	"435.344858"	"2700"	""		"3687.987189"	"26651.82788"	"6d2.7s2"	""	"2"	""	"*"	"2"		""	"L18702"	
"435.36963"	"435.369564"	"41"	""		"15970.09583"	"38932.6334"	"6d3.(2D2).7s"	""	"3"	""	"*"	"2"		""	"L5951"	
"435.448240"	"435.448245"	"640"	""		"13175.113345"	"36133.5019"	"5f.6d.7s2"	"3G*"	"4"	""	""	"5"		""	"L5951"	
"435.46601"	"435.466367"	"19"	""		"16217.482038"	"39174.9152"	"6d.7s2.7p"	"1D*"	"2"	""	""	"3"		""	"L3552"	
"435.50124"	"435.501257"	"25"	""		"25336.49797"	"48292.0919"	""	"*"	"6"	""	""	"7"		""	"L5951"	
"435.604445"	"435.604443"	"300"	""		"5563.141519"	"28513.29787"	"6d3.(4F).7s"	"5F"	"1"	""	"*"	"2"		""	"L5951"	
"435.65481"	"435.65483"	"17"	""		"21890.13254"	"44837.6347"	""	"*"	"3"	""	""	"4"		""	"L5951"	
"435.68350"	"435.683657"	"11"	""		"18809.88631"	"41755.8700"	"6d2.7s.7p"	"5G*"	"4"	""	""	"4"		""	"L3552"	
"435.77715"	"435.777155"	"21"	""		"18069.065569"	"41010.1262"	"6d.7s2.7p"	"1F*"	"3"	""	""	"3"		""	"L5951"	
"435.79753"	"435.797573"	"35"	""		"13945.307389"	"36885.2932"	"6d.7s2.7p"	"3F*"	"3"	""	""	"4"		""	"L5951"	
"435.80795"	"435.807948"	"64"	""		"14465.221873"	"37404.6616"	"6d2.7s.7p"	"5G*"	"2"	""	""	"3"		""	"L5951"	
"435.831998"	"435.832002"	"1200"	""		"10783.15535"	"33721.32901"	"6d.7s2.7p"	"3F*"	"2"	""	""	"2"		""	"L18702"	
"435.937190"	"435.937187"	"1500"	""		"10526.544406"	"33459.18355"	"5f.6d.7s2"	"3G*"	"3"	"5f.6d.7s.7p"	"3H"	"4"		""	"L5951"	
"435.94061"	"435.940546"	"24"	""		"14226.82045"	"37159.2829"	"6d3.(2P).7s"	""	"0"	""	"*"	"1"		""	"L5951"	
"435.95578"	"435.955894"	"52"	""		"12114.36618"	"35046.0213"	"5f.6d.7s2"	"1D*"	"2"	""	"5F"	"1"		""	"L5951"	
"435.98379"	"435.983702"	"19"	""		"15166.900593"	"38097.0931"	"6d2.7s.7p"	"5G*"	"3"	""	""	"2"		""	"L5951"	
"436.016720"	"436.016719"	"380"	""		"7280.123222"	"30208.5794"	"6d2.7s2"	""	"2"	""	"*"	"2"		""	"L5951"	
"436.03715"	"436.03706"	"11"	""		"23916.89747"	"46844.284"	""	"*"	"4"	""	""	"5"		""	"L12239"	
"436.06821"	"436.068234"	"16"	""		"11241.73043"	"34167.4780"	"5f.6d.7s2"	"3F*"	"3"	""	""	"3"		""	"L5951"	
"436.07178"	"436.071789"	"150"	""		"17501.17592"	"40426.7366"	"5f.6d2.7s"	"5I*"	"5"	""	""	"4"		""	"L5951"	
"436.08251"	"436.083316"	"11"	""		"15863.88829"	"38788.8430"	"6d3.(2D2).7s"	""	"2"	""	"*"	"3"		""	"L3552"	
"436.09910"	"436.098980"	"19"	""		"14206.91694"	"37131.0482"	"5f.6d.7s2"	"3F*"	"4"	""	""	"3"		""	"L3552"	
"436.12010"	"436.120263"	"15"	""		"15493.21943"	"38416.2320"	"6d3.(2H).7s"	"3H"	"4"	""	"*"	"3"		""	"L3552"	
"436.13472"	"436.134777"	"15"	""		"15736.968041"	"38659.2178"	"6d2.7s.7p"	"5F*"	"1"	""	""	"2"		""	"L5951"	
"436.247207"	"436.247202"	"270"	""		"8800.249723"	"31716.59227"	"6d3.(4F).7s"	"5F"	"4"	""	"*"	"5"		""	"L5951"	
"436.27217"	"436.272163"	"49"	""		"13847.77037"	"36762.8018"	"6d3.(4F).7s"	"3F"	"2"	""	"*"	"3"		""	"L5951"	
"436.34334"	"436.343335"	"45"	""		"11877.839132"	"34789.1330"	"6d.7s2.7p"	"3D*"	"1"	""	""	"2"		""	"L5951"	
"436.34998"	"436.349990"	"29"	""		"15618.98461"	"38529.9290"	"5f.6d2.7s"	"5H*"	"3"	""	""	"3"		""	"L5951"	
"436.40400"	"436.404001"	"110"	""		"8111.004545"	"31019.11347"	"6d2.7s2"	"1G"	"4"	""	"*"	"4"		""	"L5951"	
"436.44619"	"436.446295"	"47"	""		"10783.15535"	"33689.0444"	"6d.7s2.7p"	"3F*"	"2"	""	""	"2"		""	"L5951"	
"436.45085"	"436.450848"	"69"	""		"16346.64962"	"39252.2997"	"5f.6d2.7s"	"5H*"	"4"	""	""	"5"		""	"L5951"	
"436.50198"	"436.501987"	"89"	""		"18809.88631"	"41712.8529"	"6d2.7s.7p"	"5G*"	"4"	""	""	"5"		""	"L5951"	
"436.53021"	"436.530324"	"14"	""		"11802.93238"	"34704.4123"	"6d3.(4P).7s"	"5P"	"2"	""	"*"	"3"		""	"L3552"	
"436.54748"	"436.547455"	"33"	""		"19713.03109"	"42613.6123"	"6d3.(2F).7s"	"3F"	"3"	""	"*"	"2"		""	"L5951"	
"436.593001"	"436.593000"	"3800"	""		"8243.602091"	"31141.79438"	"5f.6d.7s2"	"3F*"	"2"	"6d4"	"3D"	"3"		""	"L18702"	
"436.61256"	"436.612554"	"95"	""		"11877.839132"	"34775.0059"	"6d.7s2.7p"	"3D*"	"1"	""	""	"1"		""	"L5951"	
"436.68088"	"436.680859"	"23"	""		"18011.38030"	"40904.9656"	"5f.6d2.7s"	"5H*"	"5"	""	""	"5"		""	"L5951"	
"436.71131"	"436.711502"	"11"	""		"15493.21943"	"38385.1984"	"6d3.(2H).7s"	"3H"	"4"	""	"*"	"5"		""	"L3552"	
"436.71917"	"436.719186"	"29"	""		"10526.544406"	"33418.1206"	"5f.6d.7s2"	"3G*"	"3"	"6d4"	""	"4"		""	"L5951"	
"436.728618"	"436.7286120"	"330"	""		"4961.658832"	"27852.74095"	"6d2.7s2"	"3F"	"4"	""	"*"	"5"		""	"L5951"	
"436.741800"	"436.741803"	"420"	""		"6362.395980"	"29252.78674"	"6d3.(4F).7s"	"5F"	"2"	""	"*"	"2"		""	"L5951"	
"436.8271"	"436.827029"	"6"	""		"18699.62342"	"41585.5483"	"5f.7s2.7p"	"3F"	"2"	""	"*"	"2"		""	"L12239"	
"436.83544"	"436.835431"	"22"	""		"12847.96912"	"35733.4538"	"6d3.(4P).7s"	"5P"	"3"	""	"*"	"4"		""	"L5951"	
"436.89953"	"436.899645"	"52"	""		"10526.544406"	"33408.66553"	"5f.6d.7s2"	"3G*"	"3"	""	""	"3"		""	"L5951"	
"436.928567"	"436.928568"	"410"	""		"13297.43316"	"36178.0396"	"6d3.(2G).7s"	"3G"	"4"	""	"*"	"4"		""	"L5951"	
"436.94087"	"436.940830"	"39"	""		"18069.065569"	"40949.0299"	"6d.7s2.7p"	"1F*"	"3"	""	""	"3"		""	"L5951"	
"436.949470"	"436.949474"	"620"	""		"8111.004545"	"30990.51628"	"6d2.7s2"	"1G"	"4"	""	"*"	"3"		""	"L5951"	
"436.95570"	"436.955701"	"120"	""		"14247.30742"	"37126.4931"	"5f.6d.7s2"	"3P*"	"0"	""	""	"1"		""	"L5951"	
"436.96042"	"436.960424"	"160"	""		"14206.91694"	"37085.8553"	"5f.6d.7s2"	"3F*"	"4"	""	""	"4"		""	"L5951"	
"436.987567"	"436.9875636"	"2300"	""		"0.000000"	"22877.51748"	"6d2.7s2"	"3F"	"2"	""	"*"	"1"		""	"L18702"	
"437.00133"	"437.001237"	"16"	""		"18809.88631"	"41686.6880"	"6d2.7s.7p"	"5G*"	"4"	""	""	"3"		""	"L5951"	
"437.00706"	"437.007006"	"18"	""		"15490.077832"	"38366.5775"	"5f.6d.7s2"	"3G*"	"5"	"6d4"	""	"4"		""	"L5951"	
"437.02607"	"437.026061"	"30"	""		"20214.92997"	"43090.4322"	"6d2.7s.7p"	"5D*"	"3"	""	""	"4"		""	"L5951"	
"437.09824"	"437.098230"	"47"	""		"17398.39526"	"40270.1206"	"6d3.(4F).7s"	""	"3"	""	"*"	"4"		""	"L5951"	
"437.11397"	"437.113980"	"150"	""		"8800.249723"	"31671.1510"	"6d3.(4F).7s"	"5F"	"4"	""	"*"	"4"		""	"L5951"	
"437.13576"	"437.135756"	"53"	""		"17411.224415"	"40280.9864"	"6d.7s2.7p"	"3D*"	"3"	""	""	"3"		""	"L5951"	
"437.20670"	"437.207273"	"3"	""		"15736.968041"	"38602.9891"	"6d2.7s.7p"	"5F*"	"1"	""	""	"2"		""	"L3552"	
"437.26493"	"437.264969"	"38"	""		"13945.307389"	"36808.3114"	"6d.7s2.7p"	"3F*"	"3"	""	""	"3"		""	"L5951"	
"437.303893"	"437.303903"	"430"	""		"17959.89498"	"40820.8635"	"6d3.(4F).7s"	"3F"	"4"	""	"*"	"5"		""	"L5951"	
"437.31433"	"437.314318"	"100"	""		"17224.302340"	"40084.7264"	"6d2.7s.7p"	"5F*"	"2"	""	""	"3"		""	"L5951"	
"437.32079"	"437.320804"	"78"	""		"21077.152101"	"43937.2371"	"6d2.7s.7p"	"5F*"	"5"	""	""	"6"		""	"L5951"	
"437.34715"	"437.347474"	"13"	""		"20322.26571"	"43180.9567"	"5f.6d.7s2"	"1H*"	"5"	""	""	"5"		""	"L12239"	
"437.38817"	"437.388045"	"40"	""		"17398.39526"	"40254.9660"	"6d3.(4F).7s"	""	"3"	""	"*"	"3"		""	"L5951"	
"437.401191"	"437.401170"	"900"	""		"7795.275291"	"30651.16019"	"5f.6d.7s2"	"3H*"	"4"	"6d4"	""	"3"		""	"L5951"	
"437.412377"	"437.4123775"	"10000"	""		"0.000000"	"22855.29928"	"6d2.7s2"	"3F"	"2"	""	"*"	"3"		""	"L18702"	
"437.47099"	"437.471142"	"74"	""		"8243.602091"	"31095.8313"	"5f.6d.7s2"	"3F*"	"2"	"6d4"	"3D"	"2"		""	"L5951"	
"437.48800"	"437.488018"	"110"	""		"18053.617845"	"40904.9656"	"6d.7s2.7p"	"3F*"	"4"	""	""	"5"		""	"L5951"	
"437.54032"	"437.540304"	"20"	""		"18053.617845"	"40902.2349"	"6d.7s2.7p"	"3F*"	"4"	""	""	"3"		""	"L5951"	
"437.57800"	"437.577976"	"25"	""		"17411.224415"	"40257.8744"	"6d.7s2.7p"	"3D*"	"3"	""	""	"4"		""	"L5951"	
"437.584632"	"437.584605"	"220"	""		"11241.73043"	"34088.0343"	"5f.6d.7s2"	"3F*"	"3"	""	""	"2"		""	"L5951"	
"437.62588"	"437.625861"	"91"	""		"15970.09583"	"38814.2460"	"6d3.(2D2).7s"	""	"3"	""	"*"	"2"		""	"L5951"	
"437.66859"	"437.668592"	"31"	""		"14465.221873"	"37307.1417"	"6d2.7s.7p"	"5G*"	"2"	"6d4"	""	"3"		""	"L5951"	
"437.74925"	"437.749203"	"15"	""		"20867.97560"	"43705.6892"	"5f.6d2.7s"	"5I*"	"7"	""	""	"6 or 7"		""	"L5951"	
"437.76518"	"437.765189"	"70"	""		"14204.26476"	"37041.1444"	"6d3.(2G).7s"	""	"5"	""	"*"	"4"		""	"L5951"	
"437.79147"	"437.791446"	"55"	""		"6362.395980"	"29197.90600"	"6d3.(4F).7s"	"5F"	"2"	""	"*"	"2"		""	"L5951"	
"437.80260"	"437.802586"	"360"	""		"6362.395980"	"29197.32496"	"6d3.(4F).7s"	"5F"	"2"	""	"*"	"1"		""	"L3552"	
"437.817678"	"437.817679"	"6800"	""		"2869.259165"	"25703.40095"	"6d2.7s2"	"3F"	"3"	""	"*"	"2"		""	"L18702"	
"437.83631"	"437.836326"	"31"	""		"18069.065569"	"40902.2349"	"6d.7s2.7p"	"1F*"	"3"	""	""	"3"		""	"L5951"	
"437.90292"	"437.902910"	"23"	""		"18699.62342"	"41529.3210"	"5f.7s2.7p"	"3F"	"2"	""	"*"	"2"		""	"L5951"	
"437.98616"	"437.986171"	"49"	""		"15166.900593"	"37992.2583"	"6d2.7s.7p"	"5G*"	"3"	""	""	"4"		""	"L5951"	
"437.99647"	"437.996472"	"22"	""		"15618.98461"	"38443.8055"	"5f.6d2.7s"	"5H*"	"3"	""	""	"3"		""	"L5951"	
"438.028629"	"438.028639"	"510"	""		"10783.15535"	"33606.30012"	"6d.7s2.7p"	"3F*"	"2"	""	""	"2"		""	"L5951"	
"438.07188"	"438.071877"	"56"	""		"13847.77037"	"36668.6625"	"6d3.(4F).7s"	"3F"	"2"	""	"*"	"2"		""	"L5951"	
"438.08822"	"438.088217"	"26"	""		"3687.987189"	"26508.02820"	"6d2.7s2"	""	"2"	""	"*"	"3"		""	"L5951"	
"438.11300"	"438.113057"	"7"	""		"15970.09583"	"38788.8430"	"6d3.(2D2).7s"	""	"3"	""	"*"	"3"		""	"L3552"	
"438.22043"	"438.220423"	"78"	""		"15493.21943"	"38306.3760"	"6d3.(2H).7s"	"3H"	"4"	""	"*"	"4"		""	"L5951"	
"438.23861"	"438.238604"	"39"	""		"19948.395175"	"42760.6053"	"6d2.7s.7p"	"5F*"	"4"	""	""	"5"		""	"L5951"	
"438.25261"	"438.252967"	"10"	""		"15863.88829"	"38675.3508"	"6d3.(2D2).7s"	""	"2"	""	"*"	"3"		""	"L3552"	
"438.289334"	"438.289344"	"210"	""		"5563.141519"	"28372.71076"	"6d3.(4F).7s"	"5F"	"1"	""	"*"	"1"		""	"L5951"	
"438.36021"	"438.360239"	"52"	""		"15863.88829"	"38669.7687"	"6d3.(2D2).7s"	""	"2"	""	"*"	"2"		""	"L5951"	
"438.38698"	"438.386977"	"140"	""		"14204.26476"	"37008.7542"	"6d3.(2G).7s"	""	"5"	""	"*"	"5"		""	"L5951"	
"438.40192"	"438.401898"	"53"	""		"21903.40831"	"44707.1216"	"5f.6d2.7s"	"5H*"	"7"	""	""	"6"		""	"L5951"	
"438.46032"	"438.460248"	"100"	""		"17224.302340"	"40024.9810"	"6d2.7s.7p"	"5F*"	"2"	""	""	"2"		""	"L5951"	
"438.465599"	"438.465597"	"740"	""		"10414.13700"	"33214.53748"	"5f.6d.7s2"	"1G*"	"4"	"5f.6d.7s.7p"	"3I"	"5"		""	"L5951"	
"438.52488"	"438.524843"	"18"	""		"13088.56115"	"35885.8813"	"6d3.(2G).7s"	"3G"	"3"	""	"*"	"2"		""	"L5951"	
"438.57535"	"438.575350"	"110"	""		"6362.395980"	"29157.0908"	"6d3.(4F).7s"	"5F"	"2"	""	"*"	"1"		""	"L5951"	
"438.61372"	"438.613780"	"15"	""		"16217.482038"	"39010.1797"	"6d.7s2.7p"	"1D*"	"2"	""	""	"3"		""	"L5951"	
"438.62722"	"438.627229"	"73"	""		"18069.065569"	"40861.0644"	"6d.7s2.7p"	"1F*"	"3"	""	""	"4"		""	"L5951"	
"438.70276"	"438.702775"	"130"	""		"11802.93238"	"34591.0064"	"6d3.(4P).7s"	"5P"	"2"	""	"*"	"1"		""	"L5951"	
"438.70614"	"438.706149"	"35"	""		"19986.16721"	"42774.0660"	"5f.6d2.7s"	"5H*"	"6"	""	""	"6"		""	"L5951"	
"438.773414"	"438.773408"	"770"	""		"5563.141519"	"28347.54723"	"6d3.(4F).7s"	"5F"	"1"	""	"*"	"2"		""	"L5951"	
"438.81014"	"438.810141"	"150"	""		"10526.544406"	"33309.04285"	"5f.6d.7s2"	"3G*"	"3"	""	""	"2"		""	"L5951"	
"438.85411"	"438.854000"	"3"	""		"21077.152101"	"43857.3737"	"6d2.7s.7p"	"5F*"	"5"	""	""	"5"		""	"L3552"	
"438.85690"	"438.856907"	"37"	""		"11802.93238"	"34583.0031"	"6d3.(4P).7s"	"5P"	"2"	""	"*"	"3"		""	"L3552"	
"438.86609"	"438.866104"	"26"	""		"22399.39666"	"45178.9900"	"5f.6d2.7s"	"3I*"	"5"	""	""	"6"		""	"L5951"	
"438.89680"	"438.896804"	"170"	""		"18011.38030"	"40789.3803"	"5f.6d2.7s"	"5H*"	"5"	""	""	"5"		""	"L5951"	
"438.92340"	"438.923230"	"29"	""		"13297.43316"	"36074.0618"	"6d3.(2G).7s"	"3G"	"4"	""	"*"	"3"		""	"L3552"	
"438.93080"	"438.930988"	"11"	""		"14032.085336"	"36808.3114"	"6d.7s2.7p"	"3D*"	"2"	""	""	"3"		""	"L3552"	
"438.96543"	"438.965448"	"26"	""		"19986.16721"	"42760.6053"	"5f.6d2.7s"	"5H*"	"6"	""	""	"5"		""	"L5951"	
"438.96845"	"438.968463"	"42"	""		"19588.36224"	"42362.6439"	"6d2.7s.7p"	"5G*"	"5"	""	""	"4"		""	"L5951"	
"439.01769"	"439.017684"	"32"	""		"15490.077832"	"38261.8062"	"5f.6d.7s2"	"3G*"	"5"	""	""	"5"		""	"L5951"	
"439.06131"	"439.061200"	"57"	""		"19516.98043"	"42286.4519"	"6d2.7s.7p"	"5D*"	"2"	""	""	"3"		""	"L3552"	
"439.08634"	"439.086365"	"15"	""		"20322.26571"	"43090.4322"	"5f.6d.7s2"	"1H*"	"5"	""	""	"4"		""	"L5951"	
"439.138928"	"439.138941"	"290"	""		"13297.43316"	"36062.8738"	"6d3.(2G).7s"	"3G"	"4"	""	"*"	"4"		""	"L5951"	
"439.15296"	"439.152977"	"220"	""		"17959.89498"	"40724.6080"	"6d3.(4F).7s"	"3F"	"4"	""	"*"	"5"		""	"L5951"	
"439.24641"	"439.246412"	"75"	""		"21903.40831"	"44663.2790"	"5f.6d2.7s"	"5H*"	"7"	""	""	"6 or 7"		""	"L5951"	
"439.24967"	"439.249646"	"49"	""		"12114.36618"	"34874.0693"	"5f.6d.7s2"	"1D*"	"2"	""	""	"3"		""	"L5951"	
"439.297395"	"439.297394"	"1800"	""		"7795.275291"	"30552.50463"	"5f.6d.7s2"	"3H*"	"4"	""	""	"4"		""	"L18702"	
"439.31310"	"439.313507"	"15"	""		"18930.29333"	"41686.6880"	"6d2.7s.7p"	"3G*"	"3"	""	""	"3"		""	"L3552"	
"439.375895"	"439.375897"	"670"	""		"7502.287636"	"30255.45106"	"6d3.(4F).7s"	"5F"	"3"	""	"*"	"3"		""	"L5951"	
"439.44377"	"439.443774"	"62"	""		"16346.64962"	"39096.2986"	"5f.6d2.7s"	"5H*"	"4"	""	""	"4"		""	"L5951"	
"439.48355"	"439.483495"	"60"	""		"15618.98461"	"38366.5775"	"5f.6d2.7s"	"5H*"	"3"	"6d4"	""	"4"		""	"L5951"	
"439.56740"	"439.566962"	"37"	""		"14032.085336"	"36775.3589"	"6d.7s2.7p"	"3D*"	"2"	""	""	"3"		""	"L3552"	
"439.61393"	"439.613944"	"150"	""		"17166.10472"	"39906.9477"	"6d3.(2H).7s"	"3H"	"5"	""	"*"	"4"		""	"L5951"	
"439.70097"	"439.700956"	"130"	""		"16783.84708"	"39520.1900"	"5f.6d2.7s"	"5I*"	"4"	""	""	"4"		""	"L5951"	
"439.71024"	"439.710257"	"21"	""		"17501.17592"	"40237.0379"	"5f.6d2.7s"	"5I*"	"5"	""	""	"5"		""	"L5951"	
"439.71215"	"439.712182"	"25*"	""		"18053.617845"	"40789.3803"	"6d.7s2.7p"	"3F*"	"4"	""	""	"5"		""	"L5951"	
"439.82240"	"439.822401"	"38"	""		"17847.07751"	"40577.1425"	"5f.6d.7s2"	"3P*"	"2"	""	""	"3"		""	"L5951"	
"439.82714"	"439.827139"	"33"	""		"14481.86965"	"37211.6898"	"5f.6d.7s2"	"3H*"	"6"	""	""	"5"		""	"L5951"	
"439.90255"	"439.902540"	"55"	""		"15166.900593"	"37892.8248"	"6d2.7s.7p"	"5G*"	"3"	"5f.6d2.7p "	"5I"	"4"		""	"L5951"	
"439.94060"	"439.940597"	"120"	""		"13088.56115"	"35812.5195"	"6d3.(2G).7s"	"3G"	"3"	""	"*"	"3"		""	"L5951"	
"439.94624"	"439.945903"	"16"	""		"8800.249723"	"31523.9340"	"6d3.(4F).7s"	"5F"	"4"	""	"*"	"3"		""	"L12239"	
"439.95830"	"439.958121"	"30"	""		"11601.03035"	"34324.0836"	"6d3.(4P).7s"	"5P"	"1"	""	"*"	"2"		""	"L3552"	
"439.996877"	"439.996876"	"720"	""		"8243.602091"	"30964.65395"	"5f.6d.7s2"	"3F*"	"2"	""	""	"3"		""	"L18702"	
"440.11516"	"440.115144"	"56"	""		"19227.33665"	"41942.2830"	"5f.6d2.7s"	"5I*"	"6"	""	""	"5"		""	"L5951"	
"440.158110"	"440.158112"	"2500"	""		"7795.275291"	"30508.00424"	"5f.6d.7s2"	"3H*"	"4"	""	""	"5"		""	"L18702"	
"440.17218"	"440.172161"	"38"	""		"19227.33665"	"41939.3407"	"5f.6d2.7s"	"5I*"	"6"	""	""	"5"		""	"L5951"	
"440.224516"	"440.224517"	"350"	""		"4961.658832"	"27670.96178"	"6d2.7s2"	"3F"	"4"	""	"*"	"3"		""	"L5951"	
"440.23035"	"440.230348"	"35"	""		"13847.77037"	"36556.7725"	"6d3.(4F).7s"	"3F"	"2"	""	"*"	"1"		""	"L12239"	
"440.24465"	"440.244701"	"53"	""		"13945.307389"	"36653.5692"	"6d.7s2.7p"	"3F*"	"3"	""	""	"2"		""	"L5951"	
"440.26000"	"440.260006"	"150"	""		"17166.10472"	"39873.5771"	"6d3.(2H).7s"	"3H"	"5"	""	"*"	"5"		""	"L5951"	
"440.28307"	"440.282898"	"34"	""		"7502.287636"	"30208.5794"	"6d3.(4F).7s"	"5F"	"3"	""	"*"	"2"		""	"L5951"	
"440.292704"	"440.292705"	"5200"	""		"2869.259165"	"25575.04516"	"6d2.7s2"	"3F"	"3"	""	"*"	"4"		""	"L18702"	
"440.34237"	"440.342392"	"34"	""		"18431.686609"	"41134.9106"	"5f.7s2.7p"	"3G"	"3"	""	"*"	"4"		""	"L5951"	
"440.37139"	"440.371386"	"57"	""		"17398.39526"	"40100.1245"	"6d3.(4F).7s"	""	"3"	""	"*"	"3"		""	"L5951"	
"440.41128"	"440.411280"	"230"	""		"15970.09583"	"38669.7687"	"6d3.(2D2).7s"	""	"3"	""	"*"	"2"		""	"L5951"	
"440.42037"	"440.420353"	"50"	""		"18930.29333"	"41629.4986"	"6d2.7s.7p"	"3G*"	"3"	""	""	"2"		""	"L5951"	
"440.44741"	"440.446974"	"3"	""		"17398.39526"	"40096.2286"	"6d3.(4F).7s"	""	"3"	""	"*"	"2"		""	"L3552"	
"440.58484"	"440.584835"	"15"	""		"18809.88631"	"41500.6175"	"6d2.7s.7p"	"5G*"	"4"	""	""	"3"		""	"L5951"	
"440.59973"	"440.599719"	"19"	""		"18011.38030"	"40701.3450"	"5f.6d2.7s"	"5H*"	"5"	""	""	"4"		""	"L5951"	
"440.69076"	"440.690780"	"74"	""		"10414.13700"	"33099.41329"	"5f.6d.7s2"	"1G*"	"4"	""	""	"3"		""	"L5951"	
"440.82510"	"440.824865"	"74"	""		"14206.91694"	"36885.2932"	"5f.6d.7s2"	"3F*"	"4"	""	""	"4"		""	"L3552"	
"440.848221"	"440.848263"	"520"	""		"8111.004545"	"30788.17715"	"6d2.7s2"	"1G"	"4"	""	"*"	"5"		""	"L5951"	
"440.85640"	"440.856366"	"27"	""		"20214.92997"	"42891.6858"	"6d2.7s.7p"	"5D*"	"3"	""	""	"4"		""	"L5951"	
"440.888275"	"440.8882759"	"10000"	""		"3687.987189"	"26363.10178"	"6d2.7s2"	""	"2"	""	"*"	"2"		""	"L18702"	
"440.89485"	"440.895038"	"120bl"	""		"12114.36618"	"34789.1330"	"5f.6d.7s2"	"1D*"	"2"	""	""	"2"		""	"L5951"	
"440.97176"	"440.971790"	"25"	""		"20322.26571"	"42993.0860"	"5f.6d.7s2"	"1H*"	"5"	""	""	"6"		""	"L5951"	
"440.98990"	"440.9899025"	"230"	""		"0.000000"	"22669.88918"	"6d2.7s2"	"3F"	"2"	""	"*"	"3"		""	"L5951"	
"441.11363"	"441.113641"	"46"	""		"16346.64962"	"39010.1797"	"5f.6d2.7s"	"5H*"	"4"	""	""	"3"		""	"L5951"	
"441.15764"	"441.157611"	"54"	""		"14465.221873"	"37126.4931"	"6d2.7s.7p"	"5G*"	"2"	""	""	"1"		""	"L5951"	
"441.22701"	"441.226823"	"92"	""		"7502.287636"	"30160.00425"	"6d3.(4F).7s"	"5F"	"3"	""	"*"	"4"		""	"L3552"	
"441.256842"	"441.256833"	"560"	""		"13175.113345"	"35831.2890"	"5f.6d.7s2"	"3G*"	"4"	""	""	"3"		""	"L5951"	
"441.33391"	"441.333897"	"30"	""		"15166.900593"	"37819.1202"	"6d2.7s.7p"	"5G*"	"3"	""	""	"4"		""	"L5951"	
"441.35891"	"441.35816"	"3"	""		"18549.40528"	"41200.3797"	"6d3.(4P).7s"	""	"2"	""	"*"	"2"		""	"L3552"	
"441.36324"	"441.363243"	"210"	""		"8111.004545"	"30761.71803"	"6d2.7s2"	"1G"	"4"	""	"*"	"3"		""	"L5951"	
"441.41421"	"441.414051"	"55"	""		"18930.29333"	"41578.3997"	"6d2.7s.7p"	"3G*"	"3"	""	""	"2"		""	"L3552"	
"441.42142"	"441.421442"	"69"	""		"18053.617845"	"40701.3450"	"6d.7s2.7p"	"3F*"	"4"	""	""	"4"		""	"L5951"	
"441.448629"	"441.448633"	"2100"	""		"8243.602091"	"30889.93430"	"5f.6d.7s2"	"3F*"	"2"	""	""	"1"		""	"L18702"	
"441.47670"	"441.476697"	"160"	""		"13088.56115"	"35733.4538"	"6d3.(2G).7s"	"3G"	"3"	""	"*"	"4"		""	"L5951"	
"441.684475"	"441.684477"	"1000"	""		"9804.806547"	"32439.0466"	"6d3.(4F).7s"	"5F"	"5"	""	"*"	"4"		""	"L18702"	
"441.69470"	"441.694682"	"24"	""		"14204.26476"	"36837.9819"	"6d3.(2G).7s"	""	"5"	""	"*"	"5"		""	"L12239"	
"441.72222"	"441.722741"	"29"	""		"18069.065569"	"40701.3450"	"6d.7s2.7p"	"1F*"	"3"	""	""	"4"		""	"L12239"	
"441.75242"	"441.752473"	"31"	""		"13945.307389"	"36576.0636"	"6d.7s2.7p"	"3F*"	"3"	""	""	"4"		""	"L5951"	
"441.79953"	"441.799525"	"31"	""		"18069.065569"	"40697.4116"	"6d.7s2.7p"	"1F*"	"3"	""	""	"2 or 3"		""	"L5951"	
"441.82011"	"441.820107"	"56"	""		"11802.93238"	"34430.2243"	"6d3.(4P).7s"	"5P"	"2"	""	"*"	"3"		""	"L3552"	
"441.84157"	"441.841562"	"120"	""		"18011.38030"	"40637.5735"	"5f.6d2.7s"	"5H*"	"5"	""	""	"6"		""	"L5951"	
"441.85496"	"441.854901"	"22"	""		"10783.15535"	"33408.66553"	"6d.7s2.7p"	"3F*"	"2"	""	""	"3"		""	"L5951"	
"441.97692"	"441.976929"	"150"	""		"13175.113345"	"35794.3768"	"5f.6d.7s2"	"3G*"	"4"	"6d4"	"3F1"	"4"		""	"L5951"	
"442.01123"	"442.011197"	"110"	""		"15166.900593"	"37784.4105"	"6d2.7s.7p"	"5G*"	"3"	""	""	"2"		""	"L5951"	
"442.025708"	"442.025715"	"370"	""		"15490.077832"	"38106.8449"	"5f.6d.7s2"	"3G*"	"5"	""	""	"5"		""	"L5951"	
"442.07319"	"442.073294"	"36"	""		"20566.62381"	"43180.9567"	"6d2.7s.7p"	"5D*"	"4"	""	""	"5"		""	"L5951"	
"442.078136"	"442.078133"	"430"	""		"12847.96912"	"35462.0545"	"6d3.(4P).7s"	"5P"	"3"	""	"*"	"3"		""	"L5951"	
"442.08080"	"442.080853"	"69"	""		"19227.33665"	"41841.2829"	"5f.6d2.7s"	"5I*"	"6"	""	""	"6"		""	"L5951"	
"442.08450"	"442.084561"	"49"	""		"17411.224415"	"40024.9810"	"6d.7s2.7p"	"3D*"	"3"	""	""	"2"		""	"L5951"	
"442.09262"	"442.092630"	"60"	""		"17224.302340"	"39837.6462"	"6d2.7s.7p"	"5F*"	"2"	""	""	"3"		""	"L5951"	
"442.11574"	"442.115687"	"21"	""		"19039.153374"	"41651.3179"	"6d.7s2.7p"	"3P*"	"2"	""	""	"3"		""	"L5951"	
"442.154385"	"442.154271"	"490bl"	""		"15970.09583"	"38580.2872"	"6d3.(2D2).7s"	""	"3"	""	"*"	"4"		""	"L5951"	
"442.15812"	"442.158202"	"47"	""		"17354.638583"	"39964.6289"	"5f.6d.7s2"	"3D*"	"1"	""	""	"2"		""	"L5951"	
"442.204792"	"442.204791"	"920"	""		"10783.15535"	"33390.76362"	"6d.7s2.7p"	"3F*"	"2"	""	""	"1"		""	"L18702"	
"442.28871"	"442.288716"	"180"	""		"15863.88829"	"38467.2068"	"6d3.(2D2).7s"	""	"2"	""	"*"	"2"		""	"L5951"	
"442.32632"	"442.326369"	"100"	""		"14206.91694"	"36808.3114"	"5f.6d.7s2"	"3F*"	"4"	""	""	"3"		""	"L5951"	
"442.35279"	"442.352806"	"62"	""		"15618.98461"	"38219.0283"	"5f.6d2.7s"	"5H*"	"3"	"6d4"	""	"2"		""	"L5951"	
"442.372022"	"442.372018"	"670"	""		"3687.987189"	"26287.04940"	"6d2.7s2"	""	"2"	"6d2.7s.7p"	"3D*"	"1"		""	"L5951"	
"442.42432"	"442.424332"	"60"	""		"14204.26476"	"36800.6548"	"6d3.(2G).7s"	""	"5"	""	"*"	"4"		""	"L5951"	
"442.45394"	"442.453937"	"50"	""		"18053.617845"	"40648.4960"	"6d.7s2.7p"	"3F*"	"4"	""	""	"4"		""	"L5951"	
"442.46610"	"442.466187"	"15"	""		"13962.51989"	"36556.7725"	"6d3.(2D2).7s"	""	"1"	""	"*"	"1"		""	"L3552"	
"442.483725"	"442.483728"	"540"	""		"12114.36618"	"34707.7231"	"5f.6d.7s2"	"1D*"	"2"	""	""	"3"		""	"L5951"	
"442.48972"	"442.489727"	"29"	""		"19503.143490"	"42096.1941"	"6d2.7s.7p"	"5F*"	"3"	""	""	"3"		""	"L5951"	
"442.60189"	"442.601953"	"3"	""		"17398.39526"	"39985.7173"	"6d3.(4F).7s"	""	"3"	""	"*"	"3"		""	"L3552"	
"442.72311"	"442.723136"	"73"	""		"15166.900593"	"37748.0401"	"6d2.7s.7p"	"5G*"	"3"	""	""	"2"		""	"L5951"	
"442.75285"	"442.752860"	"73"	""		"13847.77037"	"36427.3939"	"6d3.(4F).7s"	"3F"	"2"	""	"*"	"3"		""	"L5951"	
"442.75664"	"442.756647"	"33"	""		"18069.065569"	"40648.4960"	"6d.7s2.7p"	"1F*"	"3"	""	""	"4"		""	"L5951"	
"442.855359"	"442.855381"	"320"	""		"14206.91694"	"36781.3134"	"5f.6d.7s2"	"3F*"	"4"	""	""	"5"		""	"L5951"	
"442.87442"	"442.8744133"	"160"	""		"2869.259165"	"25442.68552"	"6d2.7s2"	"3F"	"3"	""	"*"	"3"		""	"L5951"	
"442.88280"	"442.882368"	"19"	""		"7280.123222"	"29853.14415"	"6d2.7s2"	""	"2"	""	"*"	"2"		""	"L3552"	
"442.888329"	"442.888345"	"270"	""		"17501.17592"	"40073.8922"	"5f.6d2.7s"	"5I*"	"5"	""	""	"5"		""	"L5951"	
"442.93530"	"442.935285"	"44"	""		"18930.29333"	"41500.6175"	"6d2.7s.7p"	"3G*"	"3"	""	""	"3"		""	"L5951"	
"442.95442"	"442.954390"	"24"	""		"20054.77119"	"42624.1219"	"6d3.(2F).7s"	"3F"	"2"	""	"*"	"1"		""	"L5951"	
"442.96348"	"442.963389"	"220"	""		"11802.93238"	"34371.8246"	"6d3.(4P).7s"	"5P"	"2"	""	"*"	"2"		""	"L5951"	
"442.97221"	"442.972227"	"31"	""		"14206.91694"	"36775.3589"	"5f.6d.7s2"	"3F*"	"4"	""	""	"3"		""	"L3552"	
"442.98227"	"442.982266"	"210"	""		"16783.84708"	"39351.7776"	"5f.6d2.7s"	"5I*"	"4"	""	""	"5"		""	"L5951"	
"442.99782"	"442.997819"	"64"	""		"15618.98461"	"38186.1228"	"5f.6d2.7s"	"5H*"	"3"	""	""	"4"		""	"L5951"	
"443.01429"	"443.014251"	"80"	""		"17073.80916"	"39640.1103"	"6d3.(4P).7s"	""	"1"	""	"*"	"2"		""	"L5951"	
"443.14147"	"443.141483"	"60"	""		"15493.21943"	"38053.0416"	"6d3.(2H).7s"	"3H"	"4"	""	"*"	"3"		""	"L5951"	
"443.16074"	"443.160755"	"17"	""		"20054.77119"	"42613.6123"	"6d3.(2F).7s"	"3F"	"2"	""	"*"	"2"		""	"L5951"	
"443.225206"	"443.225227"	"940"	""		"6362.395980"	"28917.95572"	"6d3.(4F).7s"	"5F"	"2"	""	"*"	"2"		""	"L18702"	
"443.26926"	"443.268818"	"25"	""		"17847.07751"	"40400.4192"	"5f.6d.7s2"	"3P*"	"2"	""	""	"2"		""	"L12239"	
"443.30451"	"443.304401"	"18"	""		"18809.88631"	"41361.4177"	"6d2.7s.7p"	"5G*"	"4"	"5f.6d2.7p "	"5H"	"3"		""	"L5951"	
"443.349068"	"443.349066"	"490"	""		"10414.13700"	"32963.39652"	"5f.6d.7s2"	"1G*"	"4"	""	""	"5"		""	"L5951"	
"443.40751"	"443.407577"	"150"	""		"18809.88631"	"41356.1703"	"6d2.7s.7p"	"5G*"	"4"	""	""	"5"		""	"L5951"	
"443.52944"	"443.529453"	"55"	""		"13945.307389"	"36485.3961"	"6d.7s2.7p"	"3F*"	"3"	""	""	"2"		""	"L5951"	
"443.57050"	"443.571315"	"15"	""		"16783.84708"	"39321.8086"	"5f.6d2.7s"	"5I*"	"4"	""	""	"3"		""	"L3552"	
"443.69960"	"443.699610"	"210"	""		"17959.89498"	"40491.3398"	"6d3.(4F).7s"	"3F"	"4"	""	"*"	"3"		""	"L5951"	
"443.74448"	"443.744487"	"140"	""		"18053.617845"	"40582.7840"	"6d.7s2.7p"	"3F*"	"4"	""	""	"5"		""	"L5951"	
"443.79202"	"443.792038"	"33"	""		"15618.98461"	"38145.7369"	"5f.6d2.7s"	"5H*"	"3"	""	""	"3"		""	"L5951"	
"443.80906"	"443.809076"	"140"	""		"10783.15535"	"33309.04285"	"6d.7s2.7p"	"3F*"	"2"	""	""	"2"		""	"L5951"	
"443.83007"	"443.830070"	"22"	""		"19713.03109"	"42237.8531"	"6d3.(2F).7s"	"3F"	"3"	""	"*"	"3"		""	"L5951"	
"443.85562"	"443.855635"	"43"	""		"18053.617845"	"40577.1425"	"6d.7s2.7p"	"3F*"	"4"	""	""	"3"		""	"L5951"	
"443.874640"	"443.874629"	"790"	""		"6362.395980"	"28884.95681"	"6d3.(4F).7s"	"5F"	"2"	""	"*"	"3"		""	"L5951"	
"443.90001"	"443.899401"	"31"	""		"15166.900593"	"37688.2046"	"6d2.7s.7p"	"5G*"	"3"	""	""	"3"		""	"L3552"	
"443.98569"	"443.985695"	"55"	""		"16217.482038"	"38734.4088"	"6d.7s2.7p"	"1D*"	"2"	""	""	"3"		""	"L5951"	
"444.027436"	"444.027455"	"670"	""		"7502.287636"	"30017.09677"	"6d3.(4F).7s"	"5F"	"3"	""	"*"	"3"		""	"L5951"	
"444.035346"	"444.035332"	"1000"	""		"8243.602091"	"30758.01183"	"5f.6d.7s2"	"3F*"	"2"	""	""	"2"		""	"L18702"	
"444.04941"	"444.049529"	"19"	""		"13847.77037"	"36361.4603"	"6d3.(4F).7s"	"3F"	"2"	""	"*"	"1"		""	"L5951"	
"444.11490"	"444.11454"	"58"	""		"19516.98043"	"42027.3749"	"6d2.7s.7p"	"5D*"	"2"	"6d4"	"1D"	"2"		""	"L3552"	
"444.11948"	"444.119478"	"23"	""		"11601.03035"	"34111.1744"	"6d3.(4P).7s"	"5P"	"1"	""	"*"	"1"		""	"L5951"	
"444.15091"	"444.150883"	"40"	""		"17398.39526"	"39906.9477"	"6d3.(4F).7s"	""	"3"	""	"*"	"4"		""	"L5951"	
"444.160841"	"444.1608654"	"340"	""		"0.000000"	"22508.04658"	"6d2.7s2"	"3F"	"2"	"6d2.7s.7p"	"5P*"	"2"		""	"L5951"	
"444.16589"	"444.165896"	"72"	""		"16554.24283"	"39062.0345"	"6d3.(2H).7s"	"3H"	"6"	""	"*"	"5"		""	"L5951"	
"444.25139"	"444.251217"	"23"	""		"12847.96912"	"35351.4381"	"6d3.(4P).7s"	"5P"	"3"	""	"*"	"4"		""	"L12239"	
"444.27408"	"444.274061"	"28"	""		"18431.686609"	"40933.9985"	"5f.7s2.7p"	"3G"	"3"	""	"*"	"3 or 4"		""	"L5951"	
"444.32013"	"444.320134"	"23"	""		"16783.84708"	"39283.8257"	"5f.6d2.7s"	"5I*"	"4"	""	""	"4"		""	"L5951"	
"444.34900"	"444.349002"	"58"	""		"21903.40831"	"44401.9252"	"5f.6d2.7s"	"5H*"	"7"	""	""	"6 or 7"		""	"L5951"	
"444.366564"	"444.366558"	"550"	""		"3865.473772"	"26363.10178"	"6d2.7s2"	"3P"	"1"	""	"*"	"2"		""	"L5951"	
"444.37675"	"444.376771"	"130"	""		"15970.09583"	"38467.2068"	"6d3.(2D2).7s"	""	"3"	""	"*"	"2"		""	"L5951"	
"444.39401"	"444.394034"	"55"	""		"17501.17592"	"39997.4130"	"5f.6d2.7s"	"5I*"	"5"	""	""	"6"		""	"L5951"	
"444.503383"	"444.503375"	"630"	""		"10783.15535"	"33273.8588"	"6d.7s2.7p"	"3F*"	"2"	""	""	"1"		""	"L5951"	
"444.528800"	"444.528803"	"300"	""		"17398.39526"	"39887.8122"	"6d3.(4F).7s"	""	"3"	""	"*"	"2"		""	"L5951"	
"444.531571"	"444.531574"	"590"	""		"9804.806547"	"32294.0833"	"6d3.(4F).7s"	"5F"	"5"	""	"*"	"4"		""	"L5951"	
"444.54464"	"444.544629"	"20"	""		"16351.93901"	"38840.5553"	"6d2.7s2"	""	"0"	""	"*"	"1"		""	"L5951"	
"444.590112"	"444.590113"	"3100"	""		"2869.259165"	"25355.57481"	"6d2.7s2"	"3F"	"3"	""	"*"	"4"		""	"L18702"	
"444.64154"	"444.641406"	"24"	""		"19503.143490"	"41986.8652"	"6d2.7s.7p"	"5F*"	"3"	""	""	"4"		""	"L5951"	
"444.64496"	"444.645009"	"160"	""		"13945.307389"	"36428.8469"	"6d.7s2.7p"	"3F*"	"3"	""	""	"2"		""	"L5951"	
"444.65835"	"444.658362"	"230"	""		"8800.249723"	"31283.11407"	"6d3.(4F).7s"	"5F"	"4"	""	"*"	"3"		""	"L5951"	
"444.67425"	"444.674266"	"36"	""		"15736.968041"	"38219.0283"	"6d2.7s.7p"	"5F*"	"1"	"6d4"	""	"2"		""	"L5951"	
"444.72296"	"444.722962"	"230"	""		"11241.73043"	"33721.32901"	"5f.6d.7s2"	"3F*"	"3"	""	""	"2"		""	"L5951"	
"444.77832"	"444.778199"	"54"	""		"21902.26981"	"44379.0767"	"5f.6d2.7s"	"3H*"	"4"	""	""	"5"		""	"L5951"	
"444.80307"	"444.803082"	"33"	""		"18809.88631"	"41285.4358"	"6d2.7s.7p"	"5G*"	"4"	""	""	"3"		""	"L5951"	
"444.89221"	"444.892212"	"21"	""		"19532.41646"	"42003.4633"	"6d3.(2F).7s"	"3F"	"4"	""	"*"	"3"		""	"L5951"	
"444.94355"	"444.943580"	"24"	""		"16783.84708"	"39252.2997"	"5f.6d2.7s"	"5I*"	"4"	""	""	"5"		""	"L5951"	
"445.00660"	"445.006342"	"7"	""		"17959.89498"	"40425.1788"	"6d3.(4F).7s"	"3F"	"4"	""	"*"	"4"		""	"L3552"	
"445.02381"	"445.023915"	"18"	""		"7280.123222"	"29744.51997"	"6d2.7s2"	""	"2"	""	"*"	"3"		""	"L3552"	
"445.07647"	"445.076448"	"170"	""		"15493.21943"	"37954.9647"	"6d3.(2H).7s"	"3H"	"4"	""	"*"	"3"		""	"L5951"	
"445.080397"	"445.080396"	"490"	""		"5563.141519"	"28024.68756"	"6d3.(4F).7s"	"5F"	"1"	""	"*"	"1"		""	"L5951"	
"445.12673"	"445.126751"	"72"	""		"22399.39666"	"44858.6036"	"5f.6d2.7s"	"3I*"	"5"	""	""	"6"		""	"L5951"	
"445.13597"	"445.135965"	"240"	""		"13175.113345"	"35633.8554"	"5f.6d.7s2"	"3G*"	"4"	""	""	"4"		""	"L5951"	
"445.17396"	"445.173960"	"68"	""		"15493.21943"	"37950.0447"	"6d3.(2H).7s"	"3H"	"4"	""	"*"	"4"		""	"L5951"	
"445.18711"	"445.187225"	"3"	""		"17224.302340"	"39680.4585"	"6d2.7s.7p"	"5F*"	"2"	""	""	"2"		""	"L3552"	
"445.24364"	"445.243642"	"99"	""		"14032.085336"	"36485.3961"	"6d.7s2.7p"	"3D*"	"2"	""	""	"2"		""	"L5951"	
"445.256547"	"445.256547"	"2900"	""		"2869.259165"	"25321.91918"	"6d2.7s2"	"3F"	"3"	""	"*"	"3"		""	"L18702"	
"445.31907"	"445.31902"	"44*"	""		"18549.40528"	"40998.9153"	"6d3.(4P).7s"	""	"2"	""	"*"	"1"		""	"L5951"	
"445.31907"	"445.319095"	"44*"	""		"17354.638583"	"39804.1450"	"5f.6d.7s2"	"3D*"	"1"	""	""	"2"		""	"L5951"	
"445.36321"	"445.363185"	"28"	""		"19273.28060"	"41720.5646"	"6d3.(2P).7s"	""	"2"	""	"*"	"2"		""	"L5951"	
"445.38594"	"445.385960"	"27"	""		"15970.09583"	"38416.2320"	"6d3.(2D2).7s"	""	"3"	""	"*"	"3"		""	"L5951"	
"445.41392"	"445.413919"	"170"	""		"13088.56115"	"35533.2884"	"6d3.(2G).7s"	"3G"	"3"	""	"*"	"2"		""	"L5951"	
"445.47332"	"445.473294"	"65"	""		"16217.482038"	"38659.2178"	"6d.7s2.7p"	"1D*"	"2"	""	""	"2"		""	"L5951"	
"445.51480"	"445.514621"	"7"	""		"18053.617845"	"40493.2719"	"6d.7s2.7p"	"3F*"	"4"	""	""	"3"		""	"L3552"	
"445.52932"	"445.529333"	"47"	""		"24850.30814"	"47289.2212"	""	"3I*"	"6"	""	""	"7"		""	"L5951"	
"445.55739"	"445.557345"	"23"	""		"2869.259165"	"25306.76154"	"6d2.7s2"	"3F"	"3"	""	"*"	"2"		""	"L5951"	
"445.58679"	"445.586771"	"350"	""		"13297.43316"	"35733.4538"	"6d3.(2G).7s"	"3G"	"4"	""	"*"	"4"		""	"L18702"	
"445.62871"	"445.628716"	"15"	""		"17847.07751"	"40280.9864"	"5f.6d.7s2"	"3P*"	"2"	""	""	"3"		""	"L5951"	
"445.64802"	"445.648010"	"91"	""		"17073.80916"	"39506.7468"	"6d3.(4P).7s"	""	"1"	""	"*"	"1 or 2"		""	"L5951"	
"445.68065"	"445.680611"	"19"	""		"18549.40528"	"40980.7020"	"6d3.(4P).7s"	""	"2"	""	"*"	"3"		""	"L5951"	
"445.723618"	"445.723617"	"420"	""		"18053.617845"	"40482.7503"	"6d.7s2.7p"	"3F*"	"4"	""	""	"5"		""	"L5951"	
"445.77820"	"445.777492"	"7"	""		"17411.224415"	"39837.6462"	"6d.7s2.7p"	"3D*"	"3"	""	""	"3"		""	"L3552"	
"445.800152"	"445.800155"	"4000"	""		"3687.987189"	"26113.26894"	"6d2.7s2"	""	"2"	""	"*"	"2"		""	"L18702"	
"445.82153"	"445.821535"	"50"	""		"18069.065569"	"40493.2719"	"6d.7s2.7p"	"1F*"	"3"	""	""	"3"		""	"L5951"	
"445.873838"	"445.873843"	"360"	""		"3865.473772"	"26287.04940"	"6d2.7s2"	"3P"	"1"	"6d2.7s.7p"	"3D*"	"1"		""	"L5951"	
"445.900437"	"445.900446"	"450"	""		"11877.839132"	"34298.0771"	"6d.7s2.7p"	"3D*"	"1"	""	""	"1"		""	"L5951"	
"445.99755"	"445.997557"	"54"	""		"18011.38030"	"40426.7366"	"5f.6d2.7s"	"5H*"	"5"	""	""	"4"		""	"L5951"	
"446.00494"	"446.004905"	"16"	""		"15863.88829"	"38278.8753"	"6d3.(2D2).7s"	""	"2"	""	"*"	"1"		""	"L12239"	
"446.11247"	"446.112610"	"150*"	""		"14243.993748"	"36653.5692"	"5f.6d.7s2"	"3P*"	"1"	""	""	"2"		""	"L5951"	
"446.124104"	"446.124111"	"2300"	""		"3687.987189"	"26096.98491"	"6d2.7s2"	""	"2"	""	"*"	"3"		""	"L18702"	
"446.152772"	"446.152774"	"3000"	""		"8243.602091"	"30651.16019"	"5f.6d.7s2"	"3F*"	"2"	"6d4"	""	"3"		""	"L18702"	
"446.16020"	"446.160393"	"56"	""		"13175.113345"	"35582.2888"	"5f.6d.7s2"	"3G*"	"4"	""	""	"5"		""	"L3552"	
"446.174502"	"446.174503"	"500"	""		"11197.031257"	"33603.49814"	"5f.6d.7s2"	"3H*"	"5"	""	""	"6"		""	"L5951"	
"446.178927"	"446.178926"	"750"	""		"7280.123222"	"29686.36795"	"6d2.7s2"	""	"2"	""	"*"	"3"		""	"L5951"	
"446.18177"	"446.181780"	"240"	""		"8111.004545"	"30517.10597"	"6d2.7s2"	"1G"	"4"	""	"*"	"5"		""	"L5951"	
"446.27532"	"446.275344"	"22"	""		"13175.113345"	"35576.5173"	"5f.6d.7s2"	"3G*"	"4"	""	""	"3"		""	"L5951"	
"446.32442"	"446.324428"	"18"	""		"13962.51989"	"36361.4603"	"6d3.(2D2).7s"	""	"1"	""	"*"	"1"		""	"L5951"	
"446.33318"	"446.333145"	"8"	""		"19588.36224"	"41986.8652"	"6d2.7s.7p"	"5G*"	"5"	""	""	"4"		""	"L12239"	
"446.366603"	"446.3665849"	"590"	""		"0.000000"	"22396.82500"	"6d2.7s2"	"3F"	"2"	""	"*"	"1"		""	"L5951"	
"446.383462"	"446.383485"	"550"	""		"17166.10472"	"39562.0818"	"6d3.(2H).7s"	"3H"	"5"	""	"*"	"4"		""	"L5951"	
"446.41386"	"446.413866"	"83"	""		"8800.249723"	"31194.70265"	"6d3.(4F).7s"	"5F"	"4"	"5f.6d3"	"5I*"	"4"		""	"L5951"	
"446.47046"	"446.470473"	"120"	""		"15166.900593"	"37558.5142"	"6d2.7s.7p"	"5G*"	"3"	""	""	"4"		""	"L5951"	
"446.47294"	"446.472988"	"34"	""		"19516.98043"	"41908.4679"	"6d2.7s.7p"	"5D*"	"2"	""	""	"3"		""	"L5951"	
"446.48483"	"446.484796"	"170"	""		"13945.307389"	"36336.2027"	"6d.7s2.7p"	"3F*"	"3"	""	""	"3"		""	"L5951"	
"446.54711"	"446.547342"	"11"	""		"16346.64962"	"38734.4088"	"5f.6d2.7s"	"5H*"	"4"	""	""	"3"		""	"L3552"	
"446.59177"	"446.592268"	"14"	""		"16217.482038"	"38602.9891"	"6d.7s2.7p"	"1D*"	"2"	""	""	"2"		""	"L12239"	
"446.59751"	"446.597519"	"160"	""		"15970.09583"	"38355.3397"	"6d3.(2D2).7s"	""	"3"	""	"*"	"2"		""	"L5951"	
"446.66245"	"446.662451"	"220"	""		"10414.13700"	"32796.12677"	"5f.6d.7s2"	"1G*"	"4"	""	""	"3"		""	"L5951"	
"446.71881"	"446.718753"	"7"	""		"7502.287636"	"29881.45655"	"6d3.(4F).7s"	"5F"	"3"	""	"*"	"4"		""	"L3552"	
"446.77595"	"446.775913"	"34"	""		"16217.482038"	"38593.7878"	"6d.7s2.7p"	"1D*"	"2"	""	""	"1"		""	"L5951"	
"446.832078"	"446.832075"	"370"	""		"13088.56115"	"35462.0545"	"6d3.(2G).7s"	"3G"	"3"	""	"*"	"3"		""	"L5951"	
"446.91891"	"446.918903"	"200"	""		"14206.91694"	"36576.0636"	"5f.6d.7s2"	"3F*"	"4"	""	""	"4"		""	"L5951"	
"446.952533"	"446.952531"	"1500"	""		"10414.13700"	"32781.60068"	"5f.6d.7s2"	"1G*"	"4"	""	""	"4"		""	"L18702"	
"447.01036"	"447.010368"	"33"	""		"11241.73043"	"33606.30012"	"5f.6d.7s2"	"3F*"	"3"	""	""	"2"		""	"L5951"	
"447.099061"	"447.099058"	"440"	""		"7280.123222"	"29640.2566"	"6d2.7s2"	""	"2"	""	"*"	"1"		""	"L5951"	
"447.14830"	"447.148299"	"11"	""		"18069.065569"	"40426.7366"	"6d.7s2.7p"	"1F*"	"3"	""	""	"4"		""	"L3552"	
"447.18709"	"447.187089"	"82"	""		"4961.658832"	"27317.39056"	"6d2.7s2"	"3F"	"4"	""	"*"	"3"		""	"L5951"	
"447.21788"	"447.217858"	"81"	""		"19532.41646"	"41886.6101"	"6d3.(2F).7s"	"3F"	"4"	""	"*"	"3"		""	"L5951"	
"447.22333"	"447.223318"	"170"	""		"19588.36224"	"41942.2830"	"6d2.7s.7p"	"5G*"	"5"	""	""	"5"		""	"L5951"	
"447.23480"	"447.234805"	"11"	""		"17847.07751"	"40200.4241"	"5f.6d.7s2"	"3P*"	"2"	""	""	"3"		""	"L3552"	
"447.26198"	"447.261981"	"82"	""		"13945.307389"	"36297.2958"	"6d.7s2.7p"	"3F*"	"3"	""	""	"4"		""	"L5951"	
"447.28228"	"447.282192"	"34"	""		"19588.36224"	"41939.3407"	"6d2.7s.7p"	"5G*"	"5"	""	""	"5"		""	"L5951"	
"447.28462"	"447.284632"	"190*"	""		"7502.287636"	"29853.14415"	"6d3.(4F).7s"	"5F"	"3"	""	"*"	"2"		""	"L5951"	
"447.33370"	"447.334556"	"7"	""		"3687.987189"	"26036.34930"	"6d2.7s2"	""	"2"	""	"*"	"3"		""	"L3552"	
"447.39578"	"447.395783"	"35"	""		"18614.33811"	"40959.6419"	"6d2.7s.7p"	"5D*"	"1"	""	""	"2"		""	"L5951"	
"447.42075"	"447.420687"	"20"	""		"21143.42198"	"43487.4820"	"6d3.(2H).7s"	"1H"	"5"	""	"*"	"4"		""	"L5951"	
"447.44005"	"447.440121"	"25"	""		"14465.221873"	"36808.3114"	"6d2.7s.7p"	"5G*"	"2"	""	""	"3"		""	"L5951"	
"447.47834"	"447.478367"	"74"	""		"13847.77037"	"36188.9503"	"6d3.(4F).7s"	"3F"	"2"	""	"*"	"2"		""	"L5951"	
"447.481927"	"447.481921"	"290"	""		"8800.249723"	"31141.25221"	"6d3.(4F).7s"	"5F"	"4"	""	"*"	"5"		""	"L5951"	
"447.522134"	"447.5221376"	"2000"	""		"0.000000"	"22338.99484"	"6d2.7s2"	"3F"	"2"	"5f.6d2.7s"	"5G*"	"3"		""	"L18702"	
"447.57654"	"447.576529"	"190"	""		"15970.09583"	"38306.3760"	"6d3.(2D2).7s"	""	"3"	""	"*"	"4"		""	"L5951"	
"447.69772"	"447.697753"	"21"	""		"12114.36618"	"34444.5984"	"5f.6d.7s2"	"1D*"	"2"	""	""	"2"		""	"L5951"	
"447.70341"	"447.703370"	"19"	""		"14226.82045"	"36556.7725"	"6d3.(2P).7s"	""	"0"	""	"*"	"1"		""	"L5951"	
"447.72162"	"447.721610"	"57"	""		"15490.077832"	"37819.1202"	"5f.6d.7s2"	"3G*"	"5"	""	""	"4"		""	"L5951"	
"447.78651"	"447.786234"	"11"	""		"17354.638583"	"39680.4585"	"5f.6d.7s2"	"3D*"	"1"	""	""	"2"		""	"L3552"	
"447.80150"	"447.801436"	"11"	""		"20566.62381"	"42891.6858"	"6d2.7s.7p"	"5D*"	"4"	""	""	"4"		""	"L12239"	
"447.840323"	"447.840331"	"280"	""		"11241.73043"	"33564.85352"	"5f.6d.7s2"	"3F*"	"3"	""	""	"3"		""	"L5951"	
"447.859567"	"447.859577"	"660"	""		"2558.056752"	"24880.22058"	"6d2.7s2"	"3P"	"0"	""	"*"	"1"		""	"L18702"	
"447.87797"	"447.877984"	"99"	""		"19227.33665"	"41548.5831"	"5f.6d2.7s"	"5I*"	"6"	""	""	"6"		""	"L5951"	
"447.90259"	"447.902520"	"110"	""		"20566.62381"	"42886.6475"	"6d2.7s.7p"	"5D*"	"4"	""	""	"4 or 5"		""	"L5951"	
"447.963763"	"447.963754"	"620"	""		"12114.36618"	"34431.3389"	"5f.6d.7s2"	"1D*"	"2"	""	""	"3"		""	"L5951"	
"447.97811"	"447.978103"	"86"	""		"10783.15535"	"33099.41329"	"6d.7s2.7p"	"3F*"	"2"	""	""	"3"		""	"L5951"	
"448.02661"	"448.026525"	"59"	""		"6362.395980"	"28676.24203"	"6d3.(4F).7s"	"5F"	"2"	""	"*"	"3"		""	"L5951"	
"448.03080"	"448.030765"	"3"	""		"20322.26571"	"42635.9006"	"5f.6d.7s2"	"1H*"	"5"	""	""	"5"		""	"L3552"	
"448.05453"	"448.054527"	"100"	""		"16783.84708"	"39096.2986"	"5f.6d2.7s"	"5I*"	"4"	""	""	"4"		""	"L5951"	
"448.082904"	"448.082906"	"750"	""		"6362.395980"	"28673.43441"	"6d3.(4F).7s"	"5F"	"2"	""	"*"	"2"		""	"L18702"	
"448.10099"	"448.101010"	"35"	""		"14465.221873"	"36775.3589"	"6d2.7s.7p"	"5G*"	"2"	""	""	"3"		""	"L5951"	
"448.12258"	"448.122582"	"34"	""		"14206.91694"	"36515.9800"	"5f.6d.7s2"	"3F*"	"4"	""	""	"3"		""	"L5951"	
"448.13909"	"448.139075"	"57"	""		"11802.93238"	"34111.1744"	"6d3.(4P).7s"	"5P"	"2"	""	"*"	"1"		""	"L5951"	
"448.216914"	"448.2169161"	"2900"	""		"4961.658832"	"27266.02670"	"6d2.7s2"	"3F"	"4"	""	"*"	"4"		""	"L18702"	
"448.27643"	"448.276429"	"30"	""		"22877.58322"	"45178.9900"	""	"*"	"5"	""	""	"6"		""	"L5951"	
"448.28537"	"448.285360"	"17"	""		"8243.602091"	"30544.56459"	"5f.6d.7s2"	"3F*"	"2"	""	""	"2"		""	"L5951"	
"448.29108"	"448.291048"	"27"	""		"18930.29333"	"41230.9729"	"6d2.7s.7p"	"3G*"	"3"	""	""	"4"		""	"L5951"	
"448.31590"	"448.315892"	"64"	""		"14481.86965"	"36781.3134"	"5f.6d.7s2"	"3H*"	"6"	""	""	"5"		""	"L5951"	
"448.334678"	"448.334682"	"1500"	""		"4961.658832"	"27260.16801"	"6d2.7s2"	"3F"	"4"	""	"*"	"3"		""	"L18702"	
"448.38128"	"448.380851"	"61"	""		"22163.13360"	"44459.3468"	""	"*"	"4"	""	""	"5"		""	"L12239"	
"448.40382"	"448.403822"	"210"	""		"17959.89498"	"40254.9660"	"6d3.(4F).7s"	"3F"	"4"	""	"*"	"3"		""	"L5951"	
"448.49714"	"448.497140"	"17"	""		"19713.03109"	"42003.4633"	"6d3.(2F).7s"	"3F"	"3"	""	"*"	"3"		""	"L5951"	
"448.571320"	"448.571330"	"360"	""		"6362.395980"	"28649.14156"	"6d3.(4F).7s"	"5F"	"2"	""	"*"	"1"		""	"L5951"	
"448.58973"	"448.589776"	"41"	""		"11241.73043"	"33527.55959"	"5f.6d.7s2"	"3F*"	"3"	""	""	"4"		""	"L5951"	
"448.64182"	"448.641800"	"31"	""		"12847.96912"	"35131.2141"	"6d3.(4P).7s"	"5P"	"3"	""	"*"	"4"		""	"L5951"	
"448.66502"	"448.665103"	"62"	""		"17224.302340"	"39506.3900"	"6d2.7s.7p"	"5F*"	"2"	""	""	"3"		""	"L5951"	
"448.67657"	"448.676547"	"15"	""		"18069.065569"	"40350.5849"	"6d.7s2.7p"	"1F*"	"3"	""	""	"3"		""	"L5951"	
"448.689722"	"448.689725"	"3700"	""		"2558.056752"	"24838.92167"	"6d2.7s2"	"3P"	"0"	""	"*"	"1"		""	"L18702"	
"448.831229"	"448.831235"	"610"	""		"15618.98461"	"37892.8248"	"5f.6d2.7s"	"5H*"	"3"	"5f.6d2.7p "	"5I"	"4"		""	"L5951"	
"448.84952"	"448.849507"	"18"	""		"20566.62381"	"42839.5573"	"6d2.7s.7p"	"5D*"	"4"	""	""	"3"		""	"L5951"	
"448.85500"	"448.855021"	"26"	""		"18614.33811"	"40886.9980"	"6d2.7s.7p"	"5D*"	"1"	""	""	"2"		""	"L5951"	
"448.92450"	"448.924072"	"7"	""		"17411.224415"	"39680.4585"	"6d.7s2.7p"	"3D*"	"3"	""	""	"2"		""	"L3552"	
"448.966456"	"448.966460"	"1300"	""		"14481.86965"	"36749.00126"	"5f.6d.7s2"	"3H*"	"6"	""	""	"6"		""	"L18702"	
"448.99363"	"448.993564"	"25"	""		"13175.113345"	"35440.9008"	"5f.6d.7s2"	"3G*"	"4"	"6d4"	""	"3"		""	"L5951"	
"449.05240"	"449.052264"	"7"	""		"13088.56115"	"35351.4381"	"6d3.(2G).7s"	"3G"	"3"	""	"*"	"4"		""	"L3552"	
"449.10701"	"449.107028"	"28"	""		"15736.968041"	"37997.1303"	"6d2.7s.7p"	"5F*"	"1"	""	""	"2"		""	"L5951"	
"449.210068"	"449.210068"	"340"	""		"10526.544406"	"32781.60068"	"5f.6d.7s2"	"3G*"	"3"	""	""	"4"		""	"L5951"	
"449.25316"	"449.253180"	"50"	""		"19588.36224"	"41841.2829"	"6d2.7s.7p"	"5G*"	"5"	""	""	"6"		""	"L5951"	
"449.25708"	"449.257099"	"60"	""		"19503.143490"	"41755.8700"	"6d2.7s.7p"	"5F*"	"3"	""	""	"4"		""	"L5951"	
"449.26747"	"449.267464"	"140"	""		"15490.077832"	"37742.2910"	"5f.6d.7s2"	"3G*"	"5"	""	""	"6"		""	"L5951"	
"449.3333662"	"449.3333668"	"28000"	""		"0.000000"	"22248.94952"	"6d2.7s2"	"3F"	"2"	""	"*"	"2"		""	"L18702"	
"449.356681"	"449.356681"	"330"	""		"3865.473772"	"26113.26894"	"6d2.7s2"	"3P"	"1"	""	"*"	"2"		""	"L5951"	
"449.37630"	"449.375765"	"7"	""		"15970.09583"	"38216.9462"	"6d3.(2D2).7s"	""	"3"	""	"*"	"3"		""	"L3552"	
"449.37981"	"449.379713"	"16"	""		"18069.065569"	"40315.7205"	"6d.7s2.7p"	"1F*"	"3"	""	""	"4"		""	"L5951"	
"449.38296"	"449.382962"	"34"	""		"18011.38030"	"40257.8744"	"5f.6d2.7s"	"5H*"	"5"	""	""	"4"		""	"L5951"	
"449.46907"	"449.469068"	"230"	""		"7502.287636"	"29744.51997"	"6d3.(4F).7s"	"5F"	"3"	""	"*"	"3"		""	"L5951"	
"449.48629"	"449.485841"	"7"	""		"14243.993748"	"36485.3961"	"5f.6d.7s2"	"3P*"	"1"	""	""	"2"		""	"L3552"	
"449.55944"	"449.559444"	"72"	""		"15166.900593"	"37404.6616"	"6d2.7s.7p"	"5G*"	"3"	""	""	"3"		""	"L5951"	
"449.66914"	"449.668137"	"8"	""		"19532.41646"	"41764.8023"	"6d3.(2F).7s"	"3F"	"4"	""	"*"	"5"		""	"L12239"	
"449.71221"	"449.712311"	"17"	""		"13175.113345"	"35405.3154"	"5f.6d.7s2"	"3G*"	"4"	""	""	"3"		""	"L5951"	
"449.77801"	"449.778850"	"11"	""		"6362.395980"	"28589.30942"	"6d3.(4F).7s"	"5F"	"2"	""	"*"	"3"		""	"L3552"	
"449.78861"	"449.788625"	"150"	""		"13962.51989"	"36188.9503"	"6d3.(2D2).7s"	""	"1"	""	"*"	"2"		""	"L5951"	
"449.791434"	"449.791437"	"500"	""		"13847.77037"	"36074.0618"	"6d3.(4F).7s"	"3F"	"2"	""	"*"	"3"		""	"L5951"	
"449.80434"	"449.804264"	"17"	""		"18011.38030"	"40237.0379"	"5f.6d2.7s"	"5H*"	"5"	""	""	"5"		""	"L5951"	
"449.81536"	"449.815373"	"67"	""		"15863.88829"	"38088.9970"	"6d3.(2D2).7s"	""	"2"	""	"*"	"2"		""	"L5951"	
"449.894011"	"449.894010"	"3100"	""		"5563.141519"	"27784.36557"	"6d3.(4F).7s"	"5F"	"1"	""	"*"	"2"		""	"L18702"	
"449.896633"	"449.896738"	"640bl"	""		"11197.031257"	"33418.1206"	"5f.6d.7s2"	"3H*"	"5"	"6d4"	""	"4"		""	"L5951"	
"449.937961"	"449.937955"	"400"	""		"7795.275291"	"30014.32907"	"5f.6d.7s2"	"3H*"	"4"	"6d4"	""	"4"		""	"L5951"	
"449.94168"	"449.941803"	"42"	""		"8800.249723"	"31019.11347"	"6d3.(4F).7s"	"5F"	"4"	""	"*"	"4"		""	"L5951"	
"449.94351"	"449.943528"	"97"	""		"9804.806547"	"32023.58511"	"6d3.(4F).7s"	"5F"	"5"	""	"*"	"5"		""	"L5951"	
"449.97037"	"449.970371"	"88"	""		"11241.73043"	"33459.18355"	"5f.6d.7s2"	"3F*"	"3"	"5f.6d.7s.7p"	"3H"	"4"		""	"L5951"	
"449.998323"	"449.998326"	"2400"	""		"7795.275291"	"30011.34827"	"5f.6d.7s2"	"3H*"	"4"	""	""	"3"		""	"L18702"	
"450.05811"	"450.057994"	"78"	""		"17398.39526"	"39611.5229"	"6d3.(4F).7s"	""	"3"	""	"*"	"3"		""	"L3552"	
"450.05999"	"450.060018"	"27"	""		"19532.41646"	"41745.4442"	"6d3.(2F).7s"	"3F"	"4"	""	"*"	"4"		""	"L5951"	
"450.11752"	"450.117417"	"31*"	""		"11877.839132"	"34088.0343"	"6d.7s2.7p"	"3D*"	"1"	""	""	"2"		""	"L5951"	
"450.11752"	"450.11746"	"31*"	""		"19817.18191"	"42027.3749"	"6d2.7s.7p"	"5P*"	"1"	"6d4"	"1D"	"2"		""	"L5951"	
"450.12897"	"450.128963"	"29"	""		"18930.29333"	"41139.9188"	"6d2.7s.7p"	"3G*"	"3"	""	""	"2"		""	"L5951"	
"450.1540"	"450.153623"	"6"	""		"20214.92997"	"42423.3388"	"6d2.7s.7p"	"5D*"	"3"	""	""	"4"		""	"L12239"	
"450.23808"	"450.237805"	"19"	""		"18053.617845"	"40257.8744"	"6d.7s2.7p"	"3F*"	"4"	""	""	"4"		""	"L12239"	
"450.32133"	"450.321383"	"25"	""		"15618.98461"	"37819.1202"	"5f.6d2.7s"	"5H*"	"3"	""	""	"4"		""	"L5951"	
"450.42499"	"450.424917"	"15"	""		"17224.302340"	"39419.3351"	"6d2.7s.7p"	"5F*"	"2"	""	""	"1"		""	"L5951"	
"450.42688"	"450.426884"	"33"	""		"23306.82782"	"45501.7637"	"5f.6d2.7s"	"3I*"	"6"	""	""	"6 or 7"		""	"L5951"	
"450.44622"	"450.446253"	"16"	""		"20566.62381"	"42760.6053"	"6d2.7s.7p"	"5D*"	"4"	""	""	"5"		""	"L5951"	
"450.46306"	"450.463055"	"200"	""		"17501.17592"	"39694.3296"	"5f.6d2.7s"	"5I*"	"5"	"5f.6d2.7p "	"5I"	"5"		""	"L5951"	
"450.521668"	"450.521665"	"1400"	""		"8800.249723"	"30990.51628"	"6d3.(4F).7s"	"5F"	"4"	""	"*"	"3"		""	"L18702"	
"450.54480"	"450.544268"	"7"	""		"15863.88829"	"38053.0416"	"6d3.(2D2).7s"	""	"2"	""	"*"	"3"		""	"L3552"	
"450.56058"	"450.560634"	"44"	""		"14465.221873"	"36653.5692"	"6d2.7s.7p"	"5G*"	"2"	""	""	"2"		""	"L5951"	
"450.63160"	"450.631600"	"29"	""		"14243.993748"	"36428.8469"	"5f.6d.7s2"	"3P*"	"1"	""	""	"2"		""	"L5951"	
"450.647297"	"450.647299"	"890"	""		"7502.287636"	"29686.36795"	"6d3.(4F).7s"	"5F"	"3"	""	"*"	"3"		""	"L5951"	
"450.654800"	"450.654803"	"350"	""		"12114.36618"	"34298.0771"	"5f.6d.7s2"	"1D*"	"2"	""	""	"1"		""	"L5951"	
"450.65704"	"450.657087"	"67"	""		"10526.544406"	"32710.14290"	"5f.6d.7s2"	"3G*"	"3"	""	""	"2"		""	"L5951"	
"450.66356"	"450.663570"	"21"	""		"16346.64962"	"38529.9290"	"5f.6d2.7s"	"5H*"	"4"	""	""	"3"		""	"L5951"	
"450.76390"	"450.763777"	"7"	""		"14204.26476"	"36382.6128"	"6d3.(2G).7s"	""	"5"	""	"*"	"4"		""	"L3552"	
"450.803561"	"450.803573"	"440"	""		"11241.73043"	"33418.1206"	"5f.6d.7s2"	"3F*"	"3"	"6d4"	""	"4"		""	"L5951"	
"450.86073"	"450.860727"	"40"	""		"19713.03109"	"41886.6101"	"6d3.(2F).7s"	"3F"	"3"	""	"*"	"3"		""	"L5951"	
"450.87150"	"450.871530"	"8"	""		"16783.84708"	"38956.8948"	"5f.6d2.7s"	"5I*"	"4"	""	""	"4"		""	"L3552"	
"450.93900"	"450.939461"	"8"	""		"19516.98043"	"41686.6880"	"6d2.7s.7p"	"5D*"	"2"	""	""	"3"		""	"L3552"	
"450.98422"	"450.984211"	"57"	""		"19588.36224"	"41755.8700"	"6d2.7s.7p"	"5G*"	"5"	""	""	"4"		""	"L5951"	
"450.99587"	"450.995862"	"140"	""		"11241.73043"	"33408.66553"	"5f.6d.7s2"	"3F*"	"3"	""	""	"3"		""	"L5951"	
"451.02659"	"451.026570"	"34"	""		"15618.98461"	"37784.4105"	"5f.6d2.7s"	"5H*"	"3"	""	""	"2"		""	"L5951"	
"451.03610"	"451.036109"	"51"	""		"11802.93238"	"33967.8895"	"6d3.(4P).7s"	"5P"	"2"	""	"*"	"3"		""	"L5951"	
"451.04279"	"451.042942"	"28"	""		"13297.43316"	"35462.0545"	"6d3.(2G).7s"	"3G"	"4"	""	"*"	"3"		""	"L5951"	
"451.12933"	"451.129343"	"43"	""		"21077.152101"	"43237.5285"	"6d2.7s.7p"	"5F*"	"5"	""	""	"6"		""	"L5951"	
"451.29500"	"451.294686"	"8"	""		"13088.56115"	"35240.8187"	"6d3.(2G).7s"	"3G"	"3"	""	"*"	"3"		""	"L3552"	
"451.322314"	"451.322306"	"1100"	""		"6362.395980"	"28513.29787"	"6d3.(4F).7s"	"5F"	"2"	""	"*"	"2"		""	"L18702"	
"451.367984"	"451.367997"	"1100"	""		"9804.806547"	"31953.46618"	"6d3.(4F).7s"	"5F"	"5"	""	"*"	"4"		""	"L18702"	
"451.40572"	"451.405771"	"92"	""		"18053.617845"	"40200.4241"	"6d.7s2.7p"	"3F*"	"4"	""	""	"3"		""	"L5951"	
"451.43980"	"451.439519"	"12"	""		"17166.10472"	"39311.2554"	"6d3.(2H).7s"	"3H"	"5"	""	"*"	"4"		""	"L3552"	
"451.45503"	"451.455110"	"38"	""		"13945.307389"	"36089.6933"	"6d.7s2.7p"	"3F*"	"3"	""	""	"4"		""	"L5951"	
"451.511821"	"451.5118214"	"5400"	""		"0.000000"	"22141.60454"	"6d2.7s2"	"3F"	"2"	""	"*"	"3"		""	"L18702"	
"451.53986"	"451.539863"	"60"	""		"17959.89498"	"40100.1245"	"6d3.(4F).7s"	"3F"	"4"	""	"*"	"3"		""	"L5951"	
"451.56274"	"451.562725"	"77"	""		"7280.123222"	"29419.23183"	"6d2.7s2"	""	"2"	""	"*"	"2"		""	"L5951"	
"451.596032"	"451.596006"	"390"	""		"10414.13700"	"32551.61408"	"5f.6d.7s2"	"1G*"	"4"	""	""	"3"		""	"L5951"	
"451.606407"	"451.606415"	"460"	""		"14481.86965"	"36618.8365"	"5f.6d.7s2"	"3H*"	"6"	""	""	"7"		""	"L5951"	
"451.65388"	"451.653892"	"55"	""		"14226.82045"	"36361.4603"	"6d3.(2P).7s"	""	"0"	""	"*"	"1"		""	"L5951"	
"451.67360"	"451.673546"	"12"	""		"11601.03035"	"33734.7071"	"6d3.(4P).7s"	"5P"	"1"	""	"*"	"2"		""	"L3552"	
"451.76290"	"451.763170"	"34"	""		"14206.91694"	"36336.2027"	"5f.6d.7s2"	"3F*"	"4"	""	""	"3"		""	"L3552"	
"451.76800"	"451.767871"	"17"	""		"15618.98461"	"37748.0401"	"5f.6d2.7s"	"5H*"	"3"	""	""	"2"		""	"L3552"	
"451.77250"	"451.772400"	"17"	""		"19227.33665"	"41356.1703"	"5f.6d2.7s"	"5I*"	"6"	""	""	"5"		""	"L3552"	
"451.83425"	"451.834318"	"80"	""		"13175.113345"	"35300.9146"	"5f.6d.7s2"	"3G*"	"4"	"5f.6d2.7p"	"5K"	"5"		""	"L5951"	
"451.86112"	"451.861083"	"19"	""		"19588.36224"	"41712.8529"	"6d2.7s.7p"	"5G*"	"5"	""	""	"5"		""	"L5951"	
"451.925922"	"451.925928"	"1200"	""		"3687.987189"	"25809.30337"	"6d2.7s2"	""	"2"	""	"*"	"1"		""	"L18702"	
"451.97517"	"451.975272"	"72"	""		"15970.09583"	"38088.9970"	"6d3.(2D2).7s"	""	"3"	""	"*"	"2"		""	"L5951"	
"452.10582"	"452.105741"	"110*"	""		"19516.98043"	"41629.4986"	"6d2.7s.7p"	"5D*"	"2"	""	""	"2"		""	"L5951"	
"452.10582"	"452.105790"	"110*"	""		"15493.21943"	"37605.7352"	"6d3.(2H).7s"	"3H"	"4"	""	"*"	"4"		""	"L5951"	
"452.119381"	"452.1193813"	"3200"	""		"2869.259165"	"24981.11021"	"6d2.7s2"	"3F"	"3"	""	"*"	"3"		""	"L18702"	
"452.130187"	"452.130212"	"460"	""		"16554.24283"	"38665.5642"	"6d3.(2H).7s"	"3H"	"6"	""	"*"	"5"		""	"L5951"	
"452.13300"	"452.133027"	"110"	""		"5563.141519"	"27674.32522"	"6d3.(4F).7s"	"5F"	"1"	""	"*"	"2"		""	"L5951"	
"452.17406"	"452.174070"	"120"	""		"25180.04445"	"47289.2212"	"5f.6d2.7s"	"*"	"7"	""	""	"7"		""	"L5951"	
"452.32110"	"452.320980"	"8"	""		"13945.307389"	"36047.3034"	"6d.7s2.7p"	"3F*"	"3"	""	""	"2"		""	"L3552"	
"452.41289"	"452.412883"	"210"	""		"17224.302340"	"39321.8086"	"6d2.7s.7p"	"5F*"	"2"	""	""	"3"		""	"L5951"	
"452.46078"	"452.460811"	"40"	""		"17411.224415"	"39506.3900"	"6d.7s2.7p"	"3D*"	"3"	""	""	"3"		""	"L5951"	
"452.46254"	"452.462578"	"15"	""		"18809.88631"	"40904.9656"	"6d2.7s.7p"	"5G*"	"4"	""	""	"5"		""	"L5951"	
"452.51854"	"452.518505"	"45"	""		"18809.88631"	"40902.2349"	"6d2.7s.7p"	"5G*"	"4"	""	""	"3"		""	"L5951"	
"452.54456"	"452.544565"	"65"	""		"15863.88829"	"37954.9647"	"6d3.(2D2).7s"	""	"2"	""	"*"	"3"		""	"L5951"	
"452.67590"	"452.675624"	"20"	""		"20566.62381"	"42651.3045"	"6d2.7s.7p"	"5D*"	"4"	""	""	"3"		""	"L12239"	
"452.71151"	"452.711189"	"85"	""		"15970.09583"	"38053.0416"	"6d3.(2D2).7s"	""	"3"	""	"*"	"3"		""	"L3552"	
"452.77495"	"452.775015"	"22"	""		"18930.29333"	"41010.1262"	"6d2.7s.7p"	"3G*"	"3"	""	""	"3"		""	"L5951"	
"452.802076"	"452.802064"	"280"	""		"21077.152101"	"43155.6660"	"6d2.7s.7p"	"5F*"	"5"	""	""	"5"		""	"L5951"	
"453.031911"	"453.031912"	"1100"	""		"11241.73043"	"33309.04285"	"5f.6d.7s2"	"3F*"	"3"	""	""	"2"		""	"L18702"	
"453.15310"	"453.152930"	"3"	""		"19516.98043"	"41578.3997"	"6d2.7s.7p"	"5D*"	"2"	""	""	"2"		""	"L3552"	
"453.15739"	"453.157495"	"11"	""		"11601.03035"	"33662.2274"	"6d3.(4P).7s"	"5P"	"1"	""	"*"	"1"		""	"L3552"	
"453.18623"	"453.186191"	"31"	""		"26232.29174"	"48292.0919"	"5f.6d2.7s"	"3H*"	"6"	""	""	"7"		""	"L5951"	
"453.30538"	"453.305278"	"130"	""		"13297.43316"	"35351.4381"	"6d3.(2G).7s"	"3G"	"4"	""	"*"	"4"		""	"L5951"	
"453.307688"	"453.307697"	"800"	""		"7795.275291"	"29849.16255"	"5f.6d.7s2"	"3H*"	"4"	""	""	"4"		""	"L18702"	
"453.32374"	"453.323637"	"76"	""		"12114.36618"	"34167.4780"	"5f.6d.7s2"	"1D*"	"2"	""	""	"3"		""	"L5951"	
"453.36335"	"453.363391"	"22"	""		"18809.88631"	"40861.0644"	"6d2.7s.7p"	"5G*"	"4"	""	""	"4"		""	"L5951"	
"453.37170"	"453.372025"	"15"	""		"14465.221873"	"36515.9800"	"6d2.7s.7p"	"5G*"	"2"	""	""	"3"		""	"L3552"	
"453.44025"	"453.440208"	"81"	""		"15736.968041"	"37784.4105"	"6d2.7s.7p"	"5F*"	"1"	""	""	"2"		""	"L5951"	
"453.51030"	"453.510144"	"7"	""		"10414.13700"	"32458.17957"	"5f.6d.7s2"	"1G*"	"4"	""	""	"4"		""	"L3552"	
"453.525465"	"453.525461"	"2000"	""		"8243.602091"	"30286.90016"	"5f.6d.7s2"	"3F*"	"2"	""	""	"1"		""	"L18702"	
"453.53866"	"453.538735"	"41"	""		"13088.56115"	"35131.2141"	"6d3.(2G).7s"	"3G"	"3"	""	"*"	"4"		""	"L5951"	
"453.554736"	"453.554734"	"260"	""		"13175.113345"	"35216.98873"	"5f.6d.7s2"	"3G*"	"4"	""	""	"5"		""	"L5951"	
"453.57576"	"453.575763"	"49"	""		"19516.98043"	"41557.8339"	"6d2.7s.7p"	"5D*"	"2"	""	""	"3"		""	"L5951"	
"453.597981"	"453.597982"	"310"	""		"7795.275291"	"29835.04913"	"5f.6d.7s2"	"3H*"	"4"	""	""	"3"		""	"L5951"	
"453.62581"	"453.625835"	"39"	""		"22399.39666"	"44437.8173"	"5f.6d2.7s"	"3I*"	"5"	""	""	"6"		""	"L5951"	
"453.63221"	"453.632210"	"7"	""		"13847.77037"	"35885.8813"	"6d3.(4F).7s"	"3F"	"2"	""	"*"	"2"		""	"L3552"	
"453.68601"	"453.685994"	"68"	""		"16346.64962"	"38382.1480"	"5f.6d2.7s"	"5H*"	"4"	""	""	"3"		""	"L5951"	
"453.714474"	"453.714477"	"360"	""		"4961.658832"	"26995.77389"	"6d2.7s2"	"3F"	"4"	""	"*"	"3"		""	"L5951"	
"453.92290"	"453.922875"	"34"	""		"17501.17592"	"39525.1752"	"5f.6d2.7s"	"5I*"	"5"	""	""	"5"		""	"L5951"	
"453.99963"	"453.999661"	"39"	""		"18053.617845"	"40073.8922"	"6d.7s2.7p"	"3F*"	"4"	""	""	"5"		""	"L5951"	
"454.00167"	"454.001725"	"17"	""		"14465.221873"	"36485.3961"	"6d2.7s.7p"	"5G*"	"2"	""	""	"2"		""	"L5951"	
"454.00701"	"454.006805"	"15"	""		"16346.64962"	"38366.5775"	"5f.6d2.7s"	"5H*"	"4"	"6d4"	""	"4"		""	"L3552"	
"454.02567"	"454.025646"	"92"	""		"17501.17592"	"39520.1900"	"5f.6d2.7s"	"5I*"	"5"	""	""	"4"		""	"L5951"	
"454.03135"	"454.031369"	"92"	""		"18930.29333"	"40949.0299"	"6d2.7s.7p"	"3G*"	"3"	""	""	"3"		""	"L5951"	
"454.05675"	"454.056741"	"69"	""		"11197.031257"	"33214.53748"	"5f.6d.7s2"	"3H*"	"5"	"5f.6d.7s.7p"	"3I"	"5"		""	"L5951"	
"454.099899"	"454.099897"	"2300"	""		"3687.987189"	"25703.40095"	"6d2.7s2"	""	"2"	""	"*"	"2"		""	"L18702"	
"454.10391"	"454.103934"	"30"	""		"14032.085336"	"36047.3034"	"6d.7s2.7p"	"3D*"	"2"	""	""	"2"		""	"L3552"	
"454.13499"	"454.135007"	"49"	""		"20214.92997"	"42228.6417"	"6d2.7s.7p"	"5D*"	"3"	""	""	"4"		""	"L5951"	
"454.15027"	"454.150281"	"58"	""		"10783.15535"	"32796.12677"	"6d.7s2.7p"	"3F*"	"2"	""	""	"3"		""	"L5951"	
"454.20512"	"454.205097"	"44"	""		"6362.395980"	"28372.71076"	"6d3.(4F).7s"	"5F"	"2"	""	"*"	"1"		""	"L5951"	
"454.33797"	"454.337991"	"30"	""		"14206.91694"	"36210.7938"	"5f.6d.7s2"	"3F*"	"4"	""	""	"5"		""	"L5951"	
"454.34153"	"454.341536"	"180"	""		"12847.96912"	"34851.6743"	"6d3.(4P).7s"	"5P"	"3"	""	"*"	"2"		""	"L5951"	
"454.38612"	"454.386120"	"37"	""		"16217.482038"	"38219.0283"	"6d.7s2.7p"	"1D*"	"2"	"6d4"	""	"2"		""	"L5951"	
"454.44220"	"454.441802"	"7"	""		"18053.617845"	"40052.4683"	"6d.7s2.7p"	"3F*"	"4"	""	""	"4"		""	"L3552"	
"454.46586"	"454.465807"	"46"	""		"11802.93238"	"33800.6209"	"6d3.(4P).7s"	"5P"	"2"	""	"*"	"3"		""	"L5951"	
"454.47290"	"454.473096"	"11"	""		"18614.33811"	"40611.6738"	"6d2.7s.7p"	"5D*"	"1"	""	""	"2"		""	"L3552"	
"454.54438"	"454.544343"	"29"	""		"19948.395175"	"41942.2830"	"6d2.7s.7p"	"5F*"	"4"	""	""	"5"		""	"L5951"	
"454.591561"	"454.591569"	"2900"	""		"4961.658832"	"26953.26182"	"6d2.7s2"	"3F"	"4"	""	"*"	"5"		""	"L18702"	
"454.61303"	"454.612950"	"23"	""		"17847.07751"	"39837.6462"	"5f.6d.7s2"	"3P*"	"2"	""	""	"3"		""	"L5951"	
"454.66757"	"454.667561"	"210"	""		"8800.249723"	"30788.17715"	"6d3.(4F).7s"	"5F"	"4"	""	"*"	"5"		""	"L5951"	
"454.68347"	"454.683489"	"93"	""		"19227.33665"	"41214.4938"	"5f.6d2.7s"	"5I*"	"6"	""	""	"5"		""	"L5951"	
"454.70673"	"454.706744"	"180"	""		"18011.38030"	"39997.4130"	"5f.6d2.7s"	"5H*"	"5"	""	""	"6"		""	"L5951"	
"454.71266"	"454.712666"	"200"	""		"14481.86965"	"36467.6160"	"5f.6d.7s2"	"3H*"	"6"	""	""	"7"		""	"L5951"	
"454.724976"	"454.724975"	"690"	""		"6362.395980"	"28347.54723"	"6d3.(4F).7s"	"5F"	"2"	""	"*"	"2"		""	"L5951"	
"454.76116"	"454.761143"	"17"	""		"18069.065569"	"40052.4683"	"6d.7s2.7p"	"1F*"	"3"	""	""	"4"		""	"L5951"	
"454.832604"	"454.832604"	"260"	""		"15970.09583"	"37950.0447"	"6d3.(2D2).7s"	""	"3"	""	"*"	"4"		""	"L5951"	
"454.83812"	"454.838167"	"64"	""		"22399.39666"	"44379.0767"	"5f.6d2.7s"	"3I*"	"5"	""	""	"5"		""	"L5951"	
"454.89806"	"454.898074"	"43"	""		"16783.84708"	"38760.6326"	"5f.6d2.7s"	"5I*"	"4"	""	""	"4"		""	"L5951"	
"454.90521"	"454.905077"	"7"	""		"13297.43316"	"35273.8804"	"6d3.(2G).7s"	"3G"	"4"	"6d3.7p"	"5G*"	"5"		""	"L3552"	
"454.96043"	"454.960402"	"48"	""		"14204.26476"	"36178.0396"	"6d3.(2G).7s"	""	"5"	""	"*"	"4"		""	"L5951"	
"454.96262"	"454.962612"	"94"	""		"12114.36618"	"34088.0343"	"5f.6d.7s2"	"1D*"	"2"	""	""	"2"		""	"L5951"	
"454.98341"	"454.983413"	"82"	""		"7280.123222"	"29252.78674"	"6d2.7s2"	""	"2"	""	"*"	"2"		""	"L5951"	
"455.01844"	"455.018425"	"32"	""		"19039.153374"	"41010.1262"	"6d.7s2.7p"	"3P*"	"2"	""	""	"3"		""	"L5951"	
"455.147361"	"455.147356"	"480"	""		"13847.77037"	"35812.5195"	"6d3.(4F).7s"	"3F"	"2"	""	"*"	"3"		""	"L5951"	
"455.15981"	"455.159822"	"40"	""		"15166.900593"	"37131.0482"	"6d2.7s.7p"	"5G*"	"3"	""	""	"3"		""	"L5951"	
"455.17069"	"455.170651"	"49"	""		"14465.221873"	"36428.8469"	"6d2.7s.7p"	"5G*"	"2"	""	""	"2"		""	"L5951"	
"455.18197"	"455.182017"	"71"	""		"18614.33811"	"40577.4147"	"6d2.7s.7p"	"5D*"	"1"	""	""	"2"		""	"L5951"	
"455.215348"	"455.215352"	"810"	""		"8800.249723"	"30761.71803"	"6d3.(4F).7s"	"5F"	"4"	""	"*"	"3"		""	"L18702"	
"455.22247"	"455.222503"	"150"	""		"7795.275291"	"29756.39860"	"5f.6d.7s2"	"3H*"	"4"	""	""	"4"		""	"L5951"	
"455.24469"	"455.24472"	"27"	""		"22877.58322"	"44837.6347"	""	"*"	"5"	""	""	"4"		""	"L5951"	
"455.30656"	"455.306591"	"16"	""		"17847.07751"	"39804.1450"	"5f.6d.7s2"	"3P*"	"2"	""	""	"2"		""	"L5951"	
"455.32639"	"455.326327"	"44"	""		"19986.16721"	"41942.2830"	"5f.6d2.7s"	"5H*"	"6"	""	""	"5"		""	"L5951"	
"455.34741"	"455.347313"	"11"	""		"21902.26981"	"43857.3737"	"5f.6d2.7s"	"3H*"	"4"	""	""	"5"		""	"L3552"	
"455.38749"	"455.387354"	"20"	""		"19986.16721"	"41939.3407"	"5f.6d2.7s"	"5H*"	"6"	""	""	"5"		""	"L5951"	
"455.51434"	"455.514358"	"82"	""		"17959.89498"	"39906.9477"	"6d3.(4F).7s"	"3F"	"4"	""	"*"	"4"		""	"L5951"	
"455.53063"	"455.530628"	"29"	""		"22877.58322"	"44823.8521"	""	"*"	"5"	""	""	"5 or 6"		""	"L5951"	
"455.57758"	"455.577774"	"140bl"	""		"18053.617845"	"39997.6156"	"6d.7s2.7p"	"3F*"	"4"	""	""	"3 or 4"		""	"L5951"	
"455.581260"	"455.581265"	"3100"	""		"3865.473772"	"25809.30337"	"6d2.7s2"	"3P"	"1"	""	"*"	"1"		""	"L18702"	
"455.590455"	"455.590485"	"450"	""		"13297.43316"	"35240.8187"	"6d3.(2G).7s"	"3G"	"4"	""	"*"	"3"		""	"L5951"	
"455.62061"	"455.620614"	"66"	""		"18549.40528"	"40491.3398"	"6d3.(4P).7s"	""	"2"	""	"*"	"3"		""	"L5951"	
"455.63872"	"455.638709"	"130"	""		"3865.473772"	"25806.5369"	"6d2.7s2"	"3P"	"1"	""	"*"	"1 or 2"		""	"L5951"	
"455.834577"	"455.834582"	"850"	""		"10526.544406"	"32458.17957"	"5f.6d.7s2"	"3G*"	"3"	""	""	"4"		""	"L5951"	
"455.85261"	"455.852542"	"29"	""		"18930.29333"	"40861.0644"	"6d2.7s.7p"	"3G*"	"3"	""	""	"4"		""	"L5951"	
"455.86215"	"455.86212"	"24"	""		"18574.61019"	"40504.9206"	"6d3.(2P).7s"	""	"1"	""	"*"	"1"		""	"L5951"	
"455.90570"	"455.905714"	"150"	""		"14204.26476"	"36132.4781"	"6d3.(2G).7s"	""	"5"	""	"*"	"5"		""	"L5951"	
"455.91079"	"455.911227"	"3"	""		"15166.900593"	"37094.8488"	"6d2.7s.7p"	"5G*"	"3"	""	""	"2"		""	"L3552"	
"455.93120"	"455.931201"	"170"	""		"10783.15535"	"32710.14290"	"6d.7s2.7p"	"3F*"	"2"	""	""	"2"		""	"L5951"	
"455.93961"	"455.939573"	"7"	""		"14206.91694"	"36133.5019"	"5f.6d.7s2"	"3F*"	"4"	""	""	"5"		""	"L3552"	
"455.96557"	"455.965584"	"38"	""		"21165.098037"	"43090.4322"	"5f.6d.7s2"	"3D*"	"3"	""	""	"4"		""	"L5951"	
"456.00671"	"456.006614"	"11"	""		"13962.51989"	"35885.8813"	"6d3.(2D2).7s"	""	"1"	""	"*"	"2"		""	"L3552"	
"456.06637"	"456.066379"	"37"	""		"19039.153374"	"40959.6419"	"6d.7s2.7p"	"3P*"	"2"	""	""	"2"		""	"L5951"	
"456.09810"	"456.098293"	"7"	""		"15166.900593"	"37085.8553"	"6d2.7s.7p"	"5G*"	"3"	""	""	"4"		""	"L3552"	
"456.12269"	"456.122681"	"200"	""		"7280.123222"	"29197.90600"	"6d2.7s2"	""	"2"	""	"*"	"2"		""	"L5951"	
"456.134768"	"456.134773"	"1300"	""		"7280.123222"	"29197.32496"	"6d2.7s2"	""	"2"	""	"*"	"1"		""	"L18702"	
"456.14013"	"456.140134"	"110"	""		"7502.287636"	"29419.23183"	"6d3.(4F).7s"	"5F"	"3"	""	"*"	"2"		""	"L5951"	
"456.149322"	"456.149317"	"290"	""		"4961.658832"	"26878.16179"	"6d2.7s2"	"3F"	"4"	"6d2.7s.7p"	"3G*"	"3"		""	"L5951"	
"456.15136"	"456.151385"	"45"	""		"16783.84708"	"38700.2507"	"5f.6d2.7s"	"5I*"	"4"	""	""	"4"		""	"L5951"	
"456.16116"	"456.161161"	"52"	""		"21077.152101"	"42993.0860"	"6d2.7s.7p"	"5F*"	"5"	""	""	"6"		""	"L5951"	
"456.17055"	"456.170561"	"16"	""		"11802.93238"	"33718.4147"	"6d3.(4P).7s"	"5P"	"2"	""	"*"	"2"		""	"L5951"	
"456.208028"	"456.208036"	"400"	""		"17959.89498"	"39873.5771"	"6d3.(4F).7s"	"3F"	"4"	""	"*"	"5"		""	"L5951"	
"456.22514"	"456.225149"	"67"	""		"17398.39526"	"39311.2554"	"6d3.(4F).7s"	""	"3"	""	"*"	"4"		""	"L5951"	
"456.24756"	"456.247520"	"97"	""		"9804.806547"	"31716.59227"	"6d3.(4F).7s"	"5F"	"5"	""	"*"	"5"		""	"L5951"	
"456.27248"	"456.272540"	"22"	""		"17411.224415"	"39321.8086"	"6d.7s2.7p"	"3D*"	"3"	""	""	"3"		""	"L5951"	
"456.366101"	"456.366103"	"1500"	""		"8111.004545"	"30017.09677"	"6d2.7s2"	"1G"	"4"	""	"*"	"3"		""	"L18702"	
"456.483541"	"456.483541"	"560"	""		"2869.259165"	"24769.71573"	"6d2.7s2"	"3F"	"3"	""	"*"	"3"		""	"L5951"	
"456.57793"	"456.577917"	"120"	""		"17166.10472"	"39062.0345"	"6d3.(2H).7s"	"3H"	"5"	""	"*"	"5"		""	"L5951"	
"456.58098"	"456.580982"	"100"	""		"11877.839132"	"33773.6219"	"6d.7s2.7p"	"3D*"	"1"	""	""	"1"		""	"L5951"	
"456.64304"	"456.64301"	"19"	""		"21594.67329"	"43487.4820"	"6d3.(2F).7s"	"1F"	"3"	""	"*"	"4"		""	"L5951"	
"456.67115"	"456.671169"	"52"	""		"18809.88631"	"40701.3450"	"6d2.7s.7p"	"5G*"	"4"	""	""	"4"		""	"L5951"	
"456.69882"	"456.698836"	"67"	""		"0.000000"	"21890.13254"	"6d2.7s2"	"3F"	"2"	""	"*"	"3"		""	"L5951"	
"456.724022"	"456.724023"	"2000"	""		"7795.275291"	"29684.20065"	"5f.6d.7s2"	"3H*"	"4"	"5f.6d.7s.7p"	"5H"	"5"		""	"L18702"	
"456.78561"	"456.785455"	"15"	""		"13945.307389"	"35831.2890"	"6d.7s2.7p"	"3F*"	"3"	""	""	"3"		""	"L3552"	
"456.814258"	"456.814253"	"650"	""		"5563.141519"	"27447.74347"	"6d3.(4F).7s"	"5F"	"1"	""	"*"	"2"		""	"L5951"	
"456.85235"	"456.852364"	"250"	""		"14206.91694"	"36089.6933"	"5f.6d.7s2"	"3F*"	"4"	""	""	"4"		""	"L5951"	
"456.914768"	"456.914778"	"380"	""		"10414.13700"	"32293.92422"	"5f.6d.7s2"	"1G*"	"4"	""	""	"5"		""	"L5951"	
"456.95718"	"456.957249"	"35*"	""		"7280.123222"	"29157.87692"	"6d2.7s2"	""	"2"	""	"*"	"3"		""	"L5951"	
"456.96340"	"456.963463"	"68"	""		"12847.96912"	"34725.4253"	"6d3.(4P).7s"	"5P"	"3"	""	"*"	"3"		""	"L5951"	
"456.97366"	"456.973669"	"190"	""		"7280.123222"	"29157.0908"	"6d2.7s2"	""	"2"	""	"*"	"1"		""	"L5951"	
"457.05510"	"457.054313"	"7"	""		"15863.88829"	"37736.9959"	"6d3.(2D2).7s"	""	"2"	""	"*"	"2"		""	"L3552"	
"457.06488"	"457.064893"	"29*"	""		"17411.224415"	"39283.8257"	"6d.7s2.7p"	"3D*"	"3"	""	""	"4"		""	"L5951"	
"457.06488"	"457.06489"	"29*"	""		"22163.13360"	"44035.7349"	""	"*"	"4"	""	""	"4"		""	"L5951"	
"457.097218"	"457.097219"	"3400"	""		"11197.031257"	"33068.08573"	"5f.6d.7s2"	"3H*"	"5"	""	""	"6"		""	"L18702"	
"457.121949"	"457.121960"	"630"	""		"10526.544406"	"32396.41519"	"5f.6d.7s2"	"3G*"	"3"	"6d4"	"3P1"	"2"		""	"L5951"	
"457.15311"	"457.153027"	"100"	""		"18431.686609"	"40300.0712"	"5f.7s2.7p"	"3G"	"3"	""	"*"	"4"		""	"L5951"	
"457.19579"	"457.195680"	"130"	""		"9804.806547"	"31671.1510"	"6d3.(4F).7s"	"5F"	"5"	""	"*"	"4"		""	"L5951"	
"457.23274"	"457.232774"	"9"	""		"21539.59257"	"43404.1631"	""	"*"	"4"	""	""	"4"		""	"L12239"	
"457.26390"	"457.263915"	"39"	""		"19039.153374"	"40902.2349"	"6d.7s2.7p"	"3P*"	"2"	""	""	"3"		""	"L5951"	
"457.34331"	"457.343124"	"11"	""		"11802.93238"	"33662.2274"	"6d3.(4P).7s"	"5P"	"2"	""	"*"	"1"		""	"L3552"	
"457.35733"	"457.357477"	"34"	""		"14204.26476"	"36062.8738"	"6d3.(2G).7s"	""	"5"	""	"*"	"4"		""	"L5951"	
"457.37694"	"457.376857"	"20"	""		"11241.73043"	"33099.41329"	"5f.6d.7s2"	"3F*"	"3"	""	""	"3"		""	"L5951"	
"457.40279"	"457.402799"	"240"	""		"12847.96912"	"34704.4123"	"6d3.(4P).7s"	"5P"	"3"	""	"*"	"3"		""	"L5951"	
"457.43058"	"457.430583"	"180"	""		"19986.16721"	"41841.2829"	"5f.6d2.7s"	"5H*"	"6"	""	""	"6"		""	"L5951"	
"457.52506"	"457.525083"	"210"	""		"17501.17592"	"39351.7776"	"5f.6d2.7s"	"5I*"	"5"	""	""	"5"		""	"L5951"	
"457.58210"	"457.582820"	"3"	""		"19039.153374"	"40886.9980"	"6d.7s2.7p"	"3P*"	"2"	""	""	"2"		""	"L3552"	
"457.62718"	"457.627173"	"34"	""		"14032.085336"	"35877.8125"	"6d.7s2.7p"	"3D*"	"2"	"6d4"	""	"2"		""	"L5951"	
"457.64672"	"457.646715"	"80"	""		"17398.39526"	"39243.1896"	"6d3.(4F).7s"	""	"3"	""	"*"	"2"		""	"L5951"	
"457.65424"	"457.654196"	"32"	""		"19516.98043"	"41361.4177"	"6d2.7s.7p"	"5D*"	"2"	"5f.6d2.7p "	"5H"	"3"		""	"L5951"	
"457.67405"	"457.674046"	"66"	""		"11877.839132"	"33721.32901"	"6d.7s2.7p"	"3D*"	"1"	""	""	"2"		""	"L5951"	
"457.69644"	"457.696458"	"16"	""		"15490.077832"	"37332.4981"	"5f.6d.7s2"	"3G*"	"5"	"5f.6d2.7p "	"5K "	"6"		""	"L5951"	
"457.71312"	"457.71314"	"25"	""		"21645.85769"	"43487.4820"	"6d3.(2G).7s"	""	"4"	""	"*"	"4"		""	"L5951"	
"457.75822"	"457.758222"	"170"	""		"16346.64962"	"38186.1228"	"5f.6d2.7s"	"5H*"	"4"	""	""	"4"		""	"L5951"	
"457.77638"	"457.776322"	"37"	""		"18809.88631"	"40648.4960"	"6d2.7s.7p"	"5G*"	"4"	""	""	"4"		""	"L5951"	
"457.782313"	"457.782326"	"330"	""		"3687.987189"	"25526.31045"	"6d2.7s2"	""	"2"	""	"*"	"1"		""	"L5951"	
"457.79064"	"457.790629"	"260"	""		"3865.473772"	"25703.40095"	"6d2.7s2"	"3P"	"1"	""	"*"	"2"		""	"L5951"	
"457.87782"	"457.877565"	"18"	""		"13297.43316"	"35131.2141"	"6d3.(2G).7s"	"3G"	"4"	""	"*"	"4"		""	"L3552"	
"457.88196"	"457.881937"	"100"	""		"21903.40831"	"43736.9808"	"5f.6d2.7s"	"5H*"	"7"	""	""	"6 or 7"		""	"L5951"	
"457.90285"	"457.902883"	"65"	""		"15736.968041"	"37569.5418"	"6d2.7s.7p"	"5F*"	"1"	""	""	"2"		""	"L5951"	
"457.93432"	"457.934256"	"24"	""		"13847.77037"	"35678.8484"	"6d3.(4F).7s"	"3F"	"2"	""	"*"	"1"		""	"L5951"	
"457.93683"	"457.936825"	"73"	""		"16554.24283"	"38385.1984"	"6d3.(2H).7s"	"3H"	"6"	""	"*"	"5"		""	"L5951"	
"457.96413"	"457.964119"	"84"	""		"20566.62381"	"42396.2783"	"6d2.7s.7p"	"5D*"	"4"	""	""	"5"		""	"L5951"	
"457.982709"	"457.982711"	"890"	""		"4961.658832"	"26790.42715"	"6d2.7s2"	"3F"	"4"	""	"*"	"4"		""	"L18702"	
"458.04075"	"458.040579"	"76"	""		"11601.03035"	"33427.0409"	"6d3.(4P).7s"	"5P"	"1"	""	"*"	"2"		""	"L5951"	
"458.09810"	"458.097903"	"11"	""		"18431.686609"	"40254.9660"	"5f.7s2.7p"	"3G"	"3"	""	"*"	"3"		""	"L3552"	
"458.117315"	"458.117326"	"720"	""		"10783.15535"	"32605.50954"	"6d.7s2.7p"	"3F*"	"2"	""	""	"1"		""	"L5951"	
"458.14287"	"458.142939"	"79"	""		"13962.51989"	"35783.6541"	"6d3.(2D2).7s"	""	"1"	""	"*"	"0"		""	"L5951"	
"458.30620"	"458.306246"	"25"	""		"15490.077832"	"37303.4367"	"5f.6d.7s2"	"3G*"	"5"	""	""	"4"		""	"L5951"	
"458.35140"	"458.351499"	"3"	""		"11877.839132"	"33689.0444"	"6d.7s2.7p"	"3D*"	"1"	""	""	"2"		""	"L3552"	
"458.38745"	"458.387434"	"61"	""		"21077.152101"	"42886.6475"	"6d2.7s.7p"	"5F*"	"5"	""	""	"4 or 5"		""	"L5951"	
"458.40413"	"458.404138"	"12"	""		"23015.15141"	"44823.8521"	""	"*"	"5"	""	""	"5 or 6"		""	"L12239"	
"458.42455"	"458.424558"	"96"	""		"7502.287636"	"29310.01688"	"6d3.(4F).7s"	"5F"	"3"	""	"*"	"4"		""	"L5951"	
"458.42990"	"458.429907"	"27"	""		"19948.395175"	"41755.8700"	"6d2.7s.7p"	"5F*"	"4"	""	""	"4"		""	"L5951"	
"458.51750"	"458.517484"	"7"	""		"14243.993748"	"36047.3034"	"5f.6d.7s2"	"3P*"	"1"	""	""	"2"		""	"L3552"	
"458.60386"	"458.603849"	"61"	""		"14032.085336"	"35831.2890"	"6d.7s2.7p"	"3D*"	"2"	""	""	"3"		""	"L5951"	
"458.60625"	"458.606298"	"92"	""		"16346.64962"	"38145.7369"	"5f.6d2.7s"	"5H*"	"4"	""	""	"3"		""	"L5951"	
"458.73320"	"458.732791"	"11"	""		"15863.88829"	"37656.9647"	"6d3.(2D2).7s"	""	"2"	""	"*"	"3"		""	"L3552"	
"458.83500"	"458.834622"	"380"	""		"11802.93238"	"33591.1722"	"6d3.(4P).7s"	"5P"	"2"	"6d3.7p"	"5G*"	"3"		""	"L3552"	
"458.842616"	"458.842614"	"3800"	""		"10414.13700"	"32201.99736"	"5f.6d.7s2"	"1G*"	"4"	""	""	"5"		""	"L18702"	
"458.88009"	"458.880088"	"15"	""		"18614.33811"	"40400.4192"	"6d2.7s.7p"	"5D*"	"1"	""	""	"2"		""	"L5951"	
"458.88437"	"458.884379"	"23"	""		"17224.302340"	"39010.1797"	"6d2.7s.7p"	"5F*"	"2"	""	""	"3"		""	"L5951"	
"458.93280"	"458.932682"	"18"	""		"13297.43316"	"35081.0176"	"6d3.(2G).7s"	"3G"	"4"	""	"*"	"5"		""	"L3552"	
"458.95260"	"458.952374"	"11"	""		"17501.17592"	"39283.8257"	"5f.6d2.7s"	"5I*"	"5"	""	""	"4"		""	"L3552"	
"458.95985"	"458.959906"	"34"	""		"19503.143490"	"41285.4358"	"6d2.7s.7p"	"5F*"	"3"	""	""	"3"		""	"L5951"	
"459.01561"	"459.015625"	"25"	""		"16217.482038"	"37997.1303"	"6d.7s2.7p"	"1D*"	"2"	""	""	"2"		""	"L5951"	
"459.15785"	"459.157942"	"25"	""		"18809.88631"	"40582.7840"	"6d2.7s.7p"	"5G*"	"4"	""	""	"5"		""	"L5951"	
"459.19721"	"459.196876"	"3"	""		"18930.29333"	"40701.3450"	"6d2.7s.7p"	"3G*"	"3"	""	""	"4"		""	"L3552"	
"459.20955"	"459.209525"	"33"	""		"8111.004545"	"29881.45655"	"6d2.7s2"	"1G"	"4"	""	"*"	"4"		""	"L5951"	
"459.25146"	"459.251574"	"43*"	""		"10783.15535"	"32551.61408"	"6d.7s2.7p"	"3F*"	"2"	""	""	"3"		""	"L5951"	
"459.25146"	"459.251645"	"43*"	""		"19516.98043"	"41285.4358"	"6d2.7s.7p"	"5D*"	"2"	""	""	"3"		""	"L5951"	
"459.266606"	"459.266607"	"2800"	""		"8243.602091"	"30011.34827"	"5f.6d.7s2"	"3F*"	"2"	""	""	"3"		""	"L18702"	
"459.27706"	"459.276946"	"18"	""		"18809.88631"	"40577.1425"	"6d2.7s.7p"	"5G*"	"4"	""	""	"3"		""	"L5951"	
"459.28512"	"459.284460"	"3"	""		"15970.09583"	"37736.9959"	"6d3.(2D2).7s"	""	"3"	""	"*"	"2"		""	"L3552"	
"459.28739"	"459.287708"	"15"	""		"17073.80916"	"38840.5553"	"6d3.(4P).7s"	""	"1"	""	"*"	"1"		""	"L12239"	
"459.29574"	"459.295745"	"220"	""		"11197.031257"	"32963.39652"	"5f.6d.7s2"	"3H*"	"5"	""	""	"5"		""	"L5951"	
"459.33602"	"459.336000"	"19"	""		"19948.395175"	"41712.8529"	"6d2.7s.7p"	"5F*"	"4"	""	""	"5"		""	"L5951"	
"459.35134"	"459.351203"	"15*"	""		"20522.71449"	"42286.4519"	"6d2.7s.7p"	"3F*"	"2"	""	""	"3"		""	"L5951"	
"459.35239"	"459.352187"	"160"	""		"17411.224415"	"39174.9152"	"6d.7s2.7p"	"3D*"	"3"	""	""	"3"		""	"L3552"	
"459.364372"	"459.364380"	"670"	""		"13088.56115"	"34851.6743"	"6d3.(2G).7s"	"3G"	"3"	""	"*"	"2"		""	"L5951"	
"459.40460"	"459.404390"	"7"	""		"19817.18191"	"41578.3997"	"6d2.7s.7p"	"5P*"	"1"	""	""	"2"		""	"L3552"	
"459.42600"	"459.425978"	"7"	""		"16346.64962"	"38106.8449"	"5f.6d2.7s"	"5H*"	"4"	""	""	"5"		""	"L3552"	
"459.542066"	"459.542067"	"8700"	""		"3687.987189"	"25442.68552"	"6d2.7s2"	""	"2"	""	"*"	"3"		""	"L18702"	
"459.59020"	"459.590062"	"11"	""		"15863.88829"	"37616.3148"	"6d3.(2D2).7s"	""	"2"	""	"*"	"1"		""	"L3552"	
"459.61378"	"459.613841"	"18"	""		"11601.03035"	"33352.3315"	"6d3.(4P).7s"	"5P"	"1"	""	"*"	"0"		""	"L5951"	
"459.61757"	"459.617589"	"110"	""		"17501.17592"	"39252.2997"	"5f.6d2.7s"	"5I*"	"5"	""	""	"5"		""	"L5951"	
"459.630781"	"459.630789"	"590"	""		"7502.287636"	"29252.78674"	"6d3.(4F).7s"	"5F"	"3"	""	"*"	"2"		""	"L5951"	
"459.72430"	"459.724153"	"15"	""		"16783.84708"	"38529.9290"	"5f.6d2.7s"	"5I*"	"4"	""	""	"3"		""	"L3552"	
"459.84355"	"459.843526"	"86"	""		"17073.80916"	"38814.2460"	"6d3.(4P).7s"	""	"1"	""	"*"	"2"		""	"L5951"	
"459.88881"	"459.888881"	"15"	""		"19948.395175"	"41686.6880"	"6d2.7s.7p"	"5F*"	"4"	""	""	"3"		""	"L3552"	
"459.89401"	"459.894015"	"78"	""		"0.000000"	"21738.05013"	"6d2.7s2"	"3F"	"2"	"5f.6d2.7s"	"5G*"	"2"		""	"L5951"	
"459.92990"	"459.929947"	"12"	""		"17224.302340"	"38960.6542"	"6d2.7s.7p"	"5F*"	"2"	""	""	"2"		""	"L12239"	
"459.94256"	"459.942633"	"16"	""		"15736.968041"	"37472.7204"	"6d2.7s.7p"	"5F*"	"1"	""	""	"1"		""	"L5951"	
"459.97046"	"459.970459"	"260"	""		"5563.141519"	"27297.5790"	"6d3.(4F).7s"	"5F"	"1"	""	"*"	"1"		""	"L5951"	
"460.08717"	"460.087170"	"140"	""		"14481.86965"	"36210.7938"	"5f.6d.7s2"	"3H*"	"6"	""	""	"5"		""	"L5951"	
"460.09708"	"460.096977"	"14"	""		"11877.839132"	"33606.30012"	"6d.7s2.7p"	"3D*"	"1"	""	""	"2"		""	"L12239"	
"460.11021"	"460.110352"	"15"	""		"19503.143490"	"41230.9729"	"6d2.7s.7p"	"5F*"	"3"	""	""	"4"		""	"L12239"	
"460.13455"	"460.134573"	"30"	""		"19986.16721"	"41712.8529"	"5f.6d2.7s"	"5H*"	"6"	""	""	"5"		""	"L5951"	
"460.15498"	"460.154898"	"16"	""		"20214.92997"	"41940.6560"	"6d2.7s.7p"	"5D*"	"3"	""	""	"4"		""	"L5951"	
"460.15674"	"460.15683"	"16"	""		"19273.28060"	"40998.9153"	"6d3.(2P).7s"	""	"2"	""	"*"	"1"		""	"L5951"	
"460.24205"	"460.242052"	"42"	""		"15490.077832"	"37211.6898"	"5f.6d.7s2"	"3G*"	"5"	""	""	"5"		""	"L5951"	
"460.27950"	"460.279853"	"7"	""		"20566.62381"	"42286.4519"	"6d2.7s.7p"	"5D*"	"4"	""	""	"3"		""	"L3552"	
"460.31131"	"460.310276"	"190"	""		"15166.900593"	"36885.2932"	"6d2.7s.7p"	"5G*"	"3"	""	""	"4"		""	"L3552"	
"460.314452"	"460.314462"	"990"	""		"8243.602091"	"29961.79723"	"5f.6d.7s2"	"3F*"	"2"	""	""	"1"		""	"L18702"	
"460.33686"	"460.336851"	"55"	""		"8800.249723"	"30517.38856"	"6d3.(4F).7s"	"5F"	"4"	""	"*"	"4"		""	"L5951"	
"460.34340"	"460.342841"	"3"	""		"8800.249723"	"30517.10597"	"6d3.(4F).7s"	"5F"	"4"	""	"*"	"5"		""	"L3552"	
"460.35370"	"460.354029"	"7"	""		"13962.51989"	"35678.8484"	"6d3.(2D2).7s"	""	"1"	""	"*"	"1"		""	"L3552"	
"460.54283"	"460.542927"	"17"	""		"19273.28060"	"40980.7020"	"6d3.(2P).7s"	""	"2"	""	"*"	"3"		""	"L12239"	
"460.58237"	"460.582407"	"47"	""		"18549.40528"	"40254.9660"	"6d3.(4P).7s"	""	"2"	""	"*"	"3"		""	"L5951"	
"460.72241"	"460.722602"	"11"	""		"13175.113345"	"34874.0693"	"5f.6d.7s2"	"3G*"	"4"	""	""	"3"		""	"L3552"	
"460.73780"	"460.737801"	"290"	""		"13175.113345"	"34873.3535"	"5f.6d.7s2"	"3G*"	"4"	""	""	"4"		""	"L5951"	
"460.76600"	"460.765964"	"82"	""		"21077.152101"	"42774.0660"	"6d2.7s.7p"	"5F*"	"5"	""	""	"6"		""	"L5951"	
"460.78327"	"460.783333"	"76"	""		"11601.03035"	"33297.1264"	"6d3.(4P).7s"	"5P"	"1"	""	"*"	"2"		""	"L5951"	
"460.793472"	"460.793479"	"820"	""		"7502.287636"	"29197.90600"	"6d3.(4F).7s"	"5F"	"3"	""	"*"	"2"		""	"L18702"	
"460.83767"	"460.837670"	"27"	""		"20214.92997"	"41908.4679"	"6d2.7s.7p"	"5D*"	"3"	""	""	"3"		""	"L5951"	
"460.862004"	"460.8620019"	"640"	""		"2869.259165"	"24561.65178"	"6d2.7s2"	"3F"	"3"	""	"*"	"3"		""	"L5951"	
"460.91318"	"460.913182"	"25"	""		"19713.03109"	"41403.0150"	"6d3.(2F).7s"	"3F"	"3"	""	"*"	"2"		""	"L5951"	
"460.94391"	"460.943698"	"7"	""		"13945.307389"	"35633.8554"	"6d.7s2.7p"	"3F*"	"3"	""	""	"4"		""	"L3552"	
"460.95160"	"460.952006"	"7"	""		"15618.98461"	"37307.1417"	"5f.6d2.7s"	"5H*"	"3"	"6d4"	""	"3"		""	"L3552"	
"460.97960"	"460.979387"	"7"	""		"15970.09583"	"37656.9647"	"6d3.(2D2).7s"	""	"3"	""	"*"	"3"		""	"L3552"	
"461.00809"	"461.008103"	"120"	""		"13847.77037"	"35533.2884"	"6d3.(4F).7s"	"3F"	"2"	""	"*"	"2"		""	"L5951"	
"461.03070"	"461.030765"	"19"	""		"15618.98461"	"37303.4367"	"5f.6d2.7s"	"5H*"	"3"	""	""	"4"		""	"L3552"	
"461.04567"	"461.045751"	"28"	""		"4961.658832"	"26645.40609"	"6d2.7s2"	"3F"	"4"	""	"*"	"5"		""	"L12239"	
"461.05345"	"461.053442"	"35"	""		"18809.88631"	"40493.2719"	"6d2.7s.7p"	"5G*"	"4"	""	""	"3"		""	"L5951"	
"461.062721"	"461.062719"	"460"	""		"18011.38030"	"39694.3296"	"5f.6d2.7s"	"5H*"	"5"	"5f.6d2.7p "	"5I"	"5"		""	"L5951"	
"461.17582"	"461.175879"	"110"	""		"19227.33665"	"40904.9656"	"5f.6d2.7s"	"5I*"	"6"	""	""	"5"		""	"L5951"	
"461.254346"	"461.254266"	"450"	""		"13175.113345"	"34849.05842"	"5f.6d.7s2"	"3G*"	"4"	""	""	"5"		""	"L5951"	
"461.360441"	"461.3604441"	"670"	""		"0.000000"	"21668.957072"	"6d2.7s2"	"3F"	"2"	"6d2.7s.7p"	"5P*"	"1"		""	"L18702"	
"461.41628"	"461.416288"	"49"	""		"15493.21943"	"37159.5540"	"6d3.(2H).7s"	"3H"	"4"	""	"*"	"3"		""	"L5951"	
"461.42784"	"461.427813"	"18"	""		"20054.77119"	"41720.5646"	"6d3.(2F).7s"	"3F"	"2"	""	"*"	"2"		""	"L5951"	
"461.502404"	"461.502407"	"740"	""		"6362.395980"	"28024.68756"	"6d3.(4F).7s"	"5F"	"2"	""	"*"	"1"		""	"L5951"	
"461.50811"	"461.508238"	"23"	""		"20566.62381"	"42228.6417"	"6d2.7s.7p"	"5D*"	"4"	""	""	"4"		""	"L5951"	
"461.533407"	"461.533405"	"830"	""		"3865.473772"	"25526.31045"	"6d2.7s2"	"3P"	"1"	""	"*"	"1"		""	"L18702"	
"461.56707"	"461.567094"	"43"	""		"12114.36618"	"33773.6219"	"5f.6d.7s2"	"1D*"	"2"	""	""	"1"		""	"L5951"	
"461.58838"	"461.588353"	"87"	""		"19039.153374"	"40697.4116"	"6d.7s2.7p"	"3P*"	"2"	""	""	"2 or 3"		""	"L5951"	
"461.64524"	"461.645242"	"110"	""		"7502.287636"	"29157.87692"	"6d3.(4F).7s"	"5F"	"3"	""	"*"	"3"		""	"L5951"	
"461.72964"	"461.729613"	"34*"	""		"14481.86965"	"36133.5019"	"5f.6d.7s2"	"3H*"	"6"	""	""	"5"		""	"L5951"	
"461.72964"	"461.729705"	"34*"	""		"17959.89498"	"39611.5229"	"6d3.(4F).7s"	"3F"	"4"	""	"*"	"3"		""	"L5951"	
"461.73840"	"461.738473"	"11"	""		"15166.900593"	"36818.1174"	"6d2.7s.7p"	"5G*"	"3"	""	""	"2"		""	"L3552"	
"461.82580"	"461.825831"	"16"	""		"18930.29333"	"40577.4147"	"6d2.7s.7p"	"3G*"	"3"	""	""	"2"		""	"L5951"	
"461.89128"	"461.891329"	"20"	""		"12847.96912"	"34492.0209"	"6d3.(4P).7s"	"5P"	"3"	""	"*"	"4"		""	"L5951"	
"461.92231"	"461.922085"	"7"	""		"19588.36224"	"41230.9729"	"6d2.7s.7p"	"5G*"	"5"	""	""	"4"		""	"L3552"	
"461.96263"	"461.962618"	"38"	""		"18053.617845"	"39694.3296"	"6d.7s2.7p"	"3F*"	"4"	"5f.6d2.7p "	"5I"	"5"		""	"L5951"	
"462.024084"	"462.024091"	"360"	""		"7280.123222"	"28917.95572"	"6d2.7s2"	""	"2"	""	"*"	"2"		""	"L5951"	
"462.04476"	"462.044769"	"300"	""		"13088.56115"	"34725.4253"	"6d3.(2G).7s"	"3G"	"3"	""	"*"	"3"		""	"L5951"	
"462.06743"	"462.067439"	"50"	""		"10526.544406"	"32162.34702"	"5f.6d.7s2"	"3G*"	"3"	""	""	"2"		""	"L5951"	
"462.07051"	"462.070925"	"12"	""		"15970.09583"	"37605.7352"	"6d3.(2D2).7s"	""	"3"	""	"*"	"4"		""	"L3552"	
"462.10738"	"462.107393"	"190"	""		"3687.987189"	"25321.91918"	"6d2.7s2"	""	"2"	""	"*"	"3"		""	"L5951"	
"462.116283"	"462.116291"	"1100"	""		"8111.004545"	"29744.51997"	"6d2.7s2"	"1G"	"4"	""	"*"	"3"		""	"L18702"	
"462.16555"	"462.165546"	"87"	""		"13945.307389"	"35576.5173"	"6d.7s2.7p"	"3F*"	"3"	""	""	"3"		""	"L5951"	
"462.27415"	"462.274075"	"29"	""		"19588.36224"	"41214.4938"	"6d2.7s.7p"	"5G*"	"5"	""	""	"5"		""	"L5951"	
"462.31169"	"462.311689"	"160"	""		"14206.91694"	"35831.2890"	"5f.6d.7s2"	"3F*"	"4"	""	""	"3"		""	"L5951"	
"462.31729"	"462.317324"	"39"	""		"11802.93238"	"33427.0409"	"6d3.(4P).7s"	"5P"	"2"	""	"*"	"2"		""	"L5951"	
"462.35559"	"462.355598"	"53"	""		"8111.004545"	"29733.32304"	"6d2.7s2"	"1G"	"4"	""	"*"	"5"		""	"L5951"	
"462.40480"	"462.404811"	"21"	""		"20322.26571"	"41942.2830"	"5f.6d.7s2"	"1H*"	"5"	""	""	"5"		""	"L5951"	
"462.431400"	"462.431397"	"310"	""		"3687.987189"	"25306.76154"	"6d2.7s2"	""	"2"	""	"*"	"2"		""	"L5951"	
"462.46776"	"462.467750"	"110*"	""		"20322.26571"	"41939.3407"	"5f.6d.7s2"	"1H*"	"5"	""	""	"5"		""	"L5951"	
"462.49417"	"462.493934"	"13"	""		"13088.56115"	"34704.4123"	"6d3.(2G).7s"	"3G"	"3"	""	"*"	"3"		""	"L12239"	
"462.52747"	"462.527465"	"160"	""		"13847.77037"	"35462.0545"	"6d3.(4F).7s"	"3F"	"2"	""	"*"	"3"		""	"L5951"	
"462.54938"	"462.549386"	"170"	""		"10783.15535"	"32396.41519"	"6d.7s2.7p"	"3F*"	"2"	"6d4"	"3P1"	"2"		""	"L5951"	
"462.58930"	"462.589344"	"8"	""		"18069.065569"	"39680.4585"	"6d.7s2.7p"	"1F*"	"3"	""	""	"2"		""	"L3552"	
"462.65211"	"462.652169"	"20"	""		"15166.900593"	"36775.3589"	"6d2.7s.7p"	"5G*"	"3"	""	""	"3"		""	"L3552"	
"462.70440"	"462.704475"	"16"	""		"17354.638583"	"38960.6542"	"5f.6d.7s2"	"3D*"	"1"	""	""	"2"		""	"L5951"	
"462.729790"	"462.729790"	"660"	""		"7280.123222"	"28884.95681"	"6d2.7s2"	""	"2"	""	"*"	"3"		""	"L18702"	
"462.75030"	"462.75020"	"12"	""		"20423.494218"	"42027.3749"	"6d.7s2.7p"	"3P*"	"1"	"6d4"	"1D"	"2"		""	"L3552"	
"462.78644"	"462.786486"	"67"	""		"17959.89498"	"39562.0818"	"6d3.(4F).7s"	"3F"	"4"	""	"*"	"4"		""	"L5951"	
"462.820141"	"462.820143"	"1200"	""		"8111.004545"	"29711.62048"	"6d2.7s2"	"1G"	"4"	""	"*"	"5"		""	"L18702"	
"462.85572"	"462.855728"	"130"	""		"17411.224415"	"39010.1797"	"6d.7s2.7p"	"3D*"	"3"	""	""	"3"		""	"L5951"	
"462.85853"	"462.858607"	"96"	""		"10414.13700"	"32012.95790"	"5f.6d.7s2"	"1G*"	"4"	""	""	"4"		""	"L5951"	
"462.91997"	"462.919935"	"36"	""		"17073.80916"	"38669.7687"	"6d3.(4P).7s"	""	"1"	""	"*"	"2"		""	"L5951"	
"462.92878"	"462.928804"	"23"	""		"18431.686609"	"40027.2324"	"5f.7s2.7p"	"3G"	"3"	""	"*"	"3"		""	"L5951"	
"463.01671"	"463.016684"	"25"	""		"8243.602091"	"29835.04913"	"5f.6d.7s2"	"3F*"	"2"	""	""	"3"		""	"L5951"	
"463.06396"	"463.064009"	"46"	""		"13297.43316"	"34886.6736"	"6d3.(2G).7s"	"3G"	"4"	""	"*"	"5"		""	"L5951"	
"463.10220"	"463.102204"	"100"	""		"14206.91694"	"35794.3768"	"5f.6d.7s2"	"3F*"	"4"	"6d4"	"3F1"	"4"		""	"L5951"	
"463.11304"	"463.11305"	"39"	""		"21252.60286"	"42839.5573"	""	"*"	"2"	""	""	"3"		""	"L5951"	
"463.164214"	"463.164220"	"570"	""		"11197.031257"	"32781.60068"	"5f.6d.7s2"	"3H*"	"5"	""	""	"4"		""	"L5951"	
"463.19011"	"463.190038"	"8"	""		"17224.302340"	"38807.6687"	"6d2.7s.7p"	"5F*"	"2"	""	""	"2"		""	"L3552"	
"463.20372"	"463.203686"	"21"	""		"16783.84708"	"38366.5775"	"5f.6d2.7s"	"5I*"	"4"	"6d4"	""	"4"		""	"L5951"	
"463.21387"	"463.213886"	"34"	""		"12847.96912"	"34430.2243"	"6d3.(4P).7s"	"5P"	"3"	""	"*"	"3"		""	"L5951"	
"463.21760"	"463.217613"	"28"	""		"14465.221873"	"36047.3034"	"6d2.7s.7p"	"5G*"	"2"	""	""	"2"		""	"L5951"	
"463.22941"	"463.229794"	"12"	""		"10414.13700"	"31995.65103"	"5f.6d.7s2"	"1G*"	"4"	""	""	"4"		""	"L3552"	
"463.361854"	"463.361851"	"360"	""		"8111.004545"	"29686.36795"	"6d2.7s2"	"1G"	"4"	""	"*"	"3"		""	"L5951"	
"463.376581"	"463.376567"	"950"	""		"12114.36618"	"33689.0444"	"5f.6d.7s2"	"1D*"	"2"	""	""	"2"		""	"L18702"	
"463.40237"	"463.402313"	"30"	""		"20522.71449"	"42096.1941"	"6d2.7s.7p"	"3F*"	"2"	""	""	"3"		""	"L5951"	
"463.42271"	"463.422917"	"12"	""		"19039.153374"	"40611.6738"	"6d.7s2.7p"	"3P*"	"2"	""	""	"2"		""	"L3552"	
"463.46048"	"463.460556"	"37"	""		"13962.51989"	"35533.2884"	"6d3.(2D2).7s"	""	"1"	""	"*"	"2"		""	"L5951"	
"463.48091"	"463.480888"	"23"	""		"23609.16775"	"45178.9900"	""	"*"	"5"	""	""	"6"		""	"L5951"	
"463.6401"	"463.640089"	"6"	""		"19986.16721"	"41548.5831"	"5f.6d2.7s"	"5H*"	"6"	""	""	"6"		""	"L12239"	
"463.64806"	"463.648093"	"15"	""		"19227.33665"	"40789.3803"	"5f.6d2.7s"	"5I*"	"6"	""	""	"5"		""	"L5951"	
"463.67581"	"463.675938"	"16"	""		"11601.03035"	"33161.7792"	"6d3.(4P).7s"	"5P"	"1"	""	"*"	"1"		""	"L3552"	
"463.71892"	"463.718961"	"76"	""		"21077.152101"	"42635.9006"	"6d2.7s.7p"	"5F*"	"5"	""	""	"5"		""	"L5951"	
"463.79383"	"463.793864"	"51"	""		"17354.638583"	"38909.9054"	"5f.6d.7s2"	"3D*"	"1"	""	""	"1"		""	"L5951"	
"463.812593"	"463.812594"	"390"	""		"11241.73043"	"32796.12677"	"5f.6d.7s2"	"3F*"	"3"	""	""	"3"		""	"L5951"	
"463.85943"	"463.859381"	"17"	""		"19948.395175"	"41500.6175"	"6d2.7s.7p"	"5F*"	"4"	""	""	"3"		""	"L5951"	
"463.868473"	"463.868482"	"1400"	""		"2869.259165"	"24421.05861"	"6d2.7s2"	"3F"	"3"	""	"*"	"3"		""	"L18702"	
"463.89174"	"463.891734"	"25"	""		"18549.40528"	"40100.1245"	"6d3.(4P).7s"	""	"2"	""	"*"	"3"		""	"L5951"	
"463.91947"	"463.919492"	"15"	""		"17411.224415"	"38960.6542"	"6d.7s2.7p"	"3D*"	"3"	""	""	"2"		""	"L12239"	
"463.951881"	"463.951891"	"440"	""		"15493.21943"	"37041.1444"	"6d3.(2H).7s"	"3H"	"4"	""	"*"	"4"		""	"L5951"	
"463.97562"	"463.975612"	"19"	""		"18549.40528"	"40096.2286"	"6d3.(4P).7s"	""	"2"	""	"*"	"2"		""	"L5951"	
"463.98541"	"463.985388"	"120"	""		"4961.658832"	"26508.02820"	"6d2.7s2"	"3F"	"4"	""	"*"	"3"		""	"L5951"	
"463.989558"	"463.989569"	"300"	""		"16346.64962"	"37892.8248"	"5f.6d2.7s"	"5H*"	"4"	"5f.6d2.7p "	"5I"	"4"		""	"L5951"	
"464.03960"	"464.040548"	"4"	""		"16346.64962"	"37890.4578"	"5f.6d2.7s"	"5H*"	"4"	""	""	"5"		""	"L3552"	
"464.10240"	"464.102336"	"8"	""		"20214.92997"	"41755.8700"	"6d2.7s.7p"	"5D*"	"3"	""	""	"4"		""	"L3552"	
"464.10753"	"464.107538"	"25"	""		"18809.88631"	"40350.5849"	"6d2.7s.7p"	"5G*"	"4"	""	""	"3"		""	"L5951"	
"464.122935"	"464.122913"	"300"	""		"11197.031257"	"32737.01627"	"5f.6d.7s2"	"3H*"	"5"	""	""	"5"		""	"L5951"	
"464.125367"	"464.125386"	"540"	""		"11241.73043"	"32781.60068"	"5f.6d.7s2"	"3F*"	"3"	""	""	"4"		""	"L5951"	
"464.15996"	"464.160057"	"32"	""		"19039.153374"	"40577.4147"	"6d.7s2.7p"	"3P*"	"2"	""	""	"2"		""	"L5951"	
"464.16871"	"464.169127"	"21"	""		"22399.39666"	"43937.2371"	"5f.6d2.7s"	"3I*"	"5"	""	""	"6"		""	"L3552"	
"464.28160"	"464.281885"	"12"	""		"13175.113345"	"34707.7231"	"5f.6d.7s2"	"3G*"	"4"	""	""	"3"		""	"L3552"	
"464.32660"	"464.326128"	"4"	""		"16217.482038"	"37748.0401"	"6d.7s2.7p"	"1D*"	"2"	""	""	"2"		""	"L3552"	
"464.355662"	"464.355654"	"400"	""		"14204.26476"	"35733.4538"	"6d3.(2G).7s"	""	"5"	""	"*"	"4"		""	"L5951"	
"464.44950"	"464.449497"	"17"	""		"5563.141519"	"27087.98061"	"6d3.(4F).7s"	"5F"	"1"	""	"*"	"1"		""	"L3552"	
"464.470720"	"464.470722"	"520"	""		"12847.96912"	"34371.8246"	"6d3.(4P).7s"	"5P"	"3"	""	"*"	"2"		""	"L5951"	
"464.49154"	"464.491559"	"21"	""		"19516.98043"	"41039.8704"	"6d2.7s.7p"	"5D*"	"2"	""	""	"2"		""	"L5951"	
"464.51860"	"464.519003"	"12"	""		"18574.61019"	"40096.2286"	"6d3.(2P).7s"	""	"1"	""	"*"	"2"		""	"L3552"	
"464.61802"	"464.618184"	"23"	""		"23306.82782"	"44823.8521"	"5f.6d2.7s"	"3I*"	"6"	""	""	"5 or 6"		""	"L5951"	
"464.65028"	"464.650350"	"23"	""		"15493.21943"	"37008.7542"	"6d3.(2H).7s"	"3H"	"4"	""	"*"	"5"		""	"L5951"	
"464.65403"	"464.654028"	"300"	""		"10414.13700"	"31929.50145"	"5f.6d.7s2"	"1G*"	"4"	""	""	"3"		""	"L5951"	
"464.668629"	"464.668610"	"670"	""		"10526.544406"	"32041.23370"	"5f.6d.7s2"	"3G*"	"3"	""	""	"2"		""	"L18702"	
"464.70670"	"464.706729"	"71"	""		"11877.839132"	"33390.76362"	"6d.7s2.7p"	"3D*"	"1"	""	""	"1"		""	"L5951"	
"464.725098"	"464.725098"	"1100"	""		"2869.259165"	"24381.33337"	"6d2.7s2"	"3F"	"3"	""	"*"	"2"		""	"L18702"	
"464.79564"	"464.795633"	"91"	""		"18011.38030"	"39520.1900"	"5f.6d2.7s"	"5H*"	"5"	""	""	"4"		""	"L5951"	
"464.83514"	"464.835117"	"62"	""		"19503.143490"	"41010.1262"	"6d2.7s.7p"	"5F*"	"3"	""	""	"3"		""	"L5951"	
"464.88545"	"464.88532"	"19"	""		"20522.71449"	"42027.3749"	"6d2.7s.7p"	"3F*"	"2"	"6d4"	"1D"	"2"		""	"L5951"	
"464.95373"	"464.953789"	"33"	""		"22877.58322"	"44379.0767"	""	"*"	"5"	""	""	"5"		""	"L5951"	
"464.997771"	"464.997778"	"310"	""		"17166.10472"	"38665.5642"	"6d3.(2H).7s"	"3H"	"5"	""	"*"	"5"		""	"L5951"	
"465.023413"	"465.023437"	"930"	""		"5563.141519"	"27061.41472"	"6d3.(4F).7s"	"5F"	"1"	""	"*"	"2"		""	"L18702"	
"465.02882"	"465.028775"	"110"	""		"20867.97560"	"42366.0020"	"5f.6d2.7s"	"5I*"	"7"	""	""	"6"		""	"L5951"	
"465.06303"	"465.063023"	"130"	""		"18930.29333"	"40426.7366"	"6d2.7s.7p"	"3G*"	"3"	""	""	"4"		""	"L5951"	
"465.10635"	"465.106325"	"120"	""		"13088.56115"	"34583.0031"	"6d3.(2G).7s"	"3G"	"3"	""	"*"	"3"		""	"L5951"	
"465.11171"	"465.111690"	"160"	""		"11802.93238"	"33297.1264"	"6d3.(4P).7s"	"5P"	"2"	""	"*"	"2"		""	"L5951"	
"465.15932"	"465.159321"	"120"	""		"11802.93238"	"33294.9255"	"6d3.(4P).7s"	"5P"	"2"	""	"*"	"3"		""	"L18702"	
"465.27458"	"465.274592"	"56"	""		"15166.900593"	"36653.5692"	"6d2.7s.7p"	"5G*"	"3"	""	""	"2"		""	"L5951"	
"465.28011"	"465.280116"	"35"	""		"10526.544406"	"32012.95790"	"5f.6d.7s2"	"3G*"	"3"	""	""	"4"		""	"L5951"	
"465.28210"	"465.282068"	"30"	""		"17224.302340"	"38710.6257"	"6d2.7s.7p"	"5F*"	"2"	""	""	"1"		""	"L5951"	
"465.40057"	"465.400605"	"120"	""		"13847.77037"	"35328.6213"	"6d3.(4F).7s"	"3F"	"2"	""	"*"	"1"		""	"L5951"	
"465.50322"	"465.503248"	"210*"	""		"12847.96912"	"34324.0836"	"6d3.(4P).7s"	"5P"	"3"	""	"*"	"2"		""	"L5951"	
"465.52101"	"465.521747"	"430"	""		"18431.686609"	"39906.9477"	"5f.7s2.7p"	"3G"	"3"	""	"*"	"4"		""	"L3552"	
"465.53280"	"465.533236"	"4"	""		"17847.07751"	"39321.8086"	"5f.6d.7s2"	"3P*"	"2"	""	""	"3"		""	"L3552"	
"465.58180"	"465.582246"	"17"	""		"16346.64962"	"37819.1202"	"5f.6d2.7s"	"5H*"	"4"	""	""	"4"		""	"L3552"	
"465.59742"	"465.597696"	"13"	""		"20214.92997"	"41686.6880"	"6d2.7s.7p"	"5D*"	"3"	""	""	"3"		""	"L3552"	
"465.65519"	"465.655198"	"210"	""		"10526.544406"	"31995.65103"	"5f.6d.7s2"	"3G*"	"3"	""	""	"4"		""	"L5951"	
"465.67020"	"465.670255"	"39"	""		"11241.73043"	"32710.14290"	"5f.6d.7s2"	"3F*"	"3"	""	""	"2"		""	"L5951"	
"465.70330"	"465.703700"	"4"	""		"15618.98461"	"37085.8553"	"5f.6d2.7s"	"5H*"	"3"	""	""	"4"		""	"L3552"	
"465.73281"	"465.732782"	"27"	""		"14032.085336"	"35497.6156"	"6d.7s2.7p"	"3D*"	"2"	""	""	"2"		""	"L5951"	
"465.83783"	"465.837826"	"190"	""		"23306.82782"	"44767.5178"	"5f.6d2.7s"	"3I*"	"6"	""	""	"6 or 7"		""	"L5951"	
"465.85262"	"465.852629"	"190"	""		"13945.307389"	"35405.3154"	"6d.7s2.7p"	"3F*"	"3"	""	""	"3"		""	"L5951"	
"465.89627"	"465.89672"	"15"	""		"22399.39666"	"43857.3737"	"5f.6d2.7s"	"3I*"	"5"	""	""	"5"		""	"L12239"	
"465.94586"	"465.945758"	"23"	""		"17501.17592"	"38956.8948"	"5f.6d2.7s"	"5I*"	"5"	""	""	"4"		""	"L5951"	
"465.956987"	"465.956997"	"490"	""		"8800.249723"	"30255.45106"	"6d3.(4F).7s"	"5F"	"4"	""	"*"	"3"		""	"L5951"	
"465.98046"	"465.980515"	"23"	""		"19039.153374"	"40493.2719"	"6d.7s2.7p"	"3P*"	"2"	""	""	"3"		""	"L5951"	
"466.00409"	"466.004157"	"30"	""		"17354.638583"	"38807.6687"	"5f.6d.7s2"	"3D*"	"1"	""	""	"2"		""	"L5951"	
"466.00963"	"466.009760"	"16"	""		"18053.617845"	"39506.3900"	"6d.7s2.7p"	"3F*"	"4"	""	""	"3"		""	"L5951"	
"466.02540"	"466.025368"	"88"	""		"17501.17592"	"38953.2296"	"5f.6d2.7s"	"5I*"	"5"	""	""	"5"		""	"L3552"	
"466.02583"	"466.025927"	"64"	""		"14226.82045"	"35678.8484"	"6d3.(2P).7s"	""	"0"	""	"*"	"1"		""	"L5951"	
"466.05521"	"466.055267"	"21"	""		"13945.307389"	"35395.9849"	"6d.7s2.7p"	"3F*"	"3"	""	""	"2"		""	"L5951"	
"466.11101"	"466.110932"	"31"	""		"21176.0061"	"42624.1219"	"6d4"	"5D"	"0"	""	"*"	"1"		""	"L5951"	
"466.11364"	"466.113707"	"39"	""		"18809.88631"	"40257.8744"	"6d2.7s.7p"	"5G*"	"4"	""	""	"4"		""	"L5951"	
"466.15936"	"466.159387"	"66"	""		"19503.143490"	"40949.0299"	"6d2.7s.7p"	"5F*"	"3"	""	""	"3"		""	"L5951"	
"466.19607"	"466.196147"	"38"	""		"23015.15141"	"44459.3468"	""	"*"	"5"	""	""	"5"		""	"L5951"	
"466.22968"	"466.229498"	"22"	""		"19516.98043"	"40959.6419"	"6d2.7s.7p"	"5D*"	"2"	""	""	"2"		""	"L5951"	
"466.25936"	"466.259368"	"150"	""		"3865.473772"	"25306.76154"	"6d2.7s2"	"3P"	"1"	""	"*"	"2"		""	"L5951"	
"466.320259"	"466.320262"	"3200"	""		"2869.259165"	"24307.74711"	"6d2.7s2"	"3F"	"3"	""	"*"	"2"		""	"L18702"	
"466.47875"	"466.478761"	"63"	""		"11877.839132"	"33309.04285"	"6d.7s2.7p"	"3D*"	"1"	""	""	"2"		""	"L5951"	
"466.49704"	"466.497041"	"280"	""		"7502.287636"	"28932.65158"	"6d3.(4F).7s"	"5F"	"3"	""	"*"	"4"		""	"L5951"	
"466.54877"	"466.548677"	"20"	""		"13297.43316"	"34725.4253"	"6d3.(2G).7s"	"3G"	"4"	""	"*"	"3"		""	"L5951"	
"466.56701"	"466.566979"	"60"	""		"18809.88631"	"40237.0379"	"6d2.7s.7p"	"5G*"	"4"	""	""	"5"		""	"L5951"	
"466.57163"	"466.571620"	"220"	""		"14206.91694"	"35633.8554"	"5f.6d.7s2"	"3F*"	"4"	""	""	"4"		""	"L5951"	
"466.651575"	"466.651587"	"1400"	""		"4961.658832"	"26384.92556"	"6d2.7s2"	"3F"	"4"	""	"*"	"4"		""	"L18702"	
"466.679846"	"466.679844"	"1600"	""		"6362.395980"	"27784.36557"	"6d3.(4F).7s"	"5F"	"2"	""	"*"	"2"		""	"L18702"	
"466.79210"	"466.792036"	"110"	""		"24084.94271"	"45501.7637"	"6d2.7s.7p"	"5G*"	"6"	""	""	"6 or 7"		""	"L5951"	
"466.81322"	"466.813184"	"100"	""		"17398.39526"	"38814.2460"	"6d3.(4F).7s"	""	"3"	""	"*"	"2"		""	"L5951"	
"466.817166"	"466.817166"	"2500"	""		"7502.287636"	"28917.95572"	"6d3.(4F).7s"	"5F"	"3"	""	"*"	"2"		""	"L18702"	
"466.84921"	"466.849552"	"13"	""		"17166.10472"	"38580.2872"	"6d3.(2H).7s"	"3H"	"5"	""	"*"	"4"		""	"L3552"	
"466.92673"	"466.926732"	"43"	""		"18614.33811"	"40024.9810"	"6d2.7s.7p"	"5D*"	"1"	""	""	"2"		""	"L5951"	
"466.93561"	"466.935587"	"250"	""		"19227.33665"	"40637.5735"	"5f.6d2.7s"	"5I*"	"6"	""	""	"6"		""	"L5951"	
"466.96658"	"466.966589"	"140"	""		"14032.085336"	"35440.9008"	"6d.7s2.7p"	"3D*"	"2"	"6d4"	""	"3"		""	"L5951"	
"466.998426"	"466.998426"	"3600"	""		"8243.602091"	"29650.95804"	"5f.6d.7s2"	"3F*"	"2"	""	""	"2"		""	"L18702"	
"467.00667"	"467.006646"	"32"	""		"13297.43316"	"34704.4123"	"6d3.(2G).7s"	"3G"	"4"	""	"*"	"3"		""	"L12239"	
"467.08346"	"467.083438"	"78"	""		"13088.56115"	"34492.0209"	"6d3.(2G).7s"	"3G"	"3"	""	"*"	"4"		""	"L5951"	
"467.09441"	"467.094409"	"190"	""		"10526.544406"	"31929.50145"	"5f.6d.7s2"	"3G*"	"3"	""	""	"3"		""	"L5951"	
"467.10910"	"467.109279"	"8"	""		"16783.84708"	"38186.1228"	"5f.6d2.7s"	"5I*"	"4"	""	""	"4"		""	"L3552"	
"467.1786"	"467.178788"	"6"	""		"19503.143490"	"40902.2349"	"6d2.7s.7p"	"5F*"	"3"	""	""	"3"		""	"L12239"	
"467.23303"	"467.233074"	"28"	""		"18699.62342"	"40096.2286"	"5f.7s2.7p"	"3F"	"2"	""	"*"	"2"		""	"L5951"	
"467.23701"	"467.236588"	"8"	""		"17411.224415"	"38807.6687"	"6d.7s2.7p"	"3D*"	"3"	""	""	"2"		""	"L3552"	
"467.24372"	"467.243695"	"120"	""		"7280.123222"	"28676.24203"	"6d2.7s2"	""	"2"	""	"*"	"3"		""	"L5951"	
"467.26343"	"467.263425"	"31"	""		"15490.077832"	"36885.2932"	"5f.6d.7s2"	"3G*"	"5"	""	""	"4"		""	"L5951"	
"467.30318"	"467.303128"	"130"	""		"17073.80916"	"38467.2068"	"6d3.(4P).7s"	""	"1"	""	"*"	"2"		""	"L5951"	
"467.30502"	"467.305016"	"220"	""		"7280.123222"	"28673.43441"	"6d2.7s2"	""	"2"	""	"*"	"2"		""	"L5951"	
"467.366093"	"467.366094"	"15000"	""		"2869.259165"	"24259.77463"	"6d2.7s2"	"3F"	"3"	""	"*"	"4"		""	"L18702"	
"467.38050"	"467.379627"	"8"	""		"9804.806547"	"31194.70265"	"6d3.(4F).7s"	"5F"	"5"	"5f.6d3"	"5I*"	"4"		""	"L3552"	
"467.40061"	"467.400973"	"13"	""		"14032.085336"	"35421.0046"	"6d.7s2.7p"	"3D*"	"2"	""	""	"1"		""	"L3552"	
"467.47721"	"467.477297"	"28"	""		"18930.29333"	"40315.7205"	"6d2.7s.7p"	"3G*"	"3"	""	""	"4"		""	"L5951"	
"467.51151"	"467.511678"	"19"	""		"19503.143490"	"40886.9980"	"6d2.7s.7p"	"5F*"	"3"	""	""	"2"		""	"L12239"	
"467.537601"	"467.537595"	"470"	""		"7502.287636"	"28884.95681"	"6d3.(4F).7s"	"5F"	"3"	""	"*"	"3"		""	"L5951"	
"467.605551"	"467.605555"	"2700"	""		"10414.13700"	"31793.69851"	"5f.6d.7s2"	"1G*"	"4"	""	""	"4"		""	"L18702"	
"467.61364"	"467.613645"	"280"	""		"10783.15535"	"32162.34702"	"6d.7s2.7p"	"3F*"	"2"	""	""	"2"		""	"L5951"	
"467.62481"	"467.624689"	"8"	""		"17224.302340"	"38602.9891"	"6d2.7s.7p"	"5F*"	"2"	""	""	"2"		""	"L3552"	
"467.697210"	"467.697209"	"410"	""		"14206.91694"	"35582.2888"	"5f.6d.7s2"	"3F*"	"4"	""	""	"5"		""	"L5951"	
"467.81459"	"467.814393"	"43*"	""		"19516.98043"	"40886.9980"	"6d2.7s.7p"	"5D*"	"2"	""	""	"2"		""	"L5951"	
"467.81459"	"467.814710"	"43*"	""		"19986.16721"	"41356.1703"	"5f.6d2.7s"	"5H*"	"6"	""	""	"5"		""	"L5951"	
"467.823526"	"467.823527"	"470"	""		"14206.91694"	"35576.5173"	"5f.6d.7s2"	"3F*"	"4"	""	""	"3"		""	"L5951"	
"467.83623"	"467.836269"	"31"	""		"7280.123222"	"28649.14156"	"6d2.7s2"	""	"2"	""	"*"	"1"		""	"L5951"	
"467.90019"	"467.900139"	"43"	""		"13962.51989"	"35328.6213"	"6d3.(2D2).7s"	""	"1"	""	"*"	"1"		""	"L5951"	
"467.93900"	"467.938948"	"13"	""		"20922.12244"	"42286.4519"	""	"*"	"2"	""	""	"3"		""	"L3552"	
"467.94789"	"467.947800"	"15"	""		"23015.15141"	"44379.0767"	""	"*"	"5"	""	""	"5"		""	"L5951"	
"467.95751"	"467.957779"	"17"	""		"20214.92997"	"41578.3997"	"6d2.7s.7p"	"5D*"	"3"	""	""	"2"		""	"L3552"	
"467.99190"	"467.992389"	"13"	""		"16783.84708"	"38145.7369"	"5f.6d2.7s"	"5I*"	"4"	""	""	"3"		""	"L3552"	
"468.023771"	"468.023773"	"730"	""		"10414.13700"	"31774.59439"	"5f.6d.7s2"	"1G*"	"4"	""	""	"3"		""	"L5951"	
"468.03916"	"468.039174"	"210"	""		"8800.249723"	"30160.00425"	"6d3.(4F).7s"	"5F"	"4"	""	"*"	"4"		""	"L5951"	
"468.05903"	"468.059065"	"120"	""		"11802.93238"	"33161.7792"	"6d3.(4P).7s"	"5P"	"2"	""	"*"	"1"		""	"L5951"	
"468.11160"	"468.111570"	"71"	""		"23306.82782"	"44663.2790"	"5f.6d2.7s"	"3I*"	"6"	""	""	"6 or 7"		""	"L5951"	
"468.12176"	"468.121742"	"160"	""		"17354.638583"	"38710.6257"	"5f.6d.7s2"	"3D*"	"1"	""	""	"1"		""	"L5951"	
"468.17429"	"468.175005"	"4"	""		"11601.03035"	"32954.5879"	"6d3.(4P).7s"	"5P"	"1"	""	"*"	"2"		""	"L3552"	
"468.20782"	"468.207847"	"69"	""		"16217.482038"	"37569.5418"	"6d.7s2.7p"	"1D*"	"2"	""	""	"2"		""	"L5951"	
"468.22319"	"468.223183"	"230"	""		"17959.89498"	"39311.2554"	"6d3.(4F).7s"	"3F"	"4"	""	"*"	"4"		""	"L5951"	
"468.26620"	"468.265999"	"13"	""		"17411.224415"	"38760.6326"	"6d.7s2.7p"	"3D*"	"3"	""	""	"4"		""	"L3552"	
"468.27322"	"468.273210"	"110"	""		"15166.900593"	"36515.9800"	"6d2.7s.7p"	"5G*"	"3"	""	""	"3"		""	"L5951"	
"468.31765"	"468.317620"	"170"	""		"21539.59257"	"42886.6475"	""	"*"	"4"	""	""	"4 or 5"		""	"L5951"	
"468.335172"	"468.335173"	"1300"	""		"7795.275291"	"29141.53019"	"5f.6d.7s2"	"3H*"	"4"	""	""	"5"		""	"L18702"	
"468.40873"	"468.408705"	"49"	""		"20214.92997"	"41557.8339"	"6d2.7s.7p"	"5D*"	"3"	""	""	"3"		""	"L5951"	
"468.43590"	"468.435938"	"64"	""		"13088.56115"	"34430.2243"	"6d3.(2G).7s"	"3G"	"3"	""	"*"	"3"		""	"L5951"	
"468.43824"	"468.438313"	"43"	""		"16346.64962"	"37688.2046"	"5f.6d2.7s"	"5H*"	"4"	""	""	"3"		""	"L5951"	
"468.46374"	"468.463725"	"63"	""		"18011.38030"	"39351.7776"	"5f.6d2.7s"	"5H*"	"5"	""	""	"5"		""	"L5951"	
"468.50744"	"468.507422"	"39"	""		"18549.40528"	"39887.8122"	"6d3.(4P).7s"	""	"2"	""	"*"	"2"		""	"L5951"	
"468.53750"	"468.537423"	"24"	""		"19948.395175"	"41285.4358"	"6d2.7s.7p"	"5F*"	"4"	""	""	"3"		""	"L5951"	
"468.619458"	"468.619459"	"4600"	""		"2869.259165"	"24202.56462"	"6d2.7s2"	"3F"	"3"	""	"*"	"4"		""	"L18702"	
"468.84590"	"468.845995"	"34"	""		"16783.84708"	"38106.8449"	"5f.6d2.7s"	"5I*"	"4"	""	""	"5"		""	"L5951"	
"468.925186"	"468.925189"	"1500"	""		"5563.141519"	"26882.5383"	"6d3.(4F).7s"	"5F"	"1"	""	"*"	"0"		""	"L18702"	
"468.93097"	"468.931141"	"32"	""		"21077.152101"	"42396.2783"	"6d2.7s.7p"	"5F*"	"5"	""	""	"5"		""	"L5951"	
"468.94502"	"468.945014"	"82"	""		"15166.900593"	"36485.3961"	"6d2.7s.7p"	"5G*"	"3"	""	""	"2"		""	"L5951"	
"469.062197"	"469.062197"	"1500"	""		"2869.259165"	"24182.42887"	"6d2.7s2"	"3F"	"3"	""	"*"	"2"		""	"L18702"	
"469.08950"	"469.089499"	"63"	""		"6362.395980"	"27674.32522"	"6d3.(4F).7s"	"5F"	"2"	""	"*"	"2"		""	"L5951"	
"469.134523"	"469.134529"	"480"	""		"11241.73043"	"32551.61408"	"5f.6d.7s2"	"3F*"	"3"	""	""	"3"		""	"L5951"	
"469.149873"	"469.149884"	"580"	""		"7280.123222"	"28589.30942"	"6d2.7s2"	""	"2"	""	"*"	"3"		""	"L5951"	
"469.15985"	"469.159959"	"190"	""		"7795.275291"	"29104.00388"	"5f.6d.7s2"	"3H*"	"4"	"6d4"	"3G"	"4"		""	"L5951"	
"469.163535"	"469.163544"	"1600"	""		"6362.395980"	"27670.96178"	"6d3.(4F).7s"	"5F"	"2"	""	"*"	"3"		""	"L18702"	
"469.18843"	"469.188435"	"150"	""		"15493.21943"	"36800.6548"	"6d3.(2H).7s"	"3H"	"4"	""	"*"	"4"		""	"L5951"	
"469.24652"	"469.246473"	"14"	""		"17959.89498"	"39264.6950"	"6d3.(4F).7s"	"3F"	"4"	""	"*"	"3"		""	"L3552"	
"469.35301"	"469.35300"	"21"	""		"21539.59257"	"42839.5573"	""	"*"	"4"	""	""	"3"		""	"L5951"	
"469.44765"	"469.447749"	"61"	""		"15863.88829"	"37159.5540"	"6d3.(2D2).7s"	""	"2"	""	"*"	"3"		""	"L5951"	
"469.45374"	"469.453725"	"20"	""		"15863.88829"	"37159.2829"	"6d3.(2D2).7s"	""	"2"	""	"*"	"1"		""	"L5951"	
"469.503807"	"469.503808"	"4900"	""		"3687.987189"	"24981.11021"	"6d2.7s2"	""	"2"	""	"*"	"3"		""	"L18702"	
"469.545425"	"469.545430"	"1000"	""		"15490.077832"	"36781.3134"	"5f.6d.7s2"	"3G*"	"5"	""	""	"5"		""	"L5951"	
"469.57050"	"469.57074"	"4"	""		"20737.28686"	"42027.3749"	""	"*"	"1"	"6d4"	"1D"	"2"		""	"L3552"	
"469.64726"	"469.64725"	"19"	""		"20522.71449"	"41809.3343"	"6d2.7s.7p"	"3F*"	"2"	""	""	"2"		""	"L5951"	
"469.65880"	"469.658851"	"9"	""		"18699.62342"	"39985.7173"	"5f.7s2.7p"	"3F"	"2"	""	"*"	"3"		""	"L3552"	
"469.66618"	"469.666136"	"120"	""		"13175.113345"	"34460.87707"	"5f.6d.7s2"	"3G*"	"4"	""	""	"5"		""	"L5951"	
"469.67026"	"469.670412"	"25"	""		"13297.43316"	"34583.0031"	"6d3.(2G).7s"	"3G"	"4"	""	"*"	"3"		""	"L5951"	
"469.68124"	"469.681282"	"130"	""		"21539.59257"	"42824.6699"	""	"*"	"4"	""	""	"4 or 5"		""	"L5951"	
"469.72128"	"469.721311"	"42"	""		"13088.56115"	"34371.8246"	"6d3.(2G).7s"	"3G"	"3"	""	"*"	"2"		""	"L5951"	
"469.73591"	"469.736446"	"9"	""		"19948.395175"	"41230.9729"	"6d2.7s.7p"	"5F*"	"4"	""	""	"4"		""	"L3552"	
"469.75953"	"469.759560"	"38"	""		"17073.80916"	"38355.3397"	"6d3.(4P).7s"	""	"1"	""	"*"	"2"		""	"L5951"	
"469.822487"	"469.822510"	"390"	""		"9804.806547"	"31083.4857"	"6d3.(4F).7s"	"5F"	"5"	""	"*"	"6"		""	"L5951"	
"469.87299"	"469.872895"	"39"	""		"12114.36618"	"33390.76362"	"5f.6d.7s2"	"1D*"	"2"	""	""	"1"		""	"L5951"	
"469.95451"	"469.954518"	"46"	""		"19588.36224"	"40861.0644"	"6d2.7s.7p"	"5G*"	"5"	""	""	"4"		""	"L5951"	
"469.96022"	"469.960191"	"53"	""		"18011.38030"	"39283.8257"	"5f.6d2.7s"	"5H*"	"5"	""	""	"4"		""	"L5951"	
"469.96871"	"469.968686"	"110"	""		"13175.113345"	"34447.17423"	"5f.6d.7s2"	"3G*"	"4"	""	""	"4"		""	"L5951"	
"470.01145"	"470.011333"	"43"	""		"18930.29333"	"40200.4241"	"6d2.7s.7p"	"3G*"	"3"	""	""	"3"		""	"L5951"	
"470.02338"	"470.023451"	"56"	""		"15493.21943"	"36762.8018"	"6d3.(2H).7s"	"3H"	"4"	""	"*"	"3"		""	"L5951"	
"470.06552"	"470.065696"	"10"	""		"19713.03109"	"40980.7020"	"6d3.(2F).7s"	"3F"	"3"	""	"*"	"3"		""	"L3552"	
"470.077110"	"470.077119"	"440"	""		"10526.544406"	"31793.69851"	"5f.6d.7s2"	"3G*"	"3"	""	""	"4"		""	"L5951"	
"470.09579"	"470.095809"	"96"	""		"15618.98461"	"36885.2932"	"5f.6d2.7s"	"5H*"	"3"	""	""	"4"		""	"L5951"	
"470.10029"	"470.100450"	"15"	""		"19948.395175"	"41214.4938"	"6d2.7s.7p"	"5F*"	"4"	""	""	"5"		""	"L5951"	
"470.13856"	"470.138538"	"38"	""		"16351.93901"	"37616.3148"	"6d2.7s2"	""	"0"	""	"*"	"1"		""	"L5951"	
"470.14671"	"470.146717"	"39"	""		"18809.88631"	"40073.8922"	"6d2.7s.7p"	"5G*"	"4"	""	""	"5"		""	"L5951"	
"470.18442"	"470.184429"	"150"	""		"17501.17592"	"38763.4763"	"5f.6d2.7s"	"5I*"	"5"	""	""	"5"		""	"L5951"	
"470.19230"	"470.192259"	"46"	""		"15166.900593"	"36428.8469"	"6d2.7s.7p"	"5G*"	"3"	""	""	"2"		""	"L5951"	
"470.24728"	"470.247323"	"47"	""		"17501.17592"	"38760.6326"	"5f.6d2.7s"	"5I*"	"5"	""	""	"4"		""	"L5951"	
"470.25912"	"470.259118"	"120"	""		"15490.077832"	"36749.00126"	"5f.6d.7s2"	"3G*"	"5"	""	""	"6"		""	"L5951"	
"470.27779"	"470.277813"	"81"	""		"10783.15535"	"32041.23370"	"6d.7s2.7p"	"3F*"	"2"	""	""	"2"		""	"L5951"	
"470.31882"	"470.318805"	"140"	""		"13175.113345"	"34431.3389"	"5f.6d.7s2"	"3G*"	"4"	""	""	"3"		""	"L5951"	
"470.32186"	"470.321930"	"120"	""		"13088.56115"	"34344.6455"	"6d3.(2G).7s"	"3G"	"3"	""	"*"	"4"		""	"L5951"	
"470.398976"	"470.398977"	"18000"	""		"0.000000"	"21252.60286"	"6d2.7s2"	"3F"	"2"	""	"*"	"2"		""	"L18702"	
"470.49308"	"470.493117"	"39"	""		"17354.638583"	"38602.9891"	"5f.6d.7s2"	"3D*"	"1"	""	""	"2"		""	"L5951"	
"470.49975"	"470.499772"	"21"	""		"10526.544406"	"31774.59439"	"5f.6d.7s2"	"3G*"	"3"	""	""	"3"		""	"L5951"	
"470.58743"	"470.587635"	"27"	""		"19532.41646"	"40776.4993"	"6d3.(2F).7s"	"3F"	"4"	""	"*"	"4"		""	"L5951"	
"470.62088"	"470.620884"	"24"	""		"18809.88631"	"40052.4683"	"6d2.7s.7p"	"5G*"	"4"	""	""	"4"		""	"L5951"	
"470.63746"	"470.637477"	"29"	""		"19039.153374"	"40280.9864"	"6d.7s2.7p"	"3P*"	"2"	""	""	"3"		""	"L5951"	
"470.65534"	"470.655281"	"33"	""		"22163.13360"	"43404.1631"	""	"*"	"4"	""	""	"4"		""	"L5951"	
"470.65771"	"470.657721"	"150"	""		"18011.38030"	"39252.2997"	"5f.6d2.7s"	"5H*"	"5"	""	""	"5"		""	"L5951"	
"470.66934"	"470.669350"	"33"	""		"11802.93238"	"33043.3270"	"6d3.(4P).7s"	"5P"	"2"	""	"*"	"3"		""	"L5951"	
"470.77735"	"470.777339"	"53"	""		"13088.56115"	"34324.0836"	"6d3.(2G).7s"	"3G"	"3"	""	"*"	"2"		""	"L5951"	
"470.829387"	"470.829395"	"990"	""		"7280.123222"	"28513.29787"	"6d2.7s2"	""	"2"	""	"*"	"2"		""	"L18702"	
"470.8638"	"470.86343"	"7"	""		"19273.28060"	"40504.9206"	"6d3.(2P).7s"	""	"2"	""	"*"	"1"		""	"L12239"	
"470.89481"	"470.895191"	"15"	""		"18053.617845"	"39283.8257"	"6d.7s2.7p"	"3F*"	"4"	""	""	"4"		""	"L3552"	
"470.93698"	"470.936923"	"41"	""		"19986.16721"	"41214.4938"	"5f.6d2.7s"	"5H*"	"6"	""	""	"5"		""	"L5951"	
"471.06214"	"471.062036"	"23"	""		"19817.18191"	"41039.8704"	"6d2.7s.7p"	"5P*"	"1"	""	""	"2"		""	"L5951"	
"471.09921"	"471.099235"	"150"	""		"21539.59257"	"42760.6053"	""	"*"	"4"	""	""	"5"		""	"L5951"	
"471.13260"	"471.132750"	"20"	""		"17224.302340"	"38443.8055"	"6d2.7s.7p"	"5F*"	"2"	""	""	"3"		""	"L5951"	
"471.14184"	"471.141841"	"210"	""		"17166.10472"	"38385.1984"	"6d3.(2H).7s"	"3H"	"5"	""	"*"	"5"		""	"L5951"	
"471.16482"	"471.164812"	"21"	""		"19273.28060"	"40491.3398"	"6d3.(2P).7s"	""	"2"	""	"*"	"3"		""	"L5951"	
"471.19160"	"471.191731"	"26"	""		"8800.249723"	"30017.09677"	"6d3.(4F).7s"	"5F"	"4"	""	"*"	"3"		""	"L5951"	
"471.20057"	"471.200568"	"210"	""		"11241.73043"	"32458.17957"	"5f.6d.7s2"	"3F*"	"3"	""	""	"4"		""	"L5951"	
"471.248151"	"471.248151"	"1900"	""		"9804.806547"	"31019.11347"	"6d3.(4F).7s"	"5F"	"5"	""	"*"	"4"		""	"L18702"	
"471.284114"	"471.284089"	"600"	""		"10414.13700"	"31626.82622"	"5f.6d.7s2"	"1G*"	"4"	""	""	"5"		""	"L18702"	
"471.37914"	"471.379154"	"59"	""		"16783.84708"	"37992.2583"	"5f.6d2.7s"	"5I*"	"4"	""	""	"4"		""	"L5951"	
"471.46715"	"471.467165"	"170"	""		"13945.307389"	"35149.75961"	"6d.7s2.7p"	"3F*"	"3"	""	""	"2"		""	"L5951"	
"471.55953"	"471.559514"	"16"	""		"21890.13254"	"43090.4322"	""	"*"	"3"	""	""	"4"		""	"L5951"	
"471.58564"	"471.585471"	"15"	""		"15618.98461"	"36818.1174"	"5f.6d2.7s"	"5H*"	"3"	""	""	"2"		""	"L5951"	
"471.59548"	"471.595502"	"38"	""		"18053.617845"	"39252.2997"	"6d.7s2.7p"	"3F*"	"4"	""	""	"5"		""	"L5951"	
"471.60619"	"471.606189"	"120"	""		"19503.143490"	"40701.3450"	"6d2.7s.7p"	"5F*"	"3"	""	""	"4"		""	"L5951"	
"471.68475"	"471.684622"	"25"	""		"12114.36618"	"33309.04285"	"5f.6d.7s2"	"1D*"	"2"	""	""	"2"		""	"L5951"	
"471.68646"	"471.686601"	"29"	""		"13297.43316"	"34492.0209"	"6d3.(2G).7s"	"3G"	"4"	""	"*"	"4"		""	"L5951"	
"471.73906"	"471.739003"	"94"	""		"3687.987189"	"24880.22058"	"6d2.7s2"	""	"2"	""	"*"	"1"		""	"L5951"	
"471.74870"	"471.749437"	"16"	""		"17411.224415"	"38602.9891"	"6d.7s2.7p"	"3D*"	"3"	""	""	"2"		""	"L3552"	
"471.79298"	"471.793024"	"36"	""		"18614.33811"	"39804.1450"	"6d2.7s.7p"	"5D*"	"1"	""	""	"2"		""	"L5951"	
"471.80373"	"471.803714"	"24"	""		"15618.98461"	"36808.3114"	"5f.6d2.7s"	"5H*"	"3"	""	""	"3"		""	"L5951"	
"471.80554"	"471.805509"	"86"	""		"20566.62381"	"41755.8700"	"6d2.7s.7p"	"5D*"	"4"	""	""	"4"		""	"L5951"	
"471.85154"	"471.851530"	"130"	""		"16217.482038"	"37404.6616"	"6d.7s2.7p"	"1D*"	"2"	""	""	"3"		""	"L5951"	
"471.94424"	"471.944232"	"110"	""		"2558.056752"	"23741.07467"	"6d2.7s2"	"3P"	"0"	""	"*"	"1"		""	"L5951"	
"471.95637"	"471.95586"	"11"	""		"23655.13881"	"44837.6347"	""	"*"	"4"	""	""	"4"		""	"L12239"	
"471.96933"	"471.969320"	"190"	""		"17398.39526"	"38580.2872"	"6d3.(4F).7s"	""	"3"	""	"*"	"4"		""	"L5951"	
"472.00187"	"472.001871"	"31"	""		"19516.98043"	"40697.4116"	"6d2.7s.7p"	"5D*"	"2"	""	""	"2 or 3"		""	"L5951"	
"472.01600"	"472.015128"	"280"	""		"18431.686609"	"39611.5229"	"5f.7s2.7p"	"3G"	"3"	""	"*"	"3"		""	"L3552"	
"472.045865"	"472.046056"	"520bl"	""		"7502.287636"	"28680.73627"	"6d3.(4F).7s"	"5F"	"3"	""	"*"	"4"		""	"L5951"	
"472.078114"	"472.078106"	"310"	""		"14243.993748"	"35421.0046"	"5f.6d.7s2"	"3P*"	"1"	""	""	"1"		""	"L5951"	
"472.127661"	"472.127656"	"970"	""		"8243.602091"	"29418.39044"	"5f.6d.7s2"	"3F*"	"2"	""	""	"2"		""	"L18702"	
"472.14561"	"472.146251"	"16"	""		"7502.287636"	"28676.24203"	"6d3.(4F).7s"	"5F"	"3"	""	"*"	"3"		""	"L3552"	
"472.15208"	"472.151987"	"17"	""		"14247.30742"	"35421.0046"	"5f.6d.7s2"	"3P*"	"0"	""	""	"1"		""	"L5951"	
"472.208856"	"472.208866"	"1400"	""		"7502.287636"	"28673.43441"	"6d3.(4F).7s"	"5F"	"3"	""	"*"	"2"		""	"L18702"	
"472.25006"	"472.250014"	"180"	""		"15166.900593"	"36336.2027"	"6d2.7s.7p"	"5G*"	"3"	""	""	"3"		""	"L5951"	
"472.343819"	"472.3438197"	"14000"	""		"0.000000"	"21165.098037"	"6d2.7s2"	"3F"	"2"	"5f.6d.7s2"	"3D*"	"3"		""	"L18702"	
"472.42920"	"472.429251"	"11"	""		"19039.153374"	"40200.4241"	"6d.7s2.7p"	"3P*"	"2"	""	""	"3"		""	"L3552"	
"472.46910"	"472.468951"	"11"	""		"12114.36618"	"33273.8588"	"5f.6d.7s2"	"1D*"	"2"	""	""	"1"		""	"L3552"	
"472.49889"	"472.49890"	"22"	""		"22877.58322"	"44035.7349"	""	"*"	"5"	""	""	"4"		""	"L5951"	
"472.53849"	"472.538592"	"32"	""		"15618.98461"	"36775.3589"	"5f.6d2.7s"	"5H*"	"3"	""	""	"3"		""	"L5951"	
"472.57651"	"472.576332"	"19"	""		"11241.73043"	"32396.41519"	"5f.6d.7s2"	"3F*"	"3"	"6d4"	"3P1"	"2"		""	"L5951"	
"472.58196"	"472.581954"	"26"	""		"18930.29333"	"40084.7264"	"6d2.7s.7p"	"3G*"	"3"	""	""	"3"		""	"L5951"	
"472.60591"	"472.605946"	"19"	""		"12847.96912"	"34001.3283"	"6d3.(4P).7s"	"5P"	"3"	""	"*"	"4"		""	"L5951"	
"472.64398"	"472.644013"	"27"	""		"11802.93238"	"32954.5879"	"6d3.(4P).7s"	"5P"	"2"	""	"*"	"2"		""	"L5951"	
"472.66009"	"472.660126"	"32"	""		"3687.987189"	"24838.92167"	"6d2.7s2"	""	"2"	""	"*"	"1"		""	"L5951"	
"472.69288"	"472.692864"	"46"	""		"18011.38030"	"39160.8499"	"5f.6d2.7s"	"5H*"	"5"	""	""	"6"		""	"L5951"	
"472.74423"	"472.744192"	"64"	""		"14204.26476"	"35351.4381"	"6d3.(2G).7s"	""	"5"	""	"*"	"4"		""	"L5951"	
"472.76191"	"472.762686"	"17"	""		"10783.15535"	"31929.50145"	"6d.7s2.7p"	"3F*"	"2"	""	""	"3"		""	"L3552"	
"472.77065"	"472.770788"	"57"	""		"19039.153374"	"40185.1371"	"6d.7s2.7p"	"3P*"	"2"	""	""	"2"		""	"L5951"	
"472.78489"	"472.784901"	"160"	""		"19503.143490"	"40648.4960"	"6d2.7s.7p"	"5F*"	"3"	""	""	"4"		""	"L18702"	
"472.813303"	"472.813306"	"460"	""		"13945.307389"	"35089.38959"	"6d.7s2.7p"	"3F*"	"3"	""	""	"3"		""	"L5951"	
"472.85942"	"472.859440"	"78"	""		"13847.77037"	"34989.7897"	"6d3.(4F).7s"	"3F"	"2"	""	"*"	"1"		""	"L5951"	
"472.89853"	"472.898540"	"200"	""		"17166.10472"	"38306.3760"	"6d3.(2H).7s"	"3H"	"5"	""	"*"	"4"		""	"L5951"	
"472.912815"	"472.912821"	"2900"	""		"7795.275291"	"28934.90819"	"5f.6d.7s2"	"3H*"	"4"	""	""	"3"		""	"L18702"	
"473.00918"	"473.009190"	"180"	""		"4961.658832"	"26096.98491"	"6d2.7s2"	"3F"	"4"	""	"*"	"3"		""	"L5951"	
"473.06593"	"473.065929"	"160"	""		"13297.43316"	"34430.2243"	"6d3.(2G).7s"	"3G"	"4"	""	"*"	"3"		""	"L5951"	
"473.10641"	"473.106264"	"15"	""		"23306.82782"	"44437.8173"	"5f.6d2.7s"	"3I*"	"6"	""	""	"6"		""	"L5951"	
"473.11955"	"473.119570"	"71*"	""		"15166.900593"	"36297.2958"	"6d2.7s.7p"	"5G*"	"3"	""	""	"4"		""	"L5951"	
"473.11955"	"473.119570"	"71*"	""		"18431.686609"	"39562.0818"	"5f.7s2.7p"	"3G"	"3"	""	"*"	"4"		""	"L5951"	
"473.15957"	"473.159693"	"15"	""		"20522.71449"	"41651.3179"	"6d2.7s.7p"	"3F*"	"2"	""	""	"3"		""	"L5951"	
"473.21066"	"473.210633"	"140"	""		"13175.113345"	"34301.44234"	"5f.6d.7s2"	"3G*"	"4"	""	""	"4"		""	"L5951"	
"473.28292"	"473.282854"	"44"	""		"10414.13700"	"31537.24226"	"5f.6d.7s2"	"1G*"	"4"	""	""	"3"		""	"L5951"	
"473.35040"	"473.351003"	"6"	""		"20566.62381"	"41686.6880"	"6d2.7s.7p"	"5D*"	"4"	""	""	"3"		""	"L3552"	
"473.35361"	"473.354226"	"12"	""		"12847.96912"	"33967.8895"	"6d3.(4P).7s"	"5P"	"3"	""	"*"	"3"		""	"L3552"	
"473.40458"	"473.404574"	"290"	""		"14032.085336"	"35149.75961"	"6d.7s2.7p"	"3D*"	"2"	""	""	"2"		""	"L5951"	
"473.53816"	"473.538274"	"14"	""		"21539.59257"	"42651.3045"	""	"*"	"4"	""	""	"3"		""	"L12239"	
"473.54754"	"473.547616"	"22"	""		"14465.221873"	"35576.5173"	"6d2.7s.7p"	"5G*"	"2"	""	""	"3"		""	"L5951"	
"473.599619"	"473.599611"	"320"	""		"16783.84708"	"37892.8248"	"5f.6d2.7s"	"5I*"	"4"	"5f.6d2.7p "	"5I"	"4"		""	"L5951"	
"473.65273"	"473.652724"	"54"	""		"16783.84708"	"37890.4578"	"5f.6d2.7s"	"5I*"	"4"	""	""	"5"		""	"L5951"	
"473.75307"	"473.753085"	"91"	""		"17959.89498"	"39062.0345"	"6d3.(4F).7s"	"3F"	"4"	""	"*"	"5"		""	"L5951"	
"473.76073"	"473.760688"	"40"	""		"14226.82045"	"35328.6213"	"6d3.(2P).7s"	""	"0"	""	"*"	"1"		""	"L5951"	
"473.79172"	"473.791712"	"270"	""		"14481.86965"	"35582.2888"	"5f.6d.7s2"	"3H*"	"6"	""	""	"5"		""	"L5951"	
"473.84705"	"473.847075"	"35"	""		"23609.16775"	"44707.1216"	""	"*"	"5"	""	""	"6"		""	"L5951"	
"473.88405"	"473.884043"	"58"	""		"21539.59257"	"42635.9006"	""	"*"	"4"	""	""	"5"		""	"L5951"	
"473.91123"	"473.911239"	"170"	""		"23306.82782"	"44401.9252"	"5f.6d2.7s"	"3I*"	"6"	""	""	"6 or 7"		""	"L5951"	
"473.967630"	"473.967632"	"1600"	""		"7280.123222"	"28372.71076"	"6d2.7s2"	""	"2"	""	"*"	"1"		""	"L18702"	
"474.00994"	"474.009938"	"32"	""		"18549.40528"	"39640.1103"	"6d3.(4P).7s"	""	"2"	""	"*"	"2"		""	"L5951"	
"474.03306"	"474.033028"	"59"	""		"21903.40831"	"42993.0860"	"5f.6d2.7s"	"5H*"	"7"	""	""	"6"		""	"L5951"	
"474.055241"	"474.055312"	"470"	""		"5563.141519"	"26651.82788"	"6d3.(4F).7s"	"5F"	"1"	""	"*"	"2"		""	"L5951"	
"474.092769"	"474.092734"	"330*"	""		"7502.287636"	"28589.30942"	"6d3.(4F).7s"	"5F"	"3"	""	"*"	"3"		""	"L5951"	
"474.095856"	"474.095848"	"1200"	""		"4961.658832"	"26048.54211"	"6d2.7s2"	"3F"	"4"	""	"*"	"4"		""	"L18702"	
"474.11602"	"474.116027"	"110"	""		"15490.077832"	"36576.0636"	"5f.6d.7s2"	"3G*"	"5"	""	""	"4"		""	"L5951"	
"474.130397"	"474.130380"	"560"	""		"6362.395980"	"27447.74347"	"6d3.(4F).7s"	"5F"	"2"	""	"*"	"2"		""	"L5951"	
"474.211768"	"474.211771"	"560"	""		"3687.987189"	"24769.71573"	"6d2.7s2"	""	"2"	""	"*"	"3"		""	"L18702"	
"474.22355"	"474.223507"	"73"	""		"8800.249723"	"29881.45655"	"6d3.(4F).7s"	"5F"	"4"	""	"*"	"4"		""	"L5951"	
"474.30275"	"474.30268"	"16"	""		"22399.39666"	"43477.0844"	"5f.6d2.7s"	"3I*"	"5"	""	""	"5"		""	"L5951"	
"474.37014"	"474.370141"	"360"	""		"4961.658832"	"26036.34930"	"6d2.7s2"	"3F"	"4"	""	"*"	"3"		""	"L18702"	
"474.45160"	"474.452132"	"12"	""		"15970.09583"	"37041.1444"	"6d3.(2D2).7s"	""	"3"	""	"*"	"4"		""	"L3552"	
"474.47095"	"474.470895"	"16"	""		"13945.307389"	"35015.5227"	"6d.7s2.7p"	"3F*"	"3"	""	""	"2"		""	"L12239"	
"474.47982"	"474.479885"	"31"	""		"19817.18191"	"40886.9980"	"6d2.7s.7p"	"5P*"	"1"	""	""	"2"		""	"L5951"	
"474.48435"	"474.484399"	"32"	""		"14204.26476"	"35273.8804"	"6d3.(2G).7s"	""	"5"	"6d3.7p"	"5G*"	"5"		""	"L5951"	
"474.50259"	"474.502508"	"33"	""		"17398.39526"	"38467.2068"	"6d3.(4F).7s"	""	"3"	""	"*"	"2"		""	"L5951"	
"474.52753"	"474.527515"	"210"	""		"24084.94271"	"45152.6440"	"6d2.7s.7p"	"5G*"	"6"	""	""	"6 or 7"		""	"L5951"	
"474.533754"	"474.533760"	"520"	""		"7280.123222"	"28347.54723"	"6d2.7s2"	""	"2"	""	"*"	"2"		""	"L5951"	
"474.56302"	"474.563126"	"27"	""		"18614.33811"	"39680.4585"	"6d2.7s.7p"	"5D*"	"1"	""	""	"2"		""	"L5951"	
"474.63732"	"474.637310"	"44"	""		"17847.07751"	"38909.9054"	"5f.6d.7s2"	"3P*"	"2"	""	""	"1"		""	"L5951"	
"474.69122"	"474.691256"	"100"	""		"19516.98043"	"40577.4147"	"6d2.7s.7p"	"5D*"	"2"	""	""	"2"		""	"L5951"	
"474.69751"	"474.697391"	"22"	""		"19516.98043"	"40577.1425"	"6d2.7s.7p"	"5D*"	"2"	""	""	"3"		""	"L5951"	
"474.7094"	"474.708846"	"8"	""		"22877.58322"	"43937.2371"	""	"*"	"5"	""	""	"6"		""	"L12239"	
"474.76177"	"474.761816"	"120"	""		"14032.085336"	"35089.38959"	"6d.7s2.7p"	"3D*"	"2"	""	""	"3"		""	"L5951"	
"474.79844"	"474.798323"	"16"	""		"20522.71449"	"41578.3997"	"6d2.7s.7p"	"3F*"	"2"	""	""	"2"		""	"L5951"	
"474.84046"	"474.840449"	"160"	""		"19227.33665"	"40281.1539"	"5f.6d2.7s"	"5I*"	"6"	""	""	"7"		""	"L5951"	
"474.920022"	"474.920019"	"3600"	""		"7795.275291"	"28845.56513"	"5f.6d.7s2"	"3H*"	"4"	"5f.6d.7s.7p"	"5H"	"4"		""	"L18702"	
"474.92945"	"474.929450"	"29"	""		"11601.03035"	"32650.9022"	"6d3.(4P).7s"	"5P"	"1"	""	"*"	"1"		""	"L5951"	
"474.94447"	"474.944355"	"23"	""		"19588.36224"	"40637.5735"	"6d2.7s.7p"	"5G*"	"5"	""	""	"6"		""	"L5951"	
"474.94723"	"474.947209"	"33"	""		"21575.03713"	"42624.1219"	"6d3.(2P).7s"	""	"2"	""	"*"	"1"		""	"L5951"	
"474.97986"	"474.979850"	"220"	""		"2869.259165"	"23916.89747"	"6d2.7s2"	"3F"	"3"	""	"*"	"4"		""	"L5951"	
"474.98953"	"474.989463"	"170"	""		"13297.43316"	"34344.6455"	"6d3.(2G).7s"	"3G"	"4"	""	"*"	"4"		""	"L5951"	
"474.997128"	"474.997135"	"1300"	""		"8111.004545"	"29157.87692"	"6d2.7s2"	"1G"	"4"	""	"*"	"3"		""	"L18702"	
"475.02646"	"475.026462"	"30"	""		"19039.153374"	"40084.7264"	"6d.7s2.7p"	"3P*"	"2"	""	""	"3"		""	"L5951"	
"475.22027"	"475.220209"	"13"	""		"18431.686609"	"39468.6795"	"5f.7s2.7p"	"3G"	"3"	""	"*"	"3"		""	"L12239"	
"475.23182"	"475.231153"	"9"	""		"18382.82669"	"39419.3351"	"6d2.7s.7p"	"5D*"	"0"	""	""	"1"		""	"L12239"	
"475.25911"	"475.259061"	"110"	""		"16783.84708"	"37819.1202"	"5f.6d2.7s"	"5I*"	"4"	""	""	"4"		""	"L5951"	
"475.26530"	"475.26528"	"27"	""		"21578.61445"	"42613.6123"	"6d4"	"5D"	"1"	""	"*"	"2"		""	"L5951"	
"475.29016"	"475.289984"	"40"	""		"20322.26571"	"41356.1703"	"5f.6d.7s2"	"1H*"	"5"	""	""	"5"		""	"L5951"	
"475.32419"	"475.324127"	"15"	""		"14465.221873"	"35497.6156"	"6d2.7s.7p"	"5G*"	"2"	""	""	"2"		""	"L5951"	
"475.35811"	"475.358092"	"140"	""		"13847.77037"	"34878.6613"	"6d3.(4F).7s"	"3F"	"2"	""	"*"	"1"		""	"L3552"	
"475.59120"	"475.59119"	"16"	""		"23015.15141"	"44035.7349"	""	"*"	"5"	""	""	"4"		""	"L5951"	
"475.65340"	"475.653342"	"130"	""		"17398.39526"	"38416.2320"	"6d3.(4F).7s"	""	"3"	""	"*"	"3"		""	"L5951"	
"475.67026"	"475.670247"	"230"	""		"16554.24283"	"37571.3326"	"6d3.(2H).7s"	"3H"	"6"	""	"*"	"5"		""	"L5951"	
"475.71348"	"475.713297"	"47"	""		"17073.80916"	"38088.9970"	"6d3.(4P).7s"	""	"1"	""	"*"	"2"		""	"L5951"	
"475.74168"	"475.741638"	"57"	""		"14032.085336"	"35046.0213"	"6d.7s2.7p"	"3D*"	"2"	""	"5F"	"1"		""	"L5951"	
"475.807881"	"475.807884"	"510"	""		"7502.287636"	"28513.29787"	"6d3.(4F).7s"	"5F"	"3"	""	"*"	"2"		""	"L18702"	
"475.814951"	"475.814959"	"1000"	""		"10526.544406"	"31537.24226"	"5f.6d.7s2"	"3G*"	"3"	""	""	"3"		""	"L18702"	
"475.829146"	"475.829137"	"440"	""		"14206.91694"	"35216.98873"	"5f.6d.7s2"	"3F*"	"4"	""	""	"5"		""	"L5951"	
"475.94410"	"475.944799"	"13"	""		"11197.031257"	"32201.99736"	"5f.6d.7s2"	"3H*"	"5"	""	""	"5"		""	"L3552"	
"475.96886"	"475.968868"	"180"	""		"13847.77037"	"34851.6743"	"6d3.(4F).7s"	"3F"	"2"	""	"*"	"2"		""	"L5951"	
"476.04337"	"476.042964"	"18"	""		"19948.395175"	"40949.0299"	"6d2.7s.7p"	"5F*"	"4"	""	""	"3"		""	"L12239"	
"476.23029"	"476.230507"	"22"	""		"13175.113345"	"34167.4780"	"5f.6d.7s2"	"3G*"	"4"	""	""	"3"		""	"L12239"	
"476.28050"	"476.281244"	"14"	""		"19503.143490"	"40493.2719"	"6d2.7s.7p"	"5F*"	"3"	""	""	"3"		""	"L3552"	
"476.37887"	"476.378854"	"48"	""		"19039.153374"	"40024.9810"	"6d.7s2.7p"	"3P*"	"2"	""	""	"2"		""	"L5951"	
"476.39655"	"476.396572"	"17"	""		"12114.36618"	"33099.41329"	"5f.6d.7s2"	"1D*"	"2"	""	""	"3"		""	"L12239"	
"476.434634"	"476.434635"	"2700"	""		"9804.806547"	"30788.17715"	"6d3.(4F).7s"	"5F"	"5"	""	"*"	"5"		""	"L18702"	
"476.47284"	"476.472902"	"36"	""		"19273.28060"	"40254.9660"	"6d3.(2P).7s"	""	"2"	""	"*"	"3"		""	"L5951"	
"476.559499"	"476.559484"	"920"	""		"7502.287636"	"28480.16113"	"6d3.(4F).7s"	"5F"	"3"	""	"*"	"4"		""	"L18702"	
"476.60980"	"476.609344"	"7"	""		"14465.221873"	"35440.9008"	"6d2.7s.7p"	"5G*"	"2"	"6d4"	""	"3"		""	"L3552"	
"476.63820"	"476.638641"	"14"	""		"11601.03035"	"32575.4200"	"6d3.(4P).7s"	"5P"	"1"	"6d3.7p"	"5G*"	"2"		""	"L3552"	
"476.660044"	"476.660044"	"3100"	""		"3865.473772"	"24838.92167"	"6d2.7s2"	"3P"	"1"	""	"*"	"1"		""	"L18702"	
"476.95242"	"476.952419"	"28"	""		"17847.07751"	"38807.6687"	"5f.6d.7s2"	"3P*"	"2"	""	""	"2"		""	"L5951"	
"476.95465"	"476.954675"	"67"	""		"16346.64962"	"37307.1417"	"5f.6d2.7s"	"5H*"	"4"	"6d4"	""	"3"		""	"L5951"	
"477.03897"	"477.038998"	"63"	""		"16346.64962"	"37303.4367"	"5f.6d2.7s"	"5H*"	"4"	""	""	"4"		""	"L5951"	
"477.04404"	"477.043930"	"65*"	""		"19948.395175"	"40904.9656"	"6d2.7s.7p"	"5F*"	"4"	""	""	"5"		""	"L5951"	
"477.04404"	"477.044125"	"65*"	""		"18053.617845"	"39010.1797"	"6d.7s2.7p"	"3F*"	"4"	""	""	"3"		""	"L5951"	
"477.05814"	"477.058154"	"130"	""		"16554.24283"	"37510.1884"	"6d3.(2H).7s"	"3H"	"6"	""	"*"	"6"		""	"L5951"	
"477.07982"	"477.079805"	"75"	""		"6362.395980"	"27317.39056"	"6d3.(4F).7s"	"5F"	"2"	""	"*"	"3"		""	"L5951"	
"477.13314"	"477.133150"	"28"	""		"12847.96912"	"33800.6209"	"6d3.(4P).7s"	"5P"	"3"	""	"*"	"3"		""	"L5951"	
"477.15330"	"477.153447"	"29"	""		"12847.96912"	"33799.7296"	"6d3.(4P).7s"	"5P"	"3"	""	"*"	"4"		""	"L3552"	
"477.2068"	"477.20665"	"5"	""		"21890.13254"	"42839.5573"	""	"*"	"3"	""	""	"3"		""	"L12239"	
"477.29589"	"477.295737"	"13"	""		"18011.38030"	"38956.8948"	"5f.6d2.7s"	"5H*"	"5"	""	""	"4"		""	"L12239"	
"477.324101"	"477.324093"	"580"	""		"8800.249723"	"29744.51997"	"6d3.(4F).7s"	"5F"	"4"	""	"*"	"3"		""	"L5951"	
"477.427567"	"477.427574"	"490"	""		"8111.004545"	"29050.73523"	"6d2.7s2"	"1G"	"4"	""	"*"	"5"		""	"L18702"	
"477.48327"	"477.48329"	"27"	""		"21902.26981"	"42839.5573"	"5f.6d2.7s"	"3H*"	"4"	""	""	"3"		""	"L5951"	
"477.531290"	"477.531285"	"620"	""		"6362.395980"	"27297.5790"	"6d3.(4F).7s"	"5F"	"2"	""	"*"	"1"		""	"L18702"	
"477.55433"	"477.554292"	"32"	""		"15493.21943"	"36427.3939"	"6d3.(2H).7s"	"3H"	"4"	""	"*"	"3"		""	"L5951"	
"477.579398"	"477.579413"	"810"	""		"8800.249723"	"29733.32304"	"6d3.(4F).7s"	"5F"	"4"	""	"*"	"5"		""	"L18702"	
"477.63214"	"477.632128"	"89"	""		"14465.221873"	"35395.9849"	"6d2.7s.7p"	"5G*"	"2"	""	""	"2"		""	"L5951"	
"477.67792"	"477.677798"	"160"	""		"13945.307389"	"34874.0693"	"6d.7s2.7p"	"3F*"	"3"	""	""	"3"		""	"L5951"	
"477.719157"	"477.719172"	"1100"	""		"14204.26476"	"35131.2141"	"6d3.(2G).7s"	""	"5"	""	"*"	"4"		""	"L5951"	
"477.74210"	"477.742425"	"7"	""		"20054.77119"	"40980.7020"	"6d3.(2F).7s"	"3F"	"2"	""	"*"	"3"		""	"L3552"	
"477.80211"	"477.802101"	"15"	""		"2558.056752"	"23481.37399"	"6d2.7s2"	"3P"	"0"	""	"*"	"1"		""	"L3552"	
"477.829386"	"477.829387"	"10000"	""		"0.000000"	"20922.12244"	"6d2.7s2"	"3F"	"2"	""	"*"	"2"		""	"L18702"	
"477.84532"	"477.845098"	"38"	""		"17224.302340"	"38145.7369"	"6d2.7s.7p"	"5F*"	"2"	""	""	"3"		""	"L3552"	
"477.86382"	"477.863782"	"40"	""		"11241.73043"	"32162.34702"	"5f.6d.7s2"	"3F*"	"3"	""	""	"2"		""	"L5951"	
"477.95660"	"477.955520"	"15"	""		"15736.968041"	"36653.5692"	"6d2.7s.7p"	"5F*"	"1"	""	""	"2"		""	"L3552"	
"477.96601"	"477.966026"	"35"	""		"13962.51989"	"34878.6613"	"6d3.(2D2).7s"	""	"1"	""	"*"	"1"		""	"L5951"	
"477.972873"	"477.972858"	"540"	""		"4961.658832"	"25877.50128"	"6d2.7s2"	"3F"	"4"	""	"*"	"4"		""	"L18702"	
"478.02187"	"478.022067"	"14"	""		"14204.26476"	"35117.9541"	"6d3.(2G).7s"	""	"5"	""	"*"	"5 or 6"		""	"L12239"	
"478.04164"	"478.041532"	"240"	""		"10414.13700"	"31326.97478"	"5f.6d.7s2"	"1G*"	"4"	""	""	"4"		""	"L5951"	
"478.04300"	"478.043147"	"240bl"	""		"13088.56115"	"34001.3283"	"6d3.(2G).7s"	"3G"	"3"	""	"*"	"4"		""	"L5951"	
"478.06331"	"478.062982"	"17"	""		"18699.62342"	"39611.5229"	"5f.7s2.7p"	"3F"	"2"	""	"*"	"3"		""	"L12239"	
"478.075050"	"478.075069"	"340"	""		"8800.249723"	"29711.62048"	"6d3.(4F).7s"	"5F"	"4"	""	"*"	"5"		""	"L5951"	
"478.12902"	"478.129023"	"190"	""		"16217.482038"	"37126.4931"	"6d.7s2.7p"	"1D*"	"2"	""	""	"1"		""	"L5951"	
"478.13630"	"478.135972"	"15"	""		"20322.26571"	"41230.9729"	"5f.6d.7s2"	"1H*"	"5"	""	""	"4"		""	"L3552"	
"478.152602"	"478.152585"	"300"	""		"17398.39526"	"38306.3760"	"6d3.(4F).7s"	""	"3"	""	"*"	"4"		""	"L5951"	
"478.16690"	"478.166945"	"50"	""		"18930.29333"	"39837.6462"	"6d2.7s.7p"	"3G*"	"3"	""	""	"3"		""	"L5951"	
"478.17522"	"478.176053"	"16i"	""		"23916.89747"	"44823.8521"	""	"*"	"4"	""	""	"5 or 6"		""	"L12239"	
"478.23719"	"478.237267"	"26"	""		"24274.71139"	"45178.9900"	""	"*"	"5"	""	""	"6"		""	"L5951"	
"478.29366"	"478.293733"	"31"	""		"15970.09583"	"36871.9066"	"6d3.(2D2).7s"	""	"3"	""	"*"	"2"		""	"L5951"	
"478.34401"	"478.344058"	"13"	""		"18053.617845"	"38953.2296"	"6d.7s2.7p"	"3F*"	"4"	""	""	"5"		""	"L12239"	
"478.36051"	"478.360040"	"15"	""		"15863.88829"	"36762.8018"	"6d3.(2D2).7s"	""	"2"	""	"*"	"3"		""	"L3552"	
"478.386182"	"478.386170"	"860"	""		"6362.395980"	"27260.16801"	"6d3.(4F).7s"	"5F"	"2"	""	"*"	"3"		""	"L18702"	
"478.403958"	"478.403949"	"550"	""		"15618.98461"	"36515.9800"	"5f.6d2.7s"	"5H*"	"3"	""	""	"3"		""	"L5951"	
"478.41630"	"478.416204"	"15"	""		"17073.80916"	"37970.2693"	"6d3.(4P).7s"	""	"1"	""	"*"	"2"		""	"L3552"	
"478.50070"	"478.500879"	"7"	""		"19532.41646"	"40425.1788"	"6d3.(2F).7s"	"3F"	"4"	""	"*"	"4"		""	"L3552"	
"478.52771"	"478.527762"	"36"	""		"18069.065569"	"38960.6542"	"6d.7s2.7p"	"1F*"	"3"	""	""	"2"		""	"L5951"	
"478.57806"	"478.578052"	"27"	""		"15493.21943"	"36382.6128"	"6d3.(2H).7s"	"3H"	"4"	""	"*"	"4"		""	"L5951"	
"478.653115"	"478.653098"	"720"	""		"8800.249723"	"29686.36795"	"6d3.(4F).7s"	"5F"	"4"	""	"*"	"3"		""	"L18702"	
"478.67250"	"478.672498"	"210"	""		"13297.43316"	"34182.7049"	"6d3.(2G).7s"	"3G"	"4"	""	"*"	"5"		""	"L5951"	
"478.69152"	"478.691487"	"37"	""		"18809.88631"	"39694.3296"	"6d2.7s.7p"	"5G*"	"4"	"5f.6d2.7p "	"5I"	"5"		""	"L5951"	
"478.714806"	"478.714791"	"1100"	""		"2869.259165"	"23752.68579"	"6d2.7s2"	"3F"	"3"	""	"*"	"2"		""	"L18702"	
"478.80789"	"478.808757"	"7"	""		"13088.56115"	"33967.8895"	"6d3.(2G).7s"	"3G"	"3"	""	"*"	"3"		""	"L3552"	
"478.84720"	"478.847135"	"15"	""		"13847.77037"	"34725.4253"	"6d3.(4F).7s"	"3F"	"2"	""	"*"	"3"		""	"L3552"	
"478.85420"	"478.853745"	"23"	""		"16217.482038"	"37094.8488"	"6d.7s2.7p"	"1D*"	"2"	""	""	"2"		""	"L3552"	
"478.86782"	"478.867827"	"99"	""		"14204.26476"	"35081.0176"	"6d3.(2G).7s"	""	"5"	""	"*"	"5"		""	"L5951"	
"478.938676"	"478.938676"	"5700"	""		"3687.987189"	"24561.65178"	"6d2.7s2"	""	"2"	""	"*"	"3"		""	"L18702"	
"478.95877"	"478.958727"	"55"	""		"17224.302340"	"38097.0931"	"6d2.7s.7p"	"5F*"	"2"	""	""	"2"		""	"L5951"	
"479.00765"	"479.007679"	"80"	""		"21903.40831"	"42774.0660"	"5f.6d2.7s"	"5H*"	"7"	""	""	"6"		""	"L5951"	
"479.13663"	"479.136645"	"42"	""		"16346.64962"	"37211.6898"	"5f.6d2.7s"	"5H*"	"4"	""	""	"5"		""	"L5951"	
"479.15158"	"479.151582"	"180"	""		"17354.638583"	"38219.0283"	"5f.6d.7s2"	"3D*"	"1"	"6d4"	""	"2"		""	"L5951"	
"479.17089"	"479.170909"	"27"	""		"17847.07751"	"38710.6257"	"5f.6d.7s2"	"3P*"	"2"	""	""	"1"		""	"L5951"	
"479.19216"	"479.192140"	"27"	""		"11802.93238"	"32665.5562"	"6d3.(4P).7s"	"5P"	"2"	""	"*"	"1"		""	"L5951"	
"479.19946"	"479.20011"	"30"	""		"21165.098037"	"42027.3749"	"5f.6d.7s2"	"3D*"	"3"	"6d4"	"1D"	"2"		""	"L12239"	
"479.29065"	"479.290660"	"42"	""		"21902.26981"	"42760.6053"	"5f.6d2.7s"	"3H*"	"4"	""	""	"5"		""	"L5951"	
"479.324457"	"479.324459"	"700"	""		"10414.13700"	"31271.00174"	"5f.6d.7s2"	"1G*"	"4"	""	""	"5"		""	"L18702"	
"479.32850"	"479.328573"	"63"	""		"21539.59257"	"42396.2783"	""	"*"	"4"	""	""	"5"		""	"L3552"	
"479.39052"	"479.390523"	"94"	""		"8243.602091"	"29097.59262"	"5f.6d.7s2"	"3F*"	"2"	""	""	"1"		""	"L5951"	
"479.44741"	"479.447805"	"15"	""		"10414.13700"	"31265.63604"	"5f.6d.7s2"	"1G*"	"4"	""	""	"3"		""	"L3552"	
"479.52894"	"479.528968"	"13"	""		"11802.93238"	"32650.9022"	"6d3.(4P).7s"	"5P"	"2"	""	"*"	"1"		""	"L12239"	
"479.54173"	"479.541123"	"21"	""		"19503.143490"	"40350.5849"	"6d2.7s.7p"	"5F*"	"3"	""	""	"3"		""	"L12239"	
"479.56140"	"479.561501"	"50"	""		"19227.33665"	"40073.8922"	"5f.6d2.7s"	"5I*"	"6"	""	""	"5"		""	"L5951"	
"479.591316"	"479.591316"	"660"	""		"7502.287636"	"28347.54723"	"6d3.(4F).7s"	"5F"	"3"	""	"*"	"2"		""	"L18702"	
"479.62429"	"479.624311"	"95"	""		"13945.307389"	"34789.1330"	"6d.7s2.7p"	"3F*"	"3"	""	""	"2"		""	"L5951"	
"479.63015"	"479.629704"	"16"	""		"21252.60286"	"42096.1941"	""	"*"	"2"	""	""	"3"		""	"L12239"	
"479.66671"	"479.666692"	"23"	""		"14032.085336"	"34874.0693"	"6d.7s2.7p"	"3D*"	"2"	""	""	"3"		""	"L3552"	
"479.68971"	"479.689681"	"31"	""		"19948.395175"	"40789.3803"	"6d2.7s.7p"	"5F*"	"4"	""	""	"5"		""	"L5951"	
"479.74231"	"479.742210"	"19"	""		"20522.71449"	"41361.4177"	"6d2.7s.7p"	"3F*"	"2"	"5f.6d2.7p "	"5H"	"3"		""	"L12239"	
"479.74974"	"479.749781"	"210"	""		"19588.36224"	"40426.7366"	"6d2.7s.7p"	"5G*"	"5"	""	""	"4"		""	"L5951"	
"479.85956"	"479.859622"	"37"	""		"19516.98043"	"40350.5849"	"6d2.7s.7p"	"5D*"	"2"	""	""	"3"		""	"L5951"	
"479.87334"	"479.873352"	"30"	""		"18431.686609"	"39264.6950"	"5f.7s2.7p"	"3G"	"3"	""	"*"	"3"		""	"L5951"	
"479.96688"	"479.966899"	"16"	""		"17959.89498"	"38788.8430"	"6d3.(4F).7s"	"3F"	"4"	""	"*"	"3"		""	"L12239"	
"480.10517"	"480.105201"	"90"	""		"19273.28060"	"40096.2286"	"6d3.(2P).7s"	""	"2"	""	"*"	"2"		""	"L5951"	
"480.13483"	"480.135199"	"37"	""		"8111.004545"	"28932.65158"	"6d2.7s2"	"1G"	"4"	""	"*"	"4"		""	"L12239"	
"480.19509"	"480.195210"	"16"	""		"14481.86965"	"35300.9146"	"5f.6d.7s2"	"3H*"	"6"	"5f.6d2.7p"	"5K"	"5"		""	"L3552"	
"480.20644"	"480.206605"	"20"	""		"17398.39526"	"38216.9462"	"6d3.(4F).7s"	""	"3"	""	"*"	"3"		""	"L12239"	
"480.26714"	"480.267146"	"110"	""		"11197.031257"	"32012.95790"	"5f.6d.7s2"	"3H*"	"5"	""	""	"4"		""	"L5951"	
"480.34443"	"480.344443"	"42"	""		"19503.143490"	"40315.7205"	"6d2.7s.7p"	"5F*"	"3"	""	""	"4"		""	"L5951"	
"480.45440"	"480.454631"	"11"	""		"17411.224415"	"38219.0283"	"6d.7s2.7p"	"3D*"	"3"	"6d4"	""	"2"		""	"L12239"	
"480.52461"	"480.524598"	"80"	""		"15863.88829"	"36668.6625"	"6d3.(2D2).7s"	""	"2"	""	"*"	"2"		""	"L5951"	
"480.56063"	"480.560658"	"46"	""		"19986.16721"	"40789.3803"	"5f.6d2.7s"	"5H*"	"6"	""	""	"5"		""	"L5951"	
"480.62480"	"480.624949"	"24"	""		"10526.544406"	"31326.97478"	"5f.6d.7s2"	"3G*"	"3"	""	""	"4"		""	"L3552"	
"480.63580"	"480.635812"	"44"	""		"5563.141519"	"26363.10178"	"6d3.(4F).7s"	"5F"	"1"	""	"*"	"2"		""	"L5951"	
"480.64634"	"480.646373"	"60"	""		"11241.73043"	"32041.23370"	"5f.6d.7s2"	"3F*"	"3"	""	""	"2"		""	"L5951"	
"480.7335"	"480.73331"	"6"	""		"26048.54211"	"46844.284"	""	"*"	"4"	""	""	"5"		""	"L12239"	
"480.74614"	"480.745924"	"14"	""		"20214.92997"	"41010.1262"	"6d2.7s.7p"	"5D*"	"3"	""	""	"3"		""	"L12239"	
"480.75504"	"480.755226"	"15"	""		"20566.62381"	"41361.4177"	"6d2.7s.7p"	"5D*"	"4"	"5f.6d2.7p "	"5H"	"3"		""	"L12239"	
"480.813370"	"480.813370"	"12000"	""		"4961.658832"	"25753.93805"	"6d2.7s2"	"3F"	"4"	""	"*"	"5"		""	"L18702"	
"480.87658"	"480.876573"	"37"	""		"20566.62381"	"41356.1703"	"6d2.7s.7p"	"5D*"	"4"	""	""	"5"		""	"L5951"	
"480.961408"	"480.961406"	"3600"	""		"2869.259165"	"23655.13881"	"6d2.7s2"	"3F"	"3"	""	"*"	"4"		""	"L18702"	
"480.99560"	"480.995679"	"25"	""		"16346.64962"	"37131.0482"	"5f.6d2.7s"	"5H*"	"4"	""	""	"3"		""	"L5951"	
"481.05206"	"481.052051"	"53"	""		"15493.21943"	"36275.1824"	"6d3.(2H).7s"	"3H"	"4"	""	"*"	"5"		""	"L5951"	
"481.14744"	"481.147441"	"20"	""		"19503.143490"	"40280.9864"	"6d2.7s.7p"	"5F*"	"3"	""	""	"3"		""	"L12239"	
"481.237558"	"481.237554"	"750"	""		"8111.004545"	"28884.95681"	"6d2.7s2"	"1G"	"4"	""	"*"	"3"		""	"L5951"	
"481.26360"	"481.263601"	"31"	""		"17224.302340"	"37997.1303"	"6d2.7s.7p"	"5F*"	"2"	""	""	"2"		""	"L12239"	
"481.27120"	"481.271486"	"8"	""		"11802.93238"	"32575.4200"	"6d3.(4P).7s"	"5P"	"2"	"6d3.7p"	"5G*"	"2"		""	"L3552"	
"481.29368"	"481.293698"	"46"	""		"14243.993748"	"35015.5227"	"5f.6d.7s2"	"3P*"	"1"	""	""	"2"		""	"L5951"	
"481.300697"	"481.300684"	"690"	""		"11241.73043"	"32012.95790"	"5f.6d.7s2"	"3F*"	"3"	""	""	"4"		""	"L5951"	
"481.34992"	"481.351005"	"8"	""		"18699.62342"	"39468.6795"	"5f.7s2.7p"	"3F"	"2"	""	"*"	"3"		""	"L3552"	
"481.372042"	"481.372042"	"1600"	""		"9804.806547"	"30572.95496"	"6d3.(4F).7s"	"5F"	"5"	""	"*"	"6"		""	"L18702"	
"481.389632"	"481.389632"	"2400"	""		"7795.275291"	"28562.66485"	"5f.6d.7s2"	"3H*"	"4"	""	""	"4"		""	"L18702"	
"481.45530"	"481.455102"	"16"	""		"20922.12244"	"41686.6880"	""	"*"	"2"	""	""	"3"		""	"L3552"	
"481.46520"	"481.465183"	"25"	""		"21077.152101"	"41841.2829"	"6d2.7s.7p"	"5F*"	"5"	""	""	"6"		""	"L5951"	
"481.46808"	"481.468078"	"53"	""		"19516.98043"	"40280.9864"	"6d2.7s.7p"	"5D*"	"2"	""	""	"3"		""	"L5951"	
"481.49212"	"481.492118"	"110"	""		"14226.82045"	"34989.7897"	"6d3.(2P).7s"	""	"0"	""	"*"	"1"		""	"L5951"	
"481.50496"	"481.504955"	"51"	""		"13945.307389"	"34707.7231"	"6d.7s2.7p"	"3F*"	"3"	""	""	"3"		""	"L5951"	
"481.53420"	"481.533802"	"13"	""		"21890.13254"	"42651.3045"	""	"*"	"3"	""	""	"3"		""	"L12239"	
"481.54635"	"481.546366"	"79"	""		"17501.17592"	"38261.8062"	"5f.6d2.7s"	"5I*"	"5"	""	""	"5"		""	"L18702"	
"481.55586"	"481.555586"	"12"	""		"19817.18191"	"40577.4147"	"6d2.7s.7p"	"5P*"	"1"	""	""	"2"		""	"L12239"	
"481.65660"	"481.655843"	"8"	""		"17847.07751"	"38602.9891"	"5f.6d.7s2"	"3P*"	"2"	""	""	"2"		""	"L3552"	
"481.68322"	"481.683244"	"63"	""		"19503.143490"	"40257.8744"	"6d2.7s.7p"	"5F*"	"3"	""	""	"4"		""	"L5951"	
"481.702060"	"481.702051"	"400"	""		"11241.73043"	"31995.65103"	"5f.6d.7s2"	"3F*"	"3"	""	""	"4"		""	"L5951"	
"481.74440"	"481.744404"	"47"	""		"18011.38030"	"38763.4763"	"5f.6d2.7s"	"5H*"	"5"	""	""	"5"		""	"L5951"	
"481.75952"	"481.759695"	"21"	""		"22338.99484"	"43090.4322"	"5f.6d2.7s"	"5G*"	"3"	""	""	"4"		""	"L12239"	
"481.7909"	"481.79118"	"8"	""		"22141.60454"	"42891.6858"	""	"*"	"3"	""	""	"4"		""	"L12239"	
"481.81055"	"481.810429"	"29"	""		"18011.38030"	"38760.6326"	"5f.6d2.7s"	"5H*"	"5"	""	""	"4"		""	"L12239"	
"481.8161"	"481.815482"	"6"	""		"21902.26981"	"42651.3045"	"5f.6d2.7s"	"3H*"	"4"	""	""	"3"		""	"L12239"	
"481.82956"	"481.829569"	"60"	""		"15736.968041"	"36485.3961"	"6d2.7s.7p"	"5F*"	"1"	""	""	"2"		""	"L5951"	
"481.919306"	"481.919312"	"690"	""		"7280.123222"	"28024.68756"	"6d2.7s2"	""	"2"	""	"*"	"1"		""	"L5951"	
"481.95094"	"481.950938"	"110"	""		"12847.96912"	"33591.1722"	"6d3.(4P).7s"	"5P"	"3"	"6d3.7p"	"5G*"	"3"		""	"L5951"	
"481.95750"	"481.957502"	"250"	""		"14032.085336"	"34775.0059"	"6d.7s2.7p"	"3D*"	"2"	""	""	"1"		""	"L5951"	
"481.96830"	"481.968331"	"64"	""		"17354.638583"	"38097.0931"	"5f.6d.7s2"	"3D*"	"1"	""	""	"2"		""	"L18702"	
"482.04403"	"482.043834"	"52"	""		"16346.64962"	"37085.8553"	"5f.6d2.7s"	"5H*"	"4"	""	""	"4"		""	"L5951"	
"482.046492"	"482.046484"	"590"	""		"10526.544406"	"31265.63604"	"5f.6d.7s2"	"3G*"	"3"	""	""	"3"		""	"L5951"	
"482.05070"	"482.050721"	"65"	""		"24084.94271"	"44823.8521"	"6d2.7s.7p"	"5G*"	"6"	""	""	"5 or 6"		""	"L5951"	
"482.07881"	"482.078737"	"16"	""		"19532.41646"	"40270.1206"	"6d3.(2F).7s"	"3F"	"4"	""	"*"	"4"		""	"L3552"	
"482.07946"	"482.079774"	"110"	""		"16783.84708"	"37521.5066"	"5f.6d2.7s"	"5I*"	"4"	""	""	"3"		""	"L12239"	
"482.088444"	"482.088438"	"1700"	""		"0.000000"	"20737.28686"	"6d2.7s2"	"3F"	"2"	""	"*"	"1"		""	"L18702"	
"482.138829"	"482.138839"	"350"	""		"14481.86965"	"35216.98873"	"5f.6d.7s2"	"3H*"	"6"	""	""	"5"		""	"L5951"	
"482.158780"	"482.158781"	"1900"	""		"2869.259165"	"23603.52066"	"6d2.7s2"	"3F"	"3"	""	"*"	"2"		""	"L18702"	
"482.16263"	"482.162538"	"37"	""		"20214.92997"	"40949.0299"	"6d2.7s.7p"	"5D*"	"3"	""	""	"3"		""	"L5951"	
"482.18647"	"482.186457"	"150"	""		"3687.987189"	"24421.05861"	"6d2.7s2"	""	"2"	""	"*"	"3"		""	"L5951"	
"482.285478"	"482.285479"	"7400"	""		"4961.658832"	"25690.47345"	"6d2.7s2"	"3F"	"4"	""	"*"	"5"		""	"L18702"	
"482.31240"	"482.312406"	"86"	""		"10414.13700"	"31141.79438"	"5f.6d.7s2"	"1G*"	"4"	"6d4"	"3D"	"3"		""	"L5951"	
"482.360634"	"482.360642"	"2300"	""		"6362.395980"	"27087.98061"	"6d3.(4F).7s"	"5F"	"2"	""	"*"	"1"		""	"L18702"	
"482.399681"	"482.399670"	"940"	""		"5563.141519"	"26287.04940"	"6d3.(4F).7s"	"5F"	"1"	"6d2.7s.7p"	"3D*"	"1"		""	"L18702"	
"482.40879"	"482.408841"	"60"	""		"22163.13360"	"42886.6475"	""	"*"	"4"	""	""	"4 or 5"		""	"L5951"	
"482.43130"	"482.431291"	"41"	""		"19532.41646"	"40254.9660"	"6d3.(2F).7s"	"3F"	"4"	""	"*"	"3"		""	"L5951"	
"482.47361"	"482.473982"	"8"	""		"15490.077832"	"36210.7938"	"5f.6d.7s2"	"3G*"	"5"	""	""	"5"		""	"L3552"	
"482.50596"	"482.505945"	"140"	""		"10526.544406"	"31245.88778"	"5f.6d.7s2"	"3G*"	"3"	""	""	"2"		""	"L5951"	
"482.51832"	"482.518320"	"36"	""		"20566.62381"	"41285.4358"	"6d2.7s.7p"	"5D*"	"4"	""	""	"3"		""	"L5951"	
"482.55548"	"482.555443"	"43"	""		"15618.98461"	"36336.2027"	"5f.6d2.7s"	"5H*"	"3"	""	""	"3"		""	"L5951"	
"482.60031"	"482.600365"	"74"	""		"18549.40528"	"39264.6950"	"6d3.(4P).7s"	""	"2"	""	"*"	"3"		""	"L18702"	
"482.66332"	"482.663455"	"230"	""		"9804.806547"	"30517.38856"	"6d3.(4F).7s"	"5F"	"5"	""	"*"	"4"		""	"L5951"	
"482.670039"	"482.670040"	"4700"	""		"9804.806547"	"30517.10597"	"6d3.(4F).7s"	"5F"	"5"	""	"*"	"5"		""	"L18702"	
"482.71655"	"482.716553"	"40"	""		"18809.88631"	"39520.1900"	"6d2.7s.7p"	"5G*"	"4"	""	""	"4"		""	"L5951"	
"482.82460"	"482.824599"	"8"	""		"17959.89498"	"38665.5642"	"6d3.(4F).7s"	"3F"	"4"	""	"*"	"5"		""	"L3552"	
"482.86596"	"482.865972"	"110"	""		"13297.43316"	"34001.3283"	"6d3.(2G).7s"	"3G"	"4"	""	"*"	"4"		""	"L5951"	
"482.94081"	"482.940822"	"35"	""		"11802.93238"	"32503.6187"	"6d3.(4P).7s"	"5P"	"2"	""	"*"	"2"		""	"L5951"	
"482.95518"	"482.954482"	"13"	""		"19948.395175"	"40648.4960"	"6d2.7s.7p"	"5F*"	"4"	""	""	"4"		""	"L12239"	
"482.979734"	"482.979730"	"510"	""		"6362.395980"	"27061.41472"	"6d3.(4F).7s"	"5F"	"2"	""	"*"	"2"		""	"L18702"	
"483.02061"	"483.020291"	"8"	""		"19503.143490"	"40200.4241"	"6d2.7s.7p"	"5F*"	"3"	""	""	"3"		""	"L3552"	
"483.112128"	"483.112129"	"7000"	""		"3687.987189"	"24381.33337"	"6d2.7s2"	""	"2"	""	"*"	"2"		""	"L18702"	
"483.14637"	"483.146388"	"230"	""		"15736.968041"	"36428.8469"	"6d2.7s.7p"	"5F*"	"1"	""	""	"2"		""	"L5951"	
"483.159762"	"483.159763"	"2500"	""		"8243.602091"	"28934.90819"	"5f.6d.7s2"	"3F*"	"2"	""	""	"3"		""	"L18702"	
"483.21668"	"483.216646"	"34"	""		"18011.38030"	"38700.2507"	"5f.6d2.7s"	"5H*"	"5"	""	""	"4"		""	"L5951"	
"483.24233"	"483.242325"	"92"	""		"11241.73043"	"31929.50145"	"5f.6d.7s2"	"3F*"	"3"	""	""	"3"		""	"L5951"	
"483.311263"	"483.311264"	"310"	""		"15493.21943"	"36178.0396"	"6d3.(2H).7s"	"3H"	"4"	""	"*"	"4"		""	"L5951"	
"483.317862"	"483.317864"	"630"	""		"14465.221873"	"35149.75961"	"6d2.7s.7p"	"5G*"	"2"	""	""	"2"		""	"L5951"	
"483.34337"	"483.343429"	"28"	""		"19516.98043"	"40200.4241"	"6d2.7s.7p"	"5D*"	"2"	""	""	"3"		""	"L5951"	
"483.36375"	"483.363728"	"39"	""		"24084.94271"	"44767.5178"	"6d2.7s.7p"	"5G*"	"6"	""	""	"6 or 7"		""	"L5951"	
"483.36759"	"483.367613"	"170"	""		"14204.26476"	"34886.6736"	"6d3.(2G).7s"	""	"5"	""	"*"	"5"		""	"L5951"	
"483.37658"	"483.377318"	"20"	""		"19503.143490"	"40185.1371"	"6d2.7s.7p"	"5F*"	"3"	""	""	"2"		""	"L12239"	
"483.38277"	"483.382764"	"230"	""		"12114.36618"	"32796.12677"	"5f.6d.7s2"	"1D*"	"2"	""	""	"3"		""	"L5951"	
"483.40971"	"483.409717"	"210"	""		"20867.97560"	"41548.5831"	"5f.6d2.7s"	"5I*"	"7"	""	""	"6"		""	"L5951"	
"483.45368"	"483.453891"	"19"	""		"21077.152101"	"41755.8700"	"6d2.7s.7p"	"5F*"	"5"	""	""	"4"		""	"L12239"	
"483.46322"	"483.463400"	"16"	""		"15618.98461"	"36297.2958"	"5f.6d2.7s"	"5H*"	"3"	""	""	"4"		""	"L3552"	
"483.50755"	"483.50753"	"32"	""		"22163.13360"	"42839.5573"	""	"*"	"4"	""	""	"3"		""	"L5951"	
"483.60939"	"483.609412"	"27"	""		"20214.92997"	"40886.9980"	"6d2.7s.7p"	"5D*"	"3"	""	""	"2"		""	"L5951"	
"483.63447"	"483.635024"	"15"	""		"21594.67329"	"42265.6466"	"6d3.(2F).7s"	"1F"	"3"	""	"*"	"4"		""	"L12239"	
"483.66959"	"483.669214"	"400"	""		"19588.36224"	"40257.8744"	"6d2.7s.7p"	"5G*"	"5"	""	""	"4"		""	"L12239"	
"483.69098"	"483.691041"	"14"	""		"18574.61019"	"39243.1896"	"6d3.(2P).7s"	""	"1"	""	"*"	"2"		""	"L12239"	
"483.72444"	"483.724440"	"61"	""		"14206.91694"	"34874.0693"	"5f.6d.7s2"	"3F*"	"4"	""	""	"3"		""	"L5951"	
"483.74121"	"483.741195"	"130"	""		"14206.91694"	"34873.3535"	"5f.6d.7s2"	"3F*"	"4"	""	""	"4"		""	"L5951"	
"483.85590"	"483.855924"	"76"	""		"22163.13360"	"42824.6699"	""	"*"	"4"	""	""	"4 or 5"		""	"L5951"	
"483.96751"	"483.967522"	"82"	""		"13175.113345"	"33831.88538"	"5f.6d.7s2"	"3G*"	"4"	""	""	"4"		""	"L5951"	
"483.97896"	"483.97911"	"18"	""		"20922.12244"	"41578.3997"	""	"*"	"2"	""	""	"2"		""	"L12239"	
"484.01750"	"484.017331"	"15"	""		"17398.39526"	"38053.0416"	"6d3.(4F).7s"	""	"3"	""	"*"	"3"		""	"L12239"	
"484.084278"	"484.084278"	"9600"	""		"2869.259165"	"23521.04909"	"6d2.7s2"	"3F"	"3"	""	"*"	"3"		""	"L18702"	
"484.093252"	"484.093271"	"540"	""		"19986.16721"	"40637.5735"	"5f.6d2.7s"	"5H*"	"6"	""	""	"6"		""	"L5951"	
"484.20517"	"484.205193"	"34"	""		"18053.617845"	"38700.2507"	"6d.7s2.7p"	"3F*"	"4"	""	""	"4"		""	"L5951"	
"484.21676"	"484.216612"	"170*"	""		"13088.56115"	"33734.7071"	"6d3.(2G).7s"	"3G"	"3"	""	"*"	"2"		""	"L5951"	
"484.21676"	"484.216883"	"170*"	""		"20214.92997"	"40861.0644"	"6d2.7s.7p"	"5D*"	"3"	""	""	"4"		""	"L5951"	
"484.27654"	"484.276481"	"15"	""		"14465.221873"	"35108.8155"	"6d2.7s.7p"	"5G*"	"2"	""	""	"2"		""	"L12239"	
"484.30232"	"484.302332"	"100"	""		"17354.638583"	"37997.1303"	"5f.6d.7s2"	"3D*"	"1"	""	""	"2"		""	"L5951"	
"484.31053"	"484.310549"	"53"	""		"14206.91694"	"34849.05842"	"5f.6d.7s2"	"3F*"	"4"	""	""	"5"		""	"L5951"	
"484.387666"	"484.387663"	"830"	""		"8243.602091"	"28882.45742"	"5f.6d.7s2"	"3F*"	"2"	""	""	"2"		""	"L18702"	
"484.394113"	"484.394117"	"1400"	""		"7502.287636"	"28140.86799"	"6d3.(4F).7s"	"5F"	"3"	""	"*"	"4"		""	"L18702"	
"484.46147"	"484.461461"	"27"	""		"20922.12244"	"41557.8339"	""	"*"	"2"	""	""	"3"		""	"L5951"	
"484.49252"	"484.492515"	"180"	""		"19948.395175"	"40582.7840"	"6d2.7s.7p"	"5F*"	"4"	""	""	"5"		""	"L5951"	
"484.516264"	"484.516252"	"820"	""		"6362.395980"	"26995.77389"	"6d3.(4F).7s"	"5F"	"2"	""	"*"	"3"		""	"L18702"	
"484.56775"	"484.567750"	"18"	""		"18069.065569"	"38700.2507"	"6d.7s2.7p"	"1F*"	"3"	""	""	"4"		""	"L12239"	
"484.58621"	"484.585973"	"20"	""		"23306.82782"	"43937.2371"	"5f.6d2.7s"	"3I*"	"6"	""	""	"6"		""	"L12239"	
"484.59902"	"484.599027"	"8"	""		"13088.56115"	"33718.4147"	"6d3.(2G).7s"	"3G"	"3"	""	"*"	"2"		""	"L3552"	
"484.71459"	"484.714584"	"26"	""		"15863.88829"	"36488.8237"	"6d3.(2D2).7s"	""	"2"	""	"*"	"2"		""	"L5951"	
"484.732635"	"484.732627"	"310"	""		"14465.221873"	"35089.38959"	"6d2.7s.7p"	"5G*"	"2"	""	""	"3"		""	"L5951"	
"484.77937"	"484.77938"	"33"	""		"24084.94271"	"44707.1216"	"6d2.7s.7p"	"5G*"	"6"	""	""	"6"		""	"L5951"	
"484.82136"	"484.821381"	"190"	""		"17959.89498"	"38580.2872"	"6d3.(4F).7s"	"3F"	"4"	""	"*"	"4"		""	"L5951"	
"484.836248"	"484.836248"	"6000"	""		"3687.987189"	"24307.74711"	"6d2.7s2"	""	"2"	""	"*"	"2"		""	"L18702"	
"484.914011"	"484.913999"	"910"	""		"10414.13700"	"31030.59080"	"5f.6d.7s2"	"1G*"	"4"	"6d4"	"3G"	"5"		""	"L18702"	
"484.94170"	"484.942316"	"17"	""		"10526.544406"	"31141.79438"	"5f.6d.7s2"	"3G*"	"3"	"6d4"	"3D"	"3"		""	"L3552"	
"484.986165"	"484.986160"	"680"	""		"4961.658832"	"25575.04516"	"6d2.7s2"	"3F"	"4"	""	"*"	"4"		""	"L18702"	
"485.16780"	"485.167802"	"57"	""		"17501.17592"	"38106.8449"	"5f.6d2.7s"	"5I*"	"5"	""	""	"5"		""	"L5951"	
"485.25366"	"485.253683"	"29"	""		"21143.42198"	"41745.4442"	"6d3.(2H).7s"	"1H"	"5"	""	"*"	"4"		""	"L5951"	
"485.286854"	"485.286846"	"1300"	""		"14481.86965"	"35082.48400"	"5f.6d.7s2"	"3H*"	"6"	""	""	"6"		""	"L18702"	
"485.31324"	"485.31307"	"17"	""		"22877.58322"	"43477.0844"	""	"*"	"5"	""	""	"5"		""	"L12239"	
"485.36088"	"485.360889"	"67"	""		"22163.13360"	"42760.6053"	""	"*"	"4"	""	""	"5"		""	"L5951"	
"485.4009"	"485.400834"	"8"	""		"12114.36618"	"32710.14290"	"5f.6d.7s2"	"1D*"	"2"	""	""	"2"		""	"L12239"	
"485.53336"	"485.533430"	"30"	""		"18069.065569"	"38659.2178"	"6d.7s2.7p"	"1F*"	"3"	""	""	"2"		""	"L5951"	
"485.53945"	"485.539456"	"32"	""		"18930.29333"	"39520.1900"	"6d2.7s.7p"	"3G*"	"3"	""	""	"4"		""	"L5951"	
"485.55263"	"485.552638"	"26"	""		"17847.07751"	"38436.4152"	"5f.6d.7s2"	"3P*"	"2"	""	""	"2"		""	"L5951"	
"485.75385"	"485.754080"	"240bl"	""		"14465.221873"	"35046.0213"	"6d2.7s.7p"	"5G*"	"2"	""	"5F"	"1"		""	"L5951"	
"485.79484"	"485.794861"	"85"	""		"12847.96912"	"33427.0409"	"6d3.(4P).7s"	"5P"	"3"	""	"*"	"2"		""	"L5951"	
"485.82349"	"485.82347"	"33"	""		"24259.77463"	"44837.6347"	""	"*"	"4"	""	""	"4"		""	"L12239"	
"486.01728"	"486.017275"	"29"	""		"15493.21943"	"36062.8738"	"6d3.(2H).7s"	"3H"	"4"	""	"*"	"4"		""	"L5951"	
"486.02599"	"486.025958"	"54"	""		"10526.544406"	"31095.8313"	"5f.6d.7s2"	"3G*"	"3"	"6d4"	"3D"	"2"		""	"L5951"	
"486.06171"	"486.062372"	"15"	""		"19516.98043"	"40084.7264"	"6d2.7s.7p"	"5D*"	"2"	""	""	"3"		""	"L12239"	
"486.07329"	"486.073294"	"35"	""		"18431.686609"	"38998.9704"	"5f.7s2.7p"	"3G"	"3"	""	"*"	"3"		""	"L5951"	
"486.121665"	"486.121661"	"1100"	""		"8111.004545"	"28676.24203"	"6d2.7s2"	"1G"	"4"	""	"*"	"3"		""	"L18702"	
"486.16261"	"486.162603"	"140"	""		"15863.88829"	"36427.3939"	"6d3.(2D2).7s"	""	"2"	""	"*"	"3"		""	"L5951"	
"486.171722"	"486.171714"	"820"	""		"7795.275291"	"28358.39555"	"5f.6d.7s2"	"3H*"	"4"	""	""	"3"		""	"L18702"	
"486.24300"	"486.242940"	"48"	""		"17224.302340"	"37784.4105"	"6d2.7s.7p"	"5F*"	"2"	""	""	"2"		""	"L5951"	
"486.29621"	"486.295716"	"36"	""		"16217.482038"	"36775.3589"	"6d.7s2.7p"	"1D*"	"2"	""	""	"3"		""	"L3552"	
"486.314098"	"486.314106"	"1500"	""		"10414.13700"	"30971.23650"	"5f.6d.7s2"	"1G*"	"4"	""	""	"4"		""	"L18702"	
"486.43556"	"486.435530"	"28"	""		"11241.73043"	"31793.69851"	"5f.6d.7s2"	"3F*"	"3"	""	""	"4"		""	"L5951"	
"486.44308"	"486.443072"	"96"	""		"17398.39526"	"37950.0447"	"6d3.(4F).7s"	""	"3"	""	"*"	"4"		""	"L5951"	
"486.46976"	"486.469879"	"67"	""		"10414.13700"	"30964.65395"	"5f.6d.7s2"	"1G*"	"4"	""	""	"3"		""	"L5951"	
"486.47502"	"486.474996"	"35"	""		"14465.221873"	"35015.5227"	"6d2.7s.7p"	"5G*"	"2"	""	""	"2"		""	"L5951"	
"486.47890"	"486.479101"	"18"	""		"5563.141519"	"26113.26894"	"6d3.(4F).7s"	"5F"	"1"	""	"*"	"2"		""	"L3552"	
"486.49850"	"486.498102"	"18"	""		"19503.143490"	"40052.4683"	"6d2.7s.7p"	"5F*"	"3"	""	""	"4"		""	"L3552"	
"486.52012"	"486.519956"	"26"	""		"21738.05013"	"42286.4519"	"5f.6d2.7s"	"5G*"	"2"	""	""	"3"		""	"L5951"	
"486.54060"	"486.540720"	"190"	""		"13297.43316"	"33844.9580"	"6d3.(2G).7s"	"3G"	"4"	""	"*"	"5"		""	"L5951"	
"486.547748"	"486.547748"	"9200"	""		"7795.275291"	"28342.50330"	"5f.6d.7s2"	"3H*"	"4"	"5f.7s2.7p"	"3G"	"5"		""	"L18702"	
"486.597223"	"486.597215"	"330"	""		"14243.993748"	"34789.1330"	"5f.6d.7s2"	"3P*"	"1"	""	""	"2"		""	"L5951"	
"486.60344"	"486.603433"	"71"	""		"19948.395175"	"40493.2719"	"6d2.7s.7p"	"5F*"	"4"	""	""	"3"		""	"L5951"	
"486.65966"	"486.659599"	"57"	""		"17073.80916"	"37616.3148"	"6d3.(4P).7s"	""	"1"	""	"*"	"1"		""	"L5951"	
"486.74743"	"486.747435"	"52"	""		"20322.26571"	"40861.0644"	"5f.6d.7s2"	"1H*"	"5"	""	""	"4"		""	"L5951"	
"486.75110"	"486.751111"	"27"	""		"16346.64962"	"36885.2932"	"5f.6d2.7s"	"5H*"	"4"	""	""	"4"		""	"L5951"	
"486.852779"	"486.852767"	"290"	""		"19948.395175"	"40482.7503"	"6d2.7s.7p"	"5F*"	"4"	""	""	"5"		""	"L5951"	
"486.86298"	"486.863000"	"86"	""		"18069.065569"	"38602.9891"	"6d.7s2.7p"	"1F*"	"3"	""	""	"2"		""	"L5951"	
"486.888135"	"486.888124"	"1400"	""		"11241.73043"	"31774.59439"	"5f.6d.7s2"	"3F*"	"3"	""	""	"3"		""	"L18702"	
"487.02522"	"487.025348"	"20"	""		"18382.82669"	"38909.9054"	"6d2.7s.7p"	"5D*"	"0"	""	""	"1"		""	"L12239"	
"487.128915"	"487.128917"	"710"	""		"0.000000"	"20522.71449"	"6d2.7s2"	"3F"	"2"	"6d2.7s.7p"	"3F*"	"2"		""	"L18702"	
"487.15580"	"487.155611"	"27"	""		"21165.098037"	"41686.6880"	"5f.6d.7s2"	"3D*"	"3"	""	""	"3"		""	"L3552"	
"487.16798"	"487.167979"	"68"	""		"21902.26981"	"42423.3388"	"5f.6d2.7s"	"3H*"	"4"	""	""	"4"		""	"L5951"	
"487.203093"	"487.203102"	"420"	""		"16783.84708"	"37303.4367"	"5f.6d2.7s"	"5I*"	"4"	""	""	"4"		""	"L5951"	
"487.22289"	"487.222876"	"230"	""		"11197.031257"	"31715.78811"	"5f.6d.7s2"	"3H*"	"5"	""	""	"6"		""	"L5951"	
"487.22716"	"487.227169"	"150"	""		"11877.839132"	"32396.41519"	"6d.7s2.7p"	"3D*"	"1"	"6d4"	"3P1"	"2"		""	"L5951"	
"487.291682"	"487.291682"	"4400"	""		"3865.473772"	"24381.33337"	"6d2.7s2"	"3P"	"1"	""	"*"	"2"		""	"L18702"	
"487.293884"	"487.293910"	"540"	""		"6362.395980"	"26878.16179"	"6d3.(4F).7s"	"5F"	"2"	"6d2.7s.7p"	"3G*"	"3"		""	"L18702"	
"487.38551"	"487.385220"	"18"	""		"18809.88631"	"39321.8086"	"6d2.7s.7p"	"5G*"	"4"	""	""	"3"		""	"L3552"	
"487.436431"	"487.436435"	"2500"	""		"8800.249723"	"29310.01688"	"6d3.(4F).7s"	"5F"	"4"	""	"*"	"4"		""	"L18702"	
"487.56771"	"487.567775"	"36"	""		"7280.123222"	"27784.36557"	"6d2.7s2"	""	"2"	""	"*"	"2"		""	"L3552"	
"487.60657"	"487.606569"	"36"	""		"13088.56115"	"33591.1722"	"6d3.(2G).7s"	"3G"	"3"	"6d3.7p"	"5G*"	"3"		""	"L5951"	
"487.61420"	"487.614051"	"27"	""		"13297.43316"	"33799.7296"	"6d3.(2G).7s"	"3G"	"4"	""	"*"	"4"		""	"L3552"	
"487.62427"	"487.624269"	"250"	""		"13945.307389"	"34447.17423"	"6d.7s2.7p"	"3F*"	"3"	""	""	"4"		""	"L5951"	
"487.649495"	"487.649498"	"860"	""		"14206.91694"	"34707.7231"	"5f.6d.7s2"	"3F*"	"4"	""	""	"3"		""	"L5951"	
"487.68554"	"487.685542"	"35"	""		"13945.307389"	"34444.5984"	"6d.7s2.7p"	"3F*"	"3"	""	""	"2"		""	"L5951"	
"487.72647"	"487.726442"	"97"	""		"15863.88829"	"36361.4603"	"6d3.(2D2).7s"	""	"2"	""	"*"	"1"		""	"L5951"	
"487.74998"	"487.749974"	"54"	""		"19986.16721"	"40482.7503"	"5f.6d2.7s"	"5H*"	"6"	""	""	"5"		""	"L5951"	
"487.800942"	"487.800938"	"2200"	""		"3687.987189"	"24182.42887"	"6d2.7s2"	""	"2"	""	"*"	"2"		""	"L18702"	
"487.873302"	"487.873301"	"7200"	""		"2558.056752"	"23049.45870"	"6d2.7s2"	"3P"	"0"	""	"*"	"1"		""	"L18702"	
"487.95020"	"487.950241"	"46"	""		"22163.13360"	"42651.3045"	""	"*"	"4"	""	""	"3"		""	"L5951"	
"488.00121"	"488.001199"	"40"	""		"13945.307389"	"34431.3389"	"6d.7s2.7p"	"3F*"	"3"	""	""	"3"		""	"L5951"	
"488.01315"	"488.013147"	"31"	""		"19588.36224"	"40073.8922"	"6d2.7s.7p"	"5G*"	"5"	""	""	"5"		""	"L5951"	
"488.01898"	"488.018980"	"69"	""		"16351.93901"	"36837.2241"	"6d2.7s2"	""	"0"	""	"*"	"1"		""	"L5951"	
"488.08585"	"488.085799"	"170"	""		"10783.15535"	"31265.63604"	"6d.7s2.7p"	"3F*"	"2"	""	""	"3"		""	"L18702"	
"488.09142"	"488.091416"	"220"	""		"11802.93238"	"32285.1774"	"6d3.(4P).7s"	"5P"	"2"	""	"*"	"3"		""	"L5951"	
"488.10700"	"488.106778"	"27"	""		"17411.224415"	"37892.8248"	"6d.7s2.7p"	"3D*"	"3"	"5f.6d2.7p "	"5I"	"4"		""	"L3552"	
"488.120436"	"488.120450"	"910"	""		"4961.658832"	"25442.68552"	"6d2.7s2"	"3F"	"4"	""	"*"	"3"		""	"L18702"	
"488.15961"	"488.159605"	"120"	""		"11601.03035"	"32080.4143"	"6d3.(4P).7s"	"5P"	"1"	""	"*"	"1"		""	"L5951"	
"488.185311"	"488.185328"	"350"	""		"8111.004545"	"28589.30942"	"6d2.7s2"	"1G"	"4"	""	"*"	"3"		""	"L5951"	
"488.28943"	"488.289422"	"33"	""		"18809.88631"	"39283.8257"	"6d2.7s.7p"	"5G*"	"4"	""	""	"4"		""	"L5951"	
"488.32348"	"488.323482"	"85"	""		"21890.13254"	"42362.6439"	""	"*"	"3"	""	""	"4"		""	"L5951"	
"488.34923"	"488.349253"	"31"	""		"21077.152101"	"41548.5831"	"6d2.7s.7p"	"5F*"	"5"	""	""	"6"		""	"L5951"	
"488.36631"	"488.366485"	"18"	""		"15618.98461"	"36089.6933"	"5f.6d2.7s"	"5H*"	"3"	""	""	"4"		""	"L3552"	
"488.44932"	"488.449332"	"38"	""		"19039.153374"	"39506.3900"	"6d.7s2.7p"	"3P*"	"2"	""	""	"3"		""	"L5951"	
"488.45514"	"488.455148"	"130"	""		"19227.33665"	"39694.3296"	"5f.6d2.7s"	"5I*"	"6"	"5f.6d2.7p "	"5I"	"5"		""	"L5951"	
"488.52410"	"488.524056"	"27"	""		"19588.36224"	"40052.4683"	"6d2.7s.7p"	"5G*"	"5"	""	""	"4"		""	"L3552"	
"488.52900"	"488.528921"	"18"	""		"17224.302340"	"37688.2046"	"6d2.7s.7p"	"5F*"	"2"	""	""	"3"		""	"L3552"	
"488.55683"	"488.556850"	"51"	""		"10783.15535"	"31245.88778"	"6d.7s2.7p"	"3F*"	"2"	""	""	"2"		""	"L5951"	
"488.56018"	"488.560162"	"26"	""		"21903.40831"	"42366.0020"	"5f.6d2.7s"	"5H*"	"7"	""	""	"6"		""	"L5951"	
"488.57595"	"488.57594"	"49"	""		"23015.15141"	"43477.0844"	""	"*"	"5"	""	""	"5"		""	"L5951"	
"488.58250"	"488.582414"	"380"	""		"16346.64962"	"36808.3114"	"5f.6d2.7s"	"5H*"	"4"	""	""	"3"		""	"L3552"	
"488.58382"	"488.583991"	"33"	""		"14481.86965"	"34943.46540"	"5f.6d.7s2"	"3H*"	"6"	""	""	"6"		""	"L12239"	
"488.60139"	"488.601478"	"27"	""		"18069.065569"	"38529.9290"	"6d.7s2.7p"	"1F*"	"3"	""	""	"3"		""	"L3552"	
"488.61315"	"488.613164"	"140"	""		"21902.26981"	"42362.6439"	"5f.6d2.7s"	"3H*"	"4"	""	""	"4"		""	"L5951"	
"488.68662"	"488.686634"	"130"	""		"15970.09583"	"36427.3939"	"6d3.(2D2).7s"	""	"3"	""	"*"	"3"		""	"L5951"	
"488.70959"	"488.709593"	"110"	""		"17959.89498"	"38416.2320"	"6d3.(4F).7s"	"3F"	"4"	""	"*"	"3"		""	"L5951"	
"488.78221"	"488.782140"	"9"	""		"19532.41646"	"39985.7173"	"6d3.(2F).7s"	"3F"	"4"	""	"*"	"3"		""	"L3552"	
"488.87141"	"488.871432"	"37"	""		"18549.40528"	"38998.9704"	"6d3.(4P).7s"	""	"2"	""	"*"	"3"		""	"L3552"	
"488.88109"	"488.881182"	"37"	""		"12847.96912"	"33297.1264"	"6d3.(4P).7s"	"5P"	"3"	""	"*"	"2"		""	"L3552"	
"488.949036"	"488.949027"	"530"	""		"7502.287636"	"27948.60753"	"6d3.(4F).7s"	"5F"	"3"	""	"*"	"4"		""	"L5951"	
"489.045826"	"489.045815"	"390"	""		"3865.473772"	"24307.74711"	"6d2.7s2"	"3P"	"1"	""	"*"	"2"		""	"L5951"	
"489.14546"	"489.145449"	"33"	""		"10526.544406"	"30964.65395"	"5f.6d.7s2"	"3G*"	"3"	""	""	"3"		""	"L5951"	
"489.16606"	"489.166072"	"170"	""		"12114.36618"	"32551.61408"	"5f.6d.7s2"	"1D*"	"2"	""	""	"3"		""	"L5951"	
"489.1822"	"489.182331"	"6"	""		"20054.77119"	"40491.3398"	"6d3.(2F).7s"	"3F"	"2"	""	"*"	"3"		""	"L12239"	
"489.20415"	"489.204142"	"71"	""		"8243.602091"	"28679.25957"	"5f.6d.7s2"	"3F*"	"2"	""	""	"2"		""	"L5951"	
"489.22794"	"489.227931"	"59"	""		"16346.64962"	"36781.3134"	"5f.6d2.7s"	"5H*"	"4"	""	""	"5"		""	"L5951"	
"489.24150"	"489.241785"	"9"	""		"21252.60286"	"41686.6880"	""	"*"	"2"	""	""	"3"		""	"L3552"	
"489.275916"	"489.275915"	"520"	""		"7795.275291"	"28227.93504"	"5f.6d.7s2"	"3H*"	"4"	"5f.7s2.7p"	"3F"	"4"		""	"L18702"	
"489.28202"	"489.28189"	"29"	""		"24274.71139"	"44707.1216"	""	"*"	"5"	""	""	"6"		""	"L12239"	
"489.344534"	"489.344525"	"590"	""		"11197.031257"	"31626.82622"	"5f.6d.7s2"	"3H*"	"5"	""	""	"5"		""	"L5951"	
"489.37056"	"489.370532"	"73"	""		"16346.64962"	"36775.3589"	"5f.6d2.7s"	"5H*"	"4"	""	""	"3"		""	"L5951"	
"489.39133"	"489.391292"	"19"	""		"16783.84708"	"37211.6898"	"5f.6d2.7s"	"5I*"	"4"	""	""	"5"		""	"L12239"	
"489.45224"	"489.452134"	"40"	""		"17959.89498"	"38385.1984"	"6d3.(4F).7s"	"3F"	"4"	""	"*"	"5"		""	"L5951"	
"489.495494"	"489.495493"	"13000"	""		"0.000000"	"20423.494218"	"6d2.7s2"	"3F"	"2"	"6d.7s2.7p"	"3P*"	"1"		""	"L18702"	
"489.51681"	"489.517494"	"27"	""		"12847.96912"	"33270.5454"	"6d3.(4P).7s"	"5P"	"3"	""	"*"	"4"		""	"L3552"	
"489.56631"	"489.566236"	"50*"	""		"22669.88918"	"43090.4322"	""	"*"	"3"	""	""	"4"		""	"L5951"	
"489.75878"	"489.758732"	"52*"	""		"15970.09583"	"36382.6128"	"6d3.(2D2).7s"	""	"3"	""	"*"	"4"		""	"L5951"	
"489.75878"	"489.758826"	"52*"	""		"14032.085336"	"34444.5984"	"6d.7s2.7p"	"3D*"	"2"	""	""	"2"		""	"L5951"	
"489.83587"	"489.835818"	"150"	""		"13962.51989"	"34371.8246"	"6d3.(2D2).7s"	""	"1"	""	"*"	"2"		""	"L5951"	
"489.84190"	"489.841913"	"73"	""		"19588.36224"	"39997.4130"	"6d2.7s.7p"	"5G*"	"5"	""	""	"6"		""	"L5951"	
"489.86963"	"489.869635"	"65"	""		"17411.224415"	"37819.1202"	"6d.7s2.7p"	"3D*"	"3"	""	""	"4"		""	"L5951"	
"489.924016"	"489.924003"	"680"	""		"14204.26476"	"34609.8959"	"6d3.(2G).7s"	""	"5"	"5f.6d3"	"*"	"6"		""	"L18702"	
"489.933665"	"489.933685"	"340"	""		"17166.10472"	"37571.3326"	"6d3.(2H).7s"	"3H"	"5"	""	"*"	"5"		""	"L5951"	
"490.08657"	"490.086596"	"70"	""		"23306.82782"	"43705.6892"	"5f.6d2.7s"	"3I*"	"6"	""	""	"6 or 7"		""	"L5951"	
"490.13697"	"490.137476"	"25"	""		"20214.92997"	"40611.6738"	"6d2.7s.7p"	"5D*"	"3"	""	""	"2"		""	"L12239"	
"490.14764"	"490.147677"	"17"	""		"21890.13254"	"42286.4519"	""	"*"	"3"	""	""	"3"		""	"L12239"	
"490.198582"	"490.198565"	"340"	""		"7280.123222"	"27674.32522"	"6d2.7s2"	""	"2"	""	"*"	"2"		""	"L5951"	
"490.205440"	"490.205440"	"1400"	""		"4961.658832"	"25355.57481"	"6d2.7s2"	"3F"	"4"	""	"*"	"4"		""	"L18702"	
"490.21770"	"490.217807"	"18"	""		"17354.638583"	"37748.0401"	"5f.6d.7s2"	"3D*"	"1"	""	""	"2"		""	"L3552"	
"490.23379"	"490.233809"	"43"	""		"21165.098037"	"41557.8339"	"5f.6d.7s2"	"3D*"	"3"	""	""	"3"		""	"L5951"	
"490.25994"	"490.259941"	"210"	""		"17501.17592"	"37892.8248"	"5f.6d2.7s"	"5I*"	"5"	"5f.6d2.7p "	"5I"	"4"		""	"L5951"	
"490.279440"	"490.279424"	"590"	""		"7280.123222"	"27670.96178"	"6d2.7s2"	""	"2"	""	"*"	"3"		""	"L5951"	
"490.29504"	"490.295075"	"17"	""		"18053.617845"	"38443.8055"	"6d.7s2.7p"	"3F*"	"4"	""	""	"3"		""	"L12239"	
"490.30583"	"490.305835"	"150"	""		"13175.113345"	"33564.85352"	"5f.6d.7s2"	"3G*"	"4"	""	""	"3"		""	"L5951"	
"490.32335"	"490.32335"	"28"	""		"23015.15141"	"43404.1631"	""	"*"	"5"	""	""	"4"		""	"L5951"	
"490.41179"	"490.410989"	"14"	""		"22515.88404"	"42901.2523"	"6d4"	"5D"	"2"	""	"*"	"3"		""	"L12239"	
"490.44071"	"490.439527"	"9"	""		"21902.26981"	"42286.4519"	"5f.6d2.7s"	"3H*"	"4"	""	""	"3"		""	"L3552"	
"490.52568"	"490.52582"	"12"	""		"23655.13881"	"44035.7349"	""	"*"	"4"	""	""	"4"		""	"L12239"	
"490.56311"	"490.562332"	"18"	""		"20322.26571"	"40701.3450"	"5f.6d.7s2"	"1H*"	"5"	""	""	"4"		""	"L3552"	
"490.6151"	"490.614900"	"8"	""		"21252.60286"	"41629.4986"	""	"*"	"2"	""	""	"2"		""	"L12239"	
"490.66845"	"490.668512"	"27"	""		"22399.39666"	"42774.0660"	"5f.6d2.7s"	"3I*"	"5"	""	""	"6"		""	"L5951"	
"490.70428"	"490.704235"	"92"	""		"17411.224415"	"37784.4105"	"6d.7s2.7p"	"3D*"	"3"	""	""	"2"		""	"L5951"	
"490.720937"	"490.720941"	"500"	""		"19227.33665"	"39599.8292"	"5f.6d2.7s"	"5I*"	"6"	"5f.6d2.7p "	"5K"	"7"		""	"L5951"	
"490.80132"	"490.801310"	"33"	""		"8111.004545"	"28480.16113"	"6d2.7s2"	"1G"	"4"	""	"*"	"4"		""	"L5951"	
"490.84538"	"490.845439"	"120"	""		"19948.395175"	"40315.7205"	"6d2.7s.7p"	"5F*"	"4"	""	""	"4"		""	"L5951"	
"490.84872"	"490.848730"	"64"	""		"14481.86965"	"34849.05842"	"5f.6d.7s2"	"3H*"	"6"	""	""	"5"		""	"L5951"	
"490.90076"	"490.900789"	"32"	""		"18809.88631"	"39174.9152"	"6d2.7s.7p"	"5G*"	"4"	""	""	"3"		""	"L5951"	
"490.92117"	"490.921110"	"53"	""		"14226.82045"	"34591.0064"	"6d3.(2P).7s"	""	"0"	""	"*"	"1"		""	"L5951"	
"490.96866"	"490.968688"	"56"	""		"20214.92997"	"40577.1425"	"6d2.7s.7p"	"5D*"	"3"	""	""	"3"		""	"L5951"	
"490.98431"	"490.984333"	"190"	""		"13962.51989"	"34324.0836"	"6d3.(2D2).7s"	""	"1"	""	"*"	"2"		""	"L5951"	
"491.015780"	"491.015764"	"1000"	""		"4961.658832"	"25321.91918"	"6d2.7s2"	"3F"	"4"	""	"*"	"3"		""	"L18702"	
"491.02331"	"491.023362"	"46"	""		"22877.58322"	"43237.5285"	""	"*"	"5"	""	""	"6"		""	"L5951"	
"491.05488"	"491.054868"	"140"	""		"10783.15535"	"31141.79438"	"6d.7s2.7p"	"3F*"	"2"	"6d4"	"3D"	"3"		""	"L5951"	
"491.079294"	"491.079275"	"660"	""		"8800.249723"	"29157.87692"	"6d3.(4F).7s"	"5F"	"4"	""	"*"	"3"		""	"L5951"	
"491.137889"	"491.137889"	"550"	""		"9804.806547"	"30160.00425"	"6d3.(4F).7s"	"5F"	"5"	""	"*"	"4"		""	"L18702"	
"491.17840"	"491.178074"	"18"	""		"18930.29333"	"39283.8257"	"6d2.7s.7p"	"3G*"	"3"	""	""	"4"		""	"L3552"	
"491.19393"	"491.193949"	"60"	""		"24084.94271"	"44437.8173"	"6d2.7s.7p"	"5G*"	"6"	""	""	"6"		""	"L5951"	
"491.20429"	"491.204287"	"150"	""		"13175.113345"	"33527.55959"	"5f.6d.7s2"	"3G*"	"4"	""	""	"4"		""	"L5951"	
"491.26439"	"491.264413"	"95"	""		"23621.50649"	"43971.4618"	"5f.6d2.7s"	"5I*"	"8"	""	""	"7"		""	"L5951"	
"491.34801"	"491.348301"	"46"	""		"17959.89498"	"38306.3760"	"6d3.(4F).7s"	"3F"	"4"	""	"*"	"4"		""	"L3552"	
"491.54155"	"491.541603"	"150"	""		"13088.56115"	"33427.0409"	"6d3.(2G).7s"	"3G"	"3"	""	"*"	"2"		""	"L5951"	
"491.58178"	"491.581824"	"52"	""		"17411.224415"	"37748.0401"	"6d.7s2.7p"	"3D*"	"3"	""	""	"2"		""	"L5951"	
"491.61247"	"491.613159"	"24"	""		"21165.098037"	"41500.6175"	"5f.6d.7s2"	"3D*"	"3"	""	""	"3"		""	"L12239"	
"491.63831"	"491.637740"	"18"	""		"19503.143490"	"39837.6462"	"6d2.7s.7p"	"5F*"	"3"	""	""	"3"		""	"L3552"	
"491.78220"	"491.782186"	"120"	""		"18053.617845"	"38382.1480"	"6d.7s2.7p"	"3F*"	"4"	""	""	"3"		""	"L5951"	
"491.79987"	"491.799875"	"35"	""		"18382.82669"	"38710.6257"	"6d2.7s.7p"	"5D*"	"0"	""	""	"1"		""	"L12239"	
"491.86591"	"491.866102"	"27"	""		"15863.88829"	"36188.9503"	"6d3.(2D2).7s"	""	"2"	""	"*"	"2"		""	"L3552"	
"491.94694"	"491.947011"	"30"	""		"25180.04445"	"45501.7637"	"5f.6d2.7s"	"*"	"7"	""	""	"6 or 7"		""	"L5951"	
"492.001695"	"492.001692"	"750"	""		"2558.056752"	"22877.51748"	"6d2.7s2"	"3P"	"0"	""	"*"	"1"		""	"L18702"	
"492.005594"	"492.005582"	"460"	""		"15493.21943"	"35812.5195"	"6d3.(2H).7s"	"3H"	"4"	""	"*"	"3"		""	"L5951"	
"492.062370"	"492.062370"	"730"	""		"3865.473772"	"24182.42887"	"6d2.7s2"	"3P"	"1"	""	"*"	"2"		""	"L18702"	
"492.16599"	"492.166031"	"76"	""		"10783.15535"	"31095.8313"	"6d.7s2.7p"	"3F*"	"2"	"6d4"	"3D"	"2"		""	"L5951"	
"492.22276"	"492.222750"	"29"	""		"15736.968041"	"36047.3034"	"6d2.7s.7p"	"5F*"	"1"	""	""	"2"		""	"L12239"	
"492.23381"	"492.233399"	"18"	""		"15490.077832"	"35799.97381"	"5f.6d.7s2"	"3G*"	"5"	"5f.6d.7s.7p"	"3I"	"6"		""	"L3552"	
"492.2437"	"492.243500"	"7"	""		"19948.395175"	"40257.8744"	"6d2.7s.7p"	"5F*"	"4"	""	""	"4"		""	"L12239"	
"492.36858"	"492.369088"	"24"	""		"15490.077832"	"35794.3768"	"5f.6d.7s2"	"3G*"	"5"	"6d4"	"3F1"	"4"		""	"L12239"	
"492.3925"	"492.391532"	"7"	""		"22877.58322"	"43180.9567"	""	"*"	"5"	""	""	"5"		""	"L12239"	
"492.41671"	"492.416698"	"170"	""		"24850.30814"	"45152.6440"	""	"3I*"	"6"	""	""	"6 or 7"		""	"L5951"	
"492.42463"	"492.424644"	"230"	""		"16783.84708"	"37085.8553"	"5f.6d2.7s"	"5I*"	"4"	""	""	"4"		""	"L5951"	
"492.48914"	"492.489202"	"43"	""		"18699.62342"	"38998.9704"	"5f.7s2.7p"	"3F"	"2"	""	"*"	"3"		""	"L5951"	
"492.50587"	"492.505885"	"38"	""		"17847.07751"	"38145.7369"	"5f.6d.7s2"	"3P*"	"2"	""	""	"3"		""	"L5951"	
"492.50970"	"492.509802"	"27"	""		"16217.482038"	"36515.9800"	"6d.7s2.7p"	"1D*"	"2"	""	""	"3"		""	"L3552"	
"492.52652"	"492.525802"	"31"	""		"19227.33665"	"39525.1752"	"5f.6d2.7s"	"5I*"	"6"	""	""	"5"		""	"L12239"	
"492.53379"	"492.533727"	"43"	""		"18069.065569"	"38366.5775"	"6d.7s2.7p"	"1F*"	"3"	"6d4"	""	"4"		""	"L5951"	
"492.58221"	"492.582267"	"72"	""		"11241.73043"	"31537.24226"	"5f.6d.7s2"	"3F*"	"3"	""	""	"3"		""	"L3552"	
"492.595010"	"492.595013"	"770"	""		"19986.16721"	"40281.1539"	"5f.6d2.7s"	"5H*"	"6"	""	""	"7"		""	"L5951"	
"492.62530"	"492.625298"	"100"	""		"13297.43316"	"33591.1722"	"6d3.(2G).7s"	"3G"	"4"	"6d3.7p"	"5G*"	"3"		""	"L5951"	
"492.66909"	"492.669051"	"32"	""		"21594.67329"	"41886.6101"	"6d3.(2F).7s"	"1F"	"3"	""	"*"	"3"		""	"L5951"	
"492.72988"	"492.729876"	"240"	""		"6362.395980"	"26651.82788"	"6d3.(4F).7s"	"5F"	"2"	""	"*"	"2"		""	"L5951"	
"492.778033"	"492.778033"	"1800"	""		"8243.602091"	"28531.05121"	"5f.6d.7s2"	"3F*"	"2"	"6d4"	""	"2"		""	"L18702"	
"492.80320"	"492.803219"	"94"	""		"18809.88631"	"39096.2986"	"6d2.7s.7p"	"5G*"	"4"	""	""	"4"		""	"L5951"	
"492.82548"	"492.82558"	"33"	""		"23201.98997"	"43487.4820"	"5f.6d.7s.7p"	"5G"	"3"	""	"*"	"4"		""	"L5951"	
"492.84990"	"492.849486"	"33"	""		"11877.839132"	"32162.34702"	"6d.7s2.7p"	"3D*"	"1"	""	""	"2"		""	"L12239"	
"492.86016"	"492.860121"	"57"	""		"13175.113345"	"33459.18355"	"5f.6d.7s2"	"3G*"	"4"	"5f.6d.7s.7p"	"3H"	"4"		""	"L5951"	
"492.86816"	"492.868167"	"160"	""		"16554.24283"	"36837.9819"	"6d3.(2H).7s"	"3H"	"6"	""	"*"	"5"		""	"L5951"	
"492.89451"	"492.894505"	"41"	""		"19039.153374"	"39321.8086"	"6d.7s2.7p"	"3P*"	"2"	""	""	"3"		""	"L5951"	
"492.908608"	"492.908535"	"460"	""		"7502.287636"	"27784.36557"	"6d3.(4F).7s"	"5F"	"3"	""	"*"	"2"		""	"L5951"	
"492.98352"	"492.982907"	"19"	""		"21077.152101"	"41356.1703"	"6d2.7s.7p"	"5F*"	"5"	""	""	"5"		""	"L12239"	
"493.00615"	"493.005648"	"11"	""		"22877.58322"	"43155.6660"	""	"*"	"5"	""	""	"5"		""	"L12239"	
"493.03222"	"493.032456"	"27"	""		"17411.224415"	"37688.2046"	"6d.7s2.7p"	"3D*"	"3"	""	""	"3"		""	"L3552"	
"493.10494"	"493.104926"	"74"	""		"15166.900593"	"35440.9008"	"6d2.7s.7p"	"5G*"	"3"	"6d4"	""	"3"		""	"L5951"	
"493.13687"	"493.136887"	"70"	""		"19713.03109"	"39985.7173"	"6d3.(2F).7s"	"3F"	"3"	""	"*"	"3"		""	"L5951"	
"493.22562"	"493.225060"	"22"	""		"11601.03035"	"31870.0925"	"6d3.(4P).7s"	"5P"	"1"	""	"*"	"2"		""	"L12239"	
"493.25286"	"493.253000"	"77*"	""		"16217.482038"	"36485.3961"	"6d.7s2.7p"	"1D*"	"2"	""	""	"2"		""	"L5951"	
"493.30071"	"493.300923"	"64"	""		"18574.61019"	"38840.5553"	"6d3.(2P).7s"	""	"1"	""	"*"	"1"		""	"L5951"	
"493.32831"	"493.327807"	"26"	""		"18549.40528"	"38814.2460"	"6d3.(4P).7s"	""	"2"	""	"*"	"2"		""	"L3552"	
"493.38182"	"493.381849"	"56"	""		"13297.43316"	"33560.0542"	"6d3.(2G).7s"	"3G"	"4"	""	"*"	"4"		""	"L5951"	
"493.43307"	"493.433056"	"92"	""		"20322.26571"	"40582.7840"	"5f.6d.7s2"	"1H*"	"5"	""	""	"5"		""	"L5951"	
"493.47481"	"493.474229"	"8"	""		"15618.98461"	"35877.8125"	"5f.6d2.7s"	"5H*"	"3"	"6d4"	""	"2"		""	"L3552"	
"493.48071"	"493.480524"	"26"	""		"17398.39526"	"37656.9647"	"6d3.(4F).7s"	""	"3"	""	"*"	"3"		""	"L3552"	
"493.51747"	"493.517510"	"32"	""		"17959.89498"	"38216.9462"	"6d3.(4F).7s"	"3F"	"4"	""	"*"	"3"		""	"L5951"	
"493.59283"	"493.592830"	"130"	""		"14206.91694"	"34460.87707"	"5f.6d.7s2"	"3F*"	"4"	""	""	"5"		""	"L5951"	
"493.677511"	"493.677523"	"1400"	""		"8800.249723"	"29050.73523"	"6d3.(4F).7s"	"5F"	"4"	""	"*"	"5"		""	"L18702"	
"493.68886"	"493.688979"	"98"	""		"17847.07751"	"38097.0931"	"5f.6d.7s2"	"3P*"	"2"	""	""	"2"		""	"L5951"	
"493.782948"	"493.782951"	"1700"	""		"5563.141519"	"25809.30337"	"6d3.(4F).7s"	"5F"	"1"	""	"*"	"1"		""	"L18702"	
"493.82052"	"493.820513"	"100"	""		"18930.29333"	"39174.9152"	"6d2.7s.7p"	"3G*"	"3"	""	""	"3"		""	"L5951"	
"493.82866"	"493.828647"	"77"	""		"2869.259165"	"23113.54761"	"6d2.7s2"	"3F"	"3"	"5f.6d2.7s"	"5G*"	"4"		""	"L5951"	
"493.84390"	"493.843875"	"90"	""		"18431.686609"	"38675.3508"	"5f.7s2.7p"	"3G"	"3"	""	"*"	"3"		""	"L3552"	
"493.850471"	"493.850433"	"300"	""		"5563.141519"	"25806.5369"	"6d3.(4F).7s"	"5F"	"1"	""	"*"	"1 or 2"		""	"L5951"	
"493.85990"	"493.859902"	"150"	""		"13175.113345"	"33418.1206"	"5f.6d.7s2"	"3G*"	"4"	"6d4"	""	"4"		""	"L5951"	
"493.87198"	"493.872248"	"28"	""		"14465.221873"	"34707.7231"	"6d2.7s.7p"	"5G*"	"2"	""	""	"3"		""	"L12239"	
"493.90605"	"493.906069"	"160"	""		"17501.17592"	"37742.2910"	"5f.6d2.7s"	"5I*"	"5"	""	""	"6"		""	"L5951"	
"493.9135"	"493.914919"	"7"	""		"21645.85769"	"41886.6101"	"6d3.(2G).7s"	""	"4"	""	"*"	"3"		""	"L12239"	
"493.92707"	"493.927001"	"270"	""		"14206.91694"	"34447.17423"	"5f.6d.7s2"	"3F*"	"4"	""	""	"4"		""	"L5951"	
"493.964205"	"493.964206"	"5600"	""		"7795.275291"	"28034.00813"	"5f.6d.7s2"	"3H*"	"4"	""	""	"5"		""	"L18702"	
"494.00597"	"494.005938"	"47"	""		"10414.13700"	"30651.16019"	"5f.6d.7s2"	"1G*"	"4"	"6d4"	""	"3"		""	"L5951"	
"494.0188"	"494.018613"	"11"	""		"22399.39666"	"42635.9006"	"5f.6d2.7s"	"3I*"	"5"	""	""	"5"		""	"L12239"	
"494.09068"	"494.090684"	"100"	""		"13175.113345"	"33408.66553"	"5f.6d.7s2"	"3G*"	"4"	""	""	"3"		""	"L5951"	
"494.10397"	"494.103925"	"38"	""		"18699.62342"	"38932.6334"	"5f.7s2.7p"	"3F"	"2"	""	"*"	"2"		""	"L5951"	
"494.14160"	"494.141598"	"190"	""		"10526.544406"	"30758.01183"	"5f.6d.7s2"	"3G*"	"3"	""	""	"2"		""	"L5951"	
"494.19175"	"494.191758"	"48"	""		"16346.64962"	"36576.0636"	"5f.6d2.7s"	"5H*"	"4"	""	""	"4"		""	"L5951"	
"494.306403"	"494.306401"	"2600"	""		"2869.259165"	"23093.98148"	"6d2.7s2"	"3F"	"3"	""	"*"	"2"		""	"L18702"	
"494.31381"	"494.313742"	"92"	""		"14206.91694"	"34431.3389"	"5f.6d.7s2"	"3F*"	"4"	""	""	"3"		""	"L5951"	
"494.36425"	"494.364266"	"48"	""		"20737.28686"	"40959.6419"	""	"*"	"1"	""	""	"2"		""	"L5951"	
"494.3972"	"494.396432"	"6"	""		"22141.60454"	"42362.6439"	""	"*"	"3"	""	""	"4"		""	"L12239"	
"494.545851"	"494.545852"	"6600"	""		"0.000000"	"20214.92997"	"6d2.7s2"	"3F"	"2"	"6d2.7s.7p"	"5D*"	"3"		""	"L18702"	
"494.59728"	"494.596768"	"11"	""		"22877.58322"	"43090.4322"	""	"*"	"5"	""	""	"4"		""	"L12239"	
"494.61008"	"494.610094"	"37"	""		"15618.98461"	"35831.2890"	"5f.6d2.7s"	"5H*"	"3"	""	""	"3"		""	"L5951"	
"494.62200"	"494.622275"	"17"	""		"20214.92997"	"40426.7366"	"6d2.7s.7p"	"5D*"	"3"	""	""	"4"		""	"L3552"	
"494.666381"	"494.666386"	"1000"	""		"8111.004545"	"28321.00884"	"6d2.7s2"	"1G"	"4"	""	"*"	"5"		""	"L18702"	
"494.70130"	"494.701612"	"22"	""		"13088.56115"	"33297.1264"	"6d3.(2G).7s"	"3G"	"3"	""	"*"	"2"		""	"L12239"	
"494.73193"	"494.731609"	"27"	""		"17398.39526"	"37605.7352"	"6d3.(4F).7s"	""	"3"	""	"*"	"4"		""	"L12239"	
"494.74203"	"494.742032"	"120"	""		"8243.602091"	"28450.51635"	"5f.6d.7s2"	"3F*"	"2"	""	""	"1"		""	"L5951"	
"494.75541"	"494.755496"	"110"	""		"13088.56115"	"33294.9255"	"6d3.(2G).7s"	"3G"	"3"	""	"*"	"3"		""	"L18702"	
"494.7953"	"494.79507"	"10"	""		"27084.47278"	"47289.2212"	""	"*"	"6"	""	""	"7"		""	"L12239"	
"494.85650"	"494.85663"	"8"	""		"23655.13881"	"43857.3737"	""	"*"	"4"	""	""	"5"		""	"L3552"	
"494.89656"	"494.896565"	"55"	""		"14243.993748"	"34444.5984"	"5f.6d.7s2"	"3P*"	"1"	""	""	"2"		""	"L5951"	
"494.90668"	"494.906606"	"32"	""		"20054.77119"	"40254.9660"	"6d3.(2F).7s"	"3F"	"2"	""	"*"	"3"		""	"L5951"	
"494.92336"	"494.923378"	"33"	""		"22163.13360"	"42362.6439"	""	"*"	"4"	""	""	"4"		""	"L5951"	
"495.025134"	"495.025141"	"480"	""		"12847.96912"	"33043.3270"	"6d3.(4P).7s"	"5P"	"3"	""	"*"	"3"		""	"L5951"	
"495.07488"	"495.074840"	"45"	""		"18614.33811"	"38807.6687"	"6d2.7s.7p"	"5D*"	"1"	""	""	"2"		""	"L5951"	
"495.20090"	"495.201160"	"17"	""		"20423.494218"	"40611.6738"	"6d.7s2.7p"	"3P*"	"1"	""	""	"2"		""	"L3552"	
"495.26909"	"495.269092"	"200"	""		"7795.275291"	"27980.68586"	"5f.6d.7s2"	"3H*"	"4"	""	""	"3"		""	"L5951"	
"495.35321"	"495.353175"	"100"	""		"13088.56115"	"33270.5454"	"6d3.(2G).7s"	"3G"	"3"	""	"*"	"4"		""	"L5951"	
"495.36516"	"495.365096"	"25"	""		"10783.15535"	"30964.65395"	"6d.7s2.7p"	"3F*"	"2"	""	""	"3"		""	"L12239"	
"495.39307"	"495.393063"	"87"	""		"17224.302340"	"37404.6616"	"6d2.7s.7p"	"5F*"	"2"	""	""	"3"		""	"L5951"	
"495.66395"	"495.663955"	"130"	""		"16346.64962"	"36515.9800"	"5f.6d2.7s"	"5H*"	"4"	""	""	"3"		""	"L5951"	
"495.68009"	"495.680083"	"89"	""		"7502.287636"	"27670.96178"	"6d3.(4F).7s"	"5F"	"3"	""	"*"	"3"		""	"L5951"	
"495.70575"	"495.705986"	"70"	""		"7280.123222"	"27447.74347"	"6d2.7s2"	""	"2"	""	"*"	"2"		""	"L5951"	
"495.74571"	"495.745685"	"110"	""		"18930.29333"	"39096.2986"	"6d2.7s.7p"	"3G*"	"3"	""	""	"4"		""	"L5951"	
"495.75066"	"495.750601"	"34"	""		"23015.15141"	"43180.9567"	""	"*"	"5"	""	""	"5"		""	"L5951"	
"495.80988"	"495.809873"	"290"	""		"11877.839132"	"32041.23370"	"6d.7s2.7p"	"3D*"	"1"	""	""	"2"		""	"L5951"	
"495.88141"	"495.881440"	"29"	""		"20322.26571"	"40482.7503"	"5f.6d.7s2"	"1H*"	"5"	""	""	"5"		""	"L5951"	
"495.88822"	"495.888579"	"14"	""		"17073.80916"	"37234.0035"	"6d3.(4P).7s"	""	"1"	""	"*"	"2"		""	"L12239"	
"495.93472"	"495.934752"	"69"	""		"17411.224415"	"37569.5418"	"6d.7s2.7p"	"3D*"	"3"	""	""	"2"		""	"L5951"	
"496.13814"	"496.138164"	"97"	""		"17847.07751"	"37997.1303"	"5f.6d.7s2"	"3P*"	"2"	""	""	"2"		""	"L5951"	
"496.172606"	"496.172595"	"780"	""		"13962.51989"	"34111.1744"	"6d3.(2D2).7s"	""	"1"	""	"*"	"1"		""	"L5951"	
"496.20621"	"496.206205"	"150"	""		"17411.224415"	"37558.5142"	"6d.7s2.7p"	"3D*"	"3"	""	""	"4"		""	"L5951"	
"496.21270"	"496.213133"	"13"	""		"18809.88631"	"38956.8948"	"6d2.7s.7p"	"5G*"	"4"	""	""	"4"		""	"L12239"	
"496.24706"	"496.247033"	"36"	""		"6362.395980"	"26508.02820"	"6d3.(4F).7s"	"5F"	"2"	""	"*"	"3"		""	"L5951"	
"496.29273"	"496.292724"	"290"	""		"15490.077832"	"35633.8554"	"5f.6d.7s2"	"3G*"	"5"	""	""	"4"		""	"L5951"	
"496.30311"	"496.303424"	"66"	""		"18809.88631"	"38953.2296"	"6d2.7s.7p"	"5G*"	"4"	""	""	"5"		""	"L3552"	
"496.318813"	"496.318611"	"330*"	""		"13945.307389"	"34088.0343"	"6d.7s2.7p"	"3F*"	"3"	""	""	"2"		""	"L5951"	
"496.37314"	"496.373129"	"93"	""		"23015.15141"	"43155.6660"	""	"*"	"5"	""	""	"5"		""	"L5951"	
"496.37644"	"496.376428"	"170*"	""		"14204.26476"	"34344.6455"	"6d3.(2G).7s"	""	"5"	""	"*"	"4"		""	"L5951"	
"496.37644"	"496.37651"	"170*"	""		"21668.957072"	"41809.3343"	"6d2.7s.7p"	"5P*"	"1"	""	""	"2"		""	"L5951"	
"496.42608"	"496.426049"	"120"	""		"10414.13700"	"30552.50463"	"5f.6d.7s2"	"1G*"	"4"	""	""	"4"		""	"L5951"	
"496.45380"	"496.45379"	"16"	""		"21890.13254"	"42027.3749"	""	"*"	"3"	"6d4"	"1D"	"2"		""	"L3552"	
"496.573157"	"496.573155"	"1300"	""		"8800.249723"	"28932.65158"	"6d3.(4F).7s"	"5F"	"4"	""	"*"	"4"		""	"L18702"	
"496.73360"	"496.73379"	"31"	""		"21594.67329"	"41720.5646"	"6d3.(2F).7s"	"1F"	"3"	""	"*"	"2"		""	"L5951"	
"496.76529"	"496.765278"	"72"	""		"10526.544406"	"30651.16019"	"5f.6d.7s2"	"3G*"	"3"	"6d4"	""	"3"		""	"L5951"	
"496.87532"	"496.876302"	"1600"	""		"13847.77037"	"33967.8895"	"6d3.(4F).7s"	"3F"	"2"	""	"*"	"3"		""	"L3552"	
"496.91093"	"496.910841"	"56"	""		"16217.482038"	"36336.2027"	"6d.7s2.7p"	"1D*"	"2"	""	""	"3"		""	"L5951"	
"496.95181"	"496.951930"	"16"	""		"18069.065569"	"38186.1228"	"6d.7s2.7p"	"1F*"	"3"	""	""	"4"		""	"L3552"	
"496.99035"	"496.990333"	"180"	""		"22877.58322"	"42993.0860"	""	"*"	"5"	""	""	"6"		""	"L5951"	
"497.007880"	"497.007859"	"460"	""		"8243.602091"	"28358.39555"	"5f.6d.7s2"	"3F*"	"2"	""	""	"3"		""	"L18702"	
"497.08438"	"497.084382"	"18"	""		"11601.03035"	"31712.7273"	"6d3.(4P).7s"	"5P"	"1"	""	"*"	"1"		""	"L12239"	
"497.15530"	"497.155628"	"16"	""		"21252.60286"	"41361.4177"	""	"*"	"2"	"5f.6d2.7p "	"5H"	"3"		""	"L3552"	
"497.1699"	"497.169893"	"6"	""		"22515.88404"	"42624.1219"	"6d4"	"5D"	"2"	""	"*"	"1"		""	"L12239"	
"497.20597"	"497.205967"	"230"	""		"10783.15535"	"30889.93430"	"6d.7s2.7p"	"3F*"	"2"	""	""	"1"		""	"L5951"	
"497.22603"	"497.226038"	"160"	""		"19588.36224"	"39694.3296"	"6d2.7s.7p"	"5G*"	"5"	"5f.6d2.7p "	"5I"	"5"		""	"L5951"	
"497.27553"	"497.275538"	"120"	""		"15970.09583"	"36074.0618"	"6d3.(2D2).7s"	""	"3"	""	"*"	"3"		""	"L5951"	
"497.46588"	"497.465540"	"15"	""		"18614.33811"	"38710.6257"	"6d2.7s.7p"	"5D*"	"1"	""	""	"1"		""	"L12239"	
"497.50917"	"497.509165"	"110"	""		"14206.91694"	"34301.44234"	"5f.6d.7s2"	"3F*"	"4"	""	""	"4"		""	"L5951"	
"497.52542"	"497.525461"	"16"	""		"10414.13700"	"30508.00424"	"5f.6d.7s2"	"1G*"	"4"	""	""	"5"		""	"L3552"	
"497.54315"	"497.543305"	"13"	""		"17959.89498"	"38053.0416"	"6d3.(4F).7s"	"3F"	"4"	""	"*"	"3"		""	"L12239"	
"497.55241"	"497.552433"	"31"	""		"15970.09583"	"36062.8738"	"6d3.(2D2).7s"	""	"3"	""	"*"	"4"		""	"L5951"	
"497.56652"	"497.566475"	"32"	""		"15490.077832"	"35582.2888"	"5f.6d.7s2"	"3G*"	"5"	""	""	"5"		""	"L5951"	
"497.56870"	"497.568751"	"38"	""		"18053.617845"	"38145.7369"	"6d.7s2.7p"	"3F*"	"4"	""	""	"3"		""	"L5951"	
"497.64060"	"497.640566"	"7"	""		"18699.62342"	"38788.8430"	"5f.7s2.7p"	"3F"	"2"	""	"*"	"3"		""	"L3552"	
"497.64710"	"497.647013"	"7"	""		"20522.71449"	"40611.6738"	"6d2.7s.7p"	"3F*"	"2"	""	""	"2"		""	"L3552"	
"497.67078"	"497.670686"	"21"	""		"20922.12244"	"41010.1262"	""	"*"	"2"	""	""	"3"		""	"L12239"	
"497.6769"	"497.677592"	"9"	""		"19986.16721"	"40073.8922"	"5f.6d2.7s"	"5H*"	"6"	""	""	"5"		""	"L12239"	
"497.73906"	"497.739059"	"120"	""		"11241.73043"	"31326.97478"	"5f.6d.7s2"	"3F*"	"3"	""	""	"4"		""	"L5951"	
"497.75235"	"497.752374"	"31"	""		"8800.249723"	"28884.95681"	"6d3.(4F).7s"	"5F"	"4"	""	"*"	"3"		""	"L5951"	
"497.82265"	"497.822641"	"38"	""		"20566.62381"	"40648.4960"	"6d2.7s.7p"	"5D*"	"4"	""	""	"4"		""	"L5951"	
"497.87211"	"497.871874"	"22"	""		"18930.29333"	"39010.1797"	"6d2.7s.7p"	"3G*"	"3"	""	""	"3"		""	"L12239"	
"497.95211"	"497.952132"	"31"	""		"9804.806547"	"29881.45655"	"6d3.(4F).7s"	"5F"	"5"	""	"*"	"4"		""	"L3552"	
"498.018598"	"498.018601"	"1300"	""		"11197.031257"	"31271.00174"	"5f.6d.7s2"	"3H*"	"5"	""	""	"5"		""	"L18702"	
"498.07562"	"498.075640"	"150"	""		"16554.24283"	"36625.9145"	"6d3.(2H).7s"	"3H"	"6"	""	"*"	"5"		""	"L5951"	
"498.18757"	"498.187620"	"32"	""		"11802.93238"	"31870.0925"	"6d3.(4P).7s"	"5P"	"2"	""	"*"	"2"		""	"L5951"	
"498.21498"	"498.215022"	"30"	""		"20214.92997"	"40280.9864"	"6d2.7s.7p"	"5D*"	"3"	""	""	"3"		""	"L5951"	
"498.248749"	"498.248738"	"1600"	""		"3687.987189"	"23752.68579"	"6d2.7s2"	""	"2"	""	"*"	"2"		""	"L18702"	
"498.46621"	"498.466108"	"21"	""		"14032.085336"	"34088.0343"	"6d.7s2.7p"	"3D*"	"2"	""	""	"2"		""	"L12239"	
"498.51242"	"498.512480"	"51"	""		"14243.993748"	"34298.0771"	"5f.6d.7s2"	"3P*"	"1"	""	""	"1"		""	"L5951"	
"498.537235"	"498.537237"	"3700"	""		"3687.987189"	"23741.07467"	"6d2.7s2"	""	"2"	""	"*"	"1"		""	"L18702"	
"498.59487"	"498.594867"	"280"	""		"14247.30742"	"34298.0771"	"5f.6d.7s2"	"3P*"	"0"	""	""	"1"		""	"L5951"	
"498.63346"	"498.633396"	"34*"	""		"19948.395175"	"39997.6156"	"6d2.7s.7p"	"5F*"	"4"	""	""	"3 or 4"		""	"L5951"	
"498.72977"	"498.729592"	"13"	""		"20054.77119"	"40100.1245"	"6d3.(2F).7s"	"3F"	"2"	""	"*"	"3"		""	"L12239"	
"498.7415"	"498.741377"	"11"	""		"18614.33811"	"38659.2178"	"6d2.7s.7p"	"5D*"	"1"	""	""	"2"		""	"L12239"	
"498.82620"	"498.826543"	"7"	""		"20054.77119"	"40096.2286"	"6d3.(2F).7s"	"3F"	"2"	""	"*"	"2"		""	"L3552"	
"498.87696"	"498.877156"	"18"	""		"13175.113345"	"33214.53748"	"5f.6d.7s2"	"3G*"	"4"	"5f.6d.7s.7p"	"3I"	"5"		""	"L12239"	
"498.930864"	"498.930856"	"1500"	""		"7280.123222"	"27317.39056"	"6d2.7s2"	""	"2"	""	"*"	"3"		""	"L18702"	
"498.97439"	"498.974364"	"18"	""		"18431.686609"	"38467.2068"	"5f.7s2.7p"	"3G"	"3"	""	"*"	"2"		""	"L12239"	
"499.1148"	"499.115284"	"8"	""		"8111.004545"	"28140.86799"	"6d2.7s2"	"1G"	"4"	""	"*"	"4"		""	"L12239"	
"499.12039"	"499.120221"	"62"	""		"19532.41646"	"39562.0818"	"6d3.(2F).7s"	"3F"	"4"	""	"*"	"4"		""	"L5951"	
"499.16030"	"499.161037"	"7"	""		"18069.065569"	"38097.0931"	"6d.7s2.7p"	"1F*"	"3"	""	""	"2"		""	"L3552"	
"499.21258"	"499.212567"	"200"	""		"10526.544406"	"30552.50463"	"5f.6d.7s2"	"3G*"	"3"	""	""	"4"		""	"L5951"	
"499.23742"	"499.237427"	"54"	""		"19227.33665"	"39252.2997"	"5f.6d2.7s"	"5I*"	"6"	""	""	"5"		""	"L5951"	
"499.26372"	"499.263791"	"120"	""		"11241.73043"	"31265.63604"	"5f.6d.7s2"	"3F*"	"3"	""	""	"3"		""	"L5951"	
"499.31111"	"499.311484"	"7"	""		"15863.88829"	"35885.8813"	"6d3.(2D2).7s"	""	"2"	""	"*"	"2"		""	"L3552"	
"499.374891"	"499.374876"	"560"	""		"4961.658832"	"24981.11021"	"6d2.7s2"	"3F"	"4"	""	"*"	"3"		""	"L18702"	
"499.410587"	"499.410580"	"330"	""		"10526.544406"	"30544.56459"	"5f.6d.7s2"	"3G*"	"3"	""	""	"2"		""	"L5951"	
"499.45697"	"499.456988"	"64"	""		"20566.62381"	"40582.7840"	"6d2.7s.7p"	"5D*"	"4"	""	""	"5"		""	"L5951"	
"499.48916"	"499.489164"	"44"	""		"15618.98461"	"35633.8554"	"5f.6d2.7s"	"5H*"	"3"	""	""	"4"		""	"L5951"	
"499.49827"	"499.498296"	"72"	""		"12847.96912"	"32862.47402"	"6d3.(4P).7s"	"5P"	"3"	""	"*"	"4"		""	"L5951"	
"499.50848"	"499.50834"	"14"	""		"22877.58322"	"42891.6858"	""	"*"	"5"	""	""	"4"		""	"L12239"	
"499.52982"	"499.529808"	"64"	""		"11197.031257"	"31210.27358"	"5f.6d.7s2"	"3H*"	"5"	"6d4"	"1I"	"6"		""	"L5951"	
"499.57964"	"499.579647"	"43"	""		"19986.16721"	"39997.4130"	"5f.6d2.7s"	"5H*"	"6"	""	""	"6"		""	"L5951"	
"499.59777"	"499.597800"	"37*"	""		"20566.62381"	"40577.1425"	"6d2.7s.7p"	"5D*"	"4"	""	""	"3"		""	"L5951"	
"499.59777"	"499.59799"	"37*"	""		"21575.03713"	"41585.5483"	"6d3.(2P).7s"	""	"2"	""	"*"	"2"		""	"L5951"	
"499.62268"	"499.622704"	"44"	""		"16351.93901"	"36361.4603"	"6d2.7s2"	""	"0"	""	"*"	"1"		""	"L5951"	
"499.65333"	"499.653314"	"120"	""		"24850.30814"	"44858.6036"	""	"3I*"	"6"	""	""	"6"		""	"L5951"	
"499.75661"	"499.756675"	"29"	""		"11241.73043"	"31245.88778"	"5f.6d.7s2"	"3F*"	"3"	""	""	"2"		""	"L5951"	
"499.77943"	"499.779431"	"61"	""		"19503.143490"	"39506.3900"	"6d2.7s.7p"	"5F*"	"3"	""	""	"3"		""	"L5951"	
"499.84191"	"499.842920"	"7"	""		"6362.395980"	"26363.10178"	"6d3.(4F).7s"	"5F"	"2"	""	"*"	"2"		""	"L3552"	
"499.90448"	"499.904495"	"37"	""		"11601.03035"	"31599.2726"	"6d3.(4P).7s"	"5P"	"1"	""	"*"	"2"		""	"L5951"	
"499.92387"	"499.923892"	"97"	""		"16783.84708"	"36781.3134"	"5f.6d2.7s"	"5I*"	"4"	""	""	"5"		""	"L5951"	
"499.93853"	"499.938510"	"64"	""		"22399.39666"	"42396.2783"	"5f.6d2.7s"	"3I*"	"5"	""	""	"5"		""	"L5951"	
"499.9841"	"499.983814"	"15"	""		"17959.89498"	"37954.9647"	"6d3.(4F).7s"	"3F"	"4"	""	"*"	"3"		""	"L3552"	
"500.02463"	"500.024640"	"330"	""		"17411.224415"	"37404.6616"	"6d.7s2.7p"	"3D*"	"3"	""	""	"3"		""	"L5951"	
"500.0889"	"500.08873"	"14"	""		"21594.67329"	"41585.5483"	"6d3.(2F).7s"	"1F"	"3"	""	"*"	"2"		""	"L12239"	
"500.10707"	"500.106872"	"19"	""		"17959.89498"	"37950.0447"	"6d3.(4F).7s"	"3F"	"4"	""	"*"	"4"		""	"L12239"	
"500.12515"	"500.125390"	"61"	""		"19516.98043"	"39506.3900"	"6d2.7s.7p"	"5D*"	"2"	""	""	"3"		""	"L12239"	
"500.14433"	"500.144370"	"51"	""		"18614.33811"	"38602.9891"	"6d2.7s.7p"	"5D*"	"1"	""	""	"2"		""	"L5951"	
"500.209708"	"500.209707"	"7800"	""		"2869.259165"	"22855.29928"	"6d2.7s2"	"3F"	"3"	""	"*"	"3"		""	"L18702"	
"500.2225"	"500.223373"	"22"	""		"20214.92997"	"40200.4241"	"6d2.7s.7p"	"5D*"	"3"	""	""	"3"		""	"L3552"	
"500.2472"	"500.247121"	"22"	""		"18431.686609"	"38416.2320"	"5f.7s2.7p"	"3G"	"3"	""	"*"	"3"		""	"L3552"	
"500.28934"	"500.289337"	"95"	""		"15166.900593"	"35149.75961"	"6d2.7s.7p"	"5G*"	"3"	""	""	"2"		""	"L5951"	
"500.32572"	"500.325485"	"25"	""		"22669.88918"	"42651.3045"	""	"*"	"3"	""	""	"3"		""	"L12239"	
"500.33893"	"500.338940"	"47"	""		"18011.38030"	"37992.2583"	"5f.6d2.7s"	"5H*"	"5"	""	""	"4"		""	"L5951"	
"500.359802"	"500.359805"	"610"	""		"7280.123222"	"27260.16801"	"6d2.7s2"	""	"2"	""	"*"	"3"		""	"L18702"	
"500.37675"	"500.376541"	"23"	""		"14465.221873"	"34444.5984"	"6d2.7s.7p"	"5G*"	"2"	""	""	"2"		""	"L12239"	
"500.38579"	"500.385786"	"170"	""		"14481.86965"	"34460.87707"	"5f.6d.7s2"	"3H*"	"6"	""	""	"5"		""	"L5951"	
"500.40000"	"500.399994"	"220"	""		"14204.26476"	"34182.7049"	"6d3.(2G).7s"	""	"5"	""	"*"	"5"		""	"L5951"	
"500.412800"	"500.412830"	"690"	""		"11802.93238"	"31780.86008"	"6d3.(4P).7s"	"5P"	"2"	""	"*"	"3"		""	"L5951"	
"500.4685"	"500.467951"	"7"	""		"18699.62342"	"38675.3508"	"5f.7s2.7p"	"3F"	"2"	""	"*"	"3"		""	"L3552"	
"500.52266"	"500.522660"	"36"	""		"24850.30814"	"44823.8521"	""	"3I*"	"6"	""	""	"5 or 6"		""	"L5951"	
"500.53352"	"500.533479"	"55"	""		"13297.43316"	"33270.5454"	"6d3.(2G).7s"	"3G"	"4"	""	"*"	"4"		""	"L5951"	
"500.54526"	"500.546328"	"19"	""		"25180.04445"	"45152.6440"	"5f.6d2.7s"	"*"	"7"	""	""	"6 or 7"		""	"L12239"	
"500.59752"	"500.597513"	"110"	""		"20522.71449"	"40493.2719"	"6d2.7s.7p"	"3F*"	"2"	""	""	"3"		""	"L5951"	
"500.61372"	"500.613768"	"26"	""		"19273.28060"	"39243.1896"	"6d3.(2P).7s"	""	"2"	""	"*"	"2"		""	"L5951"	
"500.64067"	"500.640691"	"45"	""		"15493.21943"	"35462.0545"	"6d3.(2H).7s"	"3H"	"4"	""	"*"	"3"		""	"L5951"	
"500.69653"	"500.696600"	"28"	""		"22399.39666"	"42366.0020"	"5f.6d2.7s"	"3I*"	"5"	""	""	"6"		""	"L5951"	
"500.70882"	"500.708846"	"27"	""		"14465.221873"	"34431.3389"	"6d2.7s.7p"	"5G*"	"2"	""	""	"3"		""	"L5951"	
"500.92422"	"500.924218"	"88"	""		"15618.98461"	"35576.5173"	"5f.6d2.7s"	"5H*"	"3"	""	""	"3"		""	"L5951"	
"500.99368"	"500.993675"	"210"	""		"13088.56115"	"33043.3270"	"6d3.(2G).7s"	"3G"	"3"	""	"*"	"3"		""	"L5951"	
"501.04175"	"501.041767"	"190"	""		"13847.77037"	"33800.6209"	"6d3.(4F).7s"	"3F"	"2"	""	"*"	"3"		""	"L5951"	
"501.09469"	"501.094614"	"200"	""		"18809.88631"	"38760.6326"	"6d2.7s.7p"	"5G*"	"4"	""	""	"4"		""	"L5951"	
"501.09695"	"501.097128"	"74"	""		"16346.64962"	"36297.2958"	"5f.6d2.7s"	"5H*"	"4"	""	""	"4"		""	"L5951"	
"501.14774"	"501.147744"	"270"	""		"15863.88829"	"35812.5195"	"6d3.(2D2).7s"	""	"2"	""	"*"	"3"		""	"L5951"	
"501.1774"	"501.177243"	"12"	""		"22338.99484"	"42286.4519"	"5f.6d2.7s"	"5G*"	"3"	""	""	"3"		""	"L12239"	
"501.1864"	"501.186549"	"13"	""		"22877.58322"	"42824.6699"	""	"*"	"5"	""	""	"4 or 5"		""	"L12239"	
"501.22754"	"501.227529"	"45"	""		"7502.287636"	"27447.74347"	"6d3.(4F).7s"	"5F"	"3"	""	"*"	"2"		""	"L5951"	
"501.31648"	"501.316529"	"65"	""		"15166.900593"	"35108.8155"	"6d2.7s.7p"	"5G*"	"3"	""	""	"2"		""	"L5951"	
"501.41817"	"501.418120"	"70"	""		"21903.40831"	"41841.2829"	"5f.6d2.7s"	"5H*"	"7"	""	""	"6"		""	"L5951"	
"501.44481"	"501.444821"	"94"	""		"19588.36224"	"39525.1752"	"6d2.7s.7p"	"5G*"	"5"	""	""	"5"		""	"L5951"	
"501.47538"	"501.47511"	"71"	""		"20322.26571"	"40257.8744"	"5f.6d.7s2"	"1H*"	"5"	""	""	"4"		""	"L18702"	
"501.52788"	"501.527829"	"46"	""		"19227.33665"	"39160.8499"	"5f.6d2.7s"	"5I*"	"6"	""	""	"6"		""	"L5951"	
"501.59861"	"501.598604"	"100"	""		"23306.82782"	"43237.5285"	"5f.6d2.7s"	"3I*"	"6"	""	""	"6"		""	"L5951"	
"501.65357"	"501.653581"	"350"	""		"9804.806547"	"29733.32304"	"6d3.(4F).7s"	"5F"	"5"	""	"*"	"5"		""	"L5951"	
"501.69508"	"501.695094"	"85"	""		"12114.36618"	"32041.23370"	"5f.6d.7s2"	"1D*"	"2"	""	""	"2"		""	"L5951"	
"501.750848"	"501.750845"	"610"	""		"6362.395980"	"26287.04940"	"6d3.(4F).7s"	"5F"	"2"	"6d2.7s.7p"	"3D*"	"1"		""	"L5951"	
"501.75981"	"501.759746"	"52"	""		"13175.113345"	"33099.41329"	"5f.6d.7s2"	"3G*"	"4"	""	""	"3"		""	"L5951"	
"501.77605"	"501.776037"	"120"	""		"18431.686609"	"38355.3397"	"5f.7s2.7p"	"3G"	"3"	""	"*"	"2"		""	"L5951"	
"501.78761"	"501.787631"	"100"	""		"18069.065569"	"37992.2583"	"6d.7s2.7p"	"1F*"	"3"	""	""	"4"		""	"L5951"	
"501.805351"	"501.805357"	"380"	""		"15166.900593"	"35089.38959"	"6d2.7s.7p"	"5G*"	"3"	""	""	"3"		""	"L5951"	
"501.8881"	"501.88817"	"9"	""		"21890.13254"	"41809.3343"	""	"*"	"3"	""	""	"2"		""	"L12239"	
"501.93837"	"501.938369"	"97"	""		"24850.30814"	"44767.5178"	""	"3I*"	"6"	""	""	"6 or 7"		""	"L5951"	
"501.9752"	"501.974263"	"71"	""		"15970.09583"	"35885.8813"	"6d3.(2D2).7s"	""	"3"	""	"*"	"2"		""	"L3552"	
"501.980614"	"501.980615"	"2000"	""		"3687.987189"	"23603.52066"	"6d2.7s2"	""	"2"	""	"*"	"2"		""	"L18702"	
"501.99974"	"501.999804"	"63"	""		"20322.26571"	"40237.0379"	"5f.6d.7s2"	"1H*"	"5"	""	""	"5"		""	"L5951"	
"502.12531"	"502.125302"	"170"	""		"11802.93238"	"31712.7273"	"6d3.(4P).7s"	"5P"	"2"	""	"*"	"1"		""	"L5951"	
"502.200505"	"502.200494"	"850"	""		"9804.806547"	"29711.62048"	"6d3.(4F).7s"	"5F"	"5"	""	"*"	"5"		""	"L18702"	
"502.20766"	"502.207466"	"37"	""		"12847.96912"	"32754.5067"	"6d3.(4P).7s"	"5P"	"3"	""	"*"	"3"		""	"L5951"	
"502.217411"	"502.217407"	"470"	""		"16554.24283"	"36460.3864"	"6d3.(2H).7s"	"3H"	"6"	""	"*"	"6"		""	"L5951"	
"502.31304"	"502.31302"	"55"	""		"19516.98043"	"39419.3351"	"6d2.7s.7p"	"5D*"	"2"	""	""	"1"		""	"L5951"	
"502.34813"	"502.348155"	"180"	""		"17847.07751"	"37748.0401"	"5f.6d.7s2"	"3P*"	"2"	""	""	"2"		""	"L5951"	
"502.370844"	"502.370840"	"440"	""		"11241.73043"	"31141.79438"	"5f.6d.7s2"	"3F*"	"3"	"6d4"	"3D"	"3"		""	"L5951"	
"502.41055"	"502.410532"	"35"	""		"19713.03109"	"39611.5229"	"6d3.(2F).7s"	"3F"	"3"	""	"*"	"3"		""	"L5951"	
"502.4320"	"502.432739"	"7"	""		"21143.42198"	"41041.0343"	"6d3.(2H).7s"	"1H"	"5"	""	"*"	"4"		""	"L12239"	
"502.46123"	"502.461263"	"80"	""		"22877.58322"	"42774.0660"	""	"*"	"5"	""	""	"6"		""	"L5951"	
"502.61586"	"502.615825"	"35"	""		"18809.88631"	"38700.2507"	"6d2.7s.7p"	"5G*"	"4"	""	""	"4"		""	"L5951"	
"502.69549"	"502.695497"	"61"	""		"3865.473772"	"23752.68579"	"6d2.7s2"	"3P"	"1"	""	"*"	"2"		""	"L5951"	
"502.70245"	"502.702456"	"32"	""		"13847.77037"	"33734.7071"	"6d3.(4F).7s"	"3F"	"2"	""	"*"	"2"		""	"L5951"	
"502.7318"	"502.73194"	"13"	""		"22141.60454"	"42027.3749"	""	"*"	"3"	"6d4"	"1D"	"2"		""	"L3552"	
"502.76776"	"502.767752"	"47"	""		"14226.82045"	"34111.1744"	"6d3.(2P).7s"	""	"0"	""	"*"	"1"		""	"L5951"	
"502.865559"	"502.865558"	"6100"	""		"8800.249723"	"28680.73627"	"6d3.(4F).7s"	"5F"	"4"	""	"*"	"4"		""	"L18702"	
"502.901195"	"502.901202"	"470"	""		"18011.38030"	"37890.4578"	"5f.6d2.7s"	"5H*"	"5"	""	""	"5"		""	"L5951"	
"502.989170"	"502.989170"	"1300"	""		"3865.473772"	"23741.07467"	"6d2.7s2"	"3P"	"1"	""	"*"	"1"		""	"L18702"	
"503.00319"	"503.003373"	"21"	""		"17166.10472"	"37041.1444"	"6d3.(2H).7s"	"3H"	"5"	""	"*"	"4"		""	"L12239"	
"503.01093"	"503.01014"	"18"	""		"21165.098037"	"41039.8704"	"5f.6d.7s2"	"3D*"	"3"	""	""	"2"		""	"L12239"	
"503.0116"	"503.012239"	"13"	""		"18431.686609"	"38306.3760"	"5f.7s2.7p"	"3G"	"3"	""	"*"	"4"		""	"L3552"	
"503.11465"	"503.114638"	"58"	""		"13847.77037"	"33718.4147"	"6d3.(4F).7s"	"3F"	"2"	""	"*"	"2"		""	"L5951"	
"503.18148"	"503.181479"	"81"	""		"10783.15535"	"30651.16019"	"6d.7s2.7p"	"3F*"	"2"	"6d4"	""	"3"		""	"L5951"	
"503.21131"	"503.211318"	"25"	""		"18549.40528"	"38416.2320"	"6d3.(4P).7s"	""	"2"	""	"*"	"3"		""	"L5951"	
"503.2786"	"503.279275"	"6"	""		"16346.64962"	"36210.7938"	"5f.6d2.7s"	"5H*"	"4"	""	""	"5"		""	"L3552"	
"503.3010"	"503.301257"	"13"	""		"19817.18191"	"39680.4585"	"6d2.7s.7p"	"5P*"	"1"	""	""	"2"		""	"L3552"	
"503.38113"	"503.381436"	"20"	""		"20566.62381"	"40426.7366"	"6d2.7s.7p"	"5D*"	"4"	""	""	"4"		""	"L12239"	
"503.42945"	"503.429451"	"130"	""		"15493.21943"	"35351.4381"	"6d3.(2H).7s"	"3H"	"4"	""	"*"	"4"		""	"L5951"	
"503.53375"	"503.533865"	"120"	""		"11241.73043"	"31095.8313"	"5f.6d.7s2"	"3F*"	"3"	"6d4"	"3D"	"2"		""	"L5951"	
"503.54662"	"503.546563"	"30"	""		"21902.26981"	"41755.8700"	"5f.6d2.7s"	"3H*"	"4"	""	""	"4"		""	"L5951"	
"503.66190"	"503.661980"	"25"	""		"19713.03109"	"39562.0818"	"6d3.(2F).7s"	"3F"	"3"	""	"*"	"4"		""	"L5951"	
"503.67285"	"503.672856"	"240"	""		"15166.900593"	"35015.5227"	"6d2.7s.7p"	"5G*"	"3"	""	""	"2"		""	"L5951"	
"503.83019"	"503.830197"	"230"	""		"15970.09583"	"35812.5195"	"6d3.(2D2).7s"	""	"3"	""	"*"	"3"		""	"L5951"	
"503.923030"	"503.923032"	"5300"	""		"2558.056752"	"22396.82500"	"6d2.7s2"	"3P"	"0"	""	"*"	"1"		""	"L18702"	
"503.952653"	"503.952633"	"420"	""		"8111.004545"	"27948.60753"	"6d2.7s2"	"1G"	"4"	""	"*"	"4"		""	"L5951"	
"503.9717"	"503.972018"	"6"	""		"18053.617845"	"37890.4578"	"6d.7s2.7p"	"3F*"	"4"	""	""	"5"		""	"L3552"	
"504.0032"	"504.003313"	"13"	""		"17398.39526"	"37234.0035"	"6d3.(4F).7s"	""	"3"	""	"*"	"2"		""	"L3552"	
"504.05535"	"504.055374"	"140"	""		"11197.031257"	"31030.59080"	"5f.6d.7s2"	"3H*"	"5"	"6d4"	"3G"	"5"		""	"L5951"	
"504.06806"	"504.068022"	"250"	""		"3687.987189"	"23521.04909"	"6d2.7s2"	""	"2"	""	"*"	"3"		""	"L5951"	
"504.112247"	"504.112242"	"800"	""		"17501.17592"	"37332.4981"	"5f.6d2.7s"	"5I*"	"5"	"5f.6d2.7p "	"5K "	"6"		""	"L5951"	
"504.13762"	"504.137229"	"17"	""		"18930.29333"	"38760.6326"	"6d2.7s.7p"	"3G*"	"3"	""	""	"4"		""	"L12239"	
"504.1514"	"504.150396"	"13"	""		"16217.482038"	"36047.3034"	"6d.7s2.7p"	"1D*"	"2"	""	""	"2"		""	"L3552"	
"504.35146"	"504.351459"	"330"	""		"15618.98461"	"35440.9008"	"5f.6d2.7s"	"5H*"	"3"	"6d4"	""	"3"		""	"L5951"	
"504.43421"	"504.434195"	"55"	""		"19503.143490"	"39321.8086"	"6d2.7s.7p"	"5F*"	"3"	""	""	"3"		""	"L5951"	
"504.471948"	"504.471949"	"9700"	""		"0.000000"	"19817.18191"	"6d2.7s2"	"3F"	"2"	"6d2.7s.7p"	"5P*"	"1"		""	"L18702"	
"504.476666"	"504.476682"	"630"	""		"7795.275291"	"27612.27129"	"5f.6d.7s2"	"3H*"	"4"	"6d4"	"3G"	"3"		""	"L18702"	
"504.524856"	"504.524879"	"1500"	""		"7502.287636"	"27317.39056"	"6d3.(4F).7s"	"5F"	"3"	""	"*"	"3"		""	"L18702"	
"504.5417"	"504.541325"	"20"	""		"13847.77037"	"33662.2274"	"6d3.(4F).7s"	"3F"	"2"	""	"*"	"1"		""	"L3552"	
"504.65372"	"504.653543"	"19"	""		"20214.92997"	"40024.9810"	"6d2.7s.7p"	"5D*"	"3"	""	""	"2"		""	"L12239"	
"504.66372"	"504.663712"	"320"	""		"14204.26476"	"34013.9166"	"6d3.(2G).7s"	""	"5"	""	"*"	"5 or 6"		""	"L5951"	
"504.704345"	"504.704348"	"2400"	""		"4961.658832"	"24769.71573"	"6d2.7s2"	"3F"	"4"	""	"*"	"3"		""	"L18702"	
"504.71229"	"504.712425"	"55"	""		"18011.38030"	"37819.1202"	"5f.6d2.7s"	"5H*"	"5"	""	""	"4"		""	"L5951"	
"504.75842"	"504.758435"	"36"	""		"18549.40528"	"38355.3397"	"6d3.(4P).7s"	""	"2"	""	"*"	"2"		""	"L5951"	
"504.8528"	"504.852077"	"5"	""		"17501.17592"	"37303.4367"	"5f.6d2.7s"	"5I*"	"5"	""	""	"4"		""	"L12239"	
"504.893662"	"504.893657"	"450"	""		"2869.259165"	"22669.88918"	"6d2.7s2"	"3F"	"3"	""	"*"	"3"		""	"L18702"	
"504.95825"	"504.958243"	"110"	""		"17073.80916"	"36871.9066"	"6d3.(4P).7s"	""	"1"	""	"*"	"2"		""	"L5951"	
"504.984624"	"504.984615"	"550"	""		"14204.26476"	"34001.3283"	"6d3.(2G).7s"	""	"5"	""	"*"	"4"		""	"L5951"	
"504.9976"	"504.997576"	"68"	""		"21890.13254"	"41686.6880"	""	"*"	"3"	""	""	"3"		""	"L3552"	
"504.99826"	"504.998306"	"100"	""		"7795.275291"	"27591.80212"	"5f.6d.7s2"	"3H*"	"4"	"6d4"	"3H"	"5"		""	"L5951"	
"505.00309"	"505.003067"	"120"	""		"11802.93238"	"31599.2726"	"6d3.(4P).7s"	"5P"	"2"	""	"*"	"2"		""	"L5951"	
"505.078422"	"505.078420"	"2600"	""		"3687.987189"	"23481.37399"	"6d2.7s2"	""	"2"	""	"*"	"1"		""	"L18702"	
"505.10829"	"505.108285"	"100"	""		"16783.84708"	"36576.0636"	"5f.6d2.7s"	"5I*"	"4"	""	""	"4"		""	"L5951"	
"505.188863"	"505.188863"	"1300"	""		"8800.249723"	"28589.30942"	"6d3.(4F).7s"	"5F"	"4"	""	"*"	"3"		""	"L18702"	
"505.20870"	"505.208688"	"50"	""		"13175.113345"	"32963.39652"	"5f.6d.7s2"	"3G*"	"4"	""	""	"5"		""	"L5951"	
"505.24520"	"505.245222"	"29"	""		"16346.64962"	"36133.5019"	"5f.6d2.7s"	"5H*"	"4"	""	""	"5"		""	"L5951"	
"505.25854"	"505.258539"	"130"	""		"15618.98461"	"35405.3154"	"5f.6d2.7s"	"5H*"	"3"	""	""	"3"		""	"L5951"	
"505.28586"	"505.285895"	"27"	""		"18431.686609"	"38216.9462"	"5f.7s2.7p"	"3G"	"3"	""	"*"	"3"		""	"L5951"	
"505.3067"	"505.307384"	"20"	""		"21902.26981"	"41686.6880"	"5f.6d2.7s"	"3H*"	"4"	""	""	"3"		""	"L3552"	
"505.3504"	"505.351639"	"11"	""		"20214.92997"	"39997.6156"	"6d2.7s.7p"	"5D*"	"3"	""	""	"3 or 4"		""	"L12239"	
"505.38725"	"505.387255"	"63"	""		"7280.123222"	"27061.41472"	"6d2.7s2"	""	"2"	""	"*"	"2"		""	"L5951"	
"505.40319"	"505.403365"	"40"	""		"15493.21943"	"35273.8804"	"6d3.(2H).7s"	"3H"	"4"	"6d3.7p"	"5G*"	"5"		""	"L5951"	
"505.4493"	"505.449924"	"20"	""		"19532.41646"	"39311.2554"	"6d3.(2F).7s"	"3F"	"4"	""	"*"	"4"		""	"L3552"	
"505.52191"	"505.521932"	"370"	""		"13945.307389"	"33721.32901"	"6d.7s2.7p"	"3F*"	"3"	""	""	"2"		""	"L5951"	
"505.56836"	"505.568367"	"61"	""		"11197.031257"	"30971.23650"	"5f.6d.7s2"	"3H*"	"5"	""	""	"4"		""	"L5951"	
"505.5751"	"505.575843"	"66"	""		"13088.56115"	"32862.47402"	"6d3.(2G).7s"	"3G"	"3"	""	"*"	"4"		""	"L3552"	
"505.57893"	"505.57902"	"27"	""		"28518.30342"	"48292.0919"	""	"*"	"7"	""	""	"7"		""	"L5951"	
"505.61997"	"505.619969"	"60"	""		"13962.51989"	"33734.7071"	"6d3.(2D2).7s"	""	"1"	""	"*"	"2"		""	"L5951"	
"505.67698"	"505.676998"	"49"	""		"18930.29333"	"38700.2507"	"6d2.7s.7p"	"3G*"	"3"	""	""	"4"		""	"L5951"	
"505.68620"	"505.686193"	"120"	""		"20867.97560"	"40637.5735"	"5f.6d2.7s"	"5I*"	"7"	""	""	"6"		""	"L5951"	
"505.71387"	"505.713886"	"24"	""		"19039.153374"	"38807.6687"	"6d.7s2.7p"	"3P*"	"2"	""	""	"2"		""	"L12239"	
"505.798646"	"505.798648"	"620"	""		"3865.473772"	"23630.6763"	"6d2.7s2"	"3P"	"1"	""	"*"	"0"		""	"L18702"	
"505.836083"	"505.836102"	"740"	""		"7502.287636"	"27266.02670"	"6d3.(4F).7s"	"5F"	"3"	""	"*"	"4"		""	"L18702"	
"505.88983"	"505.889758"	"44"	""		"20423.494218"	"40185.1371"	"6d.7s2.7p"	"3P*"	"1"	""	""	"2"		""	"L5951"	
"505.90294"	"505.902153"	"17"	""		"17398.39526"	"37159.5540"	"6d3.(4F).7s"	""	"3"	""	"*"	"3"		""	"L12239"	
"505.91525"	"505.915240"	"44"	""		"15736.968041"	"35497.6156"	"6d2.7s.7p"	"5F*"	"1"	""	""	"2"		""	"L5951"	
"505.97485"	"505.974905"	"43"	""		"22877.58322"	"42635.9006"	""	"*"	"5"	""	""	"5"		""	"L5951"	
"505.986099"	"505.986097"	"2200"	""		"7502.287636"	"27260.16801"	"6d3.(4F).7s"	"5F"	"3"	""	"*"	"3"		""	"L18702"	
"506.0366"	"506.036951"	"19"	""		"13962.51989"	"33718.4147"	"6d3.(2D2).7s"	""	"1"	""	"*"	"2"		""	"L3552"	
"506.0994"	"506.099592"	"12"	""		"22669.88918"	"42423.3388"	""	"*"	"3"	""	""	"4"		""	"L12239"	
"506.10984"	"506.109863"	"91"	""		"11601.03035"	"31354.0791"	"6d3.(4P).7s"	"5P"	"1"	""	"*"	"0"		""	"L5951"	
"506.165630"	"506.165618"	"600"	""		"6362.395980"	"26113.26894"	"6d3.(4F).7s"	"5F"	"2"	""	"*"	"2"		""	"L18702"	
"506.24951"	"506.249529"	"73"	""		"15493.21943"	"35240.8187"	"6d3.(2H).7s"	"3H"	"4"	""	"*"	"3"		""	"L5951"	
"506.293253"	"506.293254"	"640"	""		"13297.43316"	"33043.3270"	"6d3.(2G).7s"	"3G"	"4"	""	"*"	"3"		""	"L5951"	
"506.351554"	"506.351563"	"590"	""		"5563.141519"	"25306.76154"	"6d3.(4F).7s"	"5F"	"1"	""	"*"	"2"		""	"L18702"	
"506.35733"	"506.357159"	"29"	""		"13847.77037"	"33591.1722"	"6d3.(4F).7s"	"3F"	"2"	"6d3.7p"	"5G*"	"3"		""	"L5951"	
"506.36634"	"506.366345"	"26"	""		"16346.64962"	"36089.6933"	"5f.6d2.7s"	"5H*"	"4"	""	""	"4"		""	"L5951"	
"506.399892"	"506.399876"	"590"	""		"8111.004545"	"27852.74095"	"6d2.7s2"	"1G"	"4"	""	"*"	"5"		""	"L18702"	
"506.40501"	"506.405003"	"240"	""		"14032.085336"	"33773.6219"	"6d.7s2.7p"	"3D*"	"2"	""	""	"1"		""	"L5951"	
"506.43909"	"506.439028"	"61"	""		"17354.638583"	"37094.8488"	"5f.6d.7s2"	"3D*"	"1"	""	""	"2"		""	"L5951"	
"506.460204"	"506.460203"	"3900"	""		"4961.658832"	"24701.04375"	"6d2.7s2"	"3F"	"4"	""	"*"	"5"		""	"L18702"	
"506.494536"	"506.494536"	"4700"	""		"3865.473772"	"23603.52066"	"6d2.7s2"	"3P"	"1"	""	"*"	"2"		""	"L18702"	
"506.519254"	"506.519252"	"2200"	""		"8243.602091"	"27980.68586"	"5f.6d.7s2"	"3F*"	"2"	""	""	"3"		""	"L18702"	
"506.613565"	"506.613567"	"1300"	""		"11197.031257"	"30930.44068"	"5f.6d.7s2"	"3H*"	"5"	"5f.6d.7s.7p"	"5H"	"6"		""	"L18702"	
"506.6461"	"506.646341"	"25"	""		"16783.84708"	"36515.9800"	"5f.6d2.7s"	"5I*"	"4"	""	""	"3"		""	"L3552"	
"506.677733"	"506.677725"	"730"	""		"18011.38030"	"37742.2910"	"5f.6d2.7s"	"5H*"	"5"	""	""	"6"		""	"L18702"	
"506.69598"	"506.695910"	"98"	""		"20322.26571"	"40052.4683"	"5f.6d.7s2"	"1H*"	"5"	""	""	"4"		""	"L5951"	
"506.713792"	"506.713798"	"510"	""		"11241.73043"	"30971.23650"	"5f.6d.7s2"	"3F*"	"3"	""	""	"4"		""	"L18702"	
"506.7667"	"506.766588"	"31"	""		"12847.96912"	"32575.4200"	"6d3.(4P).7s"	"5P"	"3"	"6d3.7p"	"5G*"	"2"		""	"L3552"	
"506.78044"	"506.780460"	"110"	""		"15490.077832"	"35216.98873"	"5f.6d.7s2"	"3G*"	"5"	""	""	"5"		""	"L5951"	
"506.797381"	"506.797381"	"15000"	""		"7795.275291"	"27521.52753"	"5f.6d.7s2"	"3H*"	"4"	""	""	"4"		""	"L18702"	
"506.88294"	"506.882917"	"250"	""		"11241.73043"	"30964.65395"	"5f.6d.7s2"	"3F*"	"3"	""	""	"3"		""	"L5951"	
"506.89463"	"506.894719"	"49"	""		"17847.07751"	"37569.5418"	"5f.6d.7s2"	"3P*"	"2"	""	""	"2"		""	"L5951"	
"506.90922"	"506.90922"	"70"	""		"21165.098037"	"40886.9980"	"5f.6d.7s2"	"3D*"	"3"	""	""	"2"		""	"L5951"	
"506.93385"	"506.933910"	"330"	""		"16554.24283"	"36275.1824"	"6d3.(2H).7s"	"3H"	"6"	""	"*"	"5"		""	"L5951"	
"506.9626"	"506.962594"	"6"	""		"17411.224415"	"37131.0482"	"6d.7s2.7p"	"3D*"	"3"	""	""	"3"		""	"L3552"	
"507.04527"	"507.045266"	"75"	""		"18699.62342"	"38416.2320"	"5f.7s2.7p"	"3F"	"2"	""	"*"	"3"		""	"L5951"	
"507.07781"	"507.077765"	"140"	""		"18069.065569"	"37784.4105"	"6d.7s2.7p"	"1F*"	"3"	""	""	"2"		""	"L5951"	
"507.1876"	"507.186396"	"16"	""		"23113.54761"	"42824.6699"	"5f.6d2.7s"	"5G*"	"4"	""	""	"4 or 5"		""	"L12239"	
"507.28815"	"507.288147"	"72"	""		"15166.900593"	"34874.0693"	"6d2.7s.7p"	"5G*"	"3"	""	""	"3"		""	"L5951"	
"507.46466"	"507.464664"	"170"	""		"7795.275291"	"27495.58911"	"5f.6d.7s2"	"3H*"	"4"	"5f2.7s2"	"3H"	"4"		""	"L5951"	
"507.4807"	"507.480283"	"63"	""		"13962.51989"	"33662.2274"	"6d3.(2D2).7s"	""	"1"	""	"*"	"1"		""	"L3552"	
"507.59501"	"507.595000"	"59"	""		"19039.153374"	"38734.4088"	"6d.7s2.7p"	"3P*"	"2"	""	""	"3"		""	"L5951"	
"507.65922"	"507.659458"	"46*"	""		"22669.88918"	"42362.6439"	""	"*"	"3"	""	""	"4"		""	"L5951"	
"507.7510"	"507.749987"	"31"	""		"14032.085336"	"33721.32901"	"6d.7s2.7p"	"3D*"	"2"	""	""	"2"		""	"L3552"	
"507.88432"	"507.884306"	"46"	""		"15736.968041"	"35421.0046"	"6d2.7s.7p"	"5F*"	"1"	""	""	"1"		""	"L5951"	
"507.99079"	"507.990766"	"100"	""		"8800.249723"	"28480.16113"	"6d3.(4F).7s"	"5F"	"4"	""	"*"	"4"		""	"L5951"	
"508.0157"	"508.014951"	"6"	""		"18069.065569"	"37748.0401"	"6d.7s2.7p"	"1F*"	"3"	""	""	"2"		""	"L3552"	
"508.04747"	"508.047608"	"25"	""		"20522.71449"	"40200.4241"	"6d2.7s.7p"	"3F*"	"2"	""	""	"3"		""	"L5951"	
"508.1137"	"508.113772"	"10"	""		"20322.26571"	"39997.4130"	"5f.6d.7s2"	"1H*"	"5"	""	""	"6"		""	"L12239"	
"508.1326"	"508.132321"	"12"	""		"17847.07751"	"37521.5066"	"5f.6d.7s2"	"3P*"	"2"	""	""	"3"		""	"L3552"	
"508.144609"	"508.144609"	"670"	""		"6362.395980"	"26036.34930"	"6d3.(4F).7s"	"5F"	"2"	""	"*"	"3"		""	"L18702"	
"508.17719"	"508.177092"	"29"	""		"18930.29333"	"38602.9891"	"6d2.7s.7p"	"3G*"	"3"	""	""	"2"		""	"L5951"	
"508.20090"	"508.200963"	"28"	""		"19503.143490"	"39174.9152"	"6d2.7s.7p"	"5F*"	"3"	""	""	"3"		""	"L5951"	
"508.20871"	"508.208698"	"40"	""		"19039.153374"	"38710.6257"	"6d.7s2.7p"	"3P*"	"2"	""	""	"1"		""	"L5951"	
"508.26224"	"508.262239"	"240"	""		"15863.88829"	"35533.2884"	"6d3.(2D2).7s"	""	"2"	""	"*"	"2"		""	"L5951"	
"508.3061"	"508.306140"	"10"	""		"21890.13254"	"41557.8339"	""	"*"	"3"	""	""	"3"		""	"L12239"	
"508.3516"	"508.351523"	"6"	""		"13088.56115"	"32754.5067"	"6d3.(2G).7s"	"3G"	"3"	""	"*"	"3"		""	"L3552"	
"508.40343"	"508.403436"	"50"	""		"19588.36224"	"39252.2997"	"6d2.7s.7p"	"5G*"	"5"	""	""	"5"		""	"L5951"	
"508.44265"	"508.442606"	"33"	""		"20522.71449"	"40185.1371"	"6d2.7s.7p"	"3F*"	"2"	""	""	"2"		""	"L5951"	
"508.47959"	"508.479584"	"200"	""		"13945.307389"	"33606.30012"	"6d.7s2.7p"	"3F*"	"3"	""	""	"2"		""	"L5951"	
"508.499360"	"508.499357"	"680"	""		"12114.36618"	"31774.59439"	"5f.6d.7s2"	"1D*"	"2"	""	""	"3"		""	"L5951"	
"508.5761"	"508.574837"	"24"	""		"18431.686609"	"38088.9970"	"5f.7s2.7p"	"3G"	"3"	""	"*"	"2"		""	"L3552"	
"508.58393"	"508.583926"	"78"	""		"14032.085336"	"33689.0444"	"6d.7s2.7p"	"3D*"	"2"	""	""	"2"		""	"L5951"	
"508.61775"	"508.617809"	"120"	""		"12847.96912"	"32503.6187"	"6d3.(4P).7s"	"5P"	"3"	""	"*"	"2"		""	"L5951"	
"508.6272"	"508.627056"	"16"	""		"20922.12244"	"40577.4147"	""	"*"	"2"	""	""	"2"		""	"L12239"	
"508.7743"	"508.773571"	"14"	""		"21252.60286"	"40902.2349"	""	"*"	"2"	""	""	"3"		""	"L12239"	
"508.87175"	"508.871770"	"35"	""		"17959.89498"	"37605.7352"	"6d3.(4F).7s"	"3F"	"4"	""	"*"	"4"		""	"L5951"	
"508.9509"	"508.951850"	"8"	""		"17398.39526"	"37041.1444"	"6d3.(4F).7s"	""	"3"	""	"*"	"4"		""	"L12239"	
"509.005134"	"509.005126"	"450"	""		"14204.26476"	"33844.9580"	"6d3.(2G).7s"	""	"5"	""	"*"	"5"		""	"L5951"	
"509.054533"	"509.054522"	"970"	""		"2869.259165"	"22508.04658"	"6d2.7s2"	"3F"	"3"	"6d2.7s.7p"	"5P*"	"2"		""	"L18702"	
"509.075102"	"509.075072"	"640"	""		"15493.21943"	"35131.2141"	"6d3.(2H).7s"	"3H"	"4"	""	"*"	"4"		""	"L5951"	
"509.2023"	"509.202578"	"5"	""		"21143.42198"	"40776.4993"	"6d3.(2H).7s"	"1H"	"5"	""	"*"	"4"		""	"L3552"	
"509.32958"	"509.329550"	"28"	""		"22637.46361"	"42265.6466"	"5f.7s2.7p"	"3F"	"3"	""	"*"	"4"		""	"L5951"	
"509.41297"	"509.412979"	"290"	""		"14206.91694"	"33831.88538"	"5f.6d.7s2"	"3F*"	"4"	""	""	"4"		""	"L5951"	
"509.4334"	"509.433111"	"11"	""		"21077.152101"	"40701.3450"	"6d2.7s.7p"	"5F*"	"5"	""	""	"4"		""	"L3552"	
"509.45463"	"509.454537"	"60"	""		"21738.05013"	"41361.4177"	"5f.6d2.7s"	"5G*"	"2"	"5f.6d2.7p "	"5H"	"3"		""	"L5951"	
"509.46898"	"509.468950"	"97"	""		"14465.221873"	"34088.0343"	"6d2.7s.7p"	"5G*"	"2"	""	""	"2"		""	"L5951"	
"509.5074"	"509.506793"	"1800"	""		"18431.686609"	"38053.0416"	"5f.7s2.7p"	"3G"	"3"	""	"*"	"3"		""	"L3552"	
"509.51570"	"509.515663"	"45"	""		"13175.113345"	"32796.12677"	"5f.6d.7s2"	"3G*"	"4"	""	""	"3"		""	"L5951"	
"509.52253"	"509.522524"	"36*"	""		"23015.15141"	"42635.9006"	""	"*"	"5"	""	""	"5"		""	"L5951"	
"509.52253"	"509.522594"	"36*"	""		"24084.94271"	"43705.6892"	"6d2.7s.7p"	"5G*"	"6"	""	""	"6 or 7"		""	"L5951"	
"509.5539"	"509.553768"	"17"	""		"13945.307389"	"33564.85352"	"6d.7s2.7p"	"3F*"	"3"	""	""	"3"		""	"L3552"	
"509.56445"	"509.564342"	"23"	""		"18069.065569"	"37688.2046"	"6d.7s2.7p"	"1F*"	"3"	""	""	"3"		""	"L12239"	
"509.648476"	"509.648478"	"2700"	""		"3865.473772"	"23481.37399"	"6d2.7s2"	"3P"	"1"	""	"*"	"1"		""	"L18702"	
"509.68034"	"509.68028"	"33"	""		"24421.05861"	"44035.7349"	""	"*"	"3"	""	""	"4"		""	"L5951"	
"509.7039"	"509.702870"	"11"	""		"16217.482038"	"35831.2890"	"6d.7s2.7p"	"1D*"	"2"	""	""	"3"		""	"L3552"	
"509.76441"	"509.764450"	"32"	""		"17959.89498"	"37571.3326"	"6d3.(4F).7s"	"3F"	"4"	""	"*"	"5"		""	"L5951"	
"509.89316"	"509.893158"	"360"	""		"13175.113345"	"32781.60068"	"5f.6d.7s2"	"3G*"	"4"	""	""	"4"		""	"L5951"	
"509.90321"	"509.903184"	"210"	""		"10526.544406"	"30132.64625"	"5f.6d.7s2"	"3G*"	"3"	""	""	"2"		""	"L5951"	
"509.94009"	"509.939900"	"23"	""		"18614.33811"	"38219.0283"	"6d2.7s.7p"	"5D*"	"1"	"6d4"	""	"2"		""	"L12239"	
"510.05690"	"510.056930"	"350"	""		"10414.13700"	"30014.32907"	"5f.6d.7s2"	"1G*"	"4"	"6d4"	""	"4"		""	"L5951"	
"510.062111"	"510.062112"	"3500"	""		"4961.658832"	"24561.65178"	"6d2.7s2"	"3F"	"4"	""	"*"	"3"		""	"L18702"	
"510.112961"	"510.112977"	"670"	""		"7280.123222"	"26878.16179"	"6d2.7s2"	""	"2"	"6d2.7s.7p"	"3G*"	"3"		""	"L18702"	
"510.13452"	"510.134512"	"130"	""		"10414.13700"	"30011.34827"	"5f.6d.7s2"	"1G*"	"4"	""	""	"3"		""	"L5951"	
"510.17997"	"510.179978"	"65"	""		"14204.26476"	"33799.7296"	"6d3.(2G).7s"	""	"5"	""	"*"	"4"		""	"L5951"	
"510.2228"	"510.222935"	"11"	""		"17224.302340"	"36818.1174"	"6d2.7s.7p"	"5F*"	"2"	""	""	"2"		""	"L3552"	
"510.24014"	"510.240121"	"59"	""		"19503.143490"	"39096.2986"	"6d2.7s.7p"	"5F*"	"3"	""	""	"4"		""	"L5951"	
"510.2509"	"510.251025"	"17"	""		"22163.13360"	"41755.8700"	""	"*"	"4"	""	""	"4"		""	"L3552"	
"510.3700"	"510.370562"	"6"	""		"22508.04658"	"42096.1941"	"6d2.7s.7p"	"5P*"	"2"	""	""	"3"		""	"L12239"	
"510.38814"	"510.388129"	"26"	""		"25180.04445"	"44767.5178"	"5f.6d2.7s"	"*"	"7"	""	""	"6 or 7"		""	"L5951"	
"510.46092"	"510.460942"	"69"	""		"17501.17592"	"37085.8553"	"5f.6d2.7s"	"5I*"	"5"	""	""	"4"		""	"L5951"	
"510.5131"	"510.51352"	"14"	""		"24274.71139"	"43857.3737"	""	"*"	"5"	""	""	"5"		""	"L12239"	
"510.5242"	"510.524214"	"28"	""		"13945.307389"	"33527.55959"	"6d.7s2.7p"	"3F*"	"3"	""	""	"4"		""	"L3552"	
"510.66689"	"510.666919"	"130"	""		"19948.395175"	"39525.1752"	"6d2.7s.7p"	"5F*"	"4"	""	""	"5"		""	"L5951"	
"510.7338"	"510.733844"	"28"	""		"14032.085336"	"33606.30012"	"6d.7s2.7p"	"3D*"	"2"	""	""	"2"		""	"L3552"	
"510.77898"	"510.778913"	"29"	""		"19588.36224"	"39160.8499"	"6d2.7s.7p"	"5G*"	"5"	""	""	"6"		""	"L5951"	
"510.78480"	"510.784810"	"24"	""		"18809.88631"	"38382.1480"	"6d2.7s.7p"	"5G*"	"4"	""	""	"3"		""	"L12239"	
"510.85977"	"510.859945"	"25"	""		"23521.04909"	"43090.4322"	""	"*"	"3"	""	""	"4"		""	"L12239"	
"510.97332"	"510.973327"	"330"	""		"13297.43316"	"32862.47402"	"6d3.(2G).7s"	"3G"	"4"	""	"*"	"4"		""	"L5951"	
"511.00473"	"511.004803"	"91"	""		"19039.153374"	"38602.9891"	"6d.7s2.7p"	"3P*"	"2"	""	""	"2"		""	"L5951"	
"511.02163"	"511.021603"	"66"	""		"15970.09583"	"35533.2884"	"6d3.(2D2).7s"	""	"3"	""	"*"	"2"		""	"L5951"	
"511.05528"	"511.055293"	"290"	""		"13175.113345"	"32737.01627"	"5f.6d.7s2"	"3G*"	"4"	""	""	"5"		""	"L5951"	
"511.09495"	"511.09496"	"57"	""		"22248.94952"	"41809.3343"	""	"*"	"2"	""	""	"2"		""	"L12239"	
"511.106113"	"511.106130"	"390"	""		"8111.004545"	"27670.96178"	"6d2.7s2"	"1G"	"4"	""	"*"	"3"		""	"L5951"	
"511.127820"	"511.127823"	"1200"	""		"7502.287636"	"27061.41472"	"6d3.(4F).7s"	"5F"	"3"	""	"*"	"2"		""	"L18702"	
"511.15762"	"511.157414"	"65"	""		"19948.395175"	"39506.3900"	"6d2.7s.7p"	"5F*"	"4"	""	""	"3"		""	"L5951"	
"511.16810"	"511.168149"	"60"	""		"17847.07751"	"37404.6616"	"5f.6d.7s2"	"3P*"	"2"	""	""	"3"		""	"L5951"	
"511.30470"	"511.304842"	"40"	""		"16783.84708"	"36336.2027"	"5f.6d2.7s"	"5I*"	"4"	""	""	"3"		""	"L5951"	
"511.32946"	"511.329455"	"160"	""		"11877.839132"	"31429.25358"	"6d.7s2.7p"	"3D*"	"1"	""	""	"1"		""	"L5951"	
"511.3733"	"511.373793"	"11"	""		"22163.13360"	"41712.8529"	""	"*"	"4"	""	""	"5"		""	"L3552"	
"511.40666"	"511.406586"	"48"	""		"7795.275291"	"27343.74101"	"5f.6d.7s2"	"3H*"	"4"	"5f.6d.7s.7p"	"5H"	"3"		""	"L5951"	
"511.45806"	"511.458063"	"45"	""		"23609.16775"	"43155.6660"	""	"*"	"5"	""	""	"5"		""	"L5951"	
"511.504465"	"511.504465"	"6800"	""		"3865.473772"	"23410.19884"	"6d2.7s2"	"3P"	"1"	""	"*"	"0"		""	"L18702"	
"511.55262"	"511.552592"	"46"	""		"22399.39666"	"41942.2830"	"5f.6d2.7s"	"3I*"	"5"	""	""	"5"		""	"L5951"	
"511.62960"	"511.629622"	"310"	""		"22399.39666"	"41939.3407"	"5f.6d2.7s"	"3I*"	"5"	""	""	"5"		""	"L5951"	
"511.66516"	"511.665270"	"31"	""		"18431.686609"	"37970.2693"	"5f.7s2.7p"	"3G"	"3"	""	"*"	"2"		""	"L5951"	
"511.729231"	"511.729256"	"510"	""		"19227.33665"	"38763.4763"	"5f.6d2.7s"	"5I*"	"6"	""	""	"5"		""	"L5951"	
"511.81759"	"511.817584"	"87"	""		"14032.085336"	"33564.85352"	"6d.7s2.7p"	"3D*"	"2"	""	""	"3"		""	"L5951"	
"511.82934"	"511.829497"	"52"	""		"21165.098037"	"40697.4116"	"5f.6d.7s2"	"3D*"	"3"	""	""	"2 or 3"		""	"L5951"	
"511.96665"	"511.96675"	"43"	""		"25180.04445"	"44707.1216"	"5f.6d2.7s"	"*"	"7"	""	""	"6"		""	"L5951"	
"511.98676"	"511.986749"	"70"	""		"14247.30742"	"33773.6219"	"5f.6d.7s2"	"3P*"	"0"	""	""	"1"		""	"L5951"	
"512.0593"	"512.059130"	"22"	""		"22163.13360"	"41686.6880"	""	"*"	"4"	""	""	"3"		""	"L3552"	
"512.06638"	"512.066377"	"38"	""		"18431.686609"	"37954.9647"	"5f.7s2.7p"	"3G"	"3"	""	"*"	"3"		""	"L12239"	
"512.13246"	"512.132455"	"120"	""		"8800.249723"	"28321.00884"	"6d3.(4F).7s"	"5F"	"4"	""	"*"	"5"		""	"L5951"	
"512.16909"	"512.17000"	"26"	""		"22508.04658"	"42027.3749"	"6d2.7s.7p"	"5P*"	"2"	"6d4"	"1D"	"2"		""	"L12239"	
"512.1953"	"512.195456"	"22"	""		"18431.686609"	"37950.0447"	"5f.7s2.7p"	"3G"	"3"	""	"*"	"4"		""	"L3552"	
"512.22254"	"512.222626"	"24"	""		"18699.62342"	"38216.9462"	"5f.7s2.7p"	"3F"	"2"	""	"*"	"3"		""	"L12239"	
"512.23202"	"512.231611"	"27"	""		"0.000000"	"19516.98043"	"6d2.7s2"	"3F"	"2"	"6d2.7s.7p"	"5D*"	"2"		""	"L12239"	
"512.249950"	"512.249958"	"510"	""		"11241.73043"	"30758.01183"	"5f.6d.7s2"	"3F*"	"3"	""	""	"2"		""	"L5951"	
"512.3006"	"512.299691"	"44"	""		"18574.61019"	"38088.9970"	"6d3.(2P).7s"	""	"1"	""	"*"	"2"		""	"L3552"	
"512.31311"	"512.313098"	"91"	""		"13945.307389"	"33459.18355"	"6d.7s2.7p"	"3F*"	"3"	"5f.6d.7s.7p"	"3H"	"4"		""	"L5951"	
"512.32431"	"512.324320"	"120"	""		"16783.84708"	"36297.2958"	"5f.6d2.7s"	"5I*"	"4"	""	""	"4"		""	"L5951"	
"512.46905"	"512.469089"	"32"	""		"19588.36224"	"39096.2986"	"6d2.7s.7p"	"5G*"	"5"	""	""	"4"		""	"L5951"	
"512.4925"	"512.492737"	"16"	""		"19503.143490"	"39010.1797"	"6d2.7s.7p"	"5F*"	"3"	""	""	"3"		""	"L3552"	
"512.52962"	"512.529635"	"45"	""		"21077.152101"	"40582.7840"	"6d2.7s.7p"	"5F*"	"5"	""	""	"5"		""	"L5951"	
"512.548949"	"512.548963"	"650"	""		"18053.617845"	"37558.5142"	"6d.7s2.7p"	"3F*"	"4"	""	""	"4"		""	"L5951"	
"512.57927"	"512.579225"	"79"	""		"10783.15535"	"30286.90016"	"6d.7s2.7p"	"3F*"	"2"	""	""	"1"		""	"L5951"	
"512.58199"	"512.582077"	"100"	""		"18549.40528"	"38053.0416"	"6d3.(4P).7s"	""	"2"	""	"*"	"3"		""	"L5951"	
"512.595027"	"512.595029"	"1400"	""		"0.000000"	"19503.143490"	"6d2.7s2"	"3F"	"2"	"6d2.7s.7p"	"5F*"	"3"		""	"L18702"	
"512.66525"	"512.665143"	"35"	""		"18069.065569"	"37569.5418"	"6d.7s2.7p"	"1F*"	"3"	""	""	"2"		""	"L5951"	
"512.848983"	"512.848976"	"1200"	""		"7502.287636"	"26995.77389"	"6d3.(4F).7s"	"5F"	"3"	""	"*"	"3"		""	"L18702"	
"512.85664"	"512.856527"	"46"	""		"19516.98043"	"39010.1797"	"6d2.7s.7p"	"5D*"	"2"	""	""	"3"		""	"L5951"	
"512.8891"	"512.889169"	"10"	""		"15970.09583"	"35462.0545"	"6d3.(2D2).7s"	""	"3"	""	"*"	"3"		""	"L3552"	
"512.92027"	"512.920300"	"76"	""		"19039.153374"	"38529.9290"	"6d.7s2.7p"	"3P*"	"2"	""	""	"3"		""	"L5951"	
"512.94521"	"512.945164"	"21"	""		"15618.98461"	"35108.8155"	"5f.6d2.7s"	"5H*"	"3"	""	""	"2"		""	"L12239"	
"512.95520"	"512.955225"	"120"	""		"18069.065569"	"37558.5142"	"6d.7s2.7p"	"1F*"	"3"	""	""	"4"		""	"L5951"	
"512.96560"	"512.965640"	"44"	""		"21645.85769"	"41134.9106"	"6d3.(2G).7s"	""	"4"	""	"*"	"4"		""	"L5951"	
"512.99885"	"512.999024"	"48"	""		"10526.544406"	"30014.32907"	"5f.6d.7s2"	"3G*"	"3"	"6d4"	""	"4"		""	"L5951"	
"513.02338"	"513.023397"	"260"	""		"13088.56115"	"32575.4200"	"6d3.(2G).7s"	"3G"	"3"	"6d3.7p"	"5G*"	"2"		""	"L5951"	
"513.07752"	"513.077504"	"63"	""		"10526.544406"	"30011.34827"	"5f.6d.7s2"	"3G*"	"3"	""	""	"3"		""	"L5951"	
"513.08180"	"513.081835"	"58"	""		"16346.64962"	"35831.2890"	"5f.6d2.7s"	"5H*"	"4"	""	""	"3"		""	"L5951"	
"513.11455"	"513.114527"	"30"	""		"21165.098037"	"40648.4960"	"5f.6d.7s2"	"3D*"	"3"	""	""	"4"		""	"L5951"	
"513.1257"	"513.125974"	"27"	""		"17073.80916"	"36556.7725"	"6d3.(4P).7s"	""	"1"	""	"*"	"1"		""	"L3552"	
"513.17073"	"513.17072"	"33"	""		"23609.16775"	"43090.4322"	""	"*"	"5"	""	""	"4"		""	"L5951"	
"513.19924"	"513.199246"	"120"	""		"11802.93238"	"31283.11407"	"6d3.(4P).7s"	"5P"	"2"	""	"*"	"3"		""	"L5951"	
"513.27422"	"513.274246"	"90"	""		"14243.993748"	"33721.32901"	"5f.6d.7s2"	"3P*"	"1"	""	""	"2"		""	"L5951"	
"513.31051"	"513.310524"	"330"	""		"19227.33665"	"38703.2954"	"5f.6d2.7s"	"5I*"	"6"	"5f.6d.7s.7p"	"3l"	"7"		""	"L5951"	
"513.37506"	"513.375037"	"71"	""		"17398.39526"	"36871.9066"	"6d3.(4F).7s"	""	"3"	""	"*"	"2"		""	"L5951"	
"513.3922"	"513.393442"	"16"	""		"13945.307389"	"33418.1206"	"6d.7s2.7p"	"3F*"	"3"	"6d4"	""	"4"		""	"L3552"	
"513.43387"	"513.433732"	"28"	""		"21890.13254"	"41361.4177"	""	"*"	"3"	"5f.6d2.7p "	"5H"	"3"		""	"L5951"	
"513.45707"	"513.456943"	"43"	""		"15618.98461"	"35089.38959"	"5f.6d2.7s"	"5H*"	"3"	""	""	"3"		""	"L5951"	
"513.474594"	"513.474594"	"2100"	""		"2869.259165"	"22338.99484"	"6d2.7s2"	"3F"	"3"	"5f.6d2.7s"	"5G*"	"3"		""	"L18702"	
"513.54063"	"513.540470"	"29"	""		"23306.82782"	"42774.0660"	"5f.6d2.7s"	"3I*"	"6"	""	""	"6"		""	"L5951"	
"513.55845"	"513.558521"	"60"	""		"19532.41646"	"38998.9704"	"6d3.(2F).7s"	"3F"	"4"	""	"*"	"3"		""	"L5951"	
"513.58649"	"513.585574"	"24"	""		"20214.92997"	"39680.4585"	"6d2.7s.7p"	"5D*"	"3"	""	""	"2"		""	"L12239"	
"513.6062"	"513.606565"	"15"	""		"15863.88829"	"35328.6213"	"6d3.(2D2).7s"	""	"2"	""	"*"	"1"		""	"L12239"	
"513.61211"	"513.612159"	"160"	""		"13962.51989"	"33427.0409"	"6d3.(2D2).7s"	""	"1"	""	"*"	"2"		""	"L5951"	
"513.6396"	"513.639661"	"80"	""		"17354.638583"	"36818.1174"	"5f.6d.7s2"	"3D*"	"1"	""	""	"2"		""	"L3552"	
"513.6702"	"513.671580"	"9i"	""		"24274.71139"	"43736.9808"	""	"*"	"5"	""	""	"6 or 7"		""	"L12239"	
"513.67447"	"513.674189"	"19i"	""		"25690.47345"	"45152.6440"	""	"*"	"5"	""	""	"6 or 7"		""	"L12239"	
"513.7300"	"513.729790"	"16"	""		"17847.07751"	"37307.1417"	"5f.6d.7s2"	"3P*"	"2"	"6d4"	""	"3"		""	"L3552"	
"513.747314"	"513.747331"	"580"	""		"4961.658832"	"24421.05861"	"6d2.7s2"	"3F"	"4"	""	"*"	"3"		""	"L18702"	
"513.75403"	"513.753981"	"33"	""		"21902.26981"	"41361.4177"	"5f.6d2.7s"	"3H*"	"4"	"5f.6d2.7p "	"5H"	"3"		""	"L5951"	
"513.78397"	"513.783467"	"26"	""		"23609.16775"	"43067.1989"	""	"*"	"5"	""	""	"4"		""	"L12239"	
"513.8086"	"513.808754"	"44"	""		"13297.43316"	"32754.5067"	"6d3.(2G).7s"	"3G"	"4"	""	"*"	"3"		""	"L3552"	
"513.8359"	"513.83488"	"5"	""		"21575.03713"	"41031.1213"	"6d3.(2P).7s"	""	"2"	""	"*"	"2"		""	"L12239"	
"513.85760"	"513.85677"	"25"	""		"24032.22651"	"43487.4820"	"5f.6d.7s.7p"	"5G"	"4"	""	"*"	"4"		""	"L12239"	
"513.89255"	"513.892560"	"33"	""		"21902.26981"	"41356.1703"	"5f.6d2.7s"	"3H*"	"4"	""	""	"5"		""	"L5951"	
"513.89574"	"513.895810"	"64"	""		"23306.82782"	"42760.6053"	"5f.6d2.7s"	"3I*"	"6"	""	""	"5"		""	"L12239"	
"513.90612"	"513.906110"	"54"	""		"15490.077832"	"34943.46540"	"5f.6d.7s2"	"3G*"	"5"	""	""	"6"		""	"L5951"	
"513.9314"	"513.931116"	"16"	""		"18069.065569"	"37521.5066"	"6d.7s2.7p"	"1F*"	"3"	""	""	"3"		""	"L3552"	
"513.94487"	"513.944885"	"76"	""		"18809.88631"	"38261.8062"	"6d2.7s.7p"	"5G*"	"4"	""	""	"5"		""	"L5951"	
"514.01266"	"514.012636"	"39"	""		"13847.77037"	"33297.1264"	"6d3.(4F).7s"	"3F"	"2"	""	"*"	"2"		""	"L5951"	
"514.05252"	"514.052435"	"41"	""		"20737.28686"	"40185.1371"	""	"*"	"1"	""	""	"2"		""	"L5951"	
"514.0716"	"514.070809"	"570"	""		"13847.77037"	"33294.9255"	"6d3.(4F).7s"	"3F"	"2"	""	"*"	"3"		""	"L3552"	
"514.077360"	"514.077358"	"670"	""		"6362.395980"	"25809.30337"	"6d3.(4F).7s"	"5F"	"2"	""	"*"	"1"		""	"L18702"	
"514.0983"	"514.098327"	"17"	""		"12847.96912"	"32294.0833"	"6d3.(4P).7s"	"5P"	"3"	""	"*"	"4"		""	"L3552"	
"514.12650"	"514.126446"	"99"	""		"14243.993748"	"33689.0444"	"5f.6d.7s2"	"3P*"	"1"	""	""	"2"		""	"L5951"	
"514.16285"	"514.162854"	"31"	""		"19516.98043"	"38960.6542"	"6d2.7s.7p"	"5D*"	"2"	""	""	"2"		""	"L5951"	
"514.35427"	"514.35400"	"29"	""		"21594.67329"	"41031.1213"	"6d3.(2F).7s"	"1F"	"3"	""	"*"	"2"		""	"L12239"	
"514.38157"	"514.381555"	"200"	""		"14226.82045"	"33662.2274"	"6d3.(2P).7s"	""	"0"	""	"*"	"1"		""	"L5951"	
"514.391646"	"514.391649"	"2900"	""		"10414.13700"	"29849.16255"	"5f.6d.7s2"	"1G*"	"4"	""	""	"4"		""	"L18702"	
"514.48045"	"514.48031"	"31"	""		"23277.38774"	"42709.0640"	"5f.6d.7s.7p"	"5I"	"5"	""	"*"	"5"		""	"L12239"	
"514.56535"	"514.56542"	"28"	""		"20922.12244"	"40350.5849"	""	"*"	"2"	""	""	"3"		""	"L5951"	
"514.605574"	"514.605565"	"410"	""		"16783.84708"	"36210.7938"	"5f.6d2.7s"	"5I*"	"4"	""	""	"5"		""	"L5951"	
"514.71346"	"514.713417"	"100"	""		"12114.36618"	"31537.24226"	"5f.6d.7s2"	"1D*"	"2"	""	""	"3"		""	"L5951"	
"514.78164"	"514.78167"	"29"	""		"21578.61445"	"40998.9153"	"6d4"	"5D"	"1"	""	"*"	"1"		""	"L12239"	
"514.88955"	"514.889620"	"18"	""		"22141.60454"	"41557.8339"	""	"*"	"3"	""	""	"3"		""	"L12239"	
"514.920691"	"514.920697"	"370"	""		"13088.56115"	"32503.6187"	"6d3.(2G).7s"	"3G"	"3"	""	"*"	"2"		""	"L5951"	
"514.98080"	"514.980803"	"160"	""		"15736.968041"	"35149.75961"	"6d2.7s.7p"	"5F*"	"1"	""	""	"2"		""	"L5951"	
"515.07001"	"515.070001"	"180"	""		"11241.73043"	"30651.16019"	"5f.6d.7s2"	"3F*"	"3"	"6d4"	""	"3"		""	"L5951"	
"515.13746"	"515.137329"	"39"	""		"17411.224415"	"36818.1174"	"6d.7s2.7p"	"3D*"	"3"	""	""	"2"		""	"L5951"	
"515.161187"	"515.161186"	"6000"	""		"3687.987189"	"23093.98148"	"6d2.7s2"	""	"2"	""	"*"	"2"		""	"L18702"	
"515.19674"	"515.196819"	"54"	""		"19039.153374"	"38443.8055"	"6d.7s2.7p"	"3P*"	"2"	""	""	"3"		""	"L18702"	
"515.2305"	"515.230532"	"21"	""		"19948.395175"	"39351.7776"	"6d2.7s.7p"	"5F*"	"4"	""	""	"5"		""	"L3552"	
"515.2714"	"515.27073"	"13"	""		"21738.05013"	"41139.9188"	"5f.6d2.7s"	"5G*"	"2"	""	""	"2"		""	"L12239"	
"515.39316"	"515.39311"	"41"	""		"19039.153374"	"38436.4152"	"6d.7s2.7p"	"3P*"	"2"	""	""	"2"		""	"L5951"	
"515.3975"	"515.397755"	"21"	""		"17411.224415"	"36808.3114"	"6d.7s2.7p"	"3D*"	"3"	""	""	"3"		""	"L3552"	
"515.424301"	"515.424302"	"7800"	""		"7795.275291"	"27191.36326"	"5f.6d.7s2"	"3H*"	"4"	"5f.6d.7s.7p"	"5G"	"5"		""	"L18702"	
"515.44530"	"515.445155"	"41"	""		"21890.13254"	"41285.4358"	""	"*"	"3"	""	""	"3"		""	"L5951"	
"515.50836"	"515.508369"	"51"	""		"19516.98043"	"38909.9054"	"6d2.7s.7p"	"5D*"	"2"	""	""	"1"		""	"L5951"	
"515.59121"	"515.591143"	"29"	""		"13962.51989"	"33352.3315"	"6d3.(2D2).7s"	""	"1"	""	"*"	"0"		""	"L5951"	
"515.74258"	"515.742607"	"170"	""		"17501.17592"	"36885.2932"	"5f.6d2.7s"	"5I*"	"5"	""	""	"4"		""	"L5951"	
"515.74790"	"515.747902"	"52"	""		"23609.16775"	"42993.0860"	""	"*"	"5"	""	""	"6"		""	"L5951"	
"515.76731"	"515.767919"	"19"	""		"21902.26981"	"41285.4358"	"5f.6d2.7s"	"3H*"	"4"	""	""	"3"		""	"L12239"	
"515.83503"	"515.834855"	"42"	""		"20423.494218"	"39804.1450"	"6d.7s2.7p"	"3P*"	"1"	""	""	"2"		""	"L5951"	
"515.860420"	"515.860420"	"16000"	""		"2869.259165"	"22248.94952"	"6d2.7s2"	"3F"	"3"	""	"*"	"2"		""	"L18702"	
"515.93391"	"515.933897"	"36"	""		"15863.88829"	"35240.8187"	"6d3.(2D2).7s"	""	"2"	""	"*"	"3"		""	"L5951"	
"515.94534"	"515.945338"	"160"	""		"13175.113345"	"32551.61408"	"5f.6d.7s2"	"3G*"	"4"	""	""	"3"		""	"L5951"	
"515.95154"	"515.952374"	"49"	""		"18809.88631"	"38186.1228"	"6d2.7s.7p"	"5G*"	"4"	""	""	"4"		""	"L12239"	
"515.962027"	"515.962023"	"390"	""		"7502.287636"	"26878.16179"	"6d3.(4F).7s"	"5F"	"3"	"6d2.7s.7p"	"3G*"	"3"		""	"L5951"	
"516.02664"	"516.027559"	"19"	""		"19948.395175"	"39321.8086"	"6d2.7s.7p"	"5F*"	"4"	""	""	"3"		""	"L12239"	
"516.069321"	"516.069274"	"780*"	""		"15736.968041"	"35108.8155"	"6d2.7s.7p"	"5F*"	"1"	""	""	"2"		""	"L18702"	
"516.073077"	"516.073078"	"970"	""		"7280.123222"	"26651.82788"	"6d2.7s2"	""	"2"	""	"*"	"2"		""	"L18702"	
"516.10195"	"516.10188"	"29"	""		"25336.49797"	"44707.1216"	""	"*"	"6"	""	""	"6"		""	"L5951"	
"516.153960"	"516.153958"	"2200"	""		"8243.602091"	"27612.27129"	"5f.6d.7s2"	"3F*"	"2"	"6d4"	"3G"	"3"		""	"L18702"	
"516.17065"	"516.170496"	"24"	""		"11877.839132"	"31245.88778"	"6d.7s2.7p"	"3D*"	"1"	""	""	"2"		""	"L12239"	
"516.23550"	"516.235486"	"160"	""		"19986.16721"	"39351.7776"	"5f.6d2.7s"	"5H*"	"6"	""	""	"5"		""	"L5951"	
"516.25528"	"516.255294"	"81"	""		"19588.36224"	"38953.2296"	"6d2.7s.7p"	"5G*"	"5"	""	""	"5"		""	"L5951"	
"516.26756"	"516.267580"	"43"	""		"17398.39526"	"36762.8018"	"6d3.(4F).7s"	""	"3"	""	"*"	"3"		""	"L5951"	
"516.2852"	"516.285472"	"42"	""		"13945.307389"	"33309.04285"	"6d.7s2.7p"	"3F*"	"3"	""	""	"2"		""	"L3552"	
"516.32361"	"516.323578"	"65"	""		"14243.993748"	"33606.30012"	"5f.6d.7s2"	"3P*"	"1"	""	""	"2"		""	"L5951"	
"516.345843"	"516.345842"	"3300"	""		"3687.987189"	"23049.45870"	"6d2.7s2"	""	"2"	""	"*"	"1"		""	"L18702"	
"516.41092"	"516.410823"	"120"	""		"16217.482038"	"35576.5173"	"6d.7s2.7p"	"1D*"	"2"	""	""	"3"		""	"L5951"	
"516.42034"	"516.420346"	"76"	""		"14032.085336"	"33390.76362"	"6d.7s2.7p"	"3D*"	"2"	""	""	"1"		""	"L5951"	
"516.44014"	"516.440133"	"290"	""		"14206.91694"	"33564.85352"	"5f.6d.7s2"	"3F*"	"4"	""	""	"3"		""	"L5951"	
"516.4789"	"516.479173"	"160"	""		"22399.39666"	"41755.8700"	"5f.6d2.7s"	"3I*"	"5"	""	""	"4"		""	"L3552"	
"516.49757"	"516.497422"	"68"	""		"14204.26476"	"33560.0542"	"6d3.(2G).7s"	""	"5"	""	"*"	"4"		""	"L5951"	
"516.50585"	"516.505857"	"170"	""		"11197.031257"	"30552.50463"	"5f.6d.7s2"	"3H*"	"5"	""	""	"4"		""	"L5951"	
"516.56074"	"516.560706"	"120"	""		"18699.62342"	"38053.0416"	"5f.7s2.7p"	"3F"	"2"	""	"*"	"3"		""	"L5951"	
"516.62419"	"516.624091"	"60"	""		"18053.617845"	"37404.6616"	"6d.7s2.7p"	"3F*"	"4"	""	""	"3"		""	"L5951"	
"516.6392"	"516.638996"	"21"	""		"13088.56115"	"32439.0466"	"6d3.(2G).7s"	"3G"	"3"	""	"*"	"4"		""	"L3552"	
"516.66114"	"516.661175"	"33"	""		"16783.84708"	"36133.5019"	"5f.6d2.7s"	"5I*"	"4"	""	""	"5"		""	"L5951"	
"516.66553"	"516.665552"	"240"	""		"10783.15535"	"30132.64625"	"6d.7s2.7p"	"3F*"	"2"	""	""	"2"		""	"L5951"	
"516.83910"	"516.839074"	"150"	""		"19039.153374"	"38382.1480"	"6d.7s2.7p"	"3P*"	"2"	""	""	"3"		""	"L5951"	
"516.858659"	"516.858661"	"440"	""		"10414.13700"	"29756.39860"	"5f.6d.7s2"	"1G*"	"4"	""	""	"4"		""	"L5951"	
"516.892234"	"516.892243"	"410"	""		"6362.395980"	"25703.40095"	"6d3.(4F).7s"	"5F"	"2"	""	"*"	"2"		""	"L18702"	
"516.9019"	"516.902578"	"21"	""		"8800.249723"	"28140.86799"	"6d3.(4F).7s"	"5F"	"4"	""	"*"	"4"		""	"L3552"	
"517.03004"	"517.030033"	"48"	""		"18809.88631"	"38145.7369"	"6d2.7s.7p"	"5G*"	"4"	""	""	"3"		""	"L5951"	
"517.03684"	"517.036840"	"29"	""		"18069.065569"	"37404.6616"	"6d.7s2.7p"	"1F*"	"3"	""	""	"3"		""	"L5951"	
"517.04123"	"517.041266"	"29"	""		"19948.395175"	"39283.8257"	"6d2.7s.7p"	"5F*"	"4"	""	""	"4"		""	"L5951"	
"517.0569"	"517.056943"	"5"	""		"21645.85769"	"40980.7020"	"6d3.(2G).7s"	""	"4"	""	"*"	"3"		""	"L3552"	
"517.0631"	"517.063302"	"5"	""		"13962.51989"	"33297.1264"	"6d3.(2D2).7s"	""	"1"	""	"*"	"2"		""	"L3552"	
"517.2124"	"517.211334"	"15"	""		"23306.82782"	"42635.9006"	"5f.6d2.7s"	"3I*"	"6"	""	""	"5"		""	"L12239"	
"517.22126"	"517.221227"	"30"	""		"21902.26981"	"41230.9729"	"5f.6d2.7s"	"3H*"	"4"	""	""	"4"		""	"L5951"	
"517.2349"	"517.235389"	"15"	""		"21165.098037"	"40493.2719"	"5f.6d.7s2"	"3D*"	"3"	""	""	"3"		""	"L12239"	
"517.24786"	"517.247892"	"100"	""		"11601.03035"	"30928.7370"	"6d3.(4P).7s"	"5P"	"1"	""	"*"	"1"		""	"L5951"	
"517.367155"	"517.367149"	"630"	""		"8243.602091"	"27566.85363"	"5f.6d.7s2"	"3F*"	"2"	""	""	"2"		""	"L18702"	
"517.38413"	"517.384108"	"140"	""		"10526.544406"	"29849.16255"	"5f.6d.7s2"	"3G*"	"3"	""	""	"4"		""	"L5951"	
"517.42427"	"517.424285"	"270"	""		"18011.38030"	"37332.4981"	"5f.6d2.7s"	"5H*"	"5"	"5f.6d2.7p "	"5K "	"6"		""	"L5951"	
"517.43699"	"517.437010"	"370"	""		"14206.91694"	"33527.55959"	"5f.6d.7s2"	"3F*"	"4"	""	""	"4"		""	"L5951"	
"517.479899"	"517.479900"	"410"	""		"9804.806547"	"29123.8479"	"6d3.(4F).7s"	"5F"	"5"	""	"*"	"6 or 5"		""	"L18702"	
"517.4935"	"517.49418"	"12"	""		"23521.04909"	"42839.5573"	""	"*"	"3"	""	""	"3"		""	"L12239"	
"517.532472"	"517.532468"	"900"	""		"5563.141519"	"24880.22058"	"6d3.(4F).7s"	"5F"	"1"	""	"*"	"1"		""	"L18702"	
"517.591150"	"517.591193"	"550"	""		"12114.36618"	"31429.25358"	"5f.6d.7s2"	"1D*"	"2"	""	""	"1"		""	"L5951"	
"517.6145"	"517.614738"	"41"	""		"13847.77037"	"33161.7792"	"6d3.(4F).7s"	"3F"	"2"	""	"*"	"1"		""	"L3552"	
"517.6297"	"517.629548"	"26"	""		"22399.39666"	"41712.8529"	"5f.6d2.7s"	"3I*"	"5"	""	""	"5"		""	"L3552"	
"517.640388"	"517.640367"	"610"	""		"4961.658832"	"24274.71139"	"6d2.7s2"	"3F"	"4"	""	"*"	"5"		""	"L18702"	
"517.6546"	"517.654817"	"41"	""		"12847.96912"	"32160.4826"	"6d3.(4P).7s"	"5P"	"3"	""	"*"	"2"		""	"L3552"	
"517.696110"	"517.696112"	"5000"	""		"11197.031257"	"30508.00424"	"5f.6d.7s2"	"3H*"	"5"	""	""	"5"		""	"L18702"	
"517.70150"	"517.701441"	"230"	""		"11241.73043"	"30552.50463"	"5f.6d.7s2"	"3F*"	"3"	""	""	"4"		""	"L18702"	
"517.74759"	"517.747583"	"190"	""		"15736.968041"	"35046.0213"	"6d2.7s.7p"	"5F*"	"1"	""	"5F"	"1"		""	"L5951"	
"517.762284"	"517.762291"	"700"	""		"10526.544406"	"29835.04913"	"5f.6d.7s2"	"3G*"	"3"	""	""	"3"		""	"L18702"	
"517.83358"	"517.833591"	"110"	""		"16783.84708"	"36089.6933"	"5f.6d2.7s"	"5I*"	"4"	""	""	"4"		""	"L5951"	
"517.848006"	"517.847993"	"380"	""		"18431.686609"	"37736.9959"	"5f.7s2.7p"	"3G"	"3"	""	"*"	"2"		""	"L5951"	
"517.8691"	"517.869026"	"26"	""		"19503.143490"	"38807.6687"	"6d2.7s.7p"	"5F*"	"3"	""	""	"2"		""	"L3552"	
"517.8852"	"517.885678"	"15"	""		"19948.395175"	"39252.2997"	"6d2.7s.7p"	"5F*"	"4"	""	""	"5"		""	"L3552"	
"517.91440"	"517.914396"	"72"	""		"11241.73043"	"30544.56459"	"5f.6d.7s2"	"3F*"	"3"	""	""	"2"		""	"L5951"	
"518.0184"	"518.019154"	"20"	""		"17354.638583"	"36653.5692"	"5f.6d.7s2"	"3D*"	"1"	""	""	"2"		""	"L3552"	
"518.0406"	"518.041026"	"15"	""		"4961.658832"	"24259.77463"	"6d2.7s2"	"3F"	"4"	""	"*"	"4"		""	"L3552"	
"518.07209"	"518.072093"	"280"	""		"18809.88631"	"38106.8449"	"6d2.7s.7p"	"5G*"	"4"	""	""	"5"		""	"L5951"	
"518.1553"	"518.154909"	"40"	""		"2869.259165"	"22163.13360"	"6d2.7s2"	"3F"	"3"	""	"*"	"4"		""	"L3552"	
"518.20374"	"518.203739"	"78"	""		"18011.38030"	"37303.4367"	"5f.6d2.7s"	"5H*"	"5"	""	""	"4"		""	"L5951"	
"518.2135"	"518.213912"	"15"	""		"17224.302340"	"36515.9800"	"6d2.7s.7p"	"5F*"	"2"	""	""	"3"		""	"L3552"	
"518.2405"	"518.240491"	"25"	""		"19516.98043"	"38807.6687"	"6d2.7s.7p"	"5D*"	"2"	""	""	"2"		""	"L3552"	
"518.30897"	"518.308973"	"180"	""		"7502.287636"	"26790.42715"	"6d3.(4F).7s"	"5F"	"3"	""	"*"	"4"		""	"L5951"	
"518.33408"	"518.334066"	"160"	""		"16346.64962"	"35633.8554"	"5f.6d2.7s"	"5H*"	"4"	""	""	"4"		""	"L5951"	
"518.445343"	"518.445339"	"670"	""		"13175.113345"	"32458.17957"	"5f.6d.7s2"	"3G*"	"4"	""	""	"4"		""	"L5951"	
"518.48060"	"518.480547"	"31"	""		"21143.42198"	"40425.1788"	"6d3.(2H).7s"	"1H"	"5"	""	"*"	"4"		""	"L5951"	
"518.48888"	"518.489321"	"26"	""		"20522.71449"	"39804.1450"	"6d2.7s.7p"	"3F*"	"2"	""	""	"2"		""	"L12239"	
"518.52042"	"518.520433"	"170"	""		"15166.900593"	"34447.17423"	"6d2.7s.7p"	"5G*"	"3"	""	""	"4"		""	"L5951"	
"518.52416"	"518.524095"	"60*"	""		"17501.17592"	"36781.3134"	"5f.6d2.7s"	"5I*"	"5"	""	""	"5"		""	"L5951"	
"518.52416"	"518.524200"	"60*"	""		"16217.482038"	"35497.6156"	"6d.7s2.7p"	"1D*"	"2"	""	""	"2"		""	"L5951"	
"518.5663"	"518.566667"	"16"	""		"15736.968041"	"35015.5227"	"6d2.7s.7p"	"5F*"	"1"	""	""	"2"		""	"L12239"	
"518.58979"	"518.589717"	"44"	""		"15166.900593"	"34444.5984"	"6d2.7s.7p"	"5G*"	"3"	""	""	"2"		""	"L5951"	
"518.61788"	"518.61731"	"18"	""		"24210.80979"	"43487.4820"	"6d4"	"5D"	"4"	""	"*"	"4"		""	"L12239"	
"518.641322"	"518.641309"	"440"	""		"5563.141519"	"24838.92167"	"6d3.(4F).7s"	"5F"	"1"	""	"*"	"1"		""	"L5951"	
"518.71677"	"518.716773"	"260"	""		"11802.93238"	"31075.9083"	"6d3.(4P).7s"	"5P"	"2"	""	"*"	"2"		""	"L5951"	
"518.733738"	"518.733744"	"1400"	""		"2869.259165"	"22141.60454"	"6d2.7s2"	"3F"	"3"	""	"*"	"3"		""	"L18702"	
"518.77747"	"518.777420"	"33"	""		"15970.09583"	"35240.8187"	"6d3.(2D2).7s"	""	"3"	""	"*"	"3"		""	"L5951"	
"518.79517"	"518.795167"	"87"	""		"10414.13700"	"29684.20065"	"5f.6d.7s2"	"1G*"	"4"	"5f.6d.7s.7p"	"5H"	"5"		""	"L5951"	
"518.90103"	"518.901026"	"89"	""		"19986.16721"	"39252.2997"	"5f.6d2.7s"	"5H*"	"6"	""	""	"5"		""	"L5951"	
"518.9464"	"518.946661"	"15"	""		"15166.900593"	"34431.3389"	"6d2.7s.7p"	"5G*"	"3"	""	""	"3"		""	"L3552"	
"519.0219"	"519.022092"	"25"	""		"21165.098037"	"40426.7366"	"5f.6d.7s2"	"3D*"	"3"	""	""	"4"		""	"L3552"	
"519.0368"	"519.036773"	"40"	""		"17224.302340"	"36485.3961"	"6d2.7s.7p"	"5F*"	"2"	""	""	"2"		""	"L3552"	
"519.1337"	"519.133928"	"76"	""		"19503.143490"	"38760.6326"	"6d2.7s.7p"	"5F*"	"3"	""	""	"4"		""	"L3552"	
"519.1487"	"519.148077"	"15"	""		"20423.494218"	"39680.4585"	"6d.7s2.7p"	"3P*"	"1"	""	""	"2"		""	"L3552"	
"519.1715"	"519.171186"	"20"	""		"14465.221873"	"33721.32901"	"6d2.7s.7p"	"5G*"	"2"	""	""	"2"		""	"L3552"	
"519.1919"	"519.191836"	"10"	""		"18699.62342"	"37954.9647"	"5f.7s2.7p"	"3F"	"2"	""	"*"	"3"		""	"L3552"	
"519.19861"	"519.198754"	"28"	""		"15618.98461"	"34874.0693"	"5f.6d2.7s"	"5H*"	"3"	""	""	"3"		""	"L5951"	
"519.2176"	"519.218056"	"25"	""		"15618.98461"	"34873.3535"	"5f.6d2.7s"	"5H*"	"3"	""	""	"4"		""	"L3552"	
"519.2409"	"519.240845"	"20"	""		"18053.617845"	"37307.1417"	"6d.7s2.7p"	"3F*"	"4"	"6d4"	""	"3"		""	"L3552"	
"519.27472"	"519.274754"	"78"	""		"14206.91694"	"33459.18355"	"5f.6d.7s2"	"3F*"	"4"	"5f.6d.7s.7p"	"3H"	"4"		""	"L5951"	
"519.34076"	"519.340784"	"52"	""		"18053.617845"	"37303.4367"	"6d.7s2.7p"	"3F*"	"4"	""	""	"4"		""	"L5951"	
"519.35392"	"519.353968"	"34"	""		"22988.52291"	"42237.8531"	"5f.6d.7s.7p"	"5G"	"2"	""	"*"	"3"		""	"L5951"	
"519.36029"	"519.360279"	"28"	""		"23113.54761"	"42362.6439"	"5f.6d2.7s"	"5G*"	"4"	""	""	"4"		""	"L5951"	
"519.36436"	"519.364325"	"52"	""		"7795.275291"	"27044.22163"	"5f.6d.7s2"	"3H*"	"4"	""	""	"3"		""	"L5951"	
"519.39458"	"519.394574"	"340"	""		"17501.17592"	"36749.00126"	"5f.6d2.7s"	"5I*"	"5"	""	""	"6"		""	"L5951"	
"519.445757"	"519.445760"	"1900"	""		"9804.806547"	"29050.73523"	"6d3.(4F).7s"	"5F"	"5"	""	"*"	"5"		""	"L18702"	
"519.55814"	"519.557934"	"33"	""		"14032.085336"	"33273.8588"	"6d.7s2.7p"	"3D*"	"2"	""	""	"1"		""	"L12239"	
"519.581364"	"519.581364"	"5100"	""		"4961.658832"	"24202.56462"	"6d2.7s2"	"3F"	"4"	""	"*"	"4"		""	"L18702"	
"519.64448"	"519.644491"	"39"	""		"21077.152101"	"40315.7205"	"6d2.7s.7p"	"5F*"	"5"	""	""	"4"		""	"L5951"	
"519.6574"	"519.657788"	"15"	""		"18069.065569"	"37307.1417"	"6d.7s2.7p"	"1F*"	"3"	"6d4"	""	"3"		""	"L12239"	
"519.7127"	"519.71289"	"12"	""		"23603.52066"	"42839.5573"	""	"*"	"2"	""	""	"3"		""	"L12239"	
"519.723602"	"519.723624"	"410"	""		"16346.64962"	"35582.2888"	"5f.6d2.7s"	"5H*"	"4"	""	""	"5"		""	"L5951"	
"519.75789"	"519.757888"	"31"	""		"18069.065569"	"37303.4367"	"6d.7s2.7p"	"1F*"	"3"	""	""	"4"		""	"L5951"	
"519.80413"	"519.804120"	"30"	""		"23032.986182"	"42265.6466"	"5f.7s2.7p"	"3G"	"4"	""	"*"	"4"		""	"L5951"	
"519.8162"	"519.816406"	"20"	""		"15493.21943"	"34725.4253"	"6d3.(2H).7s"	"3H"	"4"	""	"*"	"3"		""	"L3552"	
"519.879977"	"519.879977"	"3000"	""		"10526.544406"	"29756.39860"	"5f.6d.7s2"	"3G*"	"3"	""	""	"4"		""	"L18702"	
"519.916381"	"519.916382"	"9200"	""		"3865.473772"	"23093.98148"	"6d2.7s2"	"3P"	"1"	""	"*"	"2"		""	"L18702"	
"519.932681"	"519.932680"	"1500"	""		"7280.123222"	"26508.02820"	"6d2.7s2"	""	"2"	""	"*"	"3"		""	"L18702"	
"520.15738"	"520.157288"	"39"	""		"19713.03109"	"38932.6334"	"6d3.(2F).7s"	"3F"	"3"	""	"*"	"2"		""	"L5951"	
"520.20087"	"520.200869"	"290"	""		"11877.839132"	"31095.8313"	"6d.7s2.7p"	"3D*"	"1"	"6d4"	"3D"	"2"		""	"L5951"	
"520.2410"	"520.241044"	"25"	""		"17166.10472"	"36382.6128"	"6d3.(2H).7s"	"3H"	"5"	""	"*"	"4"		""	"L3552"	
"520.32347"	"520.322758"	"23"	""		"23015.15141"	"42228.6417"	""	"*"	"5"	""	""	"4"		""	"L12239"	
"520.3641"	"520.364275"	"15"	""		"11601.03035"	"30812.9877"	"6d3.(4P).7s"	"5P"	"1"	""	"*"	"2"		""	"L12239"	
"520.384792"	"520.384690"	"470"	""		"14206.91694"	"33418.1206"	"5f.6d.7s2"	"3F*"	"4"	"6d4"	""	"4"		""	"L5951"	
"520.515215"	"520.515223"	"710"	""		"8111.004545"	"27317.39056"	"6d2.7s2"	"1G"	"4"	""	"*"	"3"		""	"L18702"	
"520.55638"	"520.556396"	"68"	""		"23032.986182"	"42237.8531"	"5f.7s2.7p"	"3G"	"4"	""	"*"	"3"		""	"L5951"	
"520.59283"	"520.592838"	"42"	""		"16217.482038"	"35421.0046"	"6d.7s2.7p"	"1D*"	"2"	""	""	"1"		""	"L5951"	
"520.60946"	"520.609459"	"77"	""		"20322.26571"	"39525.1752"	"5f.6d.7s2"	"1H*"	"5"	""	""	"5"		""	"L5951"	
"520.62392"	"520.62400"	"26"	""		"24274.71139"	"43477.0844"	""	"*"	"5"	""	""	"5"		""	"L5951"	
"520.6410"	"520.640934"	"25"	""		"14206.91694"	"33408.66553"	"5f.6d.7s2"	"3F*"	"4"	""	""	"3"		""	"L3552"	
"520.67995"	"520.679957"	"240"	""		"18011.38030"	"37211.6898"	"5f.6d2.7s"	"5H*"	"5"	""	""	"5"		""	"L5951"	
"520.70835"	"520.708439"	"49"	""		"13962.51989"	"33161.7792"	"6d3.(2D2).7s"	""	"1"	""	"*"	"1"		""	"L5951"	
"520.76679"	"520.766814"	"71"	""		"19503.143490"	"38700.2507"	"6d2.7s.7p"	"5F*"	"3"	""	""	"4"		""	"L5951"	
"520.78015"	"520.780133"	"310"	""		"13088.56115"	"32285.1774"	"6d3.(2G).7s"	"3G"	"3"	""	"*"	"3"		""	"L5951"	
"520.8087"	"520.808881"	"40"	""		"13847.77037"	"33043.3270"	"6d3.(4F).7s"	"3F"	"2"	""	"*"	"3"		""	"L3552"	
"520.972443"	"520.972439"	"1500"	""		"3687.987189"	"22877.51748"	"6d2.7s2"	""	"2"	""	"*"	"1"		""	"L18702"	
"521.01852"	"521.018513"	"39"	""		"16217.482038"	"35405.3154"	"6d.7s2.7p"	"1D*"	"2"	""	""	"3"		""	"L5951"	
"521.02520"	"521.025105"	"72*"	""		"18549.40528"	"37736.9959"	"6d3.(4P).7s"	""	"2"	""	"*"	"2"		""	"L5951"	
"521.02520"	"521.025287"	"72*"	""		"11802.93238"	"30990.51628"	"6d3.(4P).7s"	"5P"	"2"	""	"*"	"3"		""	"L5951"	
"521.08218"	"521.08224"	"33"	""		"21165.098037"	"40350.5849"	"5f.6d.7s2"	"3D*"	"3"	""	""	"3"		""	"L5951"	
"521.123034"	"521.123034"	"6900"	""		"3865.473772"	"23049.45870"	"6d2.7s2"	"3P"	"1"	""	"*"	"1"		""	"L18702"	
"521.1668"	"521.166853"	"20"	""		"18809.88631"	"37992.2583"	"6d2.7s.7p"	"5G*"	"4"	""	""	"4"		""	"L3552"	
"521.23471"	"521.234706"	"59"	""		"19039.153374"	"38219.0283"	"6d.7s2.7p"	"3P*"	"2"	"6d4"	""	"2"		""	"L5951"	
"521.26823"	"521.268230"	"46"	""		"22508.04658"	"41686.6880"	"6d2.7s.7p"	"5P*"	"2"	""	""	"3"		""	"L5951"	
"521.334923"	"521.334927"	"2500"	""		"7795.275291"	"26971.46312"	"5f.6d.7s2"	"3H*"	"4"	""	""	"4"		""	"L18702"	
"521.34863"	"521.348625"	"320"	""		"11197.031257"	"30372.71524"	"5f.6d.7s2"	"3H*"	"5"	""	""	"6"		""	"L18702"	
"521.37576"	"521.375850"	"28"	""		"19986.16721"	"39160.8499"	"5f.6d2.7s"	"5H*"	"6"	""	""	"6"		""	"L12239"	
"521.3930"	"521.393093"	"10"	""		"18431.686609"	"37605.7352"	"5f.7s2.7p"	"3G"	"3"	""	"*"	"4"		""	"L3552"	
"521.4414"	"521.441453"	"20"	""		"19588.36224"	"38760.6326"	"6d2.7s.7p"	"5G*"	"5"	""	""	"4"		""	"L3552"	
"521.57654"	"521.576343"	"62"	""		"3687.987189"	"22855.29928"	"6d2.7s2"	""	"2"	""	"*"	"3"		""	"L12239"	
"521.66872"	"521.668815"	"30"	""		"6362.395980"	"25526.31045"	"6d3.(4F).7s"	"5F"	"2"	""	"*"	"1"		""	"L5951"	
"521.7109"	"521.710434"	"10"	""		"18574.61019"	"37736.9959"	"6d3.(2P).7s"	""	"1"	""	"*"	"2"		""	"L3552"	
"521.72766"	"521.727677"	"30"	""		"21539.59257"	"40701.3450"	""	"*"	"4"	""	""	"4"		""	"L5951"	
"521.8272"	"521.827907"	"10"	""		"18053.617845"	"37211.6898"	"6d.7s2.7p"	"3F*"	"4"	""	""	"5"		""	"L3552"	
"521.910992"	"521.910992"	"4400"	""		"8111.004545"	"27266.02670"	"6d2.7s2"	"1G"	"4"	""	"*"	"4"		""	"L18702"	
"521.93600"	"521.935958"	"100"	""		"13945.307389"	"33099.41329"	"6d.7s2.7p"	"3F*"	"3"	""	""	"3"		""	"L5951"	
"522.0131"	"522.013251"	"20"	""		"12114.36618"	"31265.63604"	"5f.6d.7s2"	"1D*"	"2"	""	""	"3"		""	"L3552"	
"522.03085"	"522.030898"	"94"	""		"21165.098037"	"40315.7205"	"5f.6d.7s2"	"3D*"	"3"	""	""	"4"		""	"L5951"	
"522.07068"	"522.070673"	"370"	""		"8111.004545"	"27260.16801"	"6d2.7s2"	"1G"	"4"	""	"*"	"3"		""	"L5951"	
"522.092634"	"522.092639"	"640"	""		"8800.249723"	"27948.60753"	"6d3.(4F).7s"	"5F"	"4"	""	"*"	"4"		""	"L18702"	
"522.22628"	"522.226320"	"84"	""		"14247.30742"	"33390.76362"	"5f.6d.7s2"	"3P*"	"0"	""	""	"1"		""	"L5951"	
"522.27661"	"522.276596"	"60"	""		"13297.43316"	"32439.0466"	"6d3.(2G).7s"	"3G"	"4"	""	"*"	"4"		""	"L5951"	
"522.46959"	"522.469619"	"26"	""		"15166.900593"	"34301.44234"	"6d2.7s.7p"	"5G*"	"3"	""	""	"4"		""	"L5951"	
"522.50115"	"522.501380"	"19"	""		"25690.47345"	"44823.8521"	""	"*"	"5"	""	""	"5 or 6"		""	"L12239"	
"522.55206"	"522.552099"	"26"	""		"12114.36618"	"31245.88778"	"5f.6d.7s2"	"1D*"	"2"	""	""	"2"		""	"L5951"	
"522.57613"	"522.576136"	"29"	""		"21645.85769"	"40776.4993"	"6d3.(2G).7s"	""	"4"	""	"*"	"4"		""	"L5951"	
"522.5869"	"522.586686"	"6"	""		"23521.04909"	"42651.3045"	""	"*"	"3"	""	""	"3"		""	"L12239"	
"522.60896"	"522.609033"	"27"	""		"20867.97560"	"39997.4130"	"5f.6d2.7s"	"5I*"	"7"	""	""	"6"		""	"L5951"	
"522.65254"	"522.652540"	"120"	""		"9804.806547"	"28932.65158"	"6d3.(4F).7s"	"5F"	"5"	""	"*"	"4"		""	"L5951"	
"522.65642"	"522.656345"	"26"	""		"20566.62381"	"39694.3296"	"6d2.7s.7p"	"5D*"	"4"	"5f.6d2.7p "	"5I"	"5"		""	"L5951"	
"522.70832"	"522.708299"	"29"	""		"11802.93238"	"30928.7370"	"6d3.(4P).7s"	"5P"	"2"	""	"*"	"1"		""	"L5951"	
"522.74636"	"522.746318"	"33"	""		"10526.544406"	"29650.95804"	"5f.6d.7s2"	"3G*"	"3"	""	""	"2"		""	"L5951"	
"522.8033"	"522.804039"	"8"	""		"22163.13360"	"41285.4358"	""	"*"	"4"	""	""	"3"		""	"L12239"	
"522.822453"	"522.822459"	"830"	""		"14481.86965"	"33603.49814"	"5f.6d.7s2"	"3H*"	"6"	""	""	"6"		""	"L18702"	
"522.83541"	"522.835442"	"68"	""		"24850.30814"	"43971.4618"	""	"3I*"	"6"	""	""	"7"		""	"L5951"	
"522.89951"	"522.899510"	"300"	""		"13175.113345"	"32293.92422"	"5f.6d.7s2"	"3G*"	"4"	""	""	"5"		""	"L5951"	
"522.97945"	"522.979454"	"71"	""		"21165.098037"	"40280.9864"	"5f.6d.7s2"	"3D*"	"3"	""	""	"3"		""	"L5951"	
"523.0012"	"523.001185"	"80"	""		"23113.54761"	"42228.6417"	"5f.6d2.7s"	"5G*"	"4"	""	""	"4"		""	"L3552"	
"523.115956"	"523.115956"	"15000"	""		"2558.056752"	"21668.957072"	"6d2.7s2"	"3P"	"0"	"6d2.7s.7p"	"5P*"	"1"		""	"L18702"	
"523.1659"	"523.165852"	"16"	""		"17166.10472"	"36275.1824"	"6d3.(2H).7s"	"3H"	"5"	""	"*"	"5"		""	"L3552"	
"523.17080"	"523.170623"	"25"	""		"21539.59257"	"40648.4960"	""	"*"	"4"	""	""	"4"		""	"L5951"	
"523.18020"	"523.180199"	"49"	""		"13088.56115"	"32197.1148"	"6d3.(2G).7s"	"3G"	"3"	""	"*"	"3"		""	"L5951"	
"523.20749"	"523.207422"	"25"	""		"18549.40528"	"37656.9647"	"6d3.(4P).7s"	""	"2"	""	"*"	"3"		""	"L5951"	
"523.22775"	"523.227738"	"38"	""		"13847.77037"	"32954.5879"	"6d3.(4F).7s"	"3F"	"2"	""	"*"	"2"		""	"L5951"	
"523.23415"	"523.234146"	"100"	""		"19039.153374"	"38145.7369"	"6d.7s2.7p"	"3P*"	"2"	""	""	"3"		""	"L5951"	
"523.28464"	"523.284210"	"24"	""		"17411.224415"	"36515.9800"	"6d.7s2.7p"	"3D*"	"3"	""	""	"3"		""	"L12239"	
"523.33638"	"523.336176"	"21"	""		"20922.12244"	"40024.9810"	""	"*"	"2"	""	""	"2"		""	"L12239"	
"523.37841"	"523.378348"	"26"	""		"25336.49797"	"44437.8173"	""	"*"	"6"	""	""	"6"		""	"L5951"	
"523.41069"	"523.410694"	"360"	""		"8243.602091"	"27343.74101"	"5f.6d.7s2"	"3F*"	"2"	"5f.6d.7s.7p"	"5H"	"3"		""	"L5951"	
"523.42460"	"523.424595"	"140"	""		"14465.221873"	"33564.85352"	"6d2.7s.7p"	"5G*"	"2"	""	""	"3"		""	"L5951"	
"523.57171"	"523.572090"	"27"	""		"16346.64962"	"35440.9008"	"5f.6d2.7s"	"5H*"	"4"	"6d4"	""	"3"		""	"L12239"	
"523.67692"	"523.676933"	"43"	""		"17398.39526"	"36488.8237"	"6d3.(4F).7s"	""	"3"	""	"*"	"2"		""	"L5951"	
"523.69159"	"523.691602"	"27"	""		"18382.82669"	"37472.7204"	"6d2.7s.7p"	"5D*"	"0"	""	""	"1"		""	"L5951"	
"523.70372"	"523.703762"	"30"	""		"23306.82782"	"42396.2783"	"5f.6d2.7s"	"3I*"	"6"	""	""	"5"		""	"L5951"	
"523.72332"	"523.723296"	"52"	""		"15618.98461"	"34707.7231"	"5f.6d2.7s"	"5H*"	"3"	""	""	"3"		""	"L5951"	
"523.79830"	"523.798203"	"27"	""		"19516.98043"	"38602.9891"	"6d2.7s.7p"	"5D*"	"2"	""	""	"2"		""	"L5951"	
"523.7989"	"523.798968"	"16"	""		"22669.88918"	"41755.8700"	""	"*"	"3"	""	""	"4"		""	"L3552"	
"523.881378"	"523.881376"	"2100"	""		"7280.123222"	"26363.10178"	"6d2.7s2"	""	"2"	""	"*"	"2"		""	"L18702"	
"523.90665"	"523.906619"	"31"	""		"19273.28060"	"38355.3397"	"6d3.(2P).7s"	""	"2"	""	"*"	"2"		""	"L5951"	
"523.94748"	"523.947466"	"140"	""		"18809.88631"	"37890.4578"	"6d2.7s.7p"	"5G*"	"4"	""	""	"5"		""	"L18702"	
"523.955207"	"523.955209"	"1800"	""		"6362.395980"	"25442.68552"	"6d3.(4F).7s"	"5F"	"2"	""	"*"	"3"		""	"L18702"	
"523.99749"	"523.997481"	"29"	""		"21645.85769"	"40724.6080"	"6d3.(2G).7s"	""	"4"	""	"*"	"5"		""	"L5951"	
"524.0341"	"524.033736"	"10"	""		"18053.617845"	"37131.0482"	"6d.7s2.7p"	"3F*"	"4"	""	""	"3"		""	"L3552"	
"524.07822"	"524.078197"	"29"	""		"19713.03109"	"38788.8430"	"6d3.(2F).7s"	"3F"	"3"	""	"*"	"3"		""	"L5951"	
"524.11490"	"524.114930"	"37"	""		"18011.38030"	"37085.8553"	"5f.6d2.7s"	"5H*"	"5"	""	""	"4"		""	"L5951"	
"524.12226"	"524.122257"	"48"	""		"17354.638583"	"36428.8469"	"5f.6d.7s2"	"3D*"	"1"	""	""	"2"		""	"L5951"	
"524.1858"	"524.185104"	"270"	""		"13088.56115"	"32160.4826"	"6d3.(2G).7s"	"3G"	"3"	""	"*"	"2"		""	"L3552"	
"524.26826"	"524.268279"	"48"	""		"20214.92997"	"39283.8257"	"6d2.7s.7p"	"5D*"	"3"	""	""	"4"		""	"L5951"	
"524.3120"	"524.311387"	"15"	""		"14032.085336"	"33099.41329"	"6d.7s2.7p"	"3D*"	"2"	""	""	"3"		""	"L3552"	
"524.34018"	"524.340188"	"17"	""		"14204.26476"	"33270.5454"	"6d3.(2G).7s"	""	"5"	""	"*"	"4"		""	"L12239"	
"524.36367"	"524.363659"	"35"	""		"25336.49797"	"44401.9252"	""	"*"	"6"	""	""	"6 or 7"		""	"L5951"	
"524.37405"	"524.374059"	"150"	""		"14243.993748"	"33309.04285"	"5f.6d.7s2"	"3P*"	"1"	""	""	"2"		""	"L5951"	
"524.38370"	"524.383667"	"81"	""		"22877.58322"	"41942.2830"	""	"*"	"5"	""	""	"5"		""	"L5951"	
"524.45890"	"524.458901"	"40"	""		"18930.29333"	"37992.2583"	"6d2.7s.7p"	"3G*"	"3"	""	""	"4"		""	"L5951"	
"524.46438"	"524.464610"	"45"	""		"22877.58322"	"41939.3407"	""	"*"	"5"	""	""	"5"		""	"L5951"	
"524.56967"	"524.569674"	"29"	""		"19039.153374"	"38097.0931"	"6d.7s2.7p"	"3P*"	"2"	""	""	"2"		""	"L12239"	
"524.719711"	"524.719688"	"540"	""		"8800.249723"	"27852.74095"	"6d3.(4F).7s"	"5F"	"4"	""	"*"	"5"		""	"L18702"	
"524.72865"	"524.728674"	"110"	""		"15736.968041"	"34789.1330"	"6d2.7s.7p"	"5F*"	"1"	""	""	"2"		""	"L5951"	
"524.73611"	"524.736143"	"130"	""		"10783.15535"	"29835.04913"	"6d.7s2.7p"	"3F*"	"2"	""	""	"3"		""	"L5951"	
"524.8199"	"524.819737"	"110"	""		"17959.89498"	"37008.7542"	"6d3.(4F).7s"	"3F"	"4"	""	"*"	"5"		""	"L3552"	
"524.84698"	"524.846972"	"54"	""		"19532.41646"	"38580.2872"	"6d3.(2F).7s"	"3F"	"4"	""	"*"	"4"		""	"L5951"	
"524.85879"	"524.858788"	"40"	""		"16783.84708"	"35831.2890"	"5f.6d2.7s"	"5I*"	"4"	""	""	"3"		""	"L5951"	
"525.01695"	"525.016931"	"25"	""		"18574.61019"	"37616.3148"	"6d3.(2P).7s"	""	"1"	""	"*"	"1"		""	"L5951"	
"525.08728"	"525.087284"	"190"	""		"0.000000"	"19039.153374"	"6d2.7s2"	"3F"	"2"	"6d.7s2.7p"	"3P*"	"2"		""	"L5951"	
"525.11804"	"525.118052"	"62"	""		"15736.968041"	"34775.0059"	"6d2.7s.7p"	"5F*"	"1"	""	""	"1"		""	"L5951"	
"525.13637"	"525.136405"	"83"	""		"18699.62342"	"37736.9959"	"5f.7s2.7p"	"3F"	"2"	""	"*"	"2"		""	"L5951"	
"525.17796"	"525.178044"	"25"	""		"23201.98997"	"42237.8531"	"5f.6d.7s.7p"	"5G"	"3"	""	"*"	"3"		""	"L5951"	
"525.21651"	"525.216494"	"55"	""		"19227.33665"	"38261.8062"	"5f.6d2.7s"	"5I*"	"6"	""	""	"5"		""	"L5951"	
"525.25680"	"525.256753"	"37"	""		"2869.259165"	"21902.26981"	"6d2.7s2"	"3F"	"3"	"5f.6d2.7s"	"3H*"	"4"		""	"L5951"	
"525.34369"	"525.343578"	"63"	""		"14243.993748"	"33273.8588"	"5f.6d.7s2"	"3P*"	"1"	""	""	"1"		""	"L18702"	
"525.3534"	"525.353328"	"41"	""		"20322.26571"	"39351.7776"	"5f.6d.7s2"	"1H*"	"5"	""	""	"5"		""	"L3552"	
"525.36746"	"525.367498"	"75"	""		"17398.39526"	"36427.3939"	"6d3.(4F).7s"	""	"3"	""	"*"	"3"		""	"L5951"	
"525.41088"	"525.410860"	"160"	""		"12114.36618"	"31141.79438"	"5f.6d.7s2"	"1D*"	"2"	"6d4"	"3D"	"3"		""	"L5951"	
"525.425891"	"525.425887"	"550"	""		"13175.113345"	"32201.99736"	"5f.6d.7s2"	"3G*"	"4"	""	""	"5"		""	"L5951"	
"525.43011"	"525.430062"	"56"	""		"23609.16775"	"42635.9006"	""	"*"	"5"	""	""	"5"		""	"L5951"	
"525.55736"	"525.557386"	"140"	""		"12847.96912"	"31870.0925"	"6d3.(4P).7s"	"5P"	"3"	""	"*"	"2"		""	"L5951"	
"525.59188"	"525.591925"	"43"	""		"2869.259165"	"21890.13254"	"6d2.7s2"	"3F"	"3"	""	"*"	"3"		""	"L5951"	
"525.70467"	"525.704540"	"32*"	""		"22669.88918"	"41686.6880"	""	"*"	"3"	""	""	"3"		""	"L5951"	
"525.70467"	"525.704791"	"32*"	""		"18069.065569"	"37085.8553"	"6d.7s2.7p"	"1F*"	"3"	""	""	"4"		""	"L5951"	
"525.7607"	"525.760549"	"20"	""		"15863.88829"	"34878.6613"	"6d3.(2D2).7s"	""	"2"	""	"*"	"1"		""	"L3552"	
"525.79771"	"525.797494"	"19"	""		"22515.88404"	"41529.3210"	"6d4"	"5D"	"2"	""	"*"	"2"		""	"L12239"	
"525.82046"	"525.820548"	"190"	""		"11601.03035"	"30613.6337"	"6d3.(4P).7s"	"5P"	"1"	""	"*"	"0"		""	"L5951"	
"525.836025"	"525.836026"	"9200"	""		"3865.473772"	"22877.51748"	"6d2.7s2"	"3P"	"1"	""	"*"	"1"		""	"L18702"	
"525.8779"	"525.877904"	"14"	""		"16783.84708"	"35794.3768"	"5f.6d2.7s"	"5I*"	"4"	"6d4"	"3F1"	"4"		""	"L12239"	
"525.89076"	"525.891027"	"20"	""		"11802.93238"	"30812.9877"	"6d3.(4P).7s"	"5P"	"2"	""	"*"	"2"		""	"L12239"	
"525.91375"	"525.913752"	"40"	""		"18809.88631"	"37819.1202"	"6d2.7s.7p"	"5G*"	"4"	""	""	"4"		""	"L5951"	
"525.95840"	"525.958392"	"56"	""		"14206.91694"	"33214.53748"	"5f.6d.7s2"	"3F*"	"4"	"5f.6d.7s.7p"	"3I"	"5"		""	"L5951"	
"525.97760"	"525.977607"	"190"	""		"7280.123222"	"26287.04940"	"6d2.7s2"	""	"2"	"6d2.7s.7p"	"3D*"	"1"		""	"L5951"	
"526.010418"	"526.010419"	"1500"	""		"7502.287636"	"26508.02820"	"6d3.(4F).7s"	"5F"	"3"	""	"*"	"3"		""	"L18702"	
"526.11925"	"526.119307"	"33"	""		"22401.20793"	"41403.0150"	"6d3.(2P).7s"	""	"1"	""	"*"	"2"		""	"L5951"	
"526.147187"	"526.147198"	"550"	""		"7795.275291"	"26796.07511"	"5f.6d.7s2"	"3H*"	"4"	""	""	"3"		""	"L18702"	
"526.15337"	"526.153357"	"60"	""		"15166.900593"	"34167.4780"	"6d2.7s.7p"	"5G*"	"3"	""	""	"3"		""	"L5951"	
"526.2025"	"526.202540"	"16"	""		"15493.21943"	"34492.0209"	"6d3.(2H).7s"	"3H"	"4"	""	"*"	"4"		""	"L12239"	
"526.26217"	"526.262132"	"230"	""		"13297.43316"	"32294.0833"	"6d3.(2G).7s"	"3G"	"4"	""	"*"	"4"		""	"L5951"	
"526.34781"	"526.34787"	"56"	""		"18614.33811"	"37607.8939"	"6d2.7s.7p"	"5D*"	"1"	""	""	"1"		""	"L5951"	
"526.3892"	"526.389102"	"77"	""		"13962.51989"	"32954.5879"	"6d3.(2D2).7s"	""	"1"	""	"*"	"2"		""	"L3552"	
"526.43293"	"526.432932"	"34"	""		"19817.18191"	"38807.6687"	"6d2.7s.7p"	"5P*"	"1"	""	""	"2"		""	"L5951"	
"526.50790"	"526.507812"	"36"	""		"15863.88829"	"34851.6743"	"6d3.(2D2).7s"	""	"2"	""	"*"	"2"		""	"L5951"	
"526.6073"	"526.606781"	"5"	""		"17398.39526"	"36382.6128"	"6d3.(4F).7s"	""	"3"	""	"*"	"4"		""	"L3552"	
"526.671021"	"526.671021"	"4600"	""		"3687.987189"	"22669.88918"	"6d2.7s2"	""	"2"	""	"*"	"3"		""	"L18702"	
"526.8158"	"526.815888"	"10"	""		"16351.93901"	"35328.6213"	"6d2.7s2"	""	"0"	""	"*"	"1"		""	"L3552"	
"526.8539"	"526.853815"	"10"	""		"21077.152101"	"40052.4683"	"6d2.7s.7p"	"5F*"	"5"	""	""	"4"		""	"L3552"	
"526.95374"	"526.95386"	"54"	""		"23015.15141"	"41986.8652"	""	"*"	"5"	""	""	"4"		""	"L5951"	
"526.97927"	"526.979261"	"320"	""		"15490.077832"	"34460.87707"	"5f.6d.7s2"	"3G*"	"5"	""	""	"5"		""	"L5951"	
"527.08311"	"527.083087"	"60"	""		"19986.16721"	"38953.2296"	"5f.6d2.7s"	"5H*"	"6"	""	""	"5"		""	"L5951"	
"527.10225"	"527.10223"	"38"	""		"17166.10472"	"36132.4781"	"6d3.(2H).7s"	"3H"	"5"	""	"*"	"5"		""	"L5951"	
"527.2092"	"527.209030"	"25"	""		"18930.29333"	"37892.8248"	"6d2.7s.7p"	"3G*"	"3"	"5f.6d2.7p "	"5I"	"4"		""	"L3552"	
"527.292676"	"527.292682"	"710"	""		"6362.395980"	"25321.91918"	"6d3.(4F).7s"	"5F"	"2"	""	"*"	"3"		""	"L18702"	
"527.31317"	"527.313195"	"460"	""		"11802.93238"	"30761.71803"	"6d3.(4P).7s"	"5P"	"2"	""	"*"	"3"		""	"L5951"	
"527.31969"	"527.319711"	"70"	""		"20566.62381"	"39525.1752"	"6d2.7s.7p"	"5D*"	"4"	""	""	"5"		""	"L5951"	
"527.33570"	"527.335690"	"64"	""		"19039.153374"	"37997.1303"	"6d.7s2.7p"	"3P*"	"2"	""	""	"2"		""	"L5951"	
"527.35338"	"527.353372"	"27"	""		"18699.62342"	"37656.9647"	"5f.7s2.7p"	"3F"	"2"	""	"*"	"3"		""	"L5951"	
"527.35986"	"527.360184"	"48"	""		"15490.077832"	"34447.17423"	"5f.6d.7s2"	"3G*"	"5"	""	""	"4"		""	"L12239"	
"527.36920"	"527.369163"	"43"	""		"22399.39666"	"41356.1703"	"5f.6d2.7s"	"3I*"	"5"	""	""	"5"		""	"L5951"	
"527.411873"	"527.411870"	"1800"	""		"4961.658832"	"23916.89747"	"6d2.7s2"	"3F"	"4"	""	"*"	"4"		""	"L18702"	
"527.43897"	"527.438963"	"150"	""		"16346.64962"	"35300.9146"	"5f.6d2.7s"	"5H*"	"4"	"5f.6d2.7p"	"5K"	"5"		""	"L5951"	
"527.4581"	"527.458409"	"25"	""		"20566.62381"	"39520.1900"	"6d2.7s.7p"	"5D*"	"4"	""	""	"4"		""	"L3552"	
"527.49465"	"527.494697"	"34"	""		"11601.03035"	"30553.29269"	"6d3.(4P).7s"	"5P"	"1"	""	"*"	"2"		""	"L5951"	
"527.714582"	"527.714581"	"450"	""		"6362.395980"	"25306.76154"	"6d3.(4F).7s"	"5F"	"2"	""	"*"	"2"		""	"L18702"	
"527.7341"	"527.734080"	"15"	""		"19273.28060"	"38216.9462"	"6d3.(2P).7s"	""	"2"	""	"*"	"3"		""	"L3552"	
"527.7404"	"527.740263"	"51"	""		"14465.221873"	"33408.66553"	"6d2.7s.7p"	"5G*"	"2"	""	""	"3"		""	"L3552"	
"527.76458"	"527.76465"	"47"	""		"22515.88404"	"41458.4523"	"6d4"	"5D"	"2"	""	"*"	"1"		""	"L5951"	
"527.91968"	"527.919702"	"86"	""		"15493.21943"	"34430.2243"	"6d3.(2H).7s"	"3H"	"4"	""	"*"	"3"		""	"L5951"	
"527.9766"	"527.976750"	"10"	""		"14226.82045"	"33161.7792"	"6d3.(2P).7s"	""	"0"	""	"*"	"1"		""	"L3552"	
"528.03441"	"528.034415"	"190"	""		"12847.96912"	"31780.86008"	"6d3.(4P).7s"	"5P"	"3"	""	"*"	"3"		""	"L5951"	
"528.05143"	"528.051523"	"38"	""		"16217.482038"	"35149.75961"	"6d.7s2.7p"	"1D*"	"2"	""	""	"2"		""	"L5951"	
"528.106874"	"528.106873"	"1300"	""		"0.000000"	"18930.29333"	"6d2.7s2"	"3F"	"2"	"6d2.7s.7p"	"3G*"	"3"		""	"L18702"	
"528.19515"	"528.195093"	"44"	""		"23015.15141"	"41942.2830"	""	"*"	"5"	""	""	"5"		""	"L5951"	
"528.21813"	"528.21813"	"39"	""		"21578.61445"	"40504.9206"	"6d4"	"5D"	"1"	""	"*"	"1"		""	"L5951"	
"528.23949"	"528.239465"	"240"	""		"14465.221873"	"33390.76362"	"6d2.7s.7p"	"5G*"	"2"	""	""	"1"		""	"L5951"	
"528.25526"	"528.255193"	"37"	""		"17411.224415"	"36336.2027"	"6d.7s2.7p"	"3D*"	"3"	""	""	"3"		""	"L5951"	
"528.27722"	"528.277217"	"45"	""		"23015.15141"	"41939.3407"	""	"*"	"5"	""	""	"5"		""	"L5951"	
"528.36959"	"528.369609"	"130"	""		"11802.93238"	"30723.8126"	"6d3.(4P).7s"	"5P"	"2"	""	"*"	"1"		""	"L5951"	
"528.5183"	"528.519233"	"15"	""		"20922.12244"	"39837.6462"	""	"*"	"2"	""	""	"3"		""	"L3552"	
"528.65008"	"528.650117"	"40"	""		"23990.41162"	"42901.2523"	"5f.6d.7s.7p"	"5F"	"2"	""	"*"	"3"		""	"L5951"	
"528.7167"	"528.716744"	"21"	""		"21668.957072"	"40577.4147"	"6d2.7s.7p"	"5P*"	"1"	""	""	"2"		""	"L12239"	
"528.7252"	"528.725534"	"6"	""		"24084.94271"	"42993.0860"	"6d2.7s.7p"	"5G*"	"6"	""	""	"6"		""	"L12239"	
"528.7648"	"528.764880"	"15"	""		"13847.77037"	"32754.5067"	"6d3.(4F).7s"	"3F"	"2"	""	"*"	"3"		""	"L3552"	
"528.96226"	"528.962254"	"140"	""		"13297.43316"	"32197.1148"	"6d3.(2G).7s"	"3G"	"4"	""	"*"	"3"		""	"L5951"	
"529.04793"	"529.04794"	"26"	""		"20522.71449"	"39419.3351"	"6d2.7s.7p"	"3F*"	"2"	""	""	"1"		""	"L5951"	
"529.1638"	"529.163434"	"15"	""		"14206.91694"	"33099.41329"	"5f.6d.7s2"	"3F*"	"4"	""	""	"3"		""	"L3552"	
"529.181642"	"529.181650"	"810"	""		"10526.544406"	"29418.39044"	"5f.6d.7s2"	"3G*"	"3"	""	""	"2"		""	"L18702"	
"529.20774"	"529.207708"	"67"	""		"11241.73043"	"30132.64625"	"5f.6d.7s2"	"3F*"	"3"	""	""	"2"		""	"L5951"	
"529.2666"	"529.266235"	"15"	""		"18930.29333"	"37819.1202"	"6d2.7s.7p"	"3G*"	"3"	""	""	"4"		""	"L3552"	
"529.3077"	"529.307052"	"15"	""		"21165.098037"	"40052.4683"	"5f.6d.7s2"	"3D*"	"3"	""	""	"4"		""	"L3552"	
"529.31365"	"529.313393"	"48*"	""		"21539.59257"	"40426.7366"	""	"*"	"4"	""	""	"4"		""	"L5951"	
"529.31365"	"529.313759"	"48*"	""		"22515.88404"	"41403.0150"	"6d4"	"5D"	"2"	""	"*"	"2"		""	"L5951"	
"529.3435"	"529.343456"	"15"	""		"17411.224415"	"36297.2958"	"6d.7s2.7p"	"3D*"	"3"	""	""	"4"		""	"L3552"	
"529.40671"	"529.406691"	"76"	""		"19532.41646"	"38416.2320"	"6d3.(2F).7s"	"3F"	"4"	""	"*"	"3"		""	"L5951"	
"529.439703"	"529.439708"	"1300"	""		"7502.287636"	"26384.92556"	"6d3.(4F).7s"	"5F"	"3"	""	"*"	"4"		""	"L18702"	
"529.46943"	"529.469416"	"62"	""		"15970.09583"	"34851.6743"	"6d3.(2D2).7s"	""	"3"	""	"*"	"2"		""	"L5951"	
"529.47535"	"529.475300"	"57"	""		"20214.92997"	"39096.2986"	"6d2.7s.7p"	"5D*"	"3"	""	""	"4"		""	"L5951"	
"529.50886"	"529.508839"	"220"	""		"11877.839132"	"30758.01183"	"6d.7s2.7p"	"3D*"	"1"	""	""	"2"		""	"L5951"	
"529.56159"	"529.561737"	"100*"	""		"22877.58322"	"41755.8700"	""	"*"	"5"	""	""	"4"		""	"L5951"	
"529.56735"	"529.567343"	"93"	""		"17959.89498"	"36837.9819"	"6d3.(4F).7s"	"3F"	"4"	""	"*"	"5"		""	"L5951"	
"529.627859"	"529.627865"	"1800"	""		"9804.806547"	"28680.73627"	"6d3.(4F).7s"	"5F"	"5"	""	"*"	"4"		""	"L18702"	
"529.68447"	"529.684460"	"92"	""		"18011.38030"	"36885.2932"	"5f.6d2.7s"	"5H*"	"5"	""	""	"4"		""	"L5951"	
"529.74076"	"529.740746"	"160"	""		"16217.482038"	"35089.38959"	"6d.7s2.7p"	"1D*"	"2"	""	""	"3"		""	"L5951"	
"529.774301"	"529.774306"	"2000"	""		"8800.249723"	"27670.96178"	"6d3.(4F).7s"	"5F"	"4"	""	"*"	"3"		""	"L18702"	
"529.784788"	"529.784776"	"630"	""		"16346.64962"	"35216.98873"	"5f.6d2.7s"	"5H*"	"4"	""	""	"5"		""	"L5951"	
"529.828247"	"529.828245"	"2000"	""		"2869.259165"	"21738.05013"	"6d2.7s2"	"3F"	"3"	"5f.6d2.7s"	"5G*"	"2"		""	"L18702"	
"529.85601"	"529.855997"	"320"	""		"10783.15535"	"29650.95804"	"6d.7s2.7p"	"3F*"	"2"	""	""	"2"		""	"L5951"	
"529.87129"	"529.871347"	"27"	""		"19713.03109"	"38580.2872"	"6d3.(2F).7s"	"3F"	"3"	""	"*"	"4"		""	"L5951"	
"529.9376"	"529.937384"	"10"	""		"13088.56115"	"31953.46618"	"6d3.(2G).7s"	"3G"	"3"	""	"*"	"4"		""	"L3552"	
"529.94410"	"529.944990"	"26"	""		"24202.56462"	"43067.1989"	""	"*"	"4"	""	""	"4"		""	"L12239"	
"529.9787"	"529.978710"	"10"	""		"19503.143490"	"38366.5775"	"6d2.7s.7p"	"5F*"	"3"	"6d4"	""	"4"		""	"L3552"	
"530.0321"	"530.032014"	"20"	""		"15863.88829"	"34725.4253"	"6d3.(2D2).7s"	""	"2"	""	"*"	"3"		""	"L3552"	
"530.052338"	"530.052328"	"1100"	""		"7502.287636"	"26363.10178"	"6d3.(4F).7s"	"5F"	"3"	""	"*"	"2"		""	"L18702"	
"530.20504"	"530.205062"	"33"	""		"24850.30814"	"43705.6892"	""	"3I*"	"6"	""	""	"6 or 7"		""	"L5951"	
"530.2405"	"530.240605"	"17"	""		"18930.29333"	"37784.4105"	"6d2.7s.7p"	"3G*"	"3"	""	""	"2"		""	"L12239"	
"530.25445"	"530.254477"	"26"	""		"23032.986182"	"41886.6101"	"5f.7s2.7p"	"3G"	"4"	""	"*"	"3"		""	"L5951"	
"530.2779"	"530.278159"	"5"	""		"19532.41646"	"38385.1984"	"6d3.(2F).7s"	"3F"	"4"	""	"*"	"5"		""	"L3552"	
"530.31628"	"530.316299"	"150"	""		"15493.21943"	"34344.6455"	"6d3.(2H).7s"	"3H"	"4"	""	"*"	"4"		""	"L5951"	
"530.33336"	"530.333367"	"130"	""		"13945.307389"	"32796.12677"	"6d.7s2.7p"	"3F*"	"3"	""	""	"3"		""	"L5951"	
"530.348362"	"530.348323"	"450"	""		"12114.36618"	"30964.65395"	"5f.6d.7s2"	"1D*"	"2"	""	""	"3"		""	"L18702"	
"530.35622"	"530.356186"	"55"	""		"16783.84708"	"35633.8554"	"5f.6d2.7s"	"5I*"	"4"	""	""	"4"		""	"L5951"	
"530.5304"	"530.530329"	"270"	""		"14465.221873"	"33309.04285"	"6d2.7s.7p"	"5G*"	"2"	""	""	"2"		""	"L3552"	
"530.57435"	"530.574358"	"130"	""		"8111.004545"	"26953.26182"	"6d2.7s2"	"1G"	"4"	""	"*"	"5"		""	"L5951"	
"530.6166"	"530.616528"	"26"	""		"17959.89498"	"36800.6548"	"6d3.(4F).7s"	"3F"	"4"	""	"*"	"4"		""	"L3552"	
"530.698638"	"530.698645"	"520"	""		"13175.113345"	"32012.95790"	"5f.6d.7s2"	"3G*"	"4"	""	""	"4"		""	"L5951"	
"530.83106"	"530.831055"	"120"	""		"7280.123222"	"26113.26894"	"6d2.7s2"	""	"2"	""	"*"	"2"		""	"L5951"	
"530.87243"	"530.872503"	"28"	""		"18053.617845"	"36885.2932"	"6d.7s2.7p"	"3F*"	"4"	""	""	"4"		""	"L5951"	
"530.88055"	"530.880583"	"31"	""		"22855.29928"	"41686.6880"	""	"*"	"3"	""	""	"3"		""	"L5951"	
"530.9052"	"530.905483"	"10"	""		"21594.67329"	"40425.1788"	"6d3.(2F).7s"	"1F"	"3"	""	"*"	"4"		""	"L3552"	
"530.96093"	"530.960926"	"270"	""		"16217.482038"	"35046.0213"	"6d.7s2.7p"	"1D*"	"2"	""	"5F"	"1"		""	"L5951"	
"531.0432"	"531.043438"	"26"	""		"15618.98461"	"34444.5984"	"5f.6d2.7s"	"5H*"	"3"	""	""	"2"		""	"L3552"	
"531.11718"	"531.117150"	"36"	""		"17224.302340"	"36047.3034"	"6d2.7s.7p"	"5F*"	"2"	""	""	"2"		""	"L5951"	
"531.18672"	"531.186667"	"240"	""		"13175.113345"	"31995.65103"	"5f.6d.7s2"	"3G*"	"4"	""	""	"4"		""	"L5951"	
"531.200165"	"531.200167"	"7300"	""		"3687.987189"	"22508.04658"	"6d2.7s2"	""	"2"	"6d2.7s.7p"	"5P*"	"2"		""	"L18702"	
"531.252884"	"531.252885"	"3400"	""		"5563.141519"	"24381.33337"	"6d3.(4F).7s"	"5F"	"1"	""	"*"	"2"		""	"L18702"	
"531.26433"	"531.264347"	"340"	""		"13847.77037"	"32665.5562"	"6d3.(4F).7s"	"3F"	"2"	""	"*"	"1"		""	"L5951"	
"531.27808"	"531.278126"	"260"	""		"11197.031257"	"30014.32907"	"5f.6d.7s2"	"3H*"	"5"	"6d4"	""	"4"		""	"L5951"	
"531.290441"	"531.290439"	"2200"	""		"7280.123222"	"26096.98491"	"6d2.7s2"	""	"2"	""	"*"	"3"		""	"L18702"	
"531.41775"	"531.417737"	"35"	""		"15618.98461"	"34431.3389"	"5f.6d2.7s"	"5H*"	"3"	""	""	"3"		""	"L5951"	
"531.42099"	"531.421038"	"28"	""		"19948.395175"	"38760.6326"	"6d2.7s.7p"	"5F*"	"4"	""	""	"4"		""	"L5951"	
"531.42577"	"531.425707"	"39"	""		"17073.80916"	"35885.8813"	"6d3.(4P).7s"	""	"1"	""	"*"	"2"		""	"L5951"	
"531.52278"	"531.522768"	"220"	""		"14465.221873"	"33273.8588"	"6d2.7s.7p"	"5G*"	"2"	""	""	"1"		""	"L5951"	
"531.5834"	"531.583399"	"26"	""		"17847.07751"	"36653.5692"	"5f.6d.7s2"	"3P*"	"2"	""	""	"2"		""	"L3552"	
"531.67861"	"531.678387"	"26"	""		"13847.77037"	"32650.9022"	"6d3.(4F).7s"	"3F"	"2"	""	"*"	"1"		""	"L5951"	
"531.749428"	"531.749435"	"1500"	""		"8243.602091"	"27044.22163"	"5f.6d.7s2"	"3F*"	"2"	""	""	"3"		""	"L18702"	
"531.81104"	"531.811039"	"220"	""		"16783.84708"	"35582.2888"	"5f.6d2.7s"	"5I*"	"4"	""	""	"5"		""	"L5951"	
"531.82235"	"531.822386"	"29"	""		"16217.482038"	"35015.5227"	"6d.7s2.7p"	"1D*"	"2"	""	""	"2"		""	"L5951"	
"531.9023"	"531.901358"	"10"	""		"20214.92997"	"39010.1797"	"6d2.7s.7p"	"5D*"	"3"	""	""	"3"		""	"L3552"	
"531.9742"	"531.974368"	"43"	""		"16783.84708"	"35576.5173"	"5f.6d2.7s"	"5I*"	"4"	""	""	"3"		""	"L3552"	
"532.00985"	"532.009836"	"120"	""		"25180.04445"	"43971.4618"	"5f.6d2.7s"	"*"	"7"	""	""	"7"		""	"L5951"	
"532.13159"	"532.13180"	"36*"	""		"23609.16775"	"42396.2783"	""	"*"	"5"	""	""	"5"		""	"L5951"	
"532.1873"	"532.187227"	"10"	""		"20566.62381"	"39351.7776"	"6d2.7s.7p"	"5D*"	"4"	""	""	"5"		""	"L3552"	
"532.28989"	"532.289873"	"380"	""		"13088.56115"	"31870.0925"	"6d3.(2G).7s"	"3G"	"3"	""	"*"	"2"		""	"L5951"	
"532.34002"	"532.340052"	"110"	""		"19273.28060"	"38053.0416"	"6d3.(2P).7s"	""	"2"	""	"*"	"3"		""	"L5951"	
"532.35258"	"532.352522"	"27"	""		"21645.85769"	"40425.1788"	"6d3.(2G).7s"	""	"4"	""	"*"	"4"		""	"L5951"	
"532.3851"	"532.383872"	"810"	""		"19588.36224"	"38366.5775"	"6d2.7s.7p"	"5G*"	"5"	"6d4"	""	"4"		""	"L3552"	
"532.45894"	"532.458933"	"67"	""		"12114.36618"	"30889.93430"	"5f.6d.7s2"	"1D*"	"2"	""	""	"1"		""	"L5951"	
"532.543149"	"532.543159"	"630"	""		"11241.73043"	"30014.32907"	"5f.6d.7s2"	"3F*"	"3"	"6d4"	""	"4"		""	"L18702"	
"532.61883"	"532.618787"	"180"	""		"18011.38030"	"36781.3134"	"5f.6d2.7s"	"5H*"	"5"	""	""	"5"		""	"L5951"	
"532.627743"	"532.627733"	"1000"	""		"11241.73043"	"30011.34827"	"5f.6d.7s2"	"3F*"	"3"	""	""	"3"		""	"L18702"	
"532.697568"	"532.697568"	"4400"	""		"8111.004545"	"26878.16179"	"6d2.7s2"	"1G"	"4"	"6d2.7s.7p"	"3G*"	"3"		""	"L18702"	
"532.78603"	"532.786025"	"50"	""		"14032.085336"	"32796.12677"	"6d.7s2.7p"	"3D*"	"2"	""	""	"3"		""	"L5951"	
"532.80072"	"532.800668"	"40"	""		"21143.42198"	"39906.9477"	"6d3.(2H).7s"	"1H"	"5"	""	"*"	"4"		""	"L5951"	
"532.94710"	"532.947296"	"120*"	""		"21890.13254"	"40648.4960"	""	"*"	"3"	""	""	"4"		""	"L5951"	
"532.9605"	"532.960143"	"10"	""		"18930.29333"	"37688.2046"	"6d2.7s.7p"	"3G*"	"3"	""	""	"3"		""	"L3552"	
"533.00101"	"533.000825"	"65"	""		"14206.91694"	"32963.39652"	"5f.6d.7s2"	"3F*"	"4"	""	""	"5"		""	"L5951"	
"533.008034"	"533.008029"	"740"	""		"7280.123222"	"26036.34930"	"6d2.7s2"	""	"2"	""	"*"	"3"		""	"L18702"	
"533.0340"	"533.033510"	"270"	""		"15970.09583"	"34725.4253"	"6d3.(2D2).7s"	""	"3"	""	"*"	"3"		""	"L3552"	
"533.0517"	"533.051583"	"42"	""		"18053.617845"	"36808.3114"	"6d.7s2.7p"	"3F*"	"4"	""	""	"3"		""	"L3552"	
"533.08616"	"533.086188"	"95"	""		"23609.16775"	"42362.6439"	""	"*"	"5"	""	""	"4"		""	"L5951"	
"533.1481"	"533.147956"	"42"	""		"12847.96912"	"31599.2726"	"6d3.(4P).7s"	"5P"	"3"	""	"*"	"2"		""	"L3552"	
"533.17477"	"533.174774"	"130"	""		"11802.93238"	"30553.29269"	"6d3.(4P).7s"	"5P"	"2"	""	"*"	"2"		""	"L5951"	
"533.2120"	"533.211984"	"10"	""		"18069.065569"	"36818.1174"	"6d.7s2.7p"	"1F*"	"3"	""	""	"2"		""	"L3552"	
"533.22404"	"533.224041"	"27"	""		"18809.88631"	"37558.5142"	"6d2.7s.7p"	"5G*"	"4"	""	""	"4"		""	"L5951"	
"533.3200"	"533.319927"	"42"	""		"19039.153374"	"37784.4105"	"6d.7s2.7p"	"3P*"	"2"	""	""	"2"		""	"L3552"	
"533.33846"	"533.338464"	"150"	""		"5563.141519"	"24307.74711"	"6d3.(4F).7s"	"5F"	"1"	""	"*"	"2"		""	"L5951"	
"533.36517"	"533.365188"	"54"	""		"18382.82669"	"37126.4931"	"6d2.7s.7p"	"5D*"	"0"	""	""	"1"		""	"L5951"	
"533.38151"	"533.38148"	"36"	""		"22396.82500"	"41139.9188"	""	"*"	"1"	""	""	"2"		""	"L5951"	
"533.41361"	"533.413613"	"69"	""		"20214.92997"	"38956.8948"	"6d2.7s.7p"	"5D*"	"3"	""	""	"4"		""	"L5951"	
"533.53727"	"533.537274"	"41"	""		"18011.38030"	"36749.00126"	"5f.6d2.7s"	"5H*"	"5"	""	""	"6"		""	"L5951"	
"533.6315"	"533.631384"	"220"	""		"15970.09583"	"34704.4123"	"6d3.(2D2).7s"	""	"3"	""	"*"	"3"		""	"L3552"	
"533.67836"	"533.678349"	"88"	""		"14481.86965"	"33214.53748"	"5f.6d.7s2"	"3H*"	"6"	"5f.6d.7s.7p"	"3I"	"5"		""	"L5951"	
"533.70155"	"533.701547"	"390"	""		"20867.97560"	"39599.8292"	"5f.6d2.7s"	"5I*"	"7"	"5f.6d2.7p "	"5K"	"7"		""	"L5951"	
"533.7502"	"533.749944"	"10"	""		"21143.42198"	"39873.5771"	"6d3.(2H).7s"	"1H"	"5"	""	"*"	"5"		""	"L3552"	
"533.82134"	"533.821353"	"110"	""		"13847.77037"	"32575.4200"	"6d3.(4F).7s"	"3F"	"2"	"6d3.7p"	"5G*"	"2"		""	"L5951"	
"533.82868"	"533.828663"	"94"	""		"10414.13700"	"29141.53019"	"5f.6d.7s2"	"1G*"	"4"	""	""	"5"		""	"L5951"	
"533.83654"	"533.836504"	"39"	""		"15863.88829"	"34591.0064"	"6d3.(2D2).7s"	""	"2"	""	"*"	"1"		""	"L5951"	
"533.86405"	"533.864047"	"86"	""		"13297.43316"	"32023.58511"	"6d3.(2G).7s"	"3G"	"4"	""	"*"	"5"		""	"L5951"	
"533.9896"	"533.989829"	"280"	""		"18053.617845"	"36775.3589"	"6d.7s2.7p"	"3F*"	"4"	""	""	"3"		""	"L3552"	
"534.049829"	"534.049833"	"520"	""		"16554.24283"	"35273.8804"	"6d3.(2H).7s"	"3H"	"6"	"6d3.7p"	"5G*"	"5"		""	"L5951"	
"534.0650"	"534.064747"	"1100"	""		"15863.88829"	"34583.0031"	"6d3.(2D2).7s"	""	"2"	""	"*"	"3"		""	"L3552"	
"534.11940"	"534.119330"	"79"	""		"20566.62381"	"39283.8257"	"6d2.7s.7p"	"5D*"	"4"	""	""	"4"		""	"L5951"	
"534.12134"	"534.121433"	"70"	""		"19986.16721"	"38703.2954"	"5f.6d2.7s"	"5H*"	"6"	"5f.6d.7s.7p"	"3l"	"7"		""	"L5951"	
"534.25482"	"534.254738"	"25"	""		"23032.986182"	"41745.4442"	"5f.7s2.7p"	"3G"	"4"	""	"*"	"4"		""	"L12239"	
"534.2665"	"534.26707"	"17"	""		"21252.60286"	"39964.6289"	""	"*"	"2"	""	""	"2"		""	"L12239"	
"534.2790"	"534.278657"	"19"	""		"18809.88631"	"37521.5066"	"6d2.7s.7p"	"5G*"	"4"	""	""	"3"		""	"L12239"	
"534.33592"	"534.335839"	"43"	""		"17501.17592"	"36210.7938"	"5f.6d2.7s"	"5I*"	"5"	""	""	"5"		""	"L18702"	
"534.358118"	"534.358119"	"11000"	""		"3687.987189"	"22396.82500"	"6d2.7s2"	""	"2"	""	"*"	"1"		""	"L18702"	
"534.4308"	"534.430804"	"15"	""		"18069.065569"	"36775.3589"	"6d.7s2.7p"	"1F*"	"3"	""	""	"3"		""	"L3552"	
"534.5241"	"534.523873"	"25"	""		"13962.51989"	"32665.5562"	"6d3.(2D2).7s"	""	"1"	""	"*"	"1"		""	"L3552"	
"534.5515"	"534.552124"	"17"	""		"19516.98043"	"38219.0283"	"6d2.7s.7p"	"5D*"	"2"	"6d4"	""	"2"		""	"L12239"	
"534.67649"	"534.676385"	"34"	""		"23015.15141"	"41712.8529"	""	"*"	"5"	""	""	"5"		""	"L5951"	
"534.75542"	"534.75539"	"35"	""		"20724.39599"	"39419.3351"	""	"*"	"0"	""	""	"1"		""	"L5951"	
"534.797111"	"534.797132"	"980"	""		"4961.658832"	"23655.13881"	"6d2.7s2"	"3F"	"4"	""	"*"	"4"		""	"L18702"	
"534.83092"	"534.830922"	"130"	""		"13088.56115"	"31780.86008"	"6d3.(2G).7s"	"3G"	"3"	""	"*"	"3"		""	"L5951"	
"534.8531"	"534.852967"	"15"	""		"22669.88918"	"41361.4177"	""	"*"	"3"	"5f.6d2.7p "	"5H"	"3"		""	"L12239"	
"534.90054"	"534.900519"	"320"	""		"10414.13700"	"29104.00388"	"5f.6d.7s2"	"1G*"	"4"	"6d4"	"3G"	"4"		""	"L5951"	
"534.9425"	"534.943011"	"15"	""		"13962.51989"	"32650.9022"	"6d3.(2D2).7s"	""	"1"	""	"*"	"1"		""	"L3552"	
"535.02049"	"535.020493"	"60"	""		"20566.62381"	"39252.2997"	"6d2.7s.7p"	"5D*"	"4"	""	""	"5"		""	"L5951"	
"535.112655"	"535.112654"	"1300"	""		"15618.98461"	"34301.44234"	"5f.6d2.7s"	"5H*"	"3"	""	""	"4"		""	"L18702"	
"535.13802"	"535.138090"	"27"	""		"14204.26476"	"32885.83448"	"6d3.(2G).7s"	""	"5"	""	"*"	"6"		""	"L5951"	
"535.18366"	"535.183645"	"380"	""		"11601.03035"	"30281.0099"	"6d3.(4P).7s"	"5P"	"1"	""	"*"	"1"		""	"L5951"	
"535.19960"	"535.199603"	"69"	""		"8111.004545"	"26790.42715"	"6d2.7s2"	"1G"	"4"	""	"*"	"4"		""	"L5951"	
"535.2272"	"535.226930"	"25"	""		"17411.224415"	"36089.6933"	"6d.7s2.7p"	"3D*"	"3"	""	""	"4"		""	"L3552"	
"535.2304"	"535.231444"	"15"	""		"22098.18793"	"40776.4993"	"5f.6d.7s.7p"	"5I"	"4"	""	"*"	"4"		""	"L3552"	
"535.29871"	"535.298692"	"200"	""		"12847.96912"	"31523.9340"	"6d3.(4P).7s"	"5P"	"3"	""	"*"	"3"		""	"L5951"	
"535.30727"	"535.307244"	"120*"	""		"17398.39526"	"36074.0618"	"6d3.(4F).7s"	""	"3"	""	"*"	"3"		""	"L5951"	
"535.30727"	"535.307357"	"120*"	""		"24084.94271"	"42760.6053"	"6d2.7s.7p"	"5G*"	"6"	""	""	"5"		""	"L5951"	
"535.31617"	"535.316186"	"33"	""		"9804.806547"	"28480.16113"	"6d3.(4F).7s"	"5F"	"5"	""	"*"	"4"		""	"L12239"	
"535.37100"	"535.370959"	"52"	""		"19588.36224"	"38261.8062"	"6d2.7s.7p"	"5G*"	"5"	""	""	"5"		""	"L5951"	
"535.3977"	"535.396643"	"25"	""		"21165.098037"	"39837.6462"	"5f.6d.7s2"	"3D*"	"3"	""	""	"3"		""	"L3552"	
"535.46016"	"535.460155"	"220"	""		"2869.259165"	"21539.59257"	"6d2.7s2"	"3F"	"3"	""	"*"	"4"		""	"L5951"	
"535.563638"	"535.563651"	"420"	""		"11877.839132"	"30544.56459"	"6d.7s2.7p"	"3D*"	"1"	""	""	"2"		""	"L18702"	
"535.61362"	"535.613597"	"36"	""		"15166.900593"	"33831.88538"	"6d2.7s.7p"	"5G*"	"3"	""	""	"4"		""	"L5951"	
"535.6278"	"535.628125"	"5"	""		"17398.39526"	"36062.8738"	"6d3.(4F).7s"	""	"3"	""	"*"	"4"		""	"L3552"	
"535.66703"	"535.667082"	"32"	""		"19227.33665"	"37890.4578"	"5f.6d2.7s"	"5I*"	"6"	""	""	"5"		""	"L5951"	
"535.7338"	"535.732808"	"10"	""		"21539.59257"	"40200.4241"	""	"*"	"4"	""	""	"3"		""	"L3552"	
"535.77408"	"535.774101"	"27"	""		"18574.61019"	"37234.0035"	"6d3.(2P).7s"	""	"1"	""	"*"	"2"		""	"L5951"	
"535.8081"	"535.808102"	"25"	""		"14204.26476"	"32862.47402"	"6d3.(2G).7s"	""	"5"	""	"*"	"4"		""	"L3552"	
"535.8415"	"535.841288"	"15"	""		"16783.84708"	"35440.9008"	"5f.6d2.7s"	"5I*"	"4"	"6d4"	""	"3"		""	"L3552"	
"535.8558"	"535.854685"	"10"	""		"16217.482038"	"34874.0693"	"6d.7s2.7p"	"1D*"	"2"	""	""	"3"		""	"L3552"	
"535.87059"	"535.870605"	"380"	""		"13297.43316"	"31953.46618"	"6d3.(2G).7s"	"3G"	"4"	""	"*"	"4"		""	"L5951"	
"535.87583"	"535.875910"	"32"	""		"13847.77037"	"32503.6187"	"6d3.(4F).7s"	"3F"	"2"	""	"*"	"2"		""	"L5951"	
"535.92289"	"535.922874"	"26"	""		"21645.85769"	"40300.0712"	"6d3.(2G).7s"	""	"4"	""	"*"	"4"		""	"L5951"	
"535.9430"	"535.943081"	"19"	""		"17224.302340"	"35877.8125"	"6d2.7s.7p"	"5F*"	"2"	"6d4"	""	"2"		""	"L12239"	
"535.982701"	"535.982702"	"420"	""		"11197.031257"	"29849.16255"	"5f.6d.7s2"	"3H*"	"5"	""	""	"4"		""	"L18702"	
"536.014998"	"536.014993"	"2200"	""		"3687.987189"	"22338.99484"	"6d2.7s2"	""	"2"	"5f.6d2.7s"	"5G*"	"3"		""	"L18702"	
"536.09886"	"536.09886"	"27"	""		"23355.37327"	"42003.4633"	"6d4"	"5D"	"3"	""	"*"	"3"		""	"L5951"	
"536.115584"	"536.115563"	"560"	""		"4961.658832"	"23609.16775"	"6d2.7s2"	"3F"	"4"	""	"*"	"5"		""	"L18702"	
"536.1783"	"536.178554"	"6"	""		"22855.29928"	"41500.6175"	""	"*"	"3"	""	""	"3"		""	"L12239"	
"536.257516"	"536.257516"	"790"	""		"3865.473772"	"22508.04658"	"6d2.7s2"	"3P"	"1"	"6d2.7s.7p"	"5P*"	"2"		""	"L18702"	
"536.35317"	"536.353159"	"44"	""		"18930.29333"	"37569.5418"	"6d2.7s.7p"	"3G*"	"3"	""	""	"2"		""	"L5951"	
"536.3880"	"536.38769"	"24"	""		"22248.94952"	"40886.9980"	""	"*"	"2"	""	""	"2"		""	"L3552"	
"536.3931"	"536.393384"	"24"	""		"16351.93901"	"34989.7897"	"6d2.7s2"	""	"0"	""	"*"	"1"		""	"L3552"	
"536.44444"	"536.444379"	"29"	""		"17411.224415"	"36047.3034"	"6d.7s2.7p"	"3D*"	"3"	""	""	"2"		""	"L12239"	
"536.46235"	"536.462336"	"80"	""		"23306.82782"	"41942.2830"	"5f.6d2.7s"	"3I*"	"6"	""	""	"5"		""	"L5951"	
"536.46870"	"536.468672"	"32"	""		"10783.15535"	"29418.39044"	"6d.7s2.7p"	"3F*"	"2"	""	""	"2"		""	"L5951"	
"536.4858"	"536.486118"	"15"	""		"20322.26571"	"38956.8948"	"5f.6d.7s2"	"1H*"	"5"	""	""	"4"		""	"L12239"	
"536.4985"	"536.498719"	"19"	""		"14465.221873"	"33099.41329"	"6d2.7s.7p"	"5G*"	"2"	""	""	"3"		""	"L3552"	
"536.54706"	"536.547051"	"200"	""		"23306.82782"	"41939.3407"	"5f.6d2.7s"	"3I*"	"6"	""	""	"5"		""	"L5951"	
"536.55246"	"536.552433"	"84"	""		"17501.17592"	"36133.5019"	"5f.6d2.7s"	"5I*"	"5"	""	""	"5"		""	"L5951"	
"536.5658"	"536.56550"	"18"	""		"22508.04658"	"41139.9188"	"6d2.7s.7p"	"5P*"	"2"	""	""	"2"		""	"L12239"	
"536.5913"	"536.591661"	"10"	""		"20322.26571"	"38953.2296"	"5f.6d.7s2"	"1H*"	"5"	""	""	"5"		""	"L3552"	
"536.6557"	"536.655245"	"9"	""		"19516.98043"	"38145.7369"	"6d2.7s.7p"	"5D*"	"2"	""	""	"3"		""	"L3552"	
"536.67067"	"536.670675"	"79"	""		"18930.29333"	"37558.5142"	"6d2.7s.7p"	"3G*"	"3"	""	""	"4"		""	"L5951"	
"536.7234"	"536.722561"	"250"	""		"22098.18793"	"40724.6080"	"5f.6d.7s.7p"	"5I"	"4"	""	"*"	"5"		""	"L3552"	
"536.7849"	"536.784728"	"15"	""		"21645.85769"	"40270.1206"	"6d3.(2G).7s"	""	"4"	""	"*"	"4"		""	"L3552"	
"536.84699"	"536.846922"	"46"	""		"24202.56462"	"42824.6699"	""	"*"	"4"	""	""	"4 or 5"		""	"L5951"	
"536.8651"	"536.865286"	"22"	""		"16783.84708"	"35405.3154"	"5f.6d2.7s"	"5I*"	"4"	""	""	"3"		""	"L12239"	
"536.928168"	"536.928172"	"900"	""		"5563.141519"	"24182.42887"	"6d3.(4F).7s"	"5F"	"1"	""	"*"	"2"		""	"L18702"	
"536.944698"	"536.944700"	"720"	""		"6362.395980"	"24981.11021"	"6d3.(4F).7s"	"5F"	"2"	""	"*"	"3"		""	"L18702"	
"536.98904"	"536.989022"	"46"	""		"21077.152101"	"39694.3296"	"6d2.7s.7p"	"5F*"	"5"	"5f.6d2.7p "	"5I"	"5"		""	"L5951"	
"537.0522"	"537.051909"	"25"	""		"20054.77119"	"38669.7687"	"6d3.(2F).7s"	"3F"	"2"	""	"*"	"2"		""	"L3552"	
"537.070951"	"537.070934"	"570"	""		"0.000000"	"18614.33811"	"6d2.7s2"	"3F"	"2"	"6d2.7s.7p"	"5D*"	"1"		""	"L18702"	
"537.11237"	"537.112427"	"61"	""		"13962.51989"	"32575.4200"	"6d3.(2D2).7s"	""	"1"	"6d3.7p"	"5G*"	"2"		""	"L18702"	
"537.1233"	"537.12297"	"18"	""		"21738.05013"	"40350.5849"	"5f.6d2.7s"	"5G*"	"2"	""	""	"3"		""	"L12239"	
"537.1678"	"537.167805"	"14"	""		"7502.287636"	"26113.26894"	"6d3.(4F).7s"	"5F"	"3"	""	"*"	"2"		""	"L3552"	
"537.19948"	"537.199663"	"97"	""		"18549.40528"	"37159.2829"	"6d3.(4P).7s"	""	"2"	""	"*"	"1"		""	"L12239"	
"537.2117"	"537.211782"	"14"	""		"18431.686609"	"37041.1444"	"5f.7s2.7p"	"3G"	"3"	""	"*"	"4"		""	"L3552"	
"537.2230"	"537.221871"	"4"	""		"21645.85769"	"40254.9660"	"6d3.(2G).7s"	""	"4"	""	"*"	"3"		""	"L3552"	
"537.24555"	"537.245456"	"49*"	""		"20566.62381"	"39174.9152"	"6d2.7s.7p"	"5D*"	"4"	""	""	"3"		""	"L5951"	
"537.270280"	"537.270265"	"820"	""		"11241.73043"	"29849.16255"	"5f.6d.7s2"	"3F*"	"3"	""	""	"4"		""	"L18702"	
"537.33936"	"537.339367"	"66"	""		"17073.80916"	"35678.8484"	"6d3.(4P).7s"	""	"1"	""	"*"	"1"		""	"L5951"	
"537.46351"	"537.46359"	"60"	""		"25336.49797"	"43937.2371"	""	"*"	"6"	""	""	"6"		""	"L5951"	
"537.482177"	"537.482178"	"1800"	""		"3865.473772"	"22465.56965"	"6d2.7s2"	"3P"	"1"	""	"*"	"0"		""	"L18702"	
"537.49985"	"537.499945"	"150"	""		"13175.113345"	"31774.59439"	"5f.6d.7s2"	"3G*"	"4"	""	""	"3"		""	"L5951"	
"537.54972"	"537.549670"	"54"	""		"19588.36224"	"38186.1228"	"6d2.7s.7p"	"5G*"	"5"	""	""	"4"		""	"L5951"	
"537.6366"	"537.635971"	"9"	""		"18809.88631"	"37404.6616"	"6d2.7s.7p"	"5G*"	"4"	""	""	"3"		""	"L3552"	
"537.6600"	"537.659846"	"19"	""		"19503.143490"	"38097.0931"	"6d2.7s.7p"	"5F*"	"3"	""	""	"2"		""	"L3552"	
"537.678090"	"537.678090"	"820"	""		"11241.73043"	"29835.04913"	"5f.6d.7s2"	"3F*"	"3"	""	""	"3"		""	"L18702"	
"537.79697"	"537.796937"	"50"	""		"14206.91694"	"32796.12677"	"5f.6d.7s2"	"3F*"	"4"	""	""	"3"		""	"L5951"	
"537.81696"	"537.816971"	"140"	""		"17501.17592"	"36089.6933"	"5f.6d2.7s"	"5I*"	"5"	""	""	"4"		""	"L5951"	
"537.883571"	"537.883563"	"1800"	""		"14481.86965"	"33068.08573"	"5f.6d.7s2"	"3H*"	"6"	""	""	"6"		""	"L18702"	
"537.911036"	"537.911041"	"3300"	""		"7795.275291"	"26380.54194"	"5f.6d.7s2"	"3H*"	"4"	"5f.6d.7s.7p"	"5H"	"5"		""	"L18702"	
"537.91835"	"537.917504"	"73"	""		"21252.60286"	"39837.6462"	""	"*"	"2"	""	""	"3"		""	"L12239"	
"537.92822"	"537.928232"	"41"	""		"18574.61019"	"37159.2829"	"6d3.(2P).7s"	""	"1"	""	"*"	"1"		""	"L5951"	
"537.93346"	"537.933126"	"28"	""		"18069.065569"	"36653.5692"	"6d.7s2.7p"	"1F*"	"3"	""	""	"2"		""	"L12239"	
"537.98849"	"537.988527"	"27"	""		"13088.56115"	"31671.1510"	"6d3.(2G).7s"	"3G"	"3"	""	"*"	"4"		""	"L5951"	
"538.13709"	"538.137100"	"140"	""		"10526.544406"	"29104.00388"	"5f.6d.7s2"	"3G*"	"3"	"6d4"	"3G"	"4"		""	"L5951"	
"538.21752"	"538.217519"	"89"	""		"14206.91694"	"32781.60068"	"5f.6d.7s2"	"3F*"	"4"	""	""	"4"		""	"L5951"	
"538.22314"	"538.223153"	"46"	""		"18574.61019"	"37149.0995"	"6d3.(2P).7s"	""	"1"	""	"*"	"2"		""	"L5951"	
"538.25339"	"538.254018"	"33"	""		"14032.085336"	"32605.50954"	"6d.7s2.7p"	"3D*"	"2"	""	""	"1"		""	"L12239"	
"538.2636"	"538.262243"	"19"	""		"23113.54761"	"41686.6880"	"5f.6d2.7s"	"5G*"	"4"	""	""	"3"		""	"L12239"	
"538.30546"	"538.305411"	"52"	""		"16217.482038"	"34789.1330"	"6d.7s2.7p"	"1D*"	"2"	""	""	"2"		""	"L5951"	
"538.43012"	"538.430133"	"270"	""		"17166.10472"	"35733.4538"	"6d3.(2H).7s"	"3H"	"5"	""	"*"	"4"		""	"L5951"	
"538.5013"	"538.501301"	"16"	""		"24259.77463"	"42824.6699"	""	"*"	"4"	""	""	"4 or 5"		""	"L12239"	
"538.50746"	"538.507449"	"37"	""		"18011.38030"	"36576.0636"	"5f.6d2.7s"	"5H*"	"5"	""	""	"4"		""	"L5951"	
"538.5364"	"538.535647"	"5"	""		"16554.24283"	"35117.9541"	"6d3.(2H).7s"	"3H"	"6"	""	"*"	"5 or 6"		""	"L12239"	
"538.61115"	"538.611149"	"33"	""		"15736.968041"	"34298.0771"	"6d2.7s.7p"	"5F*"	"1"	""	""	"1"		""	"L5951"	
"538.6149"	"538.615407"	"10"	""		"3687.987189"	"22248.94952"	"6d2.7s2"	""	"2"	""	"*"	"2"		""	"L3552"	
"538.661051"	"538.661031"	"4700bl"	""		"4961.658832"	"23521.04909"	"6d2.7s2"	"3F"	"4"	""	"*"	"3"		""	"L18702"	
"538.71521"	"538.715206"	"120"	""		"16217.482038"	"34775.0059"	"6d.7s2.7p"	"1D*"	"2"	""	""	"1"		""	"L5951"	
"538.73224"	"538.732262"	"29"	""		"25180.04445"	"43736.9808"	"5f.6d2.7s"	"*"	"7"	""	""	"6 or 7"		""	"L5951"	
"538.805076"	"538.805081"	"750"	""		"15166.900593"	"33721.32901"	"6d2.7s.7p"	"5G*"	"3"	""	""	"2"		""	"L5951"	
"539.042556"	"539.042553"	"2400"	""		"7502.287636"	"26048.54211"	"6d3.(4F).7s"	"5F"	"3"	""	"*"	"4"		""	"L18702"	
"539.0575"	"539.058593"	"11"	""		"20214.92997"	"38760.6326"	"6d2.7s.7p"	"5D*"	"3"	""	""	"4"		""	"L3552"	
"539.07582"	"539.075127"	"130"	""		"21539.59257"	"40084.7264"	""	"*"	"4"	""	""	"3"		""	"L12239"	
"539.2768"	"539.276427"	"15"	""		"22163.13360"	"40701.3450"	""	"*"	"4"	""	""	"4"		""	"L12239"	
"539.2894"	"539.28926"	"20"	""		"23113.54761"	"41651.3179"	"5f.6d2.7s"	"5G*"	"4"	""	""	"3"		""	"L12239"	
"539.31767"	"539.317663"	"100"	""		"12114.36618"	"30651.16019"	"5f.6d.7s2"	"1D*"	"2"	"6d4"	""	"3"		""	"L5951"	
"539.3259"	"539.326661"	"17"	""		"24701.04375"	"43237.5285"	""	"*"	"5"	""	""	"6"		""	"L12239"	
"539.38737"	"539.387280"	"180"	""		"8111.004545"	"26645.40609"	"6d2.7s2"	"1G"	"4"	""	"*"	"5"		""	"L5951"	
"539.397182"	"539.397172"	"850"	""		"7502.287636"	"26036.34930"	"6d3.(4F).7s"	"5F"	"3"	""	"*"	"3"		""	"L18702"	
"539.476065"	"539.476066"	"4100"	""		"3865.473772"	"22396.82500"	"6d2.7s2"	"3P"	"1"	""	"*"	"1"		""	"L18702"	
"539.52472"	"539.524874"	"27"	""		"20566.62381"	"39096.2986"	"6d2.7s.7p"	"5D*"	"4"	""	""	"4"		""	"L5951"	
"539.61127"	"539.611393"	"140"	""		"16346.64962"	"34873.3535"	"5f.6d2.7s"	"5H*"	"4"	""	""	"4"		""	"L5951"	
"539.6422"	"539.642243"	"24"	""		"25180.04445"	"43705.6892"	"5f.6d2.7s"	"*"	"7"	""	""	"6 or 7"		""	"L12239"	
"539.71306"	"539.712730"	"130"	""		"19832.1144"	"38355.3397"	""	""	"1"	""	"*"	"2"		""	"L12239"	
"539.7445"	"539.744244"	"28"	""		"15166.900593"	"33689.0444"	"6d2.7s.7p"	"5G*"	"3"	""	""	"2"		""	"L3552"	
"539.7499"	"539.750618"	"11"	""		"15970.09583"	"34492.0209"	"6d3.(2D2).7s"	""	"3"	""	"*"	"4"		""	"L3552"	
"539.7731"	"539.771997"	"5"	""		"21575.03713"	"40096.2286"	"6d3.(2P).7s"	""	"2"	""	"*"	"2"		""	"L3552"	
"539.78845"	"539.788503"	"64"	""		"19532.41646"	"38053.0416"	"6d3.(2F).7s"	"3F"	"4"	""	"*"	"3"		""	"L5951"	
"539.82047"	"539.820460"	"330"	""		"14032.085336"	"32551.61408"	"6d.7s2.7p"	"3D*"	"2"	""	""	"3"		""	"L5951"	
"539.85096"	"539.850954"	"46"	""		"19588.36224"	"38106.8449"	"6d2.7s.7p"	"5G*"	"5"	""	""	"5"		""	"L5951"	
"539.870147"	"539.870139"	"1300"	""		"6362.395980"	"24880.22058"	"6d3.(4F).7s"	"5F"	"2"	""	"*"	"1"		""	"L18702"	
"539.89005"	"539.890074"	"210"	""		"8800.249723"	"27317.39056"	"6d3.(4F).7s"	"5F"	"4"	""	"*"	"3"		""	"L18702"	
"539.892207"	"539.892212"	"940"	""		"16783.84708"	"35300.9146"	"5f.6d2.7s"	"5I*"	"4"	"5f.6d2.7p"	"5K"	"5"		""	"L18702"	
"539.917439"	"539.917440"	"1800"	""		"9804.806547"	"28321.00884"	"6d3.(4F).7s"	"5F"	"5"	""	"*"	"5"		""	"L18702"	
"539.9427"	"539.94199"	"45"	""		"21165.098037"	"39680.4585"	"5f.6d.7s2"	"3D*"	"3"	""	""	"2"		""	"L3552"	
"539.96218"	"539.962178"	"350"	""		"11241.73043"	"29756.39860"	"5f.6d.7s2"	"3F*"	"3"	""	""	"4"		""	"L5951"	
"540.01456"	"540.014562"	"430"	""		"13945.307389"	"32458.17957"	"6d.7s2.7p"	"3F*"	"3"	""	""	"4"		""	"L5951"	
"540.07761"	"540.077598"	"36"	""		"13088.56115"	"31599.2726"	"6d3.(2G).7s"	"3G"	"3"	""	"*"	"2"		""	"L5951"	
"540.15354"	"540.153544"	"57"	""		"15493.21943"	"34001.3283"	"6d3.(2H).7s"	"3H"	"4"	""	"*"	"4"		""	"L5951"	
"540.15853"	"540.158580"	"32"	""		"15863.88829"	"34371.8246"	"6d3.(2D2).7s"	""	"2"	""	"*"	"2"		""	"L5951"	
"540.1887"	"540.189076"	"4"	""		"22141.60454"	"40648.4960"	""	"*"	"3"	""	""	"4"		""	"L12239"	
"540.22768"	"540.227682"	"44"	""		"22399.39666"	"40904.9656"	"5f.6d2.7s"	"3I*"	"5"	""	""	"5"		""	"L5951"	
"540.319931"	"540.319952"	"760"	""		"16346.64962"	"34849.05842"	"5f.6d2.7s"	"5H*"	"4"	""	""	"5"		""	"L5951"	
"540.4704"	"540.470489"	"23"	""		"18809.88631"	"37307.1417"	"6d2.7s.7p"	"5G*"	"4"	"6d4"	""	"3"		""	"L12239"	
"540.5660"	"540.566011"	"22"	""		"19503.143490"	"37997.1303"	"6d2.7s.7p"	"5F*"	"3"	""	""	"2"		""	"L12239"	
"540.57869"	"540.578768"	"48"	""		"18809.88631"	"37303.4367"	"6d2.7s.7p"	"5G*"	"4"	""	""	"4"		""	"L5951"	
"540.67553"	"540.675520"	"220"	""		"16217.482038"	"34707.7231"	"6d.7s2.7p"	"1D*"	"2"	""	""	"3"		""	"L5951"	
"540.75615"	"540.756093"	"99"	""		"17398.39526"	"35885.8813"	"6d3.(4F).7s"	""	"3"	""	"*"	"2"		""	"L18702"	
"540.765355"	"540.765355"	"4900"	""		"11197.031257"	"29684.20065"	"5f.6d.7s2"	"3H*"	"5"	"5f.6d.7s.7p"	"5H"	"5"		""	"L18702"	
"540.87486"	"540.874849"	"88"	""		"13297.43316"	"31780.86008"	"6d3.(2G).7s"	"3G"	"4"	""	"*"	"3"		""	"L5951"	
"540.88642"	"540.88643"	"53"	""		"22515.88404"	"40998.9153"	"6d4"	"5D"	"2"	""	"*"	"1"		""	"L5951"	
"540.9304"	"540.930456"	"23"	""		"14481.86965"	"32963.39652"	"5f.6d.7s2"	"3H*"	"6"	""	""	"5"		""	"L3552"	
"540.9603"	"540.960200"	"11"	""		"18614.33811"	"37094.8488"	"6d2.7s.7p"	"5D*"	"1"	""	""	"2"		""	"L3552"	
"540.9935"	"540.99328"	"6"	""		"23916.89747"	"42396.2783"	""	"*"	"4"	""	""	"5"		""	"L12239"	
"541.03148"	"541.031434"	"36"	""		"11802.93238"	"30281.0099"	"6d3.(4P).7s"	"5P"	"2"	""	"*"	"1"		""	"L5951"	
"541.076878"	"541.076875"	"3700"	""		"6362.395980"	"24838.92167"	"6d3.(4F).7s"	"5F"	"2"	""	"*"	"1"		""	"L18702"	
"541.13111"	"541.131222"	"26"	""		"15493.21943"	"33967.8895"	"6d3.(2H).7s"	"3H"	"4"	""	"*"	"3"		""	"L12239"	
"541.1406"	"541.140062"	"17"	""		"18930.29333"	"37404.6616"	"6d2.7s.7p"	"3G*"	"3"	""	""	"3"		""	"L3552"	
"541.26708"	"541.26718"	"38"	""		"22669.88918"	"41139.9188"	""	"*"	"3"	""	""	"2"		""	"L5951"	
"541.2947"	"541.295898"	"4"	""		"15618.98461"	"34088.0343"	"5f.6d2.7s"	"5H*"	"3"	""	""	"2"		""	"L12239"	
"541.32502"	"541.325009"	"28"	""		"23277.38774"	"41745.4442"	"5f.6d.7s.7p"	"5I"	"5"	""	"*"	"4"		""	"L5951"	
"541.38064"	"541.380922"	"80bl"	""		"14243.993748"	"32710.14290"	"5f.6d.7s2"	"3P*"	"1"	""	""	"2"		""	"L5951"	
"541.39184"	"541.391833"	"77"	""		"8800.249723"	"27266.02670"	"6d3.(4F).7s"	"5F"	"4"	""	"*"	"4"		""	"L5951"	
"541.45246"	"541.452286"	"93*"	""		"19273.28060"	"37736.9959"	"6d3.(2P).7s"	""	"2"	""	"*"	"2"		""	"L5951"	
"541.4920"	"541.491971"	"28"	""		"18053.617845"	"36515.9800"	"6d.7s2.7p"	"3F*"	"4"	""	""	"3"		""	"L3552"	
"541.5124"	"541.512339"	"13"	""		"22399.39666"	"40861.0644"	"5f.6d2.7s"	"3I*"	"5"	""	""	"4"		""	"L12239"	
"541.552259"	"541.552261"	"1600"	""		"7795.275291"	"26255.58209"	"5f.6d.7s2"	"3H*"	"4"	""	""	"4"		""	"L18702"	
"541.55622"	"541.555532"	"120"	""		"15863.88829"	"34324.0836"	"6d3.(2D2).7s"	""	"2"	""	"*"	"2"		""	"L12239"	
"541.5711"	"541.571251"	"46"	""		"18699.62342"	"37159.2829"	"5f.7s2.7p"	"3F"	"2"	""	"*"	"1"		""	"L3552"	
"541.57719"	"541.576539"	"41"	""		"17073.80916"	"35533.2884"	"6d3.(4P).7s"	""	"1"	""	"*"	"2"		""	"L12239"	
"541.71888"	"541.719076"	"27"	""		"24701.04375"	"43155.6660"	""	"*"	"5"	""	""	"5"		""	"L5951"	
"541.72930"	"541.729510"	"48"	""		"21645.85769"	"40100.1245"	"6d3.(2G).7s"	""	"4"	""	"*"	"3"		""	"L5951"	
"541.748576"	"541.748576"	"12000"	""		"3687.987189"	"22141.60454"	"6d2.7s2"	""	"2"	""	"*"	"3"		""	"L18702"	
"541.78079"	"541.780832"	"98"	""		"11802.93238"	"30255.45106"	"6d3.(4P).7s"	"5P"	"2"	""	"*"	"3"		""	"L5951"	
"541.80792"	"541.80794"	"30"	""		"22508.04658"	"40959.6419"	"6d2.7s.7p"	"5P*"	"2"	""	""	"2"		""	"L5951"	
"541.82225"	"541.822261"	"51"	""		"13945.307389"	"32396.41519"	"6d.7s2.7p"	"3F*"	"3"	"6d4"	"3P1"	"2"		""	"L5951"	
"541.8702"	"541.870181"	"17"	""		"18699.62342"	"37149.0995"	"5f.7s2.7p"	"3F"	"2"	""	"*"	"2"		""	"L3552"	
"541.91285"	"541.912860"	"340"	""		"21077.152101"	"39525.1752"	"6d2.7s.7p"	"5F*"	"5"	""	""	"5"		""	"L5951"	
"541.9463"	"541.945429"	"5"	""		"18069.065569"	"36515.9800"	"6d.7s2.7p"	"1F*"	"3"	""	""	"3"		""	"L3552"	
"542.02266"	"542.022607"	"26*"	""		"20214.92997"	"38659.2178"	"6d2.7s.7p"	"5D*"	"3"	""	""	"2"		""	"L5951"	
"542.02266"	"542.02265"	"26*"	""		"23113.54761"	"41557.8339"	"5f.6d2.7s"	"5G*"	"4"	""	""	"3"		""	"L5951"	
"542.0451"	"542.044118"	"23"	""		"20566.62381"	"39010.1797"	"6d2.7s.7p"	"5D*"	"4"	""	""	"3"		""	"L3552"	
"542.16628"	"542.166300"	"240"	""		"15166.900593"	"33606.30012"	"6d2.7s.7p"	"5G*"	"3"	""	""	"2"		""	"L5951"	
"542.1966"	"542.196664"	"29"	""		"20322.26571"	"38760.6326"	"5f.6d.7s2"	"1H*"	"5"	""	""	"4"		""	"L3552"	
"542.2250"	"542.224891"	"11"	""		"13847.77037"	"32285.1774"	"6d3.(4F).7s"	"3F"	"2"	""	"*"	"3"		""	"L3552"	
"542.2847"	"542.284722"	"46"	""		"13088.56115"	"31523.9340"	"6d3.(2G).7s"	"3G"	"3"	""	"*"	"3"		""	"L3552"	
"542.29151"	"542.291425"	"42"	""		"12847.96912"	"31283.11407"	"6d3.(4P).7s"	"5P"	"3"	""	"*"	"3"		""	"L5951"	
"542.3323"	"542.332380"	"18"	""		"19948.395175"	"38382.1480"	"6d2.7s.7p"	"5F*"	"4"	""	""	"3"		""	"L12239"	
"542.34470"	"542.344644"	"99"	""		"24202.56462"	"42635.9006"	""	"*"	"4"	""	""	"5"		""	"L5951"	
"542.35035"	"542.350362"	"110"	""		"16783.84708"	"35216.98873"	"5f.6d2.7s"	"5I*"	"4"	""	""	"5"		""	"L5951"	
"542.400780"	"542.400783"	"2500"	""		"10414.13700"	"28845.56513"	"5f.6d.7s2"	"1G*"	"4"	"5f.6d.7s.7p"	"5H"	"4"		""	"L18702"	
"542.41397"	"542.41376"	"100*"	""		"26232.29174"	"44663.2790"	"5f.6d2.7s"	"3H*"	"6"	""	""	"6 or 7"		""	"L5951"	
"542.43702"	"542.436974"	"27"	""		"12114.36618"	"30544.56459"	"5f.6d.7s2"	"1D*"	"2"	""	""	"2"		""	"L5951"	
"542.47296"	"542.472987"	"110"	""		"26723.66908"	"45152.6440"	"5f.6d2.7s"	"5G*"	"6"	""	""	"6 or 7"		""	"L5951"	
"542.61705"	"542.617062"	"90"	""		"14226.82045"	"32650.9022"	"6d3.(2P).7s"	""	"0"	""	"*"	"1"		""	"L5951"	
"542.64075"	"542.640742"	"370"	""		"7280.123222"	"25703.40095"	"6d2.7s2"	""	"2"	""	"*"	"2"		""	"L5951"	
"542.6574"	"542.657235"	"57"	""		"17959.89498"	"36382.6128"	"6d3.(4F).7s"	"3F"	"4"	""	"*"	"4"		""	"L3552"	
"542.66221"	"542.662230"	"33"	""		"19532.41646"	"37954.9647"	"6d3.(2F).7s"	"3F"	"4"	""	"*"	"3"		""	"L5951"	
"542.7352"	"542.735400"	"11"	""		"17411.224415"	"35831.2890"	"6d.7s2.7p"	"3D*"	"3"	""	""	"3"		""	"L3552"	
"542.74768"	"542.747604"	"31"	""		"22163.13360"	"40582.7840"	""	"*"	"4"	""	""	"5"		""	"L5951"	
"542.76207"	"542.762081"	"120"	""		"13297.43316"	"31716.59227"	"6d3.(2G).7s"	"3G"	"4"	""	"*"	"5"		""	"L5951"	
"542.77679"	"542.776794"	"35"	""		"21143.42198"	"39562.0818"	"6d3.(2H).7s"	"1H"	"5"	""	"*"	"4"		""	"L5951"	
"542.79061"	"542.790866"	"28"	""		"19948.395175"	"38366.5775"	"6d2.7s.7p"	"5F*"	"4"	"6d4"	""	"4"		""	"L5951"	
"542.8069"	"542.807196"	"57"	""		"19532.41646"	"37950.0447"	"6d3.(2F).7s"	"3F"	"4"	""	"*"	"4"		""	"L3552"	
"542.91048"	"542.910487"	"210"	""		"17398.39526"	"35812.5195"	"6d3.(4F).7s"	""	"3"	""	"*"	"3"		""	"L5951"	
"543.0121"	"543.012050"	"17"	""		"21575.03713"	"39985.7173"	"6d3.(2P).7s"	""	"2"	""	"*"	"3"		""	"L3552"	
"543.0560"	"543.054896"	"16"	""		"11241.73043"	"29650.95804"	"5f.6d.7s2"	"3F*"	"3"	""	""	"2"		""	"L12239"	
"543.05978"	"543.059810"	"60"	""		"11877.839132"	"30286.90016"	"6d.7s2.7p"	"3D*"	"1"	""	""	"1"		""	"L5951"	
"543.08055"	"543.080380"	"26"	""		"10526.544406"	"28934.90819"	"5f.6d.7s2"	"3G*"	"3"	""	""	"3"		""	"L5951"	
"543.111180"	"543.111183"	"3100"	""		"6362.395980"	"24769.71573"	"6d3.(4F).7s"	"5F"	"2"	""	"*"	"3"		""	"L18702"	
"543.16054"	"543.160542"	"92"	""		"11802.93238"	"30208.5794"	"6d3.(4P).7s"	"5P"	"2"	""	"*"	"2"		""	"L5951"	
"543.2127"	"543.212219"	"11"	""		"19588.36224"	"37992.2583"	"6d2.7s.7p"	"5G*"	"5"	""	""	"4"		""	"L3552"	
"543.27377"	"543.273992"	"36"	""		"18809.88631"	"37211.6898"	"6d2.7s.7p"	"5G*"	"4"	""	""	"5"		""	"L5951"	
"543.27650"	"543.276198"	"92bl"	""		"15970.09583"	"34371.8246"	"6d3.(2D2).7s"	""	"3"	""	"*"	"2"		""	"L5951"	
"543.31292"	"543.312984"	"34"	""		"25336.49797"	"43736.9808"	""	"*"	"6"	""	""	"6 or 7"		""	"L5951"	
"543.38767"	"543.387696"	"76"	""		"15166.900593"	"33564.85352"	"6d2.7s.7p"	"5G*"	"3"	""	""	"3"		""	"L5951"	
"543.415146"	"543.415144"	"1400"	""		"8111.004545"	"26508.02820"	"6d2.7s2"	"1G"	"4"	""	"*"	"3"		""	"L18702"	
"543.6146"	"543.614681"	"6"	""		"20566.62381"	"38956.8948"	"6d2.7s.7p"	"5D*"	"4"	""	""	"4"		""	"L3552"	
"543.62319"	"543.623176"	"56"	""		"22399.39666"	"40789.3803"	"5f.6d2.7s"	"3I*"	"5"	""	""	"5"		""	"L5951"	
"543.6326"	"543.632113"	"12"	""		"19503.143490"	"37892.8248"	"6d2.7s.7p"	"5F*"	"3"	"5f.6d2.7p "	"5I"	"4"		""	"L3552"	
"543.6814"	"543.680072"	"12"	""		"20214.92997"	"38602.9891"	"6d2.7s.7p"	"5D*"	"3"	""	""	"2"		""	"L3552"	
"543.72310"	"543.723047"	"25"	""		"20566.62381"	"38953.2296"	"6d2.7s.7p"	"5D*"	"4"	""	""	"5"		""	"L5951"	
"543.7949"	"543.794955"	"19"	""		"20423.494218"	"38807.6687"	"6d.7s2.7p"	"3P*"	"1"	""	""	"2"		""	"L12239"	
"543.81374"	"543.813756"	"310"	""		"9804.806547"	"28188.34547"	"6d3.(4F).7s"	"5F"	"5"	""	"*"	"6"		""	"L5951"	
"543.82515"	"543.825190"	"43"	""		"17411.224415"	"35794.3768"	"6d.7s2.7p"	"3D*"	"3"	"6d4"	"3F1"	"4"		""	"L5951"	
"543.9495"	"543.94950"	"12"	""		"22508.04658"	"40886.9980"	"6d2.7s.7p"	"5P*"	"2"	""	""	"2"		""	"L3552"	
"543.98518"	"543.985187"	"280"	""		"21903.40831"	"40281.1539"	"5f.6d2.7s"	"5H*"	"7"	""	""	"7"		""	"L5951"	
"544.0116"	"544.011747"	"24"	""		"18930.29333"	"37307.1417"	"6d2.7s.7p"	"3G*"	"3"	"6d4"	""	"3"		""	"L3552"	
"544.0375"	"544.037872"	"20"	""		"19713.03109"	"38088.9970"	"6d3.(2F).7s"	"3F"	"3"	""	"*"	"2"		""	"L12239"	
"544.060140"	"544.060145"	"680"	""		"7502.287636"	"25877.50128"	"6d3.(4F).7s"	"5F"	"3"	""	"*"	"4"		""	"L18702"	
"544.0796"	"544.079805"	"18"	""		"15970.09583"	"34344.6455"	"6d3.(2D2).7s"	""	"3"	""	"*"	"4"		""	"L3552"	
"544.10441"	"544.104437"	"120"	""		"13297.43316"	"31671.1510"	"6d3.(2G).7s"	"3G"	"4"	""	"*"	"4"		""	"L5951"	
"544.12145"	"544.121450"	"320"	""		"18930.29333"	"37303.4367"	"6d2.7s.7p"	"3G*"	"3"	""	""	"4"		""	"L5951"	
"544.23855"	"544.238519"	"51"	""		"25336.49797"	"43705.6892"	""	"*"	"6"	""	""	"6 or 7"		""	"L5951"	
"544.3481"	"544.347661"	"6"	""		"19039.153374"	"37404.6616"	"6d.7s2.7p"	"3P*"	"2"	""	""	"3"		""	"L3552"	
"544.38257"	"544.382590"	"51"	""		"14032.085336"	"32396.41519"	"6d.7s2.7p"	"3D*"	"2"	"6d4"	"3P1"	"2"		""	"L5951"	
"544.38869"	"544.38873"	"25"	""		"28480.16113"	"46844.284"	""	"*"	"4"	""	""	"5"		""	"L5951"	
"544.4421"	"544.441282"	"6"	""		"22338.99484"	"40701.3450"	"5f.6d2.7s"	"5G*"	"3"	""	""	"4"		""	"L3552"	
"544.44787"	"544.447842"	"36"	""		"13175.113345"	"31537.24226"	"5f.6d.7s2"	"3G*"	"4"	""	""	"3"		""	"L5951"	
"544.5177"	"544.517459"	"20"	""		"18069.065569"	"36428.8469"	"6d.7s2.7p"	"1F*"	"3"	""	""	"2"		""	"L12239"	
"544.63221"	"544.632212"	"39"	""		"10526.544406"	"28882.45742"	"5f.6d.7s2"	"3G*"	"3"	""	""	"2"		""	"L5951"	
"544.6425"	"544.641363"	"15"	""		"21902.26981"	"40257.8744"	"5f.6d2.7s"	"3H*"	"4"	""	""	"4"		""	"L12239"	
"544.68936"	"544.689342"	"28"	""		"15970.09583"	"34324.0836"	"6d3.(2D2).7s"	""	"3"	""	"*"	"2"		""	"L5951"	
"544.7071"	"544.707092"	"6"	""		"22877.58322"	"41230.9729"	""	"*"	"5"	""	""	"4"		""	"L3552"	
"544.7417"	"544.741959"	"12"	""		"17224.302340"	"35576.5173"	"6d2.7s.7p"	"5F*"	"2"	""	""	"3"		""	"L3552"	
"544.82719"	"544.827178"	"130"	""		"13847.77037"	"32197.1148"	"6d3.(4F).7s"	"3F"	"2"	""	"*"	"3"		""	"L5951"	
"544.96527"	"544.965202"	"39"	""		"14206.91694"	"32551.61408"	"5f.6d.7s2"	"3F*"	"4"	""	""	"3"		""	"L5951"	
"545.0019"	"545.00052"	"14"	""		"23752.68579"	"42096.1941"	""	"*"	"2"	""	""	"3"		""	"L12239"	
"545.01497"	"545.014608"	"28"	""		"19273.28060"	"37616.3148"	"6d3.(2P).7s"	""	"2"	""	"*"	"1"		""	"L12239"	
"545.05104"	"545.051057"	"66"	""		"15490.077832"	"33831.88538"	"5f.6d.7s2"	"3G*"	"5"	""	""	"4"		""	"L5951"	
"545.06637"	"545.066379"	"49"	""		"21165.098037"	"39506.3900"	"5f.6d.7s2"	"3D*"	"3"	""	""	"3"		""	"L5951"	
"545.0740"	"545.074494"	"21"	""		"23015.15141"	"41356.1703"	""	"*"	"5"	""	""	"5"		""	"L12239"	
"545.0981"	"545.09773"	"6"	""		"22669.88918"	"41010.1262"	""	"*"	"3"	""	""	"3"		""	"L12239"	
"545.10896"	"545.108949"	"43"	""		"21645.85769"	"39985.7173"	"6d3.(2G).7s"	""	"4"	""	"*"	"3"		""	"L5951"	
"545.221868"	"545.221866"	"3800"	""		"9804.806547"	"28140.86799"	"6d3.(4F).7s"	"5F"	"5"	""	"*"	"4"		""	"L18702"	
"545.26036"	"545.260326"	"26"	""		"21902.26981"	"40237.0379"	"5f.6d2.7s"	"3H*"	"4"	""	""	"5"		""	"L5951"	
"545.3080"	"545.309485"	"14"	""		"23609.16775"	"41942.2830"	""	"*"	"5"	""	""	"5"		""	"L12239"	
"545.3300"	"545.329846"	"21"	""		"16554.24283"	"34886.6736"	"6d3.(2H).7s"	"3H"	"6"	""	"*"	"5"		""	"L12239"	
"545.35780"	"545.35788"	"36"	""		"23609.16775"	"41940.6560"	""	"*"	"5"	""	""	"4"		""	"L5951"	
"545.3686"	"545.368983"	"25"	""		"18431.686609"	"36762.8018"	"5f.7s2.7p"	"3G"	"3"	""	"*"	"3"		""	"L3552"	
"545.3757"	"545.375240"	"6"	""		"14465.221873"	"32796.12677"	"6d2.7s.7p"	"5G*"	"2"	""	""	"3"		""	"L3552"	
"545.49177"	"545.491715"	"25"	""		"22098.18793"	"40425.1788"	"5f.6d.7s.7p"	"5I"	"4"	""	"*"	"4"		""	"L5951"	
"545.62530"	"545.625378"	"75"	""		"18549.40528"	"36871.9066"	"6d3.(4P).7s"	""	"2"	""	"*"	"2"		""	"L5951"	
"545.6654"	"545.665268"	"51"	""		"18809.88631"	"37131.0482"	"6d2.7s.7p"	"5G*"	"4"	""	""	"3"		""	"L3552"	
"545.72907"	"545.729047"	"430"	""		"10526.544406"	"28845.56513"	"5f.6d.7s2"	"3G*"	"3"	"5f.6d.7s.7p"	"5H"	"4"		""	"L5951"	
"545.8492"	"545.848882"	"6"	""		"20214.92997"	"38529.9290"	"6d2.7s.7p"	"5D*"	"3"	""	""	"3"		""	"L3552"	
"545.91690"	"545.917046"	"39"	""		"13847.77037"	"32160.4826"	"6d3.(4F).7s"	"3F"	"2"	""	"*"	"2"		""	"L5951"	
"546.1019"	"546.101999"	"32"	""		"15493.21943"	"33799.7296"	"6d3.(2H).7s"	"3H"	"4"	""	"*"	"4"		""	"L3552"	
"546.1314"	"546.130867"	"19"	""		"16783.84708"	"35089.38959"	"5f.6d2.7s"	"5I*"	"4"	""	""	"3"		""	"L3552"	
"546.16358"	"546.163089"	"26"	""		"19588.36224"	"37892.8248"	"6d2.7s.7p"	"5G*"	"5"	"5f.6d2.7p "	"5I"	"4"		""	"L12239"	
"546.23372"	"546.233725"	"230"	""		"19588.36224"	"37890.4578"	"6d2.7s.7p"	"5G*"	"5"	""	""	"5"		""	"L5951"	
"546.33214"	"546.332164"	"150"	""		"17501.17592"	"35799.97381"	"5f.6d2.7s"	"5I*"	"5"	"5f.6d.7s.7p"	"3I"	"6"		""	"L5951"	
"546.37697"	"546.376997"	"120"	""		"18574.61019"	"36871.9066"	"6d3.(2P).7s"	""	"1"	""	"*"	"2"		""	"L5951"	
"546.420525"	"546.420524"	"1700"	""		"2869.259165"	"21165.098037"	"6d2.7s2"	"3F"	"3"	"5f.6d.7s2"	"3D*"	"3"		""	"L18702"	
"546.5082"	"546.509079"	"23"	""		"20867.97560"	"39160.8499"	"5f.6d2.7s"	"5I*"	"7"	""	""	"6"		""	"L12239"	
"546.5268"	"546.526746"	"34"	""		"15166.900593"	"33459.18355"	"6d2.7s.7p"	"5G*"	"3"	"5f.6d.7s.7p"	"3H"	"4"		""	"L3552"	
"546.53393"	"546.533938"	"76"	""		"24701.04375"	"42993.0860"	""	"*"	"5"	""	""	"6"		""	"L5951"	
"546.6010"	"546.60235"	"16"	""		"22669.88918"	"40959.6419"	""	"*"	"3"	""	""	"2"		""	"L12239"	
"546.6602"	"546.660157"	"34"	""		"18549.40528"	"36837.2241"	"6d3.(4P).7s"	""	"2"	""	"*"	"1"		""	"L3552"	
"546.68059"	"546.680324"	"42*"	""		"23655.13881"	"41942.2830"	""	"*"	"4"	""	""	"5"		""	"L5951"	
"546.68059"	"546.680704"	"42*"	""		"20423.494218"	"38710.6257"	"6d.7s2.7p"	"3P*"	"1"	""	""	"1"		""	"L5951"	
"546.71704"	"546.717058"	"120"	""		"18011.38030"	"36297.2958"	"5f.6d2.7s"	"5H*"	"5"	""	""	"4"		""	"L5951"	
"546.7403"	"546.740483"	"34"	""		"22141.60454"	"40426.7366"	""	"*"	"3"	""	""	"4"		""	"L3552"	
"546.8166"	"546.816658"	"13"	""		"18053.617845"	"36336.2027"	"6d.7s2.7p"	"3F*"	"4"	""	""	"3"		""	"L3552"	
"546.8569"	"546.856077"	"6"	""		"19503.143490"	"37784.4105"	"6d2.7s.7p"	"5F*"	"3"	""	""	"2"		""	"L3552"	
"546.91965"	"546.919689"	"40"	""		"22669.88918"	"40949.0299"	""	"*"	"3"	""	""	"3"		""	"L5951"	
"547.01460"	"547.014606"	"170"	""		"18809.88631"	"37085.8553"	"6d2.7s.7p"	"5G*"	"4"	""	""	"4"		""	"L5951"	
"547.02439"	"547.024484"	"27"	""		"19986.16721"	"38261.8062"	"5f.6d2.7s"	"5H*"	"6"	""	""	"5"		""	"L5951"	
"547.075906"	"547.075912"	"1400"	""		"8111.004545"	"26384.92556"	"6d2.7s2"	"1G"	"4"	""	"*"	"4"		""	"L18702"	
"547.25355"	"547.253581"	"66"	""		"19039.153374"	"37307.1417"	"6d.7s2.7p"	"3P*"	"2"	"6d4"	""	"3"		""	"L5951"	
"547.27040"	"547.270121"	"28*"	""		"23093.98148"	"41361.4177"	""	"*"	"2"	"5f.6d2.7p "	"5H"	"3"		""	"L5951"	
"547.27040"	"547.270306"	"28*"	""		"19516.98043"	"37784.4105"	"6d2.7s.7p"	"5D*"	"2"	""	""	"2"		""	"L5951"	
"547.38511"	"547.384985"	"24"	""		"22163.13360"	"40426.7366"	""	"*"	"4"	""	""	"4"		""	"L12239"	
"547.3965"	"547.397846"	"10"	""		"25890.39529"	"44153.5692"	""	""	"2"	""	"*"	"2"		""	"L12239"	
"547.4145"	"547.414632"	"13"	""		"18574.61019"	"36837.2241"	"6d3.(2P).7s"	""	"1"	""	"*"	"1"		""	"L3552"	
"547.473425"	"547.473434"	"430"	""		"8243.602091"	"26504.25448"	"5f.6d.7s2"	"3F*"	"2"	"6d3.(2D1).7s"	"1D"	"2"		""	"L18702"	
"547.5759"	"547.575815"	"23"	""		"19713.03109"	"37970.2693"	"6d3.(2F).7s"	"3F"	"3"	""	"*"	"2"		""	"L12239"	
"547.64857"	"547.648589"	"63*"	""		"17073.80916"	"35328.6213"	"6d3.(4P).7s"	""	"1"	""	"*"	"1"		""	"L5951"	
"547.64857"	"547.648740"	"63*"	""		"11877.839132"	"30132.64625"	"6d.7s2.7p"	"3D*"	"1"	""	""	"2"		""	"L5951"	
"547.75522"	"547.755097"	"120"	""		"14206.91694"	"32458.17957"	"5f.6d.7s2"	"3F*"	"4"	""	""	"4"		""	"L5951"	
"547.87446"	"547.874467"	"120"	""		"15863.88829"	"34111.1744"	"6d3.(2D2).7s"	""	"2"	""	"*"	"1"		""	"L5951"	
"547.8906"	"547.89015"	"20"	""		"25690.47345"	"43937.2371"	""	"*"	"5"	""	""	"6"		""	"L12239"	
"547.907512"	"547.907463"	"480"	""		"7280.123222"	"25526.31045"	"6d2.7s2"	""	"2"	""	"*"	"1"		""	"L5951"	
"547.9462"	"547.946222"	"57"	""		"19503.143490"	"37748.0401"	"6d2.7s.7p"	"5F*"	"3"	""	""	"2"		""	"L3552"	
"548.1211"	"548.121348"	"36"	""		"16351.93901"	"34591.0064"	"6d2.7s2"	""	"0"	""	"*"	"1"		""	"L3552"	
"548.14813"	"548.148112"	"70*"	""		"22399.39666"	"40637.5735"	"5f.6d2.7s"	"3I*"	"5"	""	""	"6"		""	"L5951"	
"548.1612"	"548.161614"	"14"	""		"19948.395175"	"38186.1228"	"6d2.7s.7p"	"5F*"	"4"	""	""	"4"		""	"L3552"	
"548.18309"	"548.183076"	"25"	""		"19713.03109"	"37950.0447"	"6d3.(2F).7s"	"3F"	"3"	""	"*"	"4"		""	"L12239"	
"548.25016"	"548.250169"	"190"	""		"14204.26476"	"32439.0466"	"6d3.(2G).7s"	""	"5"	""	"*"	"4"		""	"L5951"	
"548.2911"	"548.291115"	"23"	""		"24032.22651"	"42265.6466"	"5f.6d.7s.7p"	"5G"	"4"	""	"*"	"4"		""	"L12239"	
"548.31446"	"548.314456"	"59"	""		"13847.77037"	"32080.4143"	"6d3.(4F).7s"	"3F"	"2"	""	"*"	"1"		""	"L5951"	
"548.3623"	"548.362105"	"22"	""		"19516.98043"	"37748.0401"	"6d2.7s.7p"	"5D*"	"2"	""	""	"2"		""	"L3552"	
"548.3709"	"548.371180"	"14"	""		"19588.36224"	"37819.1202"	"6d2.7s.7p"	"5G*"	"5"	""	""	"4"		""	"L3552"	
"548.38863"	"548.38871"	"36"	""		"23355.37327"	"41585.5483"	"6d4"	"5D"	"3"	""	"*"	"2"		""	"L5951"	
"548.44729"	"548.447224"	"35"	""		"18069.065569"	"36297.2958"	"6d.7s2.7p"	"1F*"	"3"	""	""	"4"		""	"L5951"	
"548.45597"	"548.455981"	"130"	""		"12847.96912"	"31075.9083"	"6d3.(4P).7s"	"5P"	"3"	""	"*"	"2"		""	"L5951"	
"548.4626"	"548.462594"	"14"	""		"21645.85769"	"39873.5771"	"6d3.(2G).7s"	""	"4"	""	"*"	"5"		""	"L12239"	
"548.49928"	"548.499263"	"73"	""		"13297.43316"	"31523.9340"	"6d3.(2G).7s"	"3G"	"4"	""	"*"	"3"		""	"L5951"	
"548.5714"	"548.571399"	"29"	""		"20054.77119"	"38278.8753"	"6d3.(2F).7s"	"3F"	"2"	""	"*"	"1"		""	"L3552"	
"548.65028"	"548.65024"	"270"	""		"20214.92997"	"38436.4152"	"6d2.7s.7p"	"5D*"	"3"	""	""	"2"		""	"L12239"	
"548.75088"	"548.750849"	"60"	""		"17959.89498"	"36178.0396"	"6d3.(4F).7s"	"3F"	"4"	""	"*"	"4"		""	"L5951"	
"548.78415"	"548.784135"	"120"	""		"13945.307389"	"32162.34702"	"6d.7s2.7p"	"3F*"	"3"	""	""	"2"		""	"L5951"	
"548.79749"	"548.797426"	"57"	""		"17224.302340"	"35440.9008"	"6d2.7s.7p"	"5F*"	"2"	"6d4"	""	"3"		""	"L5951"	
"548.8208"	"548.820834"	"15"	""		"23015.15141"	"41230.9729"	""	"*"	"5"	""	""	"4"		""	"L12239"	
"548.87072"	"548.870765"	"66"	""		"11802.93238"	"30017.09677"	"6d3.(4P).7s"	"5P"	"2"	""	"*"	"3"		""	"L5951"	
"548.8795"	"548.880033"	"22"	""		"16217.482038"	"34431.3389"	"6d.7s2.7p"	"1D*"	"2"	""	""	"3"		""	"L3552"	
"548.89410"	"548.89391"	"30"	""		"18549.40528"	"36762.8018"	"6d3.(4P).7s"	""	"2"	""	"*"	"3"		""	"L18702"	
"548.90885"	"548.908847"	"320"	""		"15618.98461"	"33831.88538"	"5f.6d2.7s"	"5H*"	"3"	""	""	"4"		""	"L5951"	
"549.23321"	"549.233194"	"290"	""		"3687.987189"	"21890.13254"	"6d2.7s2"	""	"2"	""	"*"	"3"		""	"L18702"	
"549.24107"	"549.241102"	"320"	""		"22098.18793"	"40300.0712"	"5f.6d.7s.7p"	"5I"	"4"	""	"*"	"4"		""	"L5951"	
"549.264334"	"549.264337"	"2800"	""		"7502.287636"	"25703.40095"	"6d3.(4F).7s"	"5F"	"3"	""	"*"	"2"		""	"L18702"	
"549.29108"	"549.291118"	"35"	""		"17847.07751"	"36047.3034"	"5f.6d.7s2"	"3P*"	"2"	""	""	"2"		""	"L5951"	
"549.31549"	"549.315638"	"49"	""		"18011.38030"	"36210.7938"	"5f.6d2.7s"	"5H*"	"5"	""	""	"5"		""	"L5951"	
"549.320404"	"549.320398"	"970"	""		"6362.395980"	"24561.65178"	"6d3.(4F).7s"	"5F"	"2"	""	"*"	"3"		""	"L18702"	
"549.35942"	"549.359431"	"35"	""		"13962.51989"	"32160.4826"	"6d3.(2D2).7s"	""	"1"	""	"*"	"2"		""	"L5951"	
"549.39698"	"549.397485"	"34"	""		"17224.302340"	"35421.0046"	"6d2.7s.7p"	"5F*"	"2"	""	""	"1"		""	"L12239"	
"549.433059"	"549.433057"	"1300"	""		"8800.249723"	"26995.77389"	"6d3.(4F).7s"	"5F"	"4"	""	"*"	"3"		""	"L18702"	
"549.4625"	"549.462386"	"21"	""		"13088.56115"	"31283.11407"	"6d3.(2G).7s"	"3G"	"3"	""	"*"	"3"		""	"L12239"	
"549.4797"	"549.478819"	"15"	""		"20566.62381"	"38760.6326"	"6d2.7s.7p"	"5D*"	"4"	""	""	"4"		""	"L3552"	
"549.613688"	"549.613687"	"2200"	""		"5563.141519"	"23752.68579"	"6d3.(4F).7s"	"5F"	"1"	""	"*"	"2"		""	"L18702"	
"549.7401"	"549.740954"	"15"	""		"17166.10472"	"35351.4381"	"6d3.(2H).7s"	"3H"	"5"	""	"*"	"4"		""	"L3552"	
"549.79981"	"549.799790"	"42"	""		"22399.39666"	"40582.7840"	"5f.6d2.7s"	"3I*"	"5"	""	""	"5"		""	"L5951"	
"549.87171"	"549.871589"	"32"	""		"17224.302340"	"35405.3154"	"6d2.7s.7p"	"5F*"	"2"	""	""	"3"		""	"L5951"	
"549.925521"	"549.925519"	"11000"	""		"2558.056752"	"20737.28686"	"6d2.7s2"	"3P"	"0"	""	"*"	"1"		""	"L18702"	
"549.964763"	"549.964756"	"670"	""		"5563.141519"	"23741.07467"	"6d3.(4F).7s"	"5F"	"1"	""	"*"	"1"		""	"L18702"	
"550.00329"	"550.003277"	"75"	""		"11241.73043"	"29418.39044"	"5f.6d.7s2"	"3F*"	"3"	""	""	"2"		""	"L5951"	
"550.128149"	"550.128155"	"680"	""		"12114.36618"	"30286.90016"	"5f.6d.7s2"	"1D*"	"2"	""	""	"1"		""	"L5951"	
"550.17024"	"550.170227"	"36"	""		"12847.96912"	"31019.11347"	"6d3.(4P).7s"	"5P"	"3"	""	"*"	"4"		""	"L5951"	
"550.27193"	"550.271958"	"30"	""		"20566.62381"	"38734.4088"	"6d2.7s.7p"	"5D*"	"4"	""	""	"3"		""	"L5951"	
"550.30258"	"550.302416"	"38"	""		"20543.84624"	"38710.6257"	"6d.7s2.7p"	"3P*"	"0"	""	""	"1"		""	"L12239"	
"550.3387"	"550.336968"	"7"	""		"23521.04909"	"41686.6880"	""	"*"	"3"	""	""	"3"		""	"L12239"	
"550.3473"	"550.347451"	"23"	""		"17411.224415"	"35576.5173"	"6d.7s2.7p"	"3D*"	"3"	""	""	"3"		""	"L3552"	
"550.3698"	"550.369794"	"15"	""		"18930.29333"	"37094.8488"	"6d2.7s.7p"	"3G*"	"3"	""	""	"2"		""	"L3552"	
"550.430201"	"550.430192"	"2800"	""		"7280.123222"	"25442.68552"	"6d2.7s2"	""	"2"	""	"*"	"3"		""	"L18702"	
"550.5547"	"550.554856"	"15"	""		"19948.395175"	"38106.8449"	"6d2.7s.7p"	"5F*"	"4"	""	""	"5"		""	"L3552"	
"550.5934"	"550.593480"	"38"	""		"18053.617845"	"36210.7938"	"6d.7s2.7p"	"3F*"	"4"	""	""	"5"		""	"L3552"	
"550.6078"	"550.60783"	"38"	""		"23015.15141"	"41171.8541"	""	"*"	"5"	""	""	"5"		""	"L3552"	
"550.6423"	"550.642426"	"23"	""		"18930.29333"	"37085.8553"	"6d2.7s.7p"	"3G*"	"3"	""	""	"4"		""	"L3552"	
"550.6676"	"550.667448"	"7"	""		"21539.59257"	"39694.3296"	""	"*"	"4"	"5f.6d2.7p "	"5I"	"5"		""	"L3552"	
"550.69196"	"550.691965"	"400"	""		"19588.36224"	"37742.2910"	"6d2.7s.7p"	"5G*"	"5"	""	""	"6"		""	"L5951"	
"550.7295"	"550.728782"	"7"	""		"10526.544406"	"28679.25957"	"5f.6d.7s2"	"3G*"	"3"	""	""	"2"		""	"L3552"	
"550.753854"	"550.753855"	"700"	""		"4961.658832"	"23113.54761"	"6d2.7s2"	"3F"	"4"	"5f.6d2.7s"	"5G*"	"4"		""	"L18702"	
"550.75806"	"550.757980"	"72"	""		"10783.15535"	"28934.90819"	"6d.7s2.7p"	"3F*"	"2"	""	""	"3"		""	"L5951"	
"550.80516"	"550.805146"	"40"	""		"21902.26981"	"40052.4683"	"5f.6d2.7s"	"3H*"	"4"	""	""	"4"		""	"L5951"	
"550.855849"	"550.855850"	"540"	""		"10414.13700"	"28562.66485"	"5f.6d.7s2"	"1G*"	"4"	""	""	"4"		""	"L18702"	
"550.9102"	"550.911268"	"19"	""		"23609.16775"	"41755.8700"	""	"*"	"5"	""	""	"4"		""	"L12239"	
"550.999360"	"550.999362"	"5400"	""		"9804.806547"	"27948.60753"	"6d3.(4F).7s"	"5F"	"5"	""	"*"	"4"		""	"L18702"	
"551.03742"	"551.037442"	"56"	""		"12847.96912"	"30990.51628"	"6d3.(4P).7s"	"5P"	"3"	""	"*"	"3"		""	"L5951"	
"551.04974"	"551.049740"	"110"	""		"15166.900593"	"33309.04285"	"6d2.7s.7p"	"5G*"	"3"	""	""	"2"		""	"L5951"	
"551.10608"	"551.106078"	"120"	""		"14465.221873"	"32605.50954"	"6d2.7s.7p"	"5G*"	"2"	""	""	"1"		""	"L5951"	
"551.27003"	"551.270015"	"50"	""		"17398.39526"	"35533.2884"	"6d3.(4F).7s"	""	"3"	""	"*"	"2"		""	"L5951"	
"551.3084"	"551.308510"	"15"	""		"20566.62381"	"38700.2507"	"6d2.7s.7p"	"5D*"	"4"	""	""	"4"		""	"L3552"	
"551.3370"	"551.337316"	"15"	""		"17501.17592"	"35633.8554"	"5f.6d2.7s"	"5I*"	"5"	""	""	"4"		""	"L3552"	
"551.487297"	"551.487296"	"3500"	""		"7795.275291"	"25923.02352"	"5f.6d.7s2"	"3H*"	"4"	"6d4"	"3H"	"4"		""	"L18702"	
"551.5845"	"551.584666"	"31"	""		"19532.41646"	"37656.9647"	"6d3.(2F).7s"	"3F"	"4"	""	"*"	"3"		""	"L3552"	
"551.65845"	"551.658526"	"25"	""		"18011.38030"	"36133.5019"	"5f.6d2.7s"	"5H*"	"5"	""	""	"5"		""	"L5951"	
"551.7455"	"551.745736"	"31"	""		"18549.40528"	"36668.6625"	"6d3.(4P).7s"	""	"2"	""	"*"	"2"		""	"L3552"	
"551.7618"	"551.761862"	"18"	""		"21165.098037"	"39283.8257"	"5f.6d.7s2"	"3D*"	"3"	""	""	"4"		""	"L12239"	
"551.8152"	"551.816558"	"12i"	""		"24769.71573"	"42886.6475"	""	"*"	"3"	""	""	"4 or 5"		""	"L12239"	
"551.898957"	"551.898941"	"640"	""		"16346.64962"	"34460.87707"	"5f.6d2.7s"	"5H*"	"4"	""	""	"5"		""	"L18702"	
"551.92354"	"551.923534"	"310"	""		"15490.077832"	"33603.49814"	"5f.6d.7s2"	"3G*"	"5"	""	""	"6"		""	"L5951"	
"552.07497"	"552.07504"	"50"	""		"23521.04909"	"41629.4986"	""	"*"	"3"	""	""	"2"		""	"L5951"	
"552.0955"	"552.095583"	"14"	""		"17166.10472"	"35273.8804"	"6d3.(2H).7s"	"3H"	"5"	"6d3.7p"	"5G*"	"5"		""	"L12239"	
"552.14522"	"552.145414"	"32"	""		"13088.56115"	"31194.70265"	"6d3.(2G).7s"	"3G"	"3"	"5f.6d3"	"5I*"	"4"		""	"L12239"	
"552.175325"	"552.175302"	"500"	""		"19227.33665"	"37332.4981"	"5f.6d2.7s"	"5I*"	"6"	"5f.6d2.7p "	"5K "	"6"		""	"L5951"	
"552.21070"	"552.210690"	"30"	""		"15863.88829"	"33967.8895"	"6d3.(2D2).7s"	""	"2"	""	"*"	"3"		""	"L5951"	
"552.2416"	"552.241877"	"24"	""		"17959.89498"	"36062.8738"	"6d3.(4F).7s"	"3F"	"4"	""	"*"	"4"		""	"L3552"	
"552.26118"	"552.261231"	"28"	""		"15618.98461"	"33721.32901"	"5f.6d2.7s"	"5H*"	"3"	""	""	"2"		""	"L5951"	
"552.31676"	"552.316755"	"85"	""		"16346.64962"	"34447.17423"	"5f.6d2.7s"	"5H*"	"4"	""	""	"4"		""	"L5951"	
"552.32724"	"552.32718"	"27"	""		"26723.66908"	"44823.8521"	"5f.6d2.7s"	"5G*"	"6"	""	""	"5 or 6"		""	"L5951"	
"552.3451"	"552.345090"	"40"	""		"21738.05013"	"39837.6462"	"5f.6d2.7s"	"5G*"	"2"	""	""	"3"		""	"L3552"	
"552.35419"	"552.354063"	"30"	""		"10783.15535"	"28882.45742"	"6d.7s2.7p"	"3F*"	"2"	""	""	"2"		""	"L5951"	
"552.39527"	"552.395244"	"30"	""		"15493.21943"	"33591.1722"	"6d3.(2H).7s"	"3H"	"4"	"6d3.7p"	"5G*"	"3"		""	"L5951"	
"552.458262"	"552.458262"	"1100"	""		"13175.113345"	"31271.00174"	"5f.6d.7s2"	"3G*"	"4"	""	""	"5"		""	"L18702"	
"552.51578"	"552.515777"	"110"	""		"21903.40831"	"39997.4130"	"5f.6d2.7s"	"5H*"	"7"	""	""	"6"		""	"L5951"	
"552.5799"	"552.580212"	"16"	""		"19039.153374"	"37131.0482"	"6d.7s2.7p"	"3P*"	"2"	""	""	"3"		""	"L3552"	
"552.60950"	"552.61019"	"25"	""		"19516.98043"	"37607.8939"	"6d2.7s.7p"	"5D*"	"2"	""	""	"1"		""	"L12239"	
"552.62413"	"552.62404"	"26"	""		"23049.45870"	"41139.9188"	""	"*"	"1"	""	""	"2"		""	"L12239"	
"552.63134"	"552.631303"	"32"	""		"16783.84708"	"34874.0693"	"5f.6d2.7s"	"5I*"	"4"	""	""	"3"		""	"L5951"	
"552.64365"	"552.643636"	"39"	""		"14204.26476"	"32294.0833"	"6d3.(2G).7s"	""	"5"	""	"*"	"4"		""	"L5951"	
"552.65315"	"552.653171"	"130"	""		"16783.84708"	"34873.3535"	"5f.6d2.7s"	"5I*"	"4"	""	""	"4"		""	"L5951"	
"552.6983"	"552.697448"	"8"	""		"20922.12244"	"39010.1797"	""	"*"	"2"	""	""	"3"		""	"L3552"	
"552.7074"	"552.707089"	"16"	""		"22338.99484"	"40426.7366"	"5f.6d2.7s"	"5G*"	"3"	""	""	"4"		""	"L3552"	
"552.729515"	"552.729534"	"530"	""		"14206.91694"	"32293.92422"	"5f.6d.7s2"	"3F*"	"4"	""	""	"5"		""	"L18702"	
"552.74832"	"552.748331"	"67*"	""		"14465.221873"	"32551.61408"	"6d2.7s.7p"	"5G*"	"2"	""	""	"3"		""	"L5951"	
"552.74832"	"552.748362"	"67*"	""		"17411.224415"	"35497.6156"	"6d.7s2.7p"	"3D*"	"3"	""	""	"2"		""	"L5951"	
"552.80039"	"552.800380"	"56*"	""		"16346.64962"	"34431.3389"	"5f.6d2.7s"	"5H*"	"4"	""	""	"3"		""	"L5951"	
"552.822750"	"552.822732"	"560"	""		"11877.839132"	"29961.79723"	"6d.7s2.7p"	"3D*"	"1"	""	""	"1"		""	"L18702"	
"552.83059"	"552.830689"	"66"	""		"21077.152101"	"39160.8499"	"6d2.7s.7p"	"5F*"	"5"	""	""	"6"		""	"L5951"	
"552.87281"	"552.87282"	"33"	""		"25405.16237"	"43487.4820"	"5f.6d.7s.7p"	"5H"	"4"	""	"*"	"4"		""	"L5951"	
"552.90973"	"552.909724"	"250"	""		"17501.17592"	"35582.2888"	"5f.6d2.7s"	"5I*"	"5"	""	""	"5"		""	"L5951"	
"552.9472"	"552.947304"	"23"	""		"18053.617845"	"36133.5019"	"6d.7s2.7p"	"3F*"	"4"	""	""	"5"		""	"L12239"	
"553.00764"	"553.007622"	"130"	""		"8800.249723"	"26878.16179"	"6d3.(4F).7s"	"5F"	"4"	"6d2.7s.7p"	"3G*"	"3"		""	"L5951"	
"553.0843"	"553.084267"	"16"	""		"18809.88631"	"36885.2932"	"6d2.7s.7p"	"5G*"	"4"	""	""	"4"		""	"L3552"	
"553.1483"	"553.148170"	"8"	""		"19532.41646"	"37605.7352"	"6d3.(2F).7s"	"3F"	"4"	""	"*"	"4"		""	"L3552"	
"553.15722"	"553.15724"	"39"	""		"24701.04375"	"42774.0660"	""	"*"	"5"	""	""	"6"		""	"L5951"	
"553.2481"	"553.247931"	"8"	""		"15618.98461"	"33689.0444"	"5f.6d2.7s"	"5H*"	"3"	""	""	"2"		""	"L3552"	
"553.2680"	"553.269109"	"13"	""		"22508.04658"	"40577.4147"	"6d2.7s.7p"	"5P*"	"2"	""	""	"2"		""	"L12239"	
"553.27830"	"553.278373"	"140"	""		"0.000000"	"18069.065569"	"6d2.7s2"	"3F"	"2"	"6d.7s2.7p"	"1F*"	"3"		""	"L12239"	
"553.32175"	"553.321707"	"170"	""		"13945.307389"	"32012.95790"	"6d.7s2.7p"	"3F*"	"3"	""	""	"4"		""	"L5951"	
"553.32524"	"553.325251"	"160"	""		"5563.141519"	"23630.6763"	"6d3.(4F).7s"	"5F"	"1"	""	"*"	"0"		""	"L5951"	
"553.3467"	"553.346690"	"40"	""		"15493.21943"	"33560.0542"	"6d3.(2H).7s"	"3H"	"4"	""	"*"	"4"		""	"L3552"	
"553.36080"	"553.361047"	"25"	""		"17354.638583"	"35421.0046"	"5f.6d.7s2"	"3D*"	"1"	""	""	"1"		""	"L5951"	
"553.3963"	"553.396417"	"32"	""		"16783.84708"	"34849.05842"	"5f.6d2.7s"	"5I*"	"4"	""	""	"5"		""	"L3552"	
"553.4439"	"553.443968"	"40"	""		"17398.39526"	"35462.0545"	"6d3.(4F).7s"	""	"3"	""	"*"	"3"		""	"L3552"	
"553.45862"	"553.458701"	"28"	""		"18699.62342"	"36762.8018"	"5f.7s2.7p"	"3F"	"2"	""	"*"	"3"		""	"L5951"	
"553.5696"	"553.569545"	"12"	""		"24701.04375"	"42760.6053"	""	"*"	"5"	""	""	"5"		""	"L12239"	
"553.59711"	"553.597100"	"230"	""		"6362.395980"	"24421.05861"	"6d3.(4F).7s"	"5F"	"2"	""	"*"	"3"		""	"L5951"	
"553.63321"	"553.633233"	"54"	""		"25180.04445"	"43237.5285"	"5f.6d2.7s"	"*"	"7"	""	""	"6"		""	"L5951"	
"553.6430"	"553.643871"	"18"	""		"18431.686609"	"36488.8237"	"5f.7s2.7p"	"3G"	"3"	""	"*"	"2"		""	"L12239"	
"553.69801"	"553.698035"	"110"	""		"19503.143490"	"37558.5142"	"6d2.7s.7p"	"5F*"	"3"	""	""	"4"		""	"L5951"	
"553.755671"	"553.755638"	"440"	""		"4961.658832"	"23015.15141"	"6d2.7s2"	"3F"	"4"	""	"*"	"5"		""	"L18702"	
"553.7749"	"553.774941"	"8"	""		"2869.259165"	"20922.12244"	"6d2.7s2"	"3F"	"3"	""	"*"	"2"		""	"L3552"	
"553.7842"	"553.784203"	"16"	""		"19516.98043"	"37569.5418"	"6d2.7s.7p"	"5D*"	"2"	""	""	"2"		""	"L12239"	
"553.85212"	"553.852243"	"64"	""		"13945.307389"	"31995.65103"	"6d.7s2.7p"	"3F*"	"3"	""	""	"4"		""	"L5951"	
"553.860821"	"553.860856"	"770"	""		"3687.987189"	"21738.05013"	"6d2.7s2"	""	"2"	"5f.6d2.7s"	"5G*"	"2"		""	"L18702"	
"553.926178"	"553.926178"	"14000"	""		"9804.806547"	"27852.74095"	"6d3.(4F).7s"	"5F"	"5"	""	"*"	"5"		""	"L18702"	
"554.0380"	"554.037387"	"8"	""		"20322.26571"	"38366.5775"	"5f.6d.7s2"	"1H*"	"5"	"6d4"	""	"4"		""	"L3552"	
"554.114675"	"554.114645"	"470"	""		"7280.123222"	"25321.91918"	"6d2.7s2"	""	"2"	""	"*"	"3"		""	"L18702"	
"554.1294"	"554.128455"	"22"	""		"17354.638583"	"35395.9849"	"5f.6d.7s2"	"3D*"	"1"	""	""	"2"		""	"L12239"	
"554.15816"	"554.158164"	"340"	""		"5563.141519"	"23603.52066"	"6d3.(4F).7s"	"5F"	"1"	""	"*"	"2"		""	"L5951"	
"554.19357"	"554.193580"	"220"	""		"11601.03035"	"29640.2566"	"6d3.(4P).7s"	"5P"	"1"	""	"*"	"1"		""	"L5951"	
"554.2027"	"554.203108"	"24"	""		"19532.41646"	"37571.3326"	"6d3.(2F).7s"	"3F"	"4"	""	"*"	"5"		""	"L3552"	
"554.24723"	"554.247180"	"27"	""		"15490.077832"	"33527.55959"	"5f.6d.7s2"	"3G*"	"5"	""	""	"4"		""	"L5951"	
"554.289013"	"554.289013"	"2400"	""		"10526.544406"	"28562.66485"	"5f.6d.7s2"	"3G*"	"3"	""	""	"4"		""	"L18702"	
"554.34724"	"554.347246"	"47"	""		"20054.77119"	"38088.9970"	"6d3.(2F).7s"	"3F"	"2"	""	"*"	"2"		""	"L5951"	
"554.4252"	"554.42494"	"32"	""		"22855.29928"	"40886.9980"	""	"*"	"3"	""	""	"2"		""	"L3552"	
"554.4385"	"554.439273"	"24"	""		"15970.09583"	"34001.3283"	"6d3.(2D2).7s"	""	"3"	""	"*"	"4"		""	"L3552"	
"554.4543"	"554.454571"	"16"	""		"17847.07751"	"35877.8125"	"5f.6d.7s2"	"3P*"	"2"	"6d4"	""	"2"		""	"L3552"	
"554.4879"	"554.487126"	"8"	""		"17411.224415"	"35440.9008"	"6d.7s2.7p"	"3D*"	"3"	"6d4"	""	"3"		""	"L3552"	
"554.58059"	"554.580576"	"100"	""		"7280.123222"	"25306.76154"	"6d2.7s2"	""	"2"	""	"*"	"2"		""	"L5951"	
"554.66265"	"554.662838"	"30"	""		"19713.03109"	"37736.9959"	"6d3.(2F).7s"	"3F"	"3"	""	"*"	"2"		""	"L12239"	
"554.71340"	"554.713394"	"210"	""		"13847.77037"	"31870.0925"	"6d3.(4F).7s"	"3F"	"2"	""	"*"	"2"		""	"L5951"	
"554.76554"	"554.765552"	"40"	""		"18069.065569"	"36089.6933"	"6d.7s2.7p"	"1F*"	"3"	""	""	"4"		""	"L5951"	
"554.817596"	"554.817595"	"5100"	""		"6362.395980"	"24381.33337"	"6d3.(4F).7s"	"5F"	"2"	""	"*"	"2"		""	"L18702"	
"554.83788"	"554.837835"	"140"	""		"12114.36618"	"30132.64625"	"5f.6d.7s2"	"1D*"	"2"	""	""	"2"		""	"L5951"	
"555.0033"	"555.00291"	"10"	""		"20423.494218"	"38436.4152"	"6d.7s2.7p"	"3P*"	"1"	""	""	"2"		""	"L12239"	
"555.0988"	"555.098559"	"16"	""		"21165.098037"	"39174.9152"	"5f.6d.7s2"	"3D*"	"3"	""	""	"3"		""	"L3552"	
"555.11917"	"555.119174"	"190"	""		"14032.085336"	"32041.23370"	"6d.7s2.7p"	"3D*"	"2"	""	""	"2"		""	"L5951"	
"555.17412"	"555.174082"	"40"	""		"18549.40528"	"36556.7725"	"6d3.(4P).7s"	""	"2"	""	"*"	"1"		""	"L5951"	
"555.262300"	"555.262285"	"530"	""		"10526.544406"	"28531.05121"	"5f.6d.7s2"	"3G*"	"3"	"6d4"	""	"2"		""	"L18702"	
"555.34159"	"555.341563"	"44"	""		"22098.18793"	"40100.1245"	"5f.6d.7s.7p"	"5I"	"4"	""	"*"	"3"		""	"L5951"	
"555.45510"	"555.454685"	"37"	""		"20054.77119"	"38053.0416"	"6d3.(2F).7s"	"3F"	"2"	""	"*"	"3"		""	"L12239"	
"555.46920"	"555.469398"	"33"	""		"15970.09583"	"33967.8895"	"6d3.(2D2).7s"	""	"3"	""	"*"	"3"		""	"L12239"	
"555.55313"	"555.553152"	"520"	""		"14206.91694"	"32201.99736"	"5f.6d.7s2"	"3F*"	"4"	""	""	"5"		""	"L5951"	
"555.58342"	"555.583700"	"48"	""		"17411.224415"	"35405.3154"	"6d.7s2.7p"	"3D*"	"3"	""	""	"3"		""	"L12239"	
"555.704562"	"555.704562"	"4800"	""		"8800.249723"	"26790.42715"	"6d3.(4F).7s"	"5F"	"4"	""	"*"	"4"		""	"L18702"	
"555.79215"	"555.792002"	"130"	""		"13088.56115"	"31075.9083"	"6d3.(2G).7s"	"3G"	"3"	""	"*"	"2"		""	"L5951"	
"555.834239"	"555.834238"	"6600"	""		"8111.004545"	"26096.98491"	"6d2.7s2"	"1G"	"4"	""	"*"	"3"		""	"L18702"	
"555.84344"	"555.843493"	"280"	""		"13297.43316"	"31283.11407"	"6d3.(2G).7s"	"3G"	"4"	""	"*"	"3"		""	"L5951"	
"555.84654"	"555.846530"	"73"	""		"21539.59257"	"39525.1752"	""	"*"	"4"	""	""	"5"		""	"L5951"	
"555.88438"	"555.884289"	"210*"	""		"15736.968041"	"33721.32901"	"6d2.7s.7p"	"5F*"	"1"	""	""	"2"		""	"L5951"	
"555.88438"	"555.884530"	"210*"	""		"19227.33665"	"37211.6898"	"5f.6d2.7s"	"5I*"	"6"	""	""	"5"		""	"L5951"	
"555.9526"	"555.952257"	"24"	""		"18574.61019"	"36556.7725"	"6d3.(2P).7s"	""	"1"	""	"*"	"1"		""	"L3552"	
"555.989125"	"555.989126"	"2200"	""		"3687.987189"	"21668.957072"	"6d2.7s2"	""	"2"	"6d2.7s.7p"	"5P*"	"1"		""	"L18702"	
"556.0000"	"556.000643"	"24"	""		"21539.59257"	"39520.1900"	""	"*"	"4"	""	""	"4"		""	"L3552"	
"556.06217"	"556.062204"	"75"	""		"22669.88918"	"40648.4960"	""	"*"	"3"	""	""	"4"		""	"L5951"	
"556.1203"	"556.120393"	"19"	""		"22338.99484"	"40315.7205"	"5f.6d2.7s"	"5G*"	"3"	""	""	"4"		""	"L12239"	
"556.2847"	"556.284358"	"41"	""		"18809.88631"	"36781.3134"	"6d2.7s.7p"	"5G*"	"4"	""	""	"5"		""	"L3552"	
"556.3582"	"556.358286"	"20"	""		"18699.62342"	"36668.6625"	"5f.7s2.7p"	"3F"	"2"	""	"*"	"2"		""	"L12239"	
"556.3637"	"556.36361"	"6"	""		"24259.77463"	"42228.6417"	""	"*"	"4"	""	""	"4"		""	"L12239"	
"556.4691"	"556.468735"	"16"	""		"18809.88631"	"36775.3589"	"6d2.7s.7p"	"5G*"	"4"	""	""	"3"		""	"L3552"	
"556.4806"	"556.479986"	"200"	""		"17166.10472"	"35131.2141"	"6d3.(2H).7s"	"3H"	"5"	""	"*"	"4"		""	"L3552"	
"556.6160"	"556.615894"	"20"	""		"19273.28060"	"37234.0035"	"6d3.(2P).7s"	""	"2"	""	"*"	"2"		""	"L12239"	
"556.79269"	"556.793314"	"43"	""		"18930.29333"	"36885.2932"	"6d2.7s.7p"	"3G*"	"3"	""	""	"4"		""	"L12239"	
"556.799862"	"556.799738"	"720bl"	""		"16346.64962"	"34301.44234"	"5f.6d2.7s"	"5H*"	"4"	""	""	"4"		""	"L5951"	
"556.85398"	"556.854009"	"130"	""		"17398.39526"	"35351.4381"	"6d3.(4F).7s"	""	"3"	""	"*"	"4"		""	"L5951"	
"556.8840"	"556.883989"	"130"	""		"15736.968041"	"33689.0444"	"6d2.7s.7p"	"5F*"	"1"	""	""	"2"		""	"L3552"	
"556.9257"	"556.92705"	"11"	""		"23769.87615"	"41720.5646"	"5f.6d.7s.7p"	"5F"	"1"	""	"*"	"2"		""	"L12239"	
"556.9486"	"556.948532"	"17"	""		"16217.482038"	"34167.4780"	"6d.7s2.7p"	"1D*"	"2"	""	""	"3"		""	"L3552"	
"557.0265"	"557.025564"	"8"	""		"21890.13254"	"39837.6462"	""	"*"	"3"	""	""	"3"		""	"L3552"	
"557.07605"	"557.07600"	"37"	""		"23093.98148"	"41039.8704"	""	"*"	"2"	""	""	"2"		""	"L12239"	
"557.09270"	"557.092690"	"370"	""		"6362.395980"	"24307.74711"	"6d3.(4F).7s"	"5F"	"2"	""	"*"	"2"		""	"L18702"	
"557.119145"	"557.119147"	"4900"	""		"11197.031257"	"29141.53019"	"5f.6d.7s2"	"3H*"	"5"	""	""	"5"		""	"L18702"	
"557.12654"	"557.126610"	"410"	""		"10414.13700"	"28358.39555"	"5f.6d.7s2"	"1G*"	"4"	""	""	"3"		""	"L18702"	
"557.16199"	"557.161904"	"35"	""		"22141.60454"	"40084.7264"	""	"*"	"3"	""	""	"3"		""	"L12239"	
"557.20969"	"557.209622"	"110"	""		"24421.05861"	"42362.6439"	""	"*"	"3"	""	""	"4"		""	"L18702"	
"557.246501"	"557.246502"	"3300"	""		"7502.287636"	"25442.68552"	"6d3.(4F).7s"	"5F"	"3"	""	"*"	"3"		""	"L18702"	
"557.335362"	"557.335361"	"10000"	""		"8111.004545"	"26048.54211"	"6d2.7s2"	"1G"	"4"	""	"*"	"4"		""	"L18702"	
"557.3599"	"557.360373"	"17"	""		"15863.88829"	"33800.6209"	"6d3.(2D2).7s"	""	"2"	""	"*"	"3"		""	"L3552"	
"557.3772"	"557.37731"	"8"	""		"22248.94952"	"40185.1371"	""	"*"	"2"	""	""	"2"		""	"L12239"	
"557.4028"	"557.402519"	"17"	""		"21902.26981"	"39837.6462"	"5f.6d2.7s"	"3H*"	"4"	""	""	"3"		""	"L3552"	
"557.49153"	"557.491534"	"110"	""		"15166.900593"	"33099.41329"	"6d2.7s.7p"	"5G*"	"3"	""	""	"3"		""	"L5951"	
"557.5162"	"557.516500"	"9"	""		"21575.03713"	"39506.7468"	"6d3.(2P).7s"	""	"2"	""	"*"	"1 or 2"		""	"L12239"	
"557.5446"	"557.544569"	"35"	""		"20214.92997"	"38145.7369"	"6d2.7s.7p"	"5D*"	"3"	""	""	"3"		""	"L3552"	
"557.5529"	"557.552486"	"17"	""		"13088.56115"	"31019.11347"	"6d3.(2G).7s"	"3G"	"3"	""	"*"	"4"		""	"L12239"	
"557.59936"	"557.599377"	"380"	""		"22098.18793"	"40027.2324"	"5f.6d.7s.7p"	"5I"	"4"	""	"*"	"3"		""	"L5951"	
"557.620476"	"557.620469"	"2200"	""		"10414.13700"	"28342.50330"	"5f.6d.7s2"	"1G*"	"4"	"5f.7s2.7p"	"3G"	"5"		""	"L18702"	
"557.63054"	"557.630532"	"150"	""		"15490.077832"	"33418.1206"	"5f.6d.7s2"	"3G*"	"5"	"6d4"	""	"4"		""	"L5951"	
"557.7110"	"557.710964"	"19"	""		"17224.302340"	"35149.75961"	"6d2.7s.7p"	"5F*"	"2"	""	""	"2"		""	"L12239"	
"557.7602"	"557.760165"	"89"	""		"16783.84708"	"34707.7231"	"5f.6d2.7s"	"5I*"	"4"	""	""	"3"		""	"L3552"	
"557.8091"	"557.808829"	"17"	""		"21252.60286"	"39174.9152"	""	"*"	"2"	""	""	"3"		""	"L3552"	
"557.935838"	"557.935840"	"4900"	""		"5563.141519"	"23481.37399"	"6d3.(4F).7s"	"5F"	"1"	""	"*"	"1"		""	"L18702"	
"557.9990"	"557.998384"	"35"	""		"21645.85769"	"39562.0818"	"6d3.(2G).7s"	""	"4"	""	"*"	"4"		""	"L3552"	
"558.007691"	"558.007719"	"530"	""		"4961.658832"	"22877.58322"	"6d2.7s2"	"3F"	"4"	""	"*"	"5"		""	"L18702"	
"558.02122"	"558.020996"	"24"	""		"20054.77119"	"37970.2693"	"6d3.(2F).7s"	"3F"	"2"	""	"*"	"2"		""	"L12239"	
"558.03925"	"558.039225"	"180"	""		"17166.10472"	"35081.0176"	"6d3.(2H).7s"	"3H"	"5"	""	"*"	"5"		""	"L5951"	
"558.07547"	"558.075485"	"470"	""		"12847.96912"	"30761.71803"	"6d3.(4P).7s"	"5P"	"3"	""	"*"	"3"		""	"L5951"	
"558.1370"	"558.136299"	"9"	""		"22877.58322"	"40789.3803"	""	"*"	"5"	""	""	"5"		""	"L12239"	
"558.23667"	"558.236719"	"420"	""		"15618.98461"	"33527.55959"	"5f.6d2.7s"	"5H*"	"3"	""	""	"4"		""	"L5951"	
"558.26789"	"558.267967"	"160"	""		"13962.51989"	"31870.0925"	"6d3.(2D2).7s"	""	"1"	""	"*"	"2"		""	"L5951"	
"558.28672"	"558.286672"	"330"	""		"11197.031257"	"29104.00388"	"5f.6d.7s2"	"3H*"	"5"	"6d4"	"3G"	"4"		""	"L18702"	
"558.4436"	"558.443148"	"23"	""		"13088.56115"	"30990.51628"	"6d3.(2G).7s"	"3G"	"3"	""	"*"	"3"		""	"L12239"	
"558.4983"	"558.498107"	"17"	""		"20054.77119"	"37954.9647"	"6d3.(2F).7s"	"3F"	"2"	""	"*"	"3"		""	"L3552"	
"558.58473"	"558.584778"	"120"	""		"14032.085336"	"31929.50145"	"6d.7s2.7p"	"3D*"	"2"	""	""	"3"		""	"L5951"	
"558.5884"	"558.589354"	"44"	""		"13297.43316"	"31194.70265"	"6d3.(2G).7s"	"3G"	"4"	"5f.6d3"	"5I*"	"4"		""	"L3552"	
"558.59864"	"558.598325"	"32"	""		"12114.36618"	"30011.34827"	"5f.6d.7s2"	"1D*"	"2"	""	""	"3"		""	"L12239"	
"558.6255"	"558.625726"	"17"	""		"10783.15535"	"28679.25957"	"6d.7s2.7p"	"3F*"	"2"	""	""	"2"		""	"L3552"	
"558.702644"	"558.702644"	"20000"	""		"4961.658832"	"22855.29928"	"6d2.7s2"	"3F"	"4"	""	"*"	"3"		""	"L18702"	
"558.93278"	"558.932766"	"24"	""		"19273.28060"	"37159.5540"	"6d3.(2P).7s"	""	"2"	""	"*"	"3"		""	"L12239"	
"558.9412"	"558.94124"	"18"	""		"19273.28060"	"37159.2829"	"6d3.(2P).7s"	""	"2"	""	"*"	"1"		""	"L3552"	
"558.9549"	"558.955490"	"15"	""		"20922.12244"	"38807.6687"	""	"*"	"2"	""	""	"2"		""	"L12239"	
"558.9912"	"558.99216"	"34"	""		"26953.26182"	"44837.6347"	""	"*"	"5"	""	""	"4"		""	"L12239"	
"559.02154"	"559.021462"	"100"	""		"11802.93238"	"29686.36795"	"6d3.(4P).7s"	"5P"	"2"	""	"*"	"3"		""	"L12239"	
"559.05927"	"559.059163"	"48"	""		"14032.085336"	"31914.3149"	"6d.7s2.7p"	"3D*"	"2"	""	""	"1"		""	"L12239"	
"559.1908"	"559.190861"	"140"	""		"18930.29333"	"36808.3114"	"6d2.7s.7p"	"3G*"	"3"	""	""	"3"		""	"L3552"	
"559.2597"	"559.259656"	"18"	""		"19273.28060"	"37149.0995"	"6d3.(2P).7s"	""	"2"	""	"*"	"2"		""	"L3552"	
"559.361205"	"559.361121"	"820bl"	""		"3865.473772"	"21738.05013"	"6d2.7s2"	"3P"	"1"	"5f.6d2.7s"	"5G*"	"2"		""	"L18702"	
"559.41638"	"559.416134"	"51"	""		"15863.88829"	"33734.7071"	"6d3.(2D2).7s"	""	"2"	""	"*"	"2"		""	"L12239"	
"559.506368"	"559.506367"	"4900"	""		"8243.602091"	"26111.53886"	"5f.6d.7s2"	"3F*"	"2"	""	""	"1"		""	"L18702"	
"559.57623"	"559.576347"	"48"	""		"20737.28686"	"38602.9891"	""	"*"	"1"	""	""	"2"		""	"L12239"	
"559.5778"	"559.57766"	"46"	""		"23093.98148"	"40959.6419"	""	"*"	"2"	""	""	"2"		""	"L3552"	
"559.58463"	"559.584640"	"330"	""		"2558.056752"	"20423.494218"	"6d2.7s2"	"3P"	"0"	"6d.7s2.7p"	"3P*"	"1"		""	"L18702"	
"559.59557"	"559.595610"	"310"	""		"17224.302340"	"35089.38959"	"6d2.7s.7p"	"5F*"	"2"	""	""	"3"		""	"L5951"	
"559.68375"	"559.683763"	"76"	""		"11241.73043"	"29104.00388"	"5f.6d.7s2"	"3F*"	"3"	"6d4"	"3G"	"4"		""	"L12239"	
"559.8445"	"559.844374"	"37"	""		"18699.62342"	"36556.7725"	"5f.7s2.7p"	"3F"	"2"	""	"*"	"1"		""	"L3552"	
"559.9274"	"559.926611"	"93"	""		"15863.88829"	"33718.4147"	"6d3.(2D2).7s"	""	"2"	""	"*"	"2"		""	"L3552"	
"559.9573"	"559.955858"	"19"	""		"14226.82045"	"32080.4143"	"6d3.(2P).7s"	""	"0"	""	"*"	"1"		""	"L3552"	
"559.965504"	"559.965477"	"590"	""		"7502.287636"	"25355.57481"	"6d3.(4F).7s"	"5F"	"3"	""	"*"	"4"		""	"L18702"	
"559.9865"	"559.986262"	"29"	""		"17959.89498"	"35812.5195"	"6d3.(4F).7s"	"3F"	"4"	""	"*"	"3"		""	"L3552"	
"560.1191"	"560.119084"	"39"	""		"13945.307389"	"31793.69851"	"6d.7s2.7p"	"3F*"	"3"	""	""	"4"		""	"L3552"	
"560.1506"	"560.149215"	"78"	""		"12114.36618"	"29961.79723"	"5f.6d.7s2"	"1D*"	"2"	""	""	"1"		""	"L3552"	
"560.160316"	"560.160312"	"5000"	""		"0.000000"	"17847.07751"	"6d2.7s2"	"3F"	"2"	"5f.6d.7s2"	"3P*"	"2"		""	"L18702"	
"560.1934"	"560.19270"	"19"	""		"22855.29928"	"40701.3450"	""	"*"	"3"	""	""	"4"		""	"L3552"	
"560.26261"	"560.262604"	"140"	""		"13297.43316"	"31141.25221"	"6d3.(2G).7s"	"3G"	"4"	""	"*"	"5"		""	"L5951"	
"560.3060"	"560.306427"	"78"	""		"17398.39526"	"35240.8187"	"6d3.(4F).7s"	""	"3"	""	"*"	"3"		""	"L3552"	
"560.3764"	"560.376293"	"200"	""		"15618.98461"	"33459.18355"	"5f.6d2.7s"	"5H*"	"3"	"5f.6d.7s.7p"	"3H"	"4"		""	"L3552"	
"560.4814"	"560.480797"	"19"	""		"21575.03713"	"39411.9097"	"6d3.(2P).7s"	""	"2"	""	"*"	"1"		""	"L3552"	
"560.52957"	"560.529594"	"320"	""		"20867.97560"	"38703.2954"	"5f.6d2.7s"	"5I*"	"7"	"5f.6d.7s.7p"	"3l"	"7"		""	"L5951"	
"560.638609"	"560.638630"	"930"	""		"10526.544406"	"28358.39555"	"5f.6d.7s2"	"3G*"	"3"	""	""	"3"		""	"L18702"	
"560.68030"	"560.680325"	"190"	""		"15970.09583"	"33800.6209"	"6d3.(2D2).7s"	""	"3"	""	"*"	"3"		""	"L5951"	
"560.7087"	"560.708354"	"98"	""		"15970.09583"	"33799.7296"	"6d3.(2D2).7s"	""	"3"	""	"*"	"4"		""	"L3552"	
"560.71929"	"560.719259"	"81"	""		"13945.307389"	"31774.59439"	"6d.7s2.7p"	"3F*"	"3"	""	""	"3"		""	"L5951"	
"560.95736"	"560.957373"	"400"	""		"17224.302340"	"35046.0213"	"6d2.7s.7p"	"5F*"	"2"	""	"5F"	"1"		""	"L5951"	
"560.98554"	"560.985406"	"47"	""		"16346.64962"	"34167.4780"	"5f.6d2.7s"	"5H*"	"4"	""	""	"3"		""	"L12239"	
"561.010443"	"561.010449"	"1400"	""		"6362.395980"	"24182.42887"	"6d3.(4F).7s"	"5F"	"2"	""	"*"	"2"		""	"L18702"	
"561.023082"	"561.023085"	"2100"	""		"7502.287636"	"25321.91918"	"6d3.(4F).7s"	"5F"	"3"	""	"*"	"3"		""	"L18702"	
"561.03287"	"561.032883"	"430"	""		"14204.26476"	"32023.58511"	"6d3.(2G).7s"	""	"5"	""	"*"	"5"		""	"L5951"	
"561.068112"	"561.068112"	"2300"	""		"11601.03035"	"29419.23183"	"6d3.(4P).7s"	"5P"	"1"	""	"*"	"2"		""	"L18702"	
"561.206806"	"561.206806"	"2400"	""		"10414.13700"	"28227.93504"	"5f.6d.7s2"	"1G*"	"4"	"5f.7s2.7p"	"3F"	"4"		""	"L18702"	
"561.24389"	"561.243794"	"64"	""		"14481.86965"	"32294.49368"	"5f.6d.7s2"	"3H*"	"6"	"5f.6d.7s.7p"	"5H"	"7"		""	"L12239"	
"561.26174"	"561.261724"	"330*"	""		"18549.40528"	"36361.4603"	"6d3.(4P).7s"	""	"2"	""	"*"	"1"		""	"L5951"	
"561.26174"	"561.261738"	"330*"	""		"14481.86965"	"32293.92422"	"5f.6d.7s2"	"3H*"	"6"	""	""	"5"		""	"L5951"	
"561.4515"	"561.451294"	"50"	""		"14206.91694"	"32012.95790"	"5f.6d.7s2"	"3F*"	"4"	""	""	"4"		""	"L3552"	
"561.48853"	"561.488782"	"62"	""		"17073.80916"	"34878.6613"	"6d3.(4P).7s"	""	"1"	""	"*"	"1"		""	"L12239"	
"561.50071"	"561.500710"	"84"	""		"7502.287636"	"25306.76154"	"6d3.(4F).7s"	"5F"	"3"	""	"*"	"2"		""	"L12239"	
"561.531949"	"561.531953"	"7100"	""		"3865.473772"	"21668.957072"	"6d2.7s2"	"3P"	"1"	"6d2.7s.7p"	"5P*"	"1"		""	"L18702"	
"561.5879"	"561.588014"	"99"	""		"15493.21943"	"33294.9255"	"6d3.(2H).7s"	"3H"	"4"	""	"*"	"3"		""	"L3552"	
"561.63332"	"561.632590"	"42"	""		"19503.143490"	"37303.4367"	"6d2.7s.7p"	"5F*"	"3"	""	""	"4"		""	"L12239"	
"561.6438"	"561.643302"	"19"	""		"20566.62381"	"38366.5775"	"6d2.7s.7p"	"5D*"	"4"	"6d4"	""	"4"		""	"L3552"	
"561.65030"	"561.650087"	"46"	""		"17501.17592"	"35300.9146"	"5f.6d2.7s"	"5I*"	"5"	"5f.6d2.7p"	"5K"	"5"		""	"L12239"	
"561.66909"	"561.669105"	"180"	""		"15618.98461"	"33418.1206"	"5f.6d2.7s"	"5H*"	"3"	"6d4"	""	"4"		""	"L5951"	
"561.6945"	"561.694252"	"29"	""		"15863.88829"	"33662.2274"	"6d3.(2D2).7s"	""	"2"	""	"*"	"1"		""	"L3552"	
"561.72898"	"561.728943"	"110"	""		"14243.993748"	"32041.23370"	"5f.6d.7s2"	"3P*"	"1"	""	""	"2"		""	"L5951"	
"561.76417"	"561.764195"	"180"	""		"13175.113345"	"30971.23650"	"5f.6d.7s2"	"3G*"	"4"	""	""	"4"		""	"L5951"	
"561.85623"	"561.856589"	"35"	""		"22855.29928"	"40648.4960"	""	"*"	"3"	""	""	"4"		""	"L12239"	
"561.8630"	"561.86228"	"25"	""		"23093.98148"	"40886.9980"	""	"*"	"2"	""	""	"2"		""	"L12239"	
"561.8738"	"561.87374"	"21"	""		"24210.80979"	"42003.4633"	"6d4"	"5D"	"4"	""	"*"	"3"		""	"L12239"	
"561.89258"	"561.892492"	"41"	""		"21902.26981"	"39694.3296"	"5f.6d2.7s"	"3H*"	"4"	"5f.6d2.7p "	"5I"	"5"		""	"L12239"	
"561.90073"	"561.900799"	"230"	""		"21165.098037"	"38956.8948"	"5f.6d.7s2"	"3D*"	"3"	""	""	"4"		""	"L5951"	
"561.9478"	"561.94725"	"9"	""		"21890.13254"	"39680.4585"	""	"*"	"3"	""	""	"2"		""	"L3552"	
"561.9526"	"561.952457"	"9"	""		"19516.98043"	"37307.1417"	"6d2.7s.7p"	"5D*"	"2"	"6d4"	""	"3"		""	"L3552"	
"561.9684"	"561.967630"	"39"	""		"15618.98461"	"33408.66553"	"5f.6d2.7s"	"5H*"	"3"	""	""	"3"		""	"L3552"	
"561.97202"	"561.972063"	"130"	""		"13175.113345"	"30964.65395"	"5f.6d.7s2"	"3G*"	"4"	""	""	"3"		""	"L12239"	
"561.99755"	"561.997542"	"550"	""		"14206.91694"	"31995.65103"	"5f.6d.7s2"	"3F*"	"4"	""	""	"4"		""	"L5951"	
"562.00193"	"562.001984"	"170"	""		"18011.38030"	"35799.97381"	"5f.6d2.7s"	"5H*"	"5"	"5f.6d.7s.7p"	"3I"	"6"		""	"L5951"	
"562.12872"	"562.128840"	"77"	""		"20322.26571"	"38106.8449"	"5f.6d.7s2"	"1H*"	"5"	""	""	"5"		""	"L12239"	
"562.17884"	"562.178870"	"81"	""		"18011.38030"	"35794.3768"	"5f.6d2.7s"	"5H*"	"5"	"6d4"	"3F1"	"4"		""	"L5951"	
"562.3065"	"562.306380"	"8"	""		"19039.153374"	"36818.1174"	"6d.7s2.7p"	"3P*"	"2"	""	""	"2"		""	"L12239"	
"562.3139"	"562.314350"	"6"	""		"23201.98997"	"40980.7020"	"5f.6d.7s.7p"	"5G"	"3"	""	"*"	"3"		""	"L12239"	
"562.3411"	"562.341137"	"19"	""		"17073.80916"	"34851.6743"	"6d3.(4P).7s"	""	"1"	""	"*"	"2"		""	"L3552"	
"562.3474"	"562.347273"	"9"	""		"18053.617845"	"35831.2890"	"6d.7s2.7p"	"3F*"	"4"	""	""	"3"		""	"L3552"	
"562.45605"	"562.456182"	"81"	""		"23015.15141"	"40789.3803"	""	"*"	"5"	""	""	"5"		""	"L12239"	
"562.47713"	"562.477387"	"74"	""		"17959.89498"	"35733.4538"	"6d3.(4F).7s"	"3F"	"4"	""	"*"	"4"		""	"L12239"	
"562.49130"	"562.491309"	"270"	""		"11877.839132"	"29650.95804"	"6d.7s2.7p"	"3D*"	"1"	""	""	"2"		""	"L5951"	
"562.6169"	"562.616694"	"9"	""		"19039.153374"	"36808.3114"	"6d.7s2.7p"	"3P*"	"2"	""	""	"3"		""	"L3552"	
"562.7009"	"562.700971"	"29"	""		"8111.004545"	"25877.50128"	"6d2.7s2"	"1G"	"4"	""	"*"	"4"		""	"L12239"	
"562.7606"	"562.760695"	"29"	""		"15970.09583"	"33734.7071"	"6d3.(2D2).7s"	""	"3"	""	"*"	"2"		""	"L3552"	
"562.8358"	"562.836349"	"22"	""		"18069.065569"	"35831.2890"	"6d.7s2.7p"	"1F*"	"3"	""	""	"3"		""	"L12239"	
"562.93099"	"562.931049"	"160"	""		"16351.93901"	"34111.1744"	"6d2.7s2"	""	"0"	""	"*"	"1"		""	"L5951"	
"563.02969"	"563.029699"	"740"	""		"19986.16721"	"37742.2910"	"5f.6d2.7s"	"5H*"	"6"	""	""	"6"		""	"L5951"	
"563.21182"	"563.21195"	"110"	""		"21668.957072"	"39419.3351"	"6d2.7s.7p"	"5P*"	"1"	""	""	"1"		""	"L5951"	
"563.2185"	"563.217366"	"18"	""		"13962.51989"	"31712.7273"	"6d3.(2D2).7s"	""	"1"	""	"*"	"1"		""	"L12239"	
"563.24927"	"563.249288"	"82"	""		"14204.26476"	"31953.46618"	"6d3.(2G).7s"	""	"5"	""	"*"	"4"		""	"L12239"	
"563.27735"	"563.277296"	"200"	""		"15970.09583"	"33718.4147"	"6d3.(2D2).7s"	""	"3"	""	"*"	"2"		""	"L5951"	
"563.329511"	"563.329505"	"800"	""		"10526.544406"	"28273.21842"	"5f.6d.7s2"	"3G*"	"3"	""	""	"2"		""	"L18702"	
"563.35922"	"563.359423"	"35"	""		"22338.99484"	"40084.7264"	"5f.6d2.7s"	"5G*"	"3"	""	""	"3"		""	"L12239"	
"563.4089"	"563.410085"	"22"	""		"19588.36224"	"37332.4981"	"6d2.7s.7p"	"5G*"	"5"	"5f.6d2.7p "	"5K "	"6"		""	"L12239"	
"563.4306"	"563.429859"	"20"	""		"23032.986182"	"40776.4993"	"5f.7s2.7p"	"3G"	"4"	""	"*"	"4"		""	"L12239"	
"563.4619"	"563.461745"	"99"	""		"14032.085336"	"31774.59439"	"6d.7s2.7p"	"3D*"	"2"	""	""	"3"		""	"L3552"	
"563.5175"	"563.517330"	"49"	""		"18053.617845"	"35794.3768"	"6d.7s2.7p"	"3F*"	"4"	"6d4"	"3F1"	"4"		""	"L3552"	
"563.5482"	"563.547493"	"20"	""		"19948.395175"	"37688.2046"	"6d2.7s.7p"	"5F*"	"4"	""	""	"3"		""	"L3552"	
"563.58792"	"563.587975"	"230"	""		"17411.224415"	"35149.75961"	"6d.7s2.7p"	"3D*"	"3"	""	""	"2"		""	"L5951"	
"563.6625"	"563.662003"	"10"	""		"19039.153374"	"36775.3589"	"6d.7s2.7p"	"3P*"	"2"	""	""	"3"		""	"L3552"	
"563.8767"	"563.877105"	"9"	""		"17847.07751"	"35576.5173"	"5f.6d.7s2"	"3P*"	"2"	""	""	"3"		""	"L3552"	
"563.93060"	"563.930202"	"44"	""		"18699.62342"	"36427.3939"	"5f.7s2.7p"	"3F"	"2"	""	"*"	"3"		""	"L12239"	
"563.9460"	"563.945681"	"100"	""		"15863.88829"	"33591.1722"	"6d3.(2D2).7s"	""	"2"	"6d3.7p"	"5G*"	"3"		""	"L3552"	
"564.12416"	"564.124002"	"120"	""		"13297.43316"	"31019.11347"	"6d3.(2G).7s"	"3G"	"4"	""	"*"	"4"		""	"L5951"	
"564.15575"	"564.155753"	"480"	""		"12114.36618"	"29835.04913"	"5f.6d.7s2"	"1D*"	"2"	""	""	"3"		""	"L5951"	
"564.173427"	"564.173430"	"560"	""		"14481.86965"	"32201.99736"	"5f.6d.7s2"	"3H*"	"6"	""	""	"5"		""	"L18702"	
"564.31086"	"564.310843"	"110"	""		"17501.17592"	"35216.98873"	"5f.6d2.7s"	"5I*"	"5"	""	""	"5"		""	"L5951"	
"564.3350"	"564.334363"	"28"	""		"19588.36224"	"37303.4367"	"6d2.7s.7p"	"5G*"	"5"	""	""	"4"		""	"L12239"	
"564.3779"	"564.37848"	"8"	""		"25690.47345"	"43404.1631"	""	"*"	"5"	""	""	"4"		""	"L12239"	
"564.39367"	"564.393519"	"44"	""		"24032.22651"	"41745.4442"	"5f.6d.7s.7p"	"5G"	"4"	""	"*"	"4"		""	"L12239"	
"564.4109"	"564.409788"	"13"	""		"21539.59257"	"39252.2997"	""	"*"	"4"	""	""	"5"		""	"L12239"	
"564.552450"	"564.552477"	"830"	""		"4961.658832"	"22669.88918"	"6d2.7s2"	"3F"	"4"	""	"*"	"3"		""	"L18702"	
"564.566889"	"564.566883"	"940"	""		"8800.249723"	"26508.02820"	"6d3.(4F).7s"	"5F"	"4"	""	"*"	"3"		""	"L18702"	
"564.6205"	"564.620604"	"9"	""		"18809.88631"	"36515.9800"	"6d2.7s.7p"	"5G*"	"4"	""	""	"3"		""	"L3552"	
"564.6255"	"564.62668"	"9"	""		"24202.56462"	"41908.4679"	""	"*"	"4"	""	""	"3"		""	"L3552"	
"564.64515"	"564.645163"	"520"	""		"12847.96912"	"30553.29269"	"6d3.(4P).7s"	"5P"	"3"	""	"*"	"2"		""	"L5951"	
"564.77069"	"564.770619"	"180"	""		"10526.544406"	"28227.93504"	"5f.6d.7s2"	"3G*"	"3"	"5f.7s2.7p"	"3F"	"4"		""	"L5951"	
"564.89186"	"564.891872"	"120"	""		"17411.224415"	"35108.8155"	"6d.7s2.7p"	"3D*"	"3"	""	""	"2"		""	"L5951"	
"564.899089"	"564.899100"	"1500"	""		"2869.259165"	"20566.62381"	"6d2.7s2"	"3F"	"3"	"6d2.7s.7p"	"5D*"	"4"		""	"L18702"	
"564.92916"	"564.929227"	"93"	""		"21903.40831"	"39599.8292"	"5f.6d2.7s"	"5H*"	"7"	"5f.6d2.7p "	"5K"	"7"		""	"L5951"	
"564.9737"	"564.973930"	"10"	""		"22401.20793"	"40096.2286"	"6d3.(2P).7s"	""	"1"	""	"*"	"2"		""	"L3552"	
"565.03276"	"565.032778"	"110"	""		"11241.73043"	"28934.90819"	"5f.6d.7s2"	"3F*"	"3"	""	""	"3"		""	"L5951"	
"565.03581"	"565.035801"	"370"	""		"13297.43316"	"30990.51628"	"6d3.(2G).7s"	"3G"	"4"	""	"*"	"3"		""	"L5951"	
"565.0912"	"565.090110"	"10"	""		"17354.638583"	"35046.0213"	"5f.6d.7s2"	"3D*"	"1"	""	"5F"	"1"		""	"L3552"	
"565.1326"	"565.132419"	"50"	""		"15618.98461"	"33309.04285"	"5f.6d2.7s"	"5H*"	"3"	""	""	"2"		""	"L3552"	
"565.2570"	"565.25591"	"9"	""		"23015.15141"	"40701.3450"	""	"*"	"5"	""	""	"4"		""	"L3552"	
"565.3426"	"565.342634"	"19"	""		"21077.152101"	"38760.6326"	"6d2.7s.7p"	"5F*"	"5"	""	""	"4"		""	"L3552"	
"565.3838"	"565.382785"	"19"	""		"20054.77119"	"37736.9959"	"6d3.(2F).7s"	"3F"	"2"	""	"*"	"2"		""	"L3552"	
"565.5129"	"565.512618"	"14"	""		"17411.224415"	"35089.38959"	"6d.7s2.7p"	"3D*"	"3"	""	""	"3"		""	"L12239"	
"565.5213"	"565.521267"	"19"	""		"20214.92997"	"37892.8248"	"6d2.7s.7p"	"5D*"	"3"	"5f.6d2.7p "	"5I"	"4"		""	"L3552"	
"565.54898"	"565.548935"	"120"	""		"16783.84708"	"34460.87707"	"5f.6d2.7s"	"5I*"	"4"	""	""	"5"		""	"L5951"	
"565.62999"	"565.630033"	"35"	""		"22399.39666"	"40073.8922"	"5f.6d2.7s"	"3I*"	"5"	""	""	"5"		""	"L12239"	
"565.67274"	"565.672877"	"110"	""		"13088.56115"	"30761.71803"	"6d3.(2G).7s"	"3G"	"3"	""	"*"	"3"		""	"L5951"	
"565.76364"	"565.763657"	"80"	""		"14243.993748"	"31914.3149"	"5f.6d.7s2"	"3P*"	"1"	""	""	"1"		""	"L5951"	
"565.792539"	"565.792530"	"1900"	""		"12847.96912"	"30517.38856"	"6d3.(4P).7s"	"5P"	"3"	""	"*"	"4"		""	"L18702"	
"565.8579"	"565.858451"	"16"	""		"10783.15535"	"28450.51635"	"6d.7s2.7p"	"3F*"	"2"	""	""	"1"		""	"L12239"	
"565.86976"	"565.869774"	"76"	""		"14247.30742"	"31914.3149"	"5f.6d.7s2"	"3P*"	"0"	""	""	"1"		""	"L12239"	
"565.9216"	"565.921340"	"50"	""		"21645.85769"	"39311.2554"	"6d3.(2G).7s"	""	"4"	""	"*"	"4"		""	"L3552"	
"565.9878"	"565.987680"	"20"	""		"16783.84708"	"34447.17423"	"5f.6d2.7s"	"5I*"	"4"	""	""	"4"		""	"L3552"	
"566.0364"	"566.035438"	"10"	""		"18699.62342"	"36361.4603"	"5f.7s2.7p"	"3F"	"2"	""	"*"	"1"		""	"L3552"	
"566.06594"	"566.065974"	"160"	""		"17354.638583"	"35015.5227"	"5f.6d.7s2"	"3D*"	"1"	""	""	"2"		""	"L5951"	
"566.1408"	"566.14096"	"9"	""		"23481.37399"	"41139.9188"	""	"*"	"1"	""	""	"2"		""	"L12239"	
"566.30413"	"566.304184"	"390"	""		"2869.259165"	"20522.71449"	"6d2.7s2"	"3F"	"3"	"6d2.7s.7p"	"3F*"	"2"		""	"L18702"	
"566.39791"	"566.39778"	"52"	""		"17847.07751"	"35497.6156"	"5f.6d.7s2"	"3P*"	"2"	""	""	"2"		""	"L12239"	
"566.42256"	"566.422529"	"61"	""		"17224.302340"	"34874.0693"	"6d2.7s.7p"	"5F*"	"2"	""	""	"3"		""	"L5951"	
"566.462120"	"566.462105"	"580"	""		"11197.031257"	"28845.56513"	"5f.6d.7s2"	"3H*"	"5"	"5f.6d.7s.7p"	"5H"	"4"		""	"L18702"	
"566.517980"	"566.517981"	"4300"	""		"8243.602091"	"25890.39529"	"5f.6d.7s2"	"3F*"	"2"	""	""	"2"		""	"L18702"	
"566.5509"	"566.550822"	"32"	""		"18930.29333"	"36576.0636"	"6d2.7s.7p"	"3G*"	"3"	""	""	"4"		""	"L12239"	
"566.64185"	"566.641918"	"85"	""		"8111.004545"	"25753.93805"	"6d2.7s2"	"1G"	"4"	""	"*"	"5"		""	"L5951"	
"566.712791"	"566.712794"	"1100"	""		"11241.73043"	"28882.45742"	"5f.6d.7s2"	"3F*"	"3"	""	""	"2"		""	"L18702"	
"566.7509"	"566.750768"	"20"	""		"18549.40528"	"36188.9503"	"6d3.(4P).7s"	""	"2"	""	"*"	"2"		""	"L3552"	
"566.8016"	"566.801294"	"10"	""		"22855.29928"	"40493.2719"	""	"*"	"3"	""	""	"3"		""	"L3552"	
"566.8407"	"566.840499"	"22"	""		"13962.51989"	"31599.2726"	"6d3.(2D2).7s"	""	"1"	""	"*"	"2"		""	"L12239"	
"567.0199"	"567.019432"	"10"	""		"18431.686609"	"36062.8738"	"5f.7s2.7p"	"3G"	"3"	""	"*"	"4"		""	"L3552"	
"567.0812"	"567.082506"	"14"	""		"15166.900593"	"32796.12677"	"6d2.7s.7p"	"5G*"	"3"	""	""	"3"		""	"L12239"	
"567.10711"	"567.107086"	"90"	""		"16554.24283"	"34182.7049"	"6d3.(2H).7s"	"3H"	"6"	""	"*"	"5"		""	"L5951"	
"567.1250"	"567.125017"	"100"	""		"19503.143490"	"37131.0482"	"6d2.7s.7p"	"5F*"	"3"	""	""	"3"		""	"L3552"	
"567.14969"	"567.149700"	"52"	""		"19532.41646"	"37159.5540"	"6d3.(2F).7s"	"3F"	"4"	""	"*"	"3"		""	"L12239"	
"567.2723"	"567.272313"	"27"	""		"19588.36224"	"37211.6898"	"6d2.7s.7p"	"5G*"	"5"	""	""	"5"		""	"L12239"	
"567.28521"	"567.285902"	"150"	""		"21902.26981"	"39525.1752"	"5f.6d2.7s"	"3H*"	"4"	""	""	"5"		""	"L12239"	
"567.3213"	"567.32132"	"17"	""		"23609.16775"	"41230.9729"	""	"*"	"5"	""	""	"4"		""	"L12239"	
"567.38363"	"567.383594"	"390"	""		"10414.13700"	"28034.00813"	"5f.6d.7s2"	"1G*"	"4"	""	""	"5"		""	"L18702"	
"567.3954"	"567.395578"	"18"	""		"20566.62381"	"38186.1228"	"6d2.7s.7p"	"5D*"	"4"	""	""	"4"		""	"L12239"	
"567.4169"	"567.416887"	"20"	""		"21645.85769"	"39264.6950"	"6d3.(2G).7s"	""	"4"	""	"*"	"3"		""	"L12239"	
"567.44637"	"567.446424"	"45"	""		"21902.26981"	"39520.1900"	"5f.6d2.7s"	"3H*"	"4"	""	""	"4"		""	"L12239"	
"567.4594"	"567.459882"	"4"	""		"22637.46361"	"40254.9660"	"5f.7s2.7p"	"3F"	"3"	""	"*"	"3"		""	"L12239"	
"567.498623"	"567.498631"	"910"	""		"11802.93238"	"29419.23183"	"6d3.(4P).7s"	"5P"	"2"	""	"*"	"2"		""	"L18702"	
"567.55017"	"567.550159"	"67"	""		"15166.900593"	"32781.60068"	"6d2.7s.7p"	"5G*"	"3"	""	""	"4"		""	"L5951"	
"567.5601"	"567.559318"	"20"	""		"19039.153374"	"36653.5692"	"6d.7s2.7p"	"3P*"	"2"	""	""	"2"		""	"L3552"	
"567.5701"	"567.570533"	"20"	""		"19516.98043"	"37131.0482"	"6d2.7s.7p"	"5D*"	"2"	""	""	"3"		""	"L3552"	
"567.69784"	"567.697802"	"110"	""		"19948.395175"	"37558.5142"	"6d2.7s.7p"	"5F*"	"4"	""	""	"4"		""	"L5951"	
"567.705266"	"567.705279"	"1900"	""		"7795.275291"	"25405.16237"	"5f.6d.7s2"	"3H*"	"4"	"5f.6d.7s.7p"	"5H"	"4"		""	"L18702"	
"567.7419"	"567.74252"	"9"	""		"23752.68579"	"41361.4177"	""	"*"	"2"	"5f.6d2.7p "	"5H"	"3"		""	"L12239"	
"567.7729"	"567.772359"	"20"	""		"20922.12244"	"38529.9290"	""	"*"	"2"	""	""	"3"		""	"L3552"	
"567.8532"	"567.852357"	"19"	""		"23609.16775"	"41214.4938"	""	"*"	"5"	""	""	"5"		""	"L12239"	
"567.90047"	"567.900464"	"320"	""		"11241.73043"	"28845.56513"	"5f.6d.7s2"	"3F*"	"3"	"5f.6d.7s.7p"	"5H"	"4"		""	"L18702"	
"567.9535"	"567.953415"	"31"	""		"20054.77119"	"37656.9647"	"6d3.(2F).7s"	"3F"	"2"	""	"*"	"3"		""	"L3552"	
"568.0377"	"568.03765"	"9"	""		"25877.50128"	"43477.0844"	""	"*"	"4"	""	""	"5"		""	"L12239"	
"568.0683"	"568.068548"	"8"	""		"19273.28060"	"36871.9066"	"6d3.(2P).7s"	""	"2"	""	"*"	"2"		""	"L12239"	
"568.1441"	"568.143814"	"10"	""		"11601.03035"	"29197.32496"	"6d3.(4P).7s"	"5P"	"1"	""	"*"	"1"		""	"L3552"	
"568.2238"	"568.223620"	"41"	""		"17847.07751"	"35440.9008"	"5f.6d.7s2"	"3P*"	"2"	"6d4"	""	"3"		""	"L3552"	
"568.28455"	"568.284617"	"37"	""		"13945.307389"	"31537.24226"	"6d.7s2.7p"	"3F*"	"3"	""	""	"3"		""	"L12239"	
"568.34871"	"568.348473"	"61"	""		"15970.09583"	"33560.0542"	"6d3.(2D2).7s"	""	"3"	""	"*"	"4"		""	"L12239"	
"568.4866"	"568.486530"	"41"	""		"18930.29333"	"36515.9800"	"6d2.7s.7p"	"3G*"	"3"	""	""	"3"		""	"L3552"	
"568.519195"	"568.519210"	"1100"	""		"8800.249723"	"26384.92556"	"6d3.(4F).7s"	"5F"	"4"	""	"*"	"4"		""	"L18702"	
"568.5826"	"568.582715"	"31"	""		"19503.143490"	"37085.8553"	"6d2.7s.7p"	"5F*"	"3"	""	""	"4"		""	"L3552"	
"568.68762"	"568.687603"	"76"	""		"8111.004545"	"25690.47345"	"6d2.7s2"	"1G"	"4"	""	"*"	"5"		""	"L5951"	
"568.73489"	"568.734870"	"150"	""		"15490.077832"	"33068.08573"	"5f.6d.7s2"	"3G*"	"5"	""	""	"6"		""	"L5951"	
"568.7997"	"568.799461"	"20"	""		"14465.221873"	"32041.23370"	"6d2.7s.7p"	"5G*"	"2"	""	""	"2"		""	"L3552"	
"568.8527"	"568.852321"	"10"	""		"20522.71449"	"38097.0931"	"6d2.7s.7p"	"3F*"	"2"	""	""	"2"		""	"L3552"	
"568.9477"	"568.947543"	"10"	""		"22855.29928"	"40426.7366"	""	"*"	"3"	""	""	"4"		""	"L3552"	
"568.9647"	"568.964666"	"100"	""		"18011.38030"	"35582.2888"	"5f.6d2.7s"	"5H*"	"5"	""	""	"5"		""	"L3552"	
"569.0118"	"569.010909"	"100"	""		"20214.92997"	"37784.4105"	"6d2.7s.7p"	"5D*"	"3"	""	""	"2"		""	"L3552"	
"569.06934"	"569.069311"	"160"	""		"14206.91694"	"31774.59439"	"5f.6d.7s2"	"3F*"	"4"	""	""	"3"		""	"L5951"	
"569.1681"	"569.168509"	"51"	""		"3687.987189"	"21252.60286"	"6d2.7s2"	""	"2"	""	"*"	"2"		""	"L3552"	
"569.1906"	"569.190292"	"31"	""		"19273.28060"	"36837.2241"	"6d3.(2P).7s"	""	"2"	""	"*"	"1"		""	"L3552"	
"569.21601"	"569.215923"	"70"	""		"15863.88829"	"33427.0409"	"6d3.(2D2).7s"	""	"2"	""	"*"	"2"		""	"L12239"	
"569.35709"	"569.357077"	"55"	""		"7280.123222"	"24838.92167"	"6d2.7s2"	""	"2"	""	"*"	"1"		""	"L12239"	
"569.3759"	"569.375254"	"10"	""		"17847.07751"	"35405.3154"	"5f.6d.7s2"	"3P*"	"2"	""	""	"3"		""	"L3552"	
"569.44345"	"569.443297"	"68"	""		"16217.482038"	"33773.6219"	"6d.7s2.7p"	"1D*"	"2"	""	""	"1"		""	"L12239"	
"569.6193"	"569.619683"	"14"	""		"17224.302340"	"34775.0059"	"6d2.7s.7p"	"5F*"	"2"	""	""	"1"		""	"L12239"	
"569.63904"	"569.639027"	"300"	""		"15493.21943"	"33043.3270"	"6d3.(2H).7s"	"3H"	"4"	""	"*"	"3"		""	"L5951"	
"569.829363"	"569.829358"	"560"	""		"11877.839132"	"29422.08479"	"6d.7s2.7p"	"3D*"	"1"	"6d4"	""	"1"		""	"L18702"	
"569.85435"	"569.854365"	"140"	""		"23277.38774"	"40820.8635"	"5f.6d.7s.7p"	"5I"	"5"	""	"*"	"5"		""	"L5951"	
"569.86206"	"569.861948"	"100"	""		"15166.900593"	"32710.14290"	"6d2.7s.7p"	"5G*"	"3"	""	""	"2"		""	"L12239"	
"570.07808"	"570.078061"	"420"	""		"12114.36618"	"29650.95804"	"5f.6d.7s2"	"1D*"	"2"	""	""	"2"		""	"L18702"	
"570.2032"	"570.20298"	"33"	""		"23752.68579"	"41285.4358"	""	"*"	"2"	""	""	"3"		""	"L12239"	
"570.2543"	"570.253525"	"10"	""		"22163.13360"	"39694.3296"	""	"*"	"4"	"5f.6d2.7p "	"5I"	"5"		""	"L3552"	
"570.26511"	"570.265106"	"300"	""		"5563.141519"	"23093.98148"	"6d3.(4F).7s"	"5F"	"1"	""	"*"	"2"		""	"L5951"	
"570.4125"	"570.412294"	"27"	""		"18809.88631"	"36336.2027"	"6d2.7s.7p"	"5G*"	"4"	""	""	"3"		""	"L12239"	
"570.54802"	"570.548180"	"40"	""		"21143.42198"	"38665.5642"	"6d3.(2H).7s"	"1H"	"5"	""	"*"	"5"		""	"L12239"	
"570.56371"	"570.563733"	"240"	""		"19227.33665"	"36749.00126"	"5f.6d2.7s"	"5I*"	"6"	""	""	"6"		""	"L5951"	
"570.5866"	"570.586274"	"82"	""		"19713.03109"	"37234.0035"	"6d3.(2F).7s"	"3F"	"3"	""	"*"	"2"		""	"L3552"	
"570.8039"	"570.80389"	"6"	""		"20922.12244"	"38436.4152"	""	"*"	"2"	""	""	"2"		""	"L12239"	
"570.86791"	"570.867945"	"250"	""		"14204.26476"	"31716.59227"	"6d3.(2G).7s"	""	"5"	""	"*"	"5"		""	"L18702"	
"570.9858"	"570.985309"	"10"	""		"19532.41646"	"37041.1444"	"6d3.(2F).7s"	"3F"	"4"	""	"*"	"4"		""	"L3552"	
"571.0266"	"571.026932"	"15"	""		"18069.065569"	"35576.5173"	"6d.7s2.7p"	"1F*"	"3"	""	""	"3"		""	"L12239"	
"571.1023"	"571.101790"	"10"	""		"14032.085336"	"31537.24226"	"6d.7s2.7p"	"3D*"	"2"	""	""	"3"		""	"L3552"	
"571.1454"	"571.144531"	"10"	""		"16217.482038"	"33721.32901"	"6d.7s2.7p"	"1D*"	"2"	""	""	"2"		""	"L3552"	
"571.19957"	"571.199598"	"190"	""		"17959.89498"	"35462.0545"	"6d3.(4F).7s"	"3F"	"4"	""	"*"	"3"		""	"L5951"	
"571.2996"	"571.299089"	"18"	""		"23277.38774"	"40776.4993"	"5f.6d.7s.7p"	"5I"	"5"	""	"*"	"4"		""	"L12239"	
"571.3164"	"571.317307"	"33"	""		"18930.29333"	"36428.8469"	"6d2.7s.7p"	"3G*"	"3"	""	""	"2"		""	"L12239"	
"571.3732"	"571.372787"	"20"	""		"20322.26571"	"37819.1202"	"5f.6d.7s2"	"1H*"	"5"	""	""	"4"		""	"L3552"	
"571.57244"	"571.572401"	"160"	""		"13297.43316"	"30788.17715"	"6d3.(2G).7s"	"3G"	"4"	""	"*"	"5"		""	"L5951"	
"571.59466"	"571.594654"	"64"	""		"10783.15535"	"28273.21842"	"6d.7s2.7p"	"3F*"	"2"	""	""	"2"		""	"L12239"	
"571.71710"	"571.717101"	"330"	""		"5563.141519"	"23049.45870"	"6d3.(4F).7s"	"5F"	"1"	""	"*"	"1"		""	"L18702"	
"571.75246"	"571.752461"	"100"	""		"16346.64962"	"33831.88538"	"5f.6d2.7s"	"5H*"	"4"	""	""	"4"		""	"L5951"	
"571.8118"	"571.811816"	"82"	""		"17224.302340"	"34707.7231"	"6d2.7s.7p"	"5F*"	"2"	""	""	"3"		""	"L3552"	
"571.8411"	"571.840216"	"9"	""		"23306.82782"	"40789.3803"	"5f.6d2.7s"	"3I*"	"6"	""	""	"5"		""	"L12239"	
"571.88603"	"571.88581"	"47"	""		"24274.71139"	"41755.8700"	""	"*"	"5"	""	""	"4"		""	"L12239"	
"571.90971"	"571.909693"	"78"	""		"15618.98461"	"33099.41329"	"5f.6d2.7s"	"5H*"	"3"	""	""	"3"		""	"L5951"	
"571.962247"	"571.962245"	"6300"	""		"7502.287636"	"24981.11021"	"6d3.(4F).7s"	"5F"	"3"	""	"*"	"3"		""	"L18702"	
"572.018265"	"572.018265"	"31000"	""		"3687.987189"	"21165.098037"	"6d2.7s2"	""	"2"	"5f.6d.7s2"	"3D*"	"3"		""	"L18702"	
"572.14243"	"572.142408"	"270"	""		"15490.077832"	"32963.39652"	"5f.6d.7s2"	"3G*"	"5"	""	""	"5"		""	"L5951"	
"572.1722"	"572.17092"	"13"	""		"26384.92556"	"43857.3737"	""	"*"	"4"	""	""	"5"		""	"L12239"	
"572.2012"	"572.199924"	"20"	""		"16217.482038"	"33689.0444"	"6d.7s2.7p"	"1D*"	"2"	""	""	"2"		""	"L3552"	
"572.35325"	"572.353111"	"61"	""		"14204.26476"	"31671.1510"	"6d3.(2G).7s"	""	"5"	""	"*"	"4"		""	"L12239"	
"572.423687"	"572.423725"	"510"	""		"13088.56115"	"30553.29269"	"6d3.(2G).7s"	"3G"	"3"	""	"*"	"2"		""	"L18702"	
"572.43839"	"572.438366"	"65"	""		"13297.43316"	"30761.71803"	"6d3.(2G).7s"	"3G"	"4"	""	"*"	"3"		""	"L18702"	
"572.446382"	"572.446372"	"890"	""		"8111.004545"	"25575.04516"	"6d2.7s2"	"1G"	"4"	""	"*"	"4"		""	"L18702"	
"572.4863"	"572.485569"	"20"	""		"17411.224415"	"34874.0693"	"6d.7s2.7p"	"3D*"	"3"	""	""	"3"		""	"L3552"	
"572.538837"	"572.538839"	"5300"	""		"9804.806547"	"27266.02670"	"6d3.(4F).7s"	"5F"	"5"	""	"*"	"4"		""	"L18702"	
"572.58959"	"572.589548"	"160"	""		"16554.24283"	"34013.9166"	"6d3.(2H).7s"	"3H"	"6"	""	"*"	"5 or 6"		""	"L5951"	
"572.6792"	"572.679051"	"10"	""		"15970.09583"	"33427.0409"	"6d3.(2D2).7s"	""	"3"	""	"*"	"2"		""	"L3552"	
"572.6910"	"572.69095"	"13"	""		"22508.04658"	"39964.6289"	"6d2.7s.7p"	"5P*"	"2"	""	""	"2"		""	"L12239"	
"572.70131"	"572.701315"	"160"	""		"19948.395175"	"37404.6616"	"6d2.7s.7p"	"5F*"	"4"	""	""	"3"		""	"L5951"	
"572.77103"	"572.771040"	"340"	""		"10526.544406"	"27980.68586"	"5f.6d.7s2"	"3G*"	"3"	""	""	"3"		""	"L18702"	
"572.7997"	"572.799342"	"81"	""		"17398.39526"	"34851.6743"	"6d3.(4F).7s"	""	"3"	""	"*"	"2"		""	"L3552"	
"572.9119"	"572.911760"	"51"	""		"11802.93238"	"29252.78674"	"6d3.(4P).7s"	"5P"	"2"	""	"*"	"2"		""	"L3552"	
"572.9236"	"572.923139"	"20"	""		"21902.26981"	"39351.7776"	"5f.6d2.7s"	"3H*"	"4"	""	""	"5"		""	"L3552"	
"572.99823"	"572.998256"	"400"	""		"23277.38774"	"40724.6080"	"5f.6d.7s.7p"	"5I"	"5"	""	"*"	"5"		""	"L5951"	
"573.0307"	"573.030362"	"20"	""		"19039.153374"	"36485.3961"	"6d.7s2.7p"	"3P*"	"2"	""	""	"2"		""	"L3552"	
"573.0876"	"573.08694"	"16"	""		"23916.89747"	"41361.4177"	""	"*"	"4"	"5f.6d2.7p "	"5H"	"3"		""	"L12239"	
"573.16022"	"573.160239"	"120"	""		"17501.17592"	"34943.46540"	"5f.6d2.7s"	"5I*"	"5"	""	""	"6"		""	"L5951"	
"573.30994"	"573.309849"	"220"	""		"4961.658832"	"22399.39666"	"6d2.7s2"	"3F"	"4"	"5f.6d2.7s"	"3I*"	"5"		""	"L5951"	
"573.31711"	"573.316710"	"71"	""		"11241.73043"	"28679.25957"	"5f.6d.7s2"	"3F*"	"3"	""	""	"2"		""	"L12239"	
"573.3651"	"573.364741"	"40"	""		"19713.03109"	"37149.0995"	"6d3.(2F).7s"	"3F"	"3"	""	"*"	"2"		""	"L3552"	
"573.38850"	"573.388574"	"100"	""		"13847.77037"	"31283.11407"	"6d3.(4F).7s"	"3F"	"2"	""	"*"	"3"		""	"L5951"	
"573.41649"	"573.416505"	"98"	""		"17354.638583"	"34789.1330"	"5f.6d.7s2"	"3D*"	"1"	""	""	"2"		""	"L12239"	
"573.4579"	"573.457828"	"81"	""		"15863.88829"	"33297.1264"	"6d3.(2D2).7s"	""	"2"	""	"*"	"2"		""	"L3552"	
"573.5146"	"573.51471"	"10"	""		"22248.94952"	"39680.4585"	""	"*"	"2"	""	""	"2"		""	"L3552"	
"573.5301"	"573.530236"	"23"	""		"15863.88829"	"33294.9255"	"6d3.(2D2).7s"	""	"2"	""	"*"	"3"		""	"L12239"	
"573.602958"	"573.602954"	"640"	""		"13088.56115"	"30517.38856"	"6d3.(2G).7s"	"3G"	"3"	""	"*"	"4"		""	"L18702"	
"573.63088"	"573.630818"	"41"	""		"23521.04909"	"40949.0299"	""	"*"	"3"	""	""	"3"		""	"L12239"	
"573.7645"	"573.764073"	"20"	""		"21575.03713"	"38998.9704"	"6d3.(2P).7s"	""	"2"	""	"*"	"3"		""	"L3552"	
"573.83075"	"573.830822"	"94"	""		"11877.839132"	"29299.74563"	"6d.7s2.7p"	"3D*"	"1"	""	""	"0"		""	"L5951"	
"573.89669"	"573.896613"	"160"	""		"14206.91694"	"31626.82622"	"5f.6d.7s2"	"3F*"	"4"	""	""	"5"		""	"L5951"	
"573.9837"	"573.982516"	"31"	""		"21539.59257"	"38956.8948"	""	"*"	"4"	""	""	"4"		""	"L3552"	
"574.0196"	"574.019607"	"20"	""		"21645.85769"	"39062.0345"	"6d3.(2G).7s"	""	"4"	""	"*"	"5"		""	"L3552"	
"574.1715"	"574.170983"	"52"	""		"23015.15141"	"40426.7366"	""	"*"	"5"	""	""	"4"		""	"L3552"	
"574.182881"	"574.182881"	"1700"	""		"0.000000"	"17411.224415"	"6d2.7s2"	"3F"	"2"	"6d.7s2.7p"	"3D*"	"3"		""	"L18702"	
"574.30619"	"574.306327"	"51"	""		"12847.96912"	"30255.45106"	"6d3.(4P).7s"	"5P"	"3"	""	"*"	"3"		""	"L12239"	
"574.3586"	"574.358214"	"23"	""		"18930.29333"	"36336.2027"	"6d2.7s.7p"	"3G*"	"3"	""	""	"3"		""	"L12239"	
"574.4689"	"574.468259"	"13"	""		"22855.29928"	"40257.8744"	""	"*"	"3"	""	""	"4"		""	"L12239"	
"574.5233"	"574.523315"	"51"	""		"18809.88631"	"36210.7938"	"6d2.7s.7p"	"5G*"	"4"	""	""	"5"		""	"L3552"	
"574.6471"	"574.646800"	"22"	""		"14032.085336"	"31429.25358"	"6d.7s2.7p"	"3D*"	"2"	""	""	"1"		""	"L12239"	
"574.7058"	"574.705812"	"20"	""		"19273.28060"	"36668.6625"	"6d3.(2P).7s"	""	"2"	""	"*"	"2"		""	"L3552"	
"574.71931"	"574.719301"	"240"	""		"11802.93238"	"29197.90600"	"6d3.(4P).7s"	"5P"	"2"	""	"*"	"2"		""	"L5951"	
"574.73848"	"574.738499"	"280"	""		"11802.93238"	"29197.32496"	"6d3.(4P).7s"	"5P"	"2"	""	"*"	"1"		""	"L5951"	
"574.7522"	"574.75215"	"17"	""		"24307.74711"	"41701.7265"	""	"*"	"2"	""	""	"1"		""	"L12239"	
"574.83219"	"574.83213"	"270"	""		"13962.51989"	"31354.0791"	"6d3.(2D2).7s"	""	"1"	""	"*"	"0"		""	"L18702"	
"574.874092"	"574.874094"	"2900"	""		"6362.395980"	"23752.68579"	"6d3.(4F).7s"	"5F"	"2"	""	"*"	"2"		""	"L18702"	
"574.92273"	"574.922750"	"97"	""		"16217.482038"	"33606.30012"	"6d.7s2.7p"	"1D*"	"2"	""	""	"2"		""	"L5951"	
"574.97349"	"574.973511"	"130"	""		"18053.617845"	"35440.9008"	"6d.7s2.7p"	"3F*"	"4"	"6d4"	""	"3"		""	"L5951"	
"574.978602"	"574.978599"	"870"	""		"3865.473772"	"21252.60286"	"6d2.7s2"	"3P"	"1"	""	"*"	"2"		""	"L18702"	
"575.14334"	"575.143312"	"85"	""		"19503.143490"	"36885.2932"	"6d2.7s.7p"	"5F*"	"3"	""	""	"4"		""	"L5951"	
"575.15909"	"575.159272"	"44"	""		"13945.307389"	"31326.97478"	"6d.7s2.7p"	"3F*"	"3"	""	""	"4"		""	"L12239"	
"575.1629"	"575.162961"	"40"	""		"21902.26981"	"39283.8257"	"5f.6d2.7s"	"3H*"	"4"	""	""	"4"		""	"L3552"	
"575.25834"	"575.258186"	"130"	""		"6362.395980"	"23741.07467"	"6d3.(4F).7s"	"5F"	"2"	""	"*"	"1"		""	"L12239"	
"575.28386"	"575.283679"	"93"	""		"17411.224415"	"34789.1330"	"6d.7s2.7p"	"3D*"	"3"	""	""	"2"		""	"L12239"	
"575.302631"	"575.302634"	"4400"	""		"4961.658832"	"22338.99484"	"6d2.7s2"	"3F"	"4"	"5f.6d2.7s"	"5G*"	"3"		""	"L18702"	
"575.3984"	"575.398581"	"30"	""		"18699.62342"	"36074.0618"	"5f.7s2.7p"	"3F"	"2"	""	"*"	"3"		""	"L3552"	
"575.47355"	"575.473464"	"87"	""		"17501.17592"	"34873.3535"	"5f.6d2.7s"	"5I*"	"5"	""	""	"4"		""	"L12239"	
"575.48418"	"575.484805"	"39"	""		"18069.065569"	"35440.9008"	"6d.7s2.7p"	"1F*"	"3"	"6d4"	""	"3"		""	"L12239"	
"575.57172"	"575.572028"	"50"	""		"23113.54761"	"40482.7503"	"5f.6d2.7s"	"5G*"	"4"	""	""	"5"		""	"L12239"	
"575.69021"	"575.690325"	"32"	""		"11197.031257"	"28562.66485"	"5f.6d.7s2"	"3H*"	"5"	""	""	"4"		""	"L12239"	
"575.8469"	"575.846753"	"19"	""		"20423.494218"	"37784.4105"	"6d.7s2.7p"	"3P*"	"1"	""	""	"2"		""	"L12239"	
"575.9188"	"575.918732"	"25"	""		"19948.395175"	"37307.1417"	"6d2.7s.7p"	"5F*"	"4"	"6d4"	""	"3"		""	"L12239"	
"576.055058"	"576.055056"	"53000"	""		"0.000000"	"17354.638583"	"6d2.7s2"	"3F"	"2"	"5f.6d.7s2"	"3D*"	"1"		""	"L18702"	
"576.15271"	"576.152696"	"96"	""		"18053.617845"	"35405.3154"	"6d.7s2.7p"	"3F*"	"4"	""	""	"3"		""	"L5951"	
"576.17715"	"576.17717"	"74"	""		"23049.45870"	"40400.4192"	""	"*"	"1"	""	""	"2"		""	"L12239"	
"576.2078"	"576.208075"	"30"	""		"21902.26981"	"39252.2997"	"5f.6d2.7s"	"3H*"	"4"	""	""	"5"		""	"L3552"	
"576.27940"	"576.279402"	"490"	""		"17501.17592"	"34849.05842"	"5f.6d2.7s"	"5I*"	"5"	""	""	"5"		""	"L5951"	
"576.29666"	"576.296378"	"80"	""		"16217.482038"	"33564.85352"	"6d.7s2.7p"	"1D*"	"2"	""	""	"3"		""	"L12239"	
"576.352881"	"576.352882"	"3700"	""		"2869.259165"	"20214.92997"	"6d2.7s2"	"3F"	"3"	"6d2.7s.7p"	"5D*"	"3"		""	"L18702"	
"576.42223"	"576.422223"	"74"	""		"20214.92997"	"37558.5142"	"6d2.7s.7p"	"5D*"	"3"	""	""	"4"		""	"L12239"	
"576.4332"	"576.43312"	"9"	""		"22163.13360"	"39506.3900"	""	"*"	"4"	""	""	"3"		""	"L12239"	
"576.6662"	"576.666090"	"51"	""		"18069.065569"	"35405.3154"	"6d.7s2.7p"	"1F*"	"3"	""	""	"3"		""	"L3552"	
"576.777850"	"576.777843"	"790"	""		"13175.113345"	"30508.00424"	"5f.6d.7s2"	"3G*"	"4"	""	""	"5"		""	"L18702"	
"576.818113"	"576.818108"	"2100"	""		"8111.004545"	"25442.68552"	"6d2.7s2"	"1G"	"4"	""	"*"	"3"		""	"L18702"	
"576.86318"	"576.863230"	"94"	""		"14206.91694"	"31537.24226"	"5f.6d.7s2"	"3F*"	"4"	""	""	"3"		""	"L5951"	
"576.9986"	"576.99895"	"18"	""		"27852.74095"	"45178.9900"	""	"*"	"5"	""	""	"6"		""	"L12239"	
"577.01010"	"577.010033"	"120"	""		"17166.10472"	"34492.0209"	"6d3.(2H).7s"	"3H"	"5"	""	"*"	"4"		""	"L5951"	
"577.0461"	"577.046220"	"100"	""		"15970.09583"	"33294.9255"	"6d3.(2D2).7s"	""	"3"	""	"*"	"3"		""	"L3552"	
"577.0562"	"577.055673"	"40"	""		"20423.494218"	"37748.0401"	"6d.7s2.7p"	"3P*"	"1"	""	""	"2"		""	"L3552"	
"577.07945"	"577.079386"	"35"	""		"20566.62381"	"37890.4578"	"6d2.7s.7p"	"5D*"	"4"	""	""	"5"		""	"L12239"	
"577.08671"	"577.086661"	"43"	""		"18809.88631"	"36133.5019"	"6d2.7s.7p"	"5G*"	"4"	""	""	"5"		""	"L12239"	
"577.17602"	"577.175991"	"380"	""		"11241.73043"	"28562.66485"	"5f.6d.7s2"	"3F*"	"3"	""	""	"4"		""	"L18702"	
"577.19612"	"577.196178"	"120"	""		"13945.307389"	"31265.63604"	"6d.7s2.7p"	"3F*"	"3"	""	""	"3"		""	"L5951"	
"577.3750"	"577.374680"	"100"	""		"19503.143490"	"36818.1174"	"6d2.7s.7p"	"5F*"	"3"	""	""	"2"		""	"L3552"	
"577.394628"	"577.394620"	"1500"	""		"5563.141519"	"22877.51748"	"6d3.(4F).7s"	"5F"	"1"	""	"*"	"1"		""	"L18702"	
"577.4073"	"577.407644"	"81"	""		"17959.89498"	"35273.8804"	"6d3.(4F).7s"	"3F"	"4"	"6d3.7p"	"5G*"	"5"		""	"L3552"	
"577.4726"	"577.472693"	"100"	""		"12847.96912"	"30160.00425"	"6d3.(4P).7s"	"5P"	"3"	""	"*"	"4"		""	"L3552"	
"577.49825"	"577.49818"	"33"	""		"18574.61019"	"35885.8813"	"6d3.(2P).7s"	""	"1"	""	"*"	"2"		""	"L12239"	
"577.5312"	"577.530965"	"30"	""		"16351.93901"	"33662.2274"	"6d2.7s2"	""	"0"	""	"*"	"1"		""	"L3552"	
"577.56161"	"577.561523"	"80"	""		"14465.221873"	"31774.59439"	"6d2.7s.7p"	"5G*"	"2"	""	""	"3"		""	"L12239"	
"577.61678"	"577.616715"	"280"	""		"12114.36618"	"29422.08479"	"5f.6d.7s2"	"1D*"	"2"	"6d4"	""	"1"		""	"L5951"	
"577.6550"	"577.654830"	"20"	""		"20214.92997"	"37521.5066"	"6d2.7s.7p"	"5D*"	"3"	""	""	"3"		""	"L3552"	
"577.7023"	"577.701854"	"20"	""		"19503.143490"	"36808.3114"	"6d2.7s.7p"	"5F*"	"3"	""	""	"3"		""	"L3552"	
"577.740034"	"577.740035"	"510"	""		"12114.36618"	"29418.39044"	"5f.6d.7s2"	"1D*"	"2"	""	""	"2"		""	"L18702"	
"577.7849"	"577.784851"	"31"	""		"17847.07751"	"35149.75961"	"5f.6d.7s2"	"3P*"	"2"	""	""	"2"		""	"L12239"	
"577.8364"	"577.836452"	"10"	""		"19516.98043"	"36818.1174"	"6d2.7s.7p"	"5D*"	"2"	""	""	"2"		""	"L3552"	
"577.8594"	"577.859412"	"100"	""		"15970.09583"	"33270.5454"	"6d3.(2D2).7s"	""	"3"	""	"*"	"4"		""	"L3552"	
"577.9147"	"577.91466"	"8"	""		"23741.07467"	"41039.8704"	""	"*"	"1"	""	""	"2"		""	"L12239"	
"577.94088"	"577.940727"	"99"	""		"17073.80916"	"34371.8246"	"6d3.(4P).7s"	""	"1"	""	"*"	"2"		""	"L12239"	
"577.9735"	"577.973008"	"81"	""		"19039.153374"	"36336.2027"	"6d.7s2.7p"	"3P*"	"2"	""	""	"3"		""	"L3552"	
"577.98351"	"577.983505"	"230"	""		"8800.249723"	"26096.98491"	"6d3.(4F).7s"	"5F"	"4"	""	"*"	"3"		""	"L5951"	
"578.0438"	"578.043735"	"20"	""		"22399.39666"	"39694.3296"	"5f.6d2.7s"	"3I*"	"5"	"5f.6d2.7p "	"5I"	"5"		""	"L3552"	
"578.14810"	"578.14743"	"83"	""		"26645.40609"	"43937.2371"	""	"*"	"5"	""	""	"6"		""	"L12239"	
"578.15780"	"578.157734"	"95"	""		"15490.077832"	"32781.60068"	"5f.6d.7s2"	"3G*"	"5"	""	""	"4"		""	"L5951"	
"578.16587"	"578.165888"	"340"	""		"15166.900593"	"32458.17957"	"6d2.7s.7p"	"5G*"	"3"	""	""	"4"		""	"L5951"	
"578.22423"	"578.224231"	"260"	""		"18011.38030"	"35300.9146"	"5f.6d2.7s"	"5H*"	"5"	"5f.6d2.7p"	"5K"	"5"		""	"L5951"	
"578.23140"	"578.231372"	"420"	""		"11241.73043"	"28531.05121"	"5f.6d.7s2"	"3F*"	"3"	"6d4"	""	"2"		""	"L18702"	
"578.3839"	"578.383188"	"25"	""		"21890.13254"	"39174.9152"	""	"*"	"3"	""	""	"3"		""	"L12239"	
"578.4216"	"578.42164"	"13"	""		"22396.82500"	"39680.4585"	""	"*"	"1"	""	""	"2"		""	"L12239"	
"578.49238"	"578.492098"	"35"	""		"7280.123222"	"24561.65178"	"6d2.7s2"	""	"2"	""	"*"	"3"		""	"L12239"	
"578.51224"	"578.512346"	"40"	""		"17959.89498"	"35240.8187"	"6d3.(4F).7s"	"3F"	"4"	""	"*"	"3"		""	"L12239"	
"578.5866"	"578.586550"	"18"	""		"21165.098037"	"38443.8055"	"5f.6d.7s2"	"3D*"	"3"	""	""	"3"		""	"L12239"	
"578.6209"	"578.62140"	"29"	""		"19817.18191"	"37094.8488"	"6d2.7s.7p"	"5P*"	"1"	""	""	"2"		""	"L3552"	
"578.6784"	"578.678693"	"24"	""		"23306.82782"	"40582.7840"	"5f.6d2.7s"	"3I*"	"6"	""	""	"5"		""	"L12239"	
"578.7896"	"578.789614"	"30"	""		"21902.26981"	"39174.9152"	"5f.6d2.7s"	"3H*"	"4"	""	""	"3"		""	"L3552"	
"578.8027"	"578.804023"	"40"	""		"19503.143490"	"36775.3589"	"6d2.7s.7p"	"5F*"	"3"	""	""	"3"		""	"L3552"	
"578.93751"	"578.937330"	"36"	""		"19532.41646"	"36800.6548"	"6d3.(2F).7s"	"3F"	"4"	""	"*"	"4"		""	"L12239"	
"578.964495"	"578.964495"	"3400"	""		"7502.287636"	"24769.71573"	"6d3.(4F).7s"	"5F"	"3"	""	"*"	"3"		""	"L18702"	
"579.1032"	"579.103122"	"50"	""		"19948.395175"	"37211.6898"	"6d2.7s.7p"	"5F*"	"4"	""	""	"5"		""	"L3552"	
"579.17035"	"579.170468"	"240"	""		"15493.21943"	"32754.5067"	"6d3.(2H).7s"	"3H"	"4"	""	"*"	"3"		""	"L5951"	
"579.243027"	"579.243024"	"2700"	""		"2558.056752"	"19817.18191"	"6d2.7s2"	"3P"	"0"	"6d2.7s.7p"	"5P*"	"1"		""	"L18702"	
"579.2685"	"579.268085"	"40"	""		"19516.98043"	"36775.3589"	"6d2.7s.7p"	"5D*"	"2"	""	""	"3"		""	"L3552"	
"579.5407"	"579.540223"	"10"	""		"17073.80916"	"34324.0836"	"6d3.(4P).7s"	""	"1"	""	"*"	"2"		""	"L3552"	
"579.606825"	"579.606820"	"1600"	""		"8800.249723"	"26048.54211"	"6d3.(4F).7s"	"5F"	"4"	""	"*"	"4"		""	"L18702"	
"579.65207"	"579.652322"	"87"	""		"15490.077832"	"32737.01627"	"5f.6d.7s2"	"3G*"	"5"	""	""	"5"		""	"L12239"	
"579.731934"	"579.731925"	"570"	""		"8111.004545"	"25355.57481"	"6d2.7s2"	"1G"	"4"	""	"*"	"4"		""	"L18702"	
"579.8088"	"579.807852"	"51"	""		"17847.07751"	"35089.38959"	"5f.6d.7s2"	"3P*"	"2"	""	""	"3"		""	"L3552"	
"579.8260"	"579.825866"	"40"	""		"21143.42198"	"38385.1984"	"6d3.(2H).7s"	"1H"	"5"	""	"*"	"5"		""	"L3552"	
"579.847780"	"579.847784"	"450"	""		"6362.395980"	"23603.52066"	"6d3.(4F).7s"	"5F"	"2"	""	"*"	"2"		""	"L18702"	
"579.87650"	"579.876216"	"58"	""		"19227.33665"	"36467.6160"	"5f.6d2.7s"	"5I*"	"6"	""	""	"7"		""	"L12239"	
"580.0159"	"580.016838"	"10"	""		"8800.249723"	"26036.34930"	"6d3.(4F).7s"	"5F"	"4"	""	"*"	"3"		""	"L3552"	
"580.082950"	"580.082948"	"6000"	""		"3687.987189"	"20922.12244"	"6d2.7s2"	""	"2"	""	"*"	"2"		""	"L18702"	
"580.1027"	"580.102624"	"410"	""		"14032.085336"	"31265.63604"	"6d.7s2.7p"	"3D*"	"2"	""	""	"3"		""	"L3552"	
"580.2097"	"580.209195"	"30"	""		"19532.41646"	"36762.8018"	"6d3.(2F).7s"	"3F"	"4"	""	"*"	"3"		""	"L3552"	
"580.23871"	"580.238517"	"120"	""		"15166.900593"	"32396.41519"	"6d2.7s.7p"	"5G*"	"3"	"6d4"	"3P1"	"2"		""	"L12239"	
"580.28483"	"580.284884"	"140"	""		"13847.77037"	"31075.9083"	"6d3.(4F).7s"	"3F"	"2"	""	"*"	"2"		""	"L5951"	
"580.3735"	"580.372989"	"82"	""		"19986.16721"	"37211.6898"	"5f.6d2.7s"	"5H*"	"6"	""	""	"5"		""	"L3552"	
"580.3805"	"580.379626"	"51"	""		"20522.71449"	"37748.0401"	"6d2.7s.7p"	"3F*"	"2"	""	""	"2"		""	"L3552"	
"580.414107"	"580.414105"	"18000"	""		"0.000000"	"17224.302340"	"6d2.7s2"	"3F"	"2"	"6d2.7s.7p"	"5F*"	"2"		""	"L18702"	
"580.5244"	"580.524059"	"20"	""		"21539.59257"	"38760.6326"	""	"*"	"4"	""	""	"4"		""	"L3552"	
"580.5495"	"580.549139"	"260"	""		"17224.302340"	"34444.5984"	"6d2.7s.7p"	"5F*"	"2"	""	""	"2"		""	"L3552"	
"580.5612"	"580.560624"	"10"	""		"13297.43316"	"30517.38856"	"6d3.(2G).7s"	"3G"	"4"	""	"*"	"4"		""	"L3552"	
"580.57019"	"580.570152"	"270"	""		"13297.43316"	"30517.10597"	"6d3.(2G).7s"	"3G"	"4"	""	"*"	"5"		""	"L18702"	
"580.61978"	"580.619682"	"160"	""		"16346.64962"	"33564.85352"	"5f.6d2.7s"	"5H*"	"4"	""	""	"3"		""	"L5951"	
"580.65873"	"580.658597"	"49"	""		"21165.098037"	"38382.1480"	"5f.6d.7s2"	"3D*"	"3"	""	""	"3"		""	"L12239"	
"580.76814"	"580.768144"	"380"	""		"14032.085336"	"31245.88778"	"6d.7s2.7p"	"3D*"	"2"	""	""	"2"		""	"L5951"	
"580.7932"	"580.792942"	"10"	""		"22098.18793"	"39311.2554"	"5f.6d.7s.7p"	"5I"	"4"	""	"*"	"4"		""	"L3552"	
"580.86568"	"580.865591"	"99"	""		"8111.004545"	"25321.91918"	"6d2.7s2"	"1G"	"4"	""	"*"	"3"		""	"L5951"	
"580.9992"	"580.99922"	"18"	""		"23752.68579"	"40959.6419"	""	"*"	"2"	""	""	"2"		""	"L12239"	
"581.0453"	"581.044732"	"51"	""		"18011.38030"	"35216.98873"	"5f.6d2.7s"	"5H*"	"5"	""	""	"5"		""	"L3552"	
"581.18412"	"581.184205"	"110"	""		"21165.098037"	"38366.5775"	"5f.6d.7s2"	"3D*"	"3"	"6d4"	""	"4"		""	"L18702"	
"581.26982"	"581.269891"	"82"	""		"17847.07751"	"35046.0213"	"5f.6d.7s2"	"3P*"	"2"	""	"5F"	"1"		""	"L12239"	
"581.297240"	"581.297251"	"1200"	""		"10414.13700"	"27612.27129"	"5f.6d.7s2"	"1G*"	"4"	"6d4"	"3G"	"3"		""	"L18702"	
"581.31764"	"581.317659"	"55"	""		"10783.15535"	"27980.68586"	"6d.7s2.7p"	"3F*"	"2"	""	""	"3"		""	"L12239"	
"581.3534"	"581.352935"	"10"	""		"13945.307389"	"31141.79438"	"6d.7s2.7p"	"3F*"	"3"	"6d4"	"3D"	"3"		""	"L3552"	
"581.4095"	"581.409424"	"14"	""		"21539.59257"	"38734.4088"	""	"*"	"4"	""	""	"3"		""	"L12239"	
"581.43665"	"581.436051"	"35"	""		"21902.26981"	"39096.2986"	"5f.6d2.7s"	"3H*"	"4"	""	""	"4"		""	"L12239"	
"581.47256"	"581.472495"	"89"	""		"19588.36224"	"36781.3134"	"6d2.7s.7p"	"5G*"	"5"	""	""	"5"		""	"L5951"	
"581.6182"	"581.618203"	"21"	""		"22163.13360"	"39351.7776"	""	"*"	"4"	""	""	"5"		""	"L12239"	
"581.7225"	"581.722572"	"15"	""		"25575.04516"	"42760.6053"	""	"*"	"4"	""	""	"5"		""	"L12239"	
"581.8218"	"581.820994"	"21"	""		"19948.395175"	"37131.0482"	"6d2.7s.7p"	"5F*"	"4"	""	""	"3"		""	"L3552"	
"581.84495"	"581.844931"	"330"	""		"14247.30742"	"31429.25358"	"5f.6d.7s2"	"3P*"	"0"	""	""	"1"		""	"L5951"	
"581.8801"	"581.880022"	"11"	""		"16346.64962"	"33527.55959"	"5f.6d2.7s"	"5H*"	"4"	""	""	"4"		""	"L12239"	
"581.9019"	"581.90082"	"12"	""		"23521.04909"	"40701.3450"	""	"*"	"3"	""	""	"4"		""	"L12239"	
"581.91271"	"581.912682"	"94"	""		"4961.658832"	"22141.60454"	"6d2.7s2"	"3F"	"4"	""	"*"	"3"		""	"L5951"	
"581.92995"	"581.929855"	"38"	""		"15863.88829"	"33043.3270"	"6d3.(2D2).7s"	""	"2"	""	"*"	"3"		""	"L12239"	
"581.9354"	"581.936847"	"19"	""		"20054.77119"	"37234.0035"	"6d3.(2F).7s"	"3F"	"2"	""	"*"	"2"		""	"L12239"	
"581.96027"	"581.960273"	"300"	""		"17166.10472"	"34344.6455"	"6d3.(2H).7s"	"3H"	"5"	""	"*"	"4"		""	"L5951"	
"581.98999"	"581.989940"	"130"	""		"10414.13700"	"27591.80212"	"5f.6d.7s2"	"1G*"	"4"	"6d4"	"3H"	"5"		""	"L5951"	
"582.00765"	"582.007659"	"190"	""		"15618.98461"	"32796.12677"	"5f.6d2.7s"	"5H*"	"3"	""	""	"3"		""	"L5951"	
"582.0298"	"582.02940"	"8"	""		"24381.33337"	"41557.8339"	""	"*"	"2"	""	""	"3"		""	"L12239"	
"582.0816"	"582.081245"	"29"	""		"20922.12244"	"38097.0931"	""	"*"	"2"	""	""	"2"		""	"L12239"	
"582.1691"	"582.16798"	"31"	""		"22508.04658"	"39680.4585"	"6d2.7s.7p"	"5P*"	"2"	""	""	"2"		""	"L3552"	
"582.20473"	"582.205028"	"53"	""		"17959.89498"	"35131.2141"	"6d3.(4F).7s"	"3F"	"4"	""	"*"	"4"		""	"L12239"	
"582.27932"	"582.279341"	"440"	""		"12847.96912"	"30017.09677"	"6d3.(4P).7s"	"5P"	"3"	""	"*"	"3"		""	"L5951"	
"582.3261"	"582.325830"	"21"	""		"22669.88918"	"39837.6462"	""	"*"	"3"	""	""	"3"		""	"L3552"	
"582.3555"	"582.355244"	"31"	""		"13088.56115"	"30255.45106"	"6d3.(2G).7s"	"3G"	"3"	""	"*"	"3"		""	"L3552"	
"582.48873"	"582.488793"	"210"	""		"21143.42198"	"38306.3760"	"6d3.(2H).7s"	"1H"	"5"	""	"*"	"4"		""	"L5951"	
"582.50030"	"582.500263"	"130"	""		"15618.98461"	"32781.60068"	"5f.6d2.7s"	"5H*"	"3"	""	""	"4"		""	"L5951"	
"582.6097"	"582.609439"	"260"	""		"18930.29333"	"36089.6933"	"6d2.7s.7p"	"3G*"	"3"	""	""	"4"		""	"L3552"	
"582.62721"	"582.627247"	"250"	""		"19713.03109"	"36871.9066"	"6d3.(2F).7s"	"3F"	"3"	""	"*"	"2"		""	"L5951"	
"582.63477"	"582.634799"	"110"	""		"6362.395980"	"23521.04909"	"6d3.(4F).7s"	"5F"	"2"	""	"*"	"3"		""	"L5951"	
"582.7900"	"582.788993"	"21"	""		"19273.28060"	"36427.3939"	"6d3.(2P).7s"	""	"2"	""	"*"	"3"		""	"L3552"	
"582.91096"	"582.910965"	"200"	""		"13945.307389"	"31095.8313"	"6d.7s2.7p"	"3F*"	"3"	"6d4"	"3D"	"2"		""	"L5951"	
"582.9802"	"582.981283"	"28"	""		"9804.806547"	"26953.26182"	"6d3.(4F).7s"	"5F"	"5"	""	"*"	"5"		""	"L12239"	
"582.98624"	"582.98619"	"230"	""		"26997.24767"	"44145.5585"	"5f.6d.7s.7p"	"5I"	"6"	""	"*"	"6"		""	"L5951"	
"583.0041"	"583.003865"	"11"	""		"23277.38774"	"40425.1788"	"5f.6d.7s.7p"	"5I"	"5"	""	"*"	"4"		""	"L12239"	
"583.0144"	"583.015001"	"10"	""		"22877.51748"	"40024.9810"	""	"*"	"1"	""	""	"2"		""	"L12239"	
"583.082742"	"583.082720"	"500"	""		"11197.031257"	"28342.50330"	"5f.6d.7s2"	"3H*"	"5"	"5f.7s2.7p"	"3G"	"5"		""	"L18702"	
"583.1002"	"583.100251"	"31"	""		"14481.86965"	"31626.82622"	"5f.6d.7s2"	"3H*"	"6"	""	""	"5"		""	"L3552"	
"583.1677"	"583.167302"	"29"	""		"21645.85769"	"38788.8430"	"6d3.(2G).7s"	""	"4"	""	"*"	"3"		""	"L12239"	
"583.1751"	"583.175446"	"17"	""		"13847.77037"	"30990.51628"	"6d3.(4F).7s"	"3F"	"2"	""	"*"	"3"		""	"L12239"	
"583.237045"	"583.237045"	"1600"	""		"7280.123222"	"24421.05861"	"6d2.7s2"	""	"2"	""	"*"	"3"		""	"L18702"	
"583.3132"	"583.312721"	"21"	""		"21668.957072"	"38807.6687"	"6d2.7s.7p"	"5P*"	"1"	""	""	"2"		""	"L3552"	
"583.3849"	"583.384981"	"84"	""		"19516.98043"	"36653.5692"	"6d2.7s.7p"	"5D*"	"2"	""	""	"2"		""	"L3552"	
"583.4826"	"583.48318"	"9"	""		"26723.66908"	"43857.3737"	"5f.6d2.7s"	"5G*"	"6"	""	""	"5"		""	"L12239"	
"583.5167"	"583.517077"	"28"	""		"25753.93805"	"42886.6475"	""	"*"	"5"	""	""	"4 or 5"		""	"L12239"	
"583.7528"	"583.753232"	"19"	""		"22399.39666"	"39525.1752"	"5f.6d2.7s"	"3I*"	"5"	""	""	"5"		""	"L12239"	
"583.8064"	"583.806149"	"12"	""		"22515.88404"	"39640.1103"	"6d4"	"5D"	"2"	""	"*"	"2"		""	"L12239"	
"583.8312"	"583.831241"	"10"	""		"23113.54761"	"40237.0379"	"5f.6d2.7s"	"5G*"	"4"	""	""	"5"		""	"L12239"	
"583.9266"	"583.926663"	"84"	""		"22163.13360"	"39283.8257"	""	"*"	"4"	""	""	"4"		""	"L3552"	
"583.94822"	"583.948297"	"140"	""		"14206.91694"	"31326.97478"	"5f.6d.7s2"	"3F*"	"4"	""	""	"4"		""	"L18702"	
"583.94969"	"583.949647"	"170"	""		"13088.56115"	"30208.5794"	"6d3.(2G).7s"	"3G"	"3"	""	"*"	"2"		""	"L18702"	
"583.95910"	"583.959028"	"220"	""		"7795.275291"	"24915.01853"	"5f.6d.7s2"	"3H*"	"4"	"6d3.(2D1).7s"	"3D"	"3"		""	"L5951"	
"583.98513"	"583.985131"	"250"	""		"6362.395980"	"23481.37399"	"6d3.(4F).7s"	"5F"	"2"	""	"*"	"1"		""	"L5951"	
"584.0535"	"584.052272"	"84"	""		"18930.29333"	"36047.3034"	"6d2.7s.7p"	"3G*"	"3"	""	""	"2"		""	"L3552"	
"584.064050"	"584.064043"	"700"	""		"11241.73043"	"28358.39555"	"5f.6d.7s2"	"3F*"	"3"	""	""	"3"		""	"L18702"	
"584.1202"	"584.120071"	"26"	""		"11802.93238"	"28917.95572"	"6d3.(4P).7s"	"5P"	"2"	""	"*"	"2"		""	"L12239"	
"584.1758"	"584.175875"	"31"	""		"13962.51989"	"31075.9083"	"6d3.(2D2).7s"	""	"1"	""	"*"	"2"		""	"L3552"	
"584.1915"	"584.192682"	"160"	""		"18699.62342"	"35812.5195"	"5f.7s2.7p"	"3F"	"2"	""	"*"	"3"		""	"L3552"	
"584.20499"	"584.205045"	"150"	""		"16346.64962"	"33459.18355"	"5f.6d2.7s"	"5H*"	"4"	"5f.6d.7s.7p"	"3H"	"4"		""	"L5951"	
"584.2365"	"584.236876"	"17"	""		"22988.52291"	"40100.1245"	"5f.6d.7s.7p"	"5G"	"2"	""	"*"	"3"		""	"L12239"	
"584.3011"	"584.301501"	"18"	""		"14032.085336"	"31141.79438"	"6d.7s2.7p"	"3D*"	"2"	"6d4"	"3D"	"3"		""	"L12239"	
"584.31460"	"584.31446"	"200*"	""		"22855.29928"	"39964.6289"	""	"*"	"3"	""	""	"2"		""	"L5951"	
"584.3267"	"584.326717"	"110"	""		"21077.152101"	"38186.1228"	"6d2.7s.7p"	"5F*"	"5"	""	""	"4"		""	"L3552"	
"584.380626"	"584.380690"	"590"	""		"10414.13700"	"27521.52753"	"5f.6d.7s2"	"1G*"	"4"	""	""	"4"		""	"L18702"	
"584.4704"	"584.469783"	"31"	""		"20054.77119"	"37159.5540"	"6d3.(2F).7s"	"3F"	"2"	""	"*"	"3"		""	"L3552"	
"584.47908"	"584.47905"	"150"	""		"20054.77119"	"37159.2829"	"6d3.(2F).7s"	"3F"	"2"	""	"*"	"1"		""	"L5951"	
"584.4885"	"584.488393"	"14"	""		"18574.61019"	"35678.8484"	"6d3.(2P).7s"	""	"1"	""	"*"	"1"		""	"L12239"	
"584.5308"	"584.53047"	"11"	""		"24182.42887"	"41285.4358"	""	"*"	"2"	""	""	"3"		""	"L12239"	
"584.5414"	"584.54151"	"9"	""		"24032.22651"	"41134.9106"	"5f.6d.7s.7p"	"5G"	"4"	""	"*"	"4"		""	"L12239"	
"584.591886"	"584.591887"	"550"	""		"7280.123222"	"24381.33337"	"6d2.7s2"	""	"2"	""	"*"	"2"		""	"L18702"	
"584.8135"	"584.813439"	"42"	""		"21575.03713"	"38669.7687"	"6d3.(2P).7s"	""	"2"	""	"*"	"2"		""	"L3552"	
"584.8277"	"584.827235"	"10"	""		"20054.77119"	"37149.0995"	"6d3.(2F).7s"	"3F"	"2"	""	"*"	"2"		""	"L3552"	
"584.8554"	"584.855641"	"270"	""		"19532.41646"	"36625.9145"	"6d3.(2F).7s"	"3F"	"4"	""	"*"	"5"		""	"L3552"	
"584.9514"	"584.951407"	"160"	""		"15863.88829"	"32954.5879"	"6d3.(2D2).7s"	""	"2"	""	"*"	"2"		""	"L3552"	
"584.9768"	"584.976728"	"30"	""		"17354.638583"	"34444.5984"	"5f.6d.7s2"	"3D*"	"1"	""	""	"2"		""	"L12239"	
"585.0377"	"585.037667"	"25"	""		"19273.28060"	"36361.4603"	"6d3.(2P).7s"	""	"2"	""	"*"	"1"		""	"L12239"	
"585.0566"	"585.056703"	"52"	""		"19713.03109"	"36800.6548"	"6d3.(2F).7s"	"3F"	"3"	""	"*"	"4"		""	"L3552"	
"585.0746"	"585.07424"	"26"	""		"22877.51748"	"39964.6289"	""	"*"	"1"	""	""	"2"		""	"L12239"	
"585.0804"	"585.08109"	"10"	""		"24084.94271"	"41171.8541"	"6d2.7s.7p"	"5G*"	"6"	""	""	"5"		""	"L12239"	
"585.12172"	"585.121656"	"41"	""		"10526.544406"	"27612.27129"	"5f.6d.7s2"	"3G*"	"3"	"6d4"	"3G"	"3"		""	"L12239"	
"585.24846"	"585.248479"	"320"	""		"11802.93238"	"28884.95681"	"6d3.(4P).7s"	"5P"	"2"	""	"*"	"3"		""	"L18702"	
"585.268090"	"585.268089"	"2600"	""		"10414.13700"	"27495.58911"	"5f.6d.7s2"	"1G*"	"4"	"5f2.7s2"	"3H"	"4"		""	"L18702"	
"585.2844"	"585.284723"	"160"	""		"13847.77037"	"30928.7370"	"6d3.(4F).7s"	"3F"	"2"	""	"*"	"1"		""	"L3552"	
"585.347451"	"585.347457"	"1300"	""		"2869.259165"	"19948.395175"	"6d2.7s2"	"3F"	"3"	"6d2.7s.7p"	"5F*"	"4"		""	"L18702"	
"585.412049"	"585.412050"	"2000"	""		"8800.249723"	"25877.50128"	"6d3.(4F).7s"	"5F"	"4"	""	"*"	"4"		""	"L18702"	
"585.4858"	"585.485974"	"31"	""		"21594.67329"	"38669.7687"	"6d3.(2F).7s"	"1F"	"3"	""	"*"	"2"		""	"L3552"	
"585.54985"	"585.549904"	"220"	""		"15970.09583"	"33043.3270"	"6d3.(2D2).7s"	""	"3"	""	"*"	"3"		""	"L5951"	
"585.5789"	"585.578272"	"10"	""		"11601.03035"	"28673.43441"	"6d3.(4P).7s"	"5P"	"1"	""	"*"	"2"		""	"L3552"	
"585.5911"	"585.591433"	"14"	""		"14465.221873"	"31537.24226"	"6d2.7s.7p"	"5G*"	"2"	""	""	"3"		""	"L12239"	
"585.61120"	"585.611235"	"60"	""		"13088.56115"	"30160.00425"	"6d3.(2G).7s"	"3G"	"3"	""	"*"	"4"		""	"L12239"	
"585.62297"	"585.622878"	"58"	""		"18011.38030"	"35082.48400"	"5f.6d2.7s"	"5H*"	"5"	""	""	"6"		""	"L12239"	
"585.6678"	"585.66742"	"7"	""		"23355.37327"	"40425.1788"	"6d4"	"5D"	"3"	""	"*"	"4"		""	"L12239"	
"585.7725"	"585.771850"	"21"	""		"21890.13254"	"38956.8948"	""	"*"	"3"	""	""	"4"		""	"L3552"	
"585.86379"	"585.863762"	"180"	""		"14206.91694"	"31271.00174"	"5f.6d.7s2"	"3F*"	"4"	""	""	"5"		""	"L5951"	
"585.87543"	"585.875396"	"310"	""		"14032.085336"	"31095.8313"	"6d.7s2.7p"	"3D*"	"2"	"6d4"	"3D"	"2"		""	"L5951"	
"585.9348"	"585.934803"	"160"	""		"16346.64962"	"33408.66553"	"5f.6d2.7s"	"5H*"	"4"	""	""	"3"		""	"L3552"	
"586.0259"	"586.025884"	"160"	""		"7502.287636"	"24561.65178"	"6d3.(4F).7s"	"5F"	"3"	""	"*"	"3"		""	"L3552"	
"586.0480"	"586.048043"	"160"	""		"14206.91694"	"31265.63604"	"5f.6d.7s2"	"3F*"	"4"	""	""	"3"		""	"L3552"	
"586.11896"	"586.119182"	"200"	""		"3865.473772"	"20922.12244"	"6d2.7s2"	"3P"	"1"	""	"*"	"2"		""	"L12239"	
"586.1289"	"586.128909"	"85"	""		"23521.04909"	"40577.4147"	""	"*"	"3"	""	""	"2"		""	"L3552"	
"586.1894"	"586.188731"	"21"	""		"21902.26981"	"38956.8948"	"5f.6d2.7s"	"3H*"	"4"	""	""	"4"		""	"L3552"	
"586.2121"	"586.212610"	"21"	""		"21165.098037"	"38219.0283"	"5f.6d.7s2"	"3D*"	"3"	"6d4"	""	"2"		""	"L12239"	
"586.3146"	"586.314736"	"32"	""		"21902.26981"	"38953.2296"	"5f.6d2.7s"	"3H*"	"4"	""	""	"5"		""	"L3552"	
"586.3552"	"586.355627"	"17"	""		"19713.03109"	"36762.8018"	"6d3.(2F).7s"	"3F"	"3"	""	"*"	"3"		""	"L12239"	
"586.371850"	"586.371827"	"1400"	""		"3687.987189"	"20737.28686"	"6d2.7s2"	""	"2"	""	"*"	"1"		""	"L18702"	
"586.4128"	"586.412705"	"43"	""		"11601.03035"	"28649.14156"	"6d3.(4P).7s"	"5P"	"1"	""	"*"	"1"		""	"L3552"	
"586.68117"	"586.681199"	"330"	""		"10526.544406"	"27566.85363"	"5f.6d.7s2"	"3G*"	"3"	""	""	"2"		""	"L18702"	
"586.7542"	"586.754588"	"10"	""		"18382.82669"	"35421.0046"	"6d2.7s.7p"	"5D*"	"0"	""	""	"1"		""	"L3552"	
"586.7841"	"586.784242"	"220"	""		"23015.15141"	"40052.4683"	""	"*"	"5"	""	""	"4"		""	"L3552"	
"586.837475"	"586.837463"	"430"	""		"18053.617845"	"35089.38959"	"6d.7s2.7p"	"3F*"	"4"	""	""	"3"		""	"L18702"	
"586.9164"	"586.916163"	"86"	""		"12847.96912"	"29881.45655"	"6d3.(4P).7s"	"5P"	"3"	""	"*"	"4"		""	"L3552"	
"586.9200"	"586.920072"	"21"	""		"17411.224415"	"34444.5984"	"6d.7s2.7p"	"3D*"	"3"	""	""	"2"		""	"L3552"	
"586.985072"	"586.985066"	"700"	""		"11241.73043"	"28273.21842"	"5f.6d.7s2"	"3F*"	"3"	""	""	"2"		""	"L18702"	
"587.00522"	"587.005201"	"150"	""		"11197.031257"	"28227.93504"	"5f.6d.7s2"	"3H*"	"5"	"5f.7s2.7p"	"3F"	"4"		""	"L5951"	
"587.04625"	"587.046944"	"100"	""		"21077.152101"	"38106.8449"	"6d2.7s.7p"	"5F*"	"5"	""	""	"5"		""	"L12239"	
"587.118265"	"587.118273"	"680"	""		"7280.123222"	"24307.74711"	"6d2.7s2"	""	"2"	""	"*"	"2"		""	"L18702"	
"587.1405"	"587.140068"	"160"	""		"17847.07751"	"34874.0693"	"5f.6d.7s2"	"3P*"	"2"	""	""	"3"		""	"L3552"	
"587.28842"	"587.288671"	"220bl"	""		"23277.38774"	"40300.0712"	"5f.6d.7s.7p"	"5I"	"5"	""	"*"	"4"		""	"L5951"	
"587.3332"	"587.332862"	"110"	""		"18809.88631"	"35831.2890"	"6d2.7s.7p"	"5G*"	"4"	""	""	"3"		""	"L3552"	
"587.3462"	"587.345903"	"86"	""		"21165.098037"	"38186.1228"	"5f.6d.7s2"	"3D*"	"3"	""	""	"4"		""	"L3552"	
"587.3920"	"587.391396"	"42"	""		"21645.85769"	"38665.5642"	"6d3.(2G).7s"	""	"4"	""	"*"	"5"		""	"L3552"	
"587.40382"	"587.403819"	"210"	""		"13945.307389"	"30964.65395"	"6d.7s2.7p"	"3F*"	"3"	""	""	"3"		""	"L5951"	
"587.49865"	"587.498624"	"340"	""		"17166.10472"	"34182.7049"	"6d3.(2H).7s"	"3H"	"5"	""	"*"	"5"		""	"L5951"	
"587.7186"	"587.718556"	"21"	""		"20322.26571"	"37332.4981"	"5f.6d.7s2"	"1H*"	"5"	"5f.6d2.7p "	"5K "	"6"		""	"L3552"	
"587.7552"	"587.756087"	"11"	""		"25877.50128"	"42886.6475"	""	"*"	"4"	""	""	"4 or 5"		""	"L12239"	
"587.7678"	"587.767782"	"11"	""		"24032.22651"	"41041.0343"	"5f.6d.7s.7p"	"5G"	"4"	""	"*"	"4"		""	"L12239"	
"587.77845"	"587.77829"	"73"	""		"23990.41162"	"40998.9153"	"5f.6d.7s.7p"	"5F"	"2"	""	"*"	"1"		""	"L12239"	
"587.82763"	"587.827872"	"140*"	""		"25355.57481"	"42362.6439"	""	"*"	"4"	""	""	"4"		""	"L5951"	
"587.89266"	"587.893346"	"100"	""		"12847.96912"	"29853.14415"	"6d3.(4P).7s"	"5P"	"3"	""	"*"	"2"		""	"L12239"	
"587.91265"	"587.912594"	"180"	""		"11877.839132"	"28882.45742"	"6d.7s2.7p"	"3D*"	"1"	""	""	"2"		""	"L5951"	
"588.1065"	"588.106920"	"43"	""		"19516.98043"	"36515.9800"	"6d2.7s.7p"	"5D*"	"2"	""	""	"3"		""	"L3552"	
"588.1988"	"588.198301"	"21"	""		"21738.05013"	"38734.4088"	"5f.6d2.7s"	"5G*"	"2"	""	""	"3"		""	"L3552"	
"588.22996"	"588.229873"	"69"	""		"15166.900593"	"32162.34702"	"6d2.7s.7p"	"5G*"	"3"	""	""	"2"		""	"L12239"	
"588.2460"	"588.245909"	"110"	""		"10526.544406"	"27521.52753"	"5f.6d.7s2"	"3G*"	"3"	""	""	"4"		""	"L3552"	
"588.40331"	"588.403277"	"150"	""		"14204.26476"	"31194.70265"	"6d3.(2G).7s"	""	"5"	"5f.6d3"	"5I*"	"4"		""	"L5951"	
"588.55000"	"588.549919"	"250"	""		"11241.73043"	"28227.93504"	"5f.6d.7s2"	"3F*"	"3"	"5f.7s2.7p"	"3F"	"4"		""	"L5951"	
"588.570154"	"588.570155"	"5200"	""		"9804.806547"	"26790.42715"	"6d3.(4F).7s"	"5F"	"5"	""	"*"	"4"		""	"L18702"	
"588.653140"	"588.653128"	"690"	""		"12114.36618"	"29097.59262"	"5f.6d.7s2"	"1D*"	"2"	""	""	"1"		""	"L18702"	
"588.6840"	"588.683615"	"11"	""		"22855.29928"	"39837.6462"	""	"*"	"3"	""	""	"3"		""	"L12239"	
"588.7919"	"588.791856"	"87"	""		"18699.62342"	"35678.8484"	"5f.7s2.7p"	"3F"	"2"	""	"*"	"1"		""	"L3552"	
"589.00167"	"589.001734"	"94"	""		"15736.968041"	"32710.14290"	"6d2.7s.7p"	"5F*"	"1"	""	""	"2"		""	"L5951"	
"589.0565"	"589.05668"	"22"	""		"24915.01853"	"41886.6101"	"6d3.(2D1).7s"	"3D"	"3"	""	"*"	"3"		""	"L12239"	
"589.145099"	"589.145094"	"3400"	""		"10526.544406"	"27495.58911"	"5f.6d.7s2"	"3G*"	"3"	"5f2.7s2"	"3H"	"4"		""	"L18702"	
"589.1670"	"589.166935"	"54"	""		"19516.98043"	"36485.3961"	"6d2.7s.7p"	"5D*"	"2"	""	""	"2"		""	"L3552"	
"589.1774"	"589.177835"	"54"	""		"15490.077832"	"32458.17957"	"5f.6d.7s2"	"3G*"	"5"	""	""	"4"		""	"L3552"	
"589.24327"	"589.243282"	"190"	""		"13962.51989"	"30928.7370"	"6d3.(2D2).7s"	""	"1"	""	"*"	"1"		""	"L5951"	
"589.2780"	"589.278007"	"87"	""		"13847.77037"	"30812.9877"	"6d3.(4F).7s"	"3F"	"2"	""	"*"	"2"		""	"L3552"	
"589.3029"	"589.301788"	"10"	""		"25321.91918"	"42286.4519"	""	"*"	"3"	""	""	"3"		""	"L12239"	
"589.31932"	"589.319193"	"130"	""		"14465.221873"	"31429.25358"	"6d2.7s.7p"	"5G*"	"2"	""	""	"1"		""	"L12239"	
"589.46978"	"589.469673"	"400"	""		"17501.17592"	"34460.87707"	"5f.6d2.7s"	"5I*"	"5"	""	""	"5"		""	"L5951"	
"589.5053"	"589.505230"	"110"	""		"18574.61019"	"35533.2884"	"6d3.(2P).7s"	""	"1"	""	"*"	"2"		""	"L3552"	
"589.528181"	"589.528184"	"540"	""		"13297.43316"	"30255.45106"	"6d3.(2G).7s"	"3G"	"4"	""	"*"	"3"		""	"L18702"	
"589.6114"	"589.611161"	"21"	""		"19713.03109"	"36668.6625"	"6d3.(2F).7s"	"3F"	"3"	""	"*"	"2"		""	"L3552"	
"589.66111"	"589.66111"	"46"	""		"27191.36326"	"44145.5585"	"5f.6d.7s.7p"	"5G"	"5"	""	"*"	"6"		""	"L12239"	
"589.67885"	"589.678737"	"95"	""		"8800.249723"	"25753.93805"	"6d3.(4F).7s"	"5F"	"4"	""	"*"	"5"		""	"L5951"	
"589.7123"	"589.712033"	"7"	""		"23032.986182"	"39985.7173"	"5f.7s2.7p"	"3G"	"4"	""	"*"	"3"		""	"L12239"	
"589.7246"	"589.724215"	"10"	""		"22399.39666"	"39351.7776"	"5f.6d2.7s"	"3I*"	"5"	""	""	"5"		""	"L3552"	
"589.9042"	"589.90559"	"9"	""		"25877.50128"	"42824.6699"	""	"*"	"4"	""	""	"4 or 5"		""	"L12239"	
"589.9302"	"589.930361"	"26"	""		"18069.065569"	"35015.5227"	"6d.7s2.7p"	"1F*"	"3"	""	""	"2"		""	"L12239"	
"589.9466"	"589.946333"	"85"	""		"17501.17592"	"34447.17423"	"5f.6d2.7s"	"5I*"	"5"	""	""	"4"		""	"L3552"	
"589.95228"	"589.952291"	"270"	""		"15493.21943"	"32439.0466"	"6d3.(2H).7s"	"3H"	"4"	""	"*"	"4"		""	"L5951"	
"589.984405"	"589.984396"	"930"	""		"5563.141519"	"22508.04658"	"6d3.(4F).7s"	"5F"	"1"	"6d2.7s.7p"	"5P*"	"2"		""	"L18702"	
"589.99241"	"589.991608"	"88"	""		"23355.37327"	"40300.0712"	"6d4"	"5D"	"3"	""	"*"	"4"		""	"L12239"	
"590.0350"	"590.035463"	"12"	""		"17354.638583"	"34298.0771"	"5f.6d.7s2"	"3D*"	"1"	""	""	"1"		""	"L12239"	
"590.0448"	"590.044617"	"21"	""		"17224.302340"	"34167.4780"	"6d2.7s.7p"	"5F*"	"2"	""	""	"3"		""	"L3552"	
"590.1928"	"590.192834"	"29"	""		"23113.54761"	"40052.4683"	"5f.6d2.7s"	"5G*"	"4"	""	""	"4"		""	"L12239"	
"590.26020"	"590.260201"	"480"	""		"14204.26476"	"31141.25221"	"6d3.(2G).7s"	""	"5"	""	"*"	"5"		""	"L5951"	
"590.33383"	"590.333746"	"91"	""		"14206.91694"	"31141.79438"	"5f.6d.7s2"	"3F*"	"4"	"6d4"	"3D"	"3"		""	"L12239"	
"590.34926"	"590.349361"	"120"	""		"21645.85769"	"38580.2872"	"6d3.(2G).7s"	""	"4"	""	"*"	"4"		""	"L5951"	
"590.3643"	"590.363218"	"16"	""		"21668.957072"	"38602.9891"	"6d2.7s.7p"	"5P*"	"1"	""	""	"2"		""	"L12239"	
"590.39348"	"590.393446"	"48"	""		"22163.13360"	"39096.2986"	""	"*"	"4"	""	""	"4"		""	"L12239"	
"590.43079"	"590.431101"	"45"	""		"18011.38030"	"34943.46540"	"5f.6d2.7s"	"5H*"	"5"	""	""	"6"		""	"L12239"	
"590.51763"	"590.517631"	"200"	""		"10414.13700"	"27343.74101"	"5f.6d.7s2"	"1G*"	"4"	"5f.6d.7s.7p"	"5H"	"3"		""	"L5951"	
"590.557068"	"590.557060"	"2100"	""		"4961.658832"	"21890.13254"	"6d2.7s2"	"3F"	"4"	""	"*"	"3"		""	"L18702"	
"590.57604"	"590.576085"	"150"	""		"17847.07751"	"34775.0059"	"5f.6d.7s2"	"3P*"	"2"	""	""	"1"		""	"L5951"	
"590.6164"	"590.616200"	"32"	""		"17959.89498"	"34886.6736"	"6d3.(4F).7s"	"3F"	"4"	""	"*"	"5"		""	"L3552"	
"590.6843"	"590.684176"	"13"	""		"21668.957072"	"38593.7878"	"6d2.7s.7p"	"5P*"	"1"	""	""	"1"		""	"L12239"	
"590.7340"	"590.735012"	"13"	""		"26232.29174"	"43155.6660"	"5f.6d2.7s"	"3H*"	"6"	""	""	"5"		""	"L12239"	
"590.892545"	"590.892544"	"1800"	""		"9804.806547"	"26723.66908"	"6d3.(4F).7s"	"5F"	"5"	"5f.6d2.7s"	"5G*"	"6"		""	"L18702"	
"590.895744"	"590.895741"	"830"	""		"7502.287636"	"24421.05861"	"6d3.(4F).7s"	"5F"	"3"	""	"*"	"3"		""	"L18702"	
"590.9887"	"590.988405"	"10"	""		"20214.92997"	"37131.0482"	"6d2.7s.7p"	"5D*"	"3"	""	""	"3"		""	"L3552"	
"591.02346"	"591.023764"	"44"	""		"21077.152101"	"37992.2583"	"6d2.7s.7p"	"5F*"	"5"	""	""	"4"		""	"L12239"	
"591.0640"	"591.064247"	"42"	""		"13847.77037"	"30761.71803"	"6d3.(4F).7s"	"3F"	"2"	""	"*"	"3"		""	"L3552"	
"591.1097"	"591.109626"	"85"	""		"18549.40528"	"35462.0545"	"6d3.(4P).7s"	""	"2"	""	"*"	"3"		""	"L3552"	
"591.12294"	"591.122967"	"450"	""		"11601.03035"	"28513.29787"	"6d3.(4P).7s"	"5P"	"1"	""	"*"	"2"		""	"L18702"	
"591.32830"	"591.328302"	"34"	""		"17501.17592"	"34407.57081"	"5f.6d2.7s"	"5I*"	"5"	""	""	"6"		""	"L12239"	
"591.33637"	"591.336334"	"200"	""		"19227.33665"	"36133.5019"	"5f.6d2.7s"	"5I*"	"6"	""	""	"5"		""	"L5951"	
"591.467077"	"591.467080"	"5600"	""		"5563.141519"	"22465.56965"	"6d3.(4F).7s"	"5F"	"1"	""	"*"	"0"		""	"L18702"	
"591.471375"	"591.471366"	"1300"	""		"7280.123222"	"24182.42887"	"6d2.7s2"	""	"2"	""	"*"	"2"		""	"L18702"	
"591.5176"	"591.517211"	"16"	""		"18930.29333"	"35831.2890"	"6d2.7s.7p"	"3G*"	"3"	""	""	"3"		""	"L12239"	
"591.672829"	"591.672817"	"590"	""		"12847.96912"	"29744.51997"	"6d3.(4P).7s"	"5P"	"3"	""	"*"	"3"		""	"L18702"	
"591.72793"	"591.727919"	"31"	""		"19532.41646"	"36427.3939"	"6d3.(2F).7s"	"3F"	"4"	""	"*"	"3"		""	"L12239"	
"591.81901"	"591.818970"	"61"	""		"15970.09583"	"32862.47402"	"6d3.(2D2).7s"	""	"3"	""	"*"	"4"		""	"L12239"	
"591.88117"	"591.880630"	"39"	""		"15863.88829"	"32754.5067"	"6d3.(2D2).7s"	""	"2"	""	"*"	"3"		""	"L12239"	
"591.894462"	"591.894461"	"1100"	""		"8800.249723"	"25690.47345"	"6d3.(4F).7s"	"5F"	"4"	""	"*"	"5"		""	"L18702"	
"591.9224"	"591.922485"	"170"	""		"20322.26571"	"37211.6898"	"5f.6d.7s2"	"1H*"	"5"	""	""	"5"		""	"L3552"	
"592.09771"	"592.097600"	"70"	""		"22399.39666"	"39283.8257"	"5f.6d2.7s"	"3I*"	"5"	""	""	"4"		""	"L12239"	
"592.1102"	"592.110261"	"45"	""		"23113.54761"	"39997.6156"	"5f.6d2.7s"	"5G*"	"4"	""	""	"3 or 4"		""	"L3552"	
"592.19675"	"592.19675"	"120"	""		"24769.71573"	"41651.3179"	""	"*"	"3"	""	""	"3"		""	"L12239"	
"592.28025"	"592.280294"	"290"	""		"14204.26476"	"31083.4857"	"6d3.(2G).7s"	""	"5"	""	"*"	"6"		""	"L5951"	
"592.28651"	"592.286442"	"170"	""		"7502.287636"	"24381.33337"	"6d3.(4F).7s"	"5F"	"3"	""	"*"	"2"		""	"L5951"	
"592.39193"	"592.391854"	"67"	""		"13847.77037"	"30723.8126"	"6d3.(4F).7s"	"3F"	"2"	""	"*"	"1"		""	"L12239"	
"592.4519"	"592.451856"	"170"	""		"15166.900593"	"32041.23370"	"6d2.7s.7p"	"5G*"	"3"	""	""	"2"		""	"L3552"	
"592.4973"	"592.49632"	"7"	""		"25355.57481"	"42228.6417"	""	"*"	"4"	""	""	"4"		""	"L12239"	
"592.540359"	"592.540347"	"1600"	""		"3865.473772"	"20737.28686"	"6d2.7s2"	"3P"	"1"	""	"*"	"1"		""	"L18702"	
"592.5719"	"592.571527"	"170"	""		"20214.92997"	"37085.8553"	"6d2.7s.7p"	"5D*"	"3"	""	""	"4"		""	"L3552"	
"592.58641"	"592.586395"	"610*"	""		"11802.93238"	"28673.43441"	"6d3.(4P).7s"	"5P"	"2"	""	"*"	"2"		""	"L5951"	
"592.58641"	"592.586464"	"610*"	""		"21890.13254"	"38760.6326"	""	"*"	"3"	""	""	"4"		""	"L5951"	
"592.60027"	"592.600318"	"350"	""		"8111.004545"	"24981.11021"	"6d2.7s2"	"1G"	"4"	""	"*"	"3"		""	"L18702"	
"592.623199"	"592.623196"	"3100"	""		"7795.275291"	"24664.72970"	"5f.6d.7s2"	"3H*"	"4"	"5f.6d.7s.7p"	"5F"	"3"		""	"L18702"	
"592.8123"	"592.811939"	"45"	""		"18930.29333"	"35794.3768"	"6d2.7s.7p"	"3G*"	"3"	"6d4"	"3F1"	"4"		""	"L3552"	
"592.8755"	"592.875059"	"34"	""		"20922.12244"	"37784.4105"	""	"*"	"2"	""	""	"2"		""	"L3552"	
"592.88629"	"592.886130"	"130"	""		"18011.38030"	"34873.3535"	"5f.6d2.7s"	"5H*"	"5"	""	""	"4"		""	"L5951"	
"592.93262"	"592.932814"	"59"	""		"17847.07751"	"34707.7231"	"5f.6d.7s2"	"3P*"	"2"	""	""	"3"		""	"L12239"	
"592.9589"	"592.958465"	"25"	""		"19948.395175"	"36808.3114"	"6d2.7s.7p"	"5F*"	"4"	""	""	"3"		""	"L12239"	
"592.993423"	"592.993426"	"1100"	""		"3865.473772"	"20724.39599"	"6d2.7s2"	"3P"	"1"	""	"*"	"0"		""	"L18702"	
"593.03121"	"593.031179"	"94"	""		"14032.085336"	"30889.93430"	"6d.7s2.7p"	"3D*"	"2"	""	""	"1"		""	"L5951"	
"593.10633"	"593.105461"	"33"	""		"21738.05013"	"38593.7878"	"5f.6d2.7s"	"5G*"	"2"	""	""	"1"		""	"L12239"	
"593.2056"	"593.205221"	"45"	""		"22399.39666"	"39252.2997"	"5f.6d2.7s"	"3I*"	"5"	""	""	"5"		""	"L3552"	
"593.24274"	"593.242728"	"240"	""		"14243.993748"	"31095.8313"	"5f.6d.7s2"	"3P*"	"1"	"6d4"	"3D"	"2"		""	"L5951"	
"593.2911"	"593.290952"	"170"	""		"13962.51989"	"30812.9877"	"6d3.(2D2).7s"	""	"1"	""	"*"	"2"		""	"L3552"	
"593.3682"	"593.36751"	"6"	""		"25575.04516"	"42423.3388"	""	"*"	"4"	""	""	"4"		""	"L12239"	
"593.38416"	"593.384481"	"37"	""		"17166.10472"	"34013.9166"	"6d3.(2H).7s"	"3H"	"5"	""	"*"	"5 or 6"		""	"L12239"	
"593.4103"	"593.411453"	"11"	""		"22163.13360"	"39010.1797"	""	"*"	"4"	""	""	"3"		""	"L3552"	
"593.44092"	"593.440934"	"400"	""		"11802.93238"	"28649.14156"	"6d3.(4P).7s"	"5P"	"2"	""	"*"	"1"		""	"L18702"	
"593.44609"	"593.446284"	"320"	""		"15166.900593"	"32012.95790"	"6d2.7s.7p"	"5G*"	"3"	""	""	"4"		""	"L5951"	
"593.5271"	"593.527000"	"8"	""		"25442.68552"	"42286.4519"	""	"*"	"3"	""	""	"3"		""	"L12239"	
"593.61731"	"593.617627"	"37"	""		"21575.03713"	"38416.2320"	"6d3.(2P).7s"	""	"2"	""	"*"	"3"		""	"L12239"	
"593.638550"	"593.638612"	"530"	""		"9804.806547"	"26645.40609"	"6d3.(4F).7s"	"5F"	"5"	""	"*"	"5"		""	"L18702"	
"593.68740"	"593.687397"	"230"	""		"13175.113345"	"30014.32907"	"5f.6d.7s2"	"3G*"	"4"	"6d4"	""	"4"		""	"L5951"	
"593.71619"	"593.716199"	"500"	""		"12847.96912"	"29686.36795"	"6d3.(4P).7s"	"5P"	"3"	""	"*"	"3"		""	"L5951"	
"593.72843"	"593.728930"	"64"	""		"20566.62381"	"37404.6616"	"6d2.7s.7p"	"5D*"	"4"	""	""	"3"		""	"L12239"	
"593.7415"	"593.741613"	"20"	""		"18011.38030"	"34849.05842"	"5f.6d2.7s"	"5H*"	"5"	""	""	"5"		""	"L12239"	
"593.766341"	"593.766342"	"1200"	""		"11197.031257"	"28034.00813"	"5f.6d.7s2"	"3H*"	"5"	""	""	"5"		""	"L18702"	
"593.79252"	"593.792508"	"290"	""		"13175.113345"	"30011.34827"	"5f.6d.7s2"	"3G*"	"4"	""	""	"3"		""	"L5951"	
"593.8041"	"593.803603"	"11"	""		"22338.99484"	"39174.9152"	"5f.6d2.7s"	"5G*"	"3"	""	""	"3"		""	"L3552"	
"593.82841"	"593.828180"	"47"	""		"17166.10472"	"34001.3283"	"6d3.(2H).7s"	"3H"	"5"	""	"*"	"4"		""	"L12239"	
"593.845684"	"593.845686"	"2700"	""		"3687.987189"	"20522.71449"	"6d2.7s2"	""	"2"	"6d2.7s.7p"	"3F*"	"2"		""	"L18702"	
"593.882510"	"593.882509"	"6200"	""		"5563.141519"	"22396.82500"	"6d3.(4F).7s"	"5F"	"1"	""	"*"	"1"		""	"L18702"	
"593.9044"	"593.904534"	"170"	""		"19503.143490"	"36336.2027"	"6d2.7s.7p"	"5F*"	"3"	""	""	"3"		""	"L3552"	
"594.05653"	"594.056596"	"250"	""		"15166.900593"	"31995.65103"	"6d2.7s.7p"	"5G*"	"3"	""	""	"4"		""	"L5951"	
"594.09650"	"594.096805"	"78"	""		"23655.13881"	"40482.7503"	""	"*"	"4"	""	""	"5"		""	"L12239"	
"594.1127"	"594.112736"	"20"	""		"21165.098037"	"37992.2583"	"5f.6d.7s2"	"3D*"	"3"	""	""	"4"		""	"L12239"	
"594.1568"	"594.156612"	"23"	""		"20922.12244"	"37748.0401"	""	"*"	"2"	""	""	"2"		""	"L3552"	
"594.22561"	"594.225428"	"31"	""		"18809.88631"	"35633.8554"	"6d2.7s.7p"	"5G*"	"4"	""	""	"4"		""	"L12239"	
"594.23588"	"594.235856"	"310"	""		"14206.91694"	"31030.59080"	"5f.6d.7s2"	"3F*"	"4"	"6d4"	"3G"	"5"		""	"L18702"	
"594.34652"	"594.346499"	"230"	""		"12114.36618"	"28934.90819"	"5f.6d.7s2"	"1D*"	"2"	""	""	"3"		""	"L5951"	
"594.34959"	"594.349699"	"120"	""		"18053.617845"	"34874.0693"	"6d.7s2.7p"	"3F*"	"4"	""	""	"3"		""	"L5951"	
"594.37434"	"594.374993"	"51"	""		"18053.617845"	"34873.3535"	"6d.7s2.7p"	"3F*"	"4"	""	""	"4"		""	"L12239"	
"594.3934"	"594.393135"	"11"	""		"19516.98043"	"36336.2027"	"6d2.7s.7p"	"5D*"	"2"	""	""	"3"		""	"L3552"	
"594.4526"	"594.451574"	"25"	""		"23609.16775"	"40426.7366"	""	"*"	"5"	""	""	"4"		""	"L12239"	
"594.464734"	"594.464732"	"2700"	""		"10526.544406"	"27343.74101"	"5f.6d.7s2"	"3G*"	"3"	"5f.6d.7s.7p"	"5H"	"3"		""	"L18702"	
"594.4806"	"594.480647"	"170"	""		"22877.58322"	"39694.3296"	""	"*"	"5"	"5f.6d2.7p "	"5I"	"5"		""	"L3552"	
"594.5184"	"594.518605"	"12"	""		"21077.152101"	"37892.8248"	"6d2.7s.7p"	"5F*"	"5"	"5f.6d2.7p "	"5I"	"4"		""	"L12239"	
"594.5324"	"594.532127"	"14"	""		"22141.60454"	"38956.8948"	""	"*"	"3"	""	""	"4"		""	"L12239"	
"594.54766"	"594.547739"	"64"	""		"14204.26476"	"31019.11347"	"6d3.(2G).7s"	""	"5"	""	"*"	"4"		""	"L12239"	
"594.6027"	"594.602303"	"88"	""		"21077.152101"	"37890.4578"	"6d2.7s.7p"	"5F*"	"5"	""	""	"5"		""	"L3552"	
"594.62346"	"594.623568"	"230"	""		"13945.307389"	"30758.01183"	"6d.7s2.7p"	"3F*"	"3"	""	""	"2"		""	"L5951"	
"594.7502"	"594.749941"	"44"	""		"18431.686609"	"35240.8187"	"5f.7s2.7p"	"3G"	"3"	""	"*"	"3"		""	"L3552"	
"594.83895"	"594.838743"	"35"	""		"21143.42198"	"37950.0447"	"6d3.(2H).7s"	"1H"	"5"	""	"*"	"4"		""	"L12239"	
"594.879912"	"594.879917"	"480"	""		"7502.287636"	"24307.74711"	"6d3.(4F).7s"	"5F"	"3"	""	"*"	"2"		""	"L18702"	
"594.8965"	"594.896050"	"57"	""		"18069.065569"	"34874.0693"	"6d.7s2.7p"	"1F*"	"3"	""	""	"3"		""	"L3552"	
"594.9218"	"594.921390"	"170"	""		"18069.065569"	"34873.3535"	"6d.7s2.7p"	"1F*"	"3"	""	""	"4"		""	"L3552"	
"594.93702"	"594.937023"	"330"	""		"15490.077832"	"32293.92422"	"5f.6d.7s2"	"3G*"	"5"	""	""	"5"		""	"L5951"	
"594.9682"	"594.96908"	"18"	""		"22877.51748"	"39680.4585"	""	"*"	"1"	""	""	"2"		""	"L12239"	
"595.01416"	"595.014162"	"48"	""		"15863.88829"	"32665.5562"	"6d3.(2D2).7s"	""	"2"	""	"*"	"1"		""	"L12239"	
"595.02280"	"595.022926"	"48"	""		"11877.839132"	"28679.25957"	"6d.7s2.7p"	"3D*"	"1"	""	""	"2"		""	"L12239"	
"595.0276"	"595.02846"	"21"	""		"24399.11564"	"41200.3797"	"5f.6d.7s.7p"	"5H"	"3"	""	"*"	"2"		""	"L12239"	
"595.04264"	"595.042638"	"110"	""		"15493.21943"	"32294.0833"	"6d3.(2H).7s"	"3H"	"4"	""	"*"	"4"		""	"L5951"	
"595.06372"	"595.063799"	"85"	""		"17501.17592"	"34301.44234"	"5f.6d2.7s"	"5I*"	"5"	""	""	"4"		""	"L5951"	
"595.07727"	"595.077235"	"190"	""		"21903.40831"	"38703.2954"	"5f.6d2.7s"	"5H*"	"7"	"5f.6d.7s.7p"	"3l"	"7"		""	"L5951"	
"595.2142"	"595.21385"	"13"	""		"26384.92556"	"43180.9567"	""	"*"	"4"	""	""	"5"		""	"L12239"	
"595.2456"	"595.245214"	"22"	""		"19986.16721"	"36781.3134"	"5f.6d2.7s"	"5H*"	"6"	""	""	"5"		""	"L3552"	
"595.2807"	"595.280441"	"22"	""		"19503.143490"	"36297.2958"	"6d2.7s.7p"	"5F*"	"3"	""	""	"4"		""	"L3552"	
"595.32483"	"595.324997"	"120"	""		"13088.56115"	"29881.45655"	"6d3.(2G).7s"	"3G"	"3"	""	"*"	"4"		""	"L12239"	
"595.35825"	"595.358232"	"180"	""		"15493.21943"	"32285.1774"	"6d3.(2H).7s"	"3H"	"4"	""	"*"	"3"		""	"L5951"	
"595.45852"	"595.458441"	"190"	""		"14481.86965"	"31271.00174"	"5f.6d.7s2"	"3H*"	"6"	""	""	"5"		""	"L5951"	
"595.47586"	"595.476001"	"62"	""		"24032.22651"	"40820.8635"	"5f.6d.7s.7p"	"5G"	"4"	""	"*"	"5"		""	"L12239"	
"595.556169"	"595.556171"	"500"	""		"11802.93238"	"28589.30942"	"6d3.(4P).7s"	"5P"	"2"	""	"*"	"3"		""	"L18702"	
"595.62588"	"595.625937"	"360"	""		"15970.09583"	"32754.5067"	"6d3.(2D2).7s"	""	"3"	""	"*"	"3"		""	"L5951"	
"595.74676"	"595.746775"	"100"	""		"16783.84708"	"33564.85352"	"5f.6d2.7s"	"5I*"	"4"	""	""	"3"		""	"L5951"	
"595.75885"	"595.758865"	"270"	""		"14465.221873"	"31245.88778"	"6d2.7s.7p"	"5G*"	"2"	""	""	"2"		""	"L5951"	
"595.87379"	"595.873751"	"83"	""		"15618.98461"	"32396.41519"	"5f.6d2.7s"	"5H*"	"3"	"6d4"	"3P1"	"2"		""	"L5951"	
"595.96738"	"595.967357"	"350"	""		"8800.249723"	"25575.04516"	"6d3.(4F).7s"	"5F"	"4"	""	"*"	"4"		""	"L18702"	
"595.97300"	"595.972968"	"190"	""		"11197.031257"	"27971.66875"	"5f.6d.7s2"	"3H*"	"5"	"6d4"	"3H"	"6"		""	"L5951"	
"596.0529"	"596.052385"	"57"	""		"18809.88631"	"35582.2888"	"6d2.7s.7p"	"5G*"	"4"	""	""	"5"		""	"L3552"	
"596.07806"	"596.078048"	"280"	""		"11601.03035"	"28372.71076"	"6d3.(4P).7s"	"5P"	"1"	""	"*"	"1"		""	"L5951"	
"596.1249"	"596.124472"	"46"	""		"21645.85769"	"38416.2320"	"6d3.(2G).7s"	""	"4"	""	"*"	"3"		""	"L3552"	
"596.20562"	"596.205638"	"270"	""		"12114.36618"	"28882.45742"	"5f.6d.7s2"	"1D*"	"2"	""	""	"2"		""	"L5951"	
"596.2288"	"596.22815"	"14"	""		"21668.957072"	"38436.4152"	"6d2.7s.7p"	"5P*"	"1"	""	""	"2"		""	"L12239"	
"596.2773"	"596.277082"	"46"	""		"20922.12244"	"37688.2046"	""	"*"	"2"	""	""	"3"		""	"L3552"	
"596.2975"	"596.296709"	"34"	""		"17959.89498"	"34725.4253"	"6d3.(4F).7s"	"3F"	"4"	""	"*"	"3"		""	"L3552"	
"596.3308"	"596.330404"	"120"	""		"13088.56115"	"29853.14415"	"6d3.(2G).7s"	"3G"	"3"	""	"*"	"2"		""	"L3552"	
"596.3661"	"596.365743"	"120"	""		"20322.26571"	"37085.8553"	"5f.6d.7s2"	"1H*"	"5"	""	""	"4"		""	"L3552"	
"596.39262"	"596.392623"	"70"	""		"19986.16721"	"36749.00126"	"5f.6d2.7s"	"5H*"	"6"	""	""	"6"		""	"L12239"	
"596.40106"	"596.400920"	"82"	""		"15166.900593"	"31929.50145"	"6d2.7s.7p"	"5G*"	"3"	""	""	"3"		""	"L12239"	
"596.4088"	"596.406960"	"6"	""		"18699.62342"	"35462.0545"	"5f.7s2.7p"	"3F"	"2"	""	"*"	"3"		""	"L12239"	
"596.4693"	"596.469754"	"13"	""		"21594.67329"	"38355.3397"	"6d3.(2F).7s"	"1F"	"3"	""	"*"	"2"		""	"L12239"	
"596.57392"	"596.574023"	"150"	""		"14206.91694"	"30964.65395"	"5f.6d.7s2"	"3F*"	"4"	""	""	"3"		""	"L5951"	
"596.58281"	"596.582924"	"170"	""		"7502.287636"	"24259.77463"	"6d3.(4F).7s"	"5F"	"3"	""	"*"	"4"		""	"L5951"	
"596.6273"	"596.626838"	"58"	""		"17411.224415"	"34167.4780"	"6d.7s2.7p"	"3D*"	"3"	""	""	"3"		""	"L3552"	
"596.75099"	"596.751128"	"140"	""		"16346.64962"	"33099.41329"	"5f.6d2.7s"	"5H*"	"4"	""	""	"3"		""	"L5951"	
"596.973737"	"596.973730"	"620"	""		"11601.03035"	"28347.54723"	"6d3.(4P).7s"	"5P"	"1"	""	"*"	"2"		""	"L18702"	
"597.03736"	"597.036679"	"29"	""		"23355.37327"	"40100.1245"	"6d4"	"5D"	"3"	""	"*"	"3"		""	"L12239"	
"597.04506"	"597.045019"	"99"	""		"17959.89498"	"34704.4123"	"6d3.(4F).7s"	"3F"	"4"	""	"*"	"3"		""	"L5951"	
"597.1073"	"597.107474"	"46"	""		"19532.41646"	"36275.1824"	"6d3.(2F).7s"	"3F"	"4"	""	"*"	"5"		""	"L3552"	
"597.1369"	"597.135929"	"35"	""		"21077.152101"	"37819.1202"	"6d2.7s.7p"	"5F*"	"5"	""	""	"4"		""	"L3552"	
"597.1881"	"597.187659"	"35"	""		"20566.62381"	"37307.1417"	"6d2.7s.7p"	"5D*"	"4"	"6d4"	""	"3"		""	"L3552"	
"597.24351"	"597.243402"	"110"	""		"11241.73043"	"27980.68586"	"5f.6d.7s2"	"3F*"	"3"	""	""	"3"		""	"L5951"	
"597.366467"	"597.366467"	"17000"	""		"3687.987189"	"20423.494218"	"6d2.7s2"	""	"2"	"6d.7s2.7p"	"3P*"	"1"		""	"L18702"	
"597.506477"	"597.506479"	"7400"	""		"6362.395980"	"23093.98148"	"6d3.(4F).7s"	"5F"	"2"	""	"*"	"2"		""	"L18702"	
"597.62005"	"597.620119"	"120"	""		"14481.86965"	"31210.27358"	"5f.6d.7s2"	"3H*"	"6"	"6d4"	"1I"	"6"		""	"L5951"	
"597.7087"	"597.708639"	"120"	""		"14032.085336"	"30758.01183"	"6d.7s2.7p"	"3D*"	"2"	""	""	"2"		""	"L3552"	
"597.75390"	"597.75397"	"51"	""		"19832.1144"	"36556.7725"	""	""	"1"	""	"*"	"1"		""	"L12239"	
"597.8413"	"597.841351"	"20"	""		"21539.59257"	"38261.8062"	""	"*"	"4"	""	""	"5"		""	"L12239"	
"597.9326"	"597.932532"	"15"	""		"13297.43316"	"30017.09677"	"6d3.(2G).7s"	"3G"	"4"	""	"*"	"3"		""	"L12239"	
"598.1233"	"598.122162"	"23"	""		"19713.03109"	"36427.3939"	"6d3.(2F).7s"	"3F"	"3"	""	"*"	"3"		""	"L3552"	
"598.20961"	"598.209609"	"340"	""		"15490.077832"	"32201.99736"	"5f.6d.7s2"	"3G*"	"5"	""	""	"5"		""	"L5951"	
"598.2229"	"598.223491"	"59"	""		"15863.88829"	"32575.4200"	"6d3.(2D2).7s"	""	"2"	"6d3.7p"	"5G*"	"2"		""	"L3552"	
"598.2652"	"598.265242"	"43"	""		"11802.93238"	"28513.29787"	"6d3.(4P).7s"	"5P"	"2"	""	"*"	"2"		""	"L12239"	
"598.3163"	"598.316512"	"59"	""		"19588.36224"	"36297.2958"	"6d2.7s.7p"	"5G*"	"5"	""	""	"4"		""	"L3552"	
"598.49986"	"598.49903"	"47"	""		"21575.03713"	"38278.8753"	"6d3.(2P).7s"	""	"2"	""	"*"	"1"		""	"L12239"	
"598.56783"	"598.567887"	"57"	""		"14226.82045"	"30928.7370"	"6d3.(2P).7s"	""	"0"	""	"*"	"1"		""	"L12239"	
"598.62667"	"598.626652"	"470"	""		"7502.287636"	"24202.56462"	"6d3.(4F).7s"	"5F"	"3"	""	"*"	"4"		""	"L18702"	
"598.8002"	"598.79987"	"15"	""		"23655.13881"	"40350.5849"	""	"*"	"4"	""	""	"3"		""	"L12239"	
"598.94448"	"598.944541"	"130*"	""		"18549.40528"	"35240.8187"	"6d3.(4P).7s"	""	"2"	""	"*"	"3"		""	"L5951"	
"598.94448"	"598.94478"	"130*"	""		"26796.07511"	"43487.4820"	""	""	"3"	""	"*"	"4"		""	"L5951"	
"598.97430"	"598.974263"	"230"	""		"23306.82782"	"39997.4130"	"5f.6d2.7s"	"3I*"	"6"	""	""	"6"		""	"L5951"	
"599.100698"	"599.100701"	"4400"	""		"6362.395980"	"23049.45870"	"6d3.(4F).7s"	"5F"	"2"	""	"*"	"1"		""	"L18702"	
"599.14579"	"599.145752"	"190"	""		"5563.141519"	"22248.94952"	"6d3.(4F).7s"	"5F"	"1"	""	"*"	"2"		""	"L12239"	
"599.34941"	"599.349302"	"250"	""		"7502.287636"	"24182.42887"	"6d3.(4F).7s"	"5F"	"3"	""	"*"	"2"		""	"L5951"	
"599.3960"	"599.395585"	"590"	""		"17166.10472"	"33844.9580"	"6d3.(2H).7s"	"3H"	"5"	""	"*"	"5"		""	"L3552"	
"599.412865"	"599.412865"	"12000"	""		"3865.473772"	"20543.84624"	"6d2.7s2"	"3P"	"1"	"6d.7s2.7p"	"3P*"	"0"		""	"L18702"	
"599.46902"	"599.469029"	"320"	""		"17411.224415"	"34088.0343"	"6d.7s2.7p"	"3D*"	"3"	""	""	"2"		""	"L12239"	
"599.52198"	"599.521998"	"160"	""		"16783.84708"	"33459.18355"	"5f.6d2.7s"	"5I*"	"4"	"5f.6d.7s.7p"	"3H"	"4"		""	"L5951"	
"599.56822"	"599.568282"	"58"	""		"13175.113345"	"29849.16255"	"5f.6d.7s2"	"3G*"	"4"	""	""	"4"		""	"L12239"	
"599.662944"	"599.662968"	"570"	""		"8243.602091"	"24915.01853"	"5f.6d.7s2"	"3F*"	"2"	"6d3.(2D1).7s"	"3D"	"3"		""	"L18702"	
"599.70089"	"599.700854"	"150"	""		"20214.92997"	"36885.2932"	"6d2.7s.7p"	"5D*"	"3"	""	""	"4"		""	"L5951"	
"599.7786"	"599.778174"	"22"	""		"19817.18191"	"36485.3961"	"6d2.7s.7p"	"5P*"	"1"	""	""	"2"		""	"L12239"	
"599.9588"	"599.958851"	"21"	""		"18382.82669"	"35046.0213"	"6d2.7s.7p"	"5D*"	"0"	""	"5F"	"1"		""	"L12239"	
"600.0410"	"600.041555"	"23"	""		"17073.80916"	"33734.7071"	"6d3.(4P).7s"	""	"1"	""	"*"	"2"		""	"L12239"	
"600.0538"	"600.05295"	"35"	""		"23655.13881"	"40315.7205"	""	"*"	"4"	""	""	"4"		""	"L12239"	
"600.0554"	"600.055228"	"58"	""		"21645.85769"	"38306.3760"	"6d3.(2G).7s"	""	"4"	""	"*"	"4"		""	"L3552"	
"600.076213"	"600.076210"	"620"	""		"13175.113345"	"29835.04913"	"5f.6d.7s2"	"3G*"	"4"	""	""	"3"		""	"L18702"	
"600.08663"	"600.086597"	"120"	""		"23621.50649"	"40281.1539"	"5f.6d2.7s"	"5I*"	"8"	""	""	"7"		""	"L5951"	
"600.09421"	"600.093810"	"160"	""		"15736.968041"	"32396.41519"	"6d2.7s.7p"	"5F*"	"1"	"6d4"	"3P1"	"2"		""	"L12239"	
"600.120319"	"600.120322"	"1900"	""		"8111.004545"	"24769.71573"	"6d2.7s2"	"1G"	"4"	""	"*"	"3"		""	"L18702"	
"600.17320"	"600.173300"	"190"	""		"3865.473772"	"20522.71449"	"6d2.7s2"	"3P"	"1"	"6d2.7s.7p"	"3F*"	"2"		""	"L18702"	
"600.21956"	"600.219492"	"59"	""		"13088.56115"	"29744.51997"	"6d3.(2G).7s"	"3G"	"3"	""	"*"	"3"		""	"L12239"	
"600.2493"	"600.249486"	"25"	""		"24701.04375"	"41356.1703"	""	"*"	"5"	""	""	"5"		""	"L12239"	
"600.28699"	"600.286296"	"51"	""		"18053.617845"	"34707.7231"	"6d.7s2.7p"	"3F*"	"4"	""	""	"3"		""	"L12239"	
"600.516488"	"600.516493"	"1800"	""		"2869.259165"	"19516.98043"	"6d2.7s2"	"3F"	"3"	"6d2.7s.7p"	"5D*"	"2"		""	"L18702"	
"600.52107"	"600.521156"	"120"	""		"22877.58322"	"39525.1752"	""	"*"	"5"	""	""	"5"		""	"L5951"	
"600.5600"	"600.559459"	"120"	""		"21539.59257"	"38186.1228"	""	"*"	"4"	""	""	"4"		""	"L3552"	
"600.58115"	"600.580734"	"46"	""		"14243.993748"	"30889.93430"	"5f.6d.7s2"	"3P*"	"1"	""	""	"1"		""	"L12239"	
"600.5921"	"600.592186"	"11"	""		"19532.41646"	"36178.0396"	"6d3.(2F).7s"	"3F"	"4"	""	"*"	"4"		""	"L3552"	
"600.6084"	"600.607780"	"20"	""		"24259.77463"	"40904.9656"	""	"*"	"4"	""	""	"5"		""	"L12239"	
"600.6294"	"600.628905"	"46"	""		"17073.80916"	"33718.4147"	"6d3.(4P).7s"	""	"1"	""	"*"	"2"		""	"L3552"	
"600.707212"	"600.707212"	"4500"	""		"8800.249723"	"25442.68552"	"6d3.(4F).7s"	"5F"	"4"	""	"*"	"3"		""	"L18702"	
"600.8052"	"600.804880"	"58"	""		"15863.88829"	"32503.6187"	"6d3.(2D2).7s"	""	"2"	""	"*"	"2"		""	"L3552"	
"600.84393"	"600.843621"	"45"	""		"18069.065569"	"34707.7231"	"6d.7s2.7p"	"1F*"	"3"	""	""	"3"		""	"L12239"	
"601.00191"	"601.001976"	"83"	""		"16783.84708"	"33418.1206"	"5f.6d2.7s"	"5I*"	"4"	"6d4"	""	"4"		""	"L5951"	
"601.016045"	"601.016038"	"3200"	""		"2869.259165"	"19503.143490"	"6d2.7s2"	"3F"	"3"	"6d2.7s.7p"	"5F*"	"3"		""	"L18702"	
"601.02551"	"601.025413"	"160"	""		"17166.10472"	"33799.7296"	"6d3.(2H).7s"	"3H"	"5"	""	"*"	"4"		""	"L5951"	
"601.05994"	"601.059944"	"100"	""		"19986.16721"	"36618.8365"	"5f.6d2.7s"	"5H*"	"6"	""	""	"7"		""	"L5951"	
"601.1203"	"601.12028"	"180"	""		"23049.45870"	"39680.4585"	""	"*"	"1"	""	""	"2"		""	"L3552"	
"601.13450"	"601.134391"	"200"	""		"14465.221873"	"31095.8313"	"6d2.7s.7p"	"5G*"	"2"	"6d4"	"3D"	"2"		""	"L5951"	
"601.15338"	"601.153362"	"480"	""		"10414.13700"	"27044.22163"	"5f.6d.7s2"	"1G*"	"4"	""	""	"3"		""	"L18702"	
"601.2000"	"601.20006"	"18"	""		"24381.33337"	"41010.1262"	""	"*"	"2"	""	""	"3"		""	"L12239"	
"601.2332"	"601.233423"	"27"	""		"23609.16775"	"40237.0379"	""	"*"	"5"	""	""	"5"		""	"L12239"	
"601.3442"	"601.343788"	"94"	""		"16783.84708"	"33408.66553"	"5f.6d2.7s"	"5I*"	"4"	""	""	"3"		""	"L3552"	
"601.40563"	"601.405660"	"85"	""		"17959.89498"	"34583.0031"	"6d3.(4F).7s"	"3F"	"4"	""	"*"	"3"		""	"L5951"	
"601.4307"	"601.430139"	"590"	""		"19588.36224"	"36210.7938"	"6d2.7s.7p"	"5G*"	"5"	""	""	"5"		""	"L3552"	
"601.4578"	"601.45808"	"12"	""		"22338.99484"	"38960.6542"	"5f.6d2.7s"	"5G*"	"3"	""	""	"2"		""	"L12239"	
"601.63589"	"601.635892"	"210"	""		"16346.64962"	"32963.39652"	"5f.6d2.7s"	"5H*"	"4"	""	""	"5"		""	"L5951"	
"601.7246"	"601.72441"	"16"	""		"24915.01853"	"41529.3210"	"6d3.(2D1).7s"	"3D"	"3"	""	"*"	"2"		""	"L12239"	
"601.78618"	"601.78605"	"120"	""		"19273.28060"	"35885.8813"	"6d3.(2P).7s"	""	"2"	""	"*"	"2"		""	"L5951"	
"601.9411"	"601.940662"	"11"	""		"20522.71449"	"37131.0482"	"6d2.7s.7p"	"3F*"	"2"	""	""	"3"		""	"L3552"	
"601.96386"	"601.963856"	"110"	""		"15166.900593"	"31774.59439"	"6d2.7s.7p"	"5G*"	"3"	""	""	"3"		""	"L5951"	
"601.98190"	"601.981855"	"67"	""		"13945.307389"	"30552.50463"	"6d.7s2.7p"	"3F*"	"3"	""	""	"4"		""	"L12239"	
"602.02715"	"602.027147"	"120"	""		"11601.03035"	"28206.9782"	"6d3.(4P).7s"	"5P"	"1"	""	"*"	"0"		""	"L5951"	
"602.04980"	"602.049759"	"79"	""		"15970.09583"	"32575.4200"	"6d3.(2D2).7s"	""	"3"	"6d3.7p"	"5G*"	"2"		""	"L12239"	
"602.103563"	"602.103562"	"5500"	""		"7795.275291"	"24399.11564"	"5f.6d.7s2"	"3H*"	"4"	"5f.6d.7s.7p"	"5H"	"3"		""	"L18702"	
"602.2640"	"602.26520"	"9"	""		"20922.12244"	"37521.5066"	""	"*"	"2"	""	""	"3"		""	"L12239"	
"602.26974"	"602.269808"	"48"	""		"13945.307389"	"30544.56459"	"6d.7s2.7p"	"3F*"	"3"	""	""	"2"		""	"L12239"	
"602.32242"	"602.322438"	"440"	""		"13088.56115"	"29686.36795"	"6d3.(2G).7s"	"3G"	"3"	""	"*"	"3"		""	"L5951"	
"602.4082"	"602.408736"	"11"	""		"18809.88631"	"35405.3154"	"6d2.7s.7p"	"5G*"	"4"	""	""	"3"		""	"L3552"	
"602.4835"	"602.483075"	"23"	""		"20214.92997"	"36808.3114"	"6d2.7s.7p"	"5D*"	"3"	""	""	"3"		""	"L3552"	
"602.5049"	"602.504032"	"11"	""		"22141.60454"	"38734.4088"	""	"*"	"3"	""	""	"3"		""	"L3552"	
"602.57779"	"602.577807"	"240"	""		"13962.51989"	"30553.29269"	"6d3.(2D2).7s"	""	"1"	""	"*"	"2"		""	"L5951"	
"602.60449"	"602.604452"	"220"	""		"8111.004545"	"24701.04375"	"6d2.7s2"	"1G"	"4"	""	"*"	"5"		""	"L5951"	
"602.82702"	"602.827083"	"150"	""		"14204.26476"	"30788.17715"	"6d3.(2G).7s"	""	"5"	""	"*"	"5"		""	"L18702"	
"602.8631"	"602.86236"	"35"	""		"21165.098037"	"37748.0401"	"5f.6d.7s2"	"3D*"	"3"	""	""	"2"		""	"L3552"	
"602.92258"	"602.922595"	"450"	""		"13175.113345"	"29756.39860"	"5f.6d.7s2"	"3G*"	"4"	""	""	"4"		""	"L5951"	
"602.96500"	"602.965005"	"250"	""		"9804.806547"	"26384.92556"	"6d3.(4F).7s"	"5F"	"5"	""	"*"	"4"		""	"L5951"	
"603.0189"	"603.018625"	"58"	""		"16217.482038"	"32796.12677"	"6d.7s2.7p"	"1D*"	"2"	""	""	"3"		""	"L3552"	
"603.044479"	"603.044488"	"1500"	""		"4961.658832"	"21539.59257"	"6d2.7s2"	"3F"	"4"	""	"*"	"4"		""	"L18702"	
"603.23706"	"603.237221"	"290"	""		"19227.33665"	"35799.97381"	"5f.6d2.7s"	"5I*"	"6"	"5f.6d.7s.7p"	"3I"	"6"		""	"L5951"	
"603.2555"	"603.25553"	"23"	""		"20522.71449"	"37094.8488"	"6d2.7s.7p"	"3F*"	"2"	""	""	"2"		""	"L3552"	
"603.28723"	"603.287255"	"500"	""		"12847.96912"	"29419.23183"	"6d3.(4P).7s"	"5P"	"3"	""	"*"	"2"		""	"L18702"	
"603.34132"	"603.341298"	"430"	""		"11802.93238"	"28372.71076"	"6d3.(4P).7s"	"5P"	"2"	""	"*"	"1"		""	"L18702"	
"603.35179"	"603.351645"	"110"	""		"17398.39526"	"33967.8895"	"6d3.(4F).7s"	""	"3"	""	"*"	"3"		""	"L5951"	
"603.4213"	"603.421182"	"14"	""		"19948.395175"	"36515.9800"	"6d2.7s.7p"	"5F*"	"4"	""	""	"3"		""	"L12239"	
"603.4339"	"603.433292"	"16"	""		"21539.59257"	"38106.8449"	""	"*"	"4"	""	""	"5"		""	"L12239"	
"603.4844"	"603.484271"	"20"	""		"23916.89747"	"40482.7503"	""	"*"	"4"	""	""	"5"		""	"L12239"	
"603.519225"	"603.519225"	"830"	""		"12114.36618"	"28679.25957"	"5f.6d.7s2"	"1D*"	"2"	""	""	"2"		""	"L18702"	
"603.5365"	"603.536313"	"11"	""		"20566.62381"	"37131.0482"	"6d2.7s.7p"	"5D*"	"4"	""	""	"3"		""	"L3552"	
"603.5875"	"603.587215"	"23"	""		"20322.26571"	"36885.2932"	"5f.6d.7s2"	"1H*"	"5"	""	""	"4"		""	"L12239"	
"603.67622"	"603.676214"	"200"	""		"10783.15535"	"27343.74101"	"6d.7s2.7p"	"3F*"	"2"	"5f.6d.7s.7p"	"5H"	"3"		""	"L5951"	
"603.769738"	"603.769738"	"7500"	""		"3865.473772"	"20423.494218"	"6d2.7s2"	"3P"	"1"	"6d.7s2.7p"	"3P*"	"1"		""	"L18702"	
"603.7942"	"603.795057"	"35"	""		"10414.13700"	"26971.46312"	"5f.6d.7s2"	"1G*"	"4"	""	""	"4"		""	"L3552"	
"603.868038"	"603.868038"	"1600"	""		"8800.249723"	"25355.57481"	"6d3.(4F).7s"	"5F"	"4"	""	"*"	"4"		""	"L18702"	
"603.92269"	"603.922470"	"51"	""		"22399.39666"	"38953.2296"	"5f.6d2.7s"	"3I*"	"5"	""	""	"5"		""	"L12239"	
"603.9664"	"603.966331"	"9"	""		"24084.94271"	"40637.5735"	"6d2.7s.7p"	"5G*"	"6"	""	""	"6"		""	"L12239"	
"604.0872"	"604.087175"	"27"	""		"17224.302340"	"33773.6219"	"6d2.7s.7p"	"5F*"	"2"	""	""	"1"		""	"L12239"	
"604.1090"	"604.109020"	"36"	""		"14481.86965"	"31030.59080"	"5f.6d.7s2"	"3H*"	"6"	"6d4"	"3G"	"5"		""	"L12239"	
"604.2400"	"604.239791"	"16"	""		"19588.36224"	"36133.5019"	"6d2.7s.7p"	"5G*"	"5"	""	""	"5"		""	"L12239"	
"604.25892"	"604.258958"	"460"	""		"11802.93238"	"28347.54723"	"6d3.(4P).7s"	"5P"	"2"	""	"*"	"2"		""	"L18702"	
"604.30468"	"604.304705"	"210"	""		"15618.98461"	"32162.34702"	"5f.6d2.7s"	"5H*"	"3"	""	""	"2"		""	"L5951"	
"604.3676"	"604.367434"	"23"	""		"19532.41646"	"36074.0618"	"6d3.(2F).7s"	"3F"	"4"	""	"*"	"3"		""	"L3552"	
"604.4554"	"604.455370"	"93"	""		"19273.28060"	"35812.5195"	"6d3.(2P).7s"	""	"2"	""	"*"	"3"		""	"L3552"	
"604.5246"	"604.523902"	"11"	""		"19039.153374"	"35576.5173"	"6d.7s2.7p"	"3P*"	"2"	""	""	"3"		""	"L3552"	
"604.6643"	"604.664346"	"120"	""		"15970.09583"	"32503.6187"	"6d3.(2D2).7s"	""	"3"	""	"*"	"2"		""	"L3552"	
"604.7159"	"604.71544"	"11"	""		"17959.89498"	"34492.0209"	"6d3.(4F).7s"	"3F"	"4"	""	"*"	"4"		""	"L3552"	
"604.7267"	"604.727082"	"25"	""		"21252.60286"	"37784.4105"	""	"*"	"2"	""	""	"2"		""	"L12239"	
"604.77982"	"604.779834"	"62"	""		"15493.21943"	"32023.58511"	"6d3.(2H).7s"	"3H"	"4"	""	"*"	"5"		""	"L12239"	
"604.7956"	"604.79581"	"17"	""		"24701.04375"	"41230.9729"	""	"*"	"5"	""	""	"4"		""	"L12239"	
"604.905097"	"604.905091"	"5600"	""		"3687.987189"	"20214.92997"	"6d2.7s2"	""	"2"	"6d2.7s.7p"	"5D*"	"3"		""	"L18702"	
"605.0457"	"605.04553"	"34"	""		"21165.098037"	"37688.2046"	"5f.6d.7s2"	"3D*"	"3"	""	""	"3"		""	"L3552"	
"605.0545"	"605.053829"	"11"	""		"15490.077832"	"32012.95790"	"5f.6d.7s2"	"3G*"	"5"	""	""	"4"		""	"L3552"	
"605.098151"	"605.098164"	"640"	""		"8800.249723"	"25321.91918"	"6d3.(4F).7s"	"5F"	"4"	""	"*"	"3"		""	"L18702"	
"605.24453"	"605.244414"	"120"	""		"10526.544406"	"27044.22163"	"5f.6d.7s2"	"3G*"	"3"	""	""	"3"		""	"L12239"	
"605.338084"	"605.338077"	"2100"	""		"6362.395980"	"22877.51748"	"6d3.(4F).7s"	"5F"	"2"	""	"*"	"1"		""	"L18702"	
"605.4350"	"605.434941"	"11"	""		"14032.085336"	"30544.56459"	"6d.7s2.7p"	"3D*"	"2"	""	""	"2"		""	"L3552"	
"605.5036"	"605.503579"	"92"	""		"18930.29333"	"35440.9008"	"6d2.7s.7p"	"3G*"	"3"	"6d4"	""	"3"		""	"L3552"	
"605.55934"	"605.559335"	"380"	""		"13175.113345"	"29684.20065"	"5f.6d.7s2"	"3G*"	"4"	"5f.6d.7s.7p"	"5H"	"5"		""	"L18702"	
"605.6880"	"605.688262"	"32"	""		"15490.077832"	"31995.65103"	"5f.6d.7s2"	"3G*"	"5"	""	""	"4"		""	"L12239"	
"605.7171"	"605.717190"	"17"	""		"25336.49797"	"41841.2829"	""	"*"	"6"	""	""	"6"		""	"L12239"	
"605.8439"	"605.843973"	"30"	""		"19588.36224"	"36089.6933"	"6d2.7s.7p"	"5G*"	"5"	""	""	"4"		""	"L12239"	
"605.9136"	"605.913702"	"120"	""		"14465.221873"	"30964.65395"	"6d2.7s.7p"	"5G*"	"2"	""	""	"3"		""	"L3552"	
"606.0958"	"606.095711"	"26"	""		"18614.33811"	"35108.8155"	"6d2.7s.7p"	"5D*"	"1"	""	""	"2"		""	"L12239"	
"606.15354"	"606.153557"	"290"	""		"6362.395980"	"22855.29928"	"6d3.(4F).7s"	"5F"	"2"	""	"*"	"3"		""	"L18702"	
"606.16287"	"606.162468"	"51"	""		"16217.482038"	"32710.14290"	"6d.7s2.7p"	"1D*"	"2"	""	""	"2"		""	"L12239"	
"606.2225"	"606.222477"	"11"	""		"18809.88631"	"35300.9146"	"6d2.7s.7p"	"5G*"	"4"	"5f.6d2.7p"	"5K"	"5"		""	"L3552"	
"606.4289"	"606.427269"	"11"	""		"22248.94952"	"38734.4088"	""	"*"	"2"	""	""	"3"		""	"L3552"	
"606.5346"	"606.534707"	"33"	""		"20922.12244"	"37404.6616"	""	"*"	"2"	""	""	"3"		""	"L12239"	
"606.57800"	"606.578025"	"600"	""		"21077.152101"	"37558.5142"	"6d2.7s.7p"	"5F*"	"5"	""	""	"4"		""	"L5951"	
"606.6237"	"606.622396"	"11"	""		"22988.52291"	"39468.6795"	"5f.6d.7s.7p"	"5G"	"2"	""	"*"	"3"		""	"L12239"	
"606.8136"	"606.81472"	"11"	""		"28188.34547"	"44663.2790"	""	"*"	"6"	""	""	"6 or 7"		""	"L3552"	
"606.902038"	"606.902058"	"920"	""		"7280.123222"	"23752.68579"	"6d2.7s2"	""	"2"	""	"*"	"2"		""	"L18702"	
"606.9673"	"606.96662"	"15"	""		"24701.04375"	"41171.8541"	""	"*"	"5"	""	""	"5"		""	"L12239"	
"606.98403"	"606.984349"	"48"	""		"17959.89498"	"34430.2243"	"6d3.(4F).7s"	"3F"	"4"	""	"*"	"3"		""	"L12239"	
"607.03412"	"607.034103"	"180"	""		"11877.839132"	"28346.81854"	"6d.7s2.7p"	"3D*"	"1"	""	""	"1"		""	"L5951"	
"607.0458"	"607.04537"	"11"	""		"22338.99484"	"38807.6687"	"5f.6d2.7s"	"5G*"	"3"	""	""	"2"		""	"L3552"	
"607.15519"	"607.155315"	"52"	""		"18930.29333"	"35395.9849"	"6d2.7s.7p"	"3G*"	"3"	""	""	"2"		""	"L12239"	
"607.1802"	"607.180503"	"11"	""		"19713.03109"	"36178.0396"	"6d3.(2F).7s"	"3F"	"3"	""	"*"	"4"		""	"L3552"	
"607.1981"	"607.198427"	"170"	""		"20867.97560"	"37332.4981"	"5f.6d2.7s"	"5I*"	"7"	"5f.6d2.7p "	"5K "	"6"		""	"L3552"	
"607.2061"	"607.206349"	"34"	""		"21902.26981"	"38366.5775"	"5f.6d2.7s"	"3H*"	"4"	"6d4"	""	"4"		""	"L3552"	
"607.27993"	"607.279915"	"100"	""		"21143.42198"	"37605.7352"	"6d3.(2H).7s"	"1H"	"5"	""	"*"	"4"		""	"L5951"	
"607.28963"	"607.289708"	"63"	""		"12847.96912"	"29310.01688"	"6d3.(4P).7s"	"5P"	"3"	""	"*"	"4"		""	"L12239"	
"607.3302"	"607.330154"	"6"	""		"7280.123222"	"23741.07467"	"6d2.7s2"	""	"2"	""	"*"	"1"		""	"L12239"	
"607.3555"	"607.356155"	"16"	""		"15493.21943"	"31953.46618"	"6d3.(2H).7s"	"3H"	"4"	""	"*"	"4"		""	"L12239"	
"607.4004"	"607.400402"	"22"	""		"20322.26571"	"36781.3134"	"5f.6d.7s2"	"1H*"	"5"	""	""	"5"		""	"L12239"	
"607.4221"	"607.42201"	"5"	""		"19039.153374"	"35497.6156"	"6d.7s2.7p"	"3P*"	"2"	""	""	"2"		""	"L12239"	
"607.6987"	"607.697555"	"18"	""		"17847.07751"	"34298.0771"	"5f.6d.7s2"	"3P*"	"2"	""	""	"1"		""	"L12239"	
"607.710562"	"607.710571"	"1300"	""		"8111.004545"	"24561.65178"	"6d2.7s2"	"1G"	"4"	""	"*"	"3"		""	"L18702"	
"607.787281"	"607.787280"	"2200"	""		"14481.86965"	"30930.44068"	"5f.6d.7s2"	"3H*"	"6"	"5f.6d.7s.7p"	"5H"	"6"		""	"L18702"	
"607.842121"	"607.842128"	"1300"	""		"13297.43316"	"29744.51997"	"6d3.(2G).7s"	"3G"	"4"	""	"*"	"3"		""	"L18702"	
"607.922270"	"607.922267"	"2100"	""		"10526.544406"	"26971.46312"	"5f.6d.7s2"	"3G*"	"3"	""	""	"4"		""	"L18702"	
"607.94724"	"607.947238"	"290"	""		"14206.91694"	"30651.16019"	"5f.6d.7s2"	"3F*"	"4"	"6d4"	""	"3"		""	"L5951"	
"608.0900"	"608.089935"	"58"	""		"18549.40528"	"34989.7897"	"6d3.(4P).7s"	""	"2"	""	"*"	"1"		""	"L3552"	
"608.1299"	"608.128295"	"11"	""		"22401.20793"	"38840.5553"	"6d3.(2P).7s"	""	"1"	""	"*"	"1"		""	"L3552"	
"608.2561"	"608.256224"	"120"	""		"13297.43316"	"29733.32304"	"6d3.(2G).7s"	"3G"	"4"	""	"*"	"5"		""	"L3552"	
"608.2669"	"608.26689"	"46"	""		"21252.60286"	"37688.2046"	""	"*"	"2"	""	""	"3"		""	"L3552"	
"608.2910"	"608.290970"	"23"	""		"16346.64962"	"32781.60068"	"5f.6d2.7s"	"5H*"	"4"	""	""	"4"		""	"L3552"	
"608.32432"	"608.324229"	"40"	""		"20054.77119"	"36488.8237"	"6d3.(2F).7s"	"3F"	"2"	""	"*"	"2"		""	"L12239"	
"608.3533"	"608.354324"	"23"	""		"13847.77037"	"30281.0099"	"6d3.(4F).7s"	"3F"	"2"	""	"*"	"1"		""	"L3552"	
"608.4121"	"608.411945"	"34"	""		"18614.33811"	"35046.0213"	"6d2.7s.7p"	"5D*"	"1"	""	"5F"	"1"		""	"L12239"	
"608.4486"	"608.448708"	"23"	""		"16783.84708"	"33214.53748"	"5f.6d2.7s"	"5I*"	"4"	"5f.6d.7s.7p"	"3I"	"5"		""	"L3552"	
"608.537468"	"608.537473"	"2200"	""		"8243.602091"	"24671.89582"	"5f.6d.7s2"	"3F*"	"2"	"6d3.(2D1).7s"	"3D"	"2"		""	"L18702"	
"608.59566"	"608.595197"	"50"	""		"20322.26571"	"36749.00126"	"5f.6d.7s2"	"1H*"	"5"	""	""	"6"		""	"L12239"	
"608.64516"	"608.645461"	"50"	""		"15736.968041"	"32162.34702"	"6d2.7s.7p"	"5F*"	"1"	""	""	"2"		""	"L12239"	
"608.67022"	"608.670162"	"91"	""		"14465.221873"	"30889.93430"	"6d2.7s.7p"	"5G*"	"2"	""	""	"1"		""	"L5951"	
"608.803038"	"608.803039"	"4700"	""		"8243.602091"	"24664.72970"	"5f.6d.7s2"	"3F*"	"2"	"5f.6d.7s.7p"	"5F"	"3"		""	"L18702"	
"608.8203"	"608.820340"	"110"	""		"17411.224415"	"33831.88538"	"6d.7s2.7p"	"3D*"	"3"	""	""	"4"		""	"L3552"	
"608.8459"	"608.845304"	"45"	""		"18431.686609"	"34851.6743"	"5f.7s2.7p"	"3G"	"3"	""	"*"	"2"		""	"L3552"	
"608.88245"	"608.882548"	"87"	""		"17354.638583"	"33773.6219"	"5f.6d.7s2"	"3D*"	"1"	""	""	"1"		""	"L12239"	
"609.0241"	"609.023643"	"11"	""		"18574.61019"	"34989.7897"	"6d3.(2P).7s"	""	"1"	""	"*"	"1"		""	"L3552"	
"609.04483"	"609.044779"	"140"	""		"7502.287636"	"23916.89747"	"6d3.(4F).7s"	"5F"	"3"	""	"*"	"4"		""	"L5951"	
"609.0607"	"609.060457"	"22"	""		"13297.43316"	"29711.62048"	"6d3.(2G).7s"	"3G"	"4"	""	"*"	"5"		""	"L3552"	
"609.3240"	"609.323463"	"91"	""		"18809.88631"	"35216.98873"	"6d2.7s.7p"	"5G*"	"4"	""	""	"5"		""	"L3552"	
"609.3558"	"609.355401"	"11"	""		"22877.58322"	"39283.8257"	""	"*"	"5"	""	""	"4"		""	"L3552"	
"609.3813"	"609.380461"	"57"	""		"19273.28060"	"35678.8484"	"6d3.(2P).7s"	""	"2"	""	"*"	"1"		""	"L3552"	
"609.4089"	"609.408328"	"110"	""		"12847.96912"	"29252.78674"	"6d3.(4P).7s"	"5P"	"3"	""	"*"	"2"		""	"L3552"	
"609.50465"	"609.504631"	"95"	""		"17398.39526"	"33800.6209"	"6d3.(4F).7s"	""	"3"	""	"*"	"3"		""	"L12239"	
"609.5225"	"609.522402"	"30"	""		"19039.153374"	"35440.9008"	"6d.7s2.7p"	"3P*"	"2"	"6d4"	""	"3"		""	"L12239"	
"609.5389"	"609.537754"	"11"	""		"17398.39526"	"33799.7296"	"6d3.(4F).7s"	""	"3"	""	"*"	"4"		""	"L3552"	
"609.5433"	"609.543319"	"26"	""		"18614.33811"	"35015.5227"	"6d2.7s.7p"	"5D*"	"1"	""	""	"2"		""	"L12239"	
"609.7287"	"609.728980"	"20"	""		"18011.38030"	"34407.57081"	"5f.6d2.7s"	"5H*"	"5"	""	""	"6"		""	"L12239"	
"609.75920"	"609.759149"	"47"	""		"11877.839132"	"28273.21842"	"6d.7s2.7p"	"3D*"	"1"	""	""	"2"		""	"L12239"	
"609.78181"	"609.781778"	"74"	""		"11197.031257"	"27591.80212"	"5f.6d.7s2"	"3H*"	"5"	"6d4"	"3H"	"5"		""	"L12239"	
"609.81205"	"609.812330"	"980bl"	""		"17166.10472"	"33560.0542"	"6d3.(2H).7s"	"3H"	"5"	""	"*"	"4"		""	"L5951"	
"609.83184"	"609.832169"	"43"	""		"21165.098037"	"37558.5142"	"5f.6d.7s2"	"3D*"	"3"	""	""	"4"		""	"L12239"	
"609.9458"	"609.945632"	"23"	""		"16346.64962"	"32737.01627"	"5f.6d2.7s"	"5H*"	"4"	""	""	"5"		""	"L3552"	
"609.99886"	"609.998922"	"140"	""		"13297.43316"	"29686.36795"	"6d3.(2G).7s"	"3G"	"4"	""	"*"	"3"		""	"L5951"	
"610.0414"	"610.040882"	"34"	""		"19948.395175"	"36336.2027"	"6d2.7s.7p"	"5F*"	"4"	""	""	"3"		""	"L3552"	
"610.1552"	"610.154703"	"24"	""		"17959.89498"	"34344.6455"	"6d3.(4F).7s"	"3F"	"4"	""	"*"	"4"		""	"L12239"	
"610.172500"	"610.172499"	"2300"	""		"8243.602091"	"24627.87473"	"5f.6d.7s2"	"3F*"	"2"	"6d3.(2D1).7s"	"3D"	"1"		""	"L18702"	
"610.259451"	"610.259453"	"4800"	""		"10414.13700"	"26796.07511"	"5f.6d.7s2"	"1G*"	"4"	""	""	"3"		""	"L18702"	
"610.4020"	"610.402142"	"36"	""		"18069.065569"	"34447.17423"	"6d.7s2.7p"	"1F*"	"3"	""	""	"4"		""	"L12239"	
"610.4166"	"610.416589"	"18"	""		"18053.617845"	"34431.3389"	"6d.7s2.7p"	"3F*"	"4"	""	""	"3"		""	"L12239"	
"610.455896"	"610.455899"	"1100"	""		"15618.98461"	"31995.65103"	"5f.6d2.7s"	"5H*"	"3"	""	""	"4"		""	"L18702"	
"610.4954"	"610.495803"	"17"	""		"21594.67329"	"37970.2693"	"6d3.(2F).7s"	"1F"	"3"	""	"*"	"2"		""	"L12239"	
"610.5304"	"610.530364"	"45"	""		"19503.143490"	"35877.8125"	"6d2.7s.7p"	"5F*"	"3"	"6d4"	""	"2"		""	"L3552"	
"610.68431"	"610.684323"	"180"	""		"11241.73043"	"27612.27129"	"5f.6d.7s2"	"3F*"	"3"	"6d4"	"3G"	"3"		""	"L5951"	
"610.6921"	"610.691753"	"34"	""		"15166.900593"	"31537.24226"	"6d2.7s.7p"	"5G*"	"3"	""	""	"3"		""	"L12239"	
"610.753365"	"610.753368"	"1600"	""		"14204.26476"	"30572.95496"	"6d3.(2G).7s"	""	"5"	""	"*"	"6"		""	"L18702"	
"610.82796"	"610.827994"	"210"	""		"17354.638583"	"33721.32901"	"5f.6d.7s2"	"3D*"	"1"	""	""	"2"		""	"L5951"	
"610.8486"	"610.847715"	"16"	""		"19039.153374"	"35405.3154"	"6d.7s2.7p"	"3P*"	"2"	""	""	"3"		""	"L12239"	
"610.92140"	"610.921490"	"77"	""		"24850.30814"	"41214.4938"	""	"3I*"	"6"	""	""	"5"		""	"L12239"	
"610.9709"	"610.970906"	"28"	""		"24274.71139"	"40637.5735"	""	"*"	"5"	""	""	"6"		""	"L12239"	
"611.0331"	"611.031632"	"580"	""		"22399.39666"	"38760.6326"	"5f.6d2.7s"	"3I*"	"5"	""	""	"4"		""	"L3552"	
"611.0476"	"611.047576"	"22"	""		"13847.77037"	"30208.5794"	"6d3.(4F).7s"	"3F"	"2"	""	"*"	"2"		""	"L3552"	
"611.0667"	"611.066909"	"10"	""		"21594.67329"	"37954.9647"	"6d3.(2F).7s"	"1F"	"3"	""	"*"	"3"		""	"L12239"	
"611.1700"	"611.16887"	"22"	""		"20737.28686"	"37094.8488"	""	"*"	"1"	""	""	"2"		""	"L3552"	
"611.453894"	"611.453906"	"820"	""		"12847.96912"	"29197.90600"	"6d3.(4P).7s"	"5P"	"3"	""	"*"	"2"		""	"L18702"	
"611.49262"	"611.492662"	"110"	""		"19948.395175"	"36297.2958"	"6d2.7s.7p"	"5F*"	"4"	""	""	"4"		""	"L5951"	
"611.616593"	"611.616601"	"730"	""		"14206.91694"	"30552.50463"	"5f.6d.7s2"	"3F*"	"4"	""	""	"4"		""	"L18702"	
"611.8050"	"611.805116"	"33"	""		"17224.302340"	"33564.85352"	"6d2.7s.7p"	"5F*"	"2"	""	""	"3"		""	"L12239"	
"611.9649"	"611.963883"	"290"	""		"17398.39526"	"33734.7071"	"6d3.(4F).7s"	""	"3"	""	"*"	"2"		""	"L3552"	
"611.969950"	"611.969940"	"620"	""		"12114.36618"	"28450.51635"	"5f.6d.7s2"	"1D*"	"2"	""	""	"1"		""	"L18702"	
"612.03525"	"612.035293"	"71"	""		"17354.638583"	"33689.0444"	"5f.6d.7s2"	"3D*"	"1"	""	""	"2"		""	"L12239"	
"612.07947"	"612.079484"	"160"	""		"15863.88829"	"32197.1148"	"6d3.(2D2).7s"	""	"2"	""	"*"	"3"		""	"L5951"	
"612.140754"	"612.140756"	"1500"	""		"16554.24283"	"32885.83448"	"6d3.(2H).7s"	"3H"	"6"	""	"*"	"6"		""	"L18702"	
"612.1757"	"612.175278"	"23"	""		"13088.56115"	"29419.23183"	"6d3.(2G).7s"	"3G"	"3"	""	"*"	"2"		""	"L3552"	
"612.2709"	"612.269953"	"34"	""		"19503.143490"	"35831.2890"	"6d2.7s.7p"	"5F*"	"3"	""	""	"3"		""	"L3552"	
"612.383275"	"612.383305"	"650"	""		"11241.73043"	"27566.85363"	"5f.6d.7s2"	"3F*"	"3"	""	""	"2"		""	"L18702"	
"612.40687"	"612.406823"	"240"	""		"11197.031257"	"27521.52753"	"5f.6d.7s2"	"3H*"	"5"	""	""	"4"		""	"L5951"	
"612.448056"	"612.448048"	"1800"	""		"7280.123222"	"23603.52066"	"6d2.7s2"	""	"2"	""	"*"	"2"		""	"L18702"	
"612.5609"	"612.560514"	"14"	""		"17847.07751"	"34167.4780"	"5f.6d.7s2"	"3P*"	"2"	""	""	"3"		""	"L12239"	
"612.74207"	"612.742017"	"82"	""		"16783.84708"	"33099.41329"	"5f.6d2.7s"	"5I*"	"4"	""	""	"3"		""	"L5951"	
"612.76011"	"612.760218"	"120"	""		"15970.09583"	"32285.1774"	"6d3.(2D2).7s"	""	"3"	""	"*"	"3"		""	"L5951"	
"612.7899"	"612.789252"	"34"	""		"19516.98043"	"35831.2890"	"6d2.7s.7p"	"5D*"	"2"	""	""	"3"		""	"L3552"	
"612.8160"	"612.815223"	"110"	""		"16351.93901"	"32665.5562"	"6d2.7s2"	""	"0"	""	"*"	"1"		""	"L3552"	
"612.83384"	"612.833758"	"210"	""		"14204.26476"	"30517.38856"	"6d3.(2G).7s"	""	"5"	""	"*"	"4"		""	"L18702"	
"612.84443"	"612.844374"	"150"	""		"14204.26476"	"30517.10597"	"6d3.(2G).7s"	""	"5"	""	"*"	"5"		""	"L18702"	
"612.9318"	"612.931709"	"30"	""		"15618.98461"	"31929.50145"	"5f.6d2.7s"	"5H*"	"3"	""	""	"3"		""	"L12239"	
"612.94903"	"612.949101"	"180"	""		"8111.004545"	"24421.05861"	"6d2.7s2"	"1G"	"4"	""	"*"	"3"		""	"L12239"	
"612.95458"	"612.954598"	"340"	""		"12847.96912"	"29157.87692"	"6d3.(4P).7s"	"5P"	"3"	""	"*"	"3"		""	"L5951"	
"613.04563"	"613.045357"	"300"	""		"6362.395980"	"22669.88918"	"6d3.(4F).7s"	"5F"	"2"	""	"*"	"3"		""	"L12239"	
"613.07567"	"613.075586"	"59"	""		"20054.77119"	"36361.4603"	"6d3.(2F).7s"	"3F"	"2"	""	"*"	"1"		""	"L12239"	
"613.16666"	"613.166714"	"69"	""		"15736.968041"	"32041.23370"	"6d2.7s.7p"	"5F*"	"1"	""	""	"2"		""	"L12239"	
"613.1751"	"613.17478"	"13"	""		"18574.61019"	"34878.6613"	"6d3.(2P).7s"	""	"1"	""	"*"	"1"		""	"L12239"	
"613.2417"	"613.241813"	"29"	""		"18549.40528"	"34851.6743"	"6d3.(4P).7s"	""	"2"	""	"*"	"2"		""	"L12239"	
"613.28632"	"613.286269"	"270"	""		"14206.91694"	"30508.00424"	"5f.6d.7s2"	"3F*"	"4"	""	""	"5"		""	"L5951"	
"613.30568"	"613.305701"	"370"	""		"14243.993748"	"30544.56459"	"5f.6d.7s2"	"3P*"	"1"	""	""	"2"		""	"L18702"	
"613.3270"	"613.32699"	"19"	""		"26790.42715"	"43090.4322"	""	"*"	"4"	""	""	"4"		""	"L12239"	
"613.3671"	"613.366195"	"23"	""		"16351.93901"	"32650.9022"	"6d2.7s2"	""	"0"	""	"*"	"1"		""	"L3552"	
"613.38143"	"613.381449"	"190"	""		"11197.031257"	"27495.58911"	"5f.6d.7s2"	"3H*"	"5"	"5f2.7s2"	"3H"	"4"		""	"L5951"	
"613.45510"	"613.455355"	"45"	""		"15863.88829"	"32160.4826"	"6d3.(2D2).7s"	""	"2"	""	"*"	"2"		""	"L12239"	
"613.5014"	"613.500206"	"23"	""		"20522.71449"	"36818.1174"	"6d2.7s.7p"	"3F*"	"2"	""	""	"2"		""	"L3552"	
"613.5628"	"613.562869"	"57"	""		"18431.686609"	"34725.4253"	"5f.7s2.7p"	"3G"	"3"	""	"*"	"3"		""	"L3552"	
"613.5996"	"613.598597"	"57"	""		"14465.221873"	"30758.01183"	"6d2.7s.7p"	"5G*"	"2"	""	""	"2"		""	"L3552"	
"613.7025"	"613.701351"	"57"	""		"18011.38030"	"34301.44234"	"5f.6d2.7s"	"5H*"	"5"	""	""	"4"		""	"L3552"	
"613.79260"	"613.792587"	"460"	""		"15493.21943"	"31780.86008"	"6d3.(2H).7s"	"3H"	"4"	""	"*"	"3"		""	"L5951"	
"613.9364"	"613.935358"	"23"	""		"21902.26981"	"38186.1228"	"5f.6d2.7s"	"3H*"	"4"	""	""	"4"		""	"L3552"	
"613.96503"	"613.96390"	"39"	""		"23521.04909"	"39804.1450"	""	"*"	"3"	""	""	"2"		""	"L12239"	
"614.0449"	"614.043715"	"11"	""		"22248.94952"	"38529.9290"	""	"*"	"2"	""	""	"3"		""	"L3552"	
"614.0598"	"614.060668"	"20"	""		"24210.80979"	"40491.3398"	"6d4"	"5D"	"4"	""	"*"	"3"		""	"L12239"	
"614.06991"	"614.06986"	"38"	""		"24421.05861"	"40701.3450"	""	"*"	"3"	""	""	"4"		""	"L12239"	
"614.07684"	"614.076772"	"170"	""		"19532.41646"	"35812.5195"	"6d3.(2F).7s"	"3F"	"4"	""	"*"	"3"		""	"L5951"	
"614.08843"	"614.088313"	"70"	""		"11241.73043"	"27521.52753"	"5f.6d.7s2"	"3F*"	"3"	""	""	"4"		""	"L12239"	
"614.0994"	"614.099396"	"11"	""		"18809.88631"	"35089.38959"	"6d2.7s.7p"	"5G*"	"4"	""	""	"3"		""	"L3552"	
"614.1634"	"614.162901"	"14"	""		"17411.224415"	"33689.0444"	"6d.7s2.7p"	"3D*"	"3"	""	""	"2"		""	"L12239"	
"614.1928"	"614.191422"	"11"	""		"18574.61019"	"34851.6743"	"6d3.(2P).7s"	""	"1"	""	"*"	"2"		""	"L3552"	
"614.4414"	"614.440490"	"11"	""		"20214.92997"	"36485.3961"	"6d2.7s.7p"	"5D*"	"3"	""	""	"2"		""	"L3552"	
"614.47581"	"614.475818"	"290"	""		"10526.544406"	"26796.07511"	"5f.6d.7s2"	"3G*"	"3"	""	""	"3"		""	"L5951"	
"614.5000"	"614.49950"	"23"	""		"21252.60286"	"37521.5066"	""	"*"	"2"	""	""	"3"		""	"L3552"	
"614.5128"	"614.51245"	"23"	""		"22401.20793"	"38669.7687"	"6d3.(2P).7s"	""	"1"	""	"*"	"2"		""	"L3552"	
"614.79550"	"614.795676"	"50"	""		"10783.15535"	"27044.22163"	"6d.7s2.7p"	"3F*"	"2"	""	""	"3"		""	"L12239"	
"614.83546"	"614.835697"	"56"	""		"19273.28060"	"35533.2884"	"6d3.(2P).7s"	""	"2"	""	"*"	"2"		""	"L12239"	
"614.8473"	"614.84740"	"18"	""		"24880.22058"	"41139.9188"	""	"*"	"1"	""	""	"2"		""	"L12239"	
"615.0031"	"615.002250"	"11"	""		"21890.13254"	"38145.7369"	""	"*"	"3"	""	""	"3"		""	"L3552"	
"615.0120"	"615.012025"	"23"	""		"21077.152101"	"37332.4981"	"6d2.7s.7p"	"5F*"	"5"	"5f.6d2.7p "	"5K "	"6"		""	"L3552"	
"615.0323"	"615.032122"	"46"	""		"14032.085336"	"30286.90016"	"6d.7s2.7p"	"3D*"	"2"	""	""	"1"		""	"L3552"	
"615.06825"	"615.068302"	"500"	""		"11241.73043"	"27495.58911"	"5f.6d.7s2"	"3F*"	"3"	"5f2.7s2"	"3H"	"4"		""	"L18702"	
"615.1142"	"615.114256"	"11"	""		"20522.71449"	"36775.3589"	"6d2.7s.7p"	"3F*"	"2"	""	""	"3"		""	"L3552"	
"615.15133"	"615.151457"	"88"	""		"17354.638583"	"33606.30012"	"5f.6d.7s2"	"3D*"	"1"	""	""	"2"		""	"L5951"	
"615.199273"	"615.199282"	"10000bl"	""		"7502.287636"	"23752.68579"	"6d3.(4F).7s"	"5F"	"3"	""	"*"	"2"		""	"L18702"	
"615.2950"	"615.296731"	"23"	""		"18053.617845"	"34301.44234"	"6d.7s2.7p"	"3F*"	"4"	""	""	"4"		""	"L3552"	
"615.406832"	"615.406824"	"2000"	""		"14481.86965"	"30726.78752"	"5f.6d.7s2"	"3H*"	"6"	"5f.6d.7s.7p"	"5I"	"7"		""	"L18702"	
"615.44152"	"615.44150"	"60"	""		"25442.68552"	"41686.6880"	""	"*"	"3"	""	""	"3"		""	"L12239"	
"615.451604"	"615.451617"	"810"	""		"9804.806547"	"26048.54211"	"6d3.(4F).7s"	"5F"	"5"	""	"*"	"4"		""	"L18702"	
"615.4627"	"615.461789"	"46"	""		"21902.26981"	"38145.7369"	"5f.6d2.7s"	"3H*"	"4"	""	""	"3"		""	"L3552"	
"615.5299"	"615.529222"	"92"	""		"20566.62381"	"36808.3114"	"6d2.7s.7p"	"5D*"	"4"	""	""	"3"		""	"L3552"	
"615.558088"	"615.558092"	"2000"	""		"7280.123222"	"23521.04909"	"6d2.7s2"	""	"2"	""	"*"	"3"		""	"L18702"	
"615.61043"	"615.609730"	"67"	""		"21165.098037"	"37404.6616"	"5f.6d.7s2"	"3D*"	"3"	""	""	"3"		""	"L12239"	
"615.66150"	"615.66109"	"39"	""		"28140.86799"	"44379.0767"	""	"*"	"4"	""	""	"5"		""	"L12239"	
"615.708769"	"615.708776"	"1100"	""		"7795.275291"	"24032.22651"	"5f.6d.7s2"	"3H*"	"4"	"5f.6d.7s.7p"	"5G"	"4"		""	"L18702"	
"615.8391"	"615.839779"	"3"	""		"24259.77463"	"40493.2719"	""	"*"	"4"	""	""	"3"		""	"L12239"	
"615.8829"	"615.882290"	"11"	""		"18069.065569"	"34301.44234"	"6d.7s2.7p"	"1F*"	"3"	""	""	"4"		""	"L3552"	
"616.135328"	"616.135333"	"1700"	""		"15490.077832"	"31715.78811"	"5f.6d.7s2"	"3G*"	"5"	""	""	"6"		""	"L18702"	
"616.1649"	"616.163333"	"16"	""		"22141.60454"	"38366.5775"	""	"*"	"3"	"6d4"	""	"4"		""	"L12239"	
"616.17651"	"616.176487"	"100"	""		"19986.16721"	"36210.7938"	"5f.6d2.7s"	"5H*"	"6"	""	""	"5"		""	"L5951"	
"616.217005"	"616.21722"	"5200bl"	""		"23741.07467"	"39964.6289"	""	"*"	"1"	""	""	"2"		""	"L5951"	
"616.2261"	"616.226218"	"23"	""		"17073.80916"	"33297.1264"	"6d3.(4P).7s"	""	"1"	""	"*"	"2"		""	"L3552"	
"616.2456"	"616.245489"	"46"	""		"17959.89498"	"34182.7049"	"6d3.(4F).7s"	"3F"	"4"	""	"*"	"5"		""	"L3552"	
"616.28515"	"616.285557"	"42"	""		"11802.93238"	"28024.68756"	"6d3.(4P).7s"	"5P"	"2"	""	"*"	"1"		""	"L12239"	
"616.29699"	"616.296934"	"200"	""		"13088.56115"	"29310.01688"	"6d3.(2G).7s"	"3G"	"3"	""	"*"	"4"		""	"L5951"	
"616.3207"	"616.32040"	"27"	""		"25806.5369"	"42027.3749"	""	"*"	"1 or 2"	"6d4"	"1D"	"2"		""	"L12239"	
"616.37269"	"616.372529"	"200"	""		"18930.29333"	"35149.75961"	"6d2.7s.7p"	"3G*"	"3"	""	""	"2"		""	"L12239"	
"616.3905"	"616.389702"	"28"	""		"22163.13360"	"38382.1480"	""	"*"	"4"	""	""	"3"		""	"L12239"	
"616.447940"	"616.447944"	"5700"	""		"0.000000"	"16217.482038"	"6d2.7s2"	"3F"	"2"	"6d.7s2.7p"	"1D*"	"2"		""	"L18702"	
"616.4842"	"616.484286"	"92"	""		"15863.88829"	"32080.4143"	"6d3.(2D2).7s"	""	"2"	""	"*"	"1"		""	"L3552"	
"616.5538"	"616.554108"	"46"	""		"20566.62381"	"36781.3134"	"6d2.7s.7p"	"5D*"	"4"	""	""	"5"		""	"L3552"	
"616.58340"	"616.583489"	"150"	""		"20214.92997"	"36428.8469"	"6d2.7s.7p"	"5D*"	"3"	""	""	"2"		""	"L5951"	
"616.5972"	"616.59631"	"7"	""		"28188.34547"	"44401.9252"	""	"*"	"6"	""	""	"6 or 7"		""	"L12239"	
"616.65362"	"616.653157"	"51"	""		"25336.49797"	"41548.5831"	""	"*"	"6"	""	""	"6"		""	"L12239"	
"616.6709"	"616.671171"	"45"	""		"19588.36224"	"35799.97381"	"6d2.7s.7p"	"5G*"	"5"	"5f.6d.7s.7p"	"3I"	"6"		""	"L3552"	
"616.8482"	"616.848142"	"22"	""		"21890.13254"	"38097.0931"	""	"*"	"3"	""	""	"2"		""	"L3552"	
"616.8838"	"616.884150"	"19"	""		"19588.36224"	"35794.3768"	"6d2.7s.7p"	"5G*"	"5"	"6d4"	"3F1"	"4"		""	"L12239"	
"616.9394"	"616.938949"	"11"	""		"21902.26981"	"38106.8449"	"5f.6d2.7s"	"3H*"	"4"	""	""	"5"		""	"L3552"	
"616.982197"	"616.982198"	"18000"	""		"4961.658832"	"21165.098037"	"6d2.7s2"	"3F"	"4"	"5f.6d.7s2"	"3D*"	"3"		""	"L18702"	
"617.06556"	"617.065539"	"100"	""		"7280.123222"	"23481.37399"	"6d2.7s2"	""	"2"	""	"*"	"1"		""	"L5951"	
"617.07370"	"617.073668"	"110"	""		"19532.41646"	"35733.4538"	"6d3.(2F).7s"	"3F"	"4"	""	"*"	"4"		""	"L5951"	
"617.3004"	"617.300824"	"23"	""		"17411.224415"	"33606.30012"	"6d.7s2.7p"	"3D*"	"3"	""	""	"2"		""	"L3552"	
"617.3881"	"617.388458"	"46"	""		"17398.39526"	"33591.1722"	"6d3.(4F).7s"	""	"3"	"6d3.7p"	"5G*"	"3"		""	"L3552"	
"617.4797"	"617.479603"	"46"	""		"15970.09583"	"32160.4826"	"6d3.(2D2).7s"	""	"3"	""	"*"	"2"		""	"L3552"	
"617.59586"	"617.595869"	"150"	""		"13945.307389"	"30132.64625"	"6d.7s2.7p"	"3F*"	"3"	""	""	"2"		""	"L12239"	
"617.6161"	"617.61593"	"20"	""		"25442.68552"	"41629.4986"	""	"*"	"3"	""	""	"2"		""	"L12239"	
"617.6494"	"617.649309"	"34"	""		"14465.221873"	"30651.16019"	"6d2.7s.7p"	"5G*"	"2"	"6d4"	""	"3"		""	"L12239"	
"617.6815"	"617.681044"	"14"	""		"19948.395175"	"36133.5019"	"6d2.7s.7p"	"5F*"	"4"	""	""	"5"		""	"L12239"	
"617.7081"	"617.709422"	"11"	""		"17224.302340"	"33408.66553"	"6d2.7s.7p"	"5F*"	"2"	""	""	"3"		""	"L3552"	
"617.7489"	"617.748659"	"11"	""		"11601.03035"	"27784.36557"	"6d3.(4P).7s"	"5P"	"1"	""	"*"	"2"		""	"L3552"	
"617.843134"	"617.843140"	"2800"	""		"8800.249723"	"24981.11021"	"6d3.(4F).7s"	"5F"	"4"	""	"*"	"3"		""	"L18702"	
"617.89316"	"617.893205"	"110"	""		"16783.84708"	"32963.39652"	"5f.6d2.7s"	"5I*"	"4"	""	""	"5"		""	"L5951"	
"617.91640"	"617.916742"	"69"	""		"16217.482038"	"32396.41519"	"6d.7s2.7p"	"1D*"	"2"	"6d4"	"3P1"	"2"		""	"L12239"	
"617.95487"	"617.954997"	"37"	""		"15493.21943"	"31671.1510"	"6d3.(2H).7s"	"3H"	"4"	""	"*"	"4"		""	"L12239"	
"617.97744"	"617.977333"	"55"	""		"15736.968041"	"31914.3149"	"6d2.7s.7p"	"5F*"	"1"	""	""	"1"		""	"L12239"	
"618.0285"	"618.028023"	"11"	""		"18549.40528"	"34725.4253"	"6d3.(4P).7s"	""	"2"	""	"*"	"3"		""	"L3552"	
"618.070493"	"618.070489"	"2400"	""		"5563.141519"	"21738.05013"	"6d3.(4F).7s"	"5F"	"1"	"5f.6d2.7s"	"5G*"	"2"		""	"L18702"	
"618.1537"	"618.15389"	"120"	""		"20922.12244"	"37094.8488"	""	"*"	"2"	""	""	"2"		""	"L3552"	
"618.262159"	"618.262159"	"38000"	""		"2869.259165"	"19039.153374"	"6d2.7s2"	"3F"	"3"	"6d.7s2.7p"	"3P*"	"2"		""	"L18702"	
"618.2830"	"618.283870"	"580"	""		"13847.77037"	"30017.09677"	"6d3.(4F).7s"	"3F"	"2"	""	"*"	"3"		""	"L3552"	
"618.3942"	"618.393447"	"57"	""		"17224.302340"	"33390.76362"	"6d2.7s.7p"	"5F*"	"2"	""	""	"1"		""	"L3552"	
"618.478974"	"618.478979"	"830"	""		"13088.56115"	"29252.78674"	"6d3.(2G).7s"	"3G"	"3"	""	"*"	"2"		""	"L18702"	
"618.49875"	"618.498828"	"100"	""		"8111.004545"	"24274.71139"	"6d2.7s2"	"1G"	"4"	""	"*"	"5"		""	"L12239"	
"618.5656"	"618.565725"	"8"	""		"21575.03713"	"37736.9959"	"6d3.(2P).7s"	""	"2"	""	"*"	"2"		""	"L12239"	
"618.57710"	"618.577201"	"93"	""		"17398.39526"	"33560.0542"	"6d3.(4F).7s"	""	"3"	""	"*"	"4"		""	"L5951"	
"618.6158"	"618.615139"	"22"	""		"18614.33811"	"34775.0059"	"6d2.7s.7p"	"5D*"	"1"	""	""	"1"		""	"L12239"	
"618.63785"	"618.637863"	"81"	""		"15166.900593"	"31326.97478"	"6d2.7s.7p"	"5G*"	"3"	""	""	"4"		""	"L5951"	
"618.6763"	"618.675302"	"22"	""		"18930.29333"	"35089.38959"	"6d2.7s.7p"	"3G*"	"3"	""	""	"3"		""	"L3552"	
"618.812501"	"618.812503"	"6000"	""		"8243.602091"	"24399.11564"	"5f.6d.7s2"	"3F*"	"2"	"5f.6d.7s.7p"	"5H"	"3"		""	"L18702"	
"618.8863"	"618.884693"	"11"	""		"17411.224415"	"33564.85352"	"6d.7s2.7p"	"3D*"	"3"	""	""	"3"		""	"L3552"	
"618.91447"	"618.914499"	"320"	""		"7502.287636"	"23655.13881"	"6d3.(4F).7s"	"5F"	"3"	""	"*"	"4"		""	"L18702"	
"618.9938"	"618.992740"	"9"	""		"25690.47345"	"41841.2829"	""	"*"	"5"	""	""	"6"		""	"L12239"	
"619.07095"	"619.070911"	"140"	""		"8111.004545"	"24259.77463"	"6d2.7s2"	"1G"	"4"	""	"*"	"4"		""	"L12239"	
"619.07705"	"619.07697"	"53"	""		"21539.59257"	"37688.2046"	""	"*"	"4"	""	""	"3"		""	"L12239"	
"619.1261"	"619.125943"	"22"	""		"19986.16721"	"36133.5019"	"5f.6d2.7s"	"5H*"	"6"	""	""	"5"		""	"L3552"	
"619.190522"	"619.190522"	"5900"	""		"6362.395980"	"22508.04658"	"6d3.(4F).7s"	"5F"	"2"	"6d2.7s.7p"	"5P*"	"2"		""	"L18702"	
"619.31786"	"619.318179"	"58"	""		"21594.67329"	"37736.9959"	"6d3.(2F).7s"	"1F"	"3"	""	"*"	"2"		""	"L12239"	
"619.3290"	"619.32888"	"22"	""		"21165.098037"	"37307.1417"	"5f.6d.7s2"	"3D*"	"3"	"6d4"	""	"3"		""	"L3552"	
"619.3576"	"619.357487"	"22"	""		"19948.395175"	"36089.6933"	"6d2.7s.7p"	"5F*"	"4"	""	""	"4"		""	"L3552"	
"619.4793"	"619.47883"	"13"	""		"27266.02670"	"43404.1631"	""	"*"	"4"	""	""	"4"		""	"L12239"	
"619.4926"	"619.49253"	"10"	""		"22669.88918"	"38807.6687"	""	"*"	"3"	""	""	"2"		""	"L12239"	
"619.53210"	"619.532116"	"230"	""		"15490.077832"	"31626.82622"	"5f.6d.7s2"	"3G*"	"5"	""	""	"5"		""	"L5951"	
"619.6172"	"619.617003"	"44"	""		"21077.152101"	"37211.6898"	"6d2.7s.7p"	"5F*"	"5"	""	""	"5"		""	"L3552"	
"619.6307"	"619.630774"	"17"	""		"20054.77119"	"36188.9503"	"6d3.(2F).7s"	"3F"	"2"	""	"*"	"2"		""	"L12239"	
"619.7591"	"619.75847"	"11"	""		"20522.71449"	"36653.5692"	"6d2.7s.7p"	"3F*"	"2"	""	""	"2"		""	"L3552"	
"619.822259"	"619.822259"	"9300"	""		"3687.987189"	"19817.18191"	"6d2.7s2"	""	"2"	"6d2.7s.7p"	"5P*"	"1"		""	"L18702"	
"620.3169"	"620.316832"	"34"	""		"17411.224415"	"33527.55959"	"6d.7s2.7p"	"3D*"	"3"	""	""	"4"		""	"L3552"	
"620.349239"	"620.349239"	"16000"	""		"4961.658832"	"21077.152101"	"6d2.7s2"	"3F"	"4"	"6d2.7s.7p"	"5F*"	"5"		""	"L18702"	
"620.50180"	"620.501842"	"150"	""		"16346.64962"	"32458.17957"	"5f.6d2.7s"	"5H*"	"4"	""	""	"4"		""	"L5951"	
"620.586002"	"620.586008"	"630"	""		"13088.56115"	"29197.90600"	"6d3.(2G).7s"	"3G"	"3"	""	"*"	"2"		""	"L18702"	
"620.722000"	"620.722000"	"9300"	""		"5563.141519"	"21668.957072"	"6d3.(4F).7s"	"5F"	"1"	"6d2.7s.7p"	"5P*"	"1"		""	"L18702"	
"620.77504"	"620.774992"	"360"	""		"17166.10472"	"33270.5454"	"6d3.(2H).7s"	"3H"	"5"	""	"*"	"4"		""	"L5951"	
"620.868725"	"620.868680"	"650"	""		"11241.73043"	"27343.74101"	"5f.6d.7s2"	"3F*"	"3"	"5f.6d.7s.7p"	"5H"	"3"		""	"L18702"	
"620.8861"	"620.884685"	"22"	""		"22855.29928"	"38956.8948"	""	"*"	"3"	""	""	"4"		""	"L3552"	
"620.89861"	"620.898663"	"99"	""		"7502.287636"	"23603.52066"	"6d3.(4F).7s"	"5F"	"3"	""	"*"	"2"		""	"L5951"	
"620.9659"	"620.965947"	"22"	""		"19713.03109"	"35812.5195"	"6d3.(2F).7s"	"3F"	"3"	""	"*"	"3"		""	"L3552"	
"620.99496"	"620.994991"	"93"	""		"15166.900593"	"31265.63604"	"6d2.7s.7p"	"5G*"	"3"	""	""	"3"		""	"L5951"	
"621.271899"	"621.271900"	"850"	""		"8111.004545"	"24202.56462"	"6d2.7s2"	"1G"	"4"	""	"*"	"4"		""	"L18702"	
"621.3328"	"621.332583"	"33"	""		"21902.26981"	"37992.2583"	"5f.6d2.7s"	"3H*"	"4"	""	""	"4"		""	"L3552"	
"621.4104"	"621.410539"	"20"	""		"17073.80916"	"33161.7792"	"6d3.(4P).7s"	""	"1"	""	"*"	"1"		""	"L12239"	
"621.45400"	"621.454028"	"82"	""		"24561.65178"	"40648.4960"	""	"*"	"3"	""	""	"4"		""	"L12239"	
"621.6270"	"621.627083"	"33"	""		"20214.92997"	"36297.2958"	"6d2.7s.7p"	"5D*"	"3"	""	""	"4"		""	"L3552"	
"621.64400"	"621.644023"	"86"	""		"21575.03713"	"37656.9647"	"6d3.(2P).7s"	""	"2"	""	"*"	"3"		""	"L5951"	
"621.68641"	"621.686432"	"39"	""		"20737.28686"	"36818.1174"	""	"*"	"1"	""	""	"2"		""	"L12239"	
"621.7439"	"621.743957"	"9"	""		"14465.221873"	"30544.56459"	"6d2.7s.7p"	"5G*"	"2"	""	""	"2"		""	"L12239"	
"621.75786"	"621.757705"	"200"	""		"15166.900593"	"31245.88778"	"6d2.7s.7p"	"5G*"	"3"	""	""	"2"		""	"L5951"	
"621.8179"	"621.818168"	"12"	""		"22141.60454"	"38219.0283"	""	"*"	"3"	"6d4"	""	"2"		""	"L12239"	
"621.8862"	"621.886918"	"22"	""		"22877.58322"	"38953.2296"	""	"*"	"5"	""	""	"5"		""	"L3552"	
"621.9672"	"621.966947"	"11"	""		"19227.33665"	"35300.9146"	"5f.6d2.7s"	"5I*"	"6"	"5f.6d2.7p"	"5K"	"5"		""	"L3552"	
"621.97779"	"621.977901"	"130"	""		"11601.03035"	"27674.32522"	"6d3.(4P).7s"	"5P"	"1"	""	"*"	"2"		""	"L5951"	
"622.001122"	"622.001125"	"1500"	""		"9804.806547"	"25877.50128"	"6d3.(4F).7s"	"5F"	"5"	""	"*"	"4"		""	"L18702"	
"622.10599"	"622.105946"	"180"	""		"12847.96912"	"28917.95572"	"6d3.(4P).7s"	"5P"	"3"	""	"*"	"2"		""	"L5951"	
"622.131939"	"622.131917"	"730"	""		"13088.56115"	"29157.87692"	"6d3.(2G).7s"	"3G"	"3"	""	"*"	"3"		""	"L18702"	
"622.14325"	"622.143303"	"110"	""		"13945.307389"	"30014.32907"	"6d.7s2.7p"	"3F*"	"3"	"6d4"	""	"4"		""	"L12239"	
"622.25780"	"622.258733"	"36"	""		"13945.307389"	"30011.34827"	"6d.7s2.7p"	"3F*"	"3"	""	""	"3"		""	"L12239"	
"622.3308"	"622.330700"	"54"	""		"18809.88631"	"34874.0693"	"6d2.7s.7p"	"5G*"	"4"	""	""	"3"		""	"L3552"	
"622.4043"	"622.403990"	"54"	""		"21594.67329"	"37656.9647"	"6d3.(2F).7s"	"1F"	"3"	""	"*"	"3"		""	"L3552"	
"622.452710"	"622.452711"	"7800"	""		"2869.259165"	"18930.29333"	"6d2.7s2"	"3F"	"3"	"6d2.7s.7p"	"3G*"	"3"		""	"L18702"	
"622.4678"	"622.468353"	"87"	""		"19817.18191"	"35877.8125"	"6d2.7s.7p"	"5P*"	"1"	"6d4"	""	"2"		""	"L3552"	
"622.5103"	"622.510746"	"23"	""		"19516.98043"	"35576.5173"	"6d2.7s.7p"	"5D*"	"2"	""	""	"3"		""	"L12239"	
"622.636959"	"622.636965"	"2300"	""		"2558.056752"	"18614.33811"	"6d2.7s2"	"3P"	"0"	"6d2.7s.7p"	"5D*"	"1"		""	"L18702"	
"622.71823"	"622.718097"	"44"	""		"14226.82045"	"30281.0099"	"6d3.(2P).7s"	""	"0"	""	"*"	"1"		""	"L12239"	
"622.8237"	"622.82402"	"8"	""		"23752.68579"	"39804.1450"	""	"*"	"2"	""	""	"2"		""	"L12239"	
"623.0221"	"623.021926"	"10"	""		"21738.05013"	"37784.4105"	"5f.6d2.7s"	"5G*"	"2"	""	""	"2"		""	"L3552"	
"623.0548"	"623.055599"	"10"	""		"19588.36224"	"35633.8554"	"6d2.7s.7p"	"5G*"	"5"	""	""	"4"		""	"L3552"	
"623.0933"	"623.093457"	"32"	""		"22141.60454"	"38186.1228"	""	"*"	"3"	""	""	"4"		""	"L3552"	
"623.20673"	"623.206767"	"150"	""		"18549.40528"	"34591.0064"	"6d3.(4P).7s"	""	"2"	""	"*"	"1"		""	"L5951"	
"623.2129"	"623.213286"	"270"	""		"17959.89498"	"34001.3283"	"6d3.(4F).7s"	"3F"	"4"	""	"*"	"4"		""	"L3552"	
"623.2186"	"623.21933"	"87"	""		"21575.03713"	"37616.3148"	"6d3.(2P).7s"	""	"2"	""	"*"	"1"		""	"L3552"	
"623.28794"	"623.28846"	"45"	""		"25321.91918"	"41361.4177"	""	"*"	"3"	"5f.6d2.7p "	"5H"	"3"		""	"L12239"	
"623.3004"	"623.300421"	"87"	""		"23655.13881"	"39694.3296"	""	"*"	"4"	"5f.6d2.7p "	"5I"	"5"		""	"L3552"	
"623.3858"	"623.386049"	"32"	""		"12847.96912"	"28884.95681"	"6d3.(4P).7s"	"5P"	"3"	""	"*"	"3"		""	"L3552"	
"623.41962"	"623.419584"	"220"	""		"17354.638583"	"33390.76362"	"5f.6d.7s2"	"3D*"	"1"	""	""	"1"		""	"L5951"	
"623.485523"	"623.485525"	"3100"	""		"6362.395980"	"22396.82500"	"6d3.(4F).7s"	"5F"	"2"	""	"*"	"1"		""	"L18702"	
"623.5176"	"623.517848"	"10"	""		"18549.40528"	"34583.0031"	"6d3.(4P).7s"	""	"2"	""	"*"	"3"		""	"L3552"	
"623.71024"	"623.710490"	"50"	""		"17398.39526"	"33427.0409"	"6d3.(4F).7s"	""	"3"	""	"*"	"2"		""	"L12239"	
"623.79863"	"623.798522"	"63"	""		"17501.17592"	"33527.55959"	"5f.6d2.7s"	"5I*"	"5"	""	""	"4"		""	"L12239"	
"623.80825"	"623.808217"	"150"	""		"14481.86965"	"30508.00424"	"5f.6d.7s2"	"3H*"	"6"	""	""	"5"		""	"L5951"	
"623.8208"	"623.821168"	"53"	""		"18699.62342"	"34725.4253"	"5f.7s2.7p"	"3F"	"2"	""	"*"	"3"		""	"L3552"	
"623.9306"	"623.930675"	"53"	""		"22163.13360"	"38186.1228"	""	"*"	"4"	""	""	"4"		""	"L3552"	
"623.9742"	"623.973776"	"21"	""		"22508.04658"	"38529.9290"	"6d2.7s.7p"	"5P*"	"2"	""	""	"3"		""	"L3552"	
"624.03066"	"624.030630"	"97"	""		"19713.03109"	"35733.4538"	"6d3.(2F).7s"	"3F"	"3"	""	"*"	"4"		""	"L5951"	
"624.095333"	"624.095347"	"1100"	""		"7502.287636"	"23521.04909"	"6d3.(4F).7s"	"5F"	"3"	""	"*"	"3"		""	"L18702"	
"624.18739"	"624.187512"	"94"	""		"18574.61019"	"34591.0064"	"6d3.(2P).7s"	""	"1"	""	"*"	"1"		""	"L5951"	
"624.33603"	"624.336128"	"310"	""		"13297.43316"	"29310.01688"	"6d3.(2G).7s"	"3G"	"4"	""	"*"	"4"		""	"L5951"	
"624.43712"	"624.43728"	"53"	""		"21738.05013"	"37748.0401"	"5f.6d2.7s"	"5G*"	"2"	""	""	"2"		""	"L12239"	
"624.4875"	"624.487468"	"21"	""		"21077.152101"	"37085.8553"	"6d2.7s.7p"	"5F*"	"5"	""	""	"4"		""	"L3552"	
"624.5151"	"624.515115"	"14"	""		"17959.89498"	"33967.8895"	"6d3.(4F).7s"	"3F"	"4"	""	"*"	"3"		""	"L12239"	
"624.5601"	"624.559070"	"540"	""		"19039.153374"	"35046.0213"	"6d.7s2.7p"	"3P*"	"2"	""	"5F"	"1"		""	"L3552"	
"624.5850"	"624.584968"	"29"	""		"15863.88829"	"31870.0925"	"6d3.(2D2).7s"	""	"2"	""	"*"	"2"		""	"L12239"	
"624.61736"	"624.617375"	"350"	""		"13847.77037"	"29853.14415"	"6d3.(4F).7s"	"3F"	"2"	""	"*"	"2"		""	"L5951"	
"624.6407"	"624.640202"	"18"	""		"18699.62342"	"34704.4123"	"5f.7s2.7p"	"3F"	"2"	""	"*"	"3"		""	"L12239"	
"624.6664"	"624.665826"	"11"	""		"22141.60454"	"38145.7369"	""	"*"	"3"	""	""	"3"		""	"L3552"	
"624.91563"	"624.914900"	"44"	""		"16783.84708"	"32781.60068"	"5f.6d2.7s"	"5I*"	"4"	""	""	"4"		""	"L12239"	
"624.9263"	"624.927107"	"30"	""		"17411.224415"	"33408.66553"	"6d.7s2.7p"	"3D*"	"3"	""	""	"3"		""	"L12239"	
"625.04857"	"625.048586"	"320"	""		"11197.031257"	"27191.36326"	"5f.6d.7s2"	"3H*"	"5"	"5f.6d.7s.7p"	"5G"	"5"		""	"L18702"	
"625.1442"	"625.14392"	"15"	""		"27495.58911"	"43487.4820"	"5f2.7s2"	"3H"	"4"	""	"*"	"4"		""	"L12239"	
"625.1766"	"625.17783"	"10"	""		"26036.34930"	"42027.3749"	""	"*"	"3"	"6d4"	"1D"	"2"		""	"L12239"	
"625.19595"	"625.196226"	"34"	""		"21902.26981"	"37892.8248"	"5f.6d2.7s"	"3H*"	"4"	"5f.6d2.7p "	"5I"	"4"		""	"L12239"	
"625.23122"	"625.231530"	"56"	""		"19227.33665"	"35216.98873"	"5f.6d2.7s"	"5I*"	"6"	""	""	"5"		""	"L12239"	
"625.2608"	"625.259004"	"7"	""		"24084.94271"	"40073.8922"	"6d2.7s.7p"	"5G*"	"6"	""	""	"5"		""	"L12239"	
"625.2886"	"625.288785"	"23"	""		"21902.26981"	"37890.4578"	"5f.6d2.7s"	"3H*"	"4"	""	""	"5"		""	"L12239"	
"625.47762"	"625.477258"	"65"	""		"15970.09583"	"31953.46618"	"6d3.(2D2).7s"	""	"3"	""	"*"	"4"		""	"L12239"	
"625.5201"	"625.52028"	"10"	""		"26255.58209"	"42237.8531"	""	""	"4"	""	"*"	"3"		""	"L12239"	
"625.5334"	"625.53425"	"33"	""		"21539.59257"	"37521.5066"	""	"*"	"4"	""	""	"3"		""	"L12239"	
"625.55234"	"625.553075"	"38"	""		"11802.93238"	"27784.36557"	"6d3.(4P).7s"	"5P"	"2"	""	"*"	"2"		""	"L12239"	
"625.5852"	"625.58431"	"11"	""		"19516.98043"	"35497.6156"	"6d2.7s.7p"	"5D*"	"2"	""	""	"2"		""	"L12239"	
"625.6337"	"625.63421"	"26"	""		"24421.05861"	"40400.4192"	""	"*"	"3"	""	""	"2"		""	"L12239"	
"625.6654"	"625.66667"	"24"	""		"24981.11021"	"40959.6419"	""	"*"	"3"	""	""	"2"		""	"L12239"	
"625.742356"	"625.742361"	"3000"	""		"6362.395980"	"22338.99484"	"6d3.(4F).7s"	"5F"	"2"	"5f.6d2.7s"	"5G*"	"3"		""	"L18702"	
"625.8097"	"625.809150"	"21"	""		"15166.900593"	"31141.79438"	"6d2.7s.7p"	"5G*"	"3"	"6d4"	"3D"	"3"		""	"L3552"	
"626.02174"	"626.021855"	"100"	""		"8800.249723"	"24769.71573"	"6d3.(4F).7s"	"5F"	"4"	""	"*"	"3"		""	"L5951"	
"626.141810"	"626.141877"	"8500bl"	""		"10414.13700"	"26380.54194"	"5f.6d.7s2"	"1G*"	"4"	"5f.6d.7s.7p"	"5H"	"5"		""	"L18702"	
"626.2887"	"626.287927"	"14"	""		"20522.71449"	"36485.3961"	"6d2.7s.7p"	"3F*"	"2"	""	""	"2"		""	"L12239"	
"626.3026"	"626.301859"	"11"	""		"24274.71139"	"40237.0379"	""	"*"	"5"	""	""	"5"		""	"L12239"	
"626.47139"	"626.471363"	"110"	""		"17501.17592"	"33459.18355"	"5f.6d2.7s"	"5I*"	"5"	"5f.6d.7s.7p"	"3H"	"4"		""	"L5951"	
"626.56036"	"626.560418"	"160"	""		"14204.26476"	"30160.00425"	"6d3.(2G).7s"	""	"5"	""	"*"	"4"		""	"L5951"	
"626.5962"	"626.595205"	"32"	""		"22098.18793"	"38053.0416"	"5f.6d.7s.7p"	"5I"	"4"	""	"*"	"3"		""	"L3552"	
"626.64857"	"626.64873"	"49"	""		"24032.22651"	"39985.7173"	"5f.6d.7s.7p"	"5G"	"4"	""	"*"	"3"		""	"L12239"	
"626.66142"	"626.661367"	"160"	""		"16783.84708"	"32737.01627"	"5f.6d2.7s"	"5I*"	"4"	""	""	"5"		""	"L18702"	
"626.7188"	"626.718765"	"21"	""		"3865.473772"	"19817.18191"	"6d2.7s2"	"3P"	"1"	"6d2.7s.7p"	"5P*"	"1"		""	"L3552"	
"626.7800"	"626.77981"	"21"	""		"21738.05013"	"37688.2046"	"5f.6d2.7s"	"5G*"	"2"	""	""	"3"		""	"L3552"	
"626.82001"	"626.820014"	"190"	""		"9804.806547"	"25753.93805"	"6d3.(4F).7s"	"5F"	"5"	""	"*"	"5"		""	"L5951"	
"626.8923"	"626.893002"	"21"	""		"16346.64962"	"32293.92422"	"5f.6d2.7s"	"5H*"	"4"	""	""	"5"		""	"L3552"	
"627.02990"	"627.030566"	"110"	""		"18930.29333"	"34874.0693"	"6d2.7s.7p"	"3G*"	"3"	""	""	"3"		""	"L12239"	
"627.0331"	"627.033109"	"87"	""		"22163.13360"	"38106.8449"	""	"*"	"4"	""	""	"5"		""	"L3552"	
"627.154421"	"627.154427"	"1000"	""		"2869.259165"	"18809.88631"	"6d2.7s2"	"3F"	"3"	"6d2.7s.7p"	"5G*"	"4"		""	"L18702"	
"627.17371"	"627.173673"	"70"	""		"18431.686609"	"34371.8246"	"5f.7s2.7p"	"3G"	"3"	""	"*"	"2"		""	"L12239"	
"627.2676"	"627.267357"	"32"	""		"19503.143490"	"35440.9008"	"6d2.7s.7p"	"5F*"	"3"	"6d4"	""	"3"		""	"L3552"	
"627.4504"	"627.450714"	"16"	""		"22669.88918"	"38602.9891"	""	"*"	"3"	""	""	"2"		""	"L12239"	
"627.50774"	"627.50863"	"57"	""		"24769.71573"	"40701.3450"	""	"*"	"3"	""	""	"4"		""	"L12239"	
"627.5679"	"627.56686"	"21"	""		"22877.51748"	"38807.6687"	""	"*"	"1"	""	""	"2"		""	"L3552"	
"627.5849"	"627.584165"	"32"	""		"14032.085336"	"29961.79723"	"6d.7s2.7p"	"3D*"	"2"	""	""	"1"		""	"L3552"	
"627.616528"	"627.616526"	"820"	""		"13175.113345"	"29104.00388"	"5f.6d.7s2"	"3G*"	"4"	"6d4"	"3G"	"4"		""	"L18702"	
"627.7512"	"627.751136"	"21"	""		"21645.85769"	"37571.3326"	"6d3.(2G).7s"	""	"4"	""	"*"	"5"		""	"L3552"	
"627.8125"	"627.812419"	"43"	""		"19516.98043"	"35440.9008"	"6d2.7s.7p"	"5D*"	"2"	"6d4"	""	"3"		""	"L3552"	
"627.99776"	"627.997782"	"190"	""		"17354.638583"	"33273.8588"	"5f.6d.7s2"	"3D*"	"1"	""	""	"1"		""	"L5951"	
"628.0359"	"628.035757"	"21"	""		"15618.98461"	"31537.24226"	"5f.6d2.7s"	"5H*"	"3"	""	""	"3"		""	"L3552"	
"628.0890"	"628.087564"	"24"	""		"17501.17592"	"33418.1206"	"5f.6d2.7s"	"5I*"	"5"	"6d4"	""	"4"		""	"L12239"	
"628.11648"	"628.117021"	"33"	""		"23093.98148"	"39010.1797"	""	"*"	"2"	""	""	"3"		""	"L12239"	
"628.15227"	"628.15205"	"39"	""		"26508.02820"	"42423.3388"	""	"*"	"3"	""	""	"4"		""	"L12239"	
"628.1543"	"628.154428"	"54"	""		"18382.82669"	"34298.0771"	"6d2.7s.7p"	"5D*"	"0"	""	""	"1"		""	"L3552"	
"628.1653"	"628.16707"	"10"	""		"27266.02670"	"43180.9567"	""	"*"	"4"	""	""	"5"		""	"L12239"	
"628.2449"	"628.244885"	"21"	""		"18431.686609"	"34344.6455"	"5f.7s2.7p"	"3G"	"3"	""	"*"	"4"		""	"L3552"	
"628.3141"	"628.31451"	"28"	""		"23049.45870"	"38960.6542"	""	"*"	"1"	""	""	"2"		""	"L12239"	
"628.3213"	"628.321353"	"5"	""		"23609.16775"	"39520.1900"	""	"*"	"5"	""	""	"4"		""	"L12239"	
"628.5146"	"628.514513"	"14"	""		"20522.71449"	"36428.8469"	"6d2.7s.7p"	"3F*"	"2"	""	""	"2"		""	"L12239"	
"628.5453"	"628.546090"	"10"	""		"22855.29928"	"38760.6326"	""	"*"	"3"	""	""	"4"		""	"L3552"	
"628.5971"	"628.597829"	"22"	""		"19516.98043"	"35421.0046"	"6d2.7s.7p"	"5D*"	"2"	""	""	"1"		""	"L12239"	
"628.60453"	"628.604509"	"200"	""		"13945.307389"	"29849.16255"	"6d.7s2.7p"	"3F*"	"3"	""	""	"4"		""	"L5951"	
"628.6714"	"628.671048"	"15"	""		"19503.143490"	"35405.3154"	"6d2.7s.7p"	"5F*"	"3"	""	""	"3"		""	"L12239"	
"628.725515"	"628.725526"	"520"	""		"8800.249723"	"24701.04375"	"6d3.(4F).7s"	"5F"	"4"	""	"*"	"5"		""	"L18702"	
"628.75704"	"628.757056"	"90"	""		"15970.09583"	"31870.0925"	"6d3.(2D2).7s"	""	"3"	""	"*"	"2"		""	"L5951"	
"628.8074"	"628.807105"	"21"	""		"17398.39526"	"33297.1264"	"6d3.(4F).7s"	""	"3"	""	"*"	"2"		""	"L3552"	
"628.9159"	"628.915342"	"21"	""		"20922.12244"	"36818.1174"	""	"*"	"2"	""	""	"2"		""	"L3552"	
"628.92713"	"628.92781"	"50"	""		"27591.80212"	"43487.4820"	"6d4"	"3H"	"5"	""	"*"	"4"		""	"L12239"	
"628.9585"	"628.95998"	"19"	""		"28140.86799"	"44035.7349"	""	"*"	"4"	""	""	"4"		""	"L12239"	
"628.9692"	"628.96809"	"27"	""		"24421.05861"	"40315.7205"	""	"*"	"3"	""	""	"4"		""	"L12239"	
"629.04035"	"629.040136"	"66"	""		"19503.143490"	"35395.9849"	"6d2.7s.7p"	"5F*"	"3"	""	""	"2"		""	"L12239"	
"629.119129"	"629.119142"	"1700"	""		"14481.86965"	"30372.71524"	"5f.6d.7s2"	"3H*"	"6"	""	""	"6"		""	"L18702"	
"629.16286"	"629.162846"	"170"	""		"13945.307389"	"29835.04913"	"6d.7s2.7p"	"3F*"	"3"	""	""	"3"		""	"L5951"	
"629.20601"	"629.205979"	"300"	""		"14243.993748"	"30132.64625"	"5f.6d.7s2"	"3P*"	"1"	""	""	"2"		""	"L5951"	
"629.2187"	"629.218554"	"43"	""		"19516.98043"	"35405.3154"	"6d2.7s.7p"	"5D*"	"2"	""	""	"3"		""	"L3552"	
"629.289121"	"629.289111"	"680"	""		"6362.395980"	"22248.94952"	"6d3.(4F).7s"	"5F"	"2"	""	"*"	"2"		""	"L18702"	
"629.3036"	"629.303553"	"32"	""		"20922.12244"	"36808.3114"	""	"*"	"2"	""	""	"3"		""	"L3552"	
"629.324233"	"629.324234"	"1400"	""		"9804.806547"	"25690.47345"	"6d3.(4F).7s"	"5F"	"5"	""	"*"	"5"		""	"L18702"	
"629.41556"	"629.414859"	"36"	""		"18699.62342"	"34583.0031"	"5f.7s2.7p"	"3F"	"2"	""	"*"	"3"		""	"L12239"	
"629.4283"	"629.427948"	"21"	""		"22877.58322"	"38760.6326"	""	"*"	"5"	""	""	"4"		""	"L3552"	
"629.4340"	"629.434112"	"21"	""		"19948.395175"	"35831.2890"	"6d2.7s.7p"	"5F*"	"4"	""	""	"3"		""	"L3552"	
"629.5166"	"629.516348"	"28"	""		"18549.40528"	"34430.2243"	"6d3.(4P).7s"	""	"2"	""	"*"	"3"		""	"L12239"	
"629.61045"	"629.610455"	"110"	""		"21252.60286"	"37131.0482"	""	"*"	"2"	""	""	"3"		""	"L5951"	
"629.6426"	"629.64131"	"10"	""		"22401.20793"	"38278.8753"	"6d3.(2P).7s"	""	"1"	""	"*"	"1"		""	"L3552"	
"629.7426"	"629.742699"	"32"	""		"17224.302340"	"33099.41329"	"6d2.7s.7p"	"5F*"	"2"	""	""	"3"		""	"L3552"	
"629.7581"	"629.758161"	"10"	""		"24032.22651"	"39906.9477"	"5f.6d.7s.7p"	"5G"	"4"	""	"*"	"4"		""	"L3552"	
"629.7777"	"629.776794"	"110"	""		"17847.07751"	"33721.32901"	"5f.6d.7s2"	"3P*"	"2"	""	""	"2"		""	"L3552"	
"629.89027"	"629.890227"	"250"	""		"11802.93238"	"27674.32522"	"6d3.(4P).7s"	"5P"	"2"	""	"*"	"2"		""	"L5951"	
"629.94464"	"629.944065"	"37"	""		"23655.13881"	"39525.1752"	""	"*"	"4"	""	""	"5"		""	"L12239"	
"629.9527"	"629.95171"	"21"	""		"21738.05013"	"37607.8939"	"5f.6d2.7s"	"5G*"	"2"	""	""	"1"		""	"L12239"	
"630.091639"	"630.091632"	"1100"	""		"12114.36618"	"27980.68586"	"5f.6d.7s2"	"1D*"	"2"	""	""	"3"		""	"L18702"	
"630.14128"	"630.141303"	"490"	""		"21539.59257"	"37404.6616"	""	"*"	"4"	""	""	"3"		""	"L5951"	
"630.24707"	"630.246953"	"100"	""		"22399.39666"	"38261.8062"	"5f.6d2.7s"	"3I*"	"5"	""	""	"5"		""	"L5951"	
"630.3077"	"630.30784"	"12"	""		"26790.42715"	"42651.3045"	""	"*"	"4"	""	""	"3"		""	"L12239"	
"630.325070"	"630.325068"	"1000"	""		"13297.43316"	"29157.87692"	"6d3.(2G).7s"	"3G"	"4"	""	"*"	"3"		""	"L18702"	
"630.52767"	"630.527661"	"230"	""		"16346.64962"	"32201.99736"	"5f.6d2.7s"	"5H*"	"4"	""	""	"5"		""	"L5951"	
"630.53570"	"630.535630"	"140"	""		"19227.33665"	"35082.48400"	"5f.6d2.7s"	"5I*"	"6"	""	""	"6"		""	"L5951"	
"630.74327"	"630.744233"	"46"	""		"24202.56462"	"40052.4683"	""	"*"	"4"	""	""	"4"		""	"L12239"	
"630.78641"	"630.786605"	"77"	""		"15863.88829"	"31712.7273"	"6d3.(2D2).7s"	""	"2"	""	"*"	"1"		""	"L12239"	
"630.9756"	"630.975657"	"43"	""		"13088.56115"	"28932.65158"	"6d3.(2G).7s"	"3G"	"3"	""	"*"	"4"		""	"L3552"	
"631.081047"	"631.081024"	"1200"	""		"10414.13700"	"26255.58209"	"5f.6d.7s2"	"1G*"	"4"	""	""	"4"		""	"L18702"	
"631.1097"	"631.109675"	"54"	""		"17959.89498"	"33800.6209"	"6d3.(4F).7s"	"3F"	"4"	""	"*"	"3"		""	"L3552"	
"631.1453"	"631.145188"	"110"	""		"17959.89498"	"33799.7296"	"6d3.(4F).7s"	"3F"	"4"	""	"*"	"4"		""	"L3552"	
"631.19451"	"631.194482"	"85"	""		"13847.77037"	"29686.36795"	"6d3.(4F).7s"	"3F"	"2"	""	"*"	"3"		""	"L12239"	
"631.26222"	"631.262263"	"340"	""		"15490.077832"	"31326.97478"	"5f.6d.7s2"	"3G*"	"5"	""	""	"4"		""	"L5951"	
"631.42693"	"631.426922"	"110"	""		"12847.96912"	"28680.73627"	"6d3.(4P).7s"	"5P"	"3"	""	"*"	"4"		""	"L5951"	
"631.4440"	"631.442625"	"21"	""		"20214.92997"	"36047.3034"	"6d2.7s.7p"	"5D*"	"3"	""	""	"2"		""	"L3552"	
"631.577496"	"631.577467"	"890"	""		"3687.987189"	"19516.98043"	"6d2.7s2"	""	"2"	"6d2.7s.7p"	"5D*"	"2"		""	"L18702"	
"631.6061"	"631.606209"	"53"	""		"12847.96912"	"28676.24203"	"6d3.(4P).7s"	"5P"	"3"	""	"*"	"3"		""	"L3552"	
"631.71830"	"631.718265"	"460"	""		"12847.96912"	"28673.43441"	"6d3.(4P).7s"	"5P"	"3"	""	"*"	"2"		""	"L18702"	
"631.7611"	"631.76057"	"29"	""		"27266.02670"	"43090.4322"	""	"*"	"4"	""	""	"4"		""	"L12239"	
"631.83019"	"631.829968"	"42"	""		"22877.58322"	"38700.2507"	""	"*"	"5"	""	""	"4"		""	"L12239"	
"631.8399"	"631.839877"	"10"	""		"18549.40528"	"34371.8246"	"6d3.(4P).7s"	""	"2"	""	"*"	"2"		""	"L3552"	
"631.86936"	"631.869471"	"92"	""		"14465.221873"	"30286.90016"	"6d2.7s.7p"	"5G*"	"2"	""	""	"1"		""	"L12239"	
"631.91635"	"631.916329"	"240"	""		"18011.38030"	"33831.88538"	"5f.6d2.7s"	"5H*"	"5"	""	""	"4"		""	"L5951"	
"631.92640"	"631.926226"	"110"	""		"19713.03109"	"35533.2884"	"6d3.(2F).7s"	"3F"	"3"	""	"*"	"2"		""	"L12239"	
"631.9753"	"631.975588"	"21"	""		"19532.41646"	"35351.4381"	"6d3.(2F).7s"	"3F"	"4"	""	"*"	"4"		""	"L3552"	
"632.13004"	"632.130049"	"190"	""		"3687.987189"	"19503.143490"	"6d2.7s2"	""	"2"	"6d2.7s.7p"	"5F*"	"3"		""	"L5951"	
"632.17075"	"632.171570"	"32"	""		"24259.77463"	"40073.8922"	""	"*"	"4"	""	""	"5"		""	"L12239"	
"632.18187"	"632.181936"	"270"	""		"7280.123222"	"23093.98148"	"6d2.7s2"	""	"2"	""	"*"	"2"		""	"L18702"	
"632.1965"	"632.196730"	"21"	""		"20522.71449"	"36336.2027"	"6d2.7s.7p"	"3F*"	"2"	""	""	"3"		""	"L3552"	
"632.28662"	"632.286775"	"59"	""		"20322.26571"	"36133.5019"	"5f.6d.7s2"	"1H*"	"5"	""	""	"5"		""	"L12239"	
"632.3055"	"632.305649"	"21"	""		"15970.09583"	"31780.86008"	"6d3.(2D2).7s"	""	"3"	""	"*"	"3"		""	"L3552"	
"632.4104"	"632.410572"	"31"	""		"21077.152101"	"36885.2932"	"6d2.7s.7p"	"5F*"	"5"	""	""	"4"		""	"L3552"	
"632.43978"	"632.439736"	"240"	""		"14206.91694"	"30014.32907"	"5f.6d.7s2"	"3F*"	"4"	"6d4"	""	"4"		""	"L5951"	
"632.4662"	"632.466202"	"21"	""		"28346.81854"	"44153.5692"	""	""	"1"	""	"*"	"2"		""	"L3552"	
"632.50048"	"632.500525"	"120"	""		"8111.004545"	"23916.89747"	"6d2.7s2"	"1G"	"4"	""	"*"	"4"		""	"L12239"	
"632.5590"	"632.559019"	"860"	""		"14206.91694"	"30011.34827"	"5f.6d.7s2"	"3F*"	"4"	""	""	"3"		""	"L3552"	
"632.6178"	"632.617762"	"84"	""		"14032.085336"	"29835.04913"	"6d.7s2.7p"	"3D*"	"2"	""	""	"3"		""	"L3552"	
"632.636681"	"632.636681"	"2400"	""		"11241.73043"	"27044.22163"	"5f.6d.7s2"	"3F*"	"3"	""	""	"3"		""	"L18702"	
"632.727763"	"632.727764"	"6900"	""		"11197.031257"	"26997.24767"	"5f.6d.7s2"	"3H*"	"5"	"5f.6d.7s.7p"	"5I"	"6"		""	"L18702"	
"632.8263"	"632.826414"	"21"	""		"15166.900593"	"30964.65395"	"6d2.7s.7p"	"5G*"	"3"	""	""	"3"		""	"L3552"	
"632.88079"	"632.880806"	"130"	""		"13088.56115"	"28884.95681"	"6d3.(2G).7s"	"3G"	"3"	""	"*"	"3"		""	"L5951"	
"632.92989"	"632.929770"	"150"	""		"28358.39555"	"44153.5692"	""	""	"3"	""	"*"	"2"		""	"L5951"	
"633.0287"	"633.029162"	"7"	""		"24259.77463"	"40052.4683"	""	"*"	"4"	""	""	"4"		""	"L12239"	
"633.03757"	"633.037477"	"65"	""		"13847.77037"	"29640.2566"	"6d3.(4F).7s"	"3F"	"2"	""	"*"	"1"		""	"L12239"	
"633.14137"	"633.141378"	"990"	""		"15493.21943"	"31283.11407"	"6d3.(2H).7s"	"3H"	"4"	""	"*"	"3"		""	"L5951"	
"633.2684"	"633.268455"	"84"	""		"22399.39666"	"38186.1228"	"5f.6d2.7s"	"3I*"	"5"	""	""	"4"		""	"L3552"	
"633.3017"	"633.30020"	"10"	""		"21902.26981"	"37688.2046"	"5f.6d2.7s"	"3H*"	"4"	""	""	"3"		""	"L3552"	
"633.4923"	"633.493214"	"13"	""		"25575.04516"	"41356.1703"	""	"*"	"4"	""	""	"5"		""	"L12239"	
"633.50117"	"633.501293"	"100"	""		"15490.077832"	"31271.00174"	"5f.6d.7s2"	"3G*"	"5"	""	""	"5"		""	"L12239"	
"633.57015"	"633.570161"	"140"	""		"6362.395980"	"22141.60454"	"6d3.(4F).7s"	"5F"	"2"	""	"*"	"3"		""	"L5951"	
"633.60801"	"633.607947"	"110"	""		"18053.617845"	"33831.88538"	"6d.7s2.7p"	"3F*"	"4"	""	""	"4"		""	"L12239"	
"633.64159"	"633.641592"	"210"	""		"18930.29333"	"34707.7231"	"6d2.7s.7p"	"3G*"	"3"	""	""	"3"		""	"L5951"	
"633.7528"	"633.752114"	"21"	""		"18549.40528"	"34324.0836"	"6d3.(4P).7s"	""	"2"	""	"*"	"2"		""	"L3552"	
"633.762020"	"633.762015"	"1600"	""		"11197.031257"	"26971.46312"	"5f.6d.7s2"	"3H*"	"5"	""	""	"4"		""	"L18702"	
"633.93061"	"633.930532"	"250"	""		"9804.806547"	"25575.04516"	"6d3.(4F).7s"	"5F"	"5"	""	"*"	"4"		""	"L5951"	
"633.95693"	"633.957052"	"64"	""		"20566.62381"	"36336.2027"	"6d2.7s.7p"	"5D*"	"4"	""	""	"3"		""	"L12239"	
"633.966801"	"633.966838"	"940"	""		"7280.123222"	"23049.45870"	"6d2.7s2"	""	"2"	""	"*"	"1"		""	"L18702"	
"634.0299"	"634.029902"	"14"	""		"16783.84708"	"32551.61408"	"5f.6d2.7s"	"5I*"	"4"	""	""	"3"		""	"L12239"	
"634.03887"	"634.03866"	"44"	""		"21539.59257"	"37307.1417"	""	"*"	"4"	"6d4"	""	"3"		""	"L12239"	
"634.1793"	"634.17825"	"6"	""		"24421.05861"	"40185.1371"	""	"*"	"3"	""	""	"2"		""	"L12239"	
"634.1872"	"634.187683"	"21"	""		"21539.59257"	"37303.4367"	""	"*"	"4"	""	""	"4"		""	"L12239"	
"634.285945"	"634.285945"	"15000"	""		"8800.249723"	"24561.65178"	"6d3.(4F).7s"	"5F"	"4"	""	"*"	"3"		""	"L18702"	
"634.3728"	"634.373665"	"10"	""		"17847.07751"	"33606.30012"	"5f.6d.7s2"	"3P*"	"2"	""	""	"2"		""	"L3552"	
"634.4331"	"634.433018"	"40"	""		"20054.77119"	"35812.5195"	"6d3.(2F).7s"	"3F"	"2"	""	"*"	"3"		""	"L3552"	
"634.5250"	"634.52388"	"8"	""		"29397.1521"	"45152.6440"	""	"*"	"5 or 6 or 7"	""	""	"6 or 7"		""	"L12239"	
"634.5807"	"634.58120"	"12"	""		"24561.65178"	"40315.7205"	""	"*"	"3"	""	""	"4"		""	"L12239"	
"634.612081"	"634.612083"	"710"	""		"13297.43316"	"29050.73523"	"6d3.(2G).7s"	"3G"	"4"	""	"*"	"5"		""	"L18702"	
"634.81252"	"634.812650"	"100"	""		"23015.15141"	"38763.4763"	""	"*"	"5"	""	""	"5"		""	"L18702"	
"634.8213"	"634.821343"	"20"	""		"20737.28686"	"36485.3961"	""	"*"	"1"	""	""	"2"		""	"L3552"	
"634.873742"	"634.873740"	"2600"	""		"8243.602091"	"23990.41162"	"5f.6d.7s2"	"3F*"	"2"	"5f.6d.7s.7p"	"5F"	"2"		""	"L18702"	
"635.08958"	"635.089337"	"32"	""		"19532.41646"	"35273.8804"	"6d3.(2F).7s"	"3F"	"4"	"6d3.7p"	"5G*"	"5"		""	"L12239"	
"635.27066"	"635.270777"	"73"	""		"0.000000"	"15736.968041"	"6d2.7s2"	"3F"	"2"	"6d2.7s.7p"	"5F*"	"1"		""	"L12239"	
"635.5283"	"635.527913"	"100"	""		"18699.62342"	"34430.2243"	"5f.7s2.7p"	"3F"	"2"	""	"*"	"3"		""	"L3552"	
"635.562986"	"635.562991"	"930"	""		"11241.73043"	"26971.46312"	"5f.6d.7s2"	"3F*"	"3"	""	""	"4"		""	"L18702"	
"635.591070"	"635.591074"	"2200"	""		"10526.544406"	"26255.58209"	"5f.6d.7s2"	"3G*"	"3"	""	""	"4"		""	"L18702"	
"635.6139"	"635.613801"	"20"	""		"16351.93901"	"32080.4143"	"6d2.7s2"	""	"0"	""	"*"	"1"		""	"L3552"	
"635.6603"	"635.660322"	"20"	""		"22163.13360"	"37890.4578"	""	"*"	"4"	""	""	"5"		""	"L3552"	
"635.7363"	"635.735208"	"20"	""		"22877.51748"	"38602.9891"	""	"*"	"1"	""	""	"2"		""	"L3552"	
"635.96743"	"635.967422"	"490"	""		"17166.10472"	"32885.83448"	"6d3.(2H).7s"	"3H"	"5"	""	"*"	"6"		""	"L18702"	
"636.0466"	"636.046474"	"51"	""		"17847.07751"	"33564.85352"	"5f.6d.7s2"	"3P*"	"2"	""	""	"3"		""	"L3552"	
"636.1796"	"636.179485"	"30"	""		"14247.30742"	"29961.79723"	"5f.6d.7s2"	"3P*"	"0"	""	""	"1"		""	"L3552"	
"636.22519"	"636.225164"	"440*"	""		"17501.17592"	"33214.53748"	"5f.6d2.7s"	"5I*"	"5"	"5f.6d.7s.7p"	"3I"	"5"		""	"L5951"	
"636.2583"	"636.257930"	"20"	""		"19588.36224"	"35300.9146"	"6d2.7s.7p"	"5G*"	"5"	"5f.6d2.7p"	"5K"	"5"		""	"L3552"	
"636.2797"	"636.279512"	"20"	""		"16217.482038"	"31929.50145"	"6d.7s2.7p"	"1D*"	"2"	""	""	"3"		""	"L3552"	
"636.4254"	"636.426029"	"21"	""		"19532.41646"	"35240.8187"	"6d3.(2F).7s"	"3F"	"4"	""	"*"	"3"		""	"L12239"	
"636.44280"	"636.442725"	"94"	""		"15618.98461"	"31326.97478"	"5f.6d2.7s"	"5H*"	"3"	""	""	"4"		""	"L5951"	
"636.46470"	"636.464683"	"120"	""		"22399.39666"	"38106.8449"	"5f.6d2.7s"	"3I*"	"5"	""	""	"5"		""	"L5951"	
"636.48021"	"636.480862"	"54"	""		"26232.29174"	"41939.3407"	"5f.6d2.7s"	"3H*"	"6"	""	""	"5"		""	"L12239"	
"636.5984"	"636.597899"	"20"	""		"21077.152101"	"36781.3134"	"6d2.7s.7p"	"5F*"	"5"	""	""	"5"		""	"L3552"	
"636.6406"	"636.642835"	"3"	""		"28450.51635"	"44153.5692"	""	""	"1"	""	"*"	"2"		""	"L12239"	
"636.7066"	"636.706479"	"30"	""		"15493.21943"	"31194.70265"	"6d3.(2H).7s"	"3H"	"4"	"5f.6d3"	"5I*"	"4"		""	"L3552"	
"636.7663"	"636.76646"	"10"	""		"29123.8479"	"44823.8521"	""	"*"	"6 or 5"	""	""	"5 or 6"		""	"L12239"	
"636.90661"	"636.906644"	"140"	""		"11601.03035"	"27297.5790"	"6d3.(4P).7s"	"5P"	"1"	""	"*"	"1"		""	"L5951"	
"636.913901"	"636.913921"	"800"	""		"17166.10472"	"32862.47402"	"6d3.(2H).7s"	"3H"	"5"	""	"*"	"4"		""	"L18702"	
"636.9876"	"636.987350"	"20"	""		"21143.42198"	"36837.9819"	"6d3.(2H).7s"	"1H"	"5"	""	"*"	"5"		""	"L3552"	
"637.07959"	"637.079673"	"120"	""		"15736.968041"	"31429.25358"	"6d2.7s.7p"	"5F*"	"1"	""	""	"1"		""	"L5951"	
"637.194351"	"637.194352"	"3000"	""		"5563.141519"	"21252.60286"	"6d3.(4F).7s"	"5F"	"1"	""	"*"	"2"		""	"L18702"	
"637.21247"	"637.212500"	"330"	""		"11877.839132"	"27566.85363"	"6d.7s2.7p"	"3D*"	"1"	""	""	"2"		""	"L18702"	
"637.24602"	"637.246035"	"170"	""		"17411.224415"	"33099.41329"	"6d.7s2.7p"	"3D*"	"3"	""	""	"3"		""	"L5951"	
"637.4270"	"637.426840"	"21"	""		"18614.33811"	"34298.0771"	"6d2.7s.7p"	"5D*"	"1"	""	""	"1"		""	"L12239"	
"637.6022"	"637.602861"	"8"	""		"21890.13254"	"37569.5418"	""	"*"	"3"	""	""	"2"		""	"L12239"	
"637.67075"	"637.670883"	"200"	""		"13962.51989"	"29640.2566"	"6d3.(2D2).7s"	""	"1"	""	"*"	"1"		""	"L5951"	
"637.693047"	"637.693048"	"6700"	""		"14204.26476"	"29881.45655"	"6d3.(2G).7s"	""	"5"	""	"*"	"4"		""	"L18702"	
"637.8092"	"637.809376"	"10"	""		"16783.84708"	"32458.17957"	"5f.6d2.7s"	"5I*"	"4"	""	""	"4"		""	"L3552"	
"637.8958"	"637.896115"	"10"	""		"18699.62342"	"34371.8246"	"5f.7s2.7p"	"3F"	"2"	""	"*"	"2"		""	"L3552"	
"637.9003"	"637.900346"	"20"	""		"21539.59257"	"37211.6898"	""	"*"	"4"	""	""	"5"		""	"L12239"	
"637.9105"	"637.910443"	"30"	""		"21077.152101"	"36749.00126"	"6d2.7s.7p"	"5F*"	"5"	""	""	"6"		""	"L3552"	
"637.96731"	"637.967328"	"440"	""		"13175.113345"	"28845.56513"	"5f.6d.7s2"	"3G*"	"4"	"5f.6d.7s.7p"	"5H"	"4"		""	"L18702"	
"638.0445"	"638.043959"	"30"	""		"19039.153374"	"34707.7231"	"6d.7s2.7p"	"3P*"	"2"	""	""	"3"		""	"L3552"	
"638.13598"	"638.136062"	"330"	""		"16346.64962"	"32012.95790"	"5f.6d2.7s"	"5H*"	"4"	""	""	"4"		""	"L5951"	
"638.1620"	"638.160969"	"8"	""		"25690.47345"	"41356.1703"	""	"*"	"5"	""	""	"5"		""	"L12239"	
"638.17588"	"638.175964"	"150"	""		"12847.96912"	"28513.29787"	"6d3.(4P).7s"	"5P"	"3"	""	"*"	"2"		""	"L5951"	
"638.2798"	"638.280330"	"23"	""		"24210.80979"	"39873.5771"	"6d4"	"5D"	"4"	""	"*"	"5"		""	"L12239"	
"638.3911"	"638.391259"	"20"	""		"15863.88829"	"31523.9340"	"6d3.(2D2).7s"	""	"2"	""	"*"	"3"		""	"L3552"	
"638.5059"	"638.505950"	"200"	""		"21143.42198"	"36800.6548"	"6d3.(2H).7s"	"1H"	"5"	""	"*"	"4"		""	"L3552"	
"638.5462"	"638.546261"	"25"	""		"21902.26981"	"37558.5142"	"5f.6d2.7s"	"3H*"	"4"	""	""	"4"		""	"L12239"	
"638.5757"	"638.57537"	"4"	""		"26995.77389"	"42651.3045"	""	"*"	"3"	""	""	"3"		""	"L12239"	
"638.6780"	"638.677823"	"14"	""		"21165.098037"	"36818.1174"	"5f.6d.7s2"	"3D*"	"3"	""	""	"2"		""	"L12239"	
"638.70860"	"638.708668"	"55"	""		"18069.065569"	"33721.32901"	"6d.7s2.7p"	"1F*"	"3"	""	""	"2"		""	"L12239"	
"638.739546"	"638.739552"	"2300"	""		"3865.473772"	"19516.98043"	"6d2.7s2"	"3P"	"1"	"6d2.7s.7p"	"5D*"	"2"		""	"L18702"	
"638.7595"	"638.760606"	"19"	""		"18809.88631"	"34460.87707"	"6d2.7s.7p"	"5G*"	"4"	""	""	"5"		""	"L3552"	
"638.84180"	"638.841808"	"360"	""		"16346.64962"	"31995.65103"	"5f.6d2.7s"	"5H*"	"4"	""	""	"4"		""	"L5951"	
"638.881345"	"638.881354"	"780"	""		"15493.21943"	"31141.25221"	"6d3.(2H).7s"	"3H"	"4"	""	"*"	"5"		""	"L18702"	
"638.93753"	"638.937757"	"100bl"	""		"15618.98461"	"31265.63604"	"5f.6d2.7s"	"5H*"	"3"	""	""	"3"		""	"L18702"	
"638.93901"	"638.939199"	"590bl"	""		"19503.143490"	"35149.75961"	"6d2.7s.7p"	"5F*"	"3"	""	""	"2"		""	"L5951"	
"638.94839"	"638.947952"	"47"	""		"23306.82782"	"38953.2296"	"5f.6d2.7s"	"3I*"	"6"	""	""	"5"		""	"L12239"	
"639.01290"	"639.012918"	"240"	""		"11802.93238"	"27447.74347"	"6d3.(4P).7s"	"5P"	"2"	""	"*"	"2"		""	"L5951"	
"639.0389"	"639.039105"	"10"	""		"20566.62381"	"36210.7938"	"6d2.7s.7p"	"5D*"	"4"	""	""	"5"		""	"L12239"	
"639.11775"	"639.117723"	"160"	""		"14206.91694"	"29849.16255"	"5f.6d.7s2"	"3F*"	"4"	""	""	"4"		""	"L5951"	
"639.23685"	"639.236864"	"140"	""		"21594.67329"	"37234.0035"	"6d3.(2F).7s"	"1F"	"3"	""	"*"	"2"		""	"L5951"	
"639.3199"	"639.320352"	"16"	""		"18809.88631"	"34447.17423"	"6d2.7s.7p"	"5G*"	"4"	""	""	"4"		""	"L12239"	
"639.404950"	"639.404974"	"510"	""		"13297.43316"	"28932.65158"	"6d3.(2G).7s"	"3G"	"4"	""	"*"	"4"		""	"L18702"	
"639.4589"	"639.459157"	"29"	""		"19948.395175"	"35582.2888"	"6d2.7s.7p"	"5F*"	"4"	""	""	"5"		""	"L3552"	
"639.50479"	"639.504743"	"120"	""		"19516.98043"	"35149.75961"	"6d2.7s.7p"	"5D*"	"2"	""	""	"2"		""	"L12239"	
"639.5279"	"639.528764"	"29"	""		"12847.96912"	"28480.16113"	"6d3.(4P).7s"	"5P"	"3"	""	"*"	"4"		""	"L3552"	
"639.6518"	"639.652146"	"29"	""		"15970.09583"	"31599.2726"	"6d3.(2D2).7s"	""	"3"	""	"*"	"2"		""	"L3552"	
"639.67158"	"639.672196"	"76"	""		"23655.13881"	"39283.8257"	""	"*"	"4"	""	""	"4"		""	"L12239"	
"639.69500"	"639.694900"	"590"	""		"14206.91694"	"29835.04913"	"5f.6d.7s2"	"3F*"	"4"	""	""	"3"		""	"L5951"	
"639.74537"	"639.745211"	"140"	""		"15618.98461"	"31245.88778"	"5f.6d2.7s"	"5H*"	"3"	""	""	"2"		""	"L5951"	
"639.7610"	"639.76256"	"15i"	""		"27260.16801"	"42886.6475"	""	"*"	"3"	""	""	"4 or 5"		""	"L12239"	
"639.8451"	"639.845240"	"150"	""		"18699.62342"	"34324.0836"	"5f.7s2.7p"	"3F"	"2"	""	"*"	"2"		""	"L3552"	
"639.8602"	"639.860924"	"9"	""		"20054.77119"	"35678.8484"	"6d3.(2F).7s"	"3F"	"2"	""	"*"	"1"		""	"L3552"	
"639.99498"	"639.994803"	"160"	""		"8800.249723"	"24421.05861"	"6d3.(4F).7s"	"5F"	"4"	""	"*"	"3"		""	"L5951"	
"640.069534"	"640.069554"	"490"	""		"0.000000"	"15618.98461"	"6d2.7s2"	"3F"	"2"	"5f.6d2.7s"	"5H*"	"3"		""	"L18702"	
"640.38623"	"640.386270"	"95"	""		"7502.287636"	"23113.54761"	"6d3.(4F).7s"	"5F"	"3"	"5f.6d2.7s"	"5G*"	"4"		""	"L12239"	
"640.46274"	"640.463115"	"28"	""		"24084.94271"	"39694.3296"	"6d2.7s.7p"	"5G*"	"6"	"5f.6d2.7p "	"5I"	"5"		""	"L12239"	
"640.50854"	"640.508628"	"99"	""		"23916.89747"	"39525.1752"	""	"*"	"4"	""	""	"5"		""	"L5951"	
"640.644609"	"640.644602"	"2700"	""		"4961.658832"	"20566.62381"	"6d2.7s2"	"3F"	"4"	"6d2.7s.7p"	"5D*"	"4"		""	"L18702"	
"640.8425"	"640.841959"	"19"	""		"17959.89498"	"33560.0542"	"6d3.(4F).7s"	"3F"	"4"	""	"*"	"4"		""	"L3552"	
"640.86327"	"640.863273"	"200"	""		"20867.97560"	"36467.6160"	"5f.6d2.7s"	"5I*"	"7"	""	""	"7"		""	"L5951"	
"640.9553"	"640.955563"	"29"	""		"7280.123222"	"22877.51748"	"6d2.7s2"	""	"2"	""	"*"	"1"		""	"L3552"	
"641.1412"	"641.141881"	"19"	""		"22399.39666"	"37992.2583"	"5f.6d2.7s"	"3I*"	"5"	""	""	"4"		""	"L3552"	
"641.189903"	"641.189902"	"11000"	""		"7502.287636"	"23093.98148"	"6d3.(4F).7s"	"5F"	"3"	""	"*"	"2"		""	"L18702"	
"641.2129"	"641.213862"	"19"	""		"15166.900593"	"30758.01183"	"6d2.7s.7p"	"5G*"	"3"	""	""	"2"		""	"L3552"	
"641.2977"	"641.298789"	"9"	""		"22508.04658"	"38097.0931"	"6d2.7s.7p"	"5P*"	"2"	""	""	"2"		""	"L3552"	
"641.361444"	"641.361443"	"2700"	""		"13297.43316"	"28884.95681"	"6d3.(2G).7s"	"3G"	"4"	""	"*"	"3"		""	"L18702"	
"641.41395"	"641.414014"	"140"	""		"19503.143490"	"35089.38959"	"6d2.7s.7p"	"5F*"	"3"	""	""	"3"		""	"L5951"	
"641.47040"	"641.470515"	"96"	""		"13088.56115"	"28673.43441"	"6d3.(2G).7s"	"3G"	"3"	""	"*"	"2"		""	"L5951"	
"641.4953"	"641.49634"	"20"	""		"21575.03713"	"37159.2829"	"6d3.(2P).7s"	""	"2"	""	"*"	"1"		""	"L12239"	
"641.55374"	"641.553728"	"280"	""		"16346.64962"	"31929.50145"	"5f.6d2.7s"	"5H*"	"4"	""	""	"3"		""	"L5951"	
"641.7831"	"641.78403"	"9"	""		"23355.37327"	"38932.6334"	"6d4"	"5D"	"3"	""	"*"	"2"		""	"L12239"	
"641.79066"	"641.790910"	"53"	""		"17073.80916"	"32650.9022"	"6d3.(4P).7s"	""	"1"	""	"*"	"1"		""	"L12239"	
"641.8697"	"641.869902"	"38"	""		"7280.123222"	"22855.29928"	"6d2.7s2"	""	"2"	""	"*"	"3"		""	"L3552"	
"641.9160"	"641.915802"	"19"	""		"21575.03713"	"37149.0995"	"6d3.(2P).7s"	""	"2"	""	"*"	"2"		""	"L3552"	
"641.9849"	"641.983950"	"48"	""		"19516.98043"	"35089.38959"	"6d2.7s.7p"	"5D*"	"2"	""	""	"3"		""	"L3552"	
"642.0080"	"642.008057"	"29"	""		"17224.302340"	"32796.12677"	"6d2.7s.7p"	"5F*"	"2"	""	""	"3"		""	"L3552"	
"642.0225"	"642.023022"	"19"	""		"13847.77037"	"29419.23183"	"6d3.(4F).7s"	"3F"	"2"	""	"*"	"2"		""	"L3552"	
"642.0980"	"642.098062"	"29"	""		"18431.686609"	"34001.3283"	"5f.7s2.7p"	"3G"	"3"	""	"*"	"4"		""	"L3552"	
"642.1194"	"642.11946"	"19"	""		"23752.68579"	"39321.8086"	""	"*"	"2"	""	""	"3"		""	"L3552"	
"642.21075"	"642.210746"	"470"	""		"17501.17592"	"33068.08573"	"5f.6d2.7s"	"5I*"	"5"	""	""	"6"		""	"L5951"	
"642.2683"	"642.268314"	"19"	""		"21252.60286"	"36818.1174"	""	"*"	"2"	""	""	"2"		""	"L3552"	
"642.2948"	"642.294468"	"38"	""		"21594.67329"	"37159.5540"	"6d3.(2F).7s"	"1F"	"3"	""	"*"	"3"		""	"L3552"	
"642.6151"	"642.615197"	"47"	""		"16217.482038"	"31774.59439"	"6d.7s2.7p"	"1D*"	"2"	""	""	"3"		""	"L3552"	
"642.6534"	"642.653190"	"19"	""		"17398.39526"	"32954.5879"	"6d3.(4F).7s"	""	"3"	""	"*"	"2"		""	"L3552"	
"642.6723"	"642.67228"	"9"	""		"26384.92556"	"41940.6560"	""	"*"	"4"	""	""	"4"		""	"L3552"	
"642.75044"	"642.750472"	"110"	""		"15970.09583"	"31523.9340"	"6d3.(2D2).7s"	""	"3"	""	"*"	"3"		""	"L5951"	
"642.87733"	"642.877360"	"210"	""		"9804.806547"	"25355.57481"	"6d3.(4F).7s"	"5F"	"5"	""	"*"	"4"		""	"L5951"	
"643.0499"	"643.04972"	"47"	""		"22141.60454"	"37688.2046"	""	"*"	"3"	""	""	"3"		""	"L3552"	
"643.0684"	"643.069316"	"18"	""		"14465.221873"	"30011.34827"	"6d2.7s.7p"	"5G*"	"2"	""	""	"3"		""	"L3552"	
"643.1518"	"643.151732"	"18"	""		"8111.004545"	"23655.13881"	"6d2.7s2"	"1G"	"4"	""	"*"	"4"		""	"L3552"	
"643.1715"	"643.170276"	"47"	""		"17847.07751"	"33390.76362"	"5f.6d.7s2"	"3P*"	"2"	""	""	"1"		""	"L3552"	
"643.4649"	"643.465105"	"14"	""		"18574.61019"	"34111.1744"	"6d3.(2P).7s"	""	"1"	""	"*"	"1"		""	"L12239"	
"643.4794"	"643.480070"	"15"	""		"18431.686609"	"33967.8895"	"5f.7s2.7p"	"3G"	"3"	""	"*"	"3"		""	"L12239"	
"643.4893"	"643.488716"	"8"	""		"24701.04375"	"40237.0379"	""	"*"	"5"	""	""	"5"		""	"L12239"	
"643.5108"	"643.510800"	"9"	""		"22248.94952"	"37784.4105"	""	"*"	"2"	""	""	"2"		""	"L3552"	
"643.66693"	"643.666982"	"120"	""		"9804.806547"	"25336.49797"	"6d3.(4F).7s"	"5F"	"5"	""	"*"	"6"		""	"L18702"	
"643.776115"	"643.776124"	"1600"	""		"14204.26476"	"29733.32304"	"6d3.(2G).7s"	""	"5"	""	"*"	"5"		""	"L18702"	
"643.7769"	"643.776846"	"1900"	""		"19516.98043"	"35046.0213"	"6d2.7s.7p"	"5D*"	"2"	""	"5F"	"1"		""	"L3552"	
"643.83095"	"643.830923"	"100"	""		"6362.395980"	"21890.13254"	"6d3.(4F).7s"	"5F"	"2"	""	"*"	"3"		""	"L5951"	
"643.891572"	"643.891569"	"660"	""		"8243.602091"	"23769.87615"	"5f.6d.7s2"	"3F*"	"2"	"5f.6d.7s.7p"	"5F"	"1"		""	"L18702"	
"643.907149"	"643.907330"	"8600bl"	""		"15493.21943"	"31019.11347"	"6d3.(2H).7s"	"3H"	"4"	""	"*"	"4"		""	"L5951"	
"643.9418"	"643.94147"	"37"	""		"22163.13360"	"37688.2046"	""	"*"	"4"	""	""	"3"		""	"L3552"	
"644.0245"	"644.024495"	"9"	""		"20566.62381"	"36089.6933"	"6d2.7s.7p"	"5D*"	"4"	""	""	"4"		""	"L3552"	
"644.03551"	"644.035270"	"44"	""		"15618.98461"	"31141.79438"	"5f.6d2.7s"	"5H*"	"3"	"6d4"	"3D"	"3"		""	"L12239"	
"644.12813"	"644.128130"	"110"	""		"17166.10472"	"32686.67668"	"6d3.(2H).7s"	"3H"	"5"	"5f.6d3"	"5I*"	"5"		""	"L12239"	
"644.38205"	"644.381964"	"88"	""		"11802.93238"	"27317.39056"	"6d3.(4P).7s"	"5P"	"2"	""	"*"	"3"		""	"L18702"	
"644.4150"	"644.413609"	"9"	""		"21645.85769"	"37159.5540"	"6d3.(2G).7s"	""	"4"	""	"*"	"3"		""	"L3552"	
"644.56407"	"644.563980"	"120"	""		"16783.84708"	"32293.92422"	"5f.6d2.7s"	"5I*"	"4"	""	""	"5"		""	"L5951"	
"644.61342"	"644.613464"	"83"	""		"10414.13700"	"25923.02352"	"5f.6d.7s2"	"1G*"	"4"	"6d4"	"3H"	"4"		""	"L5951"	
"644.677118"	"644.677097"	"1100"	""		"14204.26476"	"29711.62048"	"6d3.(2G).7s"	""	"5"	""	"*"	"5"		""	"L18702"	
"644.7191"	"644.719144"	"15"	""		"25442.68552"	"40949.0299"	""	"*"	"3"	""	""	"3"		""	"L12239"	
"644.7550"	"644.75469"	"6"	""		"25355.57481"	"40861.0644"	""	"*"	"4"	""	""	"4"		""	"L12239"	
"644.8836"	"644.883527"	"11"	""		"21902.26981"	"37404.6616"	"5f.6d2.7s"	"3H*"	"4"	""	""	"3"		""	"L12239"	
"644.9164"	"644.916015"	"18"	""		"17073.80916"	"32575.4200"	"6d3.(4P).7s"	""	"1"	"6d3.7p"	"5G*"	"2"		""	"L3552"	
"644.95196"	"644.951903"	"36"	""		"13088.56115"	"28589.30942"	"6d3.(2G).7s"	"3G"	"3"	""	"*"	"3"		""	"L12239"	
"645.000604"	"645.000595"	"920"	""		"12847.96912"	"28347.54723"	"6d3.(4P).7s"	"5P"	"3"	""	"*"	"2"		""	"L18702"	
"645.02823"	"645.028337"	"51"	""		"21077.152101"	"36576.0636"	"6d2.7s.7p"	"5F*"	"5"	""	""	"4"		""	"L12239"	
"645.0593"	"645.059481"	"46"	""		"8111.004545"	"23609.16775"	"6d2.7s2"	"1G"	"4"	""	"*"	"5"		""	"L3552"	
"645.06977"	"645.070223"	"44"	""		"12114.36618"	"27612.27129"	"5f.6d.7s2"	"1D*"	"2"	"6d4"	"3G"	"3"		""	"L12239"	
"645.09557"	"645.095542"	"540"	""		"15493.21943"	"30990.51628"	"6d3.(2H).7s"	"3H"	"4"	""	"*"	"3"		""	"L5951"	
"645.12597"	"645.125577"	"32"	""		"14465.221873"	"29961.79723"	"6d2.7s.7p"	"5G*"	"2"	""	""	"1"		""	"L12239"	
"645.1582"	"645.158359"	"18"	""		"18069.065569"	"33564.85352"	"6d.7s2.7p"	"1F*"	"3"	""	""	"3"		""	"L3552"	
"645.20591"	"645.205881"	"170"	""		"11802.93238"	"27297.5790"	"6d3.(4P).7s"	"5P"	"2"	""	"*"	"1"		""	"L5951"	
"645.29521"	"645.295046"	"100"	""		"19948.395175"	"35440.9008"	"6d2.7s.7p"	"5F*"	"4"	"6d4"	""	"3"		""	"L5951"	
"645.33464"	"645.334602"	"29"	""		"18809.88631"	"34301.44234"	"6d2.7s.7p"	"5G*"	"4"	""	""	"4"		""	"L12239"	
"645.3551"	"645.355218"	"14"	""		"22399.39666"	"37890.4578"	"5f.6d2.7s"	"3I*"	"5"	""	""	"5"		""	"L12239"	
"645.4628"	"645.46314"	"15"	""		"21165.098037"	"36653.5692"	"5f.6d.7s2"	"3D*"	"3"	""	""	"2"		""	"L12239"	
"645.52647"	"645.526524"	"230"	""		"11601.03035"	"27087.98061"	"6d3.(4P).7s"	"5P"	"1"	""	"*"	"1"		""	"L5951"	
"645.6391"	"645.638696"	"22"	""		"15166.900593"	"30651.16019"	"6d2.7s.7p"	"5G*"	"3"	"6d4"	""	"3"		""	"L12239"	
"645.728237"	"645.728238"	"44000"	""		"7795.275291"	"23277.38774"	"5f.6d.7s2"	"3H*"	"4"	"5f.6d.7s.7p"	"5I"	"5"		""	"L18702"	
"645.8118"	"645.811127"	"18"	""		"22338.99484"	"37819.1202"	"5f.6d2.7s"	"5G*"	"3"	""	""	"4"		""	"L3552"	
"645.8459"	"645.84639"	"33"	""		"23481.37399"	"38960.6542"	""	"*"	"1"	""	""	"2"		""	"L12239"	
"645.9117"	"645.911988"	"22"	""		"20322.26571"	"35799.97381"	"5f.6d.7s2"	"1H*"	"5"	"5f.6d.7s.7p"	"3I"	"6"		""	"L12239"	
"645.92977"	"645.929699"	"73"	""		"14206.91694"	"29684.20065"	"5f.6d.7s2"	"3F*"	"4"	"5f.6d.7s.7p"	"5H"	"5"		""	"L12239"	
"646.04749"	"646.047497"	"250"	""		"8800.249723"	"24274.71139"	"6d3.(4F).7s"	"5F"	"4"	""	"*"	"5"		""	"L18702"	
"646.0694"	"646.069204"	"16"	""		"18053.617845"	"33527.55959"	"6d.7s2.7p"	"3F*"	"4"	""	""	"4"		""	"L12239"	
"646.0937"	"646.09346"	"32"	""		"23201.98997"	"38675.3508"	"5f.6d.7s.7p"	"5G"	"3"	""	"*"	"3"		""	"L12239"	
"646.1454"	"646.145647"	"18"	""		"20322.26571"	"35794.3768"	"5f.6d.7s2"	"1H*"	"5"	"6d4"	"3F1"	"4"		""	"L3552"	
"646.261299"	"646.261300"	"4200"	""		"16554.24283"	"32023.58511"	"6d3.(2H).7s"	"3H"	"6"	""	"*"	"5"		""	"L18702"	
"646.5585"	"646.558961"	"91"	""		"17501.17592"	"32963.39652"	"5f.6d2.7s"	"5I*"	"5"	""	""	"5"		""	"L3552"	
"646.5697"	"646.569635"	"24"	""		"17847.07751"	"33309.04285"	"5f.6d.7s2"	"3P*"	"2"	""	""	"2"		""	"L12239"	
"646.63572"	"646.635753"	"220"	""		"11601.03035"	"27061.41472"	"6d3.(4P).7s"	"5P"	"1"	""	"*"	"2"		""	"L5951"	
"646.67172"	"646.671703"	"400"	""		"8800.249723"	"24259.77463"	"6d3.(4F).7s"	"5F"	"4"	""	"*"	"4"		""	"L18702"	
"646.71483"	"646.714828"	"83"	""		"18069.065569"	"33527.55959"	"6d.7s2.7p"	"1F*"	"3"	""	""	"4"		""	"L12239"	
"646.76743"	"646.767478"	"310"	""		"11802.93238"	"27260.16801"	"6d3.(4P).7s"	"5P"	"2"	""	"*"	"3"		""	"L18702"	
"646.7807"	"646.780676"	"27"	""		"19948.395175"	"35405.3154"	"6d2.7s.7p"	"5F*"	"4"	""	""	"3"		""	"L3552"	
"646.79208"	"646.792047"	"170"	""		"23306.82782"	"38763.4763"	"5f.6d2.7s"	"3I*"	"6"	""	""	"5"		""	"L5951"	
"647.19391"	"647.194000"	"52"	""		"16346.64962"	"31793.69851"	"5f.6d2.7s"	"5H*"	"4"	""	""	"4"		""	"L12239"	
"647.47426"	"647.474253"	"230"	""		"15490.077832"	"30930.44068"	"5f.6d.7s2"	"3G*"	"5"	"5f.6d.7s.7p"	"5H"	"6"		""	"L5951"	
"647.47970"	"647.479719"	"420"	""		"24084.94271"	"39525.1752"	"6d2.7s.7p"	"5G*"	"6"	""	""	"5"		""	"L5951"	
"647.8617"	"647.861585"	"18"	""		"19273.28060"	"34704.4123"	"6d3.(2P).7s"	""	"2"	""	"*"	"3"		""	"L12239"	
"647.8739"	"647.873590"	"10"	""		"24850.30814"	"40281.1539"	""	"3I*"	"6"	""	""	"7"		""	"L12239"	
"648.0444"	"648.044286"	"27"	""		"17847.07751"	"33273.8588"	"5f.6d.7s2"	"3P*"	"2"	""	""	"1"		""	"L12239"	
"648.13017"	"648.130185"	"340"	""		"13088.56115"	"28513.29787"	"6d3.(2G).7s"	"3G"	"3"	""	"*"	"2"		""	"L5951"	
"648.36180"	"648.361834"	"120"	""		"15863.88829"	"31283.11407"	"6d3.(2D2).7s"	""	"2"	""	"*"	"3"		""	"L5951"	
"648.3741"	"648.37412"	"27"	""		"28518.30342"	"43937.2371"	""	"*"	"7"	""	""	"6"		""	"L3552"	
"648.3931"	"648.39302"	"18"	""		"18549.40528"	"33967.8895"	"6d3.(4P).7s"	""	"2"	""	"*"	"3"		""	"L3552"	
"648.40694"	"648.407061"	"150"	""		"16783.84708"	"32201.99736"	"5f.6d2.7s"	"5I*"	"4"	""	""	"5"		""	"L5951"	
"648.4172"	"648.41691"	"8"	""		"25753.93805"	"41171.8541"	""	"*"	"5"	""	""	"5"		""	"L12239"	
"648.5151"	"648.515257"	"12"	""		"22637.46361"	"38053.0416"	"5f.7s2.7p"	"3F"	"3"	""	"*"	"3"		""	"L12239"	
"648.6848"	"648.684714"	"36"	""		"18699.62342"	"34111.1744"	"5f.7s2.7p"	"3F"	"2"	""	"*"	"1"		""	"L3552"	
"648.7076"	"648.709356"	"9"	""		"21165.098037"	"36576.0636"	"5f.6d.7s2"	"3D*"	"3"	""	""	"4"		""	"L12239"	
"648.74811"	"648.748128"	"380"	""		"8111.004545"	"23521.04909"	"6d2.7s2"	"1G"	"4"	""	"*"	"3"		""	"L5951"	
"648.7920"	"648.79020"	"27"	""		"22338.99484"	"37748.0401"	"5f.6d2.7s"	"5G*"	"3"	""	""	"2"		""	"L3552"	
"648.8785"	"648.877830"	"17"	""		"14243.993748"	"29650.95804"	"5f.6d.7s2"	"3P*"	"1"	""	""	"2"		""	"L3552"	
"648.88835"	"648.888343"	"370"	""		"7795.275291"	"23201.98997"	"5f.6d.7s2"	"3H*"	"4"	"5f.6d.7s.7p"	"5G"	"3"		""	"L18702"	
"648.9362"	"648.936739"	"17"	""		"18053.617845"	"33459.18355"	"6d.7s2.7p"	"3F*"	"4"	"5f.6d.7s.7p"	"3H"	"4"		""	"L3552"	
"648.9598"	"648.959880"	"89"	""		"13847.77037"	"29252.78674"	"6d3.(4F).7s"	"3F"	"2"	""	"*"	"2"		""	"L3552"	
"649.073704"	"649.073704"	"5200"	""		"8800.249723"	"24202.56462"	"6d3.(4F).7s"	"5F"	"4"	""	"*"	"4"		""	"L18702"	
"649.1222"	"649.122087"	"17"	""		"21902.26981"	"37303.4367"	"5f.6d2.7s"	"3H*"	"4"	""	""	"4"		""	"L3552"	
"649.1411"	"649.14121"	"42"	""		"24210.80979"	"39611.5229"	"6d4"	"5D"	"4"	""	"*"	"3"		""	"L12239"	
"649.319720"	"649.319727"	"1700"	""		"10526.544406"	"25923.02352"	"5f.6d.7s2"	"3G*"	"3"	"6d4"	"3H"	"4"		""	"L18702"	
"649.3702"	"649.37002"	"35"	""		"21645.85769"	"37041.1444"	"6d3.(2G).7s"	""	"4"	""	"*"	"4"		""	"L3552"	
"649.5004"	"649.500853"	"8"	""		"19039.153374"	"34431.3389"	"6d.7s2.7p"	"3P*"	"2"	""	""	"3"		""	"L3552"	
"649.52573"	"649.525562"	"290"	""		"13088.56115"	"28480.16113"	"6d3.(2G).7s"	"3G"	"3"	""	"*"	"4"		""	"L5951"	
"649.5595"	"649.559526"	"26"	""		"18382.82669"	"33773.6219"	"6d2.7s.7p"	"5D*"	"0"	""	""	"1"		""	"L3552"	
"649.59225"	"649.593112"	"54"	""		"14032.085336"	"29422.08479"	"6d.7s2.7p"	"3D*"	"2"	"6d4"	""	"1"		""	"L12239"	
"649.60292"	"649.602968"	"170"	""		"7280.123222"	"22669.88918"	"6d2.7s2"	""	"2"	""	"*"	"3"		""	"L5951"	
"649.69643"	"649.696454"	"73"	""		"13175.113345"	"28562.66485"	"5f.6d.7s2"	"3G*"	"4"	""	""	"4"		""	"L12239"	
"649.7056"	"649.70502"	"7"	""		"26113.26894"	"41500.6175"	""	"*"	"2"	""	""	"3"		""	"L12239"	
"649.74919"	"649.749085"	"240"	""		"14032.085336"	"29418.39044"	"6d.7s2.7p"	"3D*"	"2"	""	""	"2"		""	"L5951"	
"649.7788"	"649.778692"	"17"	""		"15166.900593"	"30552.50463"	"6d2.7s.7p"	"5G*"	"3"	""	""	"4"		""	"L3552"	
"649.8768"	"649.875882"	"36"	""		"13297.43316"	"28680.73627"	"6d3.(2G).7s"	"3G"	"4"	""	"*"	"4"		""	"L12239"	
"649.96456"	"649.964437"	"670"	""		"17224.302340"	"32605.50954"	"6d2.7s.7p"	"5F*"	"2"	""	""	"1"		""	"L5951"	
"650.06575"	"650.065800"	"250"	""		"13297.43316"	"28676.24203"	"6d3.(2G).7s"	"3G"	"4"	""	"*"	"3"		""	"L5951"	
"650.199169"	"650.199180"	"860"	""		"6362.395980"	"21738.05013"	"6d3.(4F).7s"	"5F"	"2"	"5f.6d2.7s"	"5G*"	"2"		""	"L18702"	
"650.3899"	"650.389748"	"23"	""		"18930.29333"	"34301.44234"	"6d2.7s.7p"	"3G*"	"3"	""	""	"4"		""	"L12239"	
"650.4458"	"650.445680"	"44"	""		"14465.221873"	"29835.04913"	"6d2.7s.7p"	"5G*"	"2"	""	""	"3"		""	"L3552"	
"650.4835"	"650.483472"	"17"	""		"18431.686609"	"33800.6209"	"5f.7s2.7p"	"3G"	"3"	""	"*"	"3"		""	"L3552"	
"650.5221"	"650.521199"	"8"	""		"18431.686609"	"33799.7296"	"5f.7s2.7p"	"3G"	"3"	""	"*"	"4"		""	"L3552"	
"650.698702"	"650.698698"	"1100"	""		"10526.544406"	"25890.39529"	"5f.6d.7s2"	"3G*"	"3"	""	""	"2"		""	"L18702"	
"650.7409"	"650.739121"	"8"	""		"21645.85769"	"37008.7542"	"6d3.(2G).7s"	""	"4"	""	"*"	"5"		""	"L3552"	
"650.75587"	"650.755803"	"170"	""		"24664.72970"	"40027.2324"	"5f.6d.7s.7p"	"5F"	"3"	""	"*"	"3"		""	"L5951"	
"650.7944"	"650.794580"	"30"	""		"20214.92997"	"35576.5173"	"6d2.7s.7p"	"5D*"	"3"	""	""	"3"		""	"L12239"	
"650.8292"	"650.828434"	"17"	""		"16351.93901"	"31712.7273"	"6d2.7s2"	""	"0"	""	"*"	"1"		""	"L3552"	
"650.83620"	"650.836120"	"280"	""		"4961.658832"	"20322.26571"	"6d2.7s2"	"3F"	"4"	"5f.6d.7s2"	"1H*"	"5"		""	"L18702"	
"650.905022"	"650.905021"	"1100"	""		"5563.141519"	"20922.12244"	"6d3.(4F).7s"	"5F"	"1"	""	"*"	"2"		""	"L18702"	
"650.9311"	"650.93079"	"26"	""		"22163.13360"	"37521.5066"	""	"*"	"4"	""	""	"3"		""	"L3552"	
"650.9653"	"650.963901"	"17"	""		"18809.88631"	"34167.4780"	"6d2.7s.7p"	"5G*"	"4"	""	""	"3"		""	"L3552"	
"650.9852"	"650.985215"	"15"	""		"19516.98043"	"34874.0693"	"6d2.7s.7p"	"5D*"	"2"	""	""	"3"		""	"L12239"	
"650.9975"	"650.99752"	"8"	""		"21738.05013"	"37094.8488"	"5f.6d2.7s"	"5G*"	"2"	""	""	"2"		""	"L3552"	
"651.0269"	"651.026651"	"43"	""		"17398.39526"	"32754.5067"	"6d3.(4F).7s"	""	"3"	""	"*"	"3"		""	"L3552"	
"651.1050"	"651.105275"	"26"	""		"19532.41646"	"34886.6736"	"6d3.(2F).7s"	"3F"	"4"	""	"*"	"5"		""	"L3552"	
"651.15800"	"651.158096"	"64"	""		"7502.287636"	"22855.29928"	"6d3.(4F).7s"	"5F"	"3"	""	"*"	"3"		""	"L12239"	
"651.236369"	"651.236376"	"3900"	""		"3687.987189"	"19039.153374"	"6d2.7s2"	""	"2"	"6d.7s2.7p"	"3P*"	"2"		""	"L18702"	
"651.2802"	"651.280098"	"35"	""		"13847.77037"	"29197.90600"	"6d3.(4F).7s"	"3F"	"2"	""	"*"	"2"		""	"L3552"	
"651.30516"	"651.304752"	"75"	""		"13847.77037"	"29197.32496"	"6d3.(4F).7s"	"3F"	"2"	""	"*"	"1"		""	"L12239"	
"651.3200"	"651.31938"	"17"	""		"22338.99484"	"37688.2046"	"5f.6d2.7s"	"5G*"	"3"	""	""	"3"		""	"L3552"	
"651.4474"	"651.44647"	"21"	""		"24838.92167"	"40185.1371"	""	"*"	"1"	""	""	"2"		""	"L12239"	
"651.5875"	"651.587481"	"43"	""		"22399.39666"	"37742.2910"	"5f.6d2.7s"	"3I*"	"5"	""	""	"6"		""	"L3552"	
"651.7277"	"651.727419"	"26"	""		"18069.065569"	"33408.66553"	"6d.7s2.7p"	"1F*"	"3"	""	""	"3"		""	"L3552"	
"651.9224"	"651.921618"	"8"	""		"17959.89498"	"33294.9255"	"6d3.(4F).7s"	"3F"	"4"	""	"*"	"3"		""	"L3552"	
"652.0998"	"652.100516"	"34"	""		"22855.29928"	"38186.1228"	""	"*"	"3"	""	""	"4"		""	"L3552"	
"652.204346"	"652.204320"	"1000"	""		"10783.15535"	"26111.53886"	"6d.7s2.7p"	"3F*"	"2"	""	""	"1"		""	"L18702"	
"652.24994"	"652.249926"	"250"	""		"17224.302340"	"32551.61408"	"6d2.7s.7p"	"5F*"	"2"	""	""	"3"		""	"L5951"	
"652.44999"	"652.450046"	"88"	""		"24202.56462"	"39525.1752"	""	"*"	"4"	""	""	"5"		""	"L12239"	
"652.5490"	"652.548530"	"26"	""		"21165.098037"	"36485.3961"	"5f.6d.7s2"	"3D*"	"3"	""	""	"2"		""	"L3552"	
"652.5714"	"652.571440"	"17"	""		"16217.482038"	"31537.24226"	"6d.7s2.7p"	"1D*"	"2"	""	""	"3"		""	"L3552"	
"652.65810"	"652.658112"	"60"	""		"19273.28060"	"34591.0064"	"6d3.(2P).7s"	""	"2"	""	"*"	"1"		""	"L12239"	
"652.69045"	"652.690555"	"140"	""		"21143.42198"	"36460.3864"	"6d3.(2H).7s"	"1H"	"5"	""	"*"	"6"		""	"L5951"	
"652.7858"	"652.785042"	"8"	""		"19986.16721"	"35300.9146"	"5f.6d2.7s"	"5H*"	"6"	"5f.6d2.7p"	"5K"	"5"		""	"L3552"	
"652.8592"	"652.858755"	"34"	""		"15970.09583"	"31283.11407"	"6d3.(2D2).7s"	""	"3"	""	"*"	"3"		""	"L3552"	
"652.8772"	"652.877393"	"11"	""		"22637.46361"	"37950.0447"	"5f.7s2.7p"	"3F"	"3"	""	"*"	"4"		""	"L12239"	
"652.9104"	"652.91046"	"9"	""		"27084.47278"	"42396.2783"	""	"*"	"6"	""	""	"5"		""	"L12239"	
"652.9193"	"652.919666"	"8"	""		"20322.26571"	"35633.8554"	"5f.6d.7s2"	"1H*"	"5"	""	""	"4"		""	"L3552"	
"652.9597"	"652.959721"	"170"	""		"17959.89498"	"33270.5454"	"6d3.(4F).7s"	"3F"	"4"	""	"*"	"4"		""	"L3552"	
"652.9994"	"652.999297"	"220"	""		"19273.28060"	"34583.0031"	"6d3.(2P).7s"	""	"2"	""	"*"	"3"		""	"L3552"	
"653.0125"	"653.012201"	"220"	""		"21902.26981"	"37211.6898"	"5f.6d2.7s"	"3H*"	"4"	""	""	"5"		""	"L3552"	
"653.0157"	"653.016447"	"170"	""		"13847.77037"	"29157.0908"	"6d3.(4F).7s"	"3F"	"2"	""	"*"	"1"		""	"L3552"	
"653.134170"	"653.134169"	"17000"	""		"6362.395980"	"21668.957072"	"6d3.(4F).7s"	"5F"	"2"	"6d2.7s.7p"	"5P*"	"1"		""	"L18702"	
"653.46056"	"653.460445"	"130"	""		"17411.224415"	"32710.14290"	"6d.7s2.7p"	"3D*"	"3"	""	""	"2"		""	"L5951"	
"653.6295"	"653.629666"	"17"	""		"15493.21943"	"30788.17715"	"6d3.(2H).7s"	"3H"	"4"	""	"*"	"5"		""	"L3552"	
"653.6718"	"653.673392"	"10"	""		"26645.40609"	"41939.3407"	""	"*"	"5"	""	""	"5"		""	"L12239"	
"653.71775"	"653.717664"	"150"	""		"12847.96912"	"28140.86799"	"6d3.(4P).7s"	"5P"	"3"	""	"*"	"4"		""	"L5951"	
"653.76130"	"653.761380"	"350"	""		"13297.43316"	"28589.30942"	"6d3.(2G).7s"	"3G"	"4"	""	"*"	"3"		""	"L18702"	
"653.83010"	"653.830193"	"150"	""		"13962.51989"	"29252.78674"	"6d3.(2D2).7s"	""	"1"	""	"*"	"2"		""	"L5951"	
"654.05382"	"654.053426"	"57"	""		"11802.93238"	"27087.98061"	"6d3.(4P).7s"	"5P"	"2"	""	"*"	"1"		""	"L12239"	
"654.20498"	"654.204952"	"220"	""		"11601.03035"	"26882.5383"	"6d3.(4P).7s"	"5P"	"1"	""	"*"	"0"		""	"L5951"	
"654.25131"	"654.251327"	"150"	""		"17501.17592"	"32781.60068"	"5f.6d2.7s"	"5I*"	"5"	""	""	"4"		""	"L5951"	
"654.3893"	"654.388003"	"8"	""		"21594.67329"	"36871.9066"	"6d3.(2F).7s"	"1F"	"3"	""	"*"	"2"		""	"L3552"	
"654.5345"	"654.532953"	"8"	""		"20054.77119"	"35328.6213"	"6d3.(2F).7s"	"3F"	"2"	""	"*"	"1"		""	"L3552"	
"654.57186"	"654.571876"	"600"	""		"17166.10472"	"32439.0466"	"6d3.(2H).7s"	"3H"	"5"	""	"*"	"4"		""	"L5951"	
"654.5880"	"654.58837"	"17"	""		"22248.94952"	"37521.5066"	""	"*"	"2"	""	""	"3"		""	"L3552"	
"654.7025"	"654.70350"	"11"	""		"27343.74101"	"42613.6123"	"5f.6d.7s.7p"	"5H"	"3"	""	"*"	"2"		""	"L12239"	
"654.7537"	"654.752920"	"14"	""		"21539.59257"	"36808.3114"	""	"*"	"4"	""	""	"3"		""	"L12239"	
"654.7618"	"654.762364"	"8"	""		"15493.21943"	"30761.71803"	"6d3.(2H).7s"	"3H"	"4"	""	"*"	"3"		""	"L3552"	
"654.7720"	"654.77234"	"17"	""		"18699.62342"	"33967.8895"	"5f.7s2.7p"	"3F"	"2"	""	"*"	"3"		""	"L3552"	
"654.9820"	"654.982064"	"34"	""		"21252.60286"	"36515.9800"	""	"*"	"2"	""	""	"3"		""	"L3552"	
"655.01877"	"655.018674"	"230"	""		"11241.73043"	"26504.25448"	"5f.6d.7s2"	"3F*"	"3"	"6d3.(2D1).7s"	"1D"	"2"		""	"L5951"	
"655.0335"	"655.03314"	"43"	""		"21575.03713"	"36837.2241"	"6d3.(2P).7s"	""	"2"	""	"*"	"1"		""	"L3552"	
"655.1265"	"655.126026"	"34"	""		"20322.26571"	"35582.2888"	"5f.6d.7s2"	"1H*"	"5"	""	""	"5"		""	"L3552"	
"655.170539"	"655.170549"	"660"	""		"13088.56115"	"28347.54723"	"6d3.(2G).7s"	"3G"	"3"	""	"*"	"2"		""	"L18702"	
"655.1917"	"655.192179"	"34"	""		"11802.93238"	"27061.41472"	"6d3.(4P).7s"	"5P"	"2"	""	"*"	"2"		""	"L3552"	
"655.416021"	"655.416023"	"6500"	""		"4961.658832"	"20214.92997"	"6d2.7s2"	"3F"	"4"	"6d2.7s.7p"	"5D*"	"3"		""	"L18702"	
"655.4563"	"655.456217"	"8"	""		"17847.07751"	"33099.41329"	"5f.6d.7s2"	"3P*"	"2"	""	""	"3"		""	"L3552"	
"655.5966"	"655.59588"	"28"	""		"26036.34930"	"41285.4358"	""	"*"	"3"	""	""	"3"		""	"L12239"	
"655.887513"	"655.887519"	"1100"	""		"3687.987189"	"18930.29333"	"6d2.7s2"	""	"2"	"6d2.7s.7p"	"3G*"	"3"		""	"L18702"	
"655.9120"	"655.912707"	"42"	""		"21539.59257"	"36781.3134"	""	"*"	"4"	""	""	"5"		""	"L3552"	
"655.92103"	"655.921005"	"270"	""		"22163.13360"	"37404.6616"	""	"*"	"4"	""	""	"3"		""	"L5951"	
"655.9433"	"655.94396"	"18"	""		"24399.11564"	"39640.1103"	"5f.6d.7s.7p"	"5H"	"3"	""	"*"	"2"		""	"L12239"	
"655.9462"	"655.94736"	"8"	""		"21890.13254"	"37131.0482"	""	"*"	"3"	""	""	"3"		""	"L3552"	
"656.0211"	"656.02160"	"35"	""		"21143.42198"	"36382.6128"	"6d3.(2H).7s"	"1H"	"5"	""	"*"	"4"		""	"L12239"	
"656.08510"	"656.085317"	"160"	""		"7795.275291"	"23032.986182"	"5f.6d.7s2"	"3H*"	"4"	"5f.7s2.7p"	"3G"	"4"		""	"L12239"	
"656.1854"	"656.185431"	"25"	""		"13962.51989"	"29197.90600"	"6d3.(2D2).7s"	""	"1"	""	"*"	"2"		""	"L3552"	
"656.21055"	"656.210457"	"160"	""		"13962.51989"	"29197.32496"	"6d3.(2D2).7s"	""	"1"	""	"*"	"1"		""	"L12239"	
"656.2647"	"656.264935"	"34"	""		"19227.33665"	"34460.87707"	"5f.6d2.7s"	"5I*"	"6"	""	""	"5"		""	"L3552"	
"656.44444"	"656.444440"	"610"	""		"12114.36618"	"27343.74101"	"5f.6d.7s2"	"1D*"	"2"	"5f.6d.7s.7p"	"5H"	"3"		""	"L18702"	
"656.4700"	"656.47015"	"16"	""		"21902.26981"	"37131.0482"	"5f.6d2.7s"	"3H*"	"4"	""	""	"3"		""	"L3552"	
"656.50700"	"656.507010"	"300"	""		"7280.123222"	"22508.04658"	"6d2.7s2"	""	"2"	"6d2.7s.7p"	"5P*"	"2"		""	"L5951"	
"656.6330"	"656.63146"	"12"	""		"27061.41472"	"42286.4519"	""	"*"	"2"	""	""	"3"		""	"L12239"	
"656.7213"	"656.722114"	"16"	""		"22669.88918"	"37892.8248"	""	"*"	"3"	"5f.6d2.7p "	"5I"	"4"		""	"L3552"	
"656.8423"	"656.842581"	"25"	""		"21077.152101"	"36297.2958"	"6d2.7s.7p"	"5F*"	"5"	""	""	"4"		""	"L3552"	
"657.1927"	"657.193358"	"32"	""		"15863.88829"	"31075.9083"	"6d3.(2D2).7s"	""	"2"	""	"*"	"2"		""	"L12239"	
"657.20278"	"657.202692"	"83"	""		"16783.84708"	"31995.65103"	"5f.6d2.7s"	"5I*"	"4"	""	""	"4"		""	"L12239"	
"657.4542"	"657.454340"	"33"	""		"21594.67329"	"36800.6548"	"6d3.(2F).7s"	"1F"	"3"	""	"*"	"4"		""	"L3552"	
"657.5139"	"657.514960"	"20"	""		"19503.143490"	"34707.7231"	"6d2.7s.7p"	"5F*"	"3"	""	""	"3"		""	"L12239"	
"657.5770"	"657.576478"	"16"	""		"18011.38030"	"33214.53748"	"5f.6d2.7s"	"5H*"	"5"	"5f.6d.7s.7p"	"3I"	"5"		""	"L3552"	
"657.61222"	"657.612215"	"520"	""		"14481.86965"	"29684.20065"	"5f.6d.7s2"	"3H*"	"6"	"5f.6d.7s.7p"	"5H"	"5"		""	"L18702"	
"657.721443"	"657.721441"	"5800"	""		"2869.259165"	"18069.065569"	"6d2.7s2"	"3F"	"3"	"6d.7s2.7p"	"1F*"	"3"		""	"L18702"	
"657.8980"	"657.898196"	"25"	""		"21890.13254"	"37085.8553"	""	"*"	"3"	""	""	"4"		""	"L3552"	
"657.94814"	"657.948069"	"110"	""		"13962.51989"	"29157.0908"	"6d3.(2D2).7s"	""	"1"	""	"*"	"1"		""	"L5951"	
"658.02293"	"658.022964"	"310"	""		"11802.93238"	"26995.77389"	"6d3.(4P).7s"	"5P"	"2"	""	"*"	"3"		""	"L18702"	
"658.0544"	"658.054033"	"24"	""		"21645.85769"	"36837.9819"	"6d3.(2G).7s"	""	"4"	""	"*"	"5"		""	"L3552"	
"658.1135"	"658.113881"	"8"	""		"19516.98043"	"34707.7231"	"6d2.7s.7p"	"5D*"	"2"	""	""	"3"		""	"L3552"	
"658.1297"	"658.129358"	"33"	""		"20214.92997"	"35405.3154"	"6d2.7s.7p"	"5D*"	"3"	""	""	"3"		""	"L3552"	
"658.2431"	"658.24292"	"8"	""		"21575.03713"	"36762.8018"	"6d3.(2P).7s"	""	"2"	""	"*"	"3"		""	"L3552"	
"658.3501"	"658.349683"	"65"	""		"18549.40528"	"33734.7071"	"6d3.(4P).7s"	""	"2"	""	"*"	"2"		""	"L3552"	
"658.390576"	"658.390575"	"32000"	""		"2869.259165"	"18053.617845"	"6d2.7s2"	"3F"	"3"	"6d.7s2.7p"	"3F*"	"4"		""	"L18702"	
"658.43723"	"658.437255"	"490"	""		"13175.113345"	"28358.39555"	"5f.6d.7s2"	"3G*"	"4"	""	""	"3"		""	"L5951"	
"658.461259"	"658.461291"	"800"	""		"13297.43316"	"28480.16113"	"6d3.(2G).7s"	"3G"	"4"	""	"*"	"4"		""	"L18702"	
"658.5273"	"658.527128"	"30"	""		"24915.01853"	"40096.2286"	"6d3.(2D1).7s"	"3D"	"3"	""	"*"	"2"		""	"L12239"	
"658.53386"	"658.533857"	"160"	""		"20214.92997"	"35395.9849"	"6d2.7s.7p"	"5D*"	"3"	""	""	"2"		""	"L5951"	
"658.56945"	"658.569463"	"420"	""		"19227.33665"	"34407.57081"	"5f.6d2.7s"	"5I*"	"6"	""	""	"6"		""	"L5951"	
"658.6136"	"658.61426"	"13"	""		"23521.04909"	"38700.2507"	""	"*"	"3"	""	""	"4"		""	"L12239"	
"658.6381"	"658.63777"	"5"	""		"26508.02820"	"41686.6880"	""	"*"	"3"	""	""	"3"		""	"L12239"	
"658.66245"	"658.662453"	"59"	""		"14243.993748"	"29422.08479"	"5f.6d.7s2"	"3P*"	"1"	"6d4"	""	"1"		""	"L12239"	
"658.7104"	"658.708729"	"7"	""		"17398.39526"	"32575.4200"	"6d3.(4F).7s"	""	"3"	"6d3.7p"	"5G*"	"2"		""	"L12239"	
"658.8063"	"658.806284"	"15"	""		"14247.30742"	"29422.08479"	"5f.6d.7s2"	"3P*"	"0"	"6d4"	""	"1"		""	"L3552"	
"658.8247"	"658.822812"	"7"	""		"14243.993748"	"29418.39044"	"5f.6d.7s2"	"3P*"	"1"	""	""	"2"		""	"L3552"	
"658.83401"	"658.833725"	"330bl"	""		"5563.141519"	"20737.28686"	"6d3.(4F).7s"	"5F"	"1"	""	"*"	"1"		""	"L5951"	
"658.853948"	"658.853947"	"26000"	""		"3865.473772"	"19039.153374"	"6d2.7s2"	"3P"	"1"	"6d.7s2.7p"	"3P*"	"2"		""	"L18702"	
"659.118010"	"659.117969"	"1100"	""		"7502.287636"	"22669.88918"	"6d3.(4F).7s"	"5F"	"3"	""	"*"	"3"		""	"L18702"	
"659.148430"	"659.148431"	"21000"	""		"0.000000"	"15166.900593"	"6d2.7s2"	"3F"	"2"	"6d2.7s.7p"	"5G*"	"3"		""	"L18702"	
"659.346277"	"659.346284"	"1100"	""		"16554.24283"	"31716.59227"	"6d3.(2H).7s"	"3H"	"6"	""	"*"	"5"		""	"L18702"	
"659.393902"	"659.393903"	"12000"	""		"5563.141519"	"20724.39599"	"6d3.(4F).7s"	"5F"	"1"	""	"*"	"0"		""	"L18702"	
"659.4443"	"659.444252"	"33"	""		"18574.61019"	"33734.7071"	"6d3.(2P).7s"	""	"1"	""	"*"	"2"		""	"L12239"	
"659.4798"	"659.479624"	"15"	""		"18614.33811"	"33773.6219"	"6d2.7s.7p"	"5D*"	"1"	""	""	"1"		""	"L3552"	
"659.54657"	"659.546749"	"91"	""		"18930.29333"	"34088.0343"	"6d2.7s.7p"	"3G*"	"3"	""	""	"2"		""	"L12239"	
"659.5569"	"659.55695"	"5"	""		"26651.82788"	"41809.3343"	""	"*"	"2"	""	""	"2"		""	"L12239"	
"659.5688"	"659.56944"	"9"	""		"23752.68579"	"38909.9054"	""	"*"	"2"	""	""	"1"		""	"L12239"	
"659.5796"	"659.581442"	"7"	""		"19273.28060"	"34430.2243"	"6d3.(2P).7s"	""	"2"	""	"*"	"3"		""	"L12239"	
"659.6750"	"659.674868"	"79"	""		"21645.85769"	"36800.6548"	"6d3.(2G).7s"	""	"4"	""	"*"	"4"		""	"L3552"	
"659.69623"	"659.696136"	"180"	""		"23609.16775"	"38763.4763"	""	"*"	"5"	""	""	"5"		""	"L5951"	
"659.73778"	"659.737878"	"93"	""		"23201.98997"	"38355.3397"	"5f.6d.7s.7p"	"5G"	"3"	""	"*"	"2"		""	"L12239"	
"659.7542"	"659.754574"	"15"	""		"15736.968041"	"30889.93430"	"6d2.7s.7p"	"5F*"	"1"	""	""	"1"		""	"L3552"	
"659.8033"	"659.80292"	"7"	""		"26790.42715"	"41942.2830"	""	"*"	"4"	""	""	"5"		""	"L12239"	
"660.07311"	"660.073087"	"180"	""		"16783.84708"	"31929.50145"	"5f.6d2.7s"	"5I*"	"4"	""	""	"3"		""	"L5951"	
"660.1452"	"660.14484"	"23"	""		"22163.13360"	"37307.1417"	""	"*"	"4"	"6d4"	""	"3"		""	"L3552"	
"660.27620"	"660.276240"	"320"	""		"19948.395175"	"35089.38959"	"6d2.7s.7p"	"5F*"	"4"	""	""	"3"		""	"L5951"	
"660.30282"	"660.302613"	"67"	""		"17411.224415"	"32551.61408"	"6d.7s2.7p"	"3D*"	"3"	""	""	"3"		""	"L12239"	
"660.3464"	"660.34666"	"7"	""		"24182.42887"	"39321.8086"	""	"*"	"2"	""	""	"3"		""	"L12239"	
"660.36209"	"660.362038"	"260"	""		"15618.98461"	"30758.01183"	"5f.6d2.7s"	"5H*"	"3"	""	""	"2"		""	"L5951"	
"660.3787"	"660.378789"	"21"	""		"19713.03109"	"34851.6743"	"6d3.(2F).7s"	"3F"	"3"	""	"*"	"2"		""	"L12239"	
"660.4528"	"660.452265"	"7"	""		"22855.29928"	"37992.2583"	""	"*"	"3"	""	""	"4"		""	"L3552"	
"660.66017"	"660.660074"	"92"	""		"21165.098037"	"36297.2958"	"5f.6d.7s2"	"3D*"	"3"	""	""	"4"		""	"L5951"	
"660.6790"	"660.679169"	"200"	""		"21143.42198"	"36275.1824"	"6d3.(2H).7s"	"1H"	"5"	""	"*"	"5"		""	"L3552"	
"660.84430"	"660.844333"	"120"	""		"17166.10472"	"32294.0833"	"6d3.(2H).7s"	"3H"	"5"	""	"*"	"4"		""	"L5951"	
"660.9031"	"660.903338"	"39"	""		"15863.88829"	"30990.51628"	"6d3.(2D2).7s"	""	"2"	""	"*"	"3"		""	"L3552"	
"660.9668"	"660.966567"	"39"	""		"20922.12244"	"36047.3034"	""	"*"	"2"	""	""	"2"		""	"L3552"	
"661.3280"	"661.32671"	"31"	""		"21645.85769"	"36762.8018"	"6d3.(2G).7s"	""	"4"	""	"*"	"3"		""	"L3552"	
"661.337332"	"661.337315"	"650"	""		"7280.123222"	"22396.82500"	"6d2.7s2"	""	"2"	""	"*"	"1"		""	"L18702"	
"661.33967"	"661.339679"	"460"	""		"8800.249723"	"23916.89747"	"6d3.(4F).7s"	"5F"	"4"	""	"*"	"4"		""	"L18702"	
"661.50723"	"661.507091"	"71"	""		"18549.40528"	"33662.2274"	"6d3.(4P).7s"	""	"2"	""	"*"	"1"		""	"L12239"	
"661.75147"	"661.751522"	"340"	""		"10783.15535"	"25890.39529"	"6d.7s2.7p"	"3F*"	"2"	""	""	"2"		""	"L18702"	
"661.7626"	"661.762431"	"38"	""		"18614.33811"	"33721.32901"	"6d2.7s.7p"	"5D*"	"1"	""	""	"2"		""	"L3552"	
"661.816714"	"661.816700"	"870"	""		"14204.26476"	"29310.01688"	"6d3.(2G).7s"	""	"5"	""	"*"	"4"		""	"L18702"	
"661.8399"	"661.839864"	"37"	""		"17398.39526"	"32503.6187"	"6d3.(4F).7s"	""	"3"	""	"*"	"2"		""	"L12239"	
"662.0248"	"662.025079"	"15"	""		"18699.62342"	"33800.6209"	"5f.7s2.7p"	"3F"	"2"	""	"*"	"3"		""	"L3552"	
"662.04080"	"662.040821"	"170"	""		"12847.96912"	"27948.60753"	"6d3.(4P).7s"	"5P"	"3"	""	"*"	"4"		""	"L12239"	
"662.1329"	"662.132657"	"7"	""		"19273.28060"	"34371.8246"	"6d3.(2P).7s"	""	"2"	""	"*"	"2"		""	"L3552"	
"662.3626"	"662.363489"	"11"	""		"23916.89747"	"39010.1797"	""	"*"	"4"	""	""	"3"		""	"L12239"	
"662.61220"	"662.612192"	"47"	""		"18574.61019"	"33662.2274"	"6d3.(2P).7s"	""	"1"	""	"*"	"1"		""	"L12239"	
"662.6544"	"662.653643"	"15"	""		"17073.80916"	"32160.4826"	"6d3.(4P).7s"	""	"1"	""	"*"	"2"		""	"L3552"	
"662.9447"	"662.94394"	"7"	""		"21738.05013"	"36818.1174"	"5f.6d2.7s"	"5G*"	"2"	""	""	"2"		""	"L3552"	
"663.15679"	"663.156686"	"54"	""		"11802.93238"	"26878.16179"	"6d3.(4P).7s"	"5P"	"2"	"6d2.7s.7p"	"3G*"	"3"		""	"L12239"	
"663.2110"	"663.21125"	"37"	""		"21594.67329"	"36668.6625"	"6d3.(2F).7s"	"1F"	"3"	""	"*"	"2"		""	"L3552"	
"663.37836"	"663.378649"	"110"	""		"13847.77037"	"28917.95572"	"6d3.(4F).7s"	"3F"	"2"	""	"*"	"2"		""	"L12239"	
"663.5088"	"663.508698"	"6"	""		"20566.62381"	"35633.8554"	"6d2.7s.7p"	"5D*"	"4"	""	""	"4"		""	"L12239"	
"663.6143"	"663.613649"	"15"	""		"15863.88829"	"30928.7370"	"6d3.(2D2).7s"	""	"2"	""	"*"	"1"		""	"L3552"	
"663.72019"	"663.720353"	"140"	""		"15490.077832"	"30552.50463"	"5f.6d.7s2"	"3G*"	"5"	""	""	"4"		""	"L5951"	
"663.87690"	"663.877049"	"78"	""		"7280.123222"	"22338.99484"	"6d2.7s2"	""	"2"	"5f.6d2.7s"	"5G*"	"3"		""	"L12239"	
"663.891203"	"663.891191"	"1800"	""		"11197.031257"	"26255.58209"	"5f.6d.7s2"	"3H*"	"5"	""	""	"4"		""	"L18702"	
"663.9726"	"663.972561"	"60"	""		"18011.38030"	"33068.08573"	"5f.6d2.7s"	"5H*"	"5"	""	""	"6"		""	"L3552"	
"664.1006"	"664.100587"	"30"	""		"20522.71449"	"35576.5173"	"6d2.7s.7p"	"3F*"	"2"	""	""	"3"		""	"L3552"	
"664.1439"	"664.143872"	"30"	""		"13175.113345"	"28227.93504"	"5f.6d.7s2"	"3G*"	"4"	"5f.7s2.7p"	"3F"	"4"		""	"L3552"	
"664.1668"	"664.166588"	"30"	""		"13088.56115"	"28140.86799"	"6d3.(2G).7s"	"3G"	"3"	""	"*"	"4"		""	"L3552"	
"664.23273"	"664.232951"	"140"	""		"19273.28060"	"34324.0836"	"6d3.(2P).7s"	""	"2"	""	"*"	"2"		""	"L5951"	
"664.3120"	"664.311754"	"60"	""		"15970.09583"	"31019.11347"	"6d3.(2D2).7s"	""	"3"	""	"*"	"4"		""	"L3552"	
"664.3501"	"664.349880"	"22"	""		"16217.482038"	"31265.63604"	"6d.7s2.7p"	"1D*"	"2"	""	""	"3"		""	"L3552"	
"664.40271"	"664.402811"	"110"	""		"17411.224415"	"32458.17957"	"6d.7s2.7p"	"3D*"	"3"	""	""	"4"		""	"L5951"	
"664.4550"	"664.454023"	"30"	""		"18053.617845"	"33099.41329"	"6d.7s2.7p"	"3F*"	"4"	""	""	"3"		""	"L3552"	
"664.467003"	"664.467001"	"1600"	""		"9804.806547"	"24850.30814"	"6d3.(4F).7s"	"5F"	"5"	""	"3I*"	"6"		""	"L18702"	
"664.4839"	"664.48421"	"15"	""		"23655.13881"	"38700.2507"	""	"*"	"4"	""	""	"4"		""	"L3552"	
"664.6320"	"664.631980"	"36"	""		"18549.40528"	"33591.1722"	"6d3.(4P).7s"	""	"2"	"6d3.7p"	"5G*"	"3"		""	"L12239"	
"664.7100"	"664.71018"	"11"	""		"23916.89747"	"38956.8948"	""	"*"	"4"	""	""	"4"		""	"L12239"	
"664.8344"	"664.834435"	"27"	""		"13847.77037"	"28884.95681"	"6d3.(4F).7s"	"3F"	"2"	""	"*"	"3"		""	"L12239"	
"664.8658"	"664.866067"	"8"	""		"21539.59257"	"36576.0636"	""	"*"	"4"	""	""	"4"		""	"L12239"	
"664.9115"	"664.91156"	"34"	""		"25753.93805"	"40789.3803"	""	"*"	"5"	""	""	"5"		""	"L12239"	
"664.9277"	"664.927418"	"19"	""		"18699.62342"	"33734.7071"	"5f.7s2.7p"	"3F"	"2"	""	"*"	"2"		""	"L12239"	
"664.9487"	"664.94803"	"7"	""		"21143.42198"	"36178.0396"	"6d3.(2H).7s"	"1H"	"5"	""	"*"	"4"		""	"L3552"	
"665.05600"	"665.056054"	"150"	""		"15618.98461"	"30651.16019"	"5f.6d2.7s"	"5H*"	"3"	"6d4"	""	"3"		""	"L5951"	
"665.1367"	"665.136933"	"14"	""		"18069.065569"	"33099.41329"	"6d.7s2.7p"	"1F*"	"3"	""	""	"3"		""	"L12239"	
"665.2225"	"665.222883"	"14"	""		"16217.482038"	"31245.88778"	"6d.7s2.7p"	"1D*"	"2"	""	""	"2"		""	"L3552"	
"665.4110"	"665.410468"	"17"	""		"15493.21943"	"30517.38856"	"6d3.(2H).7s"	"3H"	"4"	""	"*"	"4"		""	"L12239"	
"665.42296"	"665.422984"	"54"	""		"15493.21943"	"30517.10597"	"6d3.(2H).7s"	"3H"	"4"	""	"*"	"5"		""	"L12239"	
"665.43671"	"665.436753"	"400"	""		"13297.43316"	"28321.00884"	"6d3.(2G).7s"	"3G"	"4"	""	"*"	"5"		""	"L18702"	
"665.5070"	"665.506593"	"34"	""		"18809.88631"	"33831.88538"	"6d2.7s.7p"	"5G*"	"4"	""	""	"4"		""	"L12239"	
"665.54892"	"665.548917"	"160"	""		"15736.968041"	"30758.01183"	"6d2.7s.7p"	"5F*"	"1"	""	""	"2"		""	"L5951"	
"665.59274"	"665.592713"	"150"	""		"23032.986182"	"38053.0416"	"5f.7s2.7p"	"3G"	"4"	""	"*"	"3"		""	"L5951"	
"665.6503"	"665.648737"	"7"	""		"18699.62342"	"33718.4147"	"5f.7s2.7p"	"3F"	"2"	""	"*"	"2"		""	"L3552"	
"665.6708"	"665.66983"	"30"	""		"22669.88918"	"37688.2046"	""	"*"	"3"	""	""	"3"		""	"L3552"	
"665.7879"	"665.787327"	"22"	""		"20566.62381"	"35582.2888"	"6d2.7s.7p"	"5D*"	"4"	""	""	"5"		""	"L3552"	
"665.8071"	"665.806102"	"15"	""		"22877.58322"	"37892.8248"	""	"*"	"5"	"5f.6d2.7p "	"5I"	"4"		""	"L3552"	
"665.8185"	"665.81875"	"21"	""		"23201.98997"	"38216.9462"	"5f.6d.7s.7p"	"5G"	"3"	""	"*"	"3"		""	"L12239"	
"665.867738"	"665.867740"	"2400"	""		"11241.73043"	"26255.58209"	"5f.6d.7s2"	"3F*"	"3"	""	""	"4"		""	"L18702"	
"665.8869"	"665.88511"	"15"	""		"22508.04658"	"37521.5066"	"6d2.7s.7p"	"5P*"	"2"	""	""	"3"		""	"L3552"	
"665.91119"	"665.911076"	"70"	""		"22877.58322"	"37890.4578"	""	"*"	"5"	""	""	"5"		""	"L5951"	
"665.9266"	"665.925864"	"15"	""		"21077.152101"	"36089.6933"	"6d2.7s.7p"	"5F*"	"5"	""	""	"4"		""	"L3552"	
"665.9331"	"665.93238"	"22"	""		"19713.03109"	"34725.4253"	"6d3.(2F).7s"	"3F"	"3"	""	"*"	"3"		""	"L3552"	
"666.1320"	"666.130164"	"22"	""		"18382.82669"	"33390.76362"	"6d2.7s.7p"	"5D*"	"0"	""	""	"1"		""	"L3552"	
"666.226850"	"666.226850"	"16000"	""		"7502.287636"	"22508.04658"	"6d3.(4F).7s"	"5F"	"3"	"6d2.7s.7p"	"5P*"	"2"		""	"L18702"	
"666.36969"	"666.369660"	"400"	""		"8111.004545"	"23113.54761"	"6d2.7s2"	"1G"	"4"	"5f.6d2.7s"	"5G*"	"4"		""	"L18702"	
"666.6987"	"666.697729"	"29"	""		"21890.13254"	"36885.2932"	""	"*"	"3"	""	""	"4"		""	"L3552"	
"666.8414"	"666.84144"	"59"	""		"24915.01853"	"39906.9477"	"6d3.(2D1).7s"	"3D"	"3"	""	"*"	"4"		""	"L3552"	
"666.8664"	"666.865810"	"33"	""		"19713.03109"	"34704.4123"	"6d3.(2F).7s"	"3F"	"3"	""	"*"	"3"		""	"L12239"	
"666.88164"	"666.881639"	"540"	""		"10414.13700"	"25405.16237"	"5f.6d.7s2"	"1G*"	"4"	"5f.6d.7s.7p"	"5H"	"4"		""	"L18702"	
"666.89399"	"666.894009"	"100"	""		"16783.84708"	"31774.59439"	"5f.6d2.7s"	"5I*"	"4"	""	""	"3"		""	"L5951"	
"666.94493"	"666.945018"	"96"	""		"13945.307389"	"28934.90819"	"6d.7s2.7p"	"3F*"	"3"	""	""	"3"		""	"L5951"	
"666.9531"	"666.95201"	"21"	""		"22141.60454"	"37131.0482"	""	"*"	"3"	""	""	"3"		""	"L3552"	
"666.9634"	"666.96357"	"7"	""		"26723.66908"	"41712.8529"	"5f.6d2.7s"	"5G*"	"6"	""	""	"5"		""	"L12239"	
"667.0724"	"667.072494"	"22"	""		"4961.658832"	"19948.395175"	"6d2.7s2"	"3F"	"4"	"6d2.7s.7p"	"5F*"	"4"		""	"L12239"	
"667.1684"	"667.16706"	"21"	""		"21668.957072"	"36653.5692"	"6d2.7s.7p"	"5P*"	"1"	""	""	"2"		""	"L3552"	
"667.2383"	"667.237803"	"7"	""		"21902.26981"	"36885.2932"	"5f.6d2.7s"	"3H*"	"4"	""	""	"4"		""	"L3552"	
"667.34115"	"667.341077"	"52"	""		"5563.141519"	"20543.84624"	"6d3.(4F).7s"	"5F"	"1"	"6d.7s2.7p"	"3P*"	"0"		""	"L12239"	
"667.35799"	"667.357986"	"500"	""		"16346.64962"	"31326.97478"	"5f.6d2.7s"	"5H*"	"4"	""	""	"4"		""	"L18702"	
"667.469675"	"667.469681"	"3000"	""		"2869.259165"	"17847.07751"	"6d2.7s2"	"3F"	"3"	"5f.6d.7s2"	"3P*"	"2"		""	"L18702"	
"667.5023"	"667.501388"	"58"	""		"23015.15141"	"37992.2583"	""	"*"	"5"	""	""	"4"		""	"L3552"	
"667.5341"	"667.533455"	"29"	""		"21539.59257"	"36515.9800"	""	"*"	"4"	""	""	"3"		""	"L3552"	
"667.7961"	"667.795776"	"30"	""		"14226.82045"	"29197.32496"	"6d3.(2P).7s"	""	"0"	""	"*"	"1"		""	"L12239"	
"667.870652"	"667.870646"	"1500"	""		"7280.123222"	"22248.94952"	"6d2.7s2"	""	"2"	""	"*"	"2"		""	"L18702"	
"667.9637"	"667.96357"	"8"	""		"24032.22651"	"38998.9704"	"5f.6d.7s.7p"	"5G"	"4"	""	"*"	"3"		""	"L12239"	
"668.00811"	"668.008125"	"180"	""		"15166.900593"	"30132.64625"	"6d2.7s.7p"	"5G*"	"3"	""	""	"2"		""	"L5951"	
"668.0664"	"668.066327"	"14"	""		"22338.99484"	"37303.4367"	"5f.6d2.7s"	"5G*"	"3"	""	""	"4"		""	"L3552"	
"668.0943"	"668.094049"	"14"	""		"22855.29928"	"37819.1202"	""	"*"	"3"	""	""	"4"		""	"L3552"	
"668.28376"	"668.283764"	"82"	""		"5563.141519"	"20522.71449"	"6d3.(4F).7s"	"5F"	"1"	"6d2.7s.7p"	"3F*"	"2"		""	"L12239"	
"668.336717"	"668.336709"	"1300"	""		"8243.602091"	"23201.98997"	"5f.6d.7s2"	"3F*"	"2"	"5f.6d.7s.7p"	"5G"	"3"		""	"L18702"	
"668.3991"	"668.398562"	"58"	""		"17501.17592"	"32458.17957"	"5f.6d2.7s"	"5I*"	"5"	""	""	"4"		""	"L3552"	
"668.40484"	"668.404852"	"320"	""		"14465.221873"	"29422.08479"	"6d2.7s.7p"	"5G*"	"2"	"6d4"	""	"1"		""	"L5951"	
"668.4687"	"668.468633"	"58"	""		"13962.51989"	"28917.95572"	"6d3.(2D2).7s"	""	"1"	""	"*"	"2"		""	"L3552"	
"668.5701"	"668.569990"	"29"	""		"14465.221873"	"29418.39044"	"6d2.7s.7p"	"5G*"	"2"	""	""	"2"		""	"L3552"	
"668.6215"	"668.621517"	"32"	""		"18011.38030"	"32963.39652"	"5f.6d2.7s"	"5H*"	"5"	""	""	"5"		""	"L12239"	
"668.75207"	"668.751976"	"230"	""		"15863.88829"	"30812.9877"	"6d3.(2D2).7s"	""	"2"	""	"*"	"2"		""	"L5951"	
"668.9781"	"668.978803"	"20"	""		"19503.143490"	"34447.17423"	"6d2.7s.7p"	"5F*"	"3"	""	""	"4"		""	"L12239"	
"669.0271"	"669.026897"	"29"	""		"22098.18793"	"37041.1444"	"5f.6d.7s.7p"	"5I"	"4"	""	"*"	"4"		""	"L3552"	
"669.0906"	"669.090457"	"370"	""		"22877.58322"	"37819.1202"	""	"*"	"5"	""	""	"4"		""	"L3552"	
"669.1392"	"669.13801"	"17"	""		"24381.33337"	"39321.8086"	""	"*"	"2"	""	""	"3"		""	"L12239"	
"669.32066"	"669.320734"	"78"	""		"12847.96912"	"27784.36557"	"6d3.(4P).7s"	"5P"	"3"	""	"*"	"2"		""	"L12239"	
"669.40068"	"669.400652"	"320"	""		"14206.91694"	"29141.53019"	"5f.6d.7s2"	"3F*"	"4"	""	""	"5"		""	"L5951"	
"669.44967"	"669.449657"	"350"	""		"15618.98461"	"30552.50463"	"5f.6d2.7s"	"5H*"	"3"	""	""	"4"		""	"L5951"	
"669.4677"	"669.468422"	"15"	""		"22399.39666"	"37332.4981"	"5f.6d2.7s"	"3I*"	"5"	"5f.6d2.7p "	"5K "	"6"		""	"L12239"	
"669.5181"	"669.517885"	"29"	""		"20867.97560"	"35799.97381"	"5f.6d2.7s"	"5I*"	"7"	"5f.6d.7s.7p"	"3I"	"6"		""	"L12239"	
"669.613969"	"669.613976"	"700"	""		"12114.36618"	"27044.22163"	"5f.6d.7s2"	"1D*"	"2"	""	""	"3"		""	"L18702"	
"669.6886"	"669.688439"	"7"	""		"19503.143490"	"34431.3389"	"6d2.7s.7p"	"5F*"	"3"	""	""	"3"		""	"L3552"	
"669.6996"	"669.69788"	"7"	""		"21890.13254"	"36818.1174"	""	"*"	"3"	""	""	"2"		""	"L3552"	
"669.7139"	"669.714344"	"36"	""		"19516.98043"	"34444.5984"	"6d2.7s.7p"	"5D*"	"2"	""	""	"2"		""	"L3552"	
"669.771213"	"669.771194"	"970"	""		"3687.987189"	"18614.33811"	"6d2.7s2"	""	"2"	"6d2.7s.7p"	"5D*"	"1"		""	"L18702"	
"669.80153"	"669.801565"	"180"	""		"19948.395175"	"34874.0693"	"6d2.7s.7p"	"5F*"	"4"	""	""	"3"		""	"L5951"	
"669.80577"	"669.805790"	"270"	""		"15618.98461"	"30544.56459"	"5f.6d2.7s"	"5H*"	"3"	""	""	"2"		""	"L5951"	
"669.8516"	"669.849984"	"14"	""		"21165.098037"	"36089.6933"	"5f.6d.7s2"	"3D*"	"3"	""	""	"4"		""	"L3552"	
"669.86126"	"669.860897"	"71"	""		"16346.64962"	"31271.00174"	"5f.6d2.7s"	"5H*"	"4"	""	""	"5"		""	"L12239"	
"670.07499"	"670.075016"	"150*"	""		"14204.26476"	"29123.8479"	"6d3.(2G).7s"	""	"5"	""	"*"	"6 or 5"		""	"L5951"	
"670.07499"	"670.07505"	"150*"	""		"26111.53886"	"41031.1213"	""	""	"1"	""	"*"	"2"		""	"L5951"	
"670.0805"	"670.080914"	"24"	""		"21143.42198"	"36062.8738"	"6d3.(2H).7s"	"1H"	"5"	""	"*"	"4"		""	"L12239"	
"670.1010"	"670.101818"	"14"	""		"16346.64962"	"31265.63604"	"5f.6d2.7s"	"5H*"	"4"	""	""	"3"		""	"L3552"	
"670.1872"	"670.188423"	"10"	""		"23032.986182"	"37950.0447"	"5f.7s2.7p"	"3G"	"4"	""	"*"	"4"		""	"L12239"	
"670.2576"	"670.25759"	"7"	""		"21738.05013"	"36653.5692"	"5f.6d2.7s"	"5G*"	"2"	""	""	"2"		""	"L3552"	
"670.3091"	"670.309753"	"14"	""		"19516.98043"	"34431.3389"	"6d2.7s.7p"	"5D*"	"2"	""	""	"3"		""	"L3552"	
"670.3348"	"670.33546"	"36"	""		"21575.03713"	"36488.8237"	"6d3.(2P).7s"	""	"2"	""	"*"	"2"		""	"L3552"	
"670.5151"	"670.515652"	"72"	""		"18053.617845"	"32963.39652"	"6d.7s2.7p"	"3F*"	"4"	""	""	"5"		""	"L3552"	
"670.5428"	"670.543181"	"57"	""		"20922.12244"	"35831.2890"	""	"*"	"2"	""	""	"3"		""	"L3552"	
"670.6091"	"670.60892"	"20"	""		"25575.04516"	"40482.7503"	""	"*"	"4"	""	""	"5"		""	"L12239"	
"670.6451"	"670.645450"	"14"	""		"22877.51748"	"37784.4105"	""	"*"	"1"	""	""	"2"		""	"L3552"	
"670.7733"	"670.773828"	"21"	""		"22399.39666"	"37303.4367"	"5f.6d2.7s"	"3I*"	"5"	""	""	"4"		""	"L3552"	
"670.8287"	"670.828614"	"26"	""		"14032.085336"	"28934.90819"	"6d.7s2.7p"	"3D*"	"2"	""	""	"3"		""	"L12239"	
"670.8394"	"670.839589"	"12"	""		"17959.89498"	"32862.47402"	"6d3.(4F).7s"	"3F"	"4"	""	"*"	"4"		""	"L12239"	
"670.88411"	"670.884022"	"82"	""		"18930.29333"	"33831.88538"	"6d2.7s.7p"	"3G*"	"3"	""	""	"4"		""	"L5951"	
"670.9248"	"670.925840"	"14"	""		"19948.395175"	"34849.05842"	"6d2.7s.7p"	"5F*"	"4"	""	""	"5"		""	"L3552"	
"670.9443"	"670.944099"	"14"	""		"13945.307389"	"28845.56513"	"6d.7s2.7p"	"3F*"	"3"	"5f.6d.7s.7p"	"5H"	"4"		""	"L3552"	
"671.0326"	"671.03271"	"11"	""		"20522.71449"	"35421.0046"	"6d2.7s.7p"	"3F*"	"2"	""	""	"1"		""	"L12239"	
"671.08677"	"671.086909"	"82"	""		"14206.91694"	"29104.00388"	"5f.6d.7s2"	"3F*"	"4"	"6d4"	"3G"	"4"		""	"L12239"	
"671.1078"	"671.108169"	"24"	""		"22508.04658"	"37404.6616"	"6d2.7s.7p"	"5P*"	"2"	""	""	"3"		""	"L12239"	
"671.125168"	"671.125190"	"840"	""		"9804.806547"	"24701.04375"	"6d3.(4F).7s"	"5F"	"5"	""	"*"	"5"		""	"L18702"	
"671.1495"	"671.149933"	"360"	""		"17398.39526"	"32294.0833"	"6d3.(4F).7s"	""	"3"	""	"*"	"4"		""	"L3552"	
"671.1858"	"671.185044"	"29"	""		"25405.16237"	"40300.0712"	"5f.6d.7s.7p"	"5H"	"4"	""	"*"	"4"		""	"L12239"	
"671.2017"	"671.200855"	"22"	""		"25753.93805"	"40648.4960"	""	"*"	"5"	""	""	"4"		""	"L12239"	
"671.2195"	"671.21922"	"34"	""		"21594.67329"	"36488.8237"	"6d3.(2F).7s"	"1F"	"3"	""	"*"	"2"		""	"L12239"	
"671.2838"	"671.28275"	"14"	""		"22855.29928"	"37748.0401"	""	"*"	"3"	""	""	"2"		""	"L3552"	
"671.35972"	"671.359781"	"100"	""		"18382.82669"	"33273.8588"	"6d2.7s.7p"	"5D*"	"0"	""	""	"1"		""	"L5951"	
"671.396999"	"671.396988"	"1500"	""		"6362.395980"	"21252.60286"	"6d3.(4F).7s"	"5F"	"2"	""	"*"	"2"		""	"L18702"	
"671.46859"	"671.468322"	"43"	""		"22669.88918"	"37558.5142"	""	"*"	"3"	""	""	"4"		""	"L12239"	
"671.55136"	"671.551446"	"150"	""		"17398.39526"	"32285.1774"	"6d3.(4F).7s"	""	"3"	""	"*"	"3"		""	"L5951"	
"671.6215"	"671.62164"	"21"	""		"21890.13254"	"36775.3589"	""	"*"	"3"	""	""	"3"		""	"L3552"	
"671.73850"	"671.738471"	"800"	""		"15490.077832"	"30372.71524"	"5f.6d.7s2"	"3G*"	"5"	""	""	"6"		""	"L5951"	
"671.7582"	"671.757972"	"7"	""		"21165.098037"	"36047.3034"	"5f.6d.7s2"	"3D*"	"3"	""	""	"2"		""	"L3552"	
"671.9011"	"671.900721"	"21"	""		"21902.26981"	"36781.3134"	"5f.6d2.7s"	"3H*"	"4"	""	""	"5"		""	"L3552"	
"671.919943"	"671.919941"	"1400"	""		"10526.544406"	"25405.16237"	"5f.6d.7s2"	"3G*"	"3"	"5f.6d.7s.7p"	"5H"	"4"		""	"L18702"	
"672.0699"	"672.069527"	"6"	""		"23015.15141"	"37890.4578"	""	"*"	"5"	""	""	"5"		""	"L3552"	
"672.10790"	"672.107787"	"42"	""		"20214.92997"	"35089.38959"	"6d2.7s.7p"	"5D*"	"3"	""	""	"3"		""	"L12239"	
"672.1618"	"672.161526"	"10"	""		"20522.71449"	"35395.9849"	"6d2.7s.7p"	"3F*"	"2"	""	""	"2"		""	"L12239"	
"672.1956"	"672.195675"	"18"	""		"19588.36224"	"34460.87707"	"6d2.7s.7p"	"5G*"	"5"	""	""	"5"		""	"L12239"	
"672.2852"	"672.28573"	"6"	""		"22877.51748"	"37748.0401"	""	"*"	"1"	""	""	"2"		""	"L3552"	
"672.3120"	"672.310623"	"13"	""		"19713.03109"	"34583.0031"	"6d3.(2F).7s"	"3F"	"3"	""	"*"	"3"		""	"L3552"	
"672.53767"	"672.53739"	"130*"	""		"25405.16237"	"40270.1206"	"5f.6d.7s.7p"	"5H"	"4"	""	"*"	"4"		""	"L5951"	
"672.5482"	"672.548719"	"13"	""		"22877.58322"	"37742.2910"	""	"*"	"5"	""	""	"6"		""	"L3552"	
"672.63091"	"672.630920"	"180"	""		"19986.16721"	"34849.05842"	"5f.6d2.7s"	"5H*"	"6"	""	""	"5"		""	"L5951"	
"672.69479"	"672.694732"	"140"	""		"7280.123222"	"22141.60454"	"6d2.7s2"	""	"2"	""	"*"	"3"		""	"L12239"	
"672.745817"	"672.745822"	"4400"	""		"5563.141519"	"20423.494218"	"6d3.(4F).7s"	"5F"	"1"	"6d.7s2.7p"	"3P*"	"1"		""	"L18702"	
"672.75934"	"672.759690"	"90"	""		"13088.56115"	"27948.60753"	"6d3.(2G).7s"	"3G"	"3"	""	"*"	"4"		""	"L5951"	
"672.76527"	"672.765217"	"250"	""		"15863.88829"	"30723.8126"	"6d3.(2D2).7s"	""	"2"	""	"*"	"1"		""	"L5951"	
"672.811839"	"672.811831"	"700"	""		"13175.113345"	"28034.00813"	"5f.6d.7s2"	"3G*"	"4"	""	""	"5"		""	"L18702"	
"672.87587"	"672.875881"	"370"	""		"17166.10472"	"32023.58511"	"6d3.(2H).7s"	"3H"	"5"	""	"*"	"5"		""	"L18702"	
"672.99327"	"672.993259"	"94"	""		"8800.249723"	"23655.13881"	"6d3.(4F).7s"	"5F"	"4"	""	"*"	"4"		""	"L5951"	
"673.1047"	"673.104654"	"170"	""		"18574.61019"	"33427.0409"	"6d3.(2P).7s"	""	"1"	""	"*"	"2"		""	"L3552"	
"673.1572"	"673.15931"	"4"	""		"24210.80979"	"39062.0345"	"6d4"	"5D"	"4"	""	"*"	"5"		""	"L12239"	
"673.16720"	"673.167160"	"150"	""		"23201.98997"	"38053.0416"	"5f.6d.7s.7p"	"5G"	"3"	""	"*"	"3"		""	"L5951"	
"673.26490"	"673.264907"	"280"	""		"11802.93238"	"26651.82788"	"6d3.(4P).7s"	"5P"	"2"	""	"*"	"2"		""	"L5951"	
"673.33145"	"673.331431"	"89"	""		"15166.900593"	"30014.32907"	"6d2.7s.7p"	"5G*"	"3"	"6d4"	""	"4"		""	"L12239"	
"673.374864"	"673.374879"	"830"	""		"14204.26476"	"29050.73523"	"6d3.(2G).7s"	""	"5"	""	"*"	"5"		""	"L18702"	
"673.4003"	"673.40079"	"27"	""		"22248.94952"	"37094.8488"	""	"*"	"2"	""	""	"2"		""	"L3552"	
"673.4667"	"673.466638"	"140"	""		"15166.900593"	"30011.34827"	"6d2.7s.7p"	"5G*"	"3"	""	""	"3"		""	"L3552"	
"673.4856"	"673.485976"	"15"	""		"24850.30814"	"39694.3296"	""	"3I*"	"6"	"5f.6d2.7p "	"5I"	"5"		""	"L12239"	
"673.5007"	"673.49897"	"11"	""		"23916.89747"	"38760.6326"	""	"*"	"4"	""	""	"4"		""	"L12239"	
"673.51261"	"673.512593"	"220"	""		"13297.43316"	"28140.86799"	"6d3.(2G).7s"	"3G"	"4"	""	"*"	"4"		""	"L5951"	
"673.53726"	"673.537230"	"100"	""		"15970.09583"	"30812.9877"	"6d3.(2D2).7s"	""	"3"	""	"*"	"2"		""	"L5951"	
"673.5686"	"673.569158"	"13"	""		"7795.275291"	"22637.46361"	"5f.6d.7s2"	"3H*"	"4"	"5f.7s2.7p"	"3F"	"3"		""	"L3552"	
"673.7643"	"673.764110"	"340"	""		"19273.28060"	"34111.1744"	"6d3.(2P).7s"	""	"2"	""	"*"	"1"		""	"L3552"	
"673.817991"	"673.817996"	"640"	""		"7502.287636"	"22338.99484"	"6d3.(4F).7s"	"5F"	"3"	"5f.6d2.7s"	"5G*"	"3"		""	"L18702"	
"673.99594"	"673.99569"	"150"	""		"22401.20793"	"37234.0035"	"6d3.(2P).7s"	""	"1"	""	"*"	"2"		""	"L5951"	
"674.19212"	"674.192228"	"140"	""		"13847.77037"	"28676.24203"	"6d3.(4F).7s"	"3F"	"2"	""	"*"	"3"		""	"L5951"	
"674.28840"	"674.288429"	"480"	""		"12847.96912"	"27674.32522"	"6d3.(4P).7s"	"5P"	"3"	""	"*"	"2"		""	"L18702"	
"674.31991"	"674.319905"	"45"	""		"13847.77037"	"28673.43441"	"6d3.(4F).7s"	"3F"	"2"	""	"*"	"2"		""	"L12239"	
"674.61354"	"674.613651"	"97"	""		"19588.36224"	"34407.57081"	"6d2.7s.7p"	"5G*"	"5"	""	""	"6"		""	"L5951"	
"674.7172"	"674.717332"	"18"	""		"17224.302340"	"32041.23370"	"6d2.7s.7p"	"5F*"	"2"	""	""	"2"		""	"L12239"	
"674.7402"	"674.739753"	"13"	""		"21668.957072"	"36485.3961"	"6d2.7s.7p"	"5P*"	"1"	""	""	"2"		""	"L3552"	
"674.7964"	"674.79669"	"5"	""		"25442.68552"	"40257.8744"	""	"*"	"3"	""	""	"4"		""	"L12239"	
"674.93153"	"674.931531"	"110"	""		"19532.41646"	"34344.6455"	"6d3.(2F).7s"	"3F"	"4"	""	"*"	"4"		""	"L5951"	
"675.14266"	"675.142682"	"210"	""		"15736.968041"	"30544.56459"	"6d2.7s.7p"	"5F*"	"1"	""	""	"2"		""	"L5951"	
"675.36591"	"675.365918"	"360"	""		"6362.395980"	"21165.098037"	"6d3.(4F).7s"	"5F"	"2"	"5f.6d.7s2"	"3D*"	"3"		""	"L18702"	
"675.42661"	"675.426644"	"160"	""		"13847.77037"	"28649.14156"	"6d3.(4F).7s"	"3F"	"2"	""	"*"	"1"		""	"L5951"	
"675.46211"	"675.462170"	"59"	""		"20214.92997"	"35015.5227"	"6d2.7s.7p"	"5D*"	"3"	""	""	"2"		""	"L12239"	
"675.5305"	"675.53052"	"13"	""		"22508.04658"	"37307.1417"	"6d2.7s.7p"	"5P*"	"2"	"6d4"	""	"3"		""	"L3552"	
"675.5475"	"675.547669"	"130"	""		"17398.39526"	"32197.1148"	"6d3.(4F).7s"	""	"3"	""	"*"	"3"		""	"L3552"	
"675.5663"	"675.566874"	"26"	""		"19503.143490"	"34301.44234"	"6d2.7s.7p"	"5F*"	"3"	""	""	"4"		""	"L3552"	
"675.6323"	"675.630598"	"98"	""		"20054.77119"	"34851.6743"	"6d3.(2F).7s"	"3F"	"2"	""	"*"	"2"		""	"L3552"	
"675.645269"	"675.645268"	"9700"	""		"2558.056752"	"17354.638583"	"6d2.7s2"	"3P"	"0"	"5f.6d.7s2"	"3D*"	"1"		""	"L18702"	
"675.71091"	"675.710895"	"610"	""		"16346.64962"	"31141.79438"	"5f.6d2.7s"	"5H*"	"4"	"6d4"	"3D"	"3"		""	"L5951"	
"675.73491"	"675.735240"	"43"	""		"17959.89498"	"32754.5067"	"6d3.(4F).7s"	"3F"	"4"	""	"*"	"3"		""	"L12239"	
"675.82036"	"675.820362"	"460"	""		"17501.17592"	"32293.92422"	"5f.6d2.7s"	"5I*"	"5"	""	""	"5"		""	"L18702"	
"675.8521"	"675.85211"	"32"	""		"22338.99484"	"37131.0482"	"5f.6d2.7s"	"5G*"	"3"	""	""	"3"		""	"L3552"	
"675.8716"	"675.871814"	"13"	""		"15970.09583"	"30761.71803"	"6d3.(2D2).7s"	""	"3"	""	"*"	"3"		""	"L3552"	
"676.0291"	"676.03002"	"13"	""		"24210.80979"	"38998.9704"	"6d4"	"5D"	"4"	""	"*"	"3"		""	"L12239"	
"676.0400"	"676.04013"	"13"	""		"21594.67329"	"36382.6128"	"6d3.(2F).7s"	"1F"	"3"	""	"*"	"4"		""	"L3552"	
"676.06632"	"676.066557"	"100"	""		"17166.10472"	"31953.46618"	"6d3.(2H).7s"	"3H"	"5"	""	"*"	"4"		""	"L5951"	
"676.25015"	"676.24986"	"52"	""		"23916.89747"	"38700.2507"	""	"*"	"4"	""	""	"4"		""	"L12239"	
"676.33314"	"676.33299"	"56"	""		"21645.85769"	"36427.3939"	"6d3.(2G).7s"	""	"4"	""	"*"	"3"		""	"L12239"	
"676.3532"	"676.353101"	"52"	""		"19516.98043"	"34298.0771"	"6d2.7s.7p"	"5D*"	"2"	""	""	"1"		""	"L3552"	
"676.4353"	"676.436368"	"10"	""		"23113.54761"	"37892.8248"	"5f.6d2.7s"	"5G*"	"4"	"5f.6d2.7p "	"5I"	"4"		""	"L12239"	
"676.56692"	"676.566913"	"240"	""		"18614.33811"	"33390.76362"	"6d2.7s.7p"	"5D*"	"1"	""	""	"1"		""	"L5951"	
"676.8511"	"676.851148"	"19"	""		"18011.38030"	"32781.60068"	"5f.6d2.7s"	"5H*"	"5"	""	""	"4"		""	"L3552"	
"677.0173"	"677.018073"	"32"	""		"8111.004545"	"22877.58322"	"6d2.7s2"	"1G"	"4"	""	"*"	"5"		""	"L12239"	
"677.1623"	"677.16216"	"32"	""		"21890.13254"	"36653.5692"	""	"*"	"3"	""	""	"2"		""	"L3552"	
"677.21745"	"677.217436"	"520"	""		"15493.21943"	"30255.45106"	"6d3.(2H).7s"	"3H"	"4"	""	"*"	"3"		""	"L5951"	
"677.22479"	"677.224786"	"110"	""		"11601.03035"	"26363.10178"	"6d3.(4P).7s"	"5P"	"1"	""	"*"	"2"		""	"L5951"	
"677.30972"	"677.309812"	"260"	""		"20322.26571"	"35082.48400"	"5f.6d.7s2"	"1H*"	"5"	""	""	"6"		""	"L5951"	
"677.37697"	"677.377146"	"49"	""		"18930.29333"	"33689.0444"	"6d2.7s.7p"	"3G*"	"3"	""	""	"2"		""	"L12239"	
"677.4079"	"677.40818"	"12"	""		"22401.20793"	"37159.2829"	"6d3.(2P).7s"	""	"1"	""	"*"	"1"		""	"L12239"	
"677.4254"	"677.425242"	"6"	""		"21539.59257"	"36297.2958"	""	"*"	"4"	""	""	"4"		""	"L3552"	
"677.4387"	"677.438714"	"21"	""		"23609.16775"	"38366.5775"	""	"*"	"5"	"6d4"	""	"4"		""	"L12239"	
"677.5102"	"677.51014"	"23"	""		"22338.99484"	"37094.8488"	"5f.6d2.7s"	"5G*"	"3"	""	""	"2"		""	"L12239"	
"677.5501"	"677.550858"	"12"	""		"18809.88631"	"33564.85352"	"6d2.7s.7p"	"5G*"	"4"	""	""	"3"		""	"L3552"	
"677.6230"	"677.623054"	"650"	""		"16783.84708"	"31537.24226"	"5f.6d2.7s"	"5I*"	"4"	""	""	"3"		""	"L3552"	
"677.7597"	"677.760419"	"11"	""		"24259.77463"	"39010.1797"	""	"*"	"4"	""	""	"3"		""	"L12239"	
"677.831225"	"677.831221"	"3800"	""		"3865.473772"	"18614.33811"	"6d2.7s2"	"3P"	"1"	"6d2.7s.7p"	"5D*"	"1"		""	"L18702"	
"677.9080"	"677.909011"	"37"	""		"16217.482038"	"30964.65395"	"6d.7s2.7p"	"1D*"	"2"	""	""	"3"		""	"L12239"	
"677.93242"	"677.932458"	"82"	""		"7502.287636"	"22248.94952"	"6d3.(4F).7s"	"5F"	"3"	""	"*"	"2"		""	"L5951"	
"678.012511"	"678.012508"	"3300"	""		"8243.602091"	"22988.52291"	"5f.6d.7s2"	"3F*"	"2"	"5f.6d.7s.7p"	"5G"	"2"		""	"L18702"	
"678.041299"	"678.041298"	"4300"	""		"8111.004545"	"22855.29928"	"6d2.7s2"	"1G"	"4"	""	"*"	"3"		""	"L18702"	
"678.1234"	"678.123432"	"19"	""		"18053.617845"	"32796.12677"	"6d.7s2.7p"	"3F*"	"4"	""	""	"3"		""	"L3552"	
"678.1676"	"678.168048"	"19"	""		"13847.77037"	"28589.30942"	"6d3.(4F).7s"	"3F"	"2"	""	"*"	"3"		""	"L3552"	
"678.2464"	"678.248338"	"6"	""		"22098.18793"	"36837.9819"	"5f.6d.7s.7p"	"5I"	"4"	""	"*"	"5"		""	"L12239"	
"678.47956"	"678.479484"	"90"	""		"22669.88918"	"37404.6616"	""	"*"	"3"	""	""	"3"		""	"L5951"	
"678.4929"	"678.493478"	"29"	""		"19039.153374"	"33773.6219"	"6d.7s2.7p"	"3P*"	"2"	""	""	"1"		""	"L12239"	
"678.773665"	"678.773646"	"1100"	""		"14204.26476"	"28932.65158"	"6d3.(2G).7s"	""	"5"	""	"*"	"4"		""	"L18702"	
"678.8180"	"678.818322"	"310"	""		"18699.62342"	"33427.0409"	"5f.7s2.7p"	"3F"	"2"	""	"*"	"2"		""	"L3552"	
"678.8343"	"678.834744"	"120"	""		"18069.065569"	"32796.12677"	"6d.7s2.7p"	"1F*"	"3"	""	""	"3"		""	"L3552"	
"678.87177"	"678.871429"	"42"	""		"20423.494218"	"35149.75961"	"6d.7s2.7p"	"3P*"	"1"	""	""	"2"		""	"L12239"	
"678.884026"	"678.884020"	"1900"	""		"11197.031257"	"25923.02352"	"5f.6d.7s2"	"3H*"	"5"	"6d4"	"3H"	"4"		""	"L18702"	
"678.90042"	"678.900446"	"99"	""		"18011.38030"	"32737.01627"	"5f.6d2.7s"	"5H*"	"5"	""	""	"5"		""	"L5951"	
"679.123497"	"679.123504"	"1800"	""		"8800.249723"	"23521.04909"	"6d3.(4F).7s"	"5F"	"4"	""	"*"	"3"		""	"L18702"	
"679.2674"	"679.267754"	"15"	""		"18809.88631"	"33527.55959"	"6d2.7s.7p"	"5G*"	"4"	""	""	"4"		""	"L12239"	
"679.2900"	"679.289911"	"92"	""		"19713.03109"	"34430.2243"	"6d3.(2F).7s"	"3F"	"3"	""	"*"	"3"		""	"L3552"	
"679.3714"	"679.371388"	"33"	""		"21903.40831"	"36618.8365"	"5f.6d2.7s"	"5H*"	"7"	""	""	"7"		""	"L12239"	
"679.4799"	"679.479811"	"15"	""		"19588.36224"	"34301.44234"	"6d2.7s.7p"	"5G*"	"5"	""	""	"4"		""	"L12239"	
"679.49672"	"679.496698"	"45"	""		"21165.098037"	"35877.8125"	"5f.6d.7s2"	"3D*"	"3"	"6d4"	""	"2"		""	"L12239"	
"679.50494"	"679.504981"	"120"	""		"18069.065569"	"32781.60068"	"6d.7s2.7p"	"1F*"	"3"	""	""	"4"		""	"L12239"	
"679.57982"	"679.579838"	"110"	""		"13962.51989"	"28673.43441"	"6d3.(2D2).7s"	""	"1"	""	"*"	"2"		""	"L5951"	
"679.84868"	"679.848744"	"390"	""		"11802.93238"	"26508.02820"	"6d3.(4P).7s"	"5P"	"2"	""	"*"	"3"		""	"L5951"	
"679.87453"	"679.874601"	"82"	""		"17847.07751"	"32551.61408"	"5f.6d.7s2"	"3P*"	"2"	""	""	"3"		""	"L18702"	
"680.04645"	"680.046417"	"130"	""		"17501.17592"	"32201.99736"	"5f.6d2.7s"	"5I*"	"5"	""	""	"5"		""	"L5951"	
"680.2410"	"680.24136"	"18"	""		"20724.39599"	"35421.0046"	""	"*"	"0"	""	""	"1"		""	"L3552"	
"680.27855"	"680.278581"	"140"	""		"13088.56115"	"27784.36557"	"6d3.(2G).7s"	"3G"	"3"	""	"*"	"2"		""	"L12239"	
"680.3178"	"680.31757"	"9"	""		"25405.16237"	"40100.1245"	"5f.6d.7s.7p"	"5H"	"4"	""	"*"	"3"		""	"L12239"	
"680.3304"	"680.329490"	"30"	""		"18614.33811"	"33309.04285"	"6d2.7s.7p"	"5D*"	"1"	""	""	"2"		""	"L12239"	
"680.54678"	"680.546797"	"140"	""		"17224.302340"	"31914.3149"	"6d2.7s.7p"	"5F*"	"2"	""	""	"1"		""	"L12239"	
"680.57513"	"680.574973"	"160"	""		"15863.88829"	"30553.29269"	"6d3.(2D2).7s"	""	"2"	""	"*"	"2"		""	"L5951"	
"680.7114"	"680.711481"	"22"	""		"22399.39666"	"37085.8553"	"5f.6d2.7s"	"3I*"	"5"	""	""	"4"		""	"L12239"	
"680.73190"	"680.731857"	"150"	""		"11601.03035"	"26287.04940"	"6d3.(4P).7s"	"5P"	"1"	"6d2.7s.7p"	"3D*"	"1"		""	"L5951"	
"680.7810"	"680.78192"	"14"	""		"23990.41162"	"38675.3508"	"5f.6d.7s.7p"	"5F"	"2"	""	"*"	"3"		""	"L12239"	
"680.91000"	"680.910056"	"500"	""		"19039.153374"	"33721.32901"	"6d.7s2.7p"	"3P*"	"2"	""	""	"2"		""	"L5951"	
"680.93168"	"680.931701"	"460"	""		"12114.36618"	"26796.07511"	"5f.6d.7s2"	"1D*"	"2"	""	""	"3"		""	"L18702"	
"680.95094"	"680.950988"	"200"	""		"11241.73043"	"25923.02352"	"5f.6d.7s2"	"3F*"	"3"	"6d4"	"3H"	"4"		""	"L5951"	
"680.96773"	"680.967784"	"160"	""		"22877.58322"	"37558.5142"	""	"*"	"5"	""	""	"4"		""	"L5951"	
"681.1725"	"681.17278"	"24"	""		"22141.60454"	"36818.1174"	""	"*"	"3"	""	""	"2"		""	"L3552"	
"681.19635"	"681.196269"	"68"	""		"18930.29333"	"33606.30012"	"6d2.7s.7p"	"3G*"	"3"	""	""	"2"		""	"L12239"	
"681.24915"	"681.249174"	"370"	""		"24850.30814"	"39525.1752"	""	"3I*"	"6"	""	""	"5"		""	"L5951"	
"681.29718"	"681.29665"	"56"	""		"27591.80212"	"42265.6466"	"6d4"	"3H"	"5"	""	"*"	"4"		""	"L12239"	
"681.36126"	"681.361295"	"60"	""		"16217.482038"	"30889.93430"	"6d.7s2.7p"	"1D*"	"2"	""	""	"1"		""	"L12239"	
"681.4184"	"681.419396"	"12"	""		"21539.59257"	"36210.7938"	""	"*"	"4"	""	""	"5"		""	"L3552"	
"681.56123"	"681.561212"	"170"	""		"15166.900593"	"29835.04913"	"6d2.7s.7p"	"5G*"	"3"	""	""	"3"		""	"L5951"	
"681.6246"	"681.624584"	"300"	""		"15493.21943"	"30160.00425"	"6d3.(2H).7s"	"3H"	"4"	""	"*"	"4"		""	"L3552"	
"681.68281"	"681.683023"	"45"	""		"13847.77037"	"28513.29787"	"6d3.(4F).7s"	"3F"	"2"	""	"*"	"2"		""	"L12239"	
"681.7248"	"681.72549"	"11"	""		"22098.18793"	"36762.8018"	"5f.6d.7s.7p"	"5I"	"4"	""	"*"	"3"		""	"L3552"	
"681.7383"	"681.738480"	"19"	""		"19503.143490"	"34167.4780"	"6d2.7s.7p"	"5F*"	"3"	""	""	"3"		""	"L12239"	
"681.8531"	"681.85242"	"31"	""		"30517.10597"	"45178.9900"	""	"*"	"5"	""	""	"6"		""	"L12239"	
"681.90056"	"681.900701"	"59"	""		"7502.287636"	"22163.13360"	"6d3.(4F).7s"	"5F"	"3"	""	"*"	"4"		""	"L12239"	
"681.9560"	"681.955842"	"34"	""		"14481.86965"	"29141.53019"	"5f.6d.7s2"	"3H*"	"6"	""	""	"5"		""	"L12239"	
"681.9802"	"681.980089"	"26"	""		"20214.92997"	"34874.0693"	"6d2.7s.7p"	"5D*"	"3"	""	""	"3"		""	"L12239"	
"682.35086"	"682.350843"	"580"	""		"13297.43316"	"27948.60753"	"6d3.(2G).7s"	"3G"	"4"	""	"*"	"4"		""	"L18702"	
"682.3819"	"682.382365"	"21"	""		"19516.98043"	"34167.4780"	"6d2.7s.7p"	"5D*"	"2"	""	""	"3"		""	"L12239"	
"682.39171"	"682.392106"	"53"	""		"19532.41646"	"34182.7049"	"6d3.(2F).7s"	"3F"	"4"	""	"*"	"5"		""	"L12239"	
"682.41057"	"682.410618"	"43"	""		"19039.153374"	"33689.0444"	"6d.7s2.7p"	"3P*"	"2"	""	""	"2"		""	"L12239"	
"682.4380"	"682.438278"	"5"	""		"18809.88631"	"33459.18355"	"6d2.7s.7p"	"5G*"	"4"	"5f.6d.7s.7p"	"3H"	"4"		""	"L3552"	
"682.467741"	"682.467739"	"2300"	""		"11241.73043"	"25890.39529"	"5f.6d.7s2"	"3F*"	"3"	""	""	"2"		""	"L18702"	
"682.6032"	"682.60340"	"15"	""		"29733.32304"	"44379.0767"	""	"*"	"5"	""	""	"5"		""	"L12239"	
"682.6296"	"682.630238"	"2900"	""		"22163.13360"	"36808.3114"	""	"*"	"4"	""	""	"3"		""	"L3552"	
"682.8213"	"682.821421"	"38"	""		"18069.065569"	"32710.14290"	"6d.7s2.7p"	"1F*"	"3"	""	""	"2"		""	"L12239"	
"682.903537"	"682.903533"	"4400"	""		"7502.287636"	"22141.60454"	"6d3.(4F).7s"	"5F"	"3"	""	"*"	"3"		""	"L18702"	
"682.9212"	"682.922135"	"46"	""		"17073.80916"	"31712.7273"	"6d3.(4P).7s"	""	"1"	""	"*"	"1"		""	"L3552"	
"682.93472"	"682.934729"	"290"	""		"14206.91694"	"28845.56513"	"5f.6d.7s2"	"3F*"	"4"	"5f.6d.7s.7p"	"5H"	"4"		""	"L5951"	
"683.12532"	"683.125501"	"56"	""		"18930.29333"	"33564.85352"	"6d2.7s.7p"	"3G*"	"3"	""	""	"3"		""	"L12239"	
"683.1621"	"683.16312"	"11"	""		"22141.60454"	"36775.3589"	""	"*"	"3"	""	""	"3"		""	"L3552"	
"683.33787"	"683.338000"	"45"	""		"17411.224415"	"32041.23370"	"6d.7s2.7p"	"3D*"	"3"	""	""	"2"		""	"L12239"	
"683.3697"	"683.369976"	"17"	""		"21645.85769"	"36275.1824"	"6d3.(2G).7s"	""	"4"	""	"*"	"5"		""	"L3552"	
"683.4585"	"683.459126"	"5"	""		"19817.18191"	"34444.5984"	"6d2.7s.7p"	"5P*"	"1"	""	""	"2"		""	"L3552"	
"683.4780"	"683.476479"	"28"	""		"20522.71449"	"35149.75961"	"6d2.7s.7p"	"3F*"	"2"	""	""	"2"		""	"L3552"	
"683.492448"	"683.492446"	"9800"	""		"4961.658832"	"19588.36224"	"6d2.7s2"	"3F"	"4"	"6d2.7s.7p"	"5G*"	"5"		""	"L18702"	
"683.50602"	"683.505907"	"210"	""		"11877.839132"	"26504.25448"	"6d.7s2.7p"	"3D*"	"1"	"6d3.(2D1).7s"	"1D"	"2"		""	"L18702"	
"683.59134"	"683.591365"	"72"	""		"16346.64962"	"30971.23650"	"5f.6d2.7s"	"5H*"	"4"	""	""	"4"		""	"L5951"	
"683.6198"	"683.619803"	"14"	""		"23032.986182"	"37656.9647"	"5f.7s2.7p"	"3G"	"4"	""	"*"	"3"		""	"L12239"	
"683.6651"	"683.66547"	"17"	""		"22508.04658"	"37131.0482"	"6d2.7s.7p"	"5P*"	"2"	""	""	"3"		""	"L3552"	
"683.6879"	"683.687659"	"28"	""		"20423.494218"	"35046.0213"	"6d.7s2.7p"	"3P*"	"1"	""	"5F"	"1"		""	"L12239"	
"683.74965"	"683.749729"	"130"	""		"20322.26571"	"34943.46540"	"5f.6d.7s2"	"1H*"	"5"	""	""	"6"		""	"L5951"	
"683.8902"	"683.890982"	"46"	""		"22163.13360"	"36781.3134"	""	"*"	"4"	""	""	"5"		""	"L3552"	
"683.8979"	"683.899191"	"11"	""		"16346.64962"	"30964.65395"	"5f.6d2.7s"	"5H*"	"4"	""	""	"3"		""	"L3552"	
"683.92949"	"683.929456"	"110"	""		"13945.307389"	"28562.66485"	"6d.7s2.7p"	"3F*"	"3"	""	""	"4"		""	"L5951"	
"684.0899"	"684.090650"	"10"	""		"21575.03713"	"36188.9503"	"6d3.(2P).7s"	""	"2"	""	"*"	"2"		""	"L3552"	
"684.1690"	"684.16967"	"54"	""		"22163.13360"	"36775.3589"	""	"*"	"4"	""	""	"3"		""	"L3552"	
"684.1962"	"684.197058"	"43"	""		"18431.686609"	"33043.3270"	"5f.7s2.7p"	"3G"	"3"	""	"*"	"3"		""	"L3552"	
"684.27341"	"684.273443"	"190"	""		"7280.123222"	"21890.13254"	"6d2.7s2"	""	"2"	""	"*"	"3"		""	"L12239"	
"684.3556"	"684.356588"	"16"	""		"18809.88631"	"33418.1206"	"6d2.7s.7p"	"5G*"	"4"	"6d4"	""	"4"		""	"L3552"	
"684.5379"	"684.53813"	"25"	""		"26096.98491"	"40701.3450"	""	"*"	"3"	""	""	"4"		""	"L12239"	
"684.64790"	"684.647890"	"370"	""		"11877.839132"	"26479.8580"	"6d.7s2.7p"	"3D*"	"1"	"6d4"	""	"0"		""	"L18702"	
"684.66135"	"684.661271"	"85"	""		"17411.224415"	"32012.95790"	"6d.7s2.7p"	"3D*"	"3"	""	""	"4"		""	"L5951"	
"684.7526"	"684.753146"	"11"	""		"12847.96912"	"27447.74347"	"6d3.(4P).7s"	"5P"	"3"	""	"*"	"2"		""	"L12239"	
"684.7619"	"684.761726"	"16"	""		"23355.37327"	"37954.9647"	"6d4"	"5D"	"3"	""	"*"	"3"		""	"L12239"	
"684.7996"	"684.799823"	"8"	""		"18809.88631"	"33408.66553"	"6d2.7s.7p"	"5G*"	"4"	""	""	"3"		""	"L12239"	
"684.8279"	"684.829219"	"10"	""		"21738.05013"	"36336.2027"	"5f.6d2.7s"	"5G*"	"2"	""	""	"3"		""	"L3552"	
"684.8697"	"684.870801"	"16"	""		"18930.29333"	"33527.55959"	"6d2.7s.7p"	"3G*"	"3"	""	""	"4"		""	"L3552"	
"685.0111"	"685.011079"	"43"	""		"21594.67329"	"36188.9503"	"6d3.(2F).7s"	"1F"	"3"	""	"*"	"2"		""	"L3552"	
"685.06938"	"685.06919"	"69"	""		"29552.51939"	"44145.5585"	"5f.6d.7s.7p"	"5H"	"6"	""	"*"	"6"		""	"L12239"	
"685.2099"	"685.210395"	"5"	""		"21143.42198"	"35733.4538"	"6d3.(2H).7s"	"1H"	"5"	""	"*"	"4"		""	"L3552"	
"685.23545"	"685.235466"	"160"	""		"15166.900593"	"29756.39860"	"6d2.7s.7p"	"5G*"	"3"	""	""	"4"		""	"L5951"	
"685.35238"	"685.352372"	"420"	""		"16554.24283"	"31141.25221"	"6d3.(2H).7s"	"3H"	"6"	""	"*"	"5"		""	"L18702"	
"685.410890"	"685.410887"	"870"	""		"13088.56115"	"27674.32522"	"6d3.(2G).7s"	"3G"	"3"	""	"*"	"2"		""	"L18702"	
"685.42497"	"685.425009"	"75"	""		"23769.87615"	"38355.3397"	"5f.6d.7s.7p"	"5F"	"1"	""	"*"	"2"		""	"L5951"	
"685.4870"	"685.48709"	"20"	""		"26113.26894"	"40697.4116"	""	"*"	"2"	""	""	"2 or 3"		""	"L12239"	
"685.53150"	"685.531546"	"450"	""		"15970.09583"	"30553.29269"	"6d3.(2D2).7s"	""	"3"	""	"*"	"2"		""	"L5951"	
"685.56891"	"685.568978"	"200"	""		"13088.56115"	"27670.96178"	"6d3.(2G).7s"	"3G"	"3"	""	"*"	"3"		""	"L5951"	
"685.7418"	"685.743655"	"8"	""		"21252.60286"	"35831.2890"	""	"*"	"2"	""	""	"3"		""	"L12239"	
"685.8317"	"685.832481"	"5"	""		"16351.93901"	"30928.7370"	"6d2.7s2"	""	"0"	""	"*"	"1"		""	"L3552"	
"685.8924"	"685.89388"	"17"	""		"20922.12244"	"35497.6156"	""	"*"	"2"	""	""	"2"		""	"L12239"	
"685.9899"	"685.99056"	"5"	""		"27191.36326"	"41764.8023"	"5f.6d.7s.7p"	"5G"	"5"	""	"*"	"5"		""	"L12239"	
"686.2758"	"686.27490"	"14"	""		"25690.47345"	"40257.8744"	""	"*"	"5"	""	""	"4"		""	"L12239"	
"686.28685"	"686.286872"	"150"	""		"19039.153374"	"33606.30012"	"6d.7s2.7p"	"3P*"	"2"	""	""	"2"		""	"L5951"	
"686.3096"	"686.309093"	"21"	""		"20522.71449"	"35089.38959"	"6d2.7s.7p"	"3F*"	"2"	""	""	"3"		""	"L12239"	
"686.5396"	"686.53969"	"15"	""		"25753.93805"	"40315.7205"	""	"*"	"5"	""	""	"4"		""	"L12239"	
"686.61573"	"686.615748"	"300"	""		"11802.93238"	"26363.10178"	"6d3.(4P).7s"	"5P"	"2"	""	"*"	"2"		""	"L18702"	
"686.636649"	"686.636636"	"860"	""		"6362.395980"	"20922.12244"	"6d3.(4F).7s"	"5F"	"2"	""	"*"	"2"		""	"L18702"	
"686.676327"	"686.676340"	"980"	""		"8111.004545"	"22669.88918"	"6d2.7s2"	"1G"	"4"	""	"*"	"3"		""	"L18702"	
"686.845095"	"686.845086"	"1100"	""		"13297.43316"	"27852.74095"	"6d3.(2G).7s"	"3G"	"4"	""	"*"	"5"		""	"L18702"	
"687.0239"	"687.024295"	"36"	""		"26096.98491"	"40648.4960"	""	"*"	"3"	""	""	"4"		""	"L12239"	
"687.07261"	"687.072623"	"500"	""		"17166.10472"	"31716.59227"	"6d3.(2H).7s"	"3H"	"5"	""	"*"	"5"		""	"L5951"	
"687.0807"	"687.081855"	"9"	""		"17224.302340"	"31774.59439"	"6d2.7s.7p"	"5F*"	"2"	""	""	"3"		""	"L3552"	
"687.0911"	"687.090889"	"9"	""		"21539.59257"	"36089.6933"	""	"*"	"4"	""	""	"4"		""	"L3552"	
"687.09888"	"687.098852"	"290"	""		"15736.968041"	"30286.90016"	"6d2.7s.7p"	"5F*"	"1"	""	""	"1"		""	"L5951"	
"687.2234"	"687.223516"	"37"	""		"15970.09583"	"30517.38856"	"6d3.(2D2).7s"	""	"3"	""	"*"	"4"		""	"L3552"	
"687.40920"	"687.409221"	"260"	""		"23015.15141"	"37558.5142"	""	"*"	"5"	""	""	"4"		""	"L5951"	
"687.42032"	"687.420333"	"68"	""		"16783.84708"	"31326.97478"	"5f.6d2.7s"	"5I*"	"4"	""	""	"4"		""	"L12239"	
"687.475282"	"687.475284"	"2900"	""		"2869.259165"	"17411.224415"	"6d2.7s2"	"3F"	"3"	"6d.7s2.7p"	"3D*"	"3"		""	"L18702"	
"687.49789"	"687.498005"	"170"	""		"4961.658832"	"19503.143490"	"6d2.7s2"	"3F"	"4"	"6d2.7s.7p"	"5F*"	"3"		""	"L12239"	
"687.5440"	"687.543153"	"9"	""		"16217.482038"	"30758.01183"	"6d.7s2.7p"	"1D*"	"2"	""	""	"2"		""	"L3552"	
"687.62926"	"687.629006"	"47"	""		"21890.13254"	"36428.8469"	""	"*"	"3"	""	""	"2"		""	"L12239"	
"687.7469"	"687.746282"	"9"	""		"20054.77119"	"34591.0064"	"6d3.(2F).7s"	"3F"	"2"	""	"*"	"1"		""	"L3552"	
"687.80435"	"687.804447"	"110"	""		"23201.98997"	"37736.9959"	"5f.6d.7s.7p"	"5G"	"3"	""	"*"	"2"		""	"L5951"	
"687.8406"	"687.84060"	"32"	""		"26048.54211"	"40582.7840"	""	"*"	"4"	""	""	"5"		""	"L12239"	
"687.9376"	"687.93811"	"4"	""		"21645.85769"	"36178.0396"	"6d3.(2G).7s"	""	"4"	""	"*"	"4"		""	"L3552"	
"688.07745"	"688.077268"	"100"	""		"16554.24283"	"31083.4857"	"6d3.(2H).7s"	"3H"	"6"	""	"*"	"6"		""	"L5951"	
"688.0945"	"688.093970"	"4"	""		"18930.29333"	"33459.18355"	"6d2.7s.7p"	"3G*"	"3"	"5f.6d.7s.7p"	"3H"	"4"		""	"L3552"	
"688.1250"	"688.125149"	"23"	""		"20054.77119"	"34583.0031"	"6d3.(2F).7s"	"3F"	"2"	""	"*"	"3"		""	"L3552"	
"688.1674"	"688.167383"	"23"	""		"19273.28060"	"33800.6209"	"6d3.(2P).7s"	""	"2"	""	"*"	"3"		""	"L3552"	
"688.1932"	"688.193324"	"9"	""		"20322.26571"	"34849.05842"	"5f.6d.7s2"	"1H*"	"5"	""	""	"5"		""	"L3552"	
"688.28108"	"688.281087"	"490"	""		"13847.77037"	"28372.71076"	"6d3.(4F).7s"	"3F"	"2"	""	"*"	"1"		""	"L18702"	
"688.31374"	"688.313745"	"130"	""		"15490.077832"	"30014.32907"	"5f.6d.7s2"	"3G*"	"5"	"6d4"	""	"4"		""	"L5951"	
"688.33147"	"688.331465"	"410"	""		"15493.21943"	"30017.09677"	"6d3.(2H).7s"	"3H"	"4"	""	"*"	"3"		""	"L5951"	
"688.38400"	"688.384150"	"77"	""		"20566.62381"	"35089.38959"	"6d2.7s.7p"	"5D*"	"4"	""	""	"3"		""	"L12239"	
"688.5721"	"688.573208"	"4"	""		"20922.12244"	"35440.9008"	""	"*"	"2"	"6d4"	""	"3"		""	"L3552"	
"688.5964"	"688.596985"	"9"	""		"17411.224415"	"31929.50145"	"6d.7s2.7p"	"3D*"	"3"	""	""	"3"		""	"L3552"	
"688.640794"	"688.640819"	"1400"	""		"3865.473772"	"18382.82669"	"6d2.7s2"	"3P"	"1"	"6d2.7s.7p"	"5D*"	"0"		""	"L18702"	
"688.81606"	"688.815963"	"100"	""		"15618.98461"	"30132.64625"	"5f.6d2.7s"	"5H*"	"3"	""	""	"2"		""	"L5951"	
"688.88347"	"688.883508"	"160"	""		"11601.03035"	"26113.26894"	"6d3.(4P).7s"	"5P"	"1"	""	"*"	"2"		""	"L5951"	
"688.90513"	"688.905183"	"59"	""		"17501.17592"	"32012.95790"	"5f.6d2.7s"	"5I*"	"5"	""	""	"4"		""	"L12239"	
"689.22502"	"689.225092"	"410"	""		"17166.10472"	"31671.1510"	"6d3.(2H).7s"	"3H"	"5"	""	"*"	"4"		""	"L5951"	
"689.2780"	"689.27784"	"4"	""		"25753.93805"	"40257.8744"	""	"*"	"5"	""	""	"4"		""	"L12239"	
"689.3615"	"689.361550"	"31"	""		"20543.84624"	"35046.0213"	"6d.7s2.7p"	"3P*"	"0"	""	"5F"	"1"		""	"L12239"	
"689.42303"	"689.423043"	"120"	""		"10414.13700"	"24915.01853"	"5f.6d.7s2"	"1G*"	"4"	"6d3.(2D1).7s"	"3D"	"3"		""	"L5951"	
"689.5116"	"689.511337"	"38"	""		"21575.03713"	"36074.0618"	"6d3.(2P).7s"	""	"2"	""	"*"	"3"		""	"L3552"	
"689.5227"	"689.523018"	"47"	""		"19948.395175"	"34447.17423"	"6d2.7s.7p"	"5F*"	"4"	""	""	"4"		""	"L3552"	
"689.70031"	"689.70124"	"49"	""		"28140.86799"	"42635.9006"	""	"*"	"4"	""	""	"5"		""	"L12239"	
"689.7277"	"689.727764"	"95"	""		"17501.17592"	"31995.65103"	"5f.6d2.7s"	"5I*"	"5"	""	""	"4"		""	"L3552"	
"690.00059"	"689.999596"	"100"	""		"24274.71139"	"38763.4763"	""	"*"	"5"	""	""	"5"		""	"L12239"	
"690.04434"	"690.044252"	"110"	""		"18930.29333"	"33418.1206"	"6d2.7s.7p"	"3G*"	"3"	"6d4"	""	"4"		""	"L5951"	
"690.07632"	"690.076290"	"290"	""		"16783.84708"	"31271.00174"	"5f.6d2.7s"	"5I*"	"4"	""	""	"5"		""	"L5951"	
"690.10162"	"690.10174"	"120"	""		"21645.85769"	"36132.4781"	"6d3.(2G).7s"	""	"4"	""	"*"	"5"		""	"L12239"	
"690.22105"	"690.221015"	"230"	""		"11802.93238"	"26287.04940"	"6d3.(4P).7s"	"5P"	"2"	"6d2.7s.7p"	"3D*"	"1"		""	"L5951"	
"690.2767"	"690.276932"	"9"	""		"19948.395175"	"34431.3389"	"6d2.7s.7p"	"5F*"	"4"	""	""	"3"		""	"L3552"	
"690.2957"	"690.295769"	"47"	""		"18069.065569"	"32551.61408"	"6d.7s2.7p"	"1F*"	"3"	""	""	"3"		""	"L3552"	
"690.3317"	"690.331974"	"38"	""		"16783.84708"	"31265.63604"	"5f.6d2.7s"	"5I*"	"4"	""	""	"3"		""	"L3552"	
"690.4082"	"690.409749"	"6"	""		"26096.98491"	"40577.1425"	""	"*"	"3"	""	""	"3"		""	"L12239"	
"690.44592"	"690.446421"	"98"	""		"21594.67329"	"36074.0618"	"6d3.(2F).7s"	"1F"	"3"	""	"*"	"3"		""	"L12239"	
"690.4578"	"690.457717"	"240"	""		"17959.89498"	"32439.0466"	"6d3.(4F).7s"	"3F"	"4"	""	"*"	"4"		""	"L3552"	
"690.49580"	"690.494887"	"110"	""		"18930.29333"	"33408.66553"	"6d2.7s.7p"	"3G*"	"3"	""	""	"3"		""	"L12239"	
"690.58562"	"690.585546"	"99"	""		"14204.26476"	"28680.73627"	"6d3.(2G).7s"	""	"5"	""	"*"	"4"		""	"L12239"	
"690.65885"	"690.65910"	"63"	""		"28680.73627"	"43155.6660"	""	"*"	"4"	""	""	"5"		""	"L12239"	
"690.86156"	"690.86105"	"71"	""		"22401.20793"	"36871.9066"	"6d3.(2P).7s"	""	"1"	""	"*"	"2"		""	"L12239"	
"690.89905"	"690.898947"	"180"	""		"9804.806547"	"24274.71139"	"6d3.(4F).7s"	"5F"	"5"	""	"*"	"5"		""	"L5951"	
"690.92195"	"690.922029"	"87"	""		"12847.96912"	"27317.39056"	"6d3.(4P).7s"	"5P"	"3"	""	"*"	"3"		""	"L5951"	
"691.122620"	"691.122620"	"25000"	""		"0.000000"	"14465.221873"	"6d2.7s2"	"3F"	"2"	"6d2.7s.7p"	"5G*"	"2"		""	"L18702"	
"691.2694"	"691.269145"	"9"	""		"18699.62342"	"33161.7792"	"5f.7s2.7p"	"3F"	"2"	""	"*"	"1"		""	"L3552"	
"691.3173"	"691.31679"	"9"	""		"22669.88918"	"37131.0482"	""	"*"	"3"	""	""	"3"		""	"L3552"	
"691.47127"	"691.471339"	"150"	""		"7280.123222"	"21738.05013"	"6d2.7s2"	""	"2"	"5f.6d2.7s"	"5G*"	"2"		""	"L5951"	
"691.612854"	"691.612879"	"1400"	""		"9804.806547"	"24259.77463"	"6d3.(4F).7s"	"5F"	"5"	""	"*"	"4"		""	"L18702"	
"691.9415"	"691.939856"	"4"	""		"22855.29928"	"37303.4367"	""	"*"	"3"	""	""	"4"		""	"L3552"	
"692.00394"	"692.003948"	"230"	""		"18011.38030"	"32458.17957"	"5f.6d2.7s"	"5H*"	"5"	""	""	"4"		""	"L5951"	
"692.0391"	"692.038874"	"23"	""		"21890.13254"	"36336.2027"	""	"*"	"3"	""	""	"3"		""	"L3552"	
"692.0834"	"692.083719"	"4"	""		"19273.28060"	"33718.4147"	"6d3.(2P).7s"	""	"2"	""	"*"	"2"		""	"L3552"	
"692.46611"	"692.466080"	"74"	""		"13175.113345"	"27612.27129"	"5f.6d.7s2"	"3G*"	"4"	"6d4"	"3G"	"3"		""	"L5951"	
"692.5040"	"692.50416"	"18"	""		"22338.99484"	"36775.3589"	"5f.6d2.7s"	"5G*"	"3"	""	""	"3"		""	"L3552"	
"692.5566"	"692.556847"	"37"	""		"14243.993748"	"28679.25957"	"5f.6d.7s2"	"3P*"	"1"	""	""	"2"		""	"L3552"	
"692.6311"	"692.633027"	"9"	""		"16217.482038"	"30651.16019"	"6d.7s2.7p"	"1D*"	"2"	"6d4"	""	"3"		""	"L3552"	
"692.7721"	"692.771774"	"9"	""		"18431.686609"	"32862.47402"	"5f.7s2.7p"	"3G"	"3"	""	"*"	"4"		""	"L3552"	
"692.8959"	"692.895813"	"13"	""		"21645.85769"	"36074.0618"	"6d3.(2G).7s"	""	"4"	""	"*"	"3"		""	"L3552"	
"693.1784"	"693.178453"	"13"	""		"14226.82045"	"28649.14156"	"6d3.(2P).7s"	""	"0"	""	"*"	"1"		""	"L3552"	
"693.2227"	"693.222554"	"69"	""		"19986.16721"	"34407.57081"	"5f.6d2.7s"	"5H*"	"6"	""	""	"6"		""	"L3552"	
"693.3836"	"693.383433"	"9"	""		"12847.96912"	"27266.02670"	"6d3.(4P).7s"	"5P"	"3"	""	"*"	"4"		""	"L3552"	
"693.42294"	"693.422968"	"460"	""		"14465.221873"	"28882.45742"	"6d2.7s.7p"	"5G*"	"2"	""	""	"2"		""	"L5951"	
"693.42842"	"693.428448"	"260"	""		"15863.88829"	"30281.0099"	"6d3.(2D2).7s"	""	"2"	""	"*"	"1"		""	"L5951"	
"693.4488"	"693.449267"	"69"	""		"13175.113345"	"27591.80212"	"5f.6d.7s2"	"3G*"	"4"	"6d4"	"3H"	"5"		""	"L3552"	
"693.4839"	"693.484029"	"18"	""		"22669.88918"	"37085.8553"	""	"*"	"3"	""	""	"4"		""	"L3552"	
"693.6223"	"693.622503"	"46"	""		"13945.307389"	"28358.39555"	"6d.7s2.7p"	"3F*"	"3"	""	""	"3"		""	"L3552"	
"693.66528"	"693.665301"	"310"	""		"12847.96912"	"27260.16801"	"6d3.(4P).7s"	"5P"	"3"	""	"*"	"3"		""	"L5951"	
"693.7033"	"693.702827"	"37"	""		"21165.098037"	"35576.5173"	"5f.6d.7s2"	"3D*"	"3"	""	""	"3"		""	"L3552"	
"693.7618"	"693.761962"	"46"	""		"13962.51989"	"28372.71076"	"6d3.(2D2).7s"	""	"1"	""	"*"	"1"		""	"L3552"	
"694.03323"	"694.033079"	"90"	""		"18053.617845"	"32458.17957"	"6d.7s2.7p"	"3F*"	"4"	""	""	"4"		""	"L5951"	
"694.15687"	"694.156936"	"74"	""		"24850.30814"	"39252.2997"	""	"3I*"	"6"	""	""	"5"		""	"L5951"	
"694.253779"	"694.253800"	"710"	""		"7502.287636"	"21902.26981"	"6d3.(4F).7s"	"5F"	"3"	"5f.6d2.7s"	"3H*"	"4"		""	"L18702"	
"694.361047"	"694.361046"	"14000"	""		"9804.806547"	"24202.56462"	"6d3.(4F).7s"	"5F"	"5"	""	"*"	"4"		""	"L18702"	
"694.46147"	"694.461366"	"71"	""		"15736.968041"	"30132.64625"	"6d2.7s.7p"	"5F*"	"1"	""	""	"2"		""	"L5951"	
"694.4773"	"694.477467"	"36"	""		"15618.98461"	"30014.32907"	"5f.6d2.7s"	"5H*"	"3"	"6d4"	""	"4"		""	"L3552"	
"694.4926"	"694.492832"	"9"	""		"21902.26981"	"36297.2958"	"5f.6d2.7s"	"3H*"	"4"	""	""	"4"		""	"L3552"	
"694.549018"	"694.549017"	"1300"	""		"8243.602091"	"22637.46361"	"5f.6d.7s2"	"3F*"	"2"	"5f.7s2.7p"	"3F"	"3"		""	"L18702"	
"694.62134"	"694.621301"	"160"	""		"15618.98461"	"30011.34827"	"5f.6d2.7s"	"5H*"	"3"	""	""	"3"		""	"L5951"	
"694.6599"	"694.659957"	"230"	""		"15863.88829"	"30255.45106"	"6d3.(2D2).7s"	""	"2"	""	"*"	"3"		""	"L3552"	
"694.7783"	"694.778177"	"9"	""		"18069.065569"	"32458.17957"	"6d.7s2.7p"	"1F*"	"3"	""	""	"4"		""	"L3552"	
"694.79170"	"694.791704"	"130"	""		"7280.123222"	"21668.957072"	"6d2.7s2"	""	"2"	"6d2.7s.7p"	"5P*"	"1"		""	"L5951"	
"694.8090"	"694.809075"	"340"	""		"10526.544406"	"24915.01853"	"5f.6d.7s2"	"3G*"	"3"	"6d3.(2D1).7s"	"3D"	"3"		""	"L3552"	
"694.82050"	"694.820520"	"600"	""		"15493.21943"	"29881.45655"	"6d3.(2H).7s"	"3H"	"4"	""	"*"	"4"		""	"L18702"	
"694.83942"	"694.839461"	"240"	""		"7502.287636"	"21890.13254"	"6d3.(4F).7s"	"5F"	"3"	""	"*"	"3"		""	"L5951"	
"694.9754"	"694.975558"	"45"	""		"13962.51989"	"28347.54723"	"6d3.(2D2).7s"	""	"1"	""	"*"	"2"		""	"L3552"	
"695.1259"	"695.125873"	"22"	""		"22399.39666"	"36781.3134"	"5f.6d2.7s"	"3I*"	"5"	""	""	"5"		""	"L3552"	
"695.1654"	"695.166396"	"92"	""		"3687.987189"	"18069.065569"	"6d2.7s2"	""	"2"	"6d.7s2.7p"	"1F*"	"3"		""	"L3552"	
"695.4387"	"695.438424"	"9"	""		"20054.77119"	"34430.2243"	"6d3.(2F).7s"	"3F"	"2"	""	"*"	"3"		""	"L3552"	
"695.46557"	"695.465624"	"570"	""		"6362.395980"	"20737.28686"	"6d3.(4F).7s"	"5F"	"2"	""	"*"	"1"		""	"L18702"	
"695.53151"	"695.531538"	"160"	""		"13297.43316"	"27670.96178"	"6d3.(2G).7s"	"3G"	"4"	""	"*"	"3"		""	"L5951"	
"695.6113"	"695.611634"	"4"	""		"16351.93901"	"30723.8126"	"6d2.7s2"	""	"0"	""	"*"	"1"		""	"L3552"	
"696.23117"	"696.231182"	"250"	""		"15490.077832"	"29849.16255"	"5f.6d.7s2"	"3G*"	"5"	""	""	"4"		""	"L5951"	
"696.28631"	"696.286337"	"90"	""		"16783.84708"	"31141.79438"	"5f.6d2.7s"	"5I*"	"4"	"6d4"	"3D"	"3"		""	"L5951"	
"696.3930"	"696.393013"	"230"	""		"14206.91694"	"28562.66485"	"5f.6d.7s2"	"3F*"	"4"	""	""	"4"		""	"L3552"	
"696.4271"	"696.427201"	"230"	""		"2869.259165"	"17224.302340"	"6d2.7s2"	"3F"	"3"	"6d2.7s.7p"	"5F*"	"2"		""	"L3552"	
"696.59379"	"696.593789"	"300"	""		"19039.153374"	"33390.76362"	"6d.7s2.7p"	"3P*"	"2"	""	""	"1"		""	"L5951"	
"696.6064"	"696.606188"	"13"	""		"20522.71449"	"34874.0693"	"6d2.7s.7p"	"3F*"	"2"	""	""	"3"		""	"L3552"	
"696.6905"	"696.691153"	"13"	""		"22399.39666"	"36749.00126"	"5f.6d2.7s"	"3I*"	"5"	""	""	"6"		""	"L3552"	
"696.92976"	"696.929792"	"180"	""		"15863.88829"	"30208.5794"	"6d3.(2D2).7s"	""	"2"	""	"*"	"2"		""	"L5951"	
"696.9779"	"696.977774"	"9"	""		"18699.62342"	"33043.3270"	"5f.7s2.7p"	"3F"	"2"	""	"*"	"3"		""	"L3552"	
"697.4381"	"697.43789"	"4"	""		"24664.72970"	"38998.9704"	"5f.6d.7s.7p"	"5F"	"3"	""	"*"	"3"		""	"L3552"	
"697.4446"	"697.444419"	"45"	""		"22877.58322"	"37211.6898"	""	"*"	"5"	""	""	"5"		""	"L3552"	
"697.6839"	"697.68295"	"9"	""		"22098.18793"	"36427.3939"	"5f.6d.7s.7p"	"5I"	"4"	""	"*"	"3"		""	"L3552"	
"697.7061"	"697.705545"	"13"	""		"19503.143490"	"33831.88538"	"6d2.7s.7p"	"5F*"	"3"	""	""	"4"		""	"L3552"	
"697.7462"	"697.746004"	"110"	""		"13945.307389"	"28273.21842"	"6d.7s2.7p"	"3F*"	"3"	""	""	"2"		""	"L3552"	
"697.82383"	"697.823970"	"82"	""		"14032.085336"	"28358.39555"	"6d.7s2.7p"	"3D*"	"2"	""	""	"3"		""	"L5951"	
"697.8753"	"697.874037"	"9"	""		"17959.89498"	"32285.1774"	"6d3.(4F).7s"	"3F"	"4"	""	"*"	"3"		""	"L3552"	
"697.9944"	"697.994014"	"4"	""		"18431.686609"	"32754.5067"	"5f.7s2.7p"	"3G"	"3"	""	"*"	"3"		""	"L3552"	
"698.0543"	"698.05445"	"18"	""		"25703.40095"	"40024.9810"	""	"*"	"2"	""	""	"2"		""	"L3552"	
"698.10832"	"698.108280"	"240"	""		"13175.113345"	"27495.58911"	"5f.6d.7s2"	"3G*"	"4"	"5f2.7s2"	"3H"	"4"		""	"L5951"	
"698.2608"	"698.260853"	"230"	""		"23015.15141"	"37332.4981"	""	"*"	"5"	"5f.6d2.7p "	"5K "	"6"		""	"L3552"	
"698.2752"	"698.275157"	"13"	""		"20054.77119"	"34371.8246"	"6d3.(2F).7s"	"3F"	"2"	""	"*"	"2"		""	"L3552"	
"698.3965"	"698.39609"	"22"	""		"22338.99484"	"36653.5692"	"5f.6d2.7s"	"5G*"	"3"	""	""	"2"		""	"L3552"	
"698.4585"	"698.458372"	"18"	""		"8800.249723"	"23113.54761"	"6d3.(4F).7s"	"5F"	"4"	"5f.6d2.7s"	"5G*"	"4"		""	"L3552"	
"698.4759"	"698.475840"	"22"	""		"17224.302340"	"31537.24226"	"6d2.7s.7p"	"5F*"	"2"	""	""	"3"		""	"L3552"	
"698.4952"	"698.495282"	"13"	""		"19532.41646"	"33844.9580"	"6d3.(2F).7s"	"3F"	"4"	""	"*"	"5"		""	"L3552"	
"698.5783"	"698.57813"	"45"	""		"21575.03713"	"35885.8813"	"6d3.(2P).7s"	""	"2"	""	"*"	"2"		""	"L3552"	
"698.60298"	"698.602909"	"220"	""		"11802.93238"	"26113.26894"	"6d3.(4P).7s"	"5P"	"2"	""	"*"	"2"		""	"L5951"	
"698.6159"	"698.61588"	"9"	""		"22508.04658"	"36818.1174"	"6d2.7s.7p"	"5P*"	"2"	""	""	"2"		""	"L3552"	
"698.6565"	"698.655797"	"13"	""		"21738.05013"	"36047.3034"	"5f.6d2.7s"	"5G*"	"2"	""	""	"2"		""	"L3552"	
"698.7444"	"698.744075"	"13"	""		"20566.62381"	"34874.0693"	"6d2.7s.7p"	"5D*"	"4"	""	""	"3"		""	"L3552"	
"698.7790"	"698.779035"	"90"	""		"20566.62381"	"34873.3535"	"6d2.7s.7p"	"5D*"	"4"	""	""	"4"		""	"L3552"	
"698.8871"	"698.887440"	"90"	""		"16346.64962"	"30651.16019"	"5f.6d2.7s"	"5H*"	"4"	"6d4"	""	"3"		""	"L3552"	
"698.965520"	"698.965521"	"31000"	""		"7795.275291"	"22098.18793"	"5f.6d.7s2"	"3H*"	"4"	"5f.6d.7s.7p"	"5I"	"4"		""	"L18702"	
"699.39873"	"699.398775"	"110"	""		"11802.93238"	"26096.98491"	"6d3.(4P).7s"	"5P"	"2"	""	"*"	"3"		""	"L5951"	
"699.4736"	"699.473642"	"450"	""		"17501.17592"	"31793.69851"	"5f.6d2.7s"	"5I*"	"5"	""	""	"4"		""	"L3552"	
"699.5141"	"699.514077"	"340"	""		"21539.59257"	"35831.2890"	""	"*"	"4"	""	""	"3"		""	"L3552"	
"699.6202"	"699.620278"	"36"	""		"18809.88631"	"33099.41329"	"6d2.7s.7p"	"5G*"	"4"	""	""	"3"		""	"L3552"	
"699.67573"	"699.675847"	"80"	""		"8111.004545"	"22399.39666"	"6d2.7s2"	"1G"	"4"	"5f.6d2.7s"	"3I*"	"5"		""	"L5951"	
"699.74130"	"699.741208"	"130"	""		"14243.993748"	"28531.05121"	"5f.6d.7s2"	"3P*"	"1"	"6d4"	""	"2"		""	"L5951"	
"699.8247"	"699.824590"	"450"	""		"15970.09583"	"30255.45106"	"6d3.(2D2).7s"	""	"3"	""	"*"	"3"		""	"L3552"	
"699.96238"	"699.962341"	"140"	""		"18011.38030"	"32293.92422"	"5f.6d2.7s"	"5H*"	"5"	""	""	"5"		""	"L5951"	
"700.080362"	"700.080361"	"7800"	""		"9804.806547"	"24084.94271"	"6d3.(4F).7s"	"5F"	"5"	"6d2.7s.7p"	"5G*"	"6"		""	"L18702"	
"700.288224"	"700.288279"	"990"	""		"14204.26476"	"28480.16113"	"6d3.(2G).7s"	""	"5"	""	"*"	"4"		""	"L18702"	
"700.5825"	"700.583067"	"36"	""		"19039.153374"	"33309.04285"	"6d.7s2.7p"	"3P*"	"2"	""	""	"2"		""	"L3552"	
"700.6113"	"700.611399"	"230"	""		"20054.77119"	"34324.0836"	"6d3.(2F).7s"	"3F"	"2"	""	"*"	"2"		""	"L3552"	
"700.6655"	"700.665804"	"18"	""		"19532.41646"	"33800.6209"	"6d3.(2F).7s"	"3F"	"4"	""	"*"	"3"		""	"L3552"	
"700.70961"	"700.70962"	"170"	""		"22508.04658"	"36775.3589"	"6d2.7s.7p"	"5P*"	"2"	""	""	"3"		""	"L5951"	
"701.3171"	"701.316584"	"4"	""		"18699.62342"	"32954.5879"	"5f.7s2.7p"	"3F"	"2"	""	"*"	"2"		""	"L3552"	
"701.3617"	"701.362051"	"36"	""		"5563.141519"	"19817.18191"	"6d3.(4F).7s"	"5F"	"1"	"6d2.7s.7p"	"5P*"	"1"		""	"L3552"	
"701.4873"	"701.487572"	"230"	""		"15166.900593"	"29418.39044"	"6d2.7s.7p"	"5G*"	"3"	""	""	"2"		""	"L3552"	
"701.49689"	"701.496891"	"360"	""		"15493.21943"	"29744.51997"	"6d3.(2H).7s"	"3H"	"4"	""	"*"	"3"		""	"L5951"	
"701.53172"	"701.531735"	"390"	""		"10414.13700"	"24664.72970"	"5f.6d.7s2"	"1G*"	"4"	"5f.6d.7s.7p"	"5F"	"3"		""	"L18702"	
"701.856742"	"701.856742"	"9800"	""		"0.000000"	"14243.993748"	"6d2.7s2"	"3F"	"2"	"5f.6d.7s2"	"3P*"	"1"		""	"L18702"	
"701.8784"	"701.879932"	"13"	""		"19588.36224"	"33831.88538"	"6d2.7s.7p"	"5G*"	"5"	""	""	"4"		""	"L3552"	
"701.9970"	"701.997728"	"18"	""		"14032.085336"	"28273.21842"	"6d.7s2.7p"	"3D*"	"2"	""	""	"2"		""	"L3552"	
"702.04841"	"702.048478"	"100"	""		"15493.21943"	"29733.32304"	"6d3.(2H).7s"	"3H"	"4"	""	"*"	"5"		""	"L5951"	
"702.12833"	"702.128357"	"430"	""		"15970.09583"	"30208.5794"	"6d3.(2D2).7s"	""	"3"	""	"*"	"2"		""	"L5951"	
"702.1668"	"702.167690"	"13"	""		"23655.13881"	"37892.8248"	""	"*"	"4"	"5f.6d2.7p "	"5I"	"4"		""	"L3552"	
"702.1899"	"702.190681"	"180"	""		"17959.89498"	"32197.1148"	"6d3.(4F).7s"	"3F"	"4"	""	"*"	"3"		""	"L3552"	
"702.31487"	"702.314715"	"150"	""		"19039.153374"	"33273.8588"	"6d.7s2.7p"	"3P*"	"2"	""	""	"1"		""	"L5951"	
"702.35276"	"702.352763"	"360"	""		"16554.24283"	"30788.17715"	"6d3.(2H).7s"	"3H"	"6"	""	"*"	"5"		""	"L18702"	
"702.3636"	"702.364339"	"120"	""		"11877.839132"	"26111.53886"	"6d.7s2.7p"	"3D*"	"1"	""	""	"1"		""	"L3552"	
"702.3776"	"702.378294"	"37"	""		"11802.93238"	"26036.34930"	"6d3.(4P).7s"	"5P"	"2"	""	"*"	"3"		""	"L3552"	
"702.48953"	"702.48970"	"110"	""		"20543.84624"	"34775.0059"	"6d.7s2.7p"	"3P*"	"0"	""	""	"1"		""	"L5951"	
"702.5188"	"702.519501"	"18"	""		"22855.29928"	"37085.8553"	""	"*"	"3"	""	""	"4"		""	"L3552"	
"702.5379"	"702.538166"	"4"	""		"15618.98461"	"29849.16255"	"5f.6d2.7s"	"5H*"	"3"	""	""	"4"		""	"L3552"	
"702.64617"	"702.646186"	"170"	""		"8111.004545"	"22338.99484"	"6d2.7s2"	"1G"	"4"	"5f.6d2.7s"	"5G*"	"3"		""	"L5951"	
"702.80229"	"702.802333"	"190"	""		"15736.968041"	"29961.79723"	"6d2.7s.7p"	"5F*"	"1"	""	""	"1"		""	"L5951"	
"703.13064"	"703.130730"	"130"	""		"19503.143490"	"33721.32901"	"6d2.7s.7p"	"5F*"	"3"	""	""	"2"		""	"L5951"	
"703.1469"	"703.147511"	"69"	""		"21594.67329"	"35812.5195"	"6d3.(2F).7s"	"1F"	"3"	""	"*"	"3"		""	"L3552"	
"703.2178"	"703.218599"	"69"	""		"20214.92997"	"34431.3389"	"6d2.7s.7p"	"5D*"	"3"	""	""	"3"		""	"L3552"	
"703.2350"	"703.235636"	"13"	""		"15618.98461"	"29835.04913"	"5f.6d2.7s"	"5H*"	"3"	""	""	"3"		""	"L3552"	
"703.29310"	"703.293164"	"410"	""		"8800.249723"	"23015.15141"	"6d3.(4F).7s"	"5F"	"4"	""	"*"	"5"		""	"L5951"	
"703.33588"	"703.335764"	"230*"	""		"26363.10178"	"40577.1425"	""	"*"	"2"	""	""	"3"		""	"L5951"	
"703.33588"	"703.335913"	"230*"	""		"14465.221873"	"28679.25957"	"6d2.7s.7p"	"5G*"	"2"	""	""	"2"		""	"L5951"	
"703.36524"	"703.365213"	"130"	""		"12847.96912"	"27061.41472"	"6d3.(4P).7s"	"5P"	"3"	""	"*"	"2"		""	"L5951"	
"703.62153"	"703.621277"	"110*"	""		"11601.03035"	"25809.30337"	"6d3.(4P).7s"	"5P"	"1"	""	"*"	"1"		""	"L5951"	
"703.62153"	"703.621324"	"110*"	""		"22877.58322"	"37085.8553"	""	"*"	"5"	""	""	"4"		""	"L5951"	
"703.628335"	"703.628305"	"1500"	""		"11197.031257"	"25405.16237"	"5f.6d.7s2"	"3H*"	"5"	"5f.6d.7s.7p"	"5H"	"4"		""	"L18702"	
"703.7410"	"703.741043"	"18"	""		"16346.64962"	"30552.50463"	"5f.6d2.7s"	"5H*"	"4"	""	""	"4"		""	"L3552"	
"703.7781"	"703.778377"	"36"	""		"18549.40528"	"32754.5067"	"6d3.(4P).7s"	""	"2"	""	"*"	"3"		""	"L3552"	
"703.7852"	"703.785818"	"46"	""		"17224.302340"	"31429.25358"	"6d2.7s.7p"	"5F*"	"2"	""	""	"1"		""	"L3552"	
"703.8165"	"703.815678"	"180"	""		"19516.98043"	"33721.32901"	"6d2.7s.7p"	"5D*"	"2"	""	""	"2"		""	"L3552"	
"703.87203"	"703.872152"	"85"	""		"14247.30742"	"28450.51635"	"5f.6d.7s2"	"3P*"	"0"	""	""	"1"		""	"L5951"	
"703.9877"	"703.987719"	"22"	""		"17398.39526"	"31599.2726"	"6d3.(4F).7s"	""	"3"	""	"*"	"2"		""	"L3552"	
"704.0530"	"704.052993"	"9"	""		"21890.13254"	"36089.6933"	""	"*"	"3"	""	""	"4"		""	"L3552"	
"704.2031"	"704.202883"	"13"	""		"23015.15141"	"37211.6898"	""	"*"	"5"	""	""	"5"		""	"L3552"	
"704.3228"	"704.322726"	"36"	""		"15490.077832"	"29684.20065"	"5f.6d.7s2"	"3G*"	"5"	"5f.6d.7s.7p"	"5H"	"5"		""	"L3552"	
"704.3714"	"704.371075"	"68"	""		"15493.21943"	"29686.36795"	"6d3.(2H).7s"	"3H"	"4"	""	"*"	"3"		""	"L3552"	
"704.49677"	"704.496728"	"94"	""		"18011.38030"	"32201.99736"	"5f.6d2.7s"	"5H*"	"5"	""	""	"5"		""	"L5951"	
"704.6124"	"704.611881"	"45"	""		"21252.60286"	"35440.9008"	""	"*"	"2"	"6d4"	""	"3"		""	"L3552"	
"704.7319"	"704.730942"	"9"	""		"19503.143490"	"33689.0444"	"6d2.7s.7p"	"5F*"	"3"	""	""	"2"		""	"L3552"	
"704.7762"	"704.775273"	"9"	""		"20522.71449"	"34707.7231"	"6d2.7s.7p"	"3F*"	"2"	""	""	"3"		""	"L3552"	
"704.9844"	"704.984098"	"91"	""		"16783.84708"	"30964.65395"	"5f.6d2.7s"	"5I*"	"4"	""	""	"3"		""	"L3552"	
"705.1503"	"705.150248"	"36"	""		"13088.56115"	"27266.02670"	"6d3.(2G).7s"	"3G"	"3"	""	"*"	"4"		""	"L3552"	
"705.44177"	"705.441766"	"420"	""		"13088.56115"	"27260.16801"	"6d3.(2G).7s"	"3G"	"3"	""	"*"	"3"		""	"L5951"	
"705.5660"	"705.565583"	"4"	""		"18930.29333"	"33099.41329"	"6d2.7s.7p"	"3G*"	"3"	""	""	"3"		""	"L3552"	
"705.59012"	"705.590098"	"110"	""		"13175.113345"	"27343.74101"	"5f.6d.7s2"	"3G*"	"4"	"5f.6d.7s.7p"	"5H"	"3"		""	"L5951"	
"705.6595"	"705.657858"	"46"	""		"20922.12244"	"35089.38959"	""	"*"	"2"	""	""	"3"		""	"L3552"	
"705.6885"	"705.688011"	"18"	""		"21645.85769"	"35812.5195"	"6d3.(2G).7s"	""	"4"	""	"*"	"3"		""	"L3552"	
"705.848931"	"705.848939"	"670"	""		"11241.73043"	"25405.16237"	"5f.6d.7s2"	"3F*"	"3"	"5f.6d.7s.7p"	"5H"	"4"		""	"L18702"	
"705.95253"	"705.952481"	"300"	""		"16346.64962"	"30508.00424"	"5f.6d2.7s"	"5H*"	"4"	""	""	"5"		""	"L5951"	
"706.004128"	"706.004135"	"1600"	""		"6362.395980"	"20522.71449"	"6d3.(4F).7s"	"5F"	"2"	"6d2.7s.7p"	"3F*"	"2"		""	"L18702"	
"706.065367"	"706.065376"	"3800"	""		"3687.987189"	"17847.07751"	"6d2.7s2"	""	"2"	"5f.6d.7s2"	"3P*"	"2"		""	"L18702"	
"706.13944"	"706.13934"	"440*"	""		"32686.67668"	"46844.284"	"5f.6d3"	"5I*"	"5"	""	""	"5"		""	"L18702"	
"706.13944"	"706.139410"	"440*"	""		"8243.602091"	"22401.20793"	"5f.6d.7s2"	"3F*"	"2"	"6d3.(2P).7s"	""	"1"		""	"L18702"	
"706.1607"	"706.161107"	"4"	""		"21890.13254"	"36047.3034"	""	"*"	"3"	""	""	"2"		""	"L3552"	
"706.2418"	"706.24124"	"190"	""		"22401.20793"	"36556.7725"	"6d3.(2P).7s"	""	"1"	""	"*"	"1"		""	"L3552"	
"706.3314"	"706.331268"	"37"	""		"19273.28060"	"33427.0409"	"6d3.(2P).7s"	""	"2"	""	"*"	"2"		""	"L3552"	
"706.3585"	"706.358807"	"46"	""		"15863.88829"	"30017.09677"	"6d3.(2D2).7s"	""	"2"	""	"*"	"3"		""	"L3552"	
"706.3844"	"706.383560"	"37"	""		"21252.60286"	"35405.3154"	""	"*"	"2"	""	""	"3"		""	"L3552"	
"706.445141"	"706.445153"	"1500"	""		"14206.91694"	"28358.39555"	"5f.6d.7s2"	"3F*"	"4"	""	""	"3"		""	"L18702"	
"706.62857"	"706.628600"	"200"	""		"12847.96912"	"26995.77389"	"6d3.(4P).7s"	"5P"	"3"	""	"*"	"3"		""	"L5951"	
"706.7247"	"706.724234"	"46"	""		"14226.82045"	"28372.71076"	"6d3.(2P).7s"	""	"0"	""	"*"	"1"		""	"L3552"	
"706.75103"	"706.751158"	"150"	""		"10526.544406"	"24671.89582"	"5f.6d.7s2"	"3G*"	"3"	"6d3.(2D1).7s"	"3D"	"2"		""	"L5951"	
"706.8330"	"706.832010"	"9"	""		"18431.686609"	"32575.4200"	"5f.7s2.7p"	"3G"	"3"	"6d3.7p"	"5G*"	"2"		""	"L3552"	
"707.0279"	"707.026805"	"9"	""		"21077.152101"	"35216.98873"	"6d2.7s.7p"	"5F*"	"5"	""	""	"5"		""	"L3552"	
"707.0793"	"707.07962"	"4"	""		"21594.67329"	"35733.4538"	"6d3.(2F).7s"	"1F"	"3"	""	"*"	"4"		""	"L3552"	
"707.10942"	"707.109386"	"350"	""		"10526.544406"	"24664.72970"	"5f.6d.7s2"	"3G*"	"3"	"5f.6d.7s.7p"	"5F"	"3"		""	"L5951"	
"707.14800"	"707.147965"	"250"	""		"15618.98461"	"29756.39860"	"5f.6d2.7s"	"5H*"	"3"	""	""	"4"		""	"L5951"	
"707.239312"	"707.239394"	"1200"	""		"14206.91694"	"28342.50330"	"5f.6d.7s2"	"3F*"	"4"	"5f.7s2.7p"	"3G"	"5"		""	"L18702"	
"707.42564"	"707.425725"	"110"	""		"10783.15535"	"24915.01853"	"6d.7s2.7p"	"3F*"	"2"	"6d3.(2D1).7s"	"3D"	"3"		""	"L5951"	
"707.7194"	"707.718459"	"18"	""		"17411.224415"	"31537.24226"	"6d.7s2.7p"	"3D*"	"3"	""	""	"3"		""	"L3552"	
"707.73690"	"707.736874"	"120"	""		"17501.17592"	"31626.82622"	"5f.6d2.7s"	"5I*"	"5"	""	""	"5"		""	"L5951"	
"707.7422"	"707.742463"	"240"	""		"17398.39526"	"31523.9340"	"6d3.(4F).7s"	""	"3"	""	"*"	"3"		""	"L3552"	
"707.7740"	"707.774041"	"18"	""		"20322.26571"	"34447.17423"	"5f.6d.7s2"	"1H*"	"5"	""	""	"4"		""	"L3552"	
"708.2137"	"708.213144"	"94"	""		"18549.40528"	"32665.5562"	"6d3.(4P).7s"	""	"2"	""	"*"	"1"		""	"L3552"	
"708.416896"	"708.416896"	"12000"	""		"9804.806547"	"23916.89747"	"6d3.(4F).7s"	"5F"	"5"	""	"*"	"4"		""	"L18702"	
"708.7506"	"708.74943"	"14"	""		"22669.88918"	"36775.3589"	""	"*"	"3"	""	""	"3"		""	"L3552"	
"708.8330"	"708.83277"	"37"	""		"21575.03713"	"35678.8484"	"6d3.(2P).7s"	""	"2"	""	"*"	"1"		""	"L3552"	
"708.8663"	"708.865678"	"4"	""		"19503.143490"	"33606.30012"	"6d2.7s.7p"	"5F*"	"3"	""	""	"2"		""	"L3552"	
"708.88233"	"708.882357"	"240"	""		"14243.993748"	"28346.81854"	"5f.6d.7s2"	"3P*"	"1"	""	""	"1"		""	"L5951"	
"708.9052"	"708.905188"	"37"	""		"11601.03035"	"25703.40095"	"6d3.(4P).7s"	"5P"	"1"	""	"*"	"2"		""	"L3552"	
"708.9489"	"708.94911"	"37"	""		"18549.40528"	"32650.9022"	"6d3.(4P).7s"	""	"2"	""	"*"	"1"		""	"L3552"	
"709.3128"	"709.312991"	"14"	""		"21539.59257"	"35633.8554"	""	"*"	"4"	""	""	"4"		""	"L3552"	
"709.4803"	"709.479955"	"14"	""		"18574.61019"	"32665.5562"	"6d3.(2P).7s"	""	"1"	""	"*"	"1"		""	"L3552"	
"709.5623"	"709.561850"	"19"	""		"19516.98043"	"33606.30012"	"6d2.7s.7p"	"5D*"	"2"	""	""	"2"		""	"L3552"	
"709.6000"	"709.599553"	"14"	""		"22396.82500"	"36485.3961"	""	"*"	"1"	""	""	"2"		""	"L3552"	
"709.6665"	"709.665939"	"23"	""		"22248.94952"	"36336.2027"	""	"*"	"2"	""	""	"3"		""	"L3552"	
"709.7032"	"709.703260"	"47"	""		"20214.92997"	"34301.44234"	"6d2.7s.7p"	"5D*"	"3"	""	""	"4"		""	"L3552"	
"709.7645"	"709.764090"	"23"	""		"20322.26571"	"34407.57081"	"5f.6d.7s2"	"1H*"	"5"	""	""	"6"		""	"L3552"	
"709.9094"	"709.909304"	"19"	""		"17847.07751"	"31929.50145"	"5f.6d.7s2"	"3P*"	"2"	""	""	"3"		""	"L3552"	
"710.0391"	"710.03900"	"9"	""		"22098.18793"	"36178.0396"	"5f.6d.7s.7p"	"5I"	"4"	""	"*"	"4"		""	"L3552"	
"710.1660"	"710.166013"	"19"	""		"8800.249723"	"22877.58322"	"6d3.(4F).7s"	"5F"	"4"	""	"*"	"5"		""	"L3552"	
"710.2185"	"710.21856"	"47"	""		"18574.61019"	"32650.9022"	"6d3.(2P).7s"	""	"1"	""	"*"	"1"		""	"L3552"	
"710.25910"	"710.259035"	"160"	""		"20867.97560"	"34943.46540"	"5f.6d2.7s"	"5I*"	"7"	""	""	"6"		""	"L5951"	
"710.3029"	"710.303181"	"38"	""		"17354.638583"	"31429.25358"	"5f.6d.7s2"	"3D*"	"1"	""	""	"1"		""	"L3552"	
"710.5654"	"710.565551"	"48"	""		"16217.482038"	"30286.90016"	"6d.7s2.7p"	"1D*"	"2"	""	""	"1"		""	"L3552"	
"710.7469"	"710.746847"	"47"	""		"14465.221873"	"28531.05121"	"6d2.7s.7p"	"5G*"	"2"	"6d4"	""	"2"		""	"L3552"	
"710.8550"	"710.854958"	"9"	""		"17959.89498"	"32023.58511"	"6d3.(4F).7s"	"3F"	"4"	""	"*"	"5"		""	"L3552"	
"710.90850"	"710.90855"	"150"	""		"23990.41162"	"38053.0416"	"5f.6d.7s.7p"	"5F"	"2"	""	"*"	"3"		""	"L5951"	
"710.91819"	"710.918074"	"300"	""		"15490.077832"	"29552.51939"	"5f.6d.7s2"	"3G*"	"5"	"5f.6d.7s.7p"	"5H"	"6"		""	"L5951"	
"710.9320"	"710.931920"	"47"	""		"13962.51989"	"28024.68756"	"6d3.(2D2).7s"	""	"1"	""	"*"	"1"		""	"L3552"	
"710.95485"	"710.955058"	"110"	""		"19503.143490"	"33564.85352"	"6d2.7s.7p"	"5F*"	"3"	""	""	"3"		""	"L5951"	
"710.98602"	"710.985991"	"330"	""		"6362.395980"	"20423.494218"	"6d3.(4F).7s"	"5F"	"2"	"6d.7s2.7p"	"3P*"	"1"		""	"L5951"	
"711.0278"	"711.028383"	"9"	""		"19039.153374"	"33099.41329"	"6d.7s2.7p"	"3P*"	"2"	""	""	"3"		""	"L3552"	
"711.1045"	"711.104458"	"360"	""		"19532.41646"	"33591.1722"	"6d3.(2F).7s"	"3F"	"4"	"6d3.7p"	"5G*"	"3"		""	"L3552"	
"711.29190"	"711.291971"	"220"	""		"8800.249723"	"22855.29928"	"6d3.(4F).7s"	"5F"	"4"	""	"*"	"3"		""	"L5951"	
"711.3007"	"711.300386"	"23"	""		"18699.62342"	"32754.5067"	"5f.7s2.7p"	"3F"	"2"	""	"*"	"3"		""	"L3552"	
"711.43981"	"711.439802"	"510"	""		"8111.004545"	"22163.13360"	"6d2.7s2"	"1G"	"4"	""	"*"	"4"		""	"L18702"	
"711.6551"	"711.655342"	"37"	""		"19516.98043"	"33564.85352"	"6d2.7s.7p"	"5D*"	"2"	""	""	"3"		""	"L3552"	
"711.6992"	"711.699528"	"93"	""		"15970.09583"	"30017.09677"	"6d3.(2D2).7s"	""	"3"	""	"*"	"3"		""	"L3552"	
"711.78143"	"711.78115"	"91"	""		"23049.45870"	"37094.8488"	""	"*"	"1"	""	""	"2"		""	"L5951"	
"711.9174"	"711.917696"	"9"	""		"21539.59257"	"35582.2888"	""	"*"	"4"	""	""	"5"		""	"L3552"	
"712.2098"	"712.210414"	"14"	""		"21539.59257"	"35576.5173"	""	"*"	"4"	""	""	"3"		""	"L3552"	
"712.2887"	"712.288878"	"14"	""		"13945.307389"	"27980.68586"	"6d.7s2.7p"	"3F*"	"3"	""	""	"3"		""	"L3552"	
"712.456047"	"712.456043"	"8300"	""		"0.000000"	"14032.085336"	"6d2.7s2"	"3F"	"2"	"6d.7s2.7p"	"3D*"	"2"		""	"L18702"	
"712.45968"	"712.45969"	"180"	""		"23201.98997"	"37234.0035"	"5f.6d.7s.7p"	"5G"	"3"	""	"*"	"2"		""	"L5951"	
"712.53118"	"712.531468"	"150"	""		"8111.004545"	"22141.60454"	"6d2.7s2"	"1G"	"4"	""	"*"	"3"		""	"L5951"	
"712.55214"	"712.552154"	"130"	""		"12847.96912"	"26878.16179"	"6d3.(4P).7s"	"5P"	"3"	"6d2.7s.7p"	"3G*"	"3"		""	"L5951"	
"712.6009"	"712.601319"	"23"	""		"14243.993748"	"28273.21842"	"5f.6d.7s2"	"3P*"	"1"	""	""	"2"		""	"L3552"	
"712.6324"	"712.633156"	"38"	""		"17166.10472"	"31194.70265"	"6d3.(2H).7s"	"3H"	"5"	"5f.6d3"	"5I*"	"4"		""	"L3552"	
"712.68179"	"712.681936"	"120"	""		"19532.41646"	"33560.0542"	"6d3.(2F).7s"	"3F"	"4"	""	"*"	"4"		""	"L5951"	
"712.7640"	"712.764404"	"47"	""		"18549.40528"	"32575.4200"	"6d3.(4P).7s"	""	"2"	"6d3.7p"	"5G*"	"2"		""	"L3552"	
"712.8450"	"712.845652"	"38"	""		"19503.143490"	"33527.55959"	"6d2.7s.7p"	"5F*"	"3"	""	""	"4"		""	"L3552"	
"713.01837"	"713.018411"	"420"	""		"14206.91694"	"28227.93504"	"5f.6d.7s2"	"3F*"	"4"	"5f.7s2.7p"	"3F"	"4"		""	"L18702"	
"713.02868"	"713.02874"	"280"	""		"24032.22651"	"38053.0416"	"5f.6d.7s.7p"	"5G"	"4"	""	"*"	"3"		""	"L5951"	
"713.07236"	"713.072356"	"630"	""		"13297.43316"	"27317.39056"	"6d3.(2G).7s"	"3G"	"4"	""	"*"	"3"		""	"L5951"	
"713.13586"	"713.135698"	"610"	""		"16554.24283"	"30572.95496"	"6d3.(2H).7s"	"3H"	"6"	""	"*"	"6"		""	"L5951"	
"713.26100"	"713.260974"	"600"	""		"13175.113345"	"27191.36326"	"5f.6d.7s2"	"3G*"	"4"	"5f.6d.7s.7p"	"5G"	"5"		""	"L5951"	
"713.4484"	"713.448993"	"38"	""		"11877.839132"	"25890.39529"	"6d.7s2.7p"	"3D*"	"1"	""	""	"2"		""	"L3552"	
"713.6841"	"713.68444"	"19"	""		"22508.04658"	"36515.9800"	"6d2.7s.7p"	"5P*"	"2"	""	""	"3"		""	"L3552"	
"713.6956"	"713.69582"	"38"	""		"22877.58322"	"36885.2932"	""	"*"	"5"	""	""	"4"		""	"L3552"	
"713.7133"	"713.713656"	"24"	""		"18431.686609"	"32439.0466"	"5f.7s2.7p"	"3G"	"3"	""	"*"	"4"		""	"L3552"	
"713.7635"	"713.764052"	"14"	""		"11802.93238"	"25809.30337"	"6d3.(4P).7s"	"5P"	"2"	""	"*"	"1"		""	"L3552"	
"713.8142"	"713.81437"	"97"	""		"19713.03109"	"33718.4147"	"6d3.(2F).7s"	"3F"	"3"	""	"*"	"2"		""	"L3552"	
"714.0080"	"714.008408"	"19"	""		"18011.38030"	"32012.95790"	"5f.6d2.7s"	"5H*"	"5"	""	""	"4"		""	"L3552"	
"714.23313"	"714.233109"	"760"	""		"12114.36618"	"26111.53886"	"5f.6d.7s2"	"1D*"	"2"	""	""	"1"		""	"L18702"	
"714.4169"	"714.416930"	"38"	""		"17959.89498"	"31953.46618"	"6d3.(4F).7s"	"3F"	"4"	""	"*"	"4"		""	"L3552"	
"714.6373"	"714.637311"	"38"	""		"15863.88829"	"29853.14415"	"6d3.(2D2).7s"	""	"2"	""	"*"	"2"		""	"L3552"	
"714.7423"	"714.742308"	"71"	""		"19227.33665"	"33214.53748"	"5f.6d2.7s"	"5I*"	"6"	"5f.6d.7s.7p"	"3I"	"5"		""	"L3552"	
"714.7913"	"714.791386"	"14"	""		"18809.88631"	"32796.12677"	"6d2.7s.7p"	"5G*"	"4"	""	""	"3"		""	"L3552"	
"714.83995"	"714.839736"	"110"	""		"14465.221873"	"28450.51635"	"6d2.7s.7p"	"5G*"	"2"	""	""	"1"		""	"L5951"	
"714.855897"	"714.855880"	"1800"	""		"10414.13700"	"24399.11564"	"5f.6d.7s2"	"1G*"	"4"	"5f.6d.7s.7p"	"5H"	"3"		""	"L18702"	
"714.8923"	"714.892067"	"38"	""		"18011.38030"	"31995.65103"	"5f.6d2.7s"	"5H*"	"5"	""	""	"4"		""	"L3552"	
"714.90169"	"714.901782"	"130"	""		"14204.26476"	"28188.34547"	"6d3.(2G).7s"	""	"5"	""	"*"	"6"		""	"L5951"	
"714.9224"	"714.92227"	"24"	""		"22669.88918"	"36653.5692"	""	"*"	"3"	""	""	"2"		""	"L3552"	
"715.028438"	"715.028434"	"4100"	""		"3865.473772"	"17847.07751"	"6d2.7s2"	"3P"	"1"	"5f.6d.7s2"	"3P*"	"2"		""	"L18702"	
"715.06928"	"715.069261"	"84"	""		"25180.04445"	"39160.8499"	"5f.6d2.7s"	"*"	"7"	""	""	"6"		""	"L5951"	
"715.1525"	"715.152580"	"96"	""		"20322.26571"	"34301.44234"	"5f.6d.7s2"	"1H*"	"5"	""	""	"4"		""	"L3552"	
"715.35873"	"715.358765"	"710"	""		"17166.10472"	"31141.25221"	"6d3.(2H).7s"	"3H"	"5"	""	"*"	"5"		""	"L18702"	
"715.47626"	"715.476206"	"660"	""		"13088.56115"	"27061.41472"	"6d3.(2G).7s"	"3G"	"3"	""	"*"	"2"		""	"L18702"	
"715.495382"	"715.495354"	"1200"	""		"7280.123222"	"21252.60286"	"6d2.7s2"	""	"2"	""	"*"	"2"		""	"L18702"	
"715.5349"	"715.534544"	"38"	""		"18809.88631"	"32781.60068"	"6d2.7s.7p"	"5G*"	"4"	""	""	"4"		""	"L3552"	
"715.69223"	"715.692309"	"620"	""		"4961.658832"	"18930.29333"	"6d2.7s2"	"3F"	"4"	"6d2.7s.7p"	"3G*"	"3"		""	"L18702"	
"715.69445"	"715.694408"	"670"	""		"13297.43316"	"27266.02670"	"6d3.(2G).7s"	"3G"	"4"	""	"*"	"4"		""	"L18702"	
"715.98813"	"715.988133"	"370"	""		"16554.24283"	"30517.10597"	"6d3.(2H).7s"	"3H"	"6"	""	"*"	"5"		""	"L5951"	
"715.994704"	"715.994711"	"1000"	""		"13297.43316"	"27260.16801"	"6d3.(2G).7s"	"3G"	"4"	""	"*"	"3"		""	"L18702"	
"716.1689"	"716.168836"	"9"	""		"18053.617845"	"32012.95790"	"6d.7s2.7p"	"3F*"	"4"	""	""	"4"		""	"L3552"	
"716.2250"	"716.22470"	"38"	""		"21575.03713"	"35533.2884"	"6d3.(2P).7s"	""	"2"	""	"*"	"2"		""	"L3552"	
"716.3180"	"716.317653"	"23"	""		"19817.18191"	"33773.6219"	"6d2.7s.7p"	"5P*"	"1"	""	""	"1"		""	"L3552"	
"716.3374"	"716.338180"	"9"	""		"19503.143490"	"33459.18355"	"6d2.7s.7p"	"5F*"	"3"	"5f.6d.7s.7p"	"3H"	"4"		""	"L3552"	
"716.4323"	"716.431951"	"38"	""		"18549.40528"	"32503.6187"	"6d3.(4P).7s"	""	"2"	""	"*"	"2"		""	"L3552"	
"716.4508"	"716.451180"	"9"	""		"5563.141519"	"19516.98043"	"6d3.(4F).7s"	"5F"	"1"	"6d2.7s.7p"	"5D*"	"2"		""	"L3552"	
"716.5176"	"716.517466"	"120"	""		"20214.92997"	"34167.4780"	"6d2.7s.7p"	"5D*"	"3"	""	""	"3"		""	"L3552"	
"716.68184"	"716.681918"	"86"	""		"23609.16775"	"37558.5142"	""	"*"	"5"	""	""	"4"		""	"L5951"	
"716.72028"	"716.720244"	"500"	""		"14032.085336"	"27980.68586"	"6d.7s2.7p"	"3D*"	"2"	""	""	"3"		""	"L5951"	
"716.889497"	"716.889496"	"30000"	""		"0.000000"	"13945.307389"	"6d2.7s2"	"3F"	"2"	"6d.7s2.7p"	"3F*"	"3"		""	"L18702"	
"716.9621"	"716.962248"	"18"	""		"18069.065569"	"32012.95790"	"6d.7s2.7p"	"1F*"	"3"	""	""	"4"		""	"L3552"	
"717.03607"	"717.036004"	"260"	""		"12847.96912"	"26790.42715"	"6d3.(4P).7s"	"5P"	"3"	""	"*"	"4"		""	"L5951"	
"717.0575"	"717.057854"	"9"	""		"18053.617845"	"31995.65103"	"6d.7s2.7p"	"3F*"	"4"	""	""	"4"		""	"L3552"	
"717.2867"	"717.286158"	"37"	""		"21143.42198"	"35081.0176"	"6d3.(2H).7s"	"1H"	"5"	""	"*"	"5"		""	"L3552"	
"717.3117"	"717.311497"	"37"	""		"15166.900593"	"29104.00388"	"6d2.7s.7p"	"5G*"	"3"	"6d4"	"3G"	"4"		""	"L3552"	
"717.337229"	"717.337235"	"1700"	""		"14204.26476"	"28140.86799"	"6d3.(2G).7s"	""	"5"	""	"*"	"4"		""	"L18702"	
"717.7284"	"717.728362"	"240"	""		"18574.61019"	"32503.6187"	"6d3.(2P).7s"	""	"1"	""	"*"	"2"		""	"L3552"	
"717.8252"	"717.825172"	"37"	""		"18809.88631"	"32737.01627"	"6d2.7s.7p"	"5G*"	"4"	""	""	"5"		""	"L3552"	
"717.9189"	"717.918751"	"4"	""		"26651.82788"	"40577.1425"	""	"*"	"2"	""	""	"3"		""	"L3552"	
"717.97147"	"717.971499"	"160"	""		"21165.098037"	"35089.38959"	"5f.6d.7s2"	"3D*"	"3"	""	""	"3"		""	"L5951"	
"718.0959"	"718.095665"	"39"	""		"20522.71449"	"34444.5984"	"6d2.7s.7p"	"3F*"	"2"	""	""	"2"		""	"L3552"	
"718.3225"	"718.322272"	"9"	""		"17224.302340"	"31141.79438"	"6d2.7s.7p"	"5F*"	"2"	"6d4"	"3D"	"3"		""	"L3552"	
"718.4426"	"718.442439"	"19"	""		"16217.482038"	"30132.64625"	"6d.7s2.7p"	"1D*"	"2"	""	""	"2"		""	"L3552"	
"718.4542"	"718.452099"	"14"	""		"19503.143490"	"33418.1206"	"6d2.7s.7p"	"5F*"	"3"	"6d4"	""	"4"		""	"L3552"	
"718.4721"	"718.472195"	"19"	""		"2869.259165"	"16783.84708"	"6d2.7s2"	"3F"	"3"	"5f.6d2.7s"	"5I*"	"4"		""	"L3552"	
"718.5031"	"718.503069"	"14"	""		"15736.968041"	"29650.95804"	"6d2.7s.7p"	"5F*"	"1"	""	""	"2"		""	"L3552"	
"718.85320"	"718.853212"	"330"	""		"13088.56115"	"26995.77389"	"6d3.(2G).7s"	"3G"	"3"	""	"*"	"3"		""	"L5951"	
"718.9323"	"718.93147"	"4"	""		"22141.60454"	"36047.3034"	""	"*"	"3"	""	""	"2"		""	"L3552"	
"718.9407"	"718.940614"	"49"	""		"19503.143490"	"33408.66553"	"6d2.7s.7p"	"5F*"	"3"	""	""	"3"		""	"L3552"	
"719.0124"	"719.011709"	"24"	""		"19817.18191"	"33721.32901"	"6d2.7s.7p"	"5P*"	"1"	""	""	"2"		""	"L3552"	
"719.0332"	"719.033269"	"9"	""		"22877.58322"	"36781.3134"	""	"*"	"5"	""	""	"5"		""	"L3552"	
"719.1585"	"719.158543"	"14"	""		"21539.59257"	"35440.9008"	""	"*"	"4"	"6d4"	""	"3"		""	"L3552"	
"719.2019"	"719.201985"	"200"	""		"11802.93238"	"25703.40095"	"6d3.(4P).7s"	"5P"	"2"	""	"*"	"2"		""	"L3552"	
"719.3357"	"719.334951"	"4"	""		"22399.39666"	"36297.2958"	"5f.6d2.7s"	"3I*"	"5"	""	""	"4"		""	"L3552"	
"719.5236"	"719.523707"	"14"	""		"20566.62381"	"34460.87707"	"6d2.7s.7p"	"5D*"	"4"	""	""	"5"		""	"L3552"	
"719.5797"	"719.579619"	"19"	""		"14465.221873"	"28358.39555"	"6d2.7s.7p"	"5G*"	"2"	""	""	"3"		""	"L3552"	
"719.6569"	"719.656726"	"39"	""		"19516.98043"	"33408.66553"	"6d2.7s.7p"	"5D*"	"2"	""	""	"3"		""	"L3552"	
"719.8092"	"719.809306"	"98"	""		"10783.15535"	"24671.89582"	"6d.7s2.7p"	"3F*"	"2"	"6d3.(2D1).7s"	"3D"	"2"		""	"L3552"	
"719.8214"	"719.82184"	"19"	""		"19273.28060"	"33161.7792"	"6d3.(2P).7s"	""	"2"	""	"*"	"1"		""	"L3552"	
"719.8986"	"719.89862"	"24"	""		"21575.03713"	"35462.0545"	"6d3.(2P).7s"	""	"2"	""	"*"	"3"		""	"L3552"	
"720.004515"	"720.004522"	"2200"	""		"7280.123222"	"21165.098037"	"6d2.7s2"	""	"2"	"5f.6d.7s2"	"3D*"	"3"		""	"L18702"	
"720.0171"	"720.017797"	"250"	""		"17398.39526"	"31283.11407"	"6d3.(4F).7s"	""	"3"	""	"*"	"3"		""	"L3552"	
"720.0815"	"720.081515"	"9"	""		"19948.395175"	"33831.88538"	"6d2.7s.7p"	"5F*"	"4"	""	""	"4"		""	"L3552"	
"720.1042"	"720.104434"	"250"	""		"15970.09583"	"29853.14415"	"6d3.(2D2).7s"	""	"3"	""	"*"	"2"		""	"L3552"	
"720.18090"	"720.180897"	"350"	""		"10783.15535"	"24664.72970"	"6d.7s2.7p"	"3F*"	"2"	"5f.6d.7s.7p"	"5F"	"3"		""	"L5951"	
"720.2335"	"720.234023"	"24"	""		"20566.62381"	"34447.17423"	"6d2.7s.7p"	"5D*"	"4"	""	""	"4"		""	"L3552"	
"720.3593"	"720.359060"	"19"	""		"19713.03109"	"33591.1722"	"6d3.(2F).7s"	"3F"	"3"	"6d3.7p"	"5G*"	"3"		""	"L3552"	
"720.4761"	"720.476258"	"14"	""		"18053.617845"	"31929.50145"	"6d.7s2.7p"	"3F*"	"4"	""	""	"3"		""	"L3552"	
"720.5435"	"720.54380"	"9"	""		"20423.494218"	"34298.0771"	"6d.7s2.7p"	"3P*"	"1"	""	""	"1"		""	"L3552"	
"720.648279"	"720.648288"	"1400"	""		"10526.544406"	"24399.11564"	"5f.6d.7s2"	"3G*"	"3"	"5f.6d.7s.7p"	"5H"	"3"		""	"L18702"	
"720.70226"	"720.702436"	"120"	""		"17224.302340"	"31095.8313"	"6d2.7s.7p"	"5F*"	"2"	"6d4"	"3D"	"2"		""	"L5951"	
"720.7392"	"720.739204"	"24"	""		"19588.36224"	"33459.18355"	"6d2.7s.7p"	"5G*"	"5"	"5f.6d.7s.7p"	"3H"	"4"		""	"L3552"	
"720.7756"	"720.77451"	"250"	""		"23015.15141"	"36885.2932"	""	"*"	"5"	""	""	"4"		""	"L3552"	
"720.800620"	"720.800620"	"14000"	""		"8800.249723"	"22669.88918"	"6d3.(4F).7s"	"5F"	"4"	""	"*"	"3"		""	"L18702"	
"720.8275"	"720.828226"	"490"	""		"13175.113345"	"27044.22163"	"5f.6d.7s2"	"3G*"	"4"	""	""	"3"		""	"L3552"	
"720.9177"	"720.91800"	"24"	""		"21594.67329"	"35462.0545"	"6d3.(2F).7s"	"1F"	"3"	""	"*"	"3"		""	"L3552"	
"720.9981"	"720.998473"	"24"	""		"18930.29333"	"32796.12677"	"6d2.7s.7p"	"3G*"	"3"	""	""	"3"		""	"L3552"	
"721.0036"	"721.004224"	"24"	""		"21539.59257"	"35405.3154"	""	"*"	"4"	""	""	"3"		""	"L3552"	
"721.0562"	"721.056630"	"9"	""		"20566.62381"	"34431.3389"	"6d2.7s.7p"	"5D*"	"4"	""	""	"3"		""	"L3552"	
"721.1769"	"721.177223"	"9"	""		"18431.686609"	"32294.0833"	"5f.7s2.7p"	"3G"	"3"	""	"*"	"4"		""	"L3552"	
"721.268956"	"721.268956"	"2900"	""		"14481.86965"	"28342.50330"	"5f.6d.7s2"	"3H*"	"6"	"5f.7s2.7p"	"3G"	"5"		""	"L18702"	
"721.5667"	"721.565994"	"49"	""		"17073.80916"	"30928.7370"	"6d3.(4P).7s"	""	"1"	""	"*"	"1"		""	"L3552"	
"721.5933"	"721.592880"	"39"	""		"17411.224415"	"31265.63604"	"6d.7s2.7p"	"3D*"	"3"	""	""	"3"		""	"L3552"	
"721.6911"	"721.690689"	"39"	""		"6362.395980"	"20214.92997"	"6d3.(4F).7s"	"5F"	"2"	"6d2.7s.7p"	"5D*"	"3"		""	"L3552"	
"721.79233"	"721.792378"	"560"	""		"7795.275291"	"21645.85769"	"5f.6d.7s2"	"3H*"	"4"	"6d3.(2G).7s"	""	"4"		""	"L18702"	
"721.805418"	"721.805413"	"6500"	""		"9804.806547"	"23655.13881"	"6d3.(4F).7s"	"5F"	"5"	""	"*"	"4"		""	"L18702"	
"721.915120"	"721.915121"	"2300"	""		"4961.658832"	"18809.88631"	"6d2.7s2"	"3F"	"4"	"6d2.7s.7p"	"5G*"	"4"		""	"L18702"	
"721.9782"	"721.977911"	"120"	""		"19713.03109"	"33560.0542"	"6d3.(2F).7s"	"3F"	"3"	""	"*"	"4"		""	"L3552"	
"722.09809"	"722.098047"	"220"	""		"10783.15535"	"24627.87473"	"6d.7s2.7p"	"3F*"	"2"	"6d3.(2D1).7s"	"3D"	"1"		""	"L5951"	
"722.6246"	"722.622922"	"74"	""		"17411.224415"	"31245.88778"	"6d.7s2.7p"	"3D*"	"3"	""	""	"2"		""	"L3552"	
"723.08616"	"723.086240"	"640"	""		"17501.17592"	"31326.97478"	"5f.6d2.7s"	"5I*"	"5"	""	""	"4"		""	"L18702"	
"723.2946"	"723.293051"	"49"	""		"13962.51989"	"27784.36557"	"6d3.(2D2).7s"	""	"1"	""	"*"	"2"		""	"L3552"	
"723.33917"	"723.339134"	"190"	""		"17959.89498"	"31780.86008"	"6d3.(4F).7s"	"3F"	"4"	""	"*"	"3"		""	"L5951"	
"723.55544"	"723.555705"	"160"	""		"25877.50128"	"39694.3296"	""	"*"	"4"	"5f.6d2.7p "	"5I"	"5"		""	"L5951"	
"723.5899"	"723.58878"	"250"	""		"21645.85769"	"35462.0545"	"6d3.(2G).7s"	""	"4"	""	"*"	"3"		""	"L3552"	
"723.8404"	"723.84024"	"39"	""		"22399.39666"	"36210.7938"	"5f.6d2.7s"	"3I*"	"5"	""	""	"5"		""	"L3552"	
"724.01848"	"724.018503"	"270"	""		"14465.221873"	"28273.21842"	"6d2.7s.7p"	"5G*"	"2"	""	""	"2"		""	"L5951"	
"724.1280"	"724.128486"	"9"	""		"19503.143490"	"33309.04285"	"6d2.7s.7p"	"5F*"	"3"	""	""	"2"		""	"L3552"	
"724.209166"	"724.209173"	"1700"	""		"9804.806547"	"23609.16775"	"6d3.(4F).7s"	"5F"	"5"	""	"*"	"5"		""	"L18702"	
"724.22842"	"724.228370"	"85*"	""		"18699.62342"	"32503.6187"	"5f.7s2.7p"	"3F"	"2"	""	"*"	"2"		""	"L5951"	
"724.23554"	"724.235533"	"280"	""		"12847.96912"	"26651.82788"	"6d3.(4P).7s"	"5P"	"3"	""	"*"	"2"		""	"L5951"	
"724.469637"	"724.469649"	"2200"	""		"7795.275291"	"21594.67329"	"5f.6d.7s2"	"3H*"	"4"	"6d3.(2F).7s"	"1F"	"3"		""	"L18702"	
"724.5292"	"724.52888"	"9"	""		"22855.29928"	"36653.5692"	""	"*"	"3"	""	""	"2"		""	"L3552"	
"724.5500"	"724.550030"	"39"	""		"14226.82045"	"28024.68756"	"6d3.(2P).7s"	""	"0"	""	"*"	"1"		""	"L3552"	
"724.61270"	"724.612752"	"650"	""		"10414.13700"	"24210.80979"	"5f.6d.7s2"	"1G*"	"4"	"6d4"	"5D"	"4"		""	"L18702"	
"724.6318"	"724.631944"	"24"	""		"17398.39526"	"31194.70265"	"6d3.(4F).7s"	""	"3"	"5f.6d3"	"5I*"	"4"		""	"L3552"	
"724.6370"	"724.637511"	"14"	""		"21077.152101"	"34873.3535"	"6d2.7s.7p"	"5F*"	"5"	""	""	"4"		""	"L3552"	
"724.7599"	"724.760186"	"200"	""		"16217.482038"	"30011.34827"	"6d.7s2.7p"	"1D*"	"2"	""	""	"3"		""	"L3552"	
"724.7843"	"724.783714"	"9"	""		"21252.60286"	"35046.0213"	""	"*"	"2"	""	"5F"	"1"		""	"L3552"	
"724.8547"	"724.854975"	"9"	""		"19516.98043"	"33309.04285"	"6d2.7s.7p"	"5D*"	"2"	""	""	"2"		""	"L3552"	
"724.89668"	"724.896873"	"140"	""		"8111.004545"	"21902.26981"	"6d2.7s2"	"1G"	"4"	"5f.6d2.7s"	"3H*"	"4"		""	"L5951"	
"724.98437"	"724.984380"	"72"	""		"13088.56115"	"26878.16179"	"6d3.(2G).7s"	"3G"	"3"	"6d2.7s.7p"	"3G*"	"3"		""	"L5951"	
"725.1943"	"725.194740"	"9"	""		"20922.12244"	"34707.7231"	""	"*"	"2"	""	""	"3"		""	"L3552"	
"725.36760"	"725.367456"	"190"	""		"18011.38030"	"31793.69851"	"5f.6d2.7s"	"5H*"	"5"	""	""	"4"		""	"L5951"	
"725.53535"	"725.535398"	"870"	""		"8111.004545"	"21890.13254"	"6d2.7s2"	"1G"	"4"	""	"*"	"3"		""	"L18702"	
"725.68076"	"725.680738"	"100"	""		"15863.88829"	"29640.2566"	"6d3.(2D2).7s"	""	"2"	""	"*"	"1"		""	"L5951"	
"725.69860"	"725.698606"	"530"	""		"12114.36618"	"25890.39529"	"5f.6d.7s2"	"1D*"	"2"	""	""	"2"		""	"L5951"	
"725.7334"	"725.73372"	"9"	""		"20522.71449"	"34298.0771"	"6d2.7s.7p"	"3F*"	"2"	""	""	"1"		""	"L3552"	
"725.81762"	"725.817690"	"770"	""		"14206.91694"	"27980.68586"	"5f.6d.7s2"	"3F*"	"4"	""	""	"3"		""	"L18702"	
"725.86655"	"725.86647"	"77"	""		"30372.71524"	"44145.5585"	""	""	"6"	""	"*"	"6"		""	"L5951"	
"726.0258"	"726.025535"	"39"	""		"17501.17592"	"31271.00174"	"5f.6d2.7s"	"5I*"	"5"	""	""	"5"		""	"L3552"	
"726.1217"	"726.121415"	"25"	""		"15166.900593"	"28934.90819"	"6d2.7s.7p"	"5G*"	"3"	""	""	"3"		""	"L3552"	
"726.2190"	"726.218766"	"50"	""		"23015.15141"	"36781.3134"	""	"*"	"5"	""	""	"5"		""	"L3552"	
"726.4118"	"726.411526"	"250"	""		"19532.41646"	"33294.9255"	"6d3.(2F).7s"	"3F"	"4"	""	"*"	"3"		""	"L3552"	
"726.4747"	"726.474184"	"10"	""		"21539.59257"	"35300.9146"	""	"*"	"4"	"5f.6d2.7p"	"5K"	"5"		""	"L3552"	
"726.7096"	"726.708846"	"250"	""		"19516.98043"	"33273.8588"	"6d2.7s.7p"	"5D*"	"2"	""	""	"1"		""	"L3552"	
"726.8490"	"726.84873"	"25"	""		"20543.84624"	"34298.0771"	"6d.7s2.7p"	"3P*"	"0"	""	""	"1"		""	"L3552"	
"726.8834"	"726.88291"	"500"	""		"21575.03713"	"35328.6213"	"6d3.(2P).7s"	""	"2"	""	"*"	"1"		""	"L3552"	
"727.05572"	"727.055713"	"310"	""		"7502.287636"	"21252.60286"	"6d3.(4F).7s"	"5F"	"3"	""	"*"	"2"		""	"L5951"	
"727.0993"	"727.097616"	"40"	""		"23655.13881"	"37404.6616"	""	"*"	"4"	""	""	"3"		""	"L3552"	
"727.25289"	"727.253044"	"140"	""		"23990.41162"	"37736.9959"	"5f.6d.7s.7p"	"5F"	"2"	""	"*"	"2"		""	"L5951"	
"727.37292"	"727.373109"	"130"	""		"16217.482038"	"29961.79723"	"6d.7s2.7p"	"1D*"	"2"	""	""	"1"		""	"L5951"	
"727.4294"	"727.429399"	"78"	""		"21143.42198"	"34886.6736"	"6d3.(2H).7s"	"1H"	"5"	""	"*"	"5"		""	"L3552"	
"727.58290"	"727.582930"	"110"	""		"17224.302340"	"30964.65395"	"6d2.7s.7p"	"5F*"	"2"	""	""	"3"		""	"L5951"	
"727.5972"	"727.597278"	"10"	""		"18053.617845"	"31793.69851"	"6d.7s2.7p"	"3F*"	"4"	""	""	"4"		""	"L3552"	
"727.6453"	"727.645052"	"52"	""		"17073.80916"	"30812.9877"	"6d3.(4P).7s"	""	"1"	""	"*"	"2"		""	"L3552"	
"727.8032"	"727.80241"	"20"	""		"22141.60454"	"35877.8125"	""	"*"	"3"	"6d4"	""	"2"		""	"L3552"	
"727.8101"	"727.810260"	"15"	""		"19227.33665"	"32963.39652"	"5f.6d2.7s"	"5I*"	"6"	""	""	"5"		""	"L3552"	
"727.8272"	"727.825507"	"5"	""		"18549.40528"	"32285.1774"	"6d3.(4P).7s"	""	"2"	""	"*"	"3"		""	"L3552"	
"727.8767"	"727.876039"	"5"	""		"20566.62381"	"34301.44234"	"6d2.7s.7p"	"5D*"	"4"	""	""	"4"		""	"L3552"	
"727.9142"	"727.913842"	"41"	""		"22399.39666"	"36133.5019"	"5f.6d2.7s"	"3I*"	"5"	""	""	"5"		""	"L3552"	
"728.0478"	"728.047410"	"100"	""		"21902.26981"	"35633.8554"	"5f.6d2.7s"	"3H*"	"4"	""	""	"4"		""	"L3552"	
"728.27146"	"728.271503"	"86"	""		"26997.24767"	"40724.6080"	"5f.6d.7s.7p"	"5I"	"6"	""	"*"	"5"		""	"L5951"	
"728.4166"	"728.416228"	"42"	""		"18069.065569"	"31793.69851"	"6d.7s2.7p"	"1F*"	"3"	""	""	"4"		""	"L3552"	
"728.490314"	"728.490311"	"4500"	""		"3687.987189"	"17411.224415"	"6d2.7s2"	""	"2"	"6d.7s2.7p"	"3D*"	"3"		""	"L18702"	
"728.6110"	"728.610339"	"16"	""		"18053.617845"	"31774.59439"	"6d.7s2.7p"	"3F*"	"4"	""	""	"3"		""	"L3552"	
"728.8990"	"728.89904"	"55"	""		"28680.73627"	"42396.2783"	""	"*"	"4"	""	""	"5"		""	"L3552"	
"728.9812"	"728.98048"	"22"	""		"19713.03109"	"33427.0409"	"6d3.(2F).7s"	"3F"	"3"	""	"*"	"2"		""	"L3552"	
"729.1276"	"729.126886"	"44"	""		"17959.89498"	"31671.1510"	"6d3.(4F).7s"	"3F"	"4"	""	"*"	"4"		""	"L3552"	
"729.2494"	"729.248404"	"16"	""		"21165.098037"	"34874.0693"	"5f.6d.7s2"	"3D*"	"3"	""	""	"3"		""	"L3552"	
"729.2864"	"729.286484"	"11"	""		"21165.098037"	"34873.3535"	"5f.6d.7s2"	"3D*"	"3"	""	""	"4"		""	"L3552"	
"729.3374"	"729.336705"	"84"	""		"20737.28686"	"34444.5984"	""	"*"	"1"	""	""	"2"		""	"L3552"	
"729.4217"	"729.420802"	"28"	""		"11601.03035"	"25306.76154"	"6d3.(4P).7s"	"5P"	"1"	""	"*"	"2"		""	"L3552"	
"729.4316"	"729.431572"	"84"	""		"18069.065569"	"31774.59439"	"6d.7s2.7p"	"1F*"	"3"	""	""	"3"		""	"L3552"	
"729.62659"	"729.626567"	"440"	""		"13088.56115"	"26790.42715"	"6d3.(2G).7s"	"3G"	"3"	""	"*"	"4"		""	"L5951"	
"729.81434"	"729.814338"	"410"	""		"13297.43316"	"26995.77389"	"6d3.(2G).7s"	"3G"	"4"	""	"*"	"3"		""	"L5951"	
"730.21728"	"730.217212"	"89"	""		"20867.97560"	"34558.75875"	"5f.6d2.7s"	"5I*"	"7"	"5f.6d.7s.7p"	"5I"	"8"		""	"L5951"	
"730.24329"	"730.243162"	"74"	""		"22399.39666"	"36089.6933"	"5f.6d2.7s"	"3I*"	"5"	""	""	"4"		""	"L5951"	
"730.2496"	"730.250197"	"16"	""		"17847.07751"	"31537.24226"	"5f.6d.7s2"	"3P*"	"2"	""	""	"3"		""	"L3552"	
"730.51966"	"730.519564"	"110"	""		"15736.968041"	"29422.08479"	"6d2.7s.7p"	"5F*"	"1"	"6d4"	""	"1"		""	"L5951"	
"730.56490"	"730.565014"	"72"	""		"10526.544406"	"24210.80979"	"5f.6d.7s2"	"3G*"	"3"	"6d4"	"5D"	"4"		""	"L5951"	
"730.7233"	"730.72297"	"22"	""		"19273.28060"	"32954.5879"	"6d3.(2P).7s"	""	"2"	""	"*"	"2"		""	"L3552"	
"730.7933"	"730.791789"	"22"	""		"21902.26981"	"35582.2888"	"5f.6d2.7s"	"3H*"	"4"	""	""	"5"		""	"L3552"	
"730.86417"	"730.864152"	"320"	""		"15166.900593"	"28845.56513"	"6d2.7s.7p"	"5G*"	"3"	"5f.6d.7s.7p"	"5H"	"4"		""	"L5951"	
"730.92571"	"730.92568"	"160"	""		"17398.39526"	"31075.9083"	"6d3.(4F).7s"	""	"3"	""	"*"	"2"		""	"L5951"	
"730.9311"	"730.931929"	"11"	""		"21539.59257"	"35216.98873"	""	"*"	"4"	""	""	"5"		""	"L3552"	
"731.1003"	"731.100236"	"55"	""		"21902.26981"	"35576.5173"	"5f.6d2.7s"	"3H*"	"4"	""	""	"3"		""	"L3552"	
"731.15146"	"731.151534"	"430"	""		"11241.73043"	"24915.01853"	"5f.6d.7s2"	"3F*"	"3"	"6d3.(2D1).7s"	"3D"	"3"		""	"L5951"	
"731.4743"	"731.473737"	"11"	""		"21738.05013"	"35405.3154"	"5f.6d2.7s"	"5G*"	"2"	""	""	"3"		""	"L3552"	
"731.50666"	"731.506593"	"480"	""		"3687.987189"	"17354.638583"	"6d2.7s2"	""	"2"	"5f.6d.7s2"	"3D*"	"1"		""	"L18702"	
"731.56112"	"731.561163"	"200"	""		"17224.302340"	"30889.93430"	"6d2.7s.7p"	"5F*"	"2"	""	""	"1"		""	"L5951"	
"731.6676"	"731.66763"	"10"	""		"20054.77119"	"33718.4147"	"6d3.(2F).7s"	"3F"	"2"	""	"*"	"2"		""	"L3552"	
"731.7122"	"731.712241"	"16"	""		"7502.287636"	"21165.098037"	"6d3.(4F).7s"	"5F"	"3"	"5f.6d.7s2"	"3D*"	"3"		""	"L3552"	
"731.8272"	"731.82631"	"10"	""		"22855.29928"	"36515.9800"	""	"*"	"3"	""	""	"3"		""	"L3552"	
"731.8595"	"731.859619"	"43"	""		"12847.96912"	"26508.02820"	"6d3.(4P).7s"	"5P"	"3"	""	"*"	"3"		""	"L3552"	
"732.32106"	"732.321031"	"210"	""		"15490.077832"	"29141.53019"	"5f.6d.7s2"	"3G*"	"5"	""	""	"5"		""	"L5951"	
"732.3740"	"732.37328"	"10"	""		"22396.82500"	"36047.3034"	""	"*"	"1"	""	""	"2"		""	"L3552"	
"732.3988"	"732.398766"	"54"	""		"17073.80916"	"30723.8126"	"6d3.(4P).7s"	""	"1"	""	"*"	"1"		""	"L3552"	
"732.480742"	"732.480721"	"1100"	""		"14204.26476"	"27852.74095"	"6d3.(2G).7s"	""	"5"	""	"*"	"5"		""	"L18702"	
"732.5219"	"732.521869"	"43"	""		"18549.40528"	"32197.1148"	"6d3.(4P).7s"	""	"2"	""	"*"	"3"		""	"L3552"	
"732.6058"	"732.605831"	"16"	""		"21594.67329"	"35240.8187"	"6d3.(2F).7s"	"1F"	"3"	""	"*"	"3"		""	"L3552"	
"732.6801"	"732.680027"	"27"	""		"20522.71449"	"34167.4780"	"6d2.7s.7p"	"3F*"	"2"	""	""	"3"		""	"L3552"	
"732.828498"	"732.828492"	"3500"	""		"7280.123222"	"20922.12244"	"6d2.7s2"	""	"2"	""	"*"	"2"		""	"L18702"	
"732.94916"	"732.949168"	"480"	""		"11802.93238"	"25442.68552"	"6d3.(4P).7s"	"5P"	"2"	""	"*"	"3"		""	"L5951"	
"733.1906"	"733.19038"	"10"	""		"22098.18793"	"35733.4538"	"5f.6d.7s.7p"	"5I"	"4"	""	"*"	"4"		""	"L3552"	
"733.4067"	"733.406749"	"21"	""		"22163.13360"	"35794.3768"	""	"*"	"4"	"6d4"	"3F1"	"4"		""	"L3552"	
"733.5802"	"733.580064"	"27"	""		"21645.85769"	"35273.8804"	"6d3.(2G).7s"	""	"4"	"6d3.7p"	"5G*"	"5"		""	"L3552"	
"733.6134"	"733.613229"	"11"	""		"22669.88918"	"36297.2958"	""	"*"	"3"	""	""	"4"		""	"L3552"	
"733.6798"	"733.679525"	"22"	""		"19588.36224"	"33214.53748"	"6d2.7s.7p"	"5G*"	"5"	"5f.6d.7s.7p"	"3I"	"5"		""	"L3552"	
"733.9005"	"733.900502"	"44"	""		"17166.10472"	"30788.17715"	"6d3.(2H).7s"	"3H"	"5"	""	"*"	"5"		""	"L3552"	
"733.9330"	"733.933152"	"11"	""		"21252.60286"	"34874.0693"	""	"*"	"2"	""	""	"3"		""	"L3552"	
"733.94098"	"733.941002"	"100"	""		"18930.29333"	"32551.61408"	"6d2.7s.7p"	"3G*"	"3"	""	""	"3"		""	"L5951"	
"733.96035"	"733.960345"	"340"	""		"13175.113345"	"26796.07511"	"5f.6d.7s2"	"3G*"	"4"	""	""	"3"		""	"L5951"	
"733.9729"	"733.973469"	"16"	""		"17398.39526"	"31019.11347"	"6d3.(4F).7s"	""	"3"	""	"*"	"4"		""	"L3552"	
"734.115149"	"734.115149"	"3000"	""		"10414.13700"	"24032.22651"	"5f.6d.7s2"	"1G*"	"4"	"5f.6d.7s.7p"	"5G"	"4"		""	"L18702"	
"734.1433"	"734.143313"	"44"	""		"16217.482038"	"29835.04913"	"6d.7s2.7p"	"1D*"	"2"	""	""	"3"		""	"L3552"	
"734.15604"	"734.156045"	"58"	""		"19986.16721"	"33603.49814"	"5f.6d2.7s"	"5H*"	"6"	""	""	"6"		""	"L5951"	
"734.17598"	"734.176291"	"82"	""		"20214.92997"	"33831.88538"	"6d2.7s.7p"	"5D*"	"3"	""	""	"4"		""	"L5951"	
"734.20313"	"734.203092"	"100"	""		"19948.395175"	"33564.85352"	"6d2.7s.7p"	"5F*"	"4"	""	""	"3"		""	"L5951"	
"734.22995"	"734.229948"	"220"	""		"10783.15535"	"24399.11564"	"6d.7s2.7p"	"3F*"	"2"	"5f.6d.7s.7p"	"5H"	"3"		""	"L5951"	
"734.25769"	"734.257687"	"720"	""		"18011.38030"	"31626.82622"	"5f.6d2.7s"	"5H*"	"5"	""	""	"5"		""	"L5951"	
"734.3396"	"734.339660"	"27"	""		"15490.077832"	"29104.00388"	"5f.6d.7s2"	"3G*"	"5"	"6d4"	"3G"	"4"		""	"L3552"	
"734.6671"	"734.666008"	"11"	""		"22877.51748"	"36485.3961"	""	"*"	"1"	""	""	"2"		""	"L3552"	
"735.0454"	"735.045443"	"290"	""		"20566.62381"	"34167.4780"	"6d2.7s.7p"	"5D*"	"4"	""	""	"3"		""	"L3552"	
"735.0934"	"735.093064"	"28"	""		"13847.77037"	"27447.74347"	"6d3.(4F).7s"	"3F"	"2"	""	"*"	"2"		""	"L3552"	
"735.1371"	"735.137722"	"5"	""		"8800.249723"	"22399.39666"	"6d3.(4F).7s"	"5F"	"4"	"5f.6d2.7s"	"3I*"	"5"		""	"L3552"	
"735.2937"	"735.293287"	"46"	""		"19503.143490"	"33099.41329"	"6d2.7s.7p"	"5F*"	"3"	""	""	"3"		""	"L3552"	
"735.8568"	"735.856016"	"46"	""		"18574.61019"	"32160.4826"	"6d3.(2P).7s"	""	"1"	""	"*"	"2"		""	"L3552"	
"735.8738"	"735.873264"	"11"	""		"18699.62342"	"32285.1774"	"5f.7s2.7p"	"3F"	"2"	""	"*"	"3"		""	"L3552"	
"736.0428"	"736.042362"	"17"	""		"19516.98043"	"33099.41329"	"6d2.7s.7p"	"5D*"	"2"	""	""	"3"		""	"L3552"	
"736.0553"	"736.056278"	"11"	""		"17847.07751"	"31429.25358"	"5f.6d.7s2"	"3P*"	"2"	""	""	"1"		""	"L3552"	
"736.0715"	"736.071542"	"11"	""		"19713.03109"	"33294.9255"	"6d3.(2F).7s"	"3F"	"3"	""	"*"	"3"		""	"L3552"	
"736.13472"	"736.134728"	"310"	""		"13297.43316"	"26878.16179"	"6d3.(2G).7s"	"3G"	"4"	"6d2.7s.7p"	"3G*"	"3"		""	"L5951"	
"736.21942"	"736.219525"	"120"	""		"19948.395175"	"33527.55959"	"6d2.7s.7p"	"5F*"	"4"	""	""	"4"		""	"L5951"	
"736.3794"	"736.379190"	"58"	""		"13945.307389"	"27521.52753"	"6d.7s2.7p"	"3F*"	"3"	""	""	"4"		""	"L3552"	
"736.5166"	"736.51693"	"17"	""		"20724.39599"	"34298.0771"	""	"*"	"0"	""	""	"1"		""	"L3552"	
"736.54261"	"736.542587"	"130"	""		"18053.617845"	"31626.82622"	"6d.7s2.7p"	"3F*"	"4"	""	""	"5"		""	"L5951"	
"737.0409"	"737.040496"	"23"	""		"17959.89498"	"31523.9340"	"6d3.(4F).7s"	"3F"	"4"	""	"*"	"3"		""	"L3552"	
"737.08249"	"737.082463"	"270"	""		"13088.56115"	"26651.82788"	"6d3.(2G).7s"	"3G"	"3"	""	"*"	"2"		""	"L18702"	
"737.21047"	"737.210441"	"110"	""		"23015.15141"	"36576.0636"	""	"*"	"5"	""	""	"4"		""	"L5951"	
"737.4483"	"737.447606"	"29"	""		"23655.13881"	"37211.6898"	""	"*"	"4"	""	""	"5"		""	"L3552"	
"737.5142"	"737.513295"	"5"	""		"15863.88829"	"29419.23183"	"6d3.(2D2).7s"	""	"2"	""	"*"	"2"		""	"L3552"	
"737.6178"	"737.617447"	"150"	""		"17411.224415"	"30964.65395"	"6d.7s2.7p"	"3D*"	"3"	""	""	"3"		""	"L3552"	
"737.687710"	"737.687717"	"1600"	""		"14481.86965"	"28034.00813"	"5f.6d.7s2"	"3H*"	"6"	""	""	"5"		""	"L18702"	
"737.7626"	"737.762311"	"11"	""		"21890.13254"	"35440.9008"	""	"*"	"3"	"6d4"	""	"3"		""	"L3552"	
"737.78873"	"737.788801"	"110"	""		"13945.307389"	"27495.58911"	"6d.7s2.7p"	"3F*"	"3"	"5f2.7s2"	"3H"	"4"		""	"L5951"	
"737.8165"	"737.815193"	"11"	""		"21539.59257"	"35089.38959"	""	"*"	"4"	""	""	"3"		""	"L3552"	
"738.3596"	"738.35862"	"300"	""		"17073.80916"	"30613.6337"	"6d3.(4P).7s"	""	"1"	""	"*"	"0"		""	"L3552"	
"738.37115"	"738.371125"	"1200"	""		"20867.97560"	"34407.57081"	"5f.6d2.7s"	"5I*"	"7"	""	""	"6"		""	"L5951"	
"738.417472"	"738.417488"	"1400"	""		"8800.249723"	"22338.99484"	"6d3.(4F).7s"	"5F"	"4"	"5f.6d2.7s"	"5G*"	"3"		""	"L18702"	
"738.5154"	"738.515057"	"120"	""		"12847.96912"	"26384.92556"	"6d3.(4P).7s"	"5P"	"3"	""	"*"	"4"		""	"L3552"	
"738.550045"	"738.550045"	"12000"	""		"3687.987189"	"17224.302340"	"6d2.7s2"	""	"2"	"6d2.7s.7p"	"5F*"	"2"		""	"L18702"	
"738.6055"	"738.605670"	"47"	""		"17354.638583"	"30889.93430"	"5f.6d.7s2"	"3D*"	"1"	""	""	"1"		""	"L3552"	
"738.63445"	"738.634453"	"250"	""		"14032.085336"	"27566.85363"	"6d.7s2.7p"	"3D*"	"2"	""	""	"2"		""	"L5951"	
"738.69236"	"738.692240"	"120"	""		"17224.302340"	"30758.01183"	"6d2.7s.7p"	"5F*"	"2"	""	""	"2"		""	"L5951"	
"738.71771"	"738.717608"	"93"	""		"27191.36326"	"40724.6080"	"5f.6d.7s.7p"	"5G"	"5"	""	"*"	"5"		""	"L5951"	
"738.8403"	"738.839666"	"29"	""		"18549.40528"	"32080.4143"	"6d3.(4P).7s"	""	"2"	""	"*"	"1"		""	"L3552"	
"739.0097"	"739.010221"	"300"	""		"18930.29333"	"32458.17957"	"6d2.7s.7p"	"3G*"	"3"	""	""	"4"		""	"L3552"	
"739.4970"	"739.496708"	"6"	""		"11802.93238"	"25321.91918"	"6d3.(4P).7s"	"5P"	"2"	""	"*"	"3"		""	"L3552"	
"739.6895"	"739.689460"	"120"	""		"14465.221873"	"27980.68586"	"6d2.7s.7p"	"5G*"	"2"	""	""	"3"		""	"L3552"	
"739.7074"	"739.707593"	"24"	""		"12847.96912"	"26363.10178"	"6d3.(4P).7s"	"5P"	"3"	""	"*"	"2"		""	"L3552"	
"739.8540"	"739.853864"	"48"	""		"19039.153374"	"32551.61408"	"6d.7s2.7p"	"3P*"	"2"	""	""	"3"		""	"L3552"	
"739.8583"	"739.859434"	"300"	""		"15166.900593"	"28679.25957"	"6d2.7s.7p"	"5G*"	"3"	""	""	"2"		""	"L3552"	
"739.9391"	"739.938751"	"48"	""		"19532.41646"	"33043.3270"	"6d3.(2F).7s"	"3F"	"4"	""	"*"	"3"		""	"L3552"	
"740.0309"	"740.031541"	"12"	""		"20922.12244"	"34431.3389"	""	"*"	"2"	""	""	"3"		""	"L3552"	
"740.18591"	"740.185912"	"74"	""		"20214.92997"	"33721.32901"	"6d2.7s.7p"	"5D*"	"3"	""	""	"2"		""	"L5951"	
"740.225215"	"740.225204"	"2000"	""		"10526.544406"	"24032.22651"	"5f.6d.7s2"	"3G*"	"3"	"5f.6d.7s.7p"	"5G"	"4"		""	"L18702"	
"740.3273"	"740.326776"	"18"	""		"11802.93238"	"25306.76154"	"6d3.(4P).7s"	"5P"	"2"	""	"*"	"2"		""	"L3552"	
"740.3698"	"740.369737"	"12"	""		"21902.26981"	"35405.3154"	"5f.6d2.7s"	"3H*"	"4"	""	""	"3"		""	"L3552"	
"740.39900"	"740.398944"	"190"	""		"16346.64962"	"29849.16255"	"5f.6d2.7s"	"5H*"	"4"	""	""	"4"		""	"L5951"	
"740.42595"	"740.425904"	"120"	""		"9804.806547"	"23306.82782"	"6d3.(4F).7s"	"5F"	"5"	"5f.6d2.7s"	"3I*"	"6"		""	"L5951"	
"740.47051"	"740.47021"	"83"	""		"24915.01853"	"38416.2320"	"6d3.(2D1).7s"	"3D"	"3"	""	"*"	"3"		""	"L5951"	
"740.92129"	"740.921278"	"120"	""		"13297.43316"	"26790.42715"	"6d3.(2G).7s"	"3G"	"4"	""	"*"	"4"		""	"L5951"	
"740.9836"	"740.983501"	"17"	""		"19817.18191"	"33309.04285"	"6d2.7s.7p"	"5P*"	"1"	""	""	"2"		""	"L3552"	
"741.09683"	"741.096757"	"150"	""		"14481.86965"	"27971.66875"	"5f.6d.7s2"	"3H*"	"6"	"6d4"	"3H"	"6"		""	"L5951"	
"741.1322"	"741.131605"	"59"	""		"3865.473772"	"17354.638583"	"6d2.7s2"	"3P"	"1"	"5f.6d.7s2"	"3D*"	"1"		""	"L3552"	
"741.3410"	"741.340909"	"11"	""		"21645.85769"	"35131.2141"	"6d3.(2G).7s"	""	"4"	""	"*"	"4"		""	"L3552"	
"741.3484"	"741.348211"	"17"	""		"13962.51989"	"27447.74347"	"6d3.(2D2).7s"	""	"1"	""	"*"	"2"		""	"L3552"	
"741.35957"	"741.359444"	"130"	""		"15618.98461"	"29104.00388"	"5f.6d2.7s"	"5H*"	"3"	"6d4"	"3G"	"4"		""	"L5951"	
"741.4139"	"741.413400"	"17"	""		"18809.88631"	"32293.92422"	"6d2.7s.7p"	"5G*"	"4"	""	""	"5"		""	"L3552"	
"741.4361"	"741.436136"	"59"	""		"18053.617845"	"31537.24226"	"6d.7s2.7p"	"3F*"	"4"	""	""	"3"		""	"L3552"	
"741.5679"	"741.568039"	"17"	""		"19273.28060"	"32754.5067"	"6d3.(2P).7s"	""	"2"	""	"*"	"3"		""	"L3552"	
"741.5817"	"741.58116"	"29"	""		"22396.82500"	"35877.8125"	""	"*"	"1"	"6d4"	""	"2"		""	"L3552"	
"741.5923"	"741.591339"	"59"	""		"21668.957072"	"35149.75961"	"6d2.7s.7p"	"5P*"	"1"	""	""	"2"		""	"L3552"	
"741.6503"	"741.650703"	"17"	""		"19588.36224"	"33068.08573"	"6d2.7s.7p"	"5G*"	"5"	""	""	"6"		""	"L3552"	
"741.77909"	"741.779089"	"480"	""		"2869.259165"	"16346.64962"	"6d2.7s2"	"3F"	"3"	"5f.6d2.7s"	"5H*"	"4"		""	"L18702"	
"741.854933"	"741.854974"	"1200"	""		"5563.141519"	"19039.153374"	"6d3.(4F).7s"	"5F"	"1"	"6d.7s2.7p"	"3P*"	"2"		""	"L18702"	
"741.93915"	"741.939005"	"50"	""		"23306.82782"	"36781.3134"	"5f.6d2.7s"	"3I*"	"6"	""	""	"5"		""	"L5951"	
"741.9593"	"741.959442"	"59"	""		"20214.92997"	"33689.0444"	"6d2.7s.7p"	"5D*"	"3"	""	""	"2"		""	"L3552"	
"742.1465"	"742.146308"	"29"	""		"22163.13360"	"35633.8554"	""	"*"	"4"	""	""	"4"		""	"L3552"	
"742.18272"	"742.182738"	"77"	""		"17501.17592"	"30971.23650"	"5f.6d2.7s"	"5I*"	"5"	""	""	"4"		""	"L5951"	
"742.20107"	"742.201206"	"180"	""		"19948.395175"	"33418.1206"	"6d2.7s.7p"	"5F*"	"4"	"6d4"	""	"4"		""	"L5951"	
"742.38043"	"742.380412"	"170"	""		"21143.42198"	"34609.8959"	"6d3.(2H).7s"	"1H"	"5"	"5f.6d3"	"*"	"6"		""	"L5951"	
"742.52417"	"742.524144"	"230"	""		"10526.544406"	"23990.41162"	"5f.6d.7s2"	"3G*"	"3"	"5f.6d.7s.7p"	"5F"	"2"		""	"L5951"	
"742.6906"	"742.690073"	"24"	""		"18699.62342"	"32160.4826"	"5f.7s2.7p"	"3F"	"2"	""	"*"	"2"		""	"L3552"	
"742.7224"	"742.722562"	"12"	""		"19948.395175"	"33408.66553"	"6d2.7s.7p"	"5F*"	"4"	""	""	"3"		""	"L3552"	
"742.894020"	"742.894028"	"7900"	""		"7280.123222"	"20737.28686"	"6d2.7s2"	""	"2"	""	"*"	"1"		""	"L18702"	
"742.9212"	"742.920900"	"17"	""		"19817.18191"	"33273.8588"	"6d2.7s.7p"	"5P*"	"1"	""	""	"1"		""	"L3552"	
"743.025322"	"743.025312"	"3900"	""		"6362.395980"	"19817.18191"	"6d3.(4F).7s"	"5F"	"2"	"6d2.7s.7p"	"5P*"	"1"		""	"L18702"	
"743.3005"	"743.300281"	"29"	""		"13847.77037"	"27297.5790"	"6d3.(4F).7s"	"3F"	"2"	""	"*"	"1"		""	"L3552"	
"743.3375"	"743.337456"	"48"	""		"15970.09583"	"29419.23183"	"6d3.(2D2).7s"	""	"3"	""	"*"	"2"		""	"L3552"	
"743.7331"	"743.732269"	"6"	""		"22855.29928"	"36297.2958"	""	"*"	"3"	""	""	"4"		""	"L3552"	
"744.20449"	"744.204002"	"110"	""		"16217.482038"	"29650.95804"	"6d.7s2.7p"	"1D*"	"2"	""	""	"2"		""	"L5951"	
"744.3573"	"744.35691"	"6"	""		"23655.13881"	"37085.8553"	""	"*"	"4"	""	""	"4"		""	"L3552"	
"744.38752"	"744.387454"	"93"	""		"11241.73043"	"24671.89582"	"5f.6d.7s2"	"3F*"	"3"	"6d3.(2D1).7s"	"3D"	"2"		""	"L5951"	
"744.43730"	"744.437376"	"100"	""		"17501.17592"	"30930.44068"	"5f.6d2.7s"	"5I*"	"5"	"5f.6d.7s.7p"	"5H"	"6"		""	"L5951"	
"744.474816"	"744.474892"	"1500"	""		"8111.004545"	"21539.59257"	"6d2.7s2"	"1G"	"4"	""	"*"	"4"		""	"L18702"	
"744.784887"	"744.784861"	"1200"	""		"11241.73043"	"24664.72970"	"5f.6d.7s2"	"3F*"	"3"	"5f.6d.7s.7p"	"5F"	"3"		""	"L18702"	
"744.96049"	"744.960486"	"260"	""		"7502.287636"	"20922.12244"	"6d3.(4F).7s"	"5F"	"3"	""	"*"	"2"		""	"L5951"	
"744.98090"	"744.980902"	"240"	""		"13088.56115"	"26508.02820"	"6d3.(2G).7s"	"3G"	"3"	""	"*"	"3"		""	"L5951"	
"744.9979"	"744.998214"	"18"	""		"22163.13360"	"35582.2888"	""	"*"	"4"	""	""	"5"		""	"L3552"	
"745.01925"	"745.01955"	"120"	""		"30726.78752"	"44145.5585"	"5f.6d.7s.7p"	"5I"	"7"	""	"*"	"6"		""	"L5951"	
"745.0306"	"745.031342"	"48"	""		"17847.07751"	"31265.63604"	"5f.6d.7s2"	"3P*"	"2"	""	""	"3"		""	"L3552"	
"745.2432"	"745.24272"	"12"	""		"21575.03713"	"34989.7897"	"6d3.(2P).7s"	""	"2"	""	"*"	"1"		""	"L3552"	
"745.2516"	"745.251615"	"120"	""		"17398.39526"	"30812.9877"	"6d3.(4F).7s"	""	"3"	""	"*"	"2"		""	"L3552"	
"745.3188"	"745.318773"	"30"	""		"22163.13360"	"35576.5173"	""	"*"	"4"	""	""	"3"		""	"L3552"	
"745.3730"	"745.373569"	"120"	""		"13847.77037"	"27260.16801"	"6d3.(4F).7s"	"3F"	"2"	""	"*"	"3"		""	"L3552"	
"745.52080"	"745.520794"	"620"	""		"16346.64962"	"29756.39860"	"5f.6d2.7s"	"5H*"	"4"	""	""	"4"		""	"L5951"	
"745.68182"	"745.681986"	"170"	""		"17166.10472"	"30572.95496"	"6d3.(2H).7s"	"3H"	"5"	""	"*"	"6"		""	"L5951"	
"745.76532"	"745.765197"	"120"	""		"14206.91694"	"27612.27129"	"5f.6d.7s2"	"3F*"	"4"	"6d4"	"3G"	"3"		""	"L5951"	
"745.87540"	"745.875426"	"160"	""		"17354.638583"	"30758.01183"	"5f.6d.7s2"	"3D*"	"1"	""	""	"2"		""	"L5951"	
"746.0310"	"746.031057"	"62"	""		"22399.39666"	"35799.97381"	"5f.6d2.7s"	"3I*"	"5"	"5f.6d.7s.7p"	"3I"	"6"		""	"L3552"	
"746.1290"	"746.129436"	"49"	""		"17847.07751"	"31245.88778"	"5f.6d.7s2"	"3P*"	"2"	""	""	"2"		""	"L3552"	
"746.1385"	"746.138651"	"18"	""		"21902.26981"	"35300.9146"	"5f.6d2.7s"	"3H*"	"4"	"5f.6d2.7p"	"5K"	"5"		""	"L3552"	
"746.1502"	"746.150411"	"31"	""		"13945.307389"	"27343.74101"	"6d.7s2.7p"	"3F*"	"3"	"5f.6d.7s.7p"	"5H"	"3"		""	"L3552"	
"746.29909"	"746.299097"	"90"	""		"15166.900593"	"28562.66485"	"6d2.7s.7p"	"5G*"	"3"	""	""	"4"		""	"L5951"	
"746.3427"	"746.342784"	"6"	""		"22399.39666"	"35794.3768"	"5f.6d2.7s"	"3I*"	"5"	"6d4"	"3F1"	"4"		""	"L3552"	
"746.5025"	"746.502679"	"93"	""		"18809.88631"	"32201.99736"	"6d2.7s.7p"	"5G*"	"4"	""	""	"5"		""	"L3552"	
"746.52362"	"746.523509"	"78"	""		"15493.21943"	"28884.95681"	"6d3.(2H).7s"	"3H"	"4"	""	"*"	"3"		""	"L5951"	
"746.54399"	"746.543981"	"190"	""		"20214.92997"	"33606.30012"	"6d2.7s.7p"	"5D*"	"3"	""	""	"2"		""	"L5951"	
"746.6819"	"746.681800"	"31"	""		"15863.88829"	"29252.78674"	"6d3.(2D2).7s"	""	"2"	""	"*"	"2"		""	"L3552"	
"746.90565"	"746.905683"	"90"	""		"14206.91694"	"27591.80212"	"5f.6d.7s2"	"3F*"	"4"	"6d4"	"3H"	"5"		""	"L5951"	
"746.9705"	"746.970431"	"25"	""		"21077.152101"	"34460.87707"	"6d2.7s.7p"	"5F*"	"5"	""	""	"5"		""	"L3552"	
"747.3440"	"747.342367"	"130"	""		"21668.957072"	"35046.0213"	"6d2.7s.7p"	"5P*"	"1"	""	"5F"	"1"		""	"L3552"	
"747.4043"	"747.40436"	"12"	""		"20922.12244"	"34298.0771"	""	"*"	"2"	""	""	"1"		""	"L3552"	
"747.4559"	"747.455793"	"62"	""		"19588.36224"	"32963.39652"	"6d2.7s.7p"	"5G*"	"5"	""	""	"5"		""	"L3552"	
"748.06464"	"748.064518"	"84"	""		"15166.900593"	"28531.05121"	"6d2.7s.7p"	"5G*"	"3"	"6d4"	""	"2"		""	"L5951"	
"748.0802"	"748.08042"	"12"	""		"22098.18793"	"35462.0545"	"5f.6d.7s.7p"	"5I"	"4"	""	"*"	"3"		""	"L3552"	
"748.11064"	"748.110861"	"78"	""		"17398.39526"	"30761.71803"	"6d3.(4F).7s"	""	"3"	""	"*"	"3"		""	"L5951"	
"748.135428"	"748.135432"	"4600"	""		"8800.249723"	"22163.13360"	"6d3.(4F).7s"	"5F"	"4"	""	"*"	"4"		""	"L18702"	
"748.362557"	"748.362543"	"2000"	""		"3865.473772"	"17224.302340"	"6d2.7s2"	"3P"	"1"	"6d2.7s.7p"	"5F*"	"2"		""	"L18702"	
"748.5500"	"748.549769"	"30"	""		"15490.077832"	"28845.56513"	"5f.6d.7s2"	"3G*"	"5"	"5f.6d.7s.7p"	"5H"	"4"		""	"L3552"	
"748.7869"	"748.785440"	"18"	""		"17166.10472"	"30517.38856"	"6d3.(2H).7s"	"3H"	"5"	""	"*"	"4"		""	"L3552"	
"748.79733"	"748.797366"	"750"	""		"8243.602091"	"21594.67329"	"5f.6d.7s2"	"3F*"	"2"	"6d3.(2F).7s"	"1F"	"3"		""	"L18702"	
"748.9361"	"748.93605"	"6"	""		"21143.42198"	"34492.0209"	"6d3.(2H).7s"	"1H"	"5"	""	"*"	"4"		""	"L3552"	
"748.96145"	"748.961425"	"260"	""		"7795.275291"	"21143.42198"	"5f.6d.7s2"	"3H*"	"4"	"6d3.(2H).7s"	"1H"	"5"		""	"L5951"	
"748.97112"	"748.971175"	"270"	""		"13297.43316"	"26645.40609"	"6d3.(2G).7s"	"3G"	"4"	""	"*"	"5"		""	"L5951"	
"749.0379"	"749.037702"	"30"	""		"17411.224415"	"30758.01183"	"6d.7s2.7p"	"3D*"	"3"	""	""	"2"		""	"L3552"	
"749.34276"	"749.342711"	"200"	""		"8800.249723"	"22141.60454"	"6d3.(4F).7s"	"5F"	"4"	""	"*"	"3"		""	"L5951"	
"749.4237"	"749.423251"	"12"	""		"15970.09583"	"29310.01688"	"6d3.(2D2).7s"	""	"3"	""	"*"	"4"		""	"L3552"	
"749.55641"	"749.556420"	"170"	""		"16346.64962"	"29684.20065"	"5f.6d2.7s"	"5H*"	"4"	"5f.6d.7s.7p"	"5H"	"5"		""	"L5951"	
"749.69881"	"749.699119"	"110"	""		"8243.602091"	"21578.61445"	"5f.6d.7s2"	"3F*"	"2"	"6d4"	"5D"	"1"		""	"L5951"	
"749.7305"	"749.729234"	"18"	""		"21539.59257"	"34874.0693"	""	"*"	"4"	""	""	"3"		""	"L3552"	
"749.75498"	"749.755043"	"77"	""		"15863.88829"	"29197.90600"	"6d3.(2D2).7s"	""	"2"	""	"*"	"2"		""	"L5951"	
"749.90024"	"749.900292"	"300"	""		"8243.602091"	"21575.03713"	"5f.6d.7s2"	"3F*"	"2"	"6d3.(2P).7s"	""	"2"		""	"L5951"	
"749.95730"	"749.957466"	"73"	""		"21077.152101"	"34407.57081"	"6d2.7s.7p"	"5F*"	"5"	""	""	"6"		""	"L5951"	
"749.96437"	"749.964375"	"51"	""		"19713.03109"	"33043.3270"	"6d3.(2F).7s"	"3F"	"3"	""	"*"	"3"		""	"L5951"	
"749.9786"	"749.977785"	"6"	""		"19532.41646"	"32862.47402"	"6d3.(2F).7s"	"3F"	"4"	""	"*"	"4"		""	"L3552"	
"750.1180"	"750.117892"	"49"	""		"22248.94952"	"35576.5173"	""	"*"	"2"	""	""	"3"		""	"L3552"	
"750.3626"	"750.362731"	"12"	""		"17959.89498"	"31283.11407"	"6d3.(4F).7s"	"3F"	"4"	""	"*"	"3"		""	"L3552"	
"750.38289"	"750.382963"	"63"	""		"14243.993748"	"27566.85363"	"5f.6d.7s2"	"3P*"	"1"	""	""	"2"		""	"L5951"	
"750.5052"	"750.505354"	"6"	""		"18549.40528"	"31870.0925"	"6d3.(4P).7s"	""	"2"	""	"*"	"2"		""	"L3552"	
"750.52928"	"750.529298"	"350"	""		"17224.302340"	"30544.56459"	"6d2.7s.7p"	"5F*"	"2"	""	""	"2"		""	"L5951"	
"750.77381"	"750.773841"	"180"	""		"15618.98461"	"28934.90819"	"5f.6d2.7s"	"5H*"	"3"	""	""	"3"		""	"L5951"	
"750.79237"	"750.792397"	"440"	""		"18011.38030"	"31326.97478"	"5f.6d2.7s"	"5H*"	"5"	""	""	"4"		""	"L5951"	
"750.84787"	"750.847878"	"630"	""		"14206.91694"	"27521.52753"	"5f.6d.7s2"	"3F*"	"4"	""	""	"4"		""	"L5951"	
"750.9595"	"750.959607"	"12"	""		"20214.92997"	"33527.55959"	"6d2.7s.7p"	"5D*"	"3"	""	""	"4"		""	"L3552"	
"751.0144"	"751.014552"	"6"	""		"14032.085336"	"27343.74101"	"6d.7s2.7p"	"3D*"	"2"	"5f.6d.7s.7p"	"5H"	"3"		""	"L3552"	
"751.17910"	"751.179025"	"830"	""		"9804.806547"	"23113.54761"	"6d3.(4F).7s"	"5F"	"5"	"5f.6d2.7s"	"5G*"	"4"		""	"L18702"	
"751.2237"	"751.222482"	"19"	""		"21738.05013"	"35046.0213"	"5f.6d2.7s"	"5G*"	"2"	""	"5F"	"1"		""	"L3552"	
"751.28434"	"751.28458"	"90"	""		"24381.33337"	"37688.2046"	""	"*"	"2"	""	""	"3"		""	"L5951"	
"751.4681"	"751.46795"	"12"	""		"21575.03713"	"34878.6613"	"6d3.(2P).7s"	""	"2"	""	"*"	"1"		""	"L3552"	
"751.48963"	"751.489903"	"75*"	""		"26048.54211"	"39351.7776"	""	"*"	"4"	""	""	"5"		""	"L5951"	
"751.5504"	"751.551826"	"6"	""		"19273.28060"	"32575.4200"	"6d3.(2P).7s"	""	"2"	"6d3.7p"	"5G*"	"2"		""	"L3552"	
"751.67405"	"751.674031"	"130"	""		"18614.33811"	"31914.3149"	"6d2.7s.7p"	"5D*"	"1"	""	""	"1"		""	"L5951"	
"751.79510"	"751.795110"	"180"	""		"20423.494218"	"33721.32901"	"6d.7s2.7p"	"3P*"	"1"	""	""	"2"		""	"L5951"	
"751.87823"	"751.878248"	"360"	""		"13088.56115"	"26384.92556"	"6d3.(2G).7s"	"3G"	"3"	""	"*"	"4"		""	"L5951"	
"751.9279"	"751.928133"	"6"	""		"18574.61019"	"31870.0925"	"6d3.(2P).7s"	""	"1"	""	"*"	"2"		""	"L3552"	
"752.0127"	"752.012618"	"50"	""		"15863.88829"	"29157.87692"	"6d3.(2D2).7s"	""	"2"	""	"*"	"3"		""	"L3552"	
"752.0567"	"752.057090"	"12"	""		"15863.88829"	"29157.0908"	"6d3.(2D2).7s"	""	"2"	""	"*"	"1"		""	"L3552"	
"752.0694"	"752.069493"	"95"	""		"19503.143490"	"32796.12677"	"6d2.7s.7p"	"5F*"	"3"	""	""	"3"		""	"L3552"	
"752.31348"	"752.313481"	"740"	""		"14206.91694"	"27495.58911"	"5f.6d.7s2"	"3F*"	"4"	"5f2.7s2"	"3H"	"4"		""	"L14361"	
"752.3335"	"752.333555"	"50"	""		"16351.93901"	"29640.2566"	"6d2.7s2"	""	"0"	""	"*"	"1"		""	"L3552"	
"752.6832"	"752.683222"	"12"	""		"23015.15141"	"36297.2958"	""	"*"	"5"	""	""	"4"		""	"L3552"	
"752.73483"	"752.734906"	"95"	""		"20322.26571"	"33603.49814"	"5f.6d.7s2"	"1H*"	"5"	""	""	"6"		""	"L5951"	
"752.8490"	"752.850669"	"260"	""		"11601.03035"	"24880.22058"	"6d3.(4P).7s"	"5P"	"1"	""	"*"	"1"		""	"L3552"	
"752.8919"	"752.892231"	"32"	""		"19503.143490"	"32781.60068"	"6d2.7s.7p"	"5F*"	"3"	""	""	"4"		""	"L3552"	
"752.9318"	"752.931356"	"19"	""		"22163.13360"	"35440.9008"	""	"*"	"4"	"6d4"	""	"3"		""	"L3552"	
"752.9408"	"752.93854"	"12"	""		"22401.20793"	"35678.8484"	"6d3.(2P).7s"	""	"1"	""	"*"	"1"		""	"L3552"	
"753.11436"	"753.114368"	"430"	""		"13088.56115"	"26363.10178"	"6d3.(2G).7s"	"3G"	"3"	""	"*"	"2"		""	"L5951"	
"753.18147"	"753.181530"	"190"	""		"18053.617845"	"31326.97478"	"6d.7s2.7p"	"3F*"	"4"	""	""	"4"		""	"L5951"	
"753.5850"	"753.585542"	"32"	""		"21165.098037"	"34431.3389"	"5f.6d.7s2"	"3D*"	"3"	""	""	"3"		""	"L3552"	
"753.6244"	"753.624778"	"6"	""		"20423.494218"	"33689.0444"	"6d.7s2.7p"	"3P*"	"1"	""	""	"2"		""	"L3552"	
"753.74286"	"753.742814"	"400"	""		"15618.98461"	"28882.45742"	"5f.6d2.7s"	"5H*"	"3"	""	""	"2"		""	"L5951"	
"754.05921"	"754.059119"	"61"	""		"18069.065569"	"31326.97478"	"6d.7s2.7p"	"1F*"	"3"	""	""	"4"		""	"L5951"	
"754.4592"	"754.457568"	"13"	""		"20522.71449"	"33773.6219"	"6d2.7s.7p"	"3F*"	"2"	""	""	"1"		""	"L3552"	
"754.5657"	"754.565285"	"32"	""		"12847.96912"	"26096.98491"	"6d3.(4P).7s"	"5P"	"3"	""	"*"	"3"		""	"L3552"	
"754.7742"	"754.773804"	"19"	""		"20922.12244"	"34167.4780"	""	"*"	"2"	""	""	"3"		""	"L3552"	
"754.931357"	"754.931358"	"3500"	""		"7280.123222"	"20522.71449"	"6d2.7s2"	""	"2"	"6d2.7s.7p"	"3F*"	"2"		""	"L18702"	
"754.9439"	"754.944815"	"6"	""		"20054.77119"	"33297.1264"	"6d3.(2F).7s"	"3F"	"2"	""	"*"	"2"		""	"L3552"	
"754.9923"	"754.99033"	"13"	""		"19713.03109"	"32954.5879"	"6d3.(2F).7s"	"3F"	"3"	""	"*"	"2"		""	"L3552"	
"755.0831"	"755.082773"	"6"	""		"17411.224415"	"30651.16019"	"6d.7s2.7p"	"3D*"	"3"	"6d4"	""	"3"		""	"L3552"	
"755.3753"	"755.375347"	"13"	""		"17959.89498"	"31194.70265"	"6d3.(4F).7s"	"3F"	"4"	"5f.6d3"	"5I*"	"4"		""	"L3552"	
"755.53253"	"755.532564"	"170"	""		"18930.29333"	"32162.34702"	"6d2.7s.7p"	"3G*"	"3"	""	""	"2"		""	"L5951"	
"755.62235"	"755.622317"	"87"	""		"16783.84708"	"30014.32907"	"5f.6d2.7s"	"5I*"	"4"	"6d4"	""	"4"		""	"L5951"	
"755.6309"	"755.630535"	"13"	""		"19273.28060"	"32503.6187"	"6d3.(2P).7s"	""	"2"	""	"*"	"2"		""	"L3552"	
"755.6646"	"755.662660"	"6"	""		"20543.84624"	"33773.6219"	"6d.7s2.7p"	"3P*"	"0"	""	""	"1"		""	"L3552"	
"755.7438"	"755.742942"	"13"	""		"19986.16721"	"33214.53748"	"5f.6d2.7s"	"5H*"	"6"	"5f.6d.7s.7p"	"3I"	"5"		""	"L3552"	
"755.77494"	"755.774942"	"170"	""		"15970.09583"	"29197.90600"	"6d3.(2D2).7s"	""	"3"	""	"*"	"2"		""	"L5951"	
"756.3711"	"756.371124"	"33"	""		"18053.617845"	"31271.00174"	"6d.7s2.7p"	"3F*"	"4"	""	""	"5"		""	"L3552"	
"756.58515"	"756.585183"	"420"	""		"13847.77037"	"27061.41472"	"6d3.(4F).7s"	"3F"	"2"	""	"*"	"2"		""	"L5951"	
"756.6732"	"756.673043"	"20"	""		"22877.58322"	"36089.6933"	""	"*"	"5"	""	""	"4"		""	"L3552"	
"756.75985"	"756.759821"	"660"	""		"13297.43316"	"26508.02820"	"6d3.(2G).7s"	"3G"	"4"	""	"*"	"3"		""	"L18702"	
"756.774152"	"756.774153"	"8700"	""		"9804.806547"	"23015.15141"	"6d3.(4F).7s"	"5F"	"5"	""	"*"	"5"		""	"L18702"	
"756.90790"	"756.90794"	"65"	""		"25321.91918"	"38529.9290"	""	"*"	"3"	""	""	"3"		""	"L5951"	
"756.95112"	"756.951130"	"730"	""		"10783.15535"	"23990.41162"	"6d.7s2.7p"	"3F*"	"2"	"5f.6d.7s.7p"	"5F"	"2"		""	"L18702"	
"756.96582"	"756.965852"	"330"	""		"19503.143490"	"32710.14290"	"6d2.7s.7p"	"5F*"	"3"	""	""	"2"		""	"L5951"	
"757.05589"	"757.055895"	"77"	""		"13175.113345"	"26380.54194"	"5f.6d.7s2"	"3G*"	"4"	"5f.6d.7s.7p"	"5H"	"5"		""	"L5951"	
"757.0636"	"757.063618"	"13"	""		"20322.26571"	"33527.55959"	"5f.6d.7s2"	"1H*"	"5"	""	""	"4"		""	"L3552"	
"757.10325"	"757.103243"	"79"	""		"16217.482038"	"29422.08479"	"6d.7s2.7p"	"1D*"	"2"	"6d4"	""	"1"		""	"L5951"	
"757.2973"	"757.297046"	"27"	""		"21143.42198"	"34344.6455"	"6d3.(2H).7s"	"1H"	"5"	""	"*"	"4"		""	"L3552"	
"757.3155"	"757.315124"	"20"	""		"16217.482038"	"29418.39044"	"6d.7s2.7p"	"1D*"	"2"	""	""	"2"		""	"L3552"	
"757.33437"	"757.334366"	"290"	""		"12847.96912"	"26048.54211"	"6d3.(4P).7s"	"5P"	"3"	""	"*"	"4"		""	"L5951"	
"757.4116"	"757.409872"	"20"	""		"21890.13254"	"35089.38959"	""	"*"	"3"	""	""	"3"		""	"L3552"	
"757.4484"	"757.446744"	"34"	""		"20522.71449"	"33721.32901"	"6d2.7s.7p"	"3F*"	"2"	""	""	"2"		""	"L3552"	
"757.7266"	"757.726844"	"140"	""		"20214.92997"	"33408.66553"	"6d2.7s.7p"	"5D*"	"3"	""	""	"3"		""	"L3552"	
"757.7550"	"757.755396"	"170"	""		"19588.36224"	"32781.60068"	"6d2.7s.7p"	"5G*"	"5"	""	""	"4"		""	"L3552"	
"757.9456"	"757.945694"	"20"	""		"17354.638583"	"30544.56459"	"5f.6d.7s2"	"3D*"	"1"	""	""	"2"		""	"L3552"	
"758.03459"	"758.034535"	"130"	""		"12847.96912"	"26036.34930"	"6d3.(4P).7s"	"5P"	"3"	""	"*"	"3"		""	"L5951"	
"758.06904"	"758.068971"	"160"	""		"15970.09583"	"29157.87692"	"6d3.(2D2).7s"	""	"3"	""	"*"	"3"		""	"L5951"	
"758.1088"	"758.106987"	"13"	""		"21902.26981"	"35089.38959"	"5f.6d2.7s"	"3H*"	"4"	""	""	"3"		""	"L3552"	
"758.34261"	"758.342602"	"62"	""		"15493.21943"	"28676.24203"	"6d3.(2H).7s"	"3H"	"4"	""	"*"	"3"		""	"L5951"	
"758.569464"	"758.569453"	"4300"	""		"16554.24283"	"29733.32304"	"6d3.(2H).7s"	"3H"	"6"	""	"*"	"5"		""	"L18702"	
"758.579175"	"758.579176"	"7900"	""		"2558.056752"	"15736.968041"	"6d2.7s2"	"3P"	"0"	"6d2.7s.7p"	"5F*"	"1"		""	"L18702"	
"758.62131"	"758.621397"	"130"	""		"11802.93238"	"24981.11021"	"6d3.(4P).7s"	"5P"	"2"	""	"*"	"3"		""	"L5951"	
"758.69943"	"758.699444"	"120"	""		"18069.065569"	"31245.88778"	"6d.7s2.7p"	"1F*"	"3"	""	""	"2"		""	"L5951"	
"759.1999"	"759.200229"	"69"	""		"21539.59257"	"34707.7231"	""	"*"	"4"	""	""	"3"		""	"L3552"	
"759.82054"	"759.820690"	"1200"	""		"16554.24283"	"29711.62048"	"6d3.(2H).7s"	"3H"	"6"	""	"*"	"5"		""	"L5951"	
"759.9638"	"759.963947"	"34"	""		"17398.39526"	"30553.29269"	"6d3.(4F).7s"	""	"3"	""	"*"	"2"		""	"L3552"	
"759.9815"	"759.982028"	"13"	""		"6362.395980"	"19516.98043"	"6d3.(4F).7s"	"5F"	"2"	"6d2.7s.7p"	"5D*"	"2"		""	"L3552"	
"760.0637"	"760.06361"	"13"	""		"23655.13881"	"36808.3114"	""	"*"	"4"	""	""	"3"		""	"L3552"	
"760.1880"	"760.188124"	"35"	""		"19948.395175"	"33099.41329"	"6d2.7s.7p"	"5F*"	"4"	""	""	"3"		""	"L3552"	
"760.2247"	"760.22454"	"14"	""		"21575.03713"	"34725.4253"	"6d3.(2P).7s"	""	"2"	""	"*"	"3"		""	"L3552"	
"760.2795"	"760.279188"	"280"	""		"19713.03109"	"32862.47402"	"6d3.(2F).7s"	"3F"	"3"	""	"*"	"4"		""	"L3552"	
"760.32475"	"760.324804"	"87"	""		"19588.36224"	"32737.01627"	"6d2.7s.7p"	"5G*"	"5"	""	""	"5"		""	"L5951"	
"760.36242"	"760.362422"	"170"	""		"13847.77037"	"26995.77389"	"6d3.(4F).7s"	"3F"	"2"	""	"*"	"3"		""	"L5951"	
"760.5083"	"760.507846"	"35"	""		"15736.968041"	"28882.45742"	"6d2.7s.7p"	"5F*"	"1"	""	""	"2"		""	"L3552"	
"760.6314"	"760.630421"	"36"	""		"7280.123222"	"20423.494218"	"6d2.7s2"	""	"2"	"6d.7s2.7p"	"3P*"	"1"		""	"L3552"	
"760.75141"	"760.751439"	"120"	""		"17411.224415"	"30552.50463"	"6d.7s2.7p"	"3D*"	"3"	""	""	"4"		""	"L5951"	
"760.782302"	"760.782278"	"1400"	""		"6362.395980"	"19503.143490"	"6d3.(4F).7s"	"5F"	"2"	"6d2.7s.7p"	"5F*"	"3"		""	"L18702"	
"760.9359"	"760.93460"	"21"	""		"18574.61019"	"31712.7273"	"6d3.(2P).7s"	""	"1"	""	"*"	"1"		""	"L3552"	
"760.9546"	"760.954064"	"14"	""		"22163.13360"	"35300.9146"	""	"*"	"4"	"5f.6d2.7p"	"5K"	"5"		""	"L3552"	
"761.0101"	"761.009495"	"36"	""		"14206.91694"	"27343.74101"	"5f.6d.7s2"	"3F*"	"4"	"5f.6d.7s.7p"	"5H"	"3"		""	"L3552"	
"761.0378"	"761.037289"	"14"	""		"21165.098037"	"34301.44234"	"5f.6d.7s2"	"3D*"	"3"	""	""	"4"		""	"L3552"	
"761.1293"	"761.128491"	"57"	""		"17073.80916"	"30208.5794"	"6d3.(4P).7s"	""	"1"	""	"*"	"2"		""	"L3552"	
"761.2122"	"761.211370"	"28"	""		"17411.224415"	"30544.56459"	"6d.7s2.7p"	"3D*"	"3"	""	""	"2"		""	"L3552"	
"761.66827"	"761.668341"	"130"	""		"13962.51989"	"27087.98061"	"6d3.(2D2).7s"	""	"1"	""	"*"	"1"		""	"L5951"	
"761.7255"	"761.724815"	"14"	""		"22669.88918"	"35794.3768"	""	"*"	"3"	"6d4"	"3F1"	"4"		""	"L3552"	
"762.00772"	"762.007712"	"630"	""		"18809.88631"	"31929.50145"	"6d2.7s.7p"	"5G*"	"4"	""	""	"3"		""	"L5951"	
"762.0443"	"762.043832"	"21"	""		"17398.39526"	"30517.38856"	"6d3.(4F).7s"	""	"3"	""	"*"	"4"		""	"L3552"	
"762.0815"	"762.081173"	"36"	""		"23015.15141"	"36133.5019"	""	"*"	"5"	""	""	"5"		""	"L3552"	
"762.51194"	"762.511893"	"230"	""		"18930.29333"	"32041.23370"	"6d2.7s.7p"	"3G*"	"3"	""	""	"2"		""	"L5951"	
"762.570508"	"762.570515"	"1800"	""		"14481.86965"	"27591.80212"	"5f.6d.7s2"	"3H*"	"6"	"6d4"	"3H"	"5"		""	"L18702"	
"762.717489"	"762.717460"	"3200"	""		"4961.658832"	"18069.065569"	"6d2.7s2"	"3F"	"4"	"6d.7s2.7p"	"1F*"	"3"		""	"L18702"	
"762.7428"	"762.74066"	"21"	""		"20054.77119"	"33161.7792"	"6d3.(2F).7s"	"3F"	"2"	""	"*"	"1"		""	"L3552"	
"763.031020"	"763.031038"	"1900"	""		"8800.249723"	"21902.26981"	"6d3.(4F).7s"	"5F"	"4"	"5f.6d2.7s"	"3H*"	"4"		""	"L18702"	
"763.05366"	"763.053655"	"400"	""		"14465.221873"	"27566.85363"	"6d2.7s.7p"	"5G*"	"2"	""	""	"2"		""	"L5951"	
"763.21305"	"763.213090"	"380"	""		"13962.51989"	"27061.41472"	"6d3.(2D2).7s"	""	"1"	""	"*"	"2"		""	"L5951"	
"763.37650"	"763.376552"	"200"	""		"15493.21943"	"28589.30942"	"6d3.(2H).7s"	"3H"	"4"	""	"*"	"3"		""	"L5951"	
"763.4919"	"763.491816"	"21"	""		"20214.92997"	"33309.04285"	"6d2.7s.7p"	"5D*"	"3"	""	""	"2"		""	"L3552"	
"763.617473"	"763.617425"	"1400"	""		"4961.658832"	"18053.617845"	"6d2.7s2"	"3F"	"4"	"6d.7s2.7p"	"3F*"	"4"		""	"L18702"	
"763.73853"	"763.738544"	"540"	""		"8800.249723"	"21890.13254"	"6d3.(4F).7s"	"5F"	"4"	""	"*"	"3"		""	"L18702"	
"763.87805"	"763.878041"	"620"	""		"13297.43316"	"26384.92556"	"6d3.(2G).7s"	"3G"	"4"	""	"*"	"4"		""	"L5951"	
"764.1066"	"764.106137"	"7"	""		"20522.71449"	"33606.30012"	"6d2.7s.7p"	"3F*"	"2"	""	""	"2"		""	"L3552"	
"764.1605"	"764.159932"	"14"	""		"18930.29333"	"32012.95790"	"6d2.7s.7p"	"3G*"	"3"	""	""	"4"		""	"L3552"	
"764.20378"	"764.203512"	"88"	""		"19986.16721"	"33068.08573"	"5f.6d2.7s"	"5H*"	"6"	""	""	"6"		""	"L5951"	
"764.2425"	"764.243346"	"14"	""		"18699.62342"	"31780.86008"	"5f.7s2.7p"	"3F"	"2"	""	"*"	"3"		""	"L3552"	
"764.28842"	"764.288213"	"110"	""		"13175.113345"	"26255.58209"	"5f.6d.7s2"	"3G*"	"4"	""	""	"4"		""	"L5951"	
"764.3413"	"764.34087"	"7"	""		"21645.85769"	"34725.4253"	"6d3.(2G).7s"	""	"4"	""	"*"	"3"		""	"L3552"	
"764.47402"	"764.474097"	"160"	""		"11802.93238"	"24880.22058"	"6d3.(4P).7s"	"5P"	"2"	""	"*"	"1"		""	"L5951"	
"764.6337"	"764.634676"	"14"	""		"23015.15141"	"36089.6933"	""	"*"	"5"	""	""	"4"		""	"L3552"	
"764.737925"	"764.737925"	"15000"	""		"9804.806547"	"22877.58322"	"6d3.(4F).7s"	"5F"	"5"	""	"*"	"5"		""	"L18702"	
"764.9891"	"764.989902"	"14"	""		"22508.04658"	"35576.5173"	"6d2.7s.7p"	"5P*"	"2"	""	""	"3"		""	"L3552"	
"765.10005"	"765.100152"	"210"	""		"19227.33665"	"32293.92422"	"5f.6d2.7s"	"5I*"	"6"	""	""	"5"		""	"L5951"	
"765.1143"	"765.115787"	"7"	""		"22338.99484"	"35405.3154"	"5f.6d2.7s"	"5G*"	"3"	""	""	"3"		""	"L3552"	
"765.17450"	"765.174646"	"380"	""		"16783.84708"	"29849.16255"	"5f.6d2.7s"	"5I*"	"4"	""	""	"4"		""	"L5951"	
"765.23198"	"765.232004"	"1100"	""		"7502.287636"	"20566.62381"	"6d3.(4F).7s"	"5F"	"3"	"6d2.7s.7p"	"5D*"	"4"		""	"L14361"	
"765.3327"	"765.333840"	"7"	""		"17224.302340"	"30286.90016"	"6d2.7s.7p"	"5F*"	"2"	""	""	"1"		""	"L3552"	
"765.382842"	"765.382818"	"1700"	""		"14204.26476"	"27266.02670"	"6d3.(2G).7s"	""	"5"	""	"*"	"4"		""	"L18702"	
"765.42560"	"765.425449"	"87"	""		"15166.900593"	"28227.93504"	"6d2.7s.7p"	"5G*"	"3"	"5f.7s2.7p"	"3F"	"4"		""	"L5951"	
"765.46997"	"765.469961"	"710"	""		"15618.98461"	"28679.25957"	"5f.6d2.7s"	"5H*"	"3"	""	""	"2"		""	"L5951"	
"765.5307"	"765.531887"	"14"	""		"17959.89498"	"31019.11347"	"6d3.(4F).7s"	"3F"	"4"	""	"*"	"4"		""	"L3552"	
"765.5702"	"765.570805"	"59"	""		"21645.85769"	"34704.4123"	"6d3.(2G).7s"	""	"4"	""	"*"	"3"		""	"L3552"	
"765.832422"	"765.832434"	"1500"	""		"8111.004545"	"21165.098037"	"6d2.7s2"	"1G"	"4"	"5f.6d.7s2"	"3D*"	"3"		""	"L18702"	
"766.00243"	"766.002422"	"230"	""		"5563.141519"	"18614.33811"	"6d3.(4F).7s"	"5F"	"1"	"6d2.7s.7p"	"5D*"	"1"		""	"L18702"	
"766.08896"	"766.089011"	"930"	""		"4961.658832"	"18011.38030"	"6d2.7s2"	"3F"	"4"	"5f.6d2.7s"	"5H*"	"5"		""	"L18702"	
"766.1162"	"766.118104"	"15"	""		"20724.39599"	"33773.6219"	""	"*"	"0"	""	""	"1"		""	"L3552"	
"766.1621"	"766.162451"	"60"	""		"19503.143490"	"32551.61408"	"6d2.7s.7p"	"5F*"	"3"	""	""	"3"		""	"L3552"	
"766.5344"	"766.534402"	"15"	""		"20522.71449"	"33564.85352"	"6d2.7s.7p"	"3F*"	"2"	""	""	"3"		""	"L3552"	
"766.5734"	"766.573396"	"60"	""		"19713.03109"	"32754.5067"	"6d3.(2F).7s"	"3F"	"3"	""	"*"	"3"		""	"L3552"	
"766.65679"	"766.656785"	"500"	""		"21903.40831"	"34943.46540"	"5f.6d2.7s"	"5H*"	"7"	""	""	"6"		""	"L5951"	
"766.7018"	"766.702303"	"15"	""		"21143.42198"	"34182.7049"	"6d3.(2H).7s"	"1H"	"5"	""	"*"	"5"		""	"L3552"	
"766.89608"	"766.896017"	"100"	""		"11802.93238"	"24838.92167"	"6d3.(4P).7s"	"5P"	"2"	""	"*"	"1"		""	"L5951"	
"766.9750"	"766.975777"	"60"	""		"19516.98043"	"32551.61408"	"6d2.7s.7p"	"5D*"	"2"	""	""	"3"		""	"L3552"	
"767.2123"	"767.211943"	"7"	""		"17959.89498"	"30990.51628"	"6d3.(4F).7s"	"3F"	"4"	""	"*"	"3"		""	"L3552"	
"767.22551"	"767.225478"	"160"	""		"13847.77037"	"26878.16179"	"6d3.(4F).7s"	"3F"	"2"	"6d2.7s.7p"	"3G*"	"3"		""	"L5951"	
"767.2749"	"767.276075"	"15"	""		"12847.96912"	"25877.50128"	"6d3.(4P).7s"	"5P"	"3"	""	"*"	"4"		""	"L3552"	
"767.5925"	"767.59140"	"15"	""		"22396.82500"	"35421.0046"	""	"*"	"1"	""	""	"1"		""	"L3552"	
"767.6888"	"767.68963"	"15"	""		"22855.29928"	"35877.8125"	""	"*"	"3"	"6d4"	""	"2"		""	"L3552"	
"767.812651"	"767.812641"	"2000"	""		"7502.287636"	"20522.71449"	"6d3.(4F).7s"	"5F"	"3"	"6d2.7s.7p"	"3F*"	"2"		""	"L18702"	
"768.1318"	"768.132717"	"22"	""		"19948.395175"	"32963.39652"	"6d2.7s.7p"	"5F*"	"4"	""	""	"5"		""	"L3552"	
"768.20490"	"768.204894"	"96"	""		"11197.031257"	"24210.80979"	"5f.6d.7s2"	"3H*"	"5"	"6d4"	"5D"	"4"		""	"L5951"	
"768.2438"	"768.24472"	"22"	""		"18699.62342"	"31712.7273"	"5f.7s2.7p"	"3F"	"2"	""	"*"	"1"		""	"L3552"	
"768.30189"	"768.301848"	"220"	""		"14032.085336"	"27044.22163"	"6d.7s2.7p"	"3D*"	"2"	""	""	"3"		""	"L5951"	
"768.3150"	"768.315989"	"22"	""		"19273.28060"	"32285.1774"	"6d3.(2P).7s"	""	"2"	""	"*"	"3"		""	"L3552"	
"768.61538"	"768.615387"	"180"	""		"17501.17592"	"30508.00424"	"5f.6d2.7s"	"5I*"	"5"	""	""	"5"		""	"L5951"	
"768.8949"	"768.896065"	"22"	""		"19039.153374"	"32041.23370"	"6d.7s2.7p"	"3P*"	"2"	""	""	"2"		""	"L3552"	
"768.9993"	"769.00166"	"7"	""		"22877.51748"	"35877.8125"	""	"*"	"1"	"6d4"	""	"2"		""	"L3552"	
"769.0658"	"769.065956"	"38"	""		"18930.29333"	"31929.50145"	"6d2.7s.7p"	"3G*"	"3"	""	""	"3"		""	"L3552"	
"769.17706"	"769.177086"	"370"	""		"23621.50649"	"36618.8365"	"5f.6d2.7s"	"5I*"	"8"	""	""	"7"		""	"L5951"	
"769.38016"	"769.380155"	"300"	""		"17166.10472"	"30160.00425"	"6d3.(2H).7s"	"3H"	"5"	""	"*"	"4"		""	"L5951"	
"769.7077"	"769.710086"	"15"	""		"21594.67329"	"34583.0031"	"6d3.(2F).7s"	"1F"	"3"	""	"*"	"3"		""	"L3552"	
"769.79239"	"769.792357"	"450"	""		"15493.21943"	"28480.16113"	"6d3.(2H).7s"	"3H"	"4"	""	"*"	"4"		""	"L5951"	
"769.80556"	"769.805451"	"160"	""		"10783.15535"	"23769.87615"	"6d.7s2.7p"	"3F*"	"2"	"5f.6d.7s.7p"	"5F"	"1"		""	"L5951"	
"769.94033"	"769.940298"	"310"	""		"14206.91694"	"27191.36326"	"5f.6d.7s2"	"3F*"	"4"	"5f.6d.7s.7p"	"5G"	"5"		""	"L14361"	
"769.96438"	"769.964265"	"60"	""		"20737.28686"	"33721.32901"	""	"*"	"1"	""	""	"2"		""	"L5951"	
"769.97794"	"769.977902"	"400"	""		"18809.88631"	"31793.69851"	"6d2.7s.7p"	"5G*"	"4"	""	""	"4"		""	"L5951"	
"770.36850"	"770.368487"	"480"	""		"19986.16721"	"32963.39652"	"5f.6d2.7s"	"5H*"	"6"	""	""	"5"		""	"L5951"	
"770.5268"	"770.528836"	"15"	""		"18549.40528"	"31523.9340"	"6d3.(4P).7s"	""	"2"	""	"*"	"3"		""	"L3552"	
"770.6448"	"770.646276"	"22"	""		"16783.84708"	"29756.39860"	"5f.6d2.7s"	"5I*"	"4"	""	""	"4"		""	"L3552"	
"770.6909"	"770.690954"	"7"	""		"21902.26981"	"34874.0693"	"5f.6d2.7s"	"3H*"	"4"	""	""	"3"		""	"L3552"	
"770.8149"	"770.817318"	"15"	""		"21738.05013"	"34707.7231"	"5f.6d2.7s"	"5G*"	"2"	""	""	"3"		""	"L3552"	
"770.96016"	"770.960195"	"140"	""		"20423.494218"	"33390.76362"	"6d.7s2.7p"	"3P*"	"1"	""	""	"1"		""	"L5951"	
"770.98915"	"770.989094"	"170"	""		"11802.93238"	"24769.71573"	"6d3.(4P).7s"	"5P"	"2"	""	"*"	"3"		""	"L5951"	
"771.026885"	"771.026900"	"1600"	""		"8111.004545"	"21077.152101"	"6d2.7s2"	"1G"	"4"	"6d2.7s.7p"	"5F*"	"5"		""	"L18702"	
"771.11248"	"771.112507"	"190"	""		"18809.88631"	"31774.59439"	"6d2.7s.7p"	"5G*"	"4"	""	""	"3"		""	"L5951"	
"771.24049"	"771.240545"	"200"	""		"15970.09583"	"28932.65158"	"6d3.(2D2).7s"	""	"3"	""	"*"	"4"		""	"L5951"	
"771.39377"	"771.393770"	"600"	""		"13088.56115"	"26048.54211"	"6d3.(2G).7s"	"3G"	"3"	""	"*"	"4"		""	"L5951"	
"771.8812"	"771.883552"	"22"	""		"20737.28686"	"33689.0444"	""	"*"	"1"	""	""	"2"		""	"L3552"	
"772.12020"	"772.120188"	"490"	""		"13088.56115"	"26036.34930"	"6d3.(2G).7s"	"3G"	"3"	""	"*"	"3"		""	"L18702"	
"772.1780"	"772.179799"	"15"	""		"21902.26981"	"34849.05842"	"5f.6d2.7s"	"3H*"	"4"	""	""	"5"		""	"L3552"	
"772.3641"	"772.365236"	"22"	""		"15618.98461"	"28562.66485"	"5f.6d2.7s"	"5H*"	"3"	""	""	"4"		""	"L3552"	
"772.6384"	"772.639985"	"15"	""		"22855.29928"	"35794.3768"	""	"*"	"3"	"6d4"	"3F1"	"4"		""	"L3552"	
"772.7552"	"772.755376"	"15"	""		"21645.85769"	"34583.0031"	"6d3.(2G).7s"	""	"4"	""	"*"	"3"		""	"L3552"	
"772.895085"	"772.895094"	"1300"	""		"7280.123222"	"20214.92997"	"6d2.7s2"	""	"2"	"6d2.7s.7p"	"5D*"	"3"		""	"L18702"	
"773.0107"	"773.011782"	"38"	""		"22508.04658"	"35440.9008"	"6d2.7s.7p"	"5P*"	"2"	"6d4"	""	"3"		""	"L3552"	
"773.04738"	"773.047207"	"59"	""		"17354.638583"	"30286.90016"	"5f.6d.7s2"	"3D*"	"1"	""	""	"1"		""	"L5951"	
"773.46291"	"773.463080"	"58"	""		"25336.49797"	"38261.8062"	""	"*"	"6"	""	""	"5"		""	"L5951"	
"773.5479"	"773.547840"	"15"	""		"25442.68552"	"38366.5775"	""	"*"	"3"	"6d4"	""	"4"		""	"L3552"	
"773.6364"	"773.637715"	"15"	""		"22877.58322"	"35799.97381"	""	"*"	"5"	"5f.6d.7s.7p"	"3I"	"6"		""	"L3552"	
"773.7779"	"773.779760"	"31"	""		"13962.51989"	"26882.5383"	"6d3.(2D2).7s"	""	"1"	""	"*"	"0"		""	"L3552"	
"773.83698"	"773.837141"	"58"	""		"18011.38030"	"30930.44068"	"5f.6d2.7s"	"5H*"	"5"	"5f.6d.7s.7p"	"5H"	"6"		""	"L5951"	
"773.9704"	"773.972944"	"15"	""		"22877.58322"	"35794.3768"	""	"*"	"5"	"6d4"	"3F1"	"4"		""	"L3552"	
"774.25628"	"774.256289"	"710"	""		"15618.98461"	"28531.05121"	"5f.6d2.7s"	"5H*"	"3"	"6d4"	""	"2"		""	"L18702"	
"774.8880"	"774.889347"	"23"	""		"22399.39666"	"35300.9146"	"5f.6d2.7s"	"3I*"	"5"	"5f.6d2.7p"	"5K"	"5"		""	"L3552"	
"774.9325"	"774.931865"	"62"	""		"22248.94952"	"35149.75961"	""	"*"	"2"	""	""	"2"		""	"L3552"	
"774.9578"	"774.959288"	"38"	""		"16783.84708"	"29684.20065"	"5f.6d2.7s"	"5I*"	"4"	"5f.6d.7s.7p"	"5H"	"5"		""	"L3552"	
"775.1435"	"775.144643"	"38"	""		"22508.04658"	"35405.3154"	"6d2.7s.7p"	"5P*"	"2"	""	""	"3"		""	"L3552"	
"775.2440"	"775.245653"	"23"	""		"18069.065569"	"30964.65395"	"6d.7s2.7p"	"1F*"	"3"	""	""	"3"		""	"L3552"	
"775.4271"	"775.427770"	"15"	""		"20566.62381"	"33459.18355"	"6d2.7s.7p"	"5D*"	"4"	"5f.6d.7s.7p"	"3H"	"4"		""	"L3552"	
"775.4433"	"775.445091"	"7"	""		"20322.26571"	"33214.53748"	"5f.6d.7s2"	"1H*"	"5"	"5f.6d.7s.7p"	"3I"	"5"		""	"L3552"	
"775.4748"	"775.476696"	"7"	""		"21539.59257"	"34431.3389"	""	"*"	"4"	""	""	"3"		""	"L3552"	
"775.8486"	"775.849687"	"23"	""		"20423.494218"	"33309.04285"	"6d.7s2.7p"	"3P*"	"1"	""	""	"2"		""	"L3552"	
"775.9127"	"775.913836"	"15"	""		"20214.92997"	"33099.41329"	"6d2.7s.7p"	"5D*"	"3"	""	""	"3"		""	"L3552"	
"776.17134"	"776.171385"	"140"	""		"14204.26476"	"27084.47278"	"6d3.(2G).7s"	""	"5"	""	"*"	"6"		""	"L5951"	
"776.27320"	"776.273172"	"140"	""		"14465.221873"	"27343.74101"	"6d2.7s.7p"	"5G*"	"2"	"5f.6d.7s.7p"	"5H"	"3"		""	"L5951"	
"776.6941"	"776.694122"	"30"	""		"17501.17592"	"30372.71524"	"5f.6d2.7s"	"5I*"	"5"	""	""	"6"		""	"L3552"	
"776.7963"	"776.798045"	"23"	""		"19588.36224"	"32458.17957"	"6d2.7s.7p"	"5G*"	"5"	""	""	"4"		""	"L3552"	
"776.8470"	"776.846581"	"15"	""		"20737.28686"	"33606.30012"	""	"*"	"1"	""	""	"2"		""	"L3552"	
"776.9052"	"776.904786"	"15"	""		"20522.71449"	"33390.76362"	"6d2.7s.7p"	"3F*"	"2"	""	""	"1"		""	"L3552"	
"777.19456"	"777.194597"	"750"	""		"10414.13700"	"23277.38774"	"5f.6d.7s2"	"1G*"	"4"	"5f.6d.7s.7p"	"5I"	"5"		""	"L18702"	
"777.2457"	"777.246672"	"15"	""		"19713.03109"	"32575.4200"	"6d3.(2F).7s"	"3F"	"3"	"6d3.7p"	"5G*"	"2"		""	"L3552"	
"777.51784"	"777.517641"	"68"	""		"21143.42198"	"34001.3283"	"6d3.(2H).7s"	"1H"	"5"	""	"*"	"4"		""	"L5951"	
"777.5688"	"777.569076"	"15"	""		"17398.39526"	"30255.45106"	"6d3.(4F).7s"	""	"3"	""	"*"	"3"		""	"L3552"	
"777.66720"	"777.667303"	"260"	""		"12847.96912"	"25703.40095"	"6d3.(4P).7s"	"5P"	"3"	""	"*"	"2"		""	"L14361"	
"777.6804"	"777.682104"	"30"	""		"21575.03713"	"34430.2243"	"6d3.(2P).7s"	""	"2"	""	"*"	"3"		""	"L3552"	
"777.84923"	"777.849211"	"350"	""		"15490.077832"	"28342.50330"	"5f.6d.7s2"	"3G*"	"5"	"5f.7s2.7p"	"3G"	"5"		""	"L5951"	
"777.9741"	"777.973960"	"61"	""		"20423.494218"	"33273.8588"	"6d.7s2.7p"	"3P*"	"1"	""	""	"1"		""	"L3552"	
"778.1329"	"778.133397"	"15"	""		"19948.395175"	"32796.12677"	"6d2.7s.7p"	"5F*"	"4"	""	""	"3"		""	"L3552"	
"778.18263"	"778.182714"	"170"	""		"20543.84624"	"33390.76362"	"6d.7s2.7p"	"3P*"	"0"	""	""	"1"		""	"L5951"	
"778.231666"	"778.231653"	"1100"	""		"23621.50649"	"36467.6160"	"5f.6d2.7s"	"5I*"	"8"	""	""	"7"		""	"L18702"	
"778.2742"	"778.275490"	"30"	""		"16351.93901"	"29197.32496"	"6d2.7s2"	""	"0"	""	"*"	"1"		""	"L3552"	
"778.3417"	"778.341227"	"38"	""		"18930.29333"	"31774.59439"	"6d2.7s.7p"	"3G*"	"3"	""	""	"3"		""	"L3552"	
"778.42545"	"778.425576"	"76"	""		"16554.24283"	"29397.1521"	"6d3.(2H).7s"	"3H"	"6"	""	"*"	"5 or 6 or 7"		""	"L5951"	
"778.4779"	"778.478164"	"23"	""		"20566.62381"	"33408.66553"	"6d2.7s.7p"	"5D*"	"4"	""	""	"3"		""	"L3552"	
"778.5771"	"778.575267"	"15"	""		"22248.94952"	"35089.38959"	""	"*"	"2"	""	""	"3"		""	"L3552"	
"778.76543"	"778.765427"	"250"	""		"14206.91694"	"27044.22163"	"5f.6d.7s2"	"3F*"	"4"	""	""	"3"		""	"L5951"	
"778.893414"	"778.893417"	"7000"	""		"11197.031257"	"24032.22651"	"5f.6d.7s2"	"3H*"	"5"	"5f.6d.7s.7p"	"5G"	"4"		""	"L18702"	
"779.31326"	"779.313160"	"130"	""		"17959.89498"	"30788.17715"	"6d3.(4F).7s"	"3F"	"4"	""	"*"	"5"		""	"L5951"	
"779.835789"	"779.835777"	"3300"	""		"5563.141519"	"18382.82669"	"6d3.(4F).7s"	"5F"	"1"	"6d2.7s.7p"	"5D*"	"0"		""	"L18702"	
"779.96293"	"779.963124"	"66*"	""		"22399.39666"	"35216.98873"	"5f.6d2.7s"	"3I*"	"5"	""	""	"5"		""	"L5951"	
"779.96293"	"779.963216"	"66*"	""		"21890.13254"	"34707.7231"	""	"*"	"3"	""	""	"3"		""	"L5951"	
