obs_wl_air(nm)	ritz_wl_air(nm)	intens	Aki(s^-1)	Acc	Ei(cm-1)	Ek(cm-1)	conf_i	term_i	J_i	conf_k	term_k	J_k	Type	tp_ref	line_ref	
"380.10805"	"380.10812"	"13"	""		"15156.802"	"41457.639"	"3d3.(2G).4s"	"a 3G"	"4"	"3d.4s2.4p"	"s 3F*"	"3"		""	"L10989"	
"380.11616"	"380.11613"	"2"	""		"19421.580"	"45721.863"	"3d2.(3F).4s.4p.(3P*)"	"z 3F*"	"3"	"3d2.4s.(2F).4d"	"f 3H"	"4"		""	"L10989"	
"380.15549"	"380.15547"	"11"	""		"20062.886"	"46360.447"	"3d3.(2P).4s"	"a 1P"	"1"	"3d3.(2P).4p"	"1P*"	"1"		""	"L10989"	
"380.1908"	"380.19098"	"7"	""		"18911.394"	"45206.499"	"3d3.(4P).4s"	"c 3P"	"2"	"3d3.(4F).5p"	"n 3D*"	"3"		""	"L10989"	
"380.3416"	"380.34169"	"7"	""		"18192.570"	"44477.256"	"3d3.(2H).4s"	"a 3H"	"6"	"3d3.(4F).5p"	"5F*"	"5"		""	"L10989"	
"380.50978"	"380.50988"	"9"	""		"16875.124"	"43148.1922"	"3d2.(3F).4s.4p.(3P*)"	"z 5F*"	"2"	"3d2.4s.(4F).4d"	"g 5F"	"3"		""	"L10989"	
"380.5188"	"380.51941"	"5"	""		"18818.099"	"45090.509"	"3d3.(4P).4s"	"c 3P"	"0"	"3d2.4s.(2P).4p"	"3P*"	"1"		""	"L10989"	
"380.5462"	"380.54638"	"12*"	""		"16961.442"	"43231.9903"	"3d2.(3F).4s.4p.(3P*)"	"z 5F*"	"3"	"3d2.4s.(4F).4d"	"g 5F"	"4"		""	"L10989"	
"380.5462"	"380.54647"	"12*"	""		"386.874"	"26657.416"	"3d2.4s2"	"a 3F"	"4"	"3d3.(4F).4p"	"y 5G*"	"4"		""	"L10989"	
"380.6043"	"380.60399"	"7"	""		"18911.394"	"45177.966"	"3d3.(4P).4s"	"c 3P"	"2"	"3d2.4s.(2P).4p"	"3P*"	"2"		""	"L10989"	
"380.6305"	"380.63073"	"5"	""		"18825.782"	"45090.509"	"3d3.(4P).4s"	"c 3P"	"1"	"3d2.4s.(2P).4p"	"3P*"	"1"		""	"L10989"	
"380.64420"	"380.64413"	"10"	""		"16817.160"	"43080.9622"	"3d2.(3F).4s.4p.(3P*)"	"z 5F*"	"1"	"3d2.4s.(4F).4d"	"g 5F"	"2"		""	"L10989"	
"380.65857"	"380.65852"	"7"	""		"16267.480"	"42530.2894"	"3d2.(3F).4s.4p.(3P*)"	"z 5G*"	"5"	"3d2.4s.(4F).4d"	"3H"	"6"		""	"L10989"	
"380.67022"	"380.67000"	"8"	""		"16106.076"	"42368.0934"	"3d2.(3F).4s.4p.(3P*)"	"z 5G*"	"4"	"3d2.4s.(4F).4d"	"3H"	"5"		""	"L10989"	
"380.71998"	"380.71995"	"10"	""		"19573.974"	"45832.546"	"3d2.(3F).4s.4p.(3P*)"	"z 3F*"	"4"	"3d2.4s.(2F).4d"	"f 3H"	"5"		""	"L10989"	
"380.77549"	"380.77539"	"10"	""		"17075.258"	"43330.0066"	"3d2.(3F).4s.4p.(3P*)"	"z 5F*"	"4"	"3d2.4s.(4F).4d"	"g 5F"	"5"		""	"L10989"	
"381.00198"	"381.00194"	"1"	""		"15975.631"	"42214.7689"	"3d2.(3F).4s.4p.(3P*)"	"z 5G*"	"3"	"3d2.4s.(4F).4d"	"3H"	"4"		""	"L10989"	
"381.0156"	"381.0162"	"5"	""		"18825.782"	"45063.941"	"3d3.(4P).4s"	"c 3P"	"1"	"3d3.(4F).5p"	"n 3D*"	"2"		""	"L10989"	
"381.0727"	"381.07314"	"6q"	""		"18141.265"	"44375.500"	"3d3.(2H).4s"	"a 3H"	"5"	"3d2.4s.(4F).5p"	"3G*"	"5"		""	"L10989"	
"381.14005"	"381.13995"	"13"	""		"15108.111"	"41337.748"	"3d3.(2G).4s"	"a 3G"	"3"	"3d.4s2.4p"	"s 3F*"	"2"		""	"L10989"	
"381.1617"	"381.16169"	"4"	""		"18141.265"	"44369.406"	"3d3.(2H).4s"	"a 3H"	"5"	"3d3.(4F).5p"	"5F*"	"4"		""	"L10989"	
"381.2818"	"381.28171"	"5"	""		"18037.213"	"44257.098"	"3d3.(2H).4s"	"a 3H"	"4"	"3d2.4s.(4F).5p"	"3G*"	"4"		""	"L10989"	
"381.32691"	"381.32697"	"10"	""		"16817.160"	"43033.933"	"3d2.(3F).4s.4p.(3P*)"	"z 5F*"	"1"	"3d2.4s.(4F).4d"	"g 5F"	"1"		""	"L10989"	
"381.3516"	"381.35178"	"4"	""		"18825.782"	"45040.849"	"3d3.(4P).4s"	"c 3P"	"1"	"3d2.4s.(2P).4p"	"3P*"	"0"		""	"L10989"	
"381.3877"	"381.38729"	"2"	""		"11639.8109"	"37852.437"	"3d3.(4F).4s"	"b 3F"	"3"	"3d3.(2D2).4p"	"u 3F*"	"4"		""	"L10989"	
"381.3936"	"381.39348"	"2"	""		"11531.761"	"37743.962"	"3d3.(4F).4s"	"b 3F"	"2"	"3d3.(2D2).4p"	"u 3F*"	"3"		""	"L10989"	
"381.48603"	"381.48609"	"53"	""		"16875.124"	"43080.9622"	"3d2.(3F).4s.4p.(3P*)"	"z 5F*"	"2"	"3d2.4s.(4F).4d"	"g 5F"	"2"		""	"L10989"	
"381.76415"	"381.76416"	"80"	""		"16961.442"	"43148.1922"	"3d2.(3F).4s.4p.(3P*)"	"z 5F*"	"3"	"3d2.4s.(4F).4d"	"g 5F"	"3"		""	"L10989"	
"381.81988"	"381.81987"	"99"	""		"18192.570"	"44375.500"	"3d3.(2H).4s"	"a 3H"	"6"	"3d2.4s.(4F).5p"	"3G*"	"5"		""	"L10989"	
"382.17214"	"382.17195"	"24"	""		"16875.124"	"43033.933"	"3d2.(3F).4s.4p.(3P*)"	"z 5F*"	"2"	"3d2.4s.(4F).4d"	"g 5F"	"1"		""	"L10989"	
"382.20227"	"382.20229"	"120"	""		"17075.258"	"43231.9903"	"3d2.(3F).4s.4p.(3P*)"	"z 5F*"	"4"	"3d2.4s.(4F).4d"	"g 5F"	"4"		""	"L10989"	
"382.28606"	"382.28607"	"20"	""		"20209.447"	"46360.447"	"3d3.(2D2).4s"	"b 1D"	"2"	"3d3.(2P).4p"	"1P*"	"1"		""	"L10989"	
"382.69685"	"382.69688"	"59"	""		"11531.761"	"37654.690"	"3d3.(4F).4s"	"b 3F"	"2"	"3d3.(2D2).4p"	"u 3F*"	"2"		""	"L10989"	
"382.74684"	"382.74682"	"38"	""		"16961.442"	"43080.9622"	"3d2.(3F).4s.4p.(3P*)"	"z 5F*"	"3"	"3d2.4s.(4F).4d"	"g 5F"	"2"		""	"L10989"	
"382.76362"	"382.76349"	"58"	""		"18037.213"	"44155.596"	"3d3.(2H).4s"	"a 3H"	"4"	"3d2.4s.(4F).5p"	"3G*"	"3"		""	"L10989"	
"382.80098"	"382.80086"	"80"	""		"18141.265"	"44257.098"	"3d3.(2H).4s"	"a 3H"	"5"	"3d2.4s.(4F).5p"	"3G*"	"4"		""	"L10989"	
"382.81875"	"382.81870"	"200"	""		"17215.390"	"43330.0066"	"3d2.(3F).4s.4p.(3P*)"	"z 5F*"	"5"	"3d2.4s.(4F).4d"	"g 5F"	"5"		""	"L10989"	
"382.90523"	"382.90555"	"4"	""		"16106.076"	"42214.7689"	"3d2.(3F).4s.4p.(3P*)"	"z 5G*"	"4"	"3d2.4s.(4F).4d"	"3H"	"4"		""	"L10989"	
"382.97225"	"382.97218"	"86"	""		"11639.8109"	"37743.962"	"3d3.(4F).4s"	"b 3F"	"3"	"3d3.(2D2).4p"	"u 3F*"	"3"		""	"L10989"	
"383.16834"	"383.16829"	"7"	""		"16875.124"	"42965.9148"	"3d2.(3F).4s.4p.(3P*)"	"z 5F*"	"2"	"3d4"	"3F1"	"3"		""	"L10989"	
"383.20440"	"383.20437"	"14"	""		"18145.286"	"44233.620"	"3d3.(2P).4s"	"b 3P"	"2"	"3d2.4s.(4F).5p"	"o 3D*"	"3"		""	"L10989"	
"383.31841"	"383.31842"	"100"	""		"19322.984"	"45403.556"	"3d2.(3F).4s.4p.(3P*)"	"z 3F*"	"2"	"3d2.4s.(2F).4d"	"3G"	"3"		""	"L10989"	
"383.36745"	"383.36748"	"120"	""		"19421.580"	"45498.815"	"3d2.(3F).4s.4p.(3P*)"	"z 3F*"	"3"	"3d2.4s.(2F).4d"	"3G"	"4"		""	"L10989"	
"383.39116"	"383.39115"	"120"	""		"11776.812"	"37852.437"	"3d3.(4F).4s"	"b 3F"	"4"	"3d3.(2D2).4p"	"u 3F*"	"4"		""	"L10989"	
"383.43082"	"383.43072"	"42"	""		"17075.258"	"43148.1922"	"3d2.(3F).4s.4p.(3P*)"	"z 5F*"	"4"	"3d2.4s.(4F).4d"	"g 5F"	"3"		""	"L10989"	
"383.67669"	"383.67689"	"150"	""		"19573.974"	"45630.180"	"3d2.(3F).4s.4p.(3P*)"	"z 3F*"	"4"	"3d2.4s.(2F).4d"	"3G"	"5"		""	"L10989"	
"383.90022"	"383.89993"	"6"	""		"12118.393"	"38159.461"	"3d2.4s2"	"a 1G"	"4"	"3d2.(3P).4s.4p.(1P*)"	"u 3D*"	"3"		""	"L10989"	
"384.03242"	"384.03223"	"27"	""		"18825.782"	"44857.879"	"3d3.(4P).4s"	"c 3P"	"1"	"3d3.(4P).4p"	"w 3S*"	"1"		""	"L10989"	
"384.16217"	"384.16209"	"43"	""		"11531.761"	"37555.058"	"3d3.(4F).4s"	"b 3F"	"2"	"3d3.(2G).4p"	"v 3G*"	"3"		""	"L10989"	
"384.23456"	"384.23478"	"11"	""		"18061.387"	"44079.761"	"3d3.(2P).4s"	"b 3P"	"1"	"3d2.4s.(4F).5p"	"o 3D*"	"2"		""	"L10989"	
"384.26100"	"384.26098"	"31"	""		"17215.390"	"43231.9903"	"3d2.(3F).4s.4p.(3P*)"	"z 5F*"	"5"	"3d2.4s.(4F).4d"	"g 5F"	"4"		""	"L10989"	
"384.28642"	"384.28640"	"5"	""		"11639.8109"	"37654.690"	"3d3.(4F).4s"	"b 3F"	"3"	"3d3.(2D2).4p"	"u 3F*"	"2"		""	"L10989"	
"384.31542"	"384.31572"	"11"	""		"15975.631"	"41988.5259"	"3d2.(3F).4s.4p.(3P*)"	"z 5G*"	"3"	"3d2.4s.(4F).4d"	"g 3F"	"3"		""	"L10989"	
"384.50946"	"384.50937"	"35"	""		"15975.631"	"41975.4249"	"3d2.(3F).4s.4p.(3P*)"	"z 5G*"	"3"	"3d2.4s.(4F).4d"	"3G"	"4"		""	"L10989"	
"384.64391"	"384.64391"	"160"	""		"15877.081"	"41867.7812"	"3d2.(3F).4s.4p.(3P*)"	"z 5G*"	"2"	"3d2.4s.(4F).4d"	"3G"	"3"		""	"L10989"	
"384.77314"	"384.77307"	"9"	""		"19421.580"	"45403.556"	"3d2.(3F).4s.4p.(3P*)"	"z 3F*"	"3"	"3d2.4s.(2F).4d"	"3G"	"3"		""	"L10989"	
"384.79894"	"384.79896"	"4"	""		"17995.487"	"43975.715"	"3d3.(2P).4s"	"b 3P"	"0"	"3d2.4s.(4F).5p"	"o 3D*"	"1"		""	"L10989"	
"384.83091"	"384.83073"	"71"	""		"11639.8109"	"37617.894"	"3d3.(4F).4s"	"b 3F"	"3"	"3d3.(2G).4p"	"v 3G*"	"4"		""	"L10989"	
"385.29926"	"385.29940"	"55"	""		"18911.394"	"44857.879"	"3d3.(4P).4s"	"c 3P"	"2"	"3d3.(4P).4p"	"w 3S*"	"1"		""	"L10989"	
"385.30465"	"385.30464"	"170"	""		"15877.081"	"41823.2130"	"3d2.(3F).4s.4p.(3P*)"	"z 5G*"	"2"	"3d2.4s.(4F).4d"	"e 5H"	"3"		""	"L10989"	
"385.37250"	"385.37253"	"290"	"6.04e+07"	B+	"15975.631"	"41917.1924"	"3d2.(3F).4s.4p.(3P*)"	"z 5G*"	"3"	"3d2.4s.(4F).4d"	"e 5H"	"4"		"T6897"	"L10989"	
"385.78967"	"385.78963"	"89"	""		"11776.812"	"37690.327"	"3d3.(4F).4s"	"b 3F"	"4"	"3d3.(2G).4p"	"v 3G*"	"5"		""	"L10989"	
"385.81367"	"385.81369"	"340"	"6.33e+07"	B+	"16106.076"	"42017.9751"	"3d2.(3F).4s.4p.(3P*)"	"z 5G*"	"4"	"3d2.4s.(4F).4d"	"e 5H"	"5"		"T6897"	"L10989"	
"386.10800"	"386.10797"	"69"	""		"15975.631"	"41867.7812"	"3d2.(3F).4s.4p.(3P*)"	"z 5G*"	"3"	"3d2.4s.(4F).4d"	"3G"	"3"		""	"L10989"	
"386.28248"	"386.28255"	"200"	""		"15877.081"	"41757.529"	"3d2.(3F).4s.4p.(3P*)"	"z 5G*"	"2"	"3d2.4s.(4F).4d"	"e 5G"	"3"		""	"L10989"	
"386.44830"	"386.44829"	"50"	""		"16106.076"	"41975.4249"	"3d2.(3F).4s.4p.(3P*)"	"z 5G*"	"4"	"3d2.4s.(4F).4d"	"3G"	"4"		""	"L10989"	
"386.46811"	"386.46782"	"19"	""		"18287.554"	"44155.596"	"3d3.(2G).4s"	"b 1G"	"4"	"3d2.4s.(4F).5p"	"3G*"	"3"		""	"L10989"	
"386.60212"	"386.60198"	"36"	""		"7255.355"	"33114.420"	"3d2.4s2"	"a 1D"	"2"	"3d3.(4P).4p"	"x 3P*"	"2"		""	"L10989"	
"386.64394"	"386.64396"	"400"	"6.59e+07"	B+	"16267.480"	"42123.7378"	"3d2.(3F).4s.4p.(3P*)"	"z 5G*"	"5"	"3d2.4s.(4F).4d"	"e 5H"	"6"		"T6897"	"L10989"	
"386.77368"	"386.77374"	"120"	""		"15975.631"	"41823.2130"	"3d2.(3F).4s.4p.(3P*)"	"z 5G*"	"3"	"3d2.4s.(4F).4d"	"e 5H"	"3"		""	"L10989"	
"386.80054"	"386.80096"	"9"	""		"11776.812"	"37622.575"	"3d3.(4F).4s"	"b 3F"	"4"	"3d.4s2.4p"	"x 1F*"	"3"		""	"L10989"	
"386.83960"	"386.83965"	"330"	"7.10e+07"	B+	"15975.631"	"41818.8088"	"3d2.(3F).4s.4p.(3P*)"	"z 5G*"	"3"	"3d2.4s.(4F).4d"	"e 5G"	"4"		"T6897"	"L10989"	
"386.89599"	"386.89591"	"22"	""		"19937.855"	"45777.275"	"3d2.(3F).4s.4p.(3P*)"	"z 3D*"	"1"	"3d2.4s.(2F).4d"	"3F"	"2"		""	"L10989"	
"386.92719"	"386.92720"	"150"	""		"15877.081"	"41714.4115"	"3d2.(3F).4s.4p.(3P*)"	"z 5G*"	"2"	"3d2.4s.(4F).4d"	"e 5G"	"2"		""	"L10989"	
"386.96013"	"386.95998"	"57"	""		"7255.355"	"33090.497"	"3d2.4s2"	"a 1D"	"2"	"3d3.(4P).4p"	"x 3P*"	"1"		""	"L10989"	
"387.01203"	"387.01215"	"29"	""		"20006.039"	"45837.698"	"3d2.(3F).4s.4p.(3P*)"	"z 3D*"	"2"	"3d2.4s.(2F).4d"	"3F"	"3"		""	"L10989"	
"387.32011"	"387.32018"	"240"	"5.05e+07"	B+	"16106.076"	"41917.1924"	"3d2.(3F).4s.4p.(3P*)"	"z 5G*"	"4"	"3d2.4s.(4F).4d"	"e 5H"	"4"		"T6897"	"L10989"	
"387.41255"	"387.41272"	"44"	""		"20126.062"	"45931.013"	"3d2.(3F).4s.4p.(3P*)"	"z 3D*"	"3"	"3d2.4s.(2F).4d"	"3F"	"4"		""	"L10989"	
"387.52573"	"387.52612"	"430"	""		"16106.076"	"41903.4757"	"3d2.(3F).4s.4p.(3P*)"	"z 5G*"	"4"	"3d2.4s.(4F).4d"	"e 5G"	"5"		""	"L10989"	
"387.75910"	"387.75913"	"68"	""		"15975.631"	"41757.529"	"3d2.(3F).4s.4p.(3P*)"	"z 5G*"	"3"	"3d2.4s.(4F).4d"	"e 5G"	"3"		""	"L10989"	
"387.91937"	"387.91956"	"9"	""		"20006.039"	"45777.275"	"3d2.(3F).4s.4p.(3P*)"	"z 3D*"	"2"	"3d2.4s.(2F).4d"	"3F"	"2"		""	"L10989"	
"387.93448"	"387.93452"	"13"	""		"19322.984"	"45093.226"	"3d2.(3F).4s.4p.(3P*)"	"z 3F*"	"2"	"3d2.4s.(2D).5s"	"3D"	"1"		""	"L10989"	
"388.06290"	"388.06308"	"7"	""		"16106.076"	"41867.7812"	"3d2.(3F).4s.4p.(3P*)"	"z 5G*"	"4"	"3d2.4s.(4F).4d"	"3G"	"3"		""	"L10989"	
"388.13955"	"388.13942"	"240"	"3.0e+05"	C	"170.1328"	"25926.771"	"3d2.4s2"	"a 3F"	"3"	"3d2.(3P).4s.4p.(3P*)"	"5D*"	"4"		"T3499n"	"L10989"	
"388.21464"	"388.21462"	"480"	"7.38e+07"	B+	"16267.480"	"42019.1293"	"3d2.(3F).4s.4p.(3P*)"	"z 5G*"	"5"	"3d2.4s.(4F).4d"	"e 5G"	"6"		"T6897"	"L10989"	
"388.23204"	"388.23202"	"310"	"5.75e+07"	B+	"16267.480"	"42017.9751"	"3d2.(3F).4s.4p.(3P*)"	"z 5G*"	"5"	"3d2.4s.(4F).4d"	"e 5H"	"5"		"T6897"	"L10989"	
"388.28910"	"388.28916"	"900"	"1.49e+08"	B+	"16458.671"	"42205.377"	"3d2.(3F).4s.4p.(3P*)"	"z 5G*"	"6"	"3d2.4s.(4F).4d"	"e 5H"	"7"		"T6897"	"L10989"	
"388.40881"	"388.40872"	"30"	""		"15975.631"	"41714.4115"	"3d2.(3F).4s.4p.(3P*)"	"z 5G*"	"3"	"3d2.4s.(4F).4d"	"e 5G"	"2"		""	"L10989"	
"388.73554"	"388.73561"	"13"	""		"16106.076"	"41823.2130"	"3d2.(3F).4s.4p.(3P*)"	"z 5G*"	"4"	"3d2.4s.(4F).4d"	"e 5H"	"3"		""	"L10989"	
"388.80218"	"388.80220"	"63"	"1.33e+07"	B+	"16106.076"	"41818.8088"	"3d2.(3F).4s.4p.(3P*)"	"z 5G*"	"4"	"3d2.4s.(4F).4d"	"e 5G"	"4"		"T6897"	"L10989"	
"388.81874"	"388.81879"	"9"	""		"20126.062"	"45837.698"	"3d2.(3F).4s.4p.(3P*)"	"z 3D*"	"3"	"3d2.4s.(2F).4d"	"3F"	"3"		""	"L10989"	
"388.8752"	"388.87461"	"7q"	""		"16267.480"	"41975.4249"	"3d2.(3F).4s.4p.(3P*)"	"z 5G*"	"5"	"3d2.4s.(4F).4d"	"3G"	"4"		""	"L10989"	
"388.99503"	"388.99503"	"290"	"5.1e+05"	C	"0.000"	"25699.987"	"3d2.4s2"	"a 3F"	"2"	"3d2.(3P).4s.4p.(3P*)"	"5D*"	"2"		"T3499n"	"L10989"	
"389.36228"	"389.36234"	"16"	""		"19421.580"	"45097.323"	"3d2.(3F).4s.4p.(3P*)"	"z 3F*"	"3"	"3d2.4s.(2D).5s"	"3D"	"2"		""	"L10989"	
"389.52426"	"389.52431"	"330"	"5.41e+07"	B+	"16458.671"	"42123.7378"	"3d2.(3F).4s.4p.(3P*)"	"z 5G*"	"6"	"3d2.4s.(4F).4d"	"e 5H"	"6"		"T6897"	"L10989"	
"389.73092"	"389.73105"	"25"	""		"16106.076"	"41757.529"	"3d2.(3F).4s.4p.(3P*)"	"z 5G*"	"4"	"3d2.4s.(4F).4d"	"e 5G"	"3"		""	"L10989"	
"389.75749"	"389.75749"	"21"	"4.01e+06"	B+	"16267.480"	"41917.1924"	"3d2.(3F).4s.4p.(3P*)"	"z 5G*"	"5"	"3d2.4s.(4F).4d"	"e 5H"	"4"		"T6897"	"L10989"	
"389.84886"	"389.84886"	"200"	"3.77e+05"	A	"0.000"	"25643.701"	"3d2.4s2"	"a 3F"	"2"	"3d3.(4F).4p"	"y 3D*"	"3"		"T7574"	"L10989"	
"389.96599"	"389.96604"	"78"	""		"16267.480"	"41903.4757"	"3d2.(3F).4s.4p.(3P*)"	"z 5G*"	"5"	"3d2.4s.(4F).4d"	"e 5G"	"5"		""	"L10989"	
"389.97022"	"389.97016"	"28"	""		"0.000"	"25635.725"	"3d2.4s2"	"a 3F"	"2"	"3d2.(3P).4s.4p.(3P*)"	"5D*"	"1"		""	"L10989"	
"390.09594"	"390.09590"	"1400"	"1.47e+06"	A	"170.1328"	"25797.595"	"3d2.4s2"	"a 3F"	"3"	"3d2.(3P).4s.4p.(3P*)"	"5D*"	"3"		"T7574"	"L10989"	
"390.47840"	"390.47826"	"3500"	""		"7255.355"	"32857.723"	"3d2.4s2"	"a 1D"	"2"	"3d2.(1D).4s.4p.(1P*)"	"y 1F*"	"3"		""	"L10989"	
"391.11849"	"391.11851"	"120"	"1.83e+07"	B+	"16458.671"	"42019.1293"	"3d2.(3F).4s.4p.(3P*)"	"z 5G*"	"6"	"3d2.4s.(4F).4d"	"e 5G"	"6"		"T6897"	"L10989"	
"391.13634"	"391.13617"	"15"	"2.82e+06"	C+	"16458.671"	"42017.9751"	"3d2.(3F).4s.4p.(3P*)"	"z 5G*"	"6"	"3d2.4s.(4F).4d"	"e 5H"	"5"		"T6897"	"L10989"	
"391.258"	"391.25826"	"2"	"4.57e+06"	B+	"16267.480"	"41818.8088"	"3d2.(3F).4s.4p.(3P*)"	"z 5G*"	"5"	"3d2.4s.(4F).4d"	"e 5G"	"4"		"T6897"	"L17997"	
"391.28962"	"391.28955"	"8"	""		"22404.739"	"47954.025"	"3d2.(3F).4s.4p.(3P*)"	"z 1F*"	"3"	"3d3.(2G).5s"	"1G"	"4"		""	"L10989"	
"391.43347"	"391.43340"	"3100"	"2.3e+06"	C	"386.874"	"25926.771"	"3d2.4s2"	"a 3F"	"4"	"3d2.(3P).4s.4p.(3P*)"	"5D*"	"4"		"T3499n"	"L10989"	
"391.47377"	"391.47342"	"180"	"8.3e+05"	C	"0.000"	"25537.286"	"3d2.4s2"	"a 3F"	"2"	"3d2.(1D).4s.4p.(3P*)"	"3P*"	"1"		"T3499n"	"L10989"	
"391.58749"	"391.58738"	"78"	""		"170.1328"	"25699.987"	"3d2.4s2"	"a 3F"	"3"	"3d2.(3P).4s.4p.(3P*)"	"5D*"	"2"		""	"L10989"	
"391.60947"	"391.60958"	"20"	""		"19573.974"	"45102.381"	"3d2.(3F).4s.4p.(3P*)"	"z 3F*"	"4"	"3d2.4s.(2D).5s"	"3D"	"3"		""	"L10989"	
"391.98169"	"391.98156"	"84"	""		"12118.393"	"37622.575"	"3d2.4s2"	"a 1G"	"4"	"3d.4s2.4p"	"x 1F*"	"3"		""	"L10989"	
"392.05359"	"392.05351"	"5"	""		"12118.393"	"37617.894"	"3d2.4s2"	"a 1G"	"4"	"3d3.(2G).4p"	"v 3G*"	"4"		""	"L10989"	
"392.14225"	"392.14222"	"1600"	"2.48e+06"	A	"0.000"	"25493.733"	"3d2.4s2"	"a 3F"	"2"	"3d2.(1D).4s.4p.(3P*)"	"3P*"	"2"		"T7574"	"L10989"	
"392.45268"	"392.45264"	"3600"	"8.10e+06"	A	"170.1328"	"25643.701"	"3d2.4s2"	"a 3F"	"3"	"3d3.(4F).4p"	"y 3D*"	"3"		"T7574"	"L10989"	
"392.63180"	"392.63180"	"78"	""		"20795.603"	"46257.548"	"3d3.(2H).4s"	"a 1H"	"5"	"3d2.4s.(2F).5p"	"u 1G*"	"4"		""	"L10989"	
"392.8761"	"392.87557"	"8q"	""		"18593.947"	"44040.0941"	"3d2.(3F).4s.4p.(3P*)"	"z 5D*"	"3"	"3d3.(4F).4d"	"5F"	"4"		""	"L10989"	
"392.8967"	"392.89629"	"13q"	""		"16458.671"	"41903.4757"	"3d2.(3F).4s.4p.(3P*)"	"z 5G*"	"6"	"3d2.4s.(4F).4d"	"e 5G"	"5"		""	"L10989"	
"392.98740"	"392.98737"	"3200"	"8.51e+06"	A	"0.000"	"25438.908"	"3d2.4s2"	"a 3F"	"2"	"3d3.(4F).4p"	"y 3D*"	"2"		"T7574"	"L10989"	
"393.02222"	"393.02202"	"17"	""		"12118.393"	"37555.058"	"3d2.4s2"	"a 1G"	"4"	"3d3.(2G).4p"	"v 3G*"	"3"		""	"L10989"	
"393.15866"	"393.15831"	"9"	""		"18695.134"	"44122.9818"	"3d2.(3F).4s.4p.(3P*)"	"z 5D*"	"4"	"3d3.(4F).4d"	"5F"	"5"		""	"L10989"	
"393.42336"	"393.42330"	"310"	"4.5e+05"	C	"386.874"	"25797.595"	"3d2.4s2"	"a 3F"	"4"	"3d2.(3P).4s.4p.(3P*)"	"5D*"	"3"		"T3499n"	"L10989"	
"393.8000"	"393.79983"	"2b"	""		"18593.947"	"43980.372"	"3d2.(3F).4s.4p.(3P*)"	"z 5D*"	"3"	"3d3.4d"	"5P"	"2"		""	"L17998"	
"394.77686"	"394.77683"	"5700"	"9.6e+06"	C	"170.1328"	"25493.733"	"3d2.4s2"	"a 3F"	"3"	"3d2.(1D).4s.4p.(3P*)"	"3P*"	"2"		"T3499n,T3430"	"L10989"	
"394.86708"	"394.86705"	"7000"	"5.60e+07"	A	"0.000"	"25317.814"	"3d2.4s2"	"a 3F"	"2"	"3d3.(4F).4p"	"y 3D*"	"1"		"T7574"	"L10989"	
"395.63343"	"395.63338"	"8000"	"3.46e+07"	A	"170.1328"	"25438.908"	"3d2.4s2"	"a 3F"	"3"	"3d3.(4F).4p"	"y 3D*"	"2"		"T7574"	"L10989"	
"395.82016"	"395.82055"	"8600"	"4.88e+07"	A	"386.874"	"25643.701"	"3d2.4s2"	"a 3F"	"4"	"3d3.(4F).4p"	"y 3D*"	"3"		"T7574"	"L10989"	
"396.28508"	"396.28507"	"2500"	"4.71e+06"	A	"0.000"	"25227.222"	"3d2.4s2"	"a 3F"	"2"	"3d2.(3F).4s.4p.(1P*)"	"y 3F*"	"3"		"T7574"	"L10989"	
"396.42694"	"396.42687"	"2800"	"3.64e+06"	A	"170.1328"	"25388.331"	"3d2.4s2"	"a 3F"	"3"	"3d2.(3F).4s.4p.(1P*)"	"y 3F*"	"4"		"T7574"	"L10989"	
"397.57073"	"397.57123"	"8"	""		"16961.442"	"42107.0545"	"3d2.(3F).4s.4p.(3P*)"	"z 5F*"	"3"	"3d2.4s.(4F).4d"	"g 3F"	"4"		""	"L10989"	
"398.08102"	"398.08117"	"15"	""		"16875.124"	"41988.5259"	"3d2.(3F).4s.4p.(3P*)"	"z 5F*"	"2"	"3d2.4s.(4F).4d"	"g 3F"	"3"		""	"L10989"	
"398.14496"	"398.14512"	"24"	""		"17075.258"	"42184.6261"	"3d2.(3F).4s.4p.(3P*)"	"z 5F*"	"4"	"3d2.4s.(4F).4d"	"e 5D"	"4"		""	"L10989"	
"398.17616"	"398.17616"	"8800"	"4.42e+07"	A	"0.000"	"25107.411"	"3d2.4s2"	"a 3F"	"2"	"3d2.(3F).4s.4p.(1P*)"	"y 3F*"	"2"		"T7574"	"L10989"	
"398.24806"	"398.24811"	"3400"	"4.5e+06"	C	"0.000"	"25102.875"	"3d2.4s2"	"a 3F"	"2"	"3d2.(3P).4s.4p.(3P*)"	"z 5S*"	"2"		"T3499n"	"L10989"	
"398.38254"	"398.38274"	"14"	""		"17075.258"	"42169.6496"	"3d2.(3F).4s.4p.(3P*)"	"z 5F*"	"4"	"3d2.4s.(4F).4d"	"3G"	"5"		""	"L10989"	
"398.43145"	"398.43136"	"43*"	""		"16961.442"	"42052.7717"	"3d2.(3F).4s.4p.(3P*)"	"z 5F*"	"3"	"3d2.4s.(4F).4d"	"e 5D"	"3"		""	"L10989"	
"398.43145"	"398.43208"	"43*"	""		"20006.039"	"45097.323"	"3d2.(3F).4s.4p.(3P*)"	"z 3D*"	"2"	"3d2.4s.(2D).5s"	"3D"	"2"		""	"L10989"	
"398.54430"	"398.54433"	"30"	""		"16817.160"	"41901.3771"	"3d2.(3F).4s.4p.(3P*)"	"z 5F*"	"1"	"3d2.4s.(4F).4d"	"e 5D"	"1"		""	"L10989"	
"398.55795"	"398.55796"	"44"	""		"16875.124"	"41958.4833"	"3d2.(3F).4s.4p.(3P*)"	"z 5F*"	"2"	"3d2.4s.(4F).4d"	"e 5D"	"2"		""	"L10989"	
"398.95685"	"398.95642"	"33"	""		"8602.3441"	"33660.652"	"3d2.4s2"	"a 3P"	"2"	"3d2.(1D).4s.4p.(1P*)"	"z 1P*"	"1"		""	"L10989"	
"398.97586"	"398.97582"	"8800"	"4.48e+07"	A	"170.1328"	"25227.222"	"3d2.4s2"	"a 3F"	"3"	"3d2.(3F).4s.4p.(1P*)"	"y 3F*"	"3"		"T7574"	"L10989"	
"399.01363"	"399.01380"	"18"	""		"16817.160"	"41871.8642"	"3d2.(3F).4s.4p.(3P*)"	"z 5F*"	"1"	"3d2.4s.(4F).4d"	"g 3F"	"2"		""	"L10989"	
"399.02195"	"399.02175"	"28"	""		"16817.160"	"41871.365"	"3d2.(3F).4s.4p.(3P*)"	"z 5F*"	"1"	"3d2.4s.(4F).4d"	"e 5D"	"0"		""	"L10989"	
"399.37885"	"399.37897"	"11"	""		"17075.258"	"42107.0545"	"3d2.(3F).4s.4p.(3P*)"	"z 5F*"	"4"	"3d2.4s.(4F).4d"	"g 3F"	"4"		""	"L10989"	
"399.46742"	"399.46743"	"55"	""		"16875.124"	"41901.3771"	"3d2.(3F).4s.4p.(3P*)"	"z 5F*"	"2"	"3d2.4s.(4F).4d"	"e 5D"	"1"		""	"L10989"	
"399.66350"	"399.66339"	"17"	""		"16961.442"	"41975.4249"	"3d2.(3F).4s.4p.(3P*)"	"z 5F*"	"3"	"3d2.4s.(4F).4d"	"3G"	"4"		""	"L10989"	
"399.86366"	"399.86363"	"10000"	"4.81e+07"	A	"386.874"	"25388.331"	"3d2.4s2"	"a 3F"	"4"	"3d2.(3F).4s.4p.(1P*)"	"y 3F*"	"4"		"T7574"	"L10989"	
"399.8963"	"399.89687"	"15q"	""		"17215.390"	"42214.7689"	"3d2.(3F).4s.4p.(3P*)"	"z 5F*"	"5"	"3d2.4s.(4F).4d"	"3H"	"4"		""	"L10989"	
"399.93424"	"399.93427"	"88"	""		"16961.442"	"41958.4833"	"3d2.(3F).4s.4p.(3P*)"	"z 5F*"	"3"	"3d2.4s.(4F).4d"	"e 5D"	"2"		""	"L10989"	
"400.00430"	"400.00442"	"12"	""		"16875.124"	"41867.7812"	"3d2.(3F).4s.4p.(3P*)"	"z 5F*"	"2"	"3d2.4s.(4F).4d"	"3G"	"3"		""	"L10989"	
"400.24681"	"400.24694"	"100"	""		"17075.258"	"42052.7717"	"3d2.(3F).4s.4p.(3P*)"	"z 5F*"	"4"	"3d2.4s.(4F).4d"	"e 5D"	"3"		""	"L10989"	
"400.37970"	"400.37963"	"120"	""		"17215.390"	"42184.6261"	"3d2.(3F).4s.4p.(3P*)"	"z 5F*"	"5"	"3d2.4s.(4F).4d"	"e 5D"	"4"		""	"L10989"	
"400.59599"	"400.59600"	"68"	"1.36e+07"	B+	"16961.442"	"41917.1924"	"3d2.(3F).4s.4p.(3P*)"	"z 5F*"	"3"	"3d2.4s.(4F).4d"	"e 5H"	"4"		"T6897"	"L10989"	
"400.64616"	"400.64595"	"5"	""		"17423.856"	"42376.495"	"3d3.(2D2).4s"	"a 3D"	"2"	"3d2.4s.(4F).5p"	"5D*"	"3"		""	"L10989"	
"400.71891"	"400.71902"	"34"	""		"16875.124"	"41823.2130"	"3d2.(3F).4s.4p.(3P*)"	"z 5F*"	"2"	"3d2.4s.(4F).4d"	"e 5H"	"3"		""	"L10989"	
"400.80533"	"400.80532"	"120"	"2.19e+07"	B+	"17075.258"	"42017.9751"	"3d2.(3F).4s.4p.(3P*)"	"z 5F*"	"4"	"3d2.4s.(4F).4d"	"e 5H"	"5"		"T6897"	"L10989"	
"400.89273"	"400.89274"	"3300"	"8.07e+06"	A	"170.1328"	"25107.411"	"3d2.4s2"	"a 3F"	"3"	"3d2.(3F).4s.4p.(1P*)"	"y 3F*"	"2"		"T7574"	"L10989"	
"400.96565"	"400.96568"	"1200"	"1.39e+06"	A	"170.1328"	"25102.875"	"3d2.4s2"	"a 3F"	"3"	"3d2.(3P).4s.4p.(3P*)"	"z 5S*"	"2"		"T7574"	"L10989"	
"401.27913"	"401.27911"	"32"	""		"17075.258"	"41988.5259"	"3d2.(3F).4s.4p.(3P*)"	"z 5F*"	"4"	"3d2.4s.(4F).4d"	"g 3F"	"3"		""	"L10989"	
"401.3241"	"401.32496"	"5q"	"2.0e+07"	D	"16961.442"	"41871.8642"	"3d2.(3F).4s.4p.(3P*)"	"z 5F*"	"3"	"3d2.4s.(4F).4d"	"g 3F"	"2"		"T4401n"	"L10989"	
"401.35833"	"401.35838"	"160"	"2.74e+07"	B+	"17215.390"	"42123.7378"	"3d2.(3F).4s.4p.(3P*)"	"z 5F*"	"5"	"3d2.4s.(4F).4d"	"e 5H"	"6"		"T6897"	"L10989"	
"401.48991"	"401.48975"	"13"	""		"17369.529"	"42269.727"	"3d3.(2D2).4s"	"a 3D"	"1"	"3d2.4s.(4F).5p"	"5D*"	"2"		""	"L10989"	
"401.53738"	"401.53726"	"150"	""		"16817.160"	"41714.4115"	"3d2.(3F).4s.4p.(3P*)"	"z 5F*"	"1"	"3d2.4s.(4F).4d"	"e 5G"	"2"		""	"L10989"	
"401.62761"	"401.62739"	"74"	""		"17215.390"	"42107.0545"	"3d2.(3F).4s.4p.(3P*)"	"z 5F*"	"5"	"3d2.4s.(4F).4d"	"g 3F"	"4"		""	"L10989"	
"401.69636"	"401.69608"	"26"	""		"17423.856"	"42311.264"	"3d3.(2D2).4s"	"a 3D"	"2"	"3d.4s2.4p"	"q 3D*"	"3"		""	"L10989"	
"401.77674"	"401.77685"	"170"	""		"16875.124"	"41757.529"	"3d2.(3F).4s.4p.(3P*)"	"z 5F*"	"2"	"3d2.4s.(4F).4d"	"e 5G"	"3"		""	"L10989"	
"402.11078"	"402.11031"	"5"	""		"16961.442"	"41823.2130"	"3d2.(3F).4s.4p.(3P*)"	"z 5F*"	"3"	"3d2.4s.(4F).4d"	"e 5H"	"3"		""	"L10989"	
"402.18151"	"402.18156"	"230"	"5.00e+07"	B+	"16961.442"	"41818.8088"	"3d2.(3F).4s.4p.(3P*)"	"z 5F*"	"3"	"3d2.4s.(4F).4d"	"e 5G"	"4"		"T6897"	"L10989"	
"402.36789"	"402.36765"	"12"	""		"17423.856"	"42269.727"	"3d3.(2D2).4s"	"a 3D"	"2"	"3d2.4s.(4F).5p"	"5D*"	"2"		""	"L10989"	
"402.4307"	"402.43141"	"9q"	"1.69e+06"	D+	"17075.258"	"41917.1924"	"3d2.(3F).4s.4p.(3P*)"	"z 5F*"	"4"	"3d2.4s.(4F).4d"	"e 5H"	"4"		"T6897"	"L10989"	
"402.45709"	"402.45711"	"3600"	"6.91e+06"	A	"386.874"	"25227.222"	"3d2.4s2"	"a 3F"	"4"	"3d2.(3F).4s.4p.(1P*)"	"y 3F*"	"3"		"T7574"	"L10989"	
"402.47414"	"402.47429"	"39"	""		"16875.124"	"41714.4115"	"3d2.(3F).4s.4p.(3P*)"	"z 5F*"	"2"	"3d2.4s.(4F).4d"	"e 5G"	"2"		""	"L10989"	
"402.50762"	"402.50770"	"21"	""		"17369.529"	"42206.755"	"3d3.(2D2).4s"	"a 3D"	"1"	"3d.4s2.4p"	"q 3D*"	"2"		""	"L10989"	
"402.52245"	"402.52259"	"25"	""		"17540.188"	"42376.495"	"3d3.(2D2).4s"	"a 3D"	"3"	"3d2.4s.(4F).5p"	"5D*"	"3"		""	"L10989"	
"402.65374"	"402.65374"	"260"	""		"17075.258"	"41903.4757"	"3d2.(3F).4s.4p.(3P*)"	"z 5F*"	"4"	"3d2.4s.(4F).4d"	"e 5G"	"5"		""	"L10989"	
"402.7149"	"402.71534"	"6q"	""		"17369.529"	"42193.949"	"3d3.(2D2).4s"	"a 3D"	"1"	"3d2.4s.(4F).5p"	"5D*"	"1"		""	"L10989"	
"403.05111"	"403.05112"	"310"	"5.08e+07"	B+	"17215.390"	"42019.1293"	"3d2.(3F).4s.4p.(3P*)"	"z 5F*"	"5"	"3d2.4s.(4F).4d"	"e 5G"	"6"		"T6897"	"L10989"	
"403.06980"	"403.06988"	"8"	"1.20e+06"	C+	"17215.390"	"42017.9751"	"3d2.(3F).4s.4p.(3P*)"	"z 5F*"	"5"	"3d2.4s.(4F).4d"	"e 5H"	"5"		"T6897"	"L10989"	
"403.17550"	"403.17551"	"39"	""		"16961.442"	"41757.529"	"3d2.(3F).4s.4p.(3P*)"	"z 5F*"	"3"	"3d2.4s.(4F).4d"	"e 5G"	"3"		""	"L10989"	
"403.39019"	"403.39006"	"61"	""		"17423.856"	"42206.755"	"3d3.(2D2).4s"	"a 3D"	"2"	"3d.4s2.4p"	"q 3D*"	"2"		""	"L10989"	
"403.48905"	"403.48905"	"41"	""		"17369.529"	"42146.348"	"3d3.(2D2).4s"	"a 3D"	"1"	"3d.4s2.4p"	"q 3D*"	"1"		""	"L10989"	
"403.58254"	"403.58260"	"130"	""		"17540.188"	"42311.264"	"3d3.(2D2).4s"	"a 3D"	"3"	"3d.4s2.4p"	"q 3D*"	"3"		""	"L10989"	
"404.03166"	"404.03156"	"36"	"8.07e+06"	B+	"17075.258"	"41818.8088"	"3d2.(3F).4s.4p.(3P*)"	"z 5F*"	"4"	"3d2.4s.(4F).4d"	"e 5G"	"4"		"T6897"	"L10989"	
"404.37542"	"404.37573"	"21"	""		"17423.856"	"42146.348"	"3d3.(2D2).4s"	"a 3D"	"2"	"3d.4s2.4p"	"q 3D*"	"1"		""	"L10989"	
"404.93935"	"404.93929"	"19"	""		"17215.390"	"41903.4757"	"3d2.(3F).4s.4p.(3P*)"	"z 5F*"	"5"	"3d2.4s.(4F).4d"	"e 5G"	"5"		""	"L10989"	
"405.29214"	"405.29256"	"110bl"	""		"17540.188"	"42206.755"	"3d3.(2D2).4s"	"a 3D"	"3"	"3d.4s2.4p"	"q 3D*"	"2"		""	"L10989"	
"405.50112"	"405.50115"	"550"	"2.8e+07"	D	"8436.618"	"33090.497"	"3d2.4s2"	"a 3P"	"0"	"3d3.(4P).4p"	"x 3P*"	"1"		"T2773n"	"L10989"	
"405.76189"	"405.76178"	"58"	""		"18593.947"	"43231.9903"	"3d2.(3F).4s.4p.(3P*)"	"z 5D*"	"3"	"3d2.4s.(4F).4d"	"g 5F"	"4"		""	"L10989"	
"405.81404"	"405.81401"	"90"	""		"18695.134"	"43330.0066"	"3d2.(3F).4s.4p.(3P*)"	"z 5D*"	"4"	"3d2.4s.(4F).4d"	"g 5F"	"5"		""	"L10989"	
"406.00753"	"406.00749"	"36"	""		"18525.059"	"43148.1922"	"3d2.(3F).4s.4p.(3P*)"	"z 5D*"	"2"	"3d2.4s.(4F).4d"	"g 5F"	"3"		""	"L10989"	
"406.02621"	"406.02621"	"710"	"2.4e+07"	D	"8492.422"	"33114.420"	"3d2.4s2"	"a 3P"	"1"	"3d3.(4P).4p"	"x 3P*"	"2"		"T2773n"	"L10989"	
"406.4144"	"406.41515"	"8q"	""		"21469.488"	"46067.923"	"3d2.(3F).4s.4p.(3P*)"	"z 3G*"	"3"	"3d2.4s.(2F).4d"	"e 1G"	"4"		""	"L10989"	
"406.42097"	"406.42110"	"420"	"2.4e+07"	D	"8492.422"	"33090.497"	"3d2.4s2"	"a 3P"	"1"	"3d3.(4P).4p"	"x 3P*"	"1"		"T2773n"	"L10989"	
"406.50952"	"406.50945"	"560"	"7.0e+07"	D	"8492.422"	"33085.151"	"3d2.4s2"	"a 3P"	"1"	"3d3.(4P).4p"	"x 3P*"	"0"		"T2773n"	"L10989"	
"406.55858"	"406.55847"	"21"	""		"17369.529"	"41959.293"	"3d3.(2D2).4s"	"a 3D"	"1"	"3d3.(2P).4p"	"u 3P*"	"0"		""	"L10989"	
"406.81325"	"406.81340"	"34"	""		"17369.529"	"41943.884"	"3d3.(2D2).4s"	"a 3D"	"1"	"3d3.(2P).4p"	"u 3P*"	"1"		""	"L10989"	
"406.86489"	"406.86546"	"13"	""		"18462.722"	"43033.933"	"3d2.(3F).4s.4p.(3P*)"	"z 5D*"	"0"	"3d2.4s.(4F).4d"	"g 5F"	"1"		""	"L10989"	
"406.89849"	"406.89861"	"31"	""		"22081.189"	"46650.398"	"3d2.(3F).4s.4p.(3P*)"	"z 1D*"	"2"	"3d2.4s.(2F).4d"	"f 1F"	"3"		""	"L10989"	
"407.06769"	"407.06781"	"7"	""		"17369.529"	"41928.526"	"3d3.(2D2).4s"	"a 3D"	"1"	"3d3.(2P).4p"	"u 3P*"	"2"		""	"L10989"	
"407.11910"	"407.11910"	"22"	""		"18525.059"	"43080.9622"	"3d2.(3F).4s.4p.(3P*)"	"z 5D*"	"2"	"3d2.4s.(4F).4d"	"g 5F"	"2"		""	"L10989"	
"407.14671"	"407.14659"	"26"	""		"18593.947"	"43148.1922"	"3d2.(3F).4s.4p.(3P*)"	"z 5D*"	"3"	"3d2.4s.(4F).4d"	"g 5F"	"3"		""	"L10989"	
"407.43494"	"407.43513"	"22"	""		"18695.134"	"43231.9903"	"3d2.(3F).4s.4p.(3P*)"	"z 5D*"	"4"	"3d2.4s.(4F).4d"	"g 5F"	"4"		""	"L10989"	
"407.63614"	"407.63611"	"120"	""		"170.1328"	"24694.892"	"3d2.4s2"	"a 3F"	"3"	"3d2.(3F).4s.4p.(3P*)"	"z 1G*"	"4"		""	"L10989"	
"407.71481"	"407.71476"	"36"	""		"17423.856"	"41943.884"	"3d3.(2D2).4s"	"a 3D"	"2"	"3d3.(2P).4p"	"u 3P*"	"1"		""	"L10989"	
"407.84705"	"407.84703"	"1800"	""		"8602.3441"	"33114.420"	"3d2.4s2"	"a 3P"	"2"	"3d3.(4P).4p"	"x 3P*"	"2"		""	"L10989"	
"407.96978"	"407.97030"	"50"	""		"17423.856"	"41928.526"	"3d3.(2D2).4s"	"a 3D"	"2"	"3d3.(2P).4p"	"u 3P*"	"2"		""	"L10989"	
"408.2455"	"408.24548"	"650"	""		"8602.3441"	"33090.497"	"3d2.4s2"	"a 3P"	"2"	"3d3.(4P).4p"	"x 3P*"	"1"		""	"L10989"	
"409.9165"	"409.91635"	"100"	""		"17540.188"	"41928.526"	"3d3.(2D2).4s"	"a 3D"	"3"	"3d3.(2P).4p"	"u 3P*"	"2"		""	"L10989"	
"411.2708"	"411.27085"	"2100"	"8.82e+05"	A	"386.874"	"24694.892"	"3d2.4s2"	"a 3F"	"4"	"3d2.(3F).4s.4p.(3P*)"	"z 1G*"	"4"		"T7574"	"L10989"	
"412.0030"	"412.00305"	"26"	""		"18593.947"	"42858.7661"	"3d2.(3F).4s.4p.(3P*)"	"z 5D*"	"3"	"3d2.4s.(4F).4d"	"e 5P"	"3"		""	"L10989"	
"412.1635"	"412.16341"	"59"	""		"8602.3441"	"32857.723"	"3d2.4s2"	"a 3P"	"2"	"3d2.(1D).4s.4p.(1P*)"	"y 1F*"	"3"		""	"L10989"	
"412.2143"	"412.21446"	"100"	""		"21469.488"	"45721.863"	"3d2.(3F).4s.4p.(3P*)"	"z 3G*"	"3"	"3d2.4s.(2F).4d"	"f 3H"	"4"		""	"L10989"	
"412.3288"	"412.32864"	"67"	""		"22404.739"	"46650.398"	"3d2.(3F).4s.4p.(3P*)"	"z 1F*"	"3"	"3d2.4s.(2F).4d"	"f 1F"	"3"		""	"L10989"	
"412.3560"	"412.35599"	"110"	""		"21588.495"	"45832.546"	"3d2.(3F).4s.4p.(3P*)"	"z 3G*"	"4"	"3d2.4s.(2F).4d"	"f 3H"	"5"		""	"L10989"	
"412.4036"	"412.40429"	"9q"	""		"18482.774"	"42723.9855"	"3d2.(3F).4s.4p.(3P*)"	"z 5D*"	"1"	"3d2.4s.(4F).4d"	"e 5P"	"2"		""	"L10989"	
"412.5748"	"412.57454"	"7"	""		"18145.286"	"42376.495"	"3d3.(2P).4s"	"b 3P"	"2"	"3d2.4s.(4F).5p"	"5D*"	"3"		""	"L10989"	
"412.7531"	"412.75312"	"150"	""		"21739.707"	"45960.432"	"3d2.(3F).4s.4p.(3P*)"	"z 3G*"	"5"	"3d2.4s.(2F).4d"	"f 3H"	"6"		""	"L10989"	
"413.1249"	"413.12494"	"44"	""		"18525.059"	"42723.9855"	"3d2.(3F).4s.4p.(3P*)"	"z 5D*"	"2"	"3d2.4s.(4F).4d"	"e 5P"	"2"		""	"L10989"	
"413.6884"	"413.68822"	"26"	""		"18145.286"	"42311.264"	"3d3.(2P).4s"	"b 3P"	"2"	"3d.4s2.4p"	"q 3D*"	"3"		""	"L10989"	
"413.7284"	"413.72838"	"140"	""		"18695.134"	"42858.7661"	"3d2.(3F).4s.4p.(3P*)"	"z 5D*"	"4"	"3d2.4s.(4F).4d"	"e 5P"	"3"		""	"L10989"	
"413.9837"	"413.98371"	"17"	""		"18462.722"	"42611.4510"	"3d2.(3F).4s.4p.(3P*)"	"z 5D*"	"0"	"3d2.4s.(4F).4d"	"e 5P"	"1"		""	"L10989"	
"414.2475"	"414.24722"	"12"	""		"21588.495"	"45721.863"	"3d2.(3F).4s.4p.(3P*)"	"z 3G*"	"4"	"3d2.4s.(2F).4d"	"f 3H"	"4"		""	"L10989"	
"414.3042"	"414.30438"	"97"	""		"18593.947"	"42723.9855"	"3d2.(3F).4s.4p.(3P*)"	"z 5D*"	"3"	"3d2.4s.(4F).4d"	"e 5P"	"2"		""	"L10989"	
"414.3276"	"414.32776"	"41"	""		"18482.774"	"42611.4510"	"3d2.(3F).4s.4p.(3P*)"	"z 5D*"	"1"	"3d2.4s.(4F).4d"	"e 5P"	"1"		""	"L10989"	
"414.5033"	"414.50342"	"12"	""		"7255.355"	"31373.807"	"3d2.4s2"	"a 1D"	"2"	"3d3.(4F).4p"	"w 3G*"	"3"		""	"L10989"	
"414.5985"	"414.59844"	"9"	""		"25037.405"	"49150.329"	"3d3.(2F).4s"	"3F"	"4"	"3d2.4s.(2F).5p"	"3D*"	"3"		""	"L10989"	
"414.9441"	"414.94408"	"17"	""		"21739.707"	"45832.546"	"3d2.(3F).4s.4p.(3P*)"	"z 3G*"	"5"	"3d2.4s.(2F).4d"	"f 3H"	"5"		""	"L10989"	
"415.0550"	"415.05515"	"39"	""		"18525.059"	"42611.4510"	"3d2.(3F).4s.4p.(3P*)"	"z 5D*"	"2"	"3d2.4s.(4F).4d"	"e 5P"	"1"		""	"L10989"	
"415.0799"	"415.07981"	"16"	""		"18061.387"	"42146.348"	"3d3.(2P).4s"	"b 3P"	"1"	"3d.4s2.4p"	"q 3D*"	"1"		""	"L10989"	
"415.0959"	"415.09584"	"220"	""		"17540.188"	"41624.219"	"3d3.(2D2).4s"	"a 3D"	"3"	"3d.4s2.4p"	"s 3F*"	"4"		""	"L10989"	
"415.4849"	"415.48507"	"24"	""		"18145.286"	"42206.755"	"3d3.(2P).4s"	"b 3P"	"2"	"3d.4s2.4p"	"q 3D*"	"2"		""	"L10989"	
"415.9637"	"415.96371"	"150"	""		"17423.856"	"41457.639"	"3d3.(2D2).4s"	"a 3D"	"2"	"3d.4s2.4p"	"s 3F*"	"3"		""	"L10989"	
"416.0186"	"416.01844"	"9"	""		"25068.842"	"49099.463"	"3d3.(2F).4s"	"3F"	"3"	"3d2.4s.(2F).5p"	"3D*"	"2"		""	"L10989"	
"416.0408"	"416.04084"	"8"	""		"21469.488"	"45498.815"	"3d2.(3F).4s.4p.(3P*)"	"z 3G*"	"3"	"3d2.4s.(2F).4d"	"3G"	"4"		""	"L10989"	
"416.4132"	"416.41310"	"53"	""		"15108.111"	"39115.957"	"3d3.(2G).4s"	"a 3G"	"3"	"3d3.(2H).4p"	"x 3H*"	"4"		""	"L10989"	
"416.6308"	"416.63081"	"70"	""		"15156.802"	"39152.103"	"3d3.(2G).4s"	"a 3G"	"4"	"3d3.(2H).4p"	"x 3H*"	"5"		""	"L10989"	
"416.7688"	"416.7686"	"6"	""		"25092.958"	"49080.327"	"3d3.(2F).4s"	"3F"	"2"	"3d2.4s.(2F).5p"	"3D*"	"1"		""	"L10989"	
"416.9326"	"416.93265"	"96"	""		"15220.393"	"39198.323"	"3d3.(2G).4s"	"a 3G"	"5"	"3d3.(2H).4p"	"x 3H*"	"6"		""	"L10989"	
"417.1017"	"417.10158"	"110"	""		"17369.529"	"41337.748"	"3d3.(2D2).4s"	"a 3D"	"1"	"3d.4s2.4p"	"s 3F*"	"2"		""	"L10989"	
"417.2594"	"417.25937"	"8"	""		"15156.802"	"39115.957"	"3d3.(2G).4s"	"a 3G"	"4"	"3d3.(2H).4p"	"x 3H*"	"4"		""	"L10989"	
"417.4072"	"417.40751"	"43"	""		"7255.355"	"31206.007"	"3d2.4s2"	"a 1D"	"2"	"3d2.(3P).4s.4p.(3P*)"	"v 3D*"	"3"		""	"L10989"	
"417.4467"	"417.44682"	"39"	""		"17995.487"	"41943.884"	"3d3.(2P).4s"	"b 3P"	"0"	"3d3.(2P).4p"	"u 3P*"	"1"		""	"L10989"	
"417.6967"	"417.69674"	"7"	""		"21469.488"	"45403.556"	"3d2.(3F).4s.4p.(3P*)"	"z 3G*"	"3"	"3d2.4s.(2F).4d"	"3G"	"3"		""	"L10989"	
"417.7380"	"417.73790"	"9"	""		"15220.393"	"39152.103"	"3d3.(2G).4s"	"a 3G"	"5"	"3d3.(2H).4p"	"x 3H*"	"5"		""	"L10989"	
"417.9870"	"417.98695"	"12"	""		"17540.188"	"41457.639"	"3d3.(2D2).4s"	"a 3D"	"3"	"3d.4s2.4p"	"s 3F*"	"3"		""	"L10989"	
"418.0495"	"418.04916"	"16"	""		"17423.856"	"41337.748"	"3d3.(2D2).4s"	"a 3D"	"2"	"3d.4s2.4p"	"s 3F*"	"2"		""	"L10989"	
"418.1119"	"418.11161"	"9"	""		"21588.495"	"45498.815"	"3d2.(3F).4s.4p.(3P*)"	"z 3G*"	"4"	"3d2.4s.(2F).4d"	"3G"	"4"		""	"L10989"	
"418.3287"	"418.32881"	"43"	""		"18061.387"	"41959.293"	"3d3.(2P).4s"	"b 3P"	"1"	"3d3.(2P).4p"	"u 3P*"	"0"		""	"L10989"	
"418.4589"	"418.45896"	"11"	""		"21739.707"	"45630.180"	"3d2.(3F).4s.4p.(3P*)"	"z 3G*"	"5"	"3d2.4s.(2F).4d"	"3G"	"5"		""	"L10989"	
"418.5988"	"418.59872"	"14"	""		"18061.387"	"41943.884"	"3d3.(2P).4s"	"b 3P"	"1"	"3d3.(2P).4p"	"u 3P*"	"1"		""	"L10989"	
"418.6118"	"418.61173"	"910"	"2.10e+07"	C+	"12118.393"	"36000.148"	"3d2.4s2"	"a 1G"	"4"	"3d2.(1G).4s.4p.(1P*)"	"y 1G*"	"4"		"T4922"	"L10989"	
"418.8683"	"418.86808"	"55"	""		"18061.387"	"41928.526"	"3d3.(2P).4s"	"b 3P"	"1"	"3d3.(2P).4p"	"u 3P*"	"2"		""	"L10989"	
"420.0745"	"420.07447"	"69"	""		"18145.286"	"41943.884"	"3d3.(2P).4s"	"b 3P"	"2"	"3d3.(2P).4p"	"u 3P*"	"1"		""	"L10989"	
"420.3459"	"420.34573"	"110"	""		"18145.286"	"41928.526"	"3d3.(2P).4s"	"b 3P"	"2"	"3d3.(2P).4p"	"u 3P*"	"2"		""	"L10989"	
"421.1720"	"421.17195"	"34"	""		"20062.886"	"43799.471"	"3d3.(2P).4s"	"a 1P"	"1"	"3d3.(2D2).4p"	"u 1D*"	"2"		""	"L10989"	
"422.4786"	"422.47841"	"66"	""		"22404.739"	"46067.923"	"3d2.(3F).4s.4p.(3P*)"	"z 1F*"	"3"	"3d2.4s.(2F).4d"	"e 1G"	"4"		""	"L10989"	
"423.2358"	"423.23611"	"4"	""		"18593.947"	"42214.7689"	"3d2.(3F).4s.4p.(3P*)"	"z 5D*"	"3"	"3d2.4s.(4F).4d"	"3H"	"4"		""	"L10989"	
"423.4649"	"423.46523"	"11q"	""		"15156.802"	"38764.844"	"3d3.(2G).4s"	"a 3G"	"4"	"3d3.(2P).4p"	"t 3D*"	"3"		""	"L10989"	
"423.7584"	"423.75868"	"4"	""		"15108.111"	"38699.805"	"3d3.(2G).4s"	"a 3G"	"3"	"3d3.(2P).4p"	"t 3D*"	"2"		""	"L10989"	
"423.7770"	"423.77691"	"36"	""		"18593.947"	"42184.6261"	"3d2.(3F).4s.4p.(3P*)"	"z 5D*"	"3"	"3d2.4s.(4F).4d"	"e 5D"	"4"		""	"L10989"	
"423.7887"	"423.78868"	"180"	""		"20209.447"	"43799.471"	"3d3.(2D2).4s"	"b 1D"	"2"	"3d3.(2D2).4p"	"u 1D*"	"2"		""	"L10989"	
"424.5506"	"424.55049"	"21"	""		"18037.213"	"41584.908"	"3d3.(2H).4s"	"a 3H"	"4"	"3d3.(2G).4p"	"v 1F*"	"3"		""	"L10989"	
"424.6111"	"424.61108"	"10"	""		"19421.580"	"42965.9148"	"3d2.(3F).4s.4p.(3P*)"	"z 3F*"	"3"	"3d4"	"3F1"	"3"		""	"L10989"	
"424.9112"	"424.91107"	"68"	""		"18525.059"	"42052.7717"	"3d2.(3F).4s.4p.(3P*)"	"z 5D*"	"2"	"3d2.4s.(4F).4d"	"e 5D"	"3"		""	"L10989"	
"425.0572"	"425.05701"	"17"	""		"18695.134"	"42214.7689"	"3d2.(3F).4s.4p.(3P*)"	"z 5D*"	"4"	"3d2.4s.(4F).4d"	"3H"	"4"		""	"L10989"	
"425.1602"	"425.16030"	"49"	""		"15156.802"	"38670.723"	"3d3.(2G).4s"	"a 3G"	"4"	"3d3.(2G).4p"	"t 3F*"	"4"		""	"L10989"	
"425.1756"	"425.17501"	"32q"	""		"18593.947"	"42107.0545"	"3d2.(3F).4s.4p.(3P*)"	"z 5D*"	"3"	"3d2.4s.(4F).4d"	"g 3F"	"4"		""	"L10989"	
"425.6026"	"425.60247"	"160"	""		"18695.134"	"42184.6261"	"3d2.(3F).4s.4p.(3P*)"	"z 5D*"	"4"	"3d2.4s.(4F).4d"	"e 5D"	"4"		""	"L10989"	
"425.8525"	"425.85235"	"76"	""		"18482.774"	"41958.4833"	"3d2.(3F).4s.4p.(3P*)"	"z 5D*"	"1"	"3d2.4s.(4F).4d"	"e 5D"	"2"		""	"L10989"	
"426.0746"	"426.07455"	"30"	""		"18525.059"	"41988.5259"	"3d2.(3F).4s.4p.(3P*)"	"z 5D*"	"2"	"3d2.4s.(4F).4d"	"g 3F"	"3"		""	"L10989"	
"426.1590"	"426.15886"	"120"	""		"18593.947"	"42052.7717"	"3d2.(3F).4s.4p.(3P*)"	"z 5D*"	"3"	"3d2.4s.(4F).4d"	"e 5D"	"3"		""	"L10989"	
"426.3133"	"426.31324"	"750"	""		"15220.393"	"38670.723"	"3d3.(2G).4s"	"a 3G"	"5"	"3d3.(2G).4p"	"t 3F*"	"4"		""	"L10989"	
"426.5259"	"426.52559"	"45"	""		"18462.722"	"41901.3771"	"3d2.(3F).4s.4p.(3P*)"	"z 5D*"	"0"	"3d2.4s.(4F).4d"	"e 5D"	"1"		""	"L10989"	
"426.5703"	"426.57018"	"52"	""		"15108.111"	"38544.316"	"3d3.(2G).4s"	"a 3G"	"3"	"3d3.(2G).4p"	"t 3F*"	"3"		""	"L10989"	
"426.5831"	"426.58266"	"15"	""		"19573.974"	"43009.4937"	"3d2.(3F).4s.4p.(3P*)"	"z 3F*"	"4"	"3d4"	"3F1"	"4"		""	"L10989"	
"426.6209"	"426.62080"	"58"	"3.1e+07"	D	"18525.059"	"41958.4833"	"3d2.(3F).4s.4p.(3P*)"	"z 5D*"	"2"	"3d2.4s.(4F).4d"	"e 5D"	"2"		"T4401n"	"L10989"	
"426.8916"	"426.89081"	"13q"	""		"18482.774"	"41901.3771"	"3d2.(3F).4s.4p.(3P*)"	"z 5D*"	"1"	"3d2.4s.(4F).4d"	"e 5D"	"1"		""	"L10989"	
"427.0127"	"427.01266"	"110"	""		"18695.134"	"42107.0545"	"3d2.(3F).4s.4p.(3P*)"	"z 5D*"	"4"	"3d2.4s.(4F).4d"	"g 3F"	"4"		""	"L10989"	
"427.2328"	"427.23257"	"13"	""		"18911.394"	"42311.264"	"3d3.(4P).4s"	"c 3P"	"2"	"3d.4s2.4p"	"q 3D*"	"3"		""	"L10989"	
"427.2424"	"427.24235"	"180"	""		"6661.006"	"30060.340"	"3d3.(4F).4s"	"a 5F"	"3"	"3d3.(4F).4p"	"x 5D*"	"4"		""	"L10989"	
"427.3295"	"427.32920"	"36"	""		"18593.947"	"41988.5259"	"3d2.(3F).4s.4p.(3P*)"	"z 5D*"	"3"	"3d2.4s.(4F).4d"	"g 3F"	"3"		""	"L10989"	
"427.4293"	"427.42948"	"5"	""		"18482.774"	"41871.8642"	"3d2.(3F).4s.4p.(3P*)"	"z 5D*"	"1"	"3d2.4s.(4F).4d"	"g 3F"	"2"		""	"L10989"	
"427.4383"	"427.43860"	"40"	""		"18482.774"	"41871.365"	"3d2.(3F).4s.4p.(3P*)"	"z 5D*"	"1"	"3d2.4s.(4F).4d"	"e 5D"	"0"		""	"L10989"	
"427.4588"	"427.45829"	"660"	""		"15156.802"	"38544.316"	"3d3.(2G).4s"	"a 3G"	"4"	"3d3.(2G).4p"	"t 3F*"	"3"		""	"L10989"	
"427.5779"	"427.57787"	"10"	""		"18825.782"	"42206.755"	"3d3.(4P).4s"	"c 3P"	"1"	"3d.4s2.4p"	"q 3D*"	"2"		""	"L10989"	
"427.6427"	"427.64268"	"190"	""		"13981.773"	"37359.203"	"3d3.(4P).4s"	"a 5P"	"1"	"3d3.(4P).4p"	"y 5S*"	"2"		""	"L10989"	
"427.6632"	"427.66302"	"59"	""		"18525.059"	"41901.3771"	"3d2.(3F).4s.4p.(3P*)"	"z 5D*"	"2"	"3d2.4s.(4F).4d"	"e 5D"	"1"		""	"L10989"	
"427.8220"	"427.82204"	"140"	""		"20795.603"	"44163.232"	"3d3.(2H).4s"	"a 1H"	"5"	"3d2.(1G).4s.4p.(1P*)"	"x 1H*"	"5"		""	"L10989"	
"427.8788"	"427.87867"	"57"	""		"18593.947"	"41958.4833"	"3d2.(3F).4s.4p.(3P*)"	"z 5D*"	"3"	"3d2.4s.(4F).4d"	"e 5D"	"2"		""	"L10989"	
"428.0053"	"428.00505"	"27"	""		"18695.134"	"42052.7717"	"3d2.(3F).4s.4p.(3P*)"	"z 5D*"	"4"	"3d2.4s.(4F).4d"	"e 5D"	"3"		""	"L10989"	
"428.1364"	"428.13674"	"280"	"3.18e+06"	C+	"6556.833"	"29907.286"	"3d3.(4F).4s"	"a 5F"	"1"	"3d3.(4F).4p"	"x 5D*"	"2"		"T4294"	"L10989"	
"428.1716"	"428.17082"	"11q"	""		"19421.580"	"42770.1745"	"3d2.(3F).4s.4p.(3P*)"	"z 3F*"	"3"	"3d2.4s.(4F).4d"	"3D"	"2"		""	"L10989"	
"428.2620"	"428.26176"	"53"	""		"13981.773"	"37325.410"	"3d3.(4P).4s"	"a 5P"	"1"	"3d3.(2D2).4p"	"w 3P*"	"2"		""	"L10989"	
"428.2699"	"428.26981"	"510"	""		"15108.111"	"38451.309"	"3d3.(2G).4s"	"a 3G"	"3"	"3d3.(2G).4p"	"t 3F*"	"2"		""	"L10989"	
"428.4701"	"428.46987"	"17"	""		"19573.974"	"42906.2727"	"3d2.(3F).4s.4p.(3P*)"	"z 3F*"	"4"	"3d2.4s.(4F).4d"	"3D"	"3"		""	"L10989"	
"428.4859"	"428.48668"	"8"	""		"19322.984"	"42654.3674"	"3d2.(3F).4s.4p.(3P*)"	"z 3F*"	"2"	"3d2.4s.(4F).4d"	"3D"	"1"		""	"L10989"	
"428.4981"	"428.49800"	"330"	"3.2e+07"	D	"14028.436"	"37359.203"	"3d3.(4P).4s"	"a 5P"	"2"	"3d3.(4P).4p"	"y 5S*"	"2"		"T2773n"	"L10989"	
"428.5442"	"428.54426"	"5"	""		"18818.099"	"42146.348"	"3d3.(4P).4s"	"c 3P"	"0"	"3d.4s2.4p"	"q 3D*"	"1"		""	"L10989"	
"428.6004"	"428.60040"	"2200"	""		"6661.006"	"29986.199"	"3d3.(4F).4s"	"a 5F"	"3"	"3d3.(4F).4p"	"x 5D*"	"3"		""	"L10989"	
"428.7403"	"428.74027"	"2200"	"1.46e+07"	C+	"6742.756"	"30060.340"	"3d3.(4F).4s"	"a 5F"	"4"	"3d3.(4F).4p"	"x 5D*"	"4"		"T4294"	"L10989"	
"428.8146"	"428.81499"	"73"	""		"6598.765"	"29912.286"	"3d3.(4F).4s"	"a 5F"	"2"	"3d2.(3F).4s.4p.(1P*)"	"w 3D*"	"3"		""	"L10989"	
"428.8179"	"428.81839"	"98"	""		"8492.422"	"31805.758"	"3d2.4s2"	"a 3P"	"1"	"3d2.(3P).4s.4p.(3P*)"	"y 3P*"	"2"		""	"L10989"	
"428.8368"	"428.83647"	"16"	""		"18145.286"	"41457.639"	"3d3.(2P).4s"	"b 3P"	"2"	"3d.4s2.4p"	"s 3F*"	"3"		""	"L10989"	
"428.9070"	"428.90698"	"2300"	"3.0e+07"	D	"6598.765"	"29907.286"	"3d3.(4F).4s"	"a 5F"	"2"	"3d3.(4F).4p"	"x 5D*"	"2"		"T2773n"	"L10989"	
"428.9907"	"428.99087"	"83"	""		"17540.188"	"40844.151"	"3d3.(2D2).4s"	"a 3D"	"3"	"3d3.(4P).4p"	"r 3D*"	"3"		""	"L10989"	
"429.0929"	"429.09289"	"1900"	"4.5e+07"	D	"6556.833"	"29855.255"	"3d3.(4F).4s"	"a 5F"	"1"	"3d3.(4F).4p"	"x 5D*"	"1"		"T2773n"	"L10989"	
"429.1126"	"429.11257"	"190"	""		"18287.554"	"41584.908"	"3d3.(2G).4s"	"b 1G"	"4"	"3d3.(2G).4p"	"v 1F*"	"3"		""	"L10989"	
"429.1195"	"429.11951"	"67*"	""		"27750.135"	"51047.112"	"3d2.(3F).4s.4p.(1P*)"	"y 3G*"	"5"	"3d2.4s.(4F<9/2>).5g"	"2[13/2]"	"6"		""	"L10989"	
"429.1195"	"429.11957"	"67*"	""		"14028.436"	"37325.410"	"3d3.(4P).4s"	"a 5P"	"2"	"3d3.(2D2).4p"	"w 3P*"	"2"		""	"L10989"	
"429.2668"	"429.26674"	"76"	""		"8436.618"	"31725.605"	"3d2.4s2"	"a 3P"	"0"	"3d2.(3P).4s.4p.(3P*)"	"y 3P*"	"1"		""	"L10989"	
"429.5749"	"429.57493"	"1900"	"1.3e+08"	D	"6556.833"	"29829.112"	"3d3.(4F).4s"	"a 5F"	"1"	"3d3.(4F).4p"	"x 5D*"	"0"		"T2773n"	"L10989"	
"429.8666"	"429.86657"	"3200"	""		"6598.765"	"29855.255"	"3d3.(4F).4s"	"a 5F"	"2"	"3d3.(4F).4p"	"x 5D*"	"1"		""	"L10989"	
"429.9203"	"429.92057"	"480"	""		"14105.634"	"37359.203"	"3d3.(4P).4s"	"a 5P"	"3"	"3d3.(4P).4p"	"y 5S*"	"2"		""	"L10989"	
"429.9629"	"429.96290"	"740"	""		"6661.006"	"29912.286"	"3d3.(4F).4s"	"a 5F"	"3"	"3d2.(3F).4s.4p.(1P*)"	"w 3D*"	"3"		""	"L10989"	
"430.0489"	"430.04848"	"80q"	""		"17423.856"	"40670.509"	"3d3.(2D2).4s"	"a 3D"	"2"	"3d3.(4P).4p"	"r 3D*"	"2"		""	"L10989"	
"430.0554"	"430.05538"	"4400"	""		"6661.006"	"29907.286"	"3d3.(4F).4s"	"a 5F"	"3"	"3d3.(4F).4p"	"x 5D*"	"2"		""	"L10989"	
"430.1079"	"430.10787"	"4900"	""		"6742.756"	"29986.199"	"3d3.(4F).4s"	"a 5F"	"4"	"3d3.(4F).4p"	"x 5D*"	"3"		""	"L10989"	
"430.2979"	"430.29781"	"33"	""		"8492.422"	"31725.605"	"3d2.4s2"	"a 3P"	"1"	"3d2.(3P).4s.4p.(3P*)"	"y 3P*"	"1"		""	"L10989"	
"430.3571"	"430.35716"	"6"	""		"15877.081"	"39107.060"	"3d2.(3F).4s.4p.(3P*)"	"z 5G*"	"2"	"3d3.(4F).5s"	"f 5F"	"1"		""	"L10989"	
"430.5463"	"430.54627"	"56"	""		"14105.634"	"37325.410"	"3d3.(4P).4s"	"a 5P"	"3"	"3d3.(2D2).4p"	"w 3P*"	"2"		""	"L10989"	
"430.5738"	"430.57423"	"21q"	""		"18037.213"	"41255.481"	"3d3.(2H).4s"	"a 3H"	"4"	"3d3.(2H).4p"	"3G*"	"4"		""	"L10989"	
"430.5908"	"430.59074"	"6400"	""		"6842.962"	"30060.340"	"3d3.(4F).4s"	"a 5F"	"5"	"3d3.(4F).4p"	"x 5D*"	"4"		""	"L10989"	
"430.6939"	"430.69344"	"23"	""		"6556.833"	"29768.675"	"3d3.(4F).4s"	"a 5F"	"1"	"3d2.(3F).4s.4p.(1P*)"	"w 3D*"	"2"		""	"L10989"	
"430.8500"	"430.84988"	"170"	""		"8602.3441"	"31805.758"	"3d2.4s2"	"a 3P"	"2"	"3d2.(3P).4s.4p.(3P*)"	"y 3P*"	"2"		""	"L10989"	
"430.9088"	"430.90812"	"42"	""		"18141.265"	"41341.543"	"3d3.(2H).4s"	"a 3H"	"5"	"3d3.(2H).4p"	"3G*"	"5"		""	"L10989"	
"431.0359"	"431.03585"	"70"	""		"8492.422"	"31685.825"	"3d2.4s2"	"a 3P"	"1"	"3d2.(3P).4s.4p.(3P*)"	"y 3P*"	"0"		""	"L10989"	
"431.1645"	"431.16446"	"54"	""		"17369.529"	"40556.014"	"3d3.(2D2).4s"	"a 3D"	"1"	"3d3.(4P).4p"	"r 3D*"	"1"		""	"L10989"	
"431.4035"	"431.40329"	"9"	""		"15975.631"	"39149.280"	"3d2.(3F).4s.4p.(3P*)"	"z 5G*"	"3"	"3d3.(4F).5s"	"f 5F"	"2"		""	"L10989"	
"431.4344"	"431.43434"	"200"	""		"6742.756"	"29914.737"	"3d3.(4F).4s"	"a 5F"	"4"	"3d2.(1G).4s.4p.(3P*)"	"x 3G*"	"3"		""	"L10989"	
"431.4729"	"431.47290"	"200"	""		"6598.765"	"29768.675"	"3d3.(4F).4s"	"a 5F"	"2"	"3d2.(3F).4s.4p.(1P*)"	"w 3D*"	"2"		""	"L10989"	
"431.4800"	"431.47998"	"2100"	""		"6742.756"	"29912.286"	"3d3.(4F).4s"	"a 5F"	"4"	"3d2.(3F).4s.4p.(1P*)"	"w 3D*"	"3"		""	"L10989"	
"431.8629"	"431.86316"	"570"	""		"18192.570"	"41341.543"	"3d3.(2H).4s"	"a 3H"	"6"	"3d3.(2H).4p"	"3G*"	"5"		""	"L10989"	
"432.1654"	"432.16522"	"330"	""		"18037.213"	"41170.006"	"3d3.(2H).4s"	"a 3H"	"4"	"3d3.(2H).4p"	"3G*"	"3"		""	"L10989"	
"432.1770"	"432.17709"	"15"	""		"17423.856"	"40556.014"	"3d3.(2D2).4s"	"a 3D"	"2"	"3d3.(4P).4p"	"r 3D*"	"1"		""	"L10989"	
"432.2114"	"432.21141"	"11"	""		"17540.188"	"40670.509"	"3d3.(2D2).4s"	"a 3D"	"3"	"3d3.(4P).4p"	"r 3D*"	"2"		""	"L10989"	
"432.3431"	"432.34338"	"98"	""		"8602.3441"	"31725.605"	"3d2.4s2"	"a 3P"	"2"	"3d2.(3P).4s.4p.(3P*)"	"y 3P*"	"1"		""	"L10989"	
"432.5126"	"432.51256"	"470"	""		"18141.265"	"41255.481"	"3d3.(2H).4s"	"a 3H"	"5"	"3d3.(2H).4p"	"3G*"	"4"		""	"L10989"	
"432.6235"	"432.62355"	"11"	""		"16106.076"	"39214.362"	"3d2.(3F).4s.4p.(3P*)"	"z 5G*"	"4"	"3d3.(4F).5s"	"f 5F"	"3"		""	"L10989"	
"432.6351"	"432.63511"	"380"	""		"6661.006"	"29768.675"	"3d3.(4F).4s"	"a 5F"	"3"	"3d2.(3F).4s.4p.(1P*)"	"w 3D*"	"2"		""	"L10989"	
"432.6960"	"432.69600"	"42"	""		"6556.833"	"29661.250"	"3d3.(4F).4s"	"a 5F"	"1"	"3d2.(3F).4s.4p.(1P*)"	"w 3D*"	"1"		""	"L10989"	
"433.4828"	"433.48256"	"49"	""		"25037.405"	"48099.8996"	"3d3.(2F).4s"	"3F"	"4"	"3d2.4s.(4F<5/2>).4f"	"2[7/2]*"	"3"		""	"L10989"	
"433.8465"	"433.84683"	"28q"	""		"17423.856"	"40466.987"	"3d3.(2D2).4s"	"a 3D"	"2"	"3d.4s2.4p"	"v 3P*"	"2"		""	"L10989"	
"433.9996"	"433.99948"	"16"	""		"16267.480"	"39302.506"	"3d2.(3F).4s.4p.(3P*)"	"z 5G*"	"5"	"3d3.(4F).5s"	"f 5F"	"4"		""	"L10989"	
"434.3777"	"434.37773"	"29"	""		"17369.529"	"40384.497"	"3d3.(2D2).4s"	"a 3D"	"1"	"3d.4s2.4p"	"v 3P*"	"1"		""	"L10989"	
"434.6103"	"434.61021"	"180"	""		"18037.213"	"41039.870"	"3d3.(2H).4s"	"a 3H"	"4"	"3d3.(2H).4p"	"y 1H*"	"5"		""	"L10989"	
"434.6605"	"434.66036"	"26"	""		"17369.529"	"40369.532"	"3d3.(2D2).4s"	"a 3D"	"1"	"3d.4s2.4p"	"v 3P*"	"0"		""	"L10989"	
"435.4054"	"435.40553"	"64*"	""		"17423.856"	"40384.497"	"3d3.(2D2).4s"	"a 3D"	"2"	"3d.4s2.4p"	"v 3P*"	"1"		""	"L10989"	
"435.4054"	"435.40644"	"64*"	""		"25037.405"	"47997.9976"	"3d3.(2F).4s"	"3F"	"4"	"3d2.4s.(4F<3/2>).4f"	"2[7/2]*"	"3"		""	"L10989"	
"435.5283"	"435.52818"	"19"	""		"16458.671"	"39412.846"	"3d2.(3F).4s.4p.(3P*)"	"z 5G*"	"6"	"3d3.(4F).5s"	"f 5F"	"5"		""	"L10989"	
"436.0482"	"436.04824"	"130"	""		"17540.188"	"40466.987"	"3d3.(2D2).4s"	"a 3D"	"3"	"3d.4s2.4p"	"v 3P*"	"2"		""	"L10989"	
"436.8934"	"436.89333"	"35"	""		"18287.554"	"41170.006"	"3d3.(2G).4s"	"b 1G"	"4"	"3d3.(2H).4p"	"3G*"	"3"		""	"L10989"	
"437.2375"	"437.23730"	"55"	""		"20062.886"	"42927.337"	"3d3.(2P).4s"	"a 1P"	"1"	"3d3.(2P).4p"	"1D*"	"2"		""	"L10989"	
"438.8540"	"438.85421"	"21"	""		"20126.062"	"42906.2727"	"3d2.(3F).4s.4p.(3P*)"	"z 3D*"	"3"	"3d2.4s.(4F).4d"	"3D"	"3"		""	"L10989"	
"439.1645"	"439.16412"	"10"	""		"20006.039"	"42770.1745"	"3d2.(3F).4s.4p.(3P*)"	"z 3D*"	"2"	"3d2.4s.(4F).4d"	"3D"	"2"		""	"L10989"	
"439.3922"	"439.39226"	"570"	"3.3e+07"	D	"18287.554"	"41039.870"	"3d3.(2G).4s"	"b 1G"	"4"	"3d3.(2H).4p"	"y 1H*"	"5"		"T2773n"	"L10989"	
"439.4875"	"439.48738"	"160"	""		"8436.618"	"31184.010"	"3d2.4s2"	"a 3P"	"0"	"3d2.(3P).4s.4p.(3P*)"	"v 3D*"	"1"		""	"L10989"	
"439.5465"	"439.54662"	"7"	""		"15108.111"	"37852.437"	"3d3.(2G).4s"	"a 3G"	"3"	"3d3.(2D2).4p"	"u 3F*"	"4"		""	"L10989"	
"439.7721"	"439.77134"	"6q"	""		"20126.062"	"42858.7661"	"3d2.(3F).4s.4p.(3P*)"	"z 3D*"	"3"	"3d2.4s.(4F).4d"	"e 5P"	"3"		""	"L10989"	
"440.0580"	"440.05812"	"17"	""		"20209.447"	"42927.337"	"3d3.(2D2).4s"	"b 1D"	"2"	"3d3.(2P).4p"	"1D*"	"2"		""	"L10989"	
"440.0841"	"440.08480"	"49"	""		"19937.855"	"42654.3674"	"3d2.(3F).4s.4p.(3P*)"	"z 3D*"	"1"	"3d2.4s.(4F).4d"	"3D"	"1"		""	"L10989"	
"440.4275"	"440.42696"	"340q"	""		"18145.286"	"40844.151"	"3d3.(2P).4s"	"b 3P"	"2"	"3d3.(4P).4p"	"r 3D*"	"3"		""	"L10989"	
"440.4389"	"440.43895"	"400"	""		"8492.422"	"31190.669"	"3d2.4s2"	"a 3P"	"1"	"3d2.(3P).4s.4p.(3P*)"	"v 3D*"	"2"		""	"L10989"	
"440.4897"	"440.48964"	"180"	""		"15156.802"	"37852.437"	"3d3.(2G).4s"	"a 3G"	"4"	"3d3.(2D2).4p"	"u 3F*"	"4"		""	"L10989"	
"440.5680"	"440.56820"	"130"	""		"8492.422"	"31184.010"	"3d2.4s2"	"a 3P"	"1"	"3d2.(3P).4s.4p.(3P*)"	"v 3D*"	"1"		""	"L10989"	
"441.2422"	"441.24212"	"23"	""		"7255.355"	"29912.286"	"3d2.4s2"	"a 1D"	"2"	"3d2.(3F).4s.4p.(1P*)"	"w 3D*"	"3"		""	"L10989"	
"441.4096"	"441.40972"	"9"	""		"20006.039"	"42654.3674"	"3d2.(3F).4s.4p.(3P*)"	"z 3D*"	"2"	"3d2.4s.(4F).4d"	"3D"	"1"		""	"L10989"	
"441.4923"	"441.49191"	"20"	""		"20126.062"	"42770.1745"	"3d2.(3F).4s.4p.(3P*)"	"z 3D*"	"3"	"3d2.4s.(4F).4d"	"3D"	"2"		""	"L10989"	
"441.5565"	"441.55660"	"21"	""		"19573.974"	"42214.7689"	"3d2.(3F).4s.4p.(3P*)"	"z 3F*"	"4"	"3d2.4s.(4F).4d"	"3H"	"4"		""	"L10989"	
"441.6531"	"441.65304"	"150"	""		"15108.111"	"37743.962"	"3d3.(2G).4s"	"a 3G"	"3"	"3d3.(2D2).4p"	"u 3F*"	"3"		""	"L10989"	
"441.7274"	"441.72734"	"720"	"3.6e+07"	D	"15220.393"	"37852.437"	"3d3.(2G).4s"	"a 3G"	"5"	"3d3.(2D2).4p"	"u 3F*"	"4"		"T2773n"	"L10989"	
"441.7444"	"441.74397"	"20"	""		"19421.580"	"42052.7717"	"3d2.(3F).4s.4p.(3P*)"	"z 3F*"	"3"	"3d2.4s.(4F).4d"	"e 5D"	"3"		""	"L10989"	
"442.1451"	"442.14526"	"32"	""		"19573.974"	"42184.6261"	"3d2.(3F).4s.4p.(3P*)"	"z 3F*"	"4"	"3d2.4s.(4F).4d"	"e 5D"	"4"		""	"L10989"	
"442.1752"	"442.17518"	"200"	""		"18061.387"	"40670.509"	"3d3.(2P).4s"	"b 3P"	"1"	"3d3.(4P).4p"	"r 3D*"	"2"		""	"L10989"	
"442.2820"	"442.28198"	"810"	""		"8602.3441"	"31206.007"	"3d2.4s2"	"a 3P"	"2"	"3d2.(3P).4s.4p.(3P*)"	"v 3D*"	"3"		""	"L10989"	
"442.4385"	"442.43832"	"52"	""		"19573.974"	"42169.6496"	"3d2.(3F).4s.4p.(3P*)"	"z 3F*"	"4"	"3d2.4s.(4F).4d"	"3G"	"5"		""	"L10989"	
"442.5824"	"442.58230"	"140"	""		"8602.3441"	"31190.669"	"3d2.4s2"	"a 3P"	"2"	"3d2.(3P).4s.4p.(3P*)"	"v 3D*"	"2"		""	"L10989"	
"442.6055"	"442.60513"	"480"	""		"15156.802"	"37743.962"	"3d3.(2G).4s"	"a 3G"	"4"	"3d3.(2D2).4p"	"u 3F*"	"3"		""	"L10989"	
"442.7098"	"442.70976"	"2900"	""		"12118.393"	"34700.215"	"3d2.4s2"	"a 1G"	"4"	"3d3.(2G).4p"	"z 1H*"	"5"		""	"L10989"	
"443.0017"	"443.00159"	"47"	""		"19421.580"	"41988.5259"	"3d2.(3F).4s.4p.(3P*)"	"z 3F*"	"3"	"3d2.4s.(4F).4d"	"g 3F"	"3"		""	"L10989"	
"443.0364"	"443.03614"	"230*"	""		"25643.701"	"48208.887"	"3d3.(4F).4p"	"y 3D*"	"3"	"3d2.4p2"	"5F"	"3"		""	"L10989"	
"443.0364"	"443.03638"	"230*"	""		"11639.8109"	"34204.985"	"3d3.(4F).4s"	"b 3F"	"3"	"3d2.(1G).4s.4p.(3P*)"	"v 3F*"	"4"		""	"L10989"	
"443.1276"	"443.12764"	"91"	""		"17995.487"	"40556.014"	"3d3.(2P).4s"	"b 3P"	"0"	"3d3.(4P).4p"	"r 3D*"	"1"		""	"L10989"	
"443.2592"	"443.25893"	"42"	""		"19421.580"	"41975.4249"	"3d2.(3F).4s.4p.(3P*)"	"z 3F*"	"3"	"3d2.4s.(4F).4d"	"3G"	"4"		""	"L10989"	
"443.3566"	"443.35652"	"55"	""		"19322.984"	"41871.8642"	"3d2.(3F).4s.4p.(3P*)"	"z 3F*"	"2"	"3d2.4s.(4F).4d"	"g 3F"	"2"		""	"L10989"	
"443.3964"	"443.39654"	"210"	""		"11531.761"	"34078.606"	"3d3.(4F).4s"	"b 3F"	"2"	"3d2.(1G).4s.4p.(3P*)"	"v 3F*"	"3"		""	"L10989"	
"443.4017"	"443.40178"	"400"	""		"15108.111"	"37654.690"	"3d3.(2G).4s"	"a 3G"	"3"	"3d3.(2D2).4p"	"u 3F*"	"2"		""	"L10989"	
"443.4366"	"443.43682"	"26"	""		"19322.984"	"41867.7812"	"3d2.(3F).4s.4p.(3P*)"	"z 3F*"	"2"	"3d2.4s.(4F).4d"	"3G"	"3"		""	"L10989"	
"443.6586"	"443.65865"	"140"	""		"15156.802"	"37690.327"	"3d3.(2G).4s"	"a 3G"	"4"	"3d3.(2G).4p"	"v 3G*"	"5"		""	"L10989"	
"443.6675"	"443.66740"	"45"	""		"19573.974"	"42107.0545"	"3d2.(3F).4s.4p.(3P*)"	"z 3F*"	"4"	"3d2.4s.(4F).4d"	"g 3F"	"4"		""	"L10989"	
"443.8221"	"443.82217"	"48"	""		"18145.286"	"40670.509"	"3d3.(2P).4s"	"b 3P"	"2"	"3d3.(4P).4p"	"r 3D*"	"2"		""	"L10989"	
"444.0338"	"444.03426"	"330q"	""		"15108.111"	"37622.575"	"3d3.(2G).4s"	"a 3G"	"3"	"3d.4s2.4p"	"x 1F*"	"3"		""	"L10989"	
"444.1266"	"444.12660"	"120"	"6.1e+06"	D	"15108.111"	"37617.894"	"3d3.(2G).4s"	"a 3G"	"3"	"3d3.(2G).4p"	"v 3G*"	"4"		"T4401n"	"L10989"	
"444.4258"	"444.42584"	"53"	""		"18061.387"	"40556.014"	"3d3.(2P).4s"	"b 3P"	"1"	"3d3.(4P).4p"	"r 3D*"	"1"		""	"L10989"	
"444.9143"	"444.91425"	"2200"	"9.7e+07"	D	"15220.393"	"37690.327"	"3d3.(2G).4s"	"a 3G"	"5"	"3d3.(2G).4p"	"v 3G*"	"5"		"T2773n"	"L10989"	
"444.9974"	"444.99665"	"18"	""		"15156.802"	"37622.575"	"3d3.(2G).4s"	"a 3G"	"4"	"3d.4s2.4p"	"x 1F*"	"3"		""	"L10989"	
"445.0894"	"445.08939"	"1600"	"9.6e+07"	D	"15156.802"	"37617.894"	"3d3.(2G).4s"	"a 3G"	"4"	"3d3.(2G).4p"	"v 3G*"	"4"		"T2773n"	"L10989"	
"445.3049"	"445.30367"	"6q"	""		"19421.580"	"41871.8642"	"3d2.(3F).4s.4p.(3P*)"	"z 3F*"	"3"	"3d2.4s.(4F).4d"	"g 3F"	"2"		""	"L10989"	
"445.3313"	"445.33128"	"1400"	"5.98e+07"	C+	"11531.761"	"33980.653"	"3d3.(4F).4s"	"b 3F"	"2"	"3d2.(1G).4s.4p.(3P*)"	"v 3F*"	"2"		"T4922"	"L10989"	
"445.3699"	"445.36987"	"1000"	"4.7e+07"	D	"15108.111"	"37555.058"	"3d3.(2G).4s"	"a 3G"	"3"	"3d3.(2G).4p"	"v 3G*"	"3"		"T2773n"	"L10989"	
"445.3851"	"445.38467"	"8q"	""		"19421.580"	"41867.7812"	"3d2.(3F).4s.4p.(3P*)"	"z 3F*"	"3"	"3d2.4s.(4F).4d"	"3G"	"3"		""	"L10989"	
"445.5318"	"445.53168"	"1900"	"4.8e+07"	D	"11639.8109"	"34078.606"	"3d3.(4F).4s"	"b 3F"	"3"	"3d2.(1G).4s.4p.(3P*)"	"v 3F*"	"3"		"T2773n"	"L10989"	
"445.7427"	"445.74268"	"2600"	"5.6e+07"	D	"11776.812"	"34204.985"	"3d3.(4F).4s"	"b 3F"	"4"	"3d2.(1G).4s.4p.(3P*)"	"v 3F*"	"4"		"T2773n"	"L10989"	
"446.2088"	"446.20891"	"130"	"4.28e+04"	A	"0.000"	"22404.739"	"3d2.4s2"	"a 3F"	"2"	"3d2.(3F).4s.4p.(3P*)"	"z 1F*"	"3"		"T7574"	"L10989"	
"446.2746"	"446.27441"	"10"	""		"19573.974"	"41975.4249"	"3d2.(3F).4s.4p.(3P*)"	"z 3F*"	"4"	"3d2.4s.(4F).4d"	"3G"	"4"		""	"L10989"	
"446.3380"	"446.33807"	"210"	""		"15156.802"	"37555.058"	"3d3.(2G).4s"	"a 3G"	"4"	"3d3.(2G).4p"	"v 3G*"	"3"		""	"L10989"	
"446.3533"	"446.35311"	"220"	""		"15220.393"	"37617.894"	"3d3.(2G).4s"	"a 3G"	"5"	"3d3.(2G).4p"	"v 3G*"	"4"		""	"L10989"	
"446.5806"	"446.58054"	"610"	"3.28e+07"	C+	"14028.436"	"36414.531"	"3d3.(4P).4s"	"a 5P"	"2"	"3d3.(4P).4p"	"y 5P*"	"3"		"T4922"	"L10989"	
"447.1237"	"447.12372"	"640"	""		"13981.773"	"36340.673"	"3d3.(4P).4s"	"a 5P"	"1"	"3d3.(4P).4p"	"y 5P*"	"2"		""	"L10989"	
"447.4852"	"447.48513"	"210"	""		"11639.8109"	"33980.653"	"3d3.(4F).4s"	"b 3F"	"3"	"3d2.(1G).4s.4p.(3P*)"	"v 3F*"	"2"		""	"L10989"	
"447.5171"	"447.51727"	"14"	""		"16875.124"	"39214.362"	"3d2.(3F).4s.4p.(3P*)"	"z 5F*"	"2"	"3d3.(4F).5s"	"f 5F"	"3"		""	"L10989"	
"447.5499"	"447.55032"	"10q"	""		"17075.258"	"39412.846"	"3d2.(3F).4s.4p.(3P*)"	"z 5F*"	"4"	"3d3.(4F).5s"	"f 5F"	"5"		""	"L10989"	
"447.6595"	"447.65991"	"9"	""		"16817.160"	"39149.280"	"3d2.(3F).4s.4p.(3P*)"	"z 5F*"	"1"	"3d3.(4F).5s"	"f 5F"	"2"		""	"L10989"	
"447.8401"	"447.84059"	"12q"	""		"18061.387"	"40384.497"	"3d3.(2P).4s"	"b 3P"	"1"	"3d.4s2.4p"	"v 3P*"	"1"		""	"L10989"	
"447.9701"	"447.97015"	"220"	""		"13981.773"	"36298.427"	"3d3.(4P).4s"	"a 5P"	"1"	"3d3.(4P).4p"	"y 5P*"	"1"		""	"L10989"	
"448.0589"	"448.05884"	"120"	""		"14028.436"	"36340.673"	"3d3.(4P).4s"	"a 5P"	"2"	"3d3.(4P).4p"	"y 5P*"	"2"		""	"L10989"	
"448.1259"	"448.12592"	"1200"	"5.7e+07"	D	"14105.634"	"36414.531"	"3d3.(4P).4s"	"a 5P"	"3"	"3d3.(4P).4p"	"y 5P*"	"3"		"T2773n"	"L10989"	
"448.1415"	"448.14102"	"7q"	""		"18061.387"	"40369.532"	"3d3.(2P).4s"	"b 3P"	"1"	"3d.4s2.4p"	"v 3P*"	"0"		""	"L10989"	
"448.2687"	"448.26865"	"220"	""		"11776.812"	"34078.606"	"3d3.(4F).4s"	"b 3F"	"4"	"3d2.(1G).4s.4p.(3P*)"	"v 3F*"	"3"		""	"L10989"	
"448.453"	"448.45449"	"2"	""		"17369.529"	"39662.081"	"3d3.(2D2).4s"	"a 3D"	"1"	"3d3.(2D2).4p"	"s 3D*"	"1"		""	"L3392"	
"448.5076"	"448.50785"	"17"	""		"16817.160"	"39107.060"	"3d2.(3F).4s.4p.(3P*)"	"z 5F*"	"1"	"3d3.(4F).5s"	"f 5F"	"1"		""	"L10989"	
"448.8249"	"448.82487"	"22"	""		"16875.124"	"39149.280"	"3d2.(3F).4s.4p.(3P*)"	"z 5F*"	"2"	"3d3.(4F).5s"	"f 5F"	"2"		""	"L10989"	
"448.9088"	"448.90881"	"590"	""		"14028.436"	"36298.427"	"3d3.(4P).4s"	"a 5P"	"2"	"3d3.(4P).4p"	"y 5P*"	"1"		""	"L10989"	
"449.0675"	"449.06777"	"11"	""		"17423.856"	"39685.964"	"3d3.(2D2).4s"	"a 3D"	"2"	"3d3.(2D2).4p"	"s 3D*"	"2"		""	"L10989"	
"449.2532"	"449.25225"	"46*"	""		"19937.855"	"42190.8217"	"3d2.(3F).4s.4p.(3P*)"	"z 3D*"	"1"	"3d2.4s.4d"	"3P"	"1"		""	"L10989"	
"449.2532"	"449.25319"	"46*"	""		"16961.442"	"39214.362"	"3d2.(3F).4s.4p.(3P*)"	"z 5F*"	"3"	"3d3.(4F).5s"	"f 5F"	"3"		""	"L10989"	
"449.50000"	"449.49984"	""	""		"20126.062"	"42366.7719"	"3d2.(3F).4s.4p.(3P*)"	"z 3D*"	"3"	"3d2.4s.4d"	"3P"	"2"		""	"L9190"	
"449.6145"	"449.61448"	"610"	"4.4e+07"	D	"14105.634"	"36340.673"	"3d3.(4P).4s"	"a 5P"	"3"	"3d3.(4P).4p"	"y 5P*"	"2"		"T2773n"	"L10989"	
"449.6234"	"449.62323"	"250"	"1.1e+05"	C	"170.1328"	"22404.739"	"3d2.4s2"	"a 3F"	"3"	"3d2.(3F).4s.4p.(3P*)"	"z 1F*"	"3"		"T3499n"	"L10989"	
"449.6766"	"449.67724"	"7q"	""		"16875.124"	"39107.060"	"3d2.(3F).4s.4p.(3P*)"	"z 5F*"	"2"	"3d3.(4F).5s"	"f 5F"	"1"		""	"L10989"	
"449.7720"	"449.77208"	"50"	""		"17075.258"	"39302.506"	"3d2.(3F).4s.4p.(3P*)"	"z 5F*"	"4"	"3d3.(4F).5s"	"f 5F"	"4"		""	"L10989"	
"450.0593"	"450.05967"	"11"	""		"25068.842"	"47281.887"	"3d3.(2F).4s"	"3F"	"3"	"3d3.(2F).4p"	"p 3F*"	"3"		""	"L10989"	
"450.3757"	"450.37574"	"81"	""		"17215.390"	"39412.846"	"3d2.(3F).4s.4p.(3P*)"	"z 5F*"	"5"	"3d3.(4F).5s"	"f 5F"	"5"		""	"L10989"	
"450.5487"	"450.54882"	"7"	""		"25092.958"	"47281.887"	"3d3.(2F).4s"	"3F"	"2"	"3d3.(2F).4p"	"p 3F*"	"3"		""	"L10989"	
"450.5707"	"450.57098"	"11"	""		"16961.442"	"39149.280"	"3d2.(3F).4s.4p.(3P*)"	"z 5F*"	"3"	"3d3.(4F).5s"	"f 5F"	"2"		""	"L10989"	
"450.6321"	"450.63303"	""	""		"20006.039"	"42190.8217"	"3d2.(3F).4s.4p.(3P*)"	"z 3D*"	"2"	"3d2.4s.4d"	"3P"	"1"		""	"L9190"	
"450.8266"	"450.82673"	"14"	""		"17540.188"	"39715.439"	"3d3.(2D2).4s"	"a 3D"	"3"	"3d3.(2D2).4p"	"s 3D*"	"3"		""	"L10989"	
"451.2733"	"451.27339"	"3000"	"9.86e+06"	C+	"6742.756"	"28896.059"	"3d3.(4F).4s"	"a 5F"	"4"	"3d3.(4F).4p"	"y 5F*"	"5"		"T4294"	"L10989"	
"451.3714"	"451.37152"	"24"	""		"11531.761"	"33680.248"	"3d3.(4F).4s"	"b 3F"	"2"	"3d3.(4F).4p"	"w 3F*"	"3"		""	"L10989"	
"451.5614"	"451.5622"	"21q"	""		"25797.595"	"47936.73"	"3d2.(3P).4s.4p.(3P*)"	"5D*"	"3"	"3d2.4s.(4F).5d"	"h 5G"	"3"		""	"L10989"	
"451.8022"	"451.80220"	"3700"	"1.72e+07"	C+	"6661.006"	"28788.380"	"3d3.(4F).4s"	"a 5F"	"3"	"3d3.(4F).4p"	"y 5F*"	"4"		"T4294"	"L10989"	
"451.8689"	"451.86890"	"380"	"6.5e+06"	D	"11531.761"	"33655.869"	"3d3.(4F).4s"	"b 3F"	"2"	"3d3.(4F).4p"	"w 3F*"	"2"		"T4401n"	"L10989"	
"451.9801"	"451.98010"	"4"	""		"25068.842"	"47187.507"	"3d3.(2F).4s"	"3F"	"3"	"3d3.(2F).4p"	"p 3F*"	"2"		""	"L10989"	
"452.2797"	"452.27970"	"3500"	"1.9e+07"	D	"6598.765"	"28702.778"	"3d3.(4F).4s"	"a 5F"	"2"	"3d3.(4F).4p"	"y 5F*"	"3"		"T2773n"	"L10989"	
"452.4736"	"452.47344"	"14"	""		"25092.958"	"47187.507"	"3d3.(2F).4s"	"3F"	"2"	"3d3.(2F).4p"	"p 3F*"	"2"		""	"L10989"	
"452.5935"	"452.59311"	"11q"	""		"20126.062"	"42214.7689"	"3d2.(3F).4s.4p.(3P*)"	"z 3D*"	"3"	"3d2.4s.(4F).4d"	"3H"	"4"		""	"L10989"	
"452.6251"	"452.62571"	"8"	""		"17215.390"	"39302.506"	"3d2.(3F).4s.4p.(3P*)"	"z 5F*"	"5"	"3d3.(4F).5s"	"f 5F"	"4"		""	"L10989"	
"452.6371"	"452.63645"	"18"	""		"12118.393"	"34204.985"	"3d2.4s2"	"a 1G"	"4"	"3d2.(1G).4s.4p.(3P*)"	"v 3F*"	"4"		""	"L10989"	
"452.7305"	"452.73041"	"2300"	"2.2e+07"	D	"6556.833"	"28638.841"	"3d3.(4F).4s"	"a 5F"	"1"	"3d3.(4F).4p"	"y 5F*"	"2"		"T2773n"	"L10989"	
"452.7469"	"452.74721"	"44"	""		"0.000"	"22081.189"	"3d2.4s2"	"a 3F"	"2"	"3d2.(3F).4s.4p.(3P*)"	"z 1D*"	"2"		""	"L10989"	
"453.1603"	"453.16004"	"12"	""		"11639.8109"	"33700.884"	"3d3.(4F).4s"	"b 3F"	"3"	"3d3.(4F).4p"	"w 3F*"	"4"		""	"L10989"	
"453.2118"	"453.21159"	"23"	""		"20126.062"	"42184.6261"	"3d2.(3F).4s.4p.(3P*)"	"z 3D*"	"3"	"3d2.4s.(4F).4d"	"e 5D"	"4"		""	"L10989"	
"453.3240"	"453.32394"	"9200"	"8.83e+07"	C+	"6842.962"	"28896.059"	"3d3.(4F).4s"	"a 5F"	"5"	"3d3.(4F).4p"	"y 5F*"	"5"		"T4294"	"L10989"	
"453.4776"	"453.47761"	"7900"	"6.87e+07"	C+	"6742.756"	"28788.380"	"3d3.(4F).4s"	"a 5F"	"4"	"3d3.(4F).4p"	"y 5F*"	"4"		"T4294"	"L10989"	
"453.5568"	"453.55686"	"6100"	""		"6661.006"	"28702.778"	"3d3.(4F).4s"	"a 5F"	"3"	"3d3.(4F).4p"	"y 5F*"	"3"		""	"L10989"	
"453.5844"	"453.58433"	"320"	""		"11639.8109"	"33680.248"	"3d3.(4F).4s"	"b 3F"	"3"	"3d3.(4F).4p"	"w 3F*"	"3"		""	"L10989"	
"453.5918"	"453.59176"	"4700"	""		"6598.765"	"28638.841"	"3d3.(4F).4s"	"a 5F"	"2"	"3d3.(4F).4p"	"y 5F*"	"2"		""	"L10989"	
"453.6040"	"453.60403"	"4000"	""		"6556.833"	"28596.313"	"3d3.(4F).4s"	"a 5F"	"1"	"3d3.(4F).4p"	"y 5F*"	"1"		""	"L10989"	
"454.0494"	"454.04934"	"79"	""		"386.874"	"22404.739"	"3d2.4s2"	"a 3F"	"4"	"3d2.(3F).4s.4p.(3P*)"	"z 1F*"	"3"		""	"L10989"	
"454.0865"	"454.08661"	"47"	""		"11639.8109"	"33655.869"	"3d3.(4F).4s"	"b 3F"	"3"	"3d3.(4F).4p"	"w 3F*"	"2"		""	"L10989"	
"454.1000"	"454.10012"	"16"	""		"18287.554"	"40302.957"	"3d3.(2G).4s"	"b 1G"	"4"	"3d3.(2D2).4p"	"w 1F*"	"3"		""	"L10989"	
"454.4687"	"454.46871"	"2300"	"3.3e+07"	D	"6598.765"	"28596.313"	"3d3.(4F).4s"	"a 5F"	"2"	"3d3.(4F).4p"	"y 5F*"	"1"		"T2773n"	"L10989"	
"454.7794"	"454.78009"	"37q"	""		"20006.039"	"41988.5259"	"3d2.(3F).4s.4p.(3P*)"	"z 3D*"	"2"	"3d2.4s.(4F).4d"	"g 3F"	"3"		""	"L10989"	
"454.8110"	"454.81101"	"40"	"8.4e+06"	D	"20126.062"	"42107.0545"	"3d2.(3F).4s.4p.(3P*)"	"z 3D*"	"3"	"3d2.4s.(4F).4d"	"g 3F"	"4"		"T4401n"	"L10989"	
"454.8763"	"454.87635"	"3400"	"2.85e+07"	C+	"6661.006"	"28638.841"	"3d3.(4F).4s"	"a 5F"	"3"	"3d3.(4F).4p"	"y 5F*"	"2"		"T4294"	"L10989"	
"455.2454"	"455.24533"	"3400"	"2.1e+07"	D	"6742.756"	"28702.778"	"3d3.(4F).4s"	"a 5F"	"4"	"3d3.(4F).4p"	"y 5F*"	"3"		"T2773n"	"L10989"	
"455.3398"	"455.33897"	"9q"	""		"24694.892"	"46650.398"	"3d2.(3F).4s.4p.(3P*)"	"z 1G*"	"4"	"3d2.4s.(2F).4d"	"f 1F"	"3"		""	"L10989"	
"455.5069"	"455.50682"	"70"	""		"19421.580"	"41368.996"	"3d2.(3F).4s.4p.(3P*)"	"z 3F*"	"3"	"3d2.4s.(2F).5s"	"3F"	"3"		""	"L10989"	
"455.5484"	"455.54829"	"2700"	"1.16e+07"	C+	"6842.962"	"28788.380"	"3d3.(4F).4s"	"a 5F"	"5"	"3d3.(4F).4p"	"y 5F*"	"4"		"T4294"	"L10989"	
"455.7854"	"455.78524"	"44"	""		"19937.855"	"41871.8642"	"3d2.(3F).4s.4p.(3P*)"	"z 3D*"	"1"	"3d2.4s.(4F).4d"	"g 3F"	"2"		""	"L10989"	
"455.8110"	"455.81127"	"32q"	""		"18911.394"	"40844.151"	"3d3.(4P).4s"	"c 3P"	"2"	"3d3.(4P).4p"	"r 3D*"	"3"		""	"L10989"	
"455.9918"	"455.99183"	"260"	""		"11776.812"	"33700.884"	"3d3.(4F).4s"	"b 3F"	"4"	"3d3.(4F).4p"	"w 3F*"	"4"		""	"L10989"	
"456.2626"	"456.26271"	"380"	"1.63e+05"	A	"170.1328"	"22081.189"	"3d2.4s2"	"a 3F"	"3"	"3d2.(3F).4s.4p.(3P*)"	"z 1D*"	"2"		"T7574"	"L10989"	
"456.3423"	"456.34234"	"120"	"2.1e+07"	D	"19573.974"	"41481.207"	"3d2.(3F).4s.4p.(3P*)"	"z 3F*"	"4"	"3d2.4s.(2F).5s"	"3F"	"4"		"T4401n"	"L10989"	
"456.4213"	"456.42145"	"32"	""		"11776.812"	"33680.248"	"3d3.(4F).4s"	"b 3F"	"4"	"3d3.(4F).4p"	"w 3F*"	"3"		""	"L10989"	
"457.0902"	"457.09012"	"69"	""		"19322.984"	"41194.378"	"3d2.(3F).4s.4p.(3P*)"	"z 3F*"	"2"	"3d2.4s.(2F).5s"	"3F"	"2"		""	"L10989"	
"457.2064"	"457.20654"	"9"	""		"20006.039"	"41871.8642"	"3d2.(3F).4s.4p.(3P*)"	"z 3D*"	"2"	"3d2.4s.(4F).4d"	"g 3F"	"2"		""	"L10989"	
"458.6917"	"458.69184"	"6"	""		"19573.974"	"41368.996"	"3d2.(3F).4s.4p.(3P*)"	"z 3F*"	"4"	"3d2.4s.(2F).5s"	"3F"	"3"		""	"L10989"	
"459.1603"	"459.16004"	"7"	""		"19421.580"	"41194.378"	"3d2.(3F).4s.4p.(3P*)"	"z 3F*"	"3"	"3d2.4s.(2F).5s"	"3F"	"2"		""	"L10989"	
"461.429"	"461.42716"	"1"	""		"19421.580"	"41087.404"	"3d2.(3F).4s.4p.(3P*)"	"z 3F*"	"3"	"3d2.4s.(2F).5s"	"e 1F"	"3"		""	"L17997"	
"461.7268"	"461.72689"	"2600"	"8.51e+07"	C+	"14105.634"	"35757.394"	"3d3.(4P).4s"	"a 5P"	"3"	"3d3.(4P).4p"	"w 5D*"	"4"		"T4922"	"L10989"	
"461.9520"	"461.95209"	"49"	""		"18825.782"	"40466.987"	"3d3.(4P).4s"	"c 3P"	"1"	"3d.4s2.4p"	"v 3P*"	"2"		""	"L10989"	
"462.3097"	"462.30972"	"1500"	"5.74e+07"	C+	"14028.436"	"35652.900"	"3d3.(4P).4s"	"a 5P"	"2"	"3d3.(4P).4p"	"w 5D*"	"3"		"T4922"	"L10989"	
"462.9336"	"462.93379"	"620"	""		"13981.773"	"35577.086"	"3d3.(4P).4s"	"a 5P"	"1"	"3d3.(4P).4p"	"w 5D*"	"2"		""	"L10989"	
"463.4742"	"463.47378"	"27"	""		"18145.286"	"39715.439"	"3d3.(2P).4s"	"b 3P"	"2"	"3d3.(2D2).4p"	"s 3D*"	"3"		""	"L10989"	
"463.5547"	"463.55448"	"38"	""		"18818.099"	"40384.497"	"3d3.(4P).4s"	"c 3P"	"0"	"3d.4s2.4p"	"v 3P*"	"1"		""	"L10989"	
"463.7869"	"463.78685"	"170"	""		"18911.394"	"40466.987"	"3d3.(4P).4s"	"c 3P"	"2"	"3d.4s2.4p"	"v 3P*"	"2"		""	"L10989"	
"463.9361"	"463.93628"	"940"	""		"14028.436"	"35577.086"	"3d3.(4P).4s"	"a 5P"	"2"	"3d3.(4P).4p"	"w 5D*"	"2"		""	"L10989"	
"463.9661"	"463.96608"	"790"	""		"14105.634"	"35652.900"	"3d3.(4P).4s"	"a 5P"	"3"	"3d3.(4P).4p"	"w 5D*"	"3"		""	"L10989"	
"463.9940"	"463.99388"	"760"	"6.64e+07"	C+	"13981.773"	"35527.748"	"3d3.(4P).4s"	"a 5P"	"1"	"3d3.(4P).4p"	"w 5D*"	"1"		"T4922"	"L10989"	
"464.0415"	"464.04180"	"49"	"5.0e+07"	D	"18825.782"	"40369.532"	"3d3.(4P).4s"	"c 3P"	"1"	"3d.4s2.4p"	"v 3P*"	"0"		"T4401n"	"L10989"	
"464.5189"	"464.5188"	"340"	"8.57e+07"	C+	"13981.773"	"35503.399"	"3d3.(4P).4s"	"a 5P"	"1"	"3d3.(4P).4p"	"w 5D*"	"0"		"T4922"	"L10989"	
"465.0010"	"465.00097"	"270"	"2.6e+07"	D	"14028.436"	"35527.748"	"3d3.(4P).4s"	"a 5P"	"2"	"3d3.(4P).4p"	"w 5D*"	"1"		"T4401n"	"L10989"	
"465.5686"	"465.56853"	"63"	""		"18911.394"	"40384.497"	"3d3.(4P).4s"	"c 3P"	"2"	"3d.4s2.4p"	"v 3P*"	"1"		""	"L10989"	
"465.6043"	"465.60433"	"110"	"9.3e+06"	D	"14105.634"	"35577.086"	"3d3.(4P).4s"	"a 5P"	"3"	"3d3.(4P).4p"	"w 5D*"	"2"		"T4401n"	"L10989"	
"465.6468"	"465.64693"	"8400"	"2.29e+06"	A	"0.000"	"21469.488"	"3d2.4s2"	"a 3F"	"2"	"3d2.(3F).4s.4p.(3P*)"	"z 3G*"	"3"		"T7574"	"L10989"	
"466.7584"	"466.75845"	"10000"	"2.51e+06"	A	"170.1328"	"21588.495"	"3d2.4s2"	"a 3F"	"3"	"3d2.(3F).4s.4p.(3P*)"	"z 3G*"	"4"		"T7574"	"L10989"	
"466.8345"	"466.83469"	"26"	""		"8492.422"	"29907.286"	"3d2.4s2"	"a 3P"	"1"	"3d3.(4F).4p"	"x 5D*"	"2"		""	"L10989"	
"467.5116"	"467.51167"	"200"	"1.85e+06"	C+	"8602.3441"	"29986.199"	"3d2.4s2"	"a 3P"	"2"	"3d3.(4F).4p"	"x 5D*"	"3"		"T4294"	"L10989"	
"467.6528"	"467.65240"	"8"	""		"21588.495"	"42965.9148"	"3d2.(3F).4s.4p.(3P*)"	"z 3G*"	"4"	"3d4"	"3F1"	"3"		""	"L10989"	
"467.6951"	"467.69526"	"8"	""		"20209.447"	"41584.908"	"3d3.(2D2).4s"	"b 1D"	"2"	"3d3.(2G).4p"	"v 1F*"	"3"		""	"L10989"	
"467.7485"	"467.74843"	"21"	""		"24694.892"	"46067.923"	"3d2.(3F).4s.4p.(3P*)"	"z 1G*"	"4"	"3d2.4s.(2F).4d"	"e 1G"	"4"		""	"L10989"	
"467.9706"	"467.97173"	"8q"	""		"8492.422"	"29855.255"	"3d2.4s2"	"a 3P"	"1"	"3d3.(4F).4p"	"x 5D*"	"1"		""	"L10989"	
"468.1399"	"468.14020"	"15"	""		"20126.062"	"41481.207"	"3d2.(3F).4s.4p.(3P*)"	"z 3D*"	"3"	"3d2.4s.(2F).5s"	"3F"	"4"		""	"L10989"	
"468.1908"	"468.19089"	"13000"	"2.71e+06"	A	"386.874"	"21739.707"	"3d2.4s2"	"a 3F"	"4"	"3d2.(3F).4s.4p.(3P*)"	"z 3G*"	"5"		"T7574"	"L10989"	
"468.4507"	"468.45076"	"24"	""		"17423.856"	"38764.844"	"3d3.(2D2).4s"	"a 3D"	"2"	"3d3.(2P).4p"	"t 3D*"	"3"		""	"L10989"	
"468.6860"	"468.68674"	"25"	""		"25699.987"	"47030.230"	"3d2.(3P).4s.4p.(3P*)"	"5D*"	"2"	"3d2.4p2"	"g 5G"	"3"		""	"L10989"	
"468.6950"	"468.69494"	"39"	""		"22081.189"	"43411.059"	"3d2.(3F).4s.4p.(3P*)"	"z 1D*"	"2"	"3d4"	"1F"	"3"		""	"L10989"	
"468.7815"	"468.78083"	"9"	""		"11531.761"	"32857.723"	"3d3.(4F).4s"	"b 3F"	"2"	"3d2.(1D).4s.4p.(1P*)"	"y 1F*"	"3"		""	"L10989"	
"469.0795"	"469.07929"	"76"	"4.4e+05"	D	"8602.3441"	"29914.737"	"3d2.4s2"	"a 3P"	"2"	"3d2.(1G).4s.4p.(3P*)"	"x 3G*"	"3"		"T4401n"	"L10989"	
"469.1332"	"469.13325"	"750"	""		"8602.3441"	"29912.286"	"3d2.4s2"	"a 3P"	"2"	"3d2.(3F).4s.4p.(1P*)"	"w 3D*"	"3"		""	"L10989"	
"469.2431"	"469.24335"	"12"	""		"8602.3441"	"29907.286"	"3d2.4s2"	"a 3P"	"2"	"3d3.(4F).4p"	"x 5D*"	"2"		""	"L10989"	
"469.3664"	"469.36643"	"330"	"8.5e+04"	C	"170.1328"	"21469.488"	"3d2.4s2"	"a 3F"	"3"	"3d2.(3F).4s.4p.(3P*)"	"z 3G*"	"3"		"T3499n,T3430"	"L10989"	
"469.6931"	"469.69316"	"70"	""		"17369.529"	"38654.068"	"3d3.(2D2).4s"	"a 3D"	"1"	"3d3.(2P).4p"	"t 3D*"	"1"		""	"L10989"	
"469.8760"	"469.87609"	"590"	""		"8492.422"	"29768.675"	"3d2.4s2"	"a 3P"	"1"	"3d2.(3F).4s.4p.(1P*)"	"w 3D*"	"2"		""	"L10989"	
"469.8829"	"469.88280"	"110"	""		"17423.856"	"38699.805"	"3d3.(2D2).4s"	"a 3D"	"2"	"3d3.(2P).4p"	"t 3D*"	"2"		""	"L10989"	
"470.0190"	"470.01894"	"11"	""		"21739.707"	"43009.4937"	"3d2.(3F).4s.4p.(3P*)"	"z 3G*"	"5"	"3d4"	"3F1"	"4"		""	"L10989"	
"470.3122"	"470.31222"	"9"	""		"19937.855"	"41194.378"	"3d2.(3F).4s.4p.(3P*)"	"z 3D*"	"1"	"3d2.4s.(2F).5s"	"3F"	"2"		""	"L10989"	
"470.8952"	"470.89510"	"18"	""		"17423.856"	"38654.068"	"3d3.(2D2).4s"	"a 3D"	"2"	"3d3.(2P).4p"	"t 3D*"	"1"		""	"L10989"	
"471.0186"	"471.01837"	"490"	""		"17540.188"	"38764.844"	"3d3.(2D2).4s"	"a 3D"	"3"	"3d3.(2P).4p"	"t 3D*"	"3"		""	"L10989"	
"471.1679"	"471.16808"	"7"	""		"11639.8109"	"32857.723"	"3d3.(4F).4s"	"b 3F"	"3"	"3d2.(1D).4s.4p.(1P*)"	"y 1F*"	"3"		""	"L10989"	
"471.5299"	"471.53012"	"300"	"6.9e+04"	C	"386.874"	"21588.495"	"3d2.4s2"	"a 3F"	"4"	"3d2.(3F).4s.4p.(3P*)"	"z 3G*"	"4"		"T3499n,T3430"	"L10989"	
"472.2606"	"472.26059"	"220"	"4.7e+06"	D	"8492.422"	"29661.250"	"3d2.4s2"	"a 3P"	"1"	"3d2.(3F).4s.4p.(1P*)"	"w 3D*"	"1"		"T4401n"	"L10989"	
"472.3162"	"472.31631"	"210"	""		"8602.3441"	"29768.675"	"3d2.4s2"	"a 3P"	"2"	"3d2.(3F).4s.4p.(1P*)"	"w 3D*"	"2"		""	"L10989"	
"472.4662"	"472.46617"	"15"	""		"17540.188"	"38699.805"	"3d3.(2D2).4s"	"a 3D"	"3"	"3d3.(2P).4p"	"t 3D*"	"2"		""	"L10989"	
"473.1165"	"473.11644"	"160"	""		"17540.188"	"38670.723"	"3d3.(2D2).4s"	"a 3D"	"3"	"3d3.(2G).4p"	"t 3F*"	"4"		""	"L10989"	
"473.3421"	"473.34213"	"100"	""		"17423.856"	"38544.316"	"3d3.(2D2).4s"	"a 3D"	"2"	"3d3.(2G).4p"	"t 3F*"	"3"		""	"L10989"	
"473.4670"	"473.46700"	"61"	""		"18037.213"	"39152.103"	"3d3.(2H).4s"	"a 3H"	"4"	"3d3.(2H).4p"	"x 3H*"	"5"		""	"L10989"	
"474.2108"	"474.21061"	"54"	""		"17369.529"	"38451.309"	"3d3.(2D2).4s"	"a 3D"	"1"	"3d3.(2G).4p"	"t 3F*"	"2"		""	"L10989"	
"474.22953"	"474.23016"	""	"3.2e+06"	D	"11776.812"	"32857.723"	"3d3.(4F).4s"	"b 3F"	"4"	"3d2.(1D).4s.4p.(1P*)"	"y 1F*"	"3"		"T4401n"	"L9190"	
"474.2789"	"474.27892"	"870"	"5.3e+07"	D	"18037.213"	"39115.957"	"3d3.(2H).4s"	"a 3H"	"4"	"3d3.(2H).4p"	"x 3H*"	"4"		"T4401n"	"L10989"	
"474.7261"	"474.72571"	"17"	""		"8602.3441"	"29661.250"	"3d2.4s2"	"a 3P"	"2"	"3d2.(3F).4s.4p.(1P*)"	"w 3D*"	"1"		""	"L10989"	
"474.7673"	"474.76737"	"76"	""		"18141.265"	"39198.323"	"3d3.(2H).4s"	"a 3H"	"5"	"3d3.(2H).4p"	"x 3H*"	"6"		""	"L10989"	
"475.438"	"475.43581"	"1"	""		"17423.856"	"38451.309"	"3d3.(2D2).4s"	"a 3D"	"2"	"3d3.(2G).4p"	"t 3F*"	"2"		""	"L3392"	
"475.8118"	"475.81178"	"1600"	"7.13e+07"	C+	"18141.265"	"39152.103"	"3d3.(2H).4s"	"a 3H"	"5"	"3d3.(2H).4p"	"x 3H*"	"5"		"T4922"	"L10989"	
"475.8900"	"475.89013"	"100"	"1.8e+05"	C	"6742.756"	"27750.135"	"3d3.(4F).4s"	"a 5F"	"4"	"3d2.(3F).4s.4p.(1P*)"	"y 3G*"	"5"		"T3297"	"L10989"	
"475.9269"	"475.92697"	"1800"	"7.40e+07"	C+	"18192.570"	"39198.323"	"3d3.(2H).4s"	"a 3H"	"6"	"3d3.(2H).4p"	"x 3H*"	"6"		"T4922"	"L10989"	
"476.6318"	"476.63177"	"79"	""		"18141.265"	"39115.957"	"3d3.(2H).4s"	"a 3H"	"5"	"3d3.(2H).4p"	"x 3H*"	"4"		""	"L10989"	
"476.9767"	"476.97650"	"81"	""		"18192.570"	"39152.103"	"3d3.(2H).4s"	"a 3H"	"6"	"3d3.(2H).4p"	"x 3H*"	"5"		""	"L10989"	
"477.1096"	"477.10990"	"61"	"1.4e+05"	C	"6661.006"	"27614.679"	"3d3.(4F).4s"	"a 5F"	"3"	"3d2.(3F).4s.4p.(1P*)"	"y 3G*"	"4"		"T3297,T3928"	"L10989"	
"477.8255"	"477.82547"	"240"	"2.0e+07"	D	"18037.213"	"38959.507"	"3d3.(2H).4s"	"a 3H"	"4"	"3d3.(2G).4p"	"x 1G*"	"4"		"T4401n"	"L10989"	
"478.1711"	"478.17106"	"170"	"2.9e+05"	C	"6842.962"	"27750.135"	"3d3.(4F).4s"	"a 5F"	"5"	"3d2.(3F).4s.4p.(1P*)"	"y 3G*"	"5"		"T3297,T3928"	"L10989"	
"478.3306"	"478.33021"	"17"	"6.2e+04"	C	"6598.765"	"27498.982"	"3d3.(4F).4s"	"a 5F"	"2"	"3d2.(3F).4s.4p.(1P*)"	"y 3G*"	"3"		"T3297,T3928"	"L10989"	
"478.7634"	"478.76352"	"13"	""		"6598.765"	"27480.066"	"3d3.(4F).4s"	"a 5F"	"2"	"3d2.(1D).4s.4p.(3P*)"	"x 3D*"	"3"		""	"L10989"	
"478.9788"	"478.97864"	"25"	"4.5e+04"	C	"6742.756"	"27614.679"	"3d3.(4F).4s"	"a 5F"	"4"	"3d2.(3F).4s.4p.(1P*)"	"y 3G*"	"4"		"T3297"	"L10989"	
"479.1480"	"479.14792"	"15"	""		"18287.554"	"39152.103"	"3d3.(2G).4s"	"b 1G"	"4"	"3d3.(2H).4p"	"x 3H*"	"5"		""	"L10989"	
"479.2251"	"479.22494"	"12"	""		"6556.833"	"27418.029"	"3d3.(4F).4s"	"a 5F"	"1"	"3d2.(1D).4s.4p.(3P*)"	"x 3D*"	"2"		""	"L10989"	
"479.2483"	"479.24823"	"280"	""		"18825.782"	"39685.964"	"3d3.(4P).4s"	"c 3P"	"1"	"3d3.(2D2).4p"	"s 3D*"	"2"		""	"L10989"	
"479.6211"	"479.62071"	"120"	""		"18818.099"	"39662.081"	"3d3.(4P).4s"	"c 3P"	"0"	"3d3.(2D2).4p"	"s 3D*"	"1"		""	"L10989"	
"479.7975"	"479.79757"	"94"	""		"18825.782"	"39662.081"	"3d3.(4P).4s"	"c 3P"	"1"	"3d3.(2D2).4p"	"s 3D*"	"1"		""	"L10989"	
"479.9795"	"479.97946"	"480"	""		"18287.554"	"39115.957"	"3d3.(2G).4s"	"b 1G"	"4"	"3d3.(2H).4p"	"x 3H*"	"4"		""	"L10989"	
"480.1908"	"480.19016"	"24"	""		"6598.765"	"27418.029"	"3d3.(4F).4s"	"a 5F"	"2"	"3d2.(1D).4s.4p.(3P*)"	"x 3D*"	"2"		""	"L10989"	
"480.1954"	"480.19486"	"17"	""		"6661.006"	"27480.066"	"3d3.(4F).4s"	"a 5F"	"3"	"3d2.(1D).4s.4p.(3P*)"	"x 3D*"	"3"		""	"L10989"	
"480.5415"	"480.54144"	"510"	"5.8e+07"	D	"18911.394"	"39715.439"	"3d3.(4P).4s"	"c 3P"	"2"	"3d3.(2D2).4p"	"s 3D*"	"3"		"T4401n"	"L10989"	
"480.6758"	"480.67584"	"25"	""		"6556.833"	"27355.061"	"3d3.(4F).4s"	"a 5F"	"1"	"3d2.(1D).4s.4p.(3P*)"	"x 3D*"	"1"		""	"L10989"	
"480.8526"	"480.85261"	"120"	""		"21739.707"	"42530.2894"	"3d2.(3F).4s.4p.(3P*)"	"z 3G*"	"5"	"3d2.4s.(4F).4d"	"3H"	"6"		""	"L10989"	
"481.1065"	"481.10679"	"75"	""		"21588.495"	"42368.0934"	"3d2.(3F).4s.4p.(3P*)"	"z 3G*"	"4"	"3d2.4s.(4F).4d"	"3H"	"5"		""	"L10989"	
"481.2229"	"481.22324"	"95"	""		"18911.394"	"39685.964"	"3d3.(4P).4s"	"c 3P"	"2"	"3d3.(2D2).4p"	"s 3D*"	"2"		""	"L10989"	
"481.2892"	"481.28934"	"7"	"1.1e+04"	D	"6842.962"	"27614.679"	"3d3.(4F).4s"	"a 5F"	"5"	"3d2.(3F).4s.4p.(1P*)"	"y 3G*"	"4"		"T3297"	"L10989"	
"481.6469"	"481.64692"	""	""		"6598.765"	"27355.061"	"3d3.(4F).4s"	"a 5F"	"2"	"3d2.(1D).4s.4p.(3P*)"	"x 3D*"	"1"		""	"L9190"	
"481.9028"	"481.90267"	"43"	""		"21469.488"	"42214.7689"	"3d2.(3F).4s.4p.(3P*)"	"z 3G*"	"3"	"3d2.4s.(4F).4d"	"3H"	"4"		""	"L10989"	
"482.0410"	"482.04094"	"980"	"1.49e+07"	C+	"12118.393"	"32857.723"	"3d2.4s2"	"a 1G"	"4"	"3d2.(1D).4s.4p.(1P*)"	"y 1F*"	"3"		"T4922"	"L10989"	
"482.1272"	"482.12754"	"7q"	""		"17423.856"	"38159.461"	"3d3.(2D2).4s"	"a 3D"	"2"	"3d2.(3P).4s.4p.(1P*)"	"u 3D*"	"3"		""	"L10989"	
"482.5439"	"482.54394"	"50"	""		"18695.134"	"39412.846"	"3d2.(3F).4s.4p.(3P*)"	"z 5D*"	"4"	"3d3.(4F).5s"	"f 5F"	"5"		""	"L10989"	
"482.6044"	"482.60390"	"10"	""		"21469.488"	"42184.6261"	"3d2.(3F).4s.4p.(3P*)"	"z 3G*"	"3"	"3d2.4s.(4F).4d"	"e 5D"	"4"		""	"L10989"	
"482.7572"	"482.75722"	"35"	""		"18593.947"	"39302.506"	"3d2.(3F).4s.4p.(3P*)"	"z 5D*"	"3"	"3d3.(4F).5s"	"f 5F"	"4"		""	"L10989"	
"483.2068"	"483.20654"	"23"	""		"18525.059"	"39214.362"	"3d2.(3F).4s.4p.(3P*)"	"z 5D*"	"2"	"3d3.(4F).5s"	"f 5F"	"3"		""	"L10989"	
"483.6122"	"483.61210"	"140"	""		"18287.554"	"38959.507"	"3d3.(2G).4s"	"b 1G"	"4"	"3d3.(2G).4p"	"x 1G*"	"4"		""	"L10989"	
"483.7396"	"483.73957"	"14"	""		"18482.774"	"39149.280"	"3d2.(3F).4s.4p.(3P*)"	"z 5D*"	"1"	"3d3.(4F).5s"	"f 5F"	"2"		""	"L10989"	
"483.9253"	"483.92514"	"25"	""		"17995.487"	"38654.068"	"3d3.(2P).4s"	"b 3P"	"0"	"3d3.(2P).4p"	"t 3D*"	"1"		""	"L10989"	
"484.0873"	"484.08737"	"6600"	"1.76e+07"	C+	"7255.355"	"27907.013"	"3d2.4s2"	"a 1D"	"2"	"3d2.(1D).4s.4p.(1P*)"	"y 1D*"	"2"		"T4294"	"L10989"	
"484.2599"	"484.25902"	"7q"	""		"18462.722"	"39107.060"	"3d2.(3F).4s.4p.(3P*)"	"z 5D*"	"0"	"3d3.(4F).5s"	"f 5F"	"1"		""	"L10989"	
"484.3975"	"484.39793"	"38"	""		"18061.387"	"38699.805"	"3d3.(2P).4s"	"b 3P"	"1"	"3d3.(2P).4p"	"t 3D*"	"2"		""	"L10989"	
"484.4855"	"484.48511"	"5"	""		"20209.447"	"40844.151"	"3d3.(2D2).4s"	"b 1D"	"2"	"3d3.(4P).4p"	"r 3D*"	"3"		""	"L10989"	
"484.6333"	"484.63349"	"19"	""		"21739.707"	"42368.0934"	"3d2.(3F).4s.4p.(3P*)"	"z 3G*"	"5"	"3d2.4s.(4F).4d"	"3H"	"5"		""	"L10989"	
"484.6828"	"484.68313"	"12"	""		"21588.495"	"42214.7689"	"3d2.(3F).4s.4p.(3P*)"	"z 3G*"	"4"	"3d2.4s.(4F).4d"	"3H"	"4"		""	"L10989"	
"484.7303"	"484.72985"	"12*"	""		"18482.774"	"39107.060"	"3d2.(3F).4s.4p.(3P*)"	"z 5D*"	"1"	"3d3.(4F).5s"	"f 5F"	"1"		""	"L10989"	
"484.7303"	"484.73137"	"12*"	""		"18525.059"	"39149.280"	"3d2.(3F).4s.4p.(3P*)"	"z 5D*"	"2"	"3d3.(4F).5s"	"f 5F"	"2"		""	"L10989"	
"484.8207"	"484.82085"	"10"	""		"18593.947"	"39214.362"	"3d2.(3F).4s.4p.(3P*)"	"z 5D*"	"3"	"3d3.(4F).5s"	"f 5F"	"3"		""	"L10989"	
"484.8409"	"484.84100"	"64"	""		"18145.286"	"38764.844"	"3d3.(2P).4s"	"b 3P"	"2"	"3d3.(2P).4p"	"t 3D*"	"3"		""	"L10989"	
"484.8477"	"484.84770"	"130"	""		"17540.188"	"38159.461"	"3d3.(2D2).4s"	"a 3D"	"3"	"3d2.(3P).4s.4p.(1P*)"	"u 3D*"	"3"		""	"L10989"	
"485.1274"	"485.12771"	"6"	""		"18695.134"	"39302.506"	"3d2.(3F).4s.4p.(3P*)"	"z 5D*"	"4"	"3d3.(4F).5s"	"f 5F"	"4"		""	"L10989"	
"485.1359"	"485.13505"	"12"	""		"17369.529"	"37976.589"	"3d3.(2D2).4s"	"a 3D"	"1"	"3d2.(3P).4s.4p.(1P*)"	"u 3D*"	"2"		""	"L10989"	
"485.4737"	"485.47381"	"27"	""		"18061.387"	"38654.068"	"3d3.(2P).4s"	"b 3P"	"1"	"3d3.(2P).4p"	"t 3D*"	"1"		""	"L10989"	
"485.6010"	"485.60103"	"2200"	"5.2e+07"	D	"18192.570"	"38779.856"	"3d3.(2H).4s"	"a 3H"	"6"	"3d3.(2H).4p"	"z 3I*"	"7"		"T4401n"	"L10989"	
"485.7457"	"485.74570"	"24"	""		"21588.495"	"42169.6496"	"3d2.(3F).4s.4p.(3P*)"	"z 3G*"	"4"	"3d2.4s.(4F).4d"	"3G"	"5"		""	"L10989"	
"486.3753"	"486.37516"	"34"	""		"18145.286"	"38699.805"	"3d3.(2P).4s"	"b 3P"	"2"	"3d3.(2P).4p"	"t 3D*"	"2"		""	"L10989"	
"486.4175"	"486.41743"	"81"	""		"17423.856"	"37976.589"	"3d3.(2D2).4s"	"a 3D"	"2"	"3d2.(3P).4s.4p.(1P*)"	"u 3D*"	"2"		""	"L10989"	
"486.8142"	"486.8144"	""	"1.56e+07"	C+	"26910.709"	"47446.684"	"3d3.(4F).4p"	"y 5G*"	"6"	"3d2.4p2"	"g 5G"	"6"		"T6897"	"L18003"	
"486.8259"	"486.82596"	"1300"	""		"18037.213"	"38572.699"	"3d3.(2H).4s"	"a 3H"	"4"	"3d3.(2H).4p"	"z 3I*"	"5"		""	"L10989"	
"487.0127"	"487.01246"	"1900"	""		"18141.265"	"38668.887"	"3d3.(2H).4s"	"a 3H"	"5"	"3d3.(2H).4p"	"z 3I*"	"6"		""	"L10989"	
"487.4594"	"487.45985"	"7q"	""		"18145.286"	"38654.068"	"3d3.(2P).4s"	"b 3P"	"2"	"3d3.(2P).4p"	"t 3D*"	"1"		""	"L10989"	
"487.4872"	"487.48747"	"11"	"1.03e+07"	C+	"26772.968"	"47280.588"	"3d3.(4F).4p"	"y 5G*"	"5"	"3d2.4p2"	"g 5G"	"5"		"T6897"	"L10989"	
"487.5269"	"487.52748"	"11q"	""		"21469.488"	"41975.4249"	"3d2.(3F).4s.4p.(3P*)"	"z 3G*"	"3"	"3d2.4s.(4F).4d"	"3G"	"4"		""	"L10989"	
"488.0285"	"488.02856"	"37"	""		"7255.355"	"27740.238"	"3d2.4s2"	"a 1D"	"2"	"3d2.(3P).4s.4p.(3P*)"	"z 5P*"	"2"		""	"L10989"	
"488.0907"	"488.09075"	"61"	""		"17369.529"	"37851.802"	"3d3.(2D2).4s"	"a 3D"	"1"	"3d2.(3P).4s.4p.(1P*)"	"u 3D*"	"1"		""	"L10989"	
"488.2324"	"488.23272"	"79"	""		"18192.570"	"38668.887"	"3d3.(2H).4s"	"a 3H"	"6"	"3d3.(2H).4p"	"z 3I*"	"6"		""	"L10989"	
"488.2629"	"488.26265"	"7"	""		"21739.707"	"42214.7689"	"3d2.(3F).4s.4p.(3P*)"	"z 3G*"	"5"	"3d2.4s.(4F).4d"	"3H"	"4"		""	"L10989"	
"488.4819"	"488.48290"	"9"	""		"26564.400"	"47030.230"	"3d3.(4F).4p"	"y 5G*"	"3"	"3d2.4p2"	"g 5G"	"3"		""	"L10989"	
"488.5081"	"488.50794"	"3700"	"4.90e+07"	C+	"15220.393"	"35685.174"	"3d3.(2G).4s"	"a 3G"	"5"	"3d3.(2G).4p"	"y 3H*"	"6"		"T4922"	"L10989"	
"488.5973"	"488.59674"	"14"	""		"20209.447"	"40670.509"	"3d3.(2D2).4s"	"b 1D"	"2"	"3d3.(4P).4p"	"r 3D*"	"2"		""	"L10989"	
"488.8713"	"488.87105"	"6"	"1.34e+07"	C+	"26494.330"	"46943.911"	"3d3.(4F).4p"	"y 5G*"	"2"	"3d2.4p2"	"g 5G"	"2"		"T6897"	"L10989"	
"488.9825"	"488.98253"	"7"	""		"21739.707"	"42184.6261"	"3d2.(3F).4s.4p.(3P*)"	"z 3G*"	"5"	"3d2.4s.(4F).4d"	"e 5D"	"4"		""	"L10989"	
"489.0995"	"489.09935"	"19"	""		"18825.782"	"39265.818"	"3d3.(4P).4s"	"c 3P"	"1"	"3d.4s2.4p"	"w 1D*"	"2"		""	"L10989"	
"489.1855"	"489.18634"	"18"	""		"17540.188"	"37976.589"	"3d3.(2D2).4s"	"a 3D"	"3"	"3d2.(3P).4s.4p.(1P*)"	"u 3D*"	"2"		""	"L10989"	
"489.3052"	"489.30527"	"76"	""		"18141.265"	"38572.699"	"3d3.(2H).4s"	"a 3H"	"5"	"3d3.(2H).4p"	"z 3I*"	"5"		""	"L10989"	
"489.3409"	"489.34099"	"43"	""		"21739.707"	"42169.6496"	"3d2.(3F).4s.4p.(3P*)"	"z 3G*"	"5"	"3d2.4s.(4F).4d"	"3G"	"5"		""	"L10989"	
"489.3891"	"489.38882"	"12"	""		"17423.856"	"37851.802"	"3d3.(2D2).4s"	"a 3D"	"2"	"3d2.(3P).4s.4p.(1P*)"	"u 3D*"	"1"		""	"L10989"	
"489.9909"	"489.99088"	"3200"	""		"15156.802"	"35559.648"	"3d3.(2G).4s"	"a 3G"	"4"	"3d3.(2G).4p"	"y 3H*"	"5"		""	"L10989"	
"490.0026"	"490.00216"	"24q"	""		"21469.488"	"41871.8642"	"3d2.(3F).4s.4p.(3P*)"	"z 3G*"	"3"	"3d2.4s.(4F).4d"	"g 3F"	"2"		""	"L10989"	
"490.0584"	"490.05850"	"20"	""		"21588.495"	"41988.5259"	"3d2.(3F).4s.4p.(3P*)"	"z 3G*"	"4"	"3d2.4s.(4F).4d"	"g 3F"	"3"		""	"L10989"	
"490.0997"	"490.10025"	"16"	""		"21469.488"	"41867.7812"	"3d2.(3F).4s.4p.(3P*)"	"z 3G*"	"3"	"3d2.4s.(4F).4d"	"3G"	"3"		""	"L10989"	
"490.3737"	"490.37342"	"28"	""		"21588.495"	"41975.4249"	"3d2.(3F).4s.4p.(3P*)"	"z 3G*"	"4"	"3d2.4s.(4F).4d"	"3G"	"4"		""	"L10989"	
"490.8449"	"490.84490"	"22"	""		"21739.707"	"42107.0545"	"3d2.(3F).4s.4p.(3P*)"	"z 3G*"	"5"	"3d2.4s.(4F).4d"	"g 3F"	"4"		""	"L10989"	
"490.9098"	"490.90985"	"76"	""		"6661.006"	"27025.659"	"3d3.(4F).4s"	"a 5F"	"3"	"3d2.(1D).4s.4p.(3P*)"	"x 3F*"	"4"		""	"L10989"	
"491.3615"	"491.36134"	"2500"	"4.44e+07"	C+	"15108.111"	"35454.052"	"3d3.(2G).4s"	"a 3G"	"3"	"3d3.(2G).4p"	"y 3H*"	"4"		"T4922"	"L10989"	
"491.5230"	"491.52287"	"200"	"2.40e+06"	C+	"15220.393"	"35559.648"	"3d3.(2G).4s"	"a 3G"	"5"	"3d3.(2G).4p"	"y 3H*"	"5"		"T4922"	"L10989"	
"491.7781"	"491.77814"	""	"1.47e+06"	D+	"21588.495"	"41917.1924"	"3d2.(3F).4s.4p.(3P*)"	"z 3G*"	"4"	"3d2.4s.(4F).4d"	"e 5H"	"4"		"T6897"	"L18003"	
"491.9861"	"491.98607"	"630"	""		"17423.856"	"37743.962"	"3d3.(2D2).4s"	"a 3D"	"2"	"3d3.(2D2).4p"	"u 3F*"	"3"		""	"L10989"	
"492.1765"	"492.17638"	"860"	""		"17540.188"	"37852.437"	"3d3.(2D2).4s"	"a 3D"	"3"	"3d3.(2D2).4p"	"u 3F*"	"4"		""	"L10989"	
"492.5400"	"492.54008"	"200"	""		"15156.802"	"35454.052"	"3d3.(2G).4s"	"a 3G"	"4"	"3d3.(2G).4p"	"y 3H*"	"4"		""	"L10989"	
"492.6151"	"492.61481"	"120"	"2.65e+05"	C+	"6598.765"	"26892.936"	"3d3.(4F).4s"	"a 5F"	"2"	"3d2.(1D).4s.4p.(3P*)"	"x 3F*"	"3"		"T4498"	"L10989"	
"492.8337"	"492.83362"	"890*"	"6.2e+07"	D	"17369.529"	"37654.690"	"3d3.(2D2).4s"	"a 3D"	"1"	"3d3.(2D2).4p"	"u 3F*"	"2"		"T4401n"	"L10989"	
"492.8337"	"492.83401"	"890*"	""		"18287.554"	"38572.699"	"3d3.(2G).4s"	"b 1G"	"4"	"3d3.(2H).4p"	"z 3I*"	"5"		""	"L10989"	
"492.8878"	"492.88848"	""	""		"6742.756"	"27025.659"	"3d3.(4F).4s"	"a 5F"	"4"	"3d2.(1D).4s.4p.(3P*)"	"x 3F*"	"4"		""	"L9190"	
"493.7727"	"493.77258"	"140"	""		"6556.833"	"26803.420"	"3d3.(4F).4s"	"a 5F"	"1"	"3d2.(1D).4s.4p.(3P*)"	"x 3F*"	"2"		""	"L10989"	
"493.8036"	"493.80424"	"7"	"1.78e+05"	C+	"16106.076"	"36351.365"	"3d2.(3F).4s.4p.(3P*)"	"z 5G*"	"4"	"3d2.4s.(4F).5s"	"e 5F"	"5"		"T6897"	"L10989"	
"493.8291"	"493.82917"	"500"	""		"20795.603"	"41039.870"	"3d3.(2H).4s"	"a 1H"	"5"	"3d3.(2H).4p"	"y 1H*"	"5"		""	"L10989"	
"494.0969"	"494.09689"	"14"	"3.98e+05"	B+	"15975.631"	"36208.929"	"3d2.(3F).4s.4p.(3P*)"	"z 5G*"	"3"	"3d2.4s.(4F).5s"	"e 5F"	"4"		"T6897"	"L10989"	
"494.1306"	"494.13030"	"28"	""		"6661.006"	"26892.936"	"3d3.(4F).4s"	"a 5F"	"3"	"3d2.(1D).4s.4p.(3P*)"	"x 3F*"	"3"		""	"L10989"	
"494.1569"	"494.15707"	"96"	"5.3e+06"	D	"17423.856"	"37654.690"	"3d3.(2D2).4s"	"a 3D"	"2"	"3d3.(2D2).4p"	"u 3F*"	"2"		"T4401n"	"L10989"	
"494.3066"	"494.30668"	"24"	""		"7255.355"	"27480.066"	"3d2.4s2"	"a 1D"	"2"	"3d2.(1D).4s.4p.(3P*)"	"x 3D*"	"3"		""	"L10989"	
"494.4351"	"494.43503"	"14*"	"5.30e+05"	B	"15877.081"	"36096.542"	"3d2.(3F).4s.4p.(3P*)"	"z 5G*"	"2"	"3d2.4s.(4F).5s"	"e 5F"	"3"		"T6897"	"L10989"	
"494.4351"	"494.43552"	"14*"	""		"19421.580"	"39641.021"	"3d2.(3F).4s.4p.(3P*)"	"z 3F*"	"3"	"3d3.(4F).5s"	"f 3F"	"3"		""	"L10989"	
"494.6186"	"494.61879"	"6"	""		"19573.974"	"39785.923"	"3d2.(3F).4s.4p.(3P*)"	"z 3F*"	"4"	"3d3.(4F).5s"	"f 3F"	"4"		""	"L10989"	
"494.7970"	"494.79735"	"35"	""		"6598.765"	"26803.420"	"3d3.(4F).4s"	"a 5F"	"2"	"3d2.(1D).4s.4p.(3P*)"	"x 3F*"	"2"		""	"L10989"	
"494.8188"	"494.81893"	"88"	""		"17540.188"	"37743.962"	"3d3.(2D2).4s"	"a 3D"	"3"	"3d3.(2D2).4p"	"u 3F*"	"3"		""	"L10989"	
"495.8277"	"495.82759"	"83"	""		"7255.355"	"27418.029"	"3d2.4s2"	"a 1D"	"2"	"3d2.(1D).4s.4p.(3P*)"	"x 3D*"	"2"		""	"L10989"	
"496.4716"	"496.47170"	"150"	"8.17e+06"	B+	"15877.081"	"36013.597"	"3d2.(3F).4s.4p.(3P*)"	"z 5G*"	"2"	"3d2.4s.(4F).5s"	"e 5F"	"2"		"T6897"	"L10989"	
"496.6028"	"496.60275"	"29"	""		"17423.856"	"37555.058"	"3d3.(2D2).4s"	"a 3D"	"2"	"3d3.(2G).4p"	"v 3G*"	"3"		""	"L10989"	
"496.7299"	"496.72958"	"25"	""		"0.000"	"20126.062"	"3d2.4s2"	"a 3F"	"2"	"3d2.(3F).4s.4p.(3P*)"	"z 3D*"	"3"		""	"L10989"	
"496.8568"	"496.85675"	"220"	"8.92e+06"	B+	"15975.631"	"36096.542"	"3d2.(3F).4s.4p.(3P*)"	"z 5G*"	"3"	"3d2.4s.(4F).5s"	"e 5F"	"3"		"T6897"	"L10989"	
"497.0156"	"497.01506"	"4"	""		"17540.188"	"37654.690"	"3d3.(2D2).4s"	"a 3D"	"3"	"3d3.(2D2).4p"	"u 3F*"	"2"		""	"L10989"	
"497.3029"	"497.30307"	"230"	"7.32e+06"	B+	"16106.076"	"36208.929"	"3d2.(3F).4s.4p.(3P*)"	"z 5G*"	"4"	"3d2.4s.(4F).5s"	"e 5F"	"4"		"T6897"	"L10989"	
"497.5342"	"497.53431"	"620"	""		"20209.447"	"40302.957"	"3d3.(2D2).4s"	"b 1D"	"2"	"3d3.(2D2).4p"	"w 1F*"	"3"		""	"L10989"	
"497.7728"	"497.77275"	"150"	"4.41e+06"	B+	"16267.480"	"36351.365"	"3d2.(3F).4s.4p.(3P*)"	"z 5G*"	"5"	"3d2.4s.(4F).5s"	"e 5F"	"5"		"T6897"	"L10989"	
"497.8187"	"497.81878"	"510"	""		"15877.081"	"35959.109"	"3d2.(3F).4s.4p.(3P*)"	"z 5G*"	"2"	"3d2.4s.(4F).5s"	"e 5F"	"1"		""	"L10989"	
"497.9257"	"497.92594"	"19"	""		"17540.188"	"37617.894"	"3d3.(2D2).4s"	"a 3D"	"3"	"3d3.(2G).4p"	"v 3G*"	"4"		""	"L10989"	
"498.1731"	"498.17305"	"14000"	"6.60e+07"	C+	"6842.962"	"26910.709"	"3d3.(4F).4s"	"a 5F"	"5"	"3d3.(4F).4p"	"y 5G*"	"6"		"T4294"	"L10989"	
"498.9134"	"498.91346"	"660"	"3.70e+07"	B+	"15975.631"	"36013.597"	"3d2.(3F).4s.4p.(3P*)"	"z 5G*"	"3"	"3d2.4s.(4F).5s"	"e 5F"	"2"		"T6897"	"L10989"	
"499.1067"	"499.10660"	"13000"	"5.84e+07"	C+	"6742.756"	"26772.968"	"3d3.(4F).4s"	"a 5F"	"4"	"3d3.(4F).4p"	"y 5G*"	"5"		"T4294"	"L10989"	
"499.5066"	"499.50653"	"43"	""		"18145.286"	"38159.461"	"3d3.(2P).4s"	"b 3P"	"2"	"3d2.(3P).4s.4p.(1P*)"	"u 3D*"	"3"		""	"L10989"	
"499.7093"	"499.70967"	"1700"	"4.69e+05"	A	"0.000"	"20006.039"	"3d2.4s2"	"a 3F"	"2"	"3d2.(3F).4s.4p.(3P*)"	"z 3D*"	"2"		"T7574"	"L10989"	
"499.7726"	"499.77185"	"12q"	""		"25037.405"	"45040.955"	"3d3.(2F).4s"	"3F"	"4"	"3d3.(4F).5p"	"3F*"	"4"		""	"L10989"	
"499.9502"	"499.95030"	"12000"	"5.27e+07"	C+	"6661.006"	"26657.416"	"3d3.(4F).4s"	"a 5F"	"3"	"3d3.(4F).4p"	"y 5G*"	"4"		"T4294"	"L10989"	
"500.0988"	"500.09896"	"910"	"3.65e+07"	B+	"16106.076"	"36096.542"	"3d2.(3F).4s.4p.(3P*)"	"z 5G*"	"4"	"3d2.4s.(4F).5s"	"e 5F"	"3"		"T6897"	"L10989"	
"500.2155"	"500.21534"	"6"	""		"25107.411"	"45093.226"	"3d2.(3F).4s.4p.(1P*)"	"y 3F*"	"2"	"3d2.4s.(2D).5s"	"3D"	"1"		""	"L10989"	
"500.7206"	"500.72093"	"10000"	"4.92e+07"	C+	"6598.765"	"26564.400"	"3d3.(4F).4s"	"a 5F"	"2"	"3d3.(4F).4p"	"y 5G*"	"3"		"T4294"	"L10989"	
"500.9645"	"500.96447"	"1200*"	"2.41e+05"	A	"170.1328"	"20126.062"	"3d2.4s2"	"a 3F"	"3"	"3d2.(3F).4s.4p.(3P*)"	"z 3D*"	"3"		"T7574"	"L10989"	
"500.9645"	"500.96568"	"1200*"	""		"17369.529"	"37325.410"	"3d3.(2D2).4s"	"a 3D"	"1"	"3d3.(2D2).4p"	"w 3P*"	"2"		""	"L10989"	
"501.3282"	"501.32824"	"1200"	"3.86e+07"	B+	"16267.480"	"36208.929"	"3d2.(3F).4s.4p.(3P*)"	"z 5G*"	"5"	"3d2.4s.(4F).5s"	"e 5F"	"4"		"T6897"	"L10989"	
"501.4186"	"501.41861"	"11000"	"5.08e+06"	B	"0.000"	"19937.855"	"3d2.4s2"	"a 3F"	"2"	"3d2.(3F).4s.4p.(3P*)"	"z 3D*"	"1"		"T8000"	"L10989"	
"501.4275"	"501.42762"	"8700"	"6.8e+07"	C	"6556.833"	"26494.330"	"3d3.(4F).4s"	"a 5F"	"1"	"3d3.(4F).4p"	"y 5G*"	"2"		"T3297"	"L10989"	
"501.6161"	"501.61609"	"3800"	"6.43e+06"	C+	"6842.962"	"26772.968"	"3d3.(4F).4s"	"a 5F"	"5"	"3d3.(4F).4p"	"y 5G*"	"5"		"T4294"	"L10989"	
"501.9889"	"501.98897"	"24"	""		"18061.387"	"37976.589"	"3d3.(2P).4s"	"b 3P"	"1"	"3d2.(3P).4s.4p.(1P*)"	"u 3D*"	"2"		""	"L10989"	
"502.0025"	"502.00263"	"5100"	"1.13e+07"	C+	"6742.756"	"26657.416"	"3d3.(4F).4s"	"a 5F"	"4"	"3d3.(4F).4p"	"y 5G*"	"4"		"T4294"	"L10989"	
"502.2866"	"502.28679"	"4800"	"1.39e+07"	C+	"6661.006"	"26564.400"	"3d3.(4F).4s"	"a 5F"	"3"	"3d3.(4F).4p"	"y 5G*"	"3"		"T4294"	"L10989"	
"502.3334"	"502.33323"	"26"	""		"17423.856"	"37325.410"	"3d3.(2D2).4s"	"a 3D"	"2"	"3d3.(2D2).4p"	"w 3P*"	"2"		""	"L10989"	
"502.4844"	"502.48444"	"3500"	"1.32e+07"	C+	"6598.765"	"26494.330"	"3d3.(4F).4s"	"a 5F"	"2"	"3d3.(4F).4p"	"y 5G*"	"2"		"T4294"	"L10989"	
"502.5570"	"502.55696"	"1400"	"4.26e+07"	B+	"16458.671"	"36351.365"	"3d2.(3F).4s.4p.(3P*)"	"z 5G*"	"6"	"3d2.4s.(4F).5s"	"e 5F"	"5"		"T6897"	"L10989"	
"503.1282"	"503.12840"	"13"	""		"25227.222"	"45097.323"	"3d2.(3F).4s.4p.(1P*)"	"y 3F*"	"3"	"3d2.4s.(2D).5s"	"3D"	"2"		""	"L10989"	
"503.4767"	"503.47772"	"6"	""		"17995.487"	"37851.802"	"3d3.(2P).4s"	"b 3P"	"0"	"3d2.(3P).4s.4p.(1P*)"	"u 3D*"	"1"		""	"L10989"	
"503.5336"	"503.53295"	"8q"	""		"25068.842"	"44922.979"	"3d3.(2F).4s"	"3F"	"3"	"3d3.(4F).5p"	"3F*"	"3"		""	"L10989"	
"503.5903"	"503.59030"	"4900"	""		"11776.812"	"31628.688"	"3d3.(4F).4s"	"b 3F"	"4"	"3d3.(4F).4p"	"w 3G*"	"5"		""	"L10989"	
"503.6464"	"503.64639"	"4000"	"3.94e+07"	C+	"11639.8109"	"31489.476"	"3d3.(4F).4s"	"b 3F"	"3"	"3d3.(4F).4p"	"w 3G*"	"4"		"T4922"	"L10989"	
"503.8397"	"503.83979"	"3300"	"3.87e+07"	C+	"11531.761"	"31373.807"	"3d3.(4F).4s"	"b 3F"	"2"	"3d3.(4F).4p"	"w 3G*"	"3"		"T4922"	"L10989"	
"503.9955"	"503.99574"	"14000"	"4.49e+06"	A	"170.1328"	"20006.039"	"3d2.4s2"	"a 3F"	"3"	"3d2.(3F).4s.4p.(3P*)"	"z 3D*"	"2"		"T7574"	"L10989"	
"504.0611"	"504.06136"	"250"	"8.57e+05"	C+	"6661.006"	"26494.330"	"3d3.(4F).4s"	"a 5F"	"3"	"3d3.(4F).4p"	"y 5G*"	"2"		"T4498"	"L10989"	
"504.3582"	"504.35838"	"320"	"6.93e+05"	C+	"6742.756"	"26564.400"	"3d3.(4F).4s"	"a 5F"	"4"	"3d3.(4F).4p"	"y 5G*"	"3"		"T4498"	"L10989"	
"504.4251"	"504.42529"	"12"	""		"17540.188"	"37359.203"	"3d3.(2D2).4s"	"a 3D"	"3"	"3d3.(4P).4p"	"y 5S*"	"2"		""	"L10989"	
"504.5415"	"504.54140"	"170"	"2.92e+05"	C+	"6842.962"	"26657.416"	"3d3.(4F).4s"	"a 5F"	"5"	"3d3.(4F).4p"	"y 5G*"	"4"		"T4498"	"L10989"	
"504.8209"	"504.82150"	"57"	""		"17369.529"	"37172.989"	"3d3.(2D2).4s"	"a 3D"	"1"	"3d3.(2D2).4p"	"w 3P*"	"1"		""	"L10989"	
"505.2869"	"505.28685"	"410"	""		"17540.188"	"37325.410"	"3d3.(2D2).4s"	"a 3D"	"3"	"3d3.(2D2).4p"	"w 3P*"	"2"		""	"L10989"	
"505.4075"	"505.40745"	"79"	""		"21588.495"	"41368.996"	"3d2.(3F).4s.4p.(3P*)"	"z 3G*"	"4"	"3d2.4s.(2F).5s"	"3F"	"3"		""	"L10989"	
"506.2101"	"506.21021"	"310"	"2.98e+07"	C+	"17423.856"	"37172.989"	"3d3.(2D2).4s"	"a 3D"	"2"	"3d3.(2D2).4p"	"w 3P*"	"1"		"T4922"	"L10989"	
"506.4056"	"506.40594"	"110"	"1.3e+07"	D	"21739.707"	"41481.207"	"3d2.(3F).4s.4p.(3P*)"	"z 3G*"	"5"	"3d2.4s.(2F).5s"	"3F"	"4"		"T4401n"	"L10989"	
"506.4652"	"506.46526"	"17000"	"4.37e+06"	A	"386.874"	"20126.062"	"3d2.4s2"	"a 3F"	"4"	"3d2.(3F).4s.4p.(3P*)"	"z 3D*"	"3"		"T7574"	"L10989"	
"506.5988"	"506.59851"	"300"	""		"11639.8109"	"31373.807"	"3d3.(4F).4s"	"b 3F"	"3"	"3d3.(4F).4p"	"w 3G*"	"3"		""	"L10989"	
"506.8324"	"506.83238"	"76"	""		"21469.488"	"41194.378"	"3d2.(3F).4s.4p.(3P*)"	"z 3G*"	"3"	"3d2.4s.(2F).5s"	"3F"	"2"		""	"L10989"	
"506.9354"	"506.93534"	"130"	""		"17369.529"	"37090.413"	"3d3.(2D2).4s"	"a 3D"	"1"	"3d3.(2D2).4p"	"w 3P*"	"0"		""	"L10989"	
"507.1115"	"507.11107"	"16"	""		"25388.331"	"45102.381"	"3d2.(3F).4s.4p.(1P*)"	"y 3F*"	"4"	"3d2.4s.(2D).5s"	"3D"	"3"		""	"L10989"	
"507.1467"	"507.14673"	"330"	"2.49e+06"	C+	"11776.812"	"31489.476"	"3d3.(4F).4s"	"b 3F"	"4"	"3d3.(4F).4p"	"w 3G*"	"4"		"T4922"	"L10989"	
"508.1380"	"508.13705"	"5"	""		"11531.761"	"31206.007"	"3d3.(4F).4s"	"b 3F"	"2"	"3d2.(3P).4s.4p.(3P*)"	"v 3D*"	"3"		""	"L10989"	
"508.5333"	"508.53351"	"200"	""		"11531.761"	"31190.669"	"3d3.(4F).4s"	"b 3F"	"2"	"3d2.(3P).4s.4p.(3P*)"	"v 3D*"	"2"		""	"L10989"	
"508.7060"	"508.70582"	"930"	"1.4e+07"	D	"11531.761"	"31184.010"	"3d3.(4F).4s"	"b 3F"	"2"	"3d2.(3P).4s.4p.(3P*)"	"v 3D*"	"1"		"T4401n"	"L10989"	
"509.0851"	"509.08580"	"2q"	""		"7255.355"	"26892.936"	"3d2.4s2"	"a 1D"	"2"	"3d2.(1D).4s.4p.(3P*)"	"x 3F*"	"3"		""	"L10989"	
"509.5962"	"509.59611"	"6"	""		"21469.488"	"41087.404"	"3d2.(3F).4s.4p.(3P*)"	"z 3G*"	"3"	"3d2.4s.(2F).5s"	"e 1F"	"3"		""	"L10989"	
"509.8372"	"509.83697"	"18"	""		"25493.733"	"45102.381"	"3d2.(1D).4s.4p.(3P*)"	"3P*"	"2"	"3d2.4s.(2D).5s"	"3D"	"3"		""	"L10989"	
"509.9689"	"509.96852"	"4"	""		"25493.733"	"45097.323"	"3d2.(1D).4s.4p.(3P*)"	"3P*"	"2"	"3d2.4s.(2D).5s"	"3D"	"2"		""	"L10989"	
"510.1403"	"510.14014"	"7"	""		"11776.812"	"31373.807"	"3d3.(4F).4s"	"b 3F"	"4"	"3d3.(4F).4p"	"w 3G*"	"3"		""	"L10989"	
"510.3125"	"510.3125"	"43"	""		"22081.189"	"41671.567"	"3d2.(3F).4s.4p.(3P*)"	"z 1D*"	"2"	"3d3.(2D1).4s"	"1D"	"2"		""	"L10989"	
"510.5648"	"510.56518"	"2"	""		"18037.213"	"37617.894"	"3d3.(2H).4s"	"a 3H"	"4"	"3d3.(2G).4p"	"v 3G*"	"4"		""	"L10989"	
"510.9431"	"510.94316"	"220"	""		"11639.8109"	"31206.007"	"3d3.(4F).4s"	"b 3F"	"3"	"3d2.(3P).4s.4p.(3P*)"	"v 3D*"	"3"		""	"L10989"	
"511.1044"	"511.10405"	"19"	""		"25537.286"	"45097.323"	"3d2.(1D).4s.4p.(3P*)"	"3P*"	"1"	"3d2.4s.(2D).5s"	"3D"	"2"		""	"L10989"	
"511.2112"	"511.21112"	"5"	""		"25537.286"	"45093.226"	"3d2.(1D).4s.4p.(3P*)"	"3P*"	"1"	"3d2.4s.(2D).5s"	"3D"	"1"		""	"L10989"	
"511.3440"	"511.34401"	"1400"	"8.41e+06"	C+	"11639.8109"	"31190.669"	"3d3.(4F).4s"	"b 3F"	"3"	"3d2.(3P).4s.4p.(3P*)"	"v 3D*"	"2"		"T4922"	"L10989"	
"511.3909"	"511.39099"	"3"	""		"18141.265"	"37690.327"	"3d3.(2H).4s"	"a 3H"	"5"	"3d3.(2G).4p"	"v 3G*"	"5"		""	"L10989"	
"512.0415"	"512.0415"	"1500"	""		"20795.603"	"40319.829"	"3d3.(2H).4s"	"a 1H"	"5"	"3d3.(2H).4p"	"z 1I*"	"6"		""	"L10989"	
"512.1959"	"512.19651"	"5q"	""		"25574.908"	"45093.226"	"3d2.(1D).4s.4p.(3P*)"	"3P*"	"0"	"3d2.4s.(2D).5s"	"3D"	"1"		""	"L10989"	
"512.2082"	"512.20892"	"35"	""		"18037.213"	"37555.058"	"3d3.(2H).4s"	"a 3H"	"4"	"3d3.(2G).4p"	"v 3G*"	"3"		""	"L10989"	
"512.4072"	"512.40714"	"30"	""		"12118.393"	"31628.688"	"3d2.4s2"	"a 1G"	"4"	"3d3.(4F).4p"	"w 3G*"	"5"		""	"L10989"	
"512.7061"	"512.70635"	"21"	""		"21588.495"	"41087.404"	"3d2.(3F).4s.4p.(3P*)"	"z 3G*"	"4"	"3d2.4s.(2F).5s"	"e 1F"	"3"		""	"L10989"	
"512.7369"	"512.73664"	"55"	""		"18192.570"	"37690.327"	"3d3.(2H).4s"	"a 3H"	"6"	"3d3.(2G).4p"	"v 3G*"	"5"		""	"L10989"	
"513.2929"	"513.29286"	"44"	""		"18141.265"	"37617.894"	"3d3.(2H).4s"	"a 3H"	"5"	"3d3.(2G).4p"	"v 3G*"	"4"		""	"L10989"	
"514.5460"	"514.54602"	"2000"	"9.60e+06"	C+	"11776.812"	"31206.007"	"3d3.(4F).4s"	"b 3F"	"4"	"3d2.(3P).4s.4p.(3P*)"	"v 3D*"	"3"		"T4922"	"L10989"	
"514.7477"	"514.74777"	"2300"	"4.58e+05"	B'	"0.000"	"19421.580"	"3d2.4s2"	"a 3F"	"2"	"3d2.(3F).4s.4p.(3P*)"	"z 3F*"	"3"		"T8000"	"L10989"	
"515.2184"	"515.21835"	"2000"	"3.51e+05"	B	"170.1328"	"19573.974"	"3d2.4s2"	"a 3F"	"3"	"3d2.(3F).4s.4p.(3P*)"	"z 3F*"	"4"		"T8000"	"L10989"	
"517.0521"	"517.05222"	"24"	""		"18287.554"	"37622.575"	"3d3.(2G).4s"	"b 1G"	"4"	"3d.4s2.4p"	"x 1F*"	"3"		""	"L10989"	
"517.3740"	"517.37431"	"15000"	"4.23e+06"	B	"0.000"	"19322.984"	"3d2.4s2"	"a 3F"	"2"	"3d2.(3F).4s.4p.(3P*)"	"z 3F*"	"2"		"T8000"	"L10989"	
"517.8649"	"517.86517"	"36"	""		"8602.3441"	"27907.013"	"3d2.4s2"	"a 3P"	"2"	"3d2.(1D).4s.4p.(1P*)"	"y 1D*"	"2"		""	"L10989"	
"518.3177"	"518.31791"	"29"	""		"22081.189"	"41368.996"	"3d2.(3F).4s.4p.(3P*)"	"z 1D*"	"2"	"3d2.4s.(2F).5s"	"3F"	"3"		""	"L10989"	
"518.3809"	"518.38102"	"75"	""		"8602.3441"	"27887.803"	"3d2.4s2"	"a 3P"	"2"	"3d2.(3P).4s.4p.(3P*)"	"z 5P*"	"3"		""	"L10989"	
"518.6328"	"518.63252"	"120"	"3.79e+06"	B+	"17075.258"	"36351.365"	"3d2.(3F).4s.4p.(3P*)"	"z 5F*"	"4"	"3d2.4s.(4F).5s"	"e 5F"	"5"		"T6897"	"L10989"	
"518.7886"	"518.79063"	"5q"	""		"26494.330"	"45764.562"	"3d3.(4F).4p"	"y 5G*"	"2"	"3d2.4s.(4F).6s"	"h 5F"	"1"		""	"L10989"	
"518.8832"	"518.8823"	"15"	""		"22404.739"	"41671.567"	"3d2.(3F).4s.4p.(3P*)"	"z 1F*"	"3"	"3d3.(2D1).4s"	"1D"	"2"		""	"L10989"	
"518.9578"	"518.95785"	"46"	""		"18061.387"	"37325.410"	"3d3.(2P).4s"	"b 3P"	"1"	"3d3.(2D2).4p"	"w 3P*"	"2"		""	"L10989"	
"519.2969"	"519.29686"	"17000"	"3.86e+06"	B	"170.1328"	"19421.580"	"3d2.4s2"	"a 3F"	"3"	"3d2.(3F).4s.4p.(3P*)"	"z 3F*"	"3"		"T8000"	"L10989"	
"519.3875"	"519.38805"	"25q"	""		"18911.394"	"38159.461"	"3d3.(4P).4s"	"c 3P"	"2"	"3d2.(3P).4s.4p.(1P*)"	"u 3D*"	"3"		""	"L10989"	
"519.3954"	"519.39483"	"19"	""		"8492.422"	"27740.238"	"3d2.4s2"	"a 3P"	"1"	"3d2.(3P).4s.4p.(3P*)"	"z 5P*"	"2"		""	"L10989"	
"519.4034"	"519.40370"	"180"	"6.18e+06"	B+	"16961.442"	"36208.929"	"3d2.(3F).4s.4p.(3P*)"	"z 5F*"	"3"	"3d2.4s.(4F).5s"	"e 5F"	"4"		"T6897"	"L10989"	
"520.1081"	"520.10815"	"170"	"7.67e+06"	B+	"16875.124"	"36096.542"	"3d2.(3F).4s.4p.(3P*)"	"z 5F*"	"2"	"3d2.4s.(4F).5s"	"e 5F"	"3"		"T6897"	"L10989"	
"520.3117"	"520.31120"	"8"	""		"18145.286"	"37359.203"	"3d3.(2P).4s"	"b 3P"	"2"	"3d3.(4P).4p"	"y 5S*"	"2"		""	"L10989"	
"520.6085"	"520.60885"	"200"	""		"20062.886"	"39265.818"	"3d3.(2P).4s"	"a 1P"	"1"	"3d.4s2.4p"	"w 1D*"	"2"		""	"L10989"	
"520.7849"	"520.78500"	"110"	"7.08e+06"	B+	"16817.160"	"36013.597"	"3d2.(3F).4s.4p.(3P*)"	"z 5F*"	"1"	"3d2.4s.(4F).5s"	"e 5F"	"2"		"T6897"	"L10989"	
"521.0384"	"521.03843"	"21000"	"3.89e+06"	B	"386.874"	"19573.974"	"3d2.4s2"	"a 3F"	"4"	"3d2.(3F).4s.4p.(3P*)"	"z 3F*"	"4"		"T8000"	"L10989"	
"521.1215"	"521.12222"	"56q"	"3.1e+05"	D	"6742.756"	"25926.771"	"3d3.(4F).4s"	"a 5F"	"4"	"3d2.(3P).4s.4p.(3P*)"	"5D*"	"4"		"T4401n"	"L10989"	
"521.2280"	"521.22794"	"100"	""		"18145.286"	"37325.410"	"3d3.(2P).4s"	"b 3P"	"2"	"3d3.(2D2).4p"	"w 3P*"	"2"		""	"L10989"	
"521.2993"	"521.29920"	"45"	""		"17995.487"	"37172.989"	"3d3.(2P).4s"	"b 3P"	"0"	"3d3.(2D2).4p"	"w 3P*"	"1"		""	"L10989"	
"521.8085"	"521.80838"	"35"	""		"19322.984"	"38481.773"	"3d2.(3F).4s.4p.(3P*)"	"z 3F*"	"2"	"3d4"	"3D"	"1"		""	"L10989"	
"521.9629"	"521.96337"	"6"	""		"19322.984"	"38476.084"	"3d2.(3F).4s.4p.(3P*)"	"z 3F*"	"2"	"3d4"	"3D"	"2"		""	"L10989"	
"521.9699"	"521.97015"	"1100"	"2.71e+05"	C+	"170.1328"	"19322.984"	"3d2.4s2"	"a 3F"	"3"	"3d2.(3F).4s.4p.(3P*)"	"z 3F*"	"2"		"T8000"	"L10989"	
"522.0259"	"522.02587"	"11"	""		"18825.782"	"37976.589"	"3d3.(4P).4s"	"c 3P"	"1"	"3d2.(3P).4s.4p.(1P*)"	"u 3D*"	"2"		""	"L10989"	
"522.2673"	"522.26744"	"210"	"1.95e+07"	C+	"16817.160"	"35959.109"	"3d2.(3F).4s.4p.(3P*)"	"z 5F*"	"1"	"3d2.4s.(4F).5s"	"e 5F"	"1"		"T4922"	"L10989"	
"522.3621"	"522.36230"	"260"	"1.59e+07"	B+	"16875.124"	"36013.597"	"3d2.(3F).4s.4p.(3P*)"	"z 5F*"	"2"	"3d2.4s.(4F).5s"	"e 5F"	"2"		"T6897"	"L10989"	
"522.4134"	"522.41372"	"68"	""		"6661.006"	"25797.595"	"3d3.(4F).4s"	"a 5F"	"3"	"3d2.(3P).4s.4p.(3P*)"	"5D*"	"3"		""	"L10989"	
"522.4305"	"522.43049"	"950"	"3.00e+07"	B+	"17215.390"	"36351.365"	"3d2.(3F).4s.4p.(3P*)"	"z 5F*"	"5"	"3d2.4s.(4F).5s"	"e 5F"	"5"		"T6897"	"L10989"	
"522.4544"	"522.45438"	"380"	"1.82e+07"	B+	"16961.442"	"36096.542"	"3d2.(3F).4s.4p.(3P*)"	"z 5F*"	"3"	"3d2.4s.(4F).5s"	"e 5F"	"3"		"T6897"	"L10989"	
"522.4933"	"522.49340"	"630"	"2.30e+07"	B+	"17075.258"	"36208.929"	"3d2.(3F).4s.4p.(3P*)"	"z 5F*"	"4"	"3d2.4s.(4F).5s"	"e 5F"	"4"		"T6897"	"L10989"	
"522.719"	"522.71734"	"2"	""		"17075.258"	"36200.732"	"3d2.(3F).4s.4p.(3P*)"	"z 5F*"	"4"	"3d4"	"b 3G"	"5"		""	"L17997"	
"523.0972"	"523.09675"	"40"	""		"18061.387"	"37172.989"	"3d3.(2P).4s"	"b 3P"	"1"	"3d3.(2D2).4p"	"w 3P*"	"1"		""	"L10989"	
"523.3808"	"523.38101"	"60"	""		"6598.765"	"25699.987"	"3d3.(4F).4s"	"a 5F"	"2"	"3d2.(3P).4s.4p.(3P*)"	"5D*"	"2"		""	"L10989"	
"523.7537"	"523.75415"	"13"	""		"12118.393"	"31206.007"	"3d2.4s2"	"a 1G"	"4"	"3d2.(3P).4s.4p.(3P*)"	"v 3D*"	"3"		""	"L10989"	
"523.8522"	"523.85375"	"110q"	""		"16875.124"	"35959.109"	"3d2.(3F).4s.4p.(3P*)"	"z 5F*"	"2"	"3d2.4s.(4F).5s"	"e 5F"	"1"		""	"L10989"	
"523.8574"	"523.85858"	"290"	""		"6842.962"	"25926.771"	"3d3.(4F).4s"	"a 5F"	"5"	"3d2.(3P).4s.4p.(3P*)"	"5D*"	"4"		""	"L10989"	
"523.9937"	"523.99359"	"37"	""		"6556.833"	"25635.725"	"3d3.(4F).4s"	"a 5F"	"1"	"3d2.(3P).4s.4p.(3P*)"	"5D*"	"1"		""	"L10989"	
"524.3702"	"524.37005"	"7"	""		"18911.394"	"37976.589"	"3d3.(4P).4s"	"c 3P"	"2"	"3d2.(3P).4s.4p.(1P*)"	"u 3D*"	"2"		""	"L10989"	
"524.6127"	"524.61286"	"47"	""		"20209.447"	"39265.818"	"3d3.(2D2).4s"	"b 1D"	"2"	"3d.4s2.4p"	"w 1D*"	"2"		""	"L10989"	
"524.6350"	"524.63532"	"22"	""		"6556.833"	"25612.388"	"3d3.(4F).4s"	"a 5F"	"1"	"3d2.(3P).4s.4p.(3P*)"	"5D*"	"0"		""	"L10989"	
"524.6486"	"524.64964"	"4q"	""		"19421.580"	"38476.615"	"3d2.(3F).4s.4p.(3P*)"	"z 3F*"	"3"	"3d4"	"3D"	"3"		""	"L10989"	
"524.6546"	"524.65504"	"170"	""		"6742.756"	"25797.595"	"3d3.(4F).4s"	"a 5F"	"4"	"3d2.(3P).4s.4p.(3P*)"	"5D*"	"3"		""	"L10989"	
"524.6643"	"524.66426"	"53"	""		"19421.580"	"38476.084"	"3d2.(3F).4s.4p.(3P*)"	"z 3F*"	"3"	"3d4"	"3D"	"2"		""	"L10989"	
"524.7288"	"524.72895"	"160"	"1.11e+07"	B+	"16961.442"	"36013.597"	"3d2.(3F).4s.4p.(3P*)"	"z 5F*"	"3"	"3d2.4s.(4F).5s"	"e 5F"	"2"		"T6897"	"L10989"	
"524.8386"	"524.83837"	"23"	""		"15156.802"	"34204.985"	"3d3.(2G).4s"	"a 3G"	"4"	"3d2.(1G).4s.4p.(3P*)"	"v 3F*"	"4"		""	"L10989"	
"525.0924"	"525.09204"	"110"	""		"6661.006"	"25699.987"	"3d3.(4F).4s"	"a 5F"	"3"	"3d2.(3P).4s.4p.(3P*)"	"5D*"	"2"		""	"L10989"	
"525.1478"	"525.14778"	"72"	""		"6598.765"	"25635.725"	"3d3.(4F).4s"	"a 5F"	"2"	"3d2.(3P).4s.4p.(3P*)"	"5D*"	"1"		""	"L10989"	
"525.2099"	"525.20997"	"790"	"1.42e+05"	A	"386.874"	"19421.580"	"3d2.4s2"	"a 3F"	"4"	"3d2.(3F).4s.4p.(3P*)"	"z 3F*"	"3"		"T7574"	"L10989"	
"525.2378"	"525.23765"	"3"	""		"18818.099"	"37851.802"	"3d3.(4P).4s"	"c 3P"	"0"	"3d2.(3P).4s.4p.(1P*)"	"u 3D*"	"1"		""	"L10989"	
"525.3665"	"525.36674"	"23"	""		"18061.387"	"37090.413"	"3d3.(2P).4s"	"b 3P"	"1"	"3d3.(2D2).4p"	"w 3P*"	"0"		""	"L10989"	
"525.4030"	"525.40327"	"5"	""		"18145.286"	"37172.989"	"3d3.(2P).4s"	"b 3P"	"2"	"3d3.(2D2).4p"	"w 3P*"	"1"		""	"L10989"	
"525.4495"	"525.44975"	"6"	""		"18825.782"	"37851.802"	"3d3.(4P).4s"	"c 3P"	"1"	"3d2.(3P).4s.4p.(1P*)"	"u 3D*"	"1"		""	"L10989"	
"525.5806"	"525.58058"	"180"	"8.52e+06"	B+	"17075.258"	"36096.542"	"3d2.(3F).4s.4p.(3P*)"	"z 5F*"	"4"	"3d2.4s.(4F).5s"	"e 5F"	"3"		"T6897"	"L10989"	
"525.6696"	"525.66926"	"19"	""		"6556.833"	"25574.908"	"3d3.(4F).4s"	"a 5F"	"1"	"3d2.(1D).4s.4p.(3P*)"	"3P*"	"0"		""	"L10989"	
"525.7580"	"525.75795"	"43"	""		"20062.886"	"39077.753"	"3d3.(2P).4s"	"a 1P"	"1"	"3d3.(2D2).4p"	"x 1P*"	"1"		""	"L10989"	
"525.9973"	"525.99729"	"110"	"2.3e+07"	D	"22081.189"	"41087.404"	"3d2.(3F).4s.4p.(3P*)"	"z 1D*"	"2"	"3d2.4s.(2F).5s"	"e 1F"	"3"		"T4401n"	"L10989"	
"526.3483"	"526.34833"	"130"	"4.95e+06"	B+	"17215.390"	"36208.929"	"3d2.(3F).4s.4p.(3P*)"	"z 5F*"	"5"	"3d2.4s.(4F).5s"	"e 5F"	"4"		"T6897"	"L10989"	
"526.5963"	"526.59639"	"450"	""		"15220.393"	"34204.985"	"3d3.(2G).4s"	"a 3G"	"5"	"3d2.(1G).4s.4p.(3P*)"	"v 3F*"	"4"		""	"L10989"	
""	"526.64902"	"0"	"2.8e+03"	D	"6661.006"	"25643.701"	"3d3.(4F).4s"	"a 5F"	"3"	"3d3.(4F).4p"	"y 3D*"	"3"		"T3297"	""	
"526.7109"	"526.71123"	"2"	""		"6556.833"	"25537.286"	"3d3.(4F).4s"	"a 5F"	"1"	"3d2.(1D).4s.4p.(3P*)"	"3P*"	"1"		""	"L10989"	
"526.8332"	"526.83347"	"6"	""		"30060.340"	"49036.389"	"3d3.(4F).4p"	"x 5D*"	"4"	"3d2.4p2"	"h 5D"	"4"		""	"L10989"	
"526.9879"	"526.98771"	"23"	""		"15108.111"	"34078.606"	"3d3.(2G).4s"	"a 3G"	"3"	"3d2.(1G).4s.4p.(3P*)"	"v 3F*"	"3"		""	"L10989"	
"527.1609"	"527.16106"	"40"	""		"22404.739"	"41368.996"	"3d2.(3F).4s.4p.(3P*)"	"z 1F*"	"3"	"3d2.4s.(2F).5s"	"3F"	"3"		""	"L10989"	
"527.8768"	"527.87744"	"2"	""		"6598.765"	"25537.286"	"3d3.(4F).4s"	"a 5F"	"2"	"3d2.(1D).4s.4p.(3P*)"	"3P*"	"1"		""	"L10989"	
"528.2374"	"528.23764"	"300"	"2.4e+06"	D	"8492.422"	"27418.029"	"3d2.4s2"	"a 3P"	"1"	"3d2.(1D).4s.4p.(3P*)"	"x 3D*"	"2"		"T4401n"	"L10989"	
"528.3437"	"528.34381"	"350"	""		"15156.802"	"34078.606"	"3d3.(2G).4s"	"a 3G"	"4"	"3d2.(1G).4s.4p.(3P*)"	"v 3F*"	"3"		""	"L10989"	
"528.4374"	"528.43768"	"130"	""		"8436.618"	"27355.061"	"3d2.4s2"	"a 3P"	"0"	"3d2.(1D).4s.4p.(3P*)"	"x 3D*"	"1"		""	"L10989"	
"528.8794"	"528.87944"	"70"	""		"19573.974"	"38476.615"	"3d2.(3F).4s.4p.(3P*)"	"z 3F*"	"4"	"3d4"	"3D"	"3"		""	"L10989"	
"528.9267"	"528.92690"	"33"	"4.8e+04"	C	"6742.756"	"25643.701"	"3d3.(4F).4s"	"a 5F"	"4"	"3d3.(4F).4p"	"y 3D*"	"3"		"T3297"	"L10989"	
"529.0471"	"529.04746"	"4"	""		"8602.3441"	"27498.982"	"3d2.4s2"	"a 3P"	"2"	"3d2.(3F).4s.4p.(1P*)"	"y 3G*"	"3"		""	"L10989"	
"529.5775"	"529.57758"	"460"	"7.91e+05"	C+	"8602.3441"	"27480.066"	"3d2.4s2"	"a 3P"	"2"	"3d2.(1D).4s.4p.(3P*)"	"x 3D*"	"3"		"T4498"	"L10989"	
"529.7233"	"529.72294"	"260"	""		"15108.111"	"33980.653"	"3d3.(2G).4s"	"a 3G"	"3"	"3d2.(1G).4s.4p.(3P*)"	"v 3F*"	"2"		""	"L10989"	
"529.8418"	"529.84186"	"210"	""		"20209.447"	"39077.753"	"3d3.(2D2).4s"	"b 1D"	"2"	"3d3.(2D2).4p"	"x 1P*"	"1"		""	"L10989"	
"530.0010"	"530.00105"	"96"	"2.7e+06"	D	"8492.422"	"27355.061"	"3d2.4s2"	"a 3P"	"1"	"3d2.(1D).4s.4p.(3P*)"	"x 3D*"	"1"		"T4401n"	"L10989"	
"531.3236"	"531.32367"	"78"	""		"8602.3441"	"27418.029"	"3d2.4s2"	"a 3P"	"2"	"3d2.(1D).4s.4p.(3P*)"	"x 3D*"	"2"		""	"L10989"	
"532.3925"	"532.39275"	"25"	"3.5e+04"	C	"6661.006"	"25438.908"	"3d3.(4F).4s"	"a 5F"	"3"	"3d3.(4F).4p"	"y 3D*"	"2"		"T3297"	"L10989"	
"532.8735"	"532.87294"	"5"	"7.8e+05"	C	"6556.833"	"25317.814"	"3d3.(4F).4s"	"a 5F"	"1"	"3d3.(4F).4p"	"y 3D*"	"1"		"T3297"	"L10989"	
"533.1078"	"533.10777"	"7"	""		"8602.3441"	"27355.061"	"3d2.4s2"	"a 3P"	"2"	"3d2.(1D).4s.4p.(3P*)"	"x 3D*"	"1"		""	"L10989"	
"533.8305"	"533.83061"	"31"	"3.5e+05"	D	"6661.006"	"25388.331"	"3d3.(4F).4s"	"a 5F"	"3"	"3d2.(3F).4s.4p.(1P*)"	"y 3F*"	"4"		"T3297"	"L10989"	
"534.0663"	"534.06662"	"12"	"5.2e+04"	C	"6598.765"	"25317.814"	"3d3.(4F).4s"	"a 5F"	"2"	"3d3.(4F).4p"	"y 3D*"	"1"		"T3297"	"L10989"	
"534.1487"	"534.14886"	"36"	""		"24694.892"	"43411.059"	"3d2.(3F).4s.4p.(3P*)"	"z 1G*"	"4"	"3d4"	"1F"	"3"		""	"L10989"	
"534.4394"	"534.43953"	"10"	""		"27907.013"	"46613.001"	"3d2.(1D).4s.4p.(1P*)"	"y 1D*"	"2"	"3d2.4s.(2D).5s"	"1D"	"2"		""	"L10989"	
"535.1067"	"535.10672"	"160"	"3.4e+07"	D	"22404.739"	"41087.404"	"3d2.(3F).4s.4p.(3P*)"	"z 1F*"	"3"	"3d2.4s.(2F).5s"	"e 1F"	"3"		"T4401n"	"L10989"	
"536.1712"	"536.17117"	"18"	"2.3e+04"	D	"6742.756"	"25388.331"	"3d3.(4F).4s"	"a 5F"	"4"	"3d2.(3F).4s.4p.(1P*)"	"y 3F*"	"4"		"T3430,T3297"	"L10989"	
"536.6637"	"536.66387"	"50"	"8.64e+04"	C+	"6598.765"	"25227.222"	"3d3.(4F).4s"	"a 5F"	"2"	"3d2.(3F).4s.4p.(1P*)"	"y 3F*"	"3"		"T4498"	"L10989"	
"537.3151"	"537.31511"	"2"	""		"26892.936"	"45498.815"	"3d2.(1D).4s.4p.(3P*)"	"x 3F*"	"3"	"3d2.4s.(2F).4d"	"3G"	"4"		""	"L10989"	
"537.3543"	"537.35434"	"4"	""		"27025.659"	"45630.180"	"3d2.(1D).4s.4p.(3P*)"	"x 3F*"	"4"	"3d2.4s.(2F).4d"	"3G"	"5"		""	"L10989"	
"537.4810"	"537.48102"	"2"	""		"26803.420"	"45403.556"	"3d2.(1D).4s.4p.(3P*)"	"x 3F*"	"2"	"3d2.4s.(2F).4d"	"3G"	"3"		""	"L10989"	
"537.6599"	"537.65992"	"19"	""		"0.000"	"18593.947"	"3d2.4s2"	"a 3F"	"2"	"3d2.(3F).4s.4p.(3P*)"	"z 5D*"	"3"		""	"L10989"	
"538.2910"	"538.29132"	"23"	""		"15108.111"	"33680.248"	"3d3.(2G).4s"	"a 3G"	"3"	"3d3.(4F).4p"	"w 3F*"	"3"		""	"L10989"	
"538.4629"	"538.46299"	"26"	"4.0e+04"	D	"6661.006"	"25227.222"	"3d3.(4F).4s"	"a 5F"	"3"	"3d2.(3F).4s.4p.(1P*)"	"y 3F*"	"3"		"T3297"	"L10989"	
"538.9164"	"538.9156"	"61*"	""		"28896.059"	"47446.684"	"3d3.(4F).4p"	"y 5F*"	"5"	"3d2.4p2"	"g 5G"	"6"		""	"L10989"	
"538.9164"	"538.91692"	"61*"	"3.3e+05"	D	"6556.833"	"25107.411"	"3d3.(4F).4s"	"a 5F"	"1"	"3d2.(3F).4s.4p.(1P*)"	"y 3F*"	"2"		"T3430,T3297"	"L10989"	
"538.9988"	"538.99886"	"170"	""		"15108.111"	"33655.869"	"3d3.(2G).4s"	"a 3G"	"3"	"3d3.(4F).4p"	"w 3F*"	"2"		""	"L10989"	
"539.0494"	"539.04873"	"11"	""		"6556.833"	"25102.875"	"3d3.(4F).4s"	"a 5F"	"1"	"3d2.(3P).4s.4p.(3P*)"	"z 5S*"	"2"		""	"L10989"	
"539.1058"	"539.10570"	"24"	""		"15156.802"	"33700.884"	"3d3.(2G).4s"	"a 3G"	"4"	"3d3.(4F).4p"	"w 3F*"	"4"		""	"L10989"	
"539.4159"	"539.41582"	"6"	""		"18825.782"	"37359.203"	"3d3.(4P).4s"	"c 3P"	"1"	"3d3.(4P).4p"	"y 5S*"	"2"		""	"L10989"	
"539.6596"	"539.65931"	"89"	""		"0.000"	"18525.059"	"3d2.4s2"	"a 3F"	"2"	"3d2.(3F).4s.4p.(3P*)"	"z 5D*"	"2"		""	"L10989"	
"539.7062"	"539.70630"	"270"	""		"15156.802"	"33680.248"	"3d3.(2G).4s"	"a 3G"	"4"	"3d3.(4F).4p"	"w 3F*"	"3"		""	"L10989"	
"540.1380"	"540.13787"	"20"	"5.9e+04"	D	"6598.765"	"25107.411"	"3d3.(4F).4s"	"a 5F"	"2"	"3d2.(3F).4s.4p.(1P*)"	"y 3F*"	"2"		"T3430,T3297"	"L10989"	
"540.2705"	"540.27028"	"5"	""		"6598.765"	"25102.875"	"3d3.(4F).4s"	"a 5F"	"2"	"3d2.(3P).4s.4p.(3P*)"	"z 5S*"	"2"		""	"L10989"	
"540.4014"	"540.40117"	"50"	""		"18825.782"	"37325.410"	"3d3.(4P).4s"	"c 3P"	"1"	"3d3.(2D2).4p"	"w 3P*"	"2"		""	"L10989"	
"540.6185"	"540.61801"	"7"	"1.17e+07"	C+	"28788.380"	"47280.588"	"3d3.(4F).4p"	"y 5F*"	"4"	"3d2.4p2"	"g 5G"	"5"		"T6897"	"L10989"	
"540.8940"	"540.89396"	"36"	"1.28e+04"	A	"0.000"	"18482.774"	"3d2.4s2"	"a 3F"	"2"	"3d2.(3F).4s.4p.(3P*)"	"z 5D*"	"1"		"T7574"	"L10989"	
"540.9605"	"540.96078"	"390"	""		"15220.393"	"33700.884"	"3d3.(2G).4s"	"a 3G"	"5"	"3d3.(4F).4p"	"w 3F*"	"4"		""	"L10989"	
"541.2679"	"541.26673"	"7"	""		"20006.039"	"38476.084"	"3d2.(3F).4s.4p.(3P*)"	"z 3D*"	"2"	"3d4"	"3D"	"2"		""	"L10989"	
"541.9189"	"541.91915"	"13"	""		"18911.394"	"37359.203"	"3d3.(4P).4s"	"c 3P"	"2"	"3d3.(4P).4p"	"y 5S*"	"2"		""	"L10989"	
"542.2380"	"542.23813"	"6"	"1.22e+07"	C+	"28702.778"	"47139.735"	"3d3.(4F).4p"	"y 5F*"	"3"	"3d2.4p2"	"g 5G"	"4"		"T6897"	"L10989"	
"542.6248"	"542.62494"	"200"	"3.68e+04"	A	"170.1328"	"18593.947"	"3d2.4s2"	"a 3F"	"3"	"3d2.(3F).4s.4p.(3P*)"	"z 5D*"	"3"		"T7574"	"L10989"	
"542.9140"	"542.91368"	"120"	""		"18911.394"	"37325.410"	"3d3.(4P).4s"	"c 3P"	"2"	"3d3.(2D2).4p"	"w 3P*"	"2"		""	"L10989"	
"543.2334"	"543.23341"	"11"	""		"19421.580"	"37824.758"	"3d2.(3F).4s.4p.(3P*)"	"z 3F*"	"3"	"3d2.4s.(4F).5s"	"e 3F"	"4"		""	"L10989"	
"543.5839"	"543.5816"	"6q"	"1.05e+07"	C+	"28638.841"	"47030.230"	"3d3.(4F).4p"	"y 5F*"	"2"	"3d2.4p2"	"g 5G"	"3"		"T6897"	"L10989"	
"543.6717"	"543.67159"	"43"	"1.0e+05"	C	"7255.355"	"25643.701"	"3d2.4s2"	"a 1D"	"2"	"3d3.(4F).4p"	"y 3D*"	"3"		"T3430,T3297"	"L10989"	
"543.8306"	"543.83041"	"21"	""		"11531.761"	"29914.737"	"3d3.(4F).4s"	"b 3F"	"2"	"3d2.(1G).4s.4p.(3P*)"	"x 3G*"	"3"		""	"L10989"	
"543.9031"	"543.90293"	"9"	""		"11531.761"	"29912.286"	"3d3.(4F).4s"	"b 3F"	"2"	"3d2.(3F).4s.4p.(1P*)"	"w 3D*"	"3"		""	"L10989"	
"544.0509"	"544.05093"	"8"	""		"11531.761"	"29907.286"	"3d3.(4F).4s"	"b 3F"	"2"	"3d3.(4F).4p"	"x 5D*"	"2"		""	"L10989"	
"544.6619"	"544.66149"	"94*"	"2.5e+04"	C	"170.1328"	"18525.059"	"3d2.4s2"	"a 3F"	"3"	"3d2.(3F).4s.4p.(3P*)"	"z 5D*"	"2"		"T3499n"	"L10989"	
"544.6619"	"544.66257"	"94*"	""		"18818.099"	"37172.989"	"3d3.(4P).4s"	"c 3P"	"0"	"3d3.(2D2).4p"	"w 3P*"	"1"		""	"L10989"	
"544.7912"	"544.79130"	"10"	""		"20126.062"	"38476.615"	"3d2.(3F).4s.4p.(3P*)"	"z 3D*"	"3"	"3d4"	"3D"	"3"		""	"L10989"	
"544.8787"	"544.87904"	"3"	"1.27e+07"	C+	"28596.313"	"46943.911"	"3d3.(4F).4p"	"y 5F*"	"1"	"3d2.4p2"	"g 5G"	"2"		"T6897"	"L10989"	
"544.8911"	"544.89065"	"23"	""		"18825.782"	"37172.989"	"3d3.(4P).4s"	"c 3P"	"1"	"3d3.(2D2).4p"	"w 3P*"	"1"		""	"L10989"	
"544.9151"	"544.91497"	"36"	""		"11639.8109"	"29986.199"	"3d3.(4F).4s"	"b 3F"	"3"	"3d3.(4F).4p"	"x 5D*"	"3"		""	"L10989"	
"545.1935"	"545.19372"	"13"	""		"19322.984"	"37659.992"	"3d2.(3F).4s.4p.(3P*)"	"z 3F*"	"2"	"3d2.4s.(4F).5s"	"e 3F"	"3"		""	"L10989"	
"545.3639"	"545.36423"	"77"	"6.1e+05"	D	"11639.8109"	"29971.086"	"3d3.(4F).4s"	"b 3F"	"3"	"3d2.(1G).4s.4p.(3P*)"	"x 3G*"	"4"		"T4401n"	"L10989"	
"545.5957"	"545.59582"	"10"	""		"11531.761"	"29855.255"	"3d3.(4F).4s"	"b 3F"	"2"	"3d3.(4F).4p"	"x 5D*"	"1"		""	"L10989"	
"545.6896"	"545.68933"	"12"	""		"20795.603"	"39115.957"	"3d3.(2H).4s"	"a 1H"	"5"	"3d3.(2H).4p"	"x 3H*"	"4"		""	"L10989"	
"545.9679"	"545.96815"	"4"	""		"8492.422"	"26803.420"	"3d2.4s2"	"a 3P"	"1"	"3d2.(1D).4s.4p.(3P*)"	"x 3F*"	"2"		""	"L10989"	
"546.0498"	"546.04980"	"310"	"4.50e+04"	A	"386.874"	"18695.134"	"3d2.4s2"	"a 3F"	"4"	"3d2.(3F).4s.4p.(3P*)"	"z 5D*"	"4"		"T7574"	"L10989"	
"546.5771"	"546.57728"	"8"	""		"8602.3441"	"26892.936"	"3d2.4s2"	"a 3P"	"2"	"3d2.(1D).4s.4p.(3P*)"	"x 3F*"	"3"		""	"L10989"	
"546.6006"	"546.60076"	"12"	""		"26803.420"	"45093.226"	"3d2.(1D).4s.4p.(3P*)"	"x 3F*"	"2"	"3d2.4s.(2D).5s"	"3D"	"1"		""	"L10989"	
"546.8361"	"546.83621"	"7"	""		"7255.355"	"25537.286"	"3d2.4s2"	"a 1D"	"2"	"3d2.(1D).4s.4p.(3P*)"	"3P*"	"1"		""	"L10989"	
"547.0454"	"547.04582"	"15"	""		"11639.8109"	"29914.737"	"3d3.(4F).4s"	"b 3F"	"3"	"3d2.(1G).4s.4p.(3P*)"	"x 3G*"	"3"		""	"L10989"	
"547.1197"	"547.11920"	"85"	"1.3e+06"	D	"11639.8109"	"29912.286"	"3d3.(4F).4s"	"b 3F"	"3"	"3d2.(3F).4s.4p.(1P*)"	"w 3D*"	"3"		"T4401n"	"L10989"	
"547.2687"	"547.26896"	"56"	""		"11639.8109"	"29907.286"	"3d3.(4F).4s"	"b 3F"	"3"	"3d3.(4F).4p"	"x 5D*"	"2"		""	"L10989"	
"547.3544"	"547.35418"	"35"	""		"18825.782"	"37090.413"	"3d3.(4P).4s"	"c 3P"	"1"	"3d3.(2D2).4p"	"w 3P*"	"0"		""	"L10989"	
"547.4223"	"547.42230"	"170"	"1.2e+06"	D	"11776.812"	"30039.170"	"3d3.(4F).4s"	"b 3F"	"4"	"3d2.(1G).4s.4p.(3P*)"	"x 3G*"	"5"		"T4401n"	"L10989"	
"547.4451"	"547.44517"	"48"	""		"18911.394"	"37172.989"	"3d3.(4P).4s"	"c 3P"	"2"	"3d3.(2D2).4p"	"w 3P*"	"1"		""	"L10989"	
"547.7693"	"547.76946"	"260"	""		"19573.974"	"37824.758"	"3d2.(3F).4s.4p.(3P*)"	"z 3F*"	"4"	"3d2.4s.(4F).5s"	"e 3F"	"4"		""	"L10989"	
"548.0177"	"548.01824"	"2"	""		"25797.595"	"44040.0941"	"3d2.(3P).4s.4p.(3P*)"	"5D*"	"3"	"3d3.(4F).4d"	"5F"	"4"		""	"L10989"	
"548.1409"	"548.14104"	"190"	""		"19421.580"	"37659.992"	"3d2.(3F).4s.4p.(3P*)"	"z 3F*"	"3"	"3d2.4s.(4F).5s"	"e 3F"	"3"		""	"L10989"	
"548.1859"	"548.18607"	"120"	""		"11531.761"	"29768.675"	"3d3.(4F).4s"	"b 3F"	"2"	"3d2.(3F).4s.4p.(1P*)"	"w 3D*"	"2"		""	"L10989"	
"548.6088"	"548.60822"	"5"	""		"27498.982"	"45721.863"	"3d2.(3F).4s.4p.(1P*)"	"y 3G*"	"3"	"3d2.4s.(2F).4d"	"f 3H"	"4"		""	"L10989"	
"548.7604"	"548.75921"	"4q"	""		"27614.679"	"45832.546"	"3d2.(3F).4s.4p.(1P*)"	"y 3G*"	"4"	"3d2.4s.(2F).4d"	"f 3H"	"5"		""	"L10989"	
"548.8193"	"548.81913"	"140"	""		"19322.984"	"37538.862"	"3d2.(3F).4s.4p.(3P*)"	"z 3F*"	"2"	"3d2.4s.(4F).5s"	"e 3F"	"2"		""	"L10989"	
"548.9873"	"548.9873"	"5"	""		"27750.135"	"45960.432"	"3d2.(3F).4s.4p.(1P*)"	"y 3G*"	"5"	"3d2.4s.(2F).4d"	"f 3H"	"6"		""	"L10989"	
"549.0148"	"549.01477"	"330"	"3.69e+06"	C+	"11776.812"	"29986.199"	"3d3.(4F).4s"	"b 3F"	"4"	"3d3.(4F).4p"	"x 5D*"	"3"		"T4922"	"L10989"	
"549.0848"	"549.08454"	"69"	"1.4e+04"	C	"386.874"	"18593.947"	"3d2.4s2"	"a 3F"	"4"	"3d2.(3F).4s.4p.(3P*)"	"z 5D*"	"3"		"T3499n"	"L10989"	
"549.1657"	"549.16556"	"18"	""		"26892.936"	"45097.323"	"3d2.(1D).4s.4p.(3P*)"	"x 3F*"	"3"	"3d2.4s.(2D).5s"	"3D"	"2"		""	"L10989"	
"549.4121"	"549.41232"	"3"	""		"25926.771"	"44122.9818"	"3d2.(3P).4s.4p.(3P*)"	"5D*"	"4"	"3d3.(4F).4d"	"5F"	"5"		""	"L10989"	
"549.4720"	"549.47081"	"6"	""		"11776.812"	"29971.086"	"3d3.(4F).4s"	"b 3F"	"4"	"3d2.(1G).4s.4p.(3P*)"	"x 3G*"	"4"		""	"L10989"	
"549.7942"	"549.79478"	"11q"	"6.2e+04"	C	"7255.355"	"25438.908"	"3d2.4s2"	"a 1D"	"2"	"3d3.(4F).4p"	"y 3D*"	"2"		"T3297"	"L10989"	
"550.3897"	"550.38953"	"210"	"2.6e+07"	D	"20795.603"	"38959.507"	"3d3.(2H).4s"	"a 1H"	"5"	"3d3.(2G).4p"	"x 1G*"	"4"		"T4401n"	"L10989"	
"551.1778"	"551.17787"	"76"	""		"11776.812"	"29914.737"	"3d3.(4F).4s"	"b 3F"	"4"	"3d2.(1G).4s.4p.(3P*)"	"x 3G*"	"3"		""	"L10989"	
"551.2524"	"551.25236"	"940"	""		"11776.812"	"29912.286"	"3d3.(4F).4s"	"b 3F"	"4"	"3d2.(3F).4s.4p.(1P*)"	"w 3D*"	"3"		""	"L10989"	
"551.4343"	"551.43434"	"630"	""		"11531.761"	"29661.250"	"3d3.(4F).4s"	"b 3F"	"2"	"3d2.(3F).4s.4p.(1P*)"	"w 3D*"	"1"		""	"L10989"	
"551.4532"	"551.45335"	"930"	""		"11639.8109"	"29768.675"	"3d3.(4F).4s"	"b 3F"	"3"	"3d2.(3F).4s.4p.(1P*)"	"w 3D*"	"2"		""	"L10989"	
"551.8058"	"551.80589"	"15"	""		"19421.580"	"37538.862"	"3d2.(3F).4s.4p.(3P*)"	"z 3F*"	"3"	"3d2.4s.(4F).5s"	"e 3F"	"2"		""	"L10989"	
"552.7595"	"552.75977"	"13"	""		"19573.974"	"37659.992"	"3d2.(3F).4s.4p.(3P*)"	"z 3F*"	"4"	"3d2.4s.(4F).5s"	"e 3F"	"3"		""	"L10989"	
"553.0435"	"553.0440"	"23"	""		"27025.659"	"45102.381"	"3d2.(1D).4s.4p.(3P*)"	"x 3F*"	"4"	"3d2.4s.(2D).5s"	"3D"	"3"		""	"L10989"	
"553.7857"	"553.78529"	"2"	""		"21588.495"	"39641.021"	"3d2.(3F).4s.4p.(3P*)"	"z 3G*"	"4"	"3d3.(4F).5s"	"f 3F"	"3"		""	"L10989"	
"553.9794"	"553.97893"	"3"	""		"21739.707"	"39785.923"	"3d2.(3F).4s.4p.(3P*)"	"z 3G*"	"5"	"3d3.(4F).5s"	"f 3F"	"4"		""	"L10989"	
""	"556.27074"	"0"	"4.2e+04"	D	"7255.355"	"25227.222"	"3d2.4s2"	"a 1D"	"2"	"3d2.(3F).4s.4p.(1P*)"	"y 3F*"	"3"		"T3297"	""	
"556.5473"	"556.54735"	"340"	""		"18037.213"	"36000.148"	"3d3.(2H).4s"	"a 3H"	"4"	"3d2.(1G).4s.4p.(1P*)"	"y 1G*"	"4"		""	"L10989"	
"557.8557"	"557.85662"	"3"	""		"12118.393"	"30039.170"	"3d2.4s2"	"a 1G"	"4"	"3d2.(1G).4s.4p.(3P*)"	"x 3G*"	"5"		""	"L10989"	
"559.5108"	"559.51046"	"2"	""		"12118.393"	"29986.199"	"3d2.4s2"	"a 1G"	"4"	"3d3.(4F).4p"	"x 5D*"	"3"		""	"L10989"	
"559.8017"	"559.80190"	"2"	""		"25107.411"	"42965.9148"	"3d2.(3F).4s.4p.(1P*)"	"y 3F*"	"2"	"3d4"	"3F1"	"3"		""	"L10989"	
"560.0038"	"560.00410"	"7"	"1.9e+04"	D	"7255.355"	"25107.411"	"3d2.4s2"	"a 1D"	"2"	"3d2.(3F).4s.4p.(1P*)"	"y 3F*"	"2"		"T3297"	"L10989"	
"560.0785"	"560.07861"	"9"	""		"25107.411"	"42957.092"	"3d2.(3F).4s.4p.(1P*)"	"y 3F*"	"2"	"3d4"	"3F1"	"2"		""	"L10989"	
"560.1465"	"560.14642"	"4"	""		"7255.355"	"25102.875"	"3d2.4s2"	"a 1D"	"2"	"3d2.(3P).4s.4p.(3P*)"	"z 5S*"	"2"		""	"L10989"	
"561.8346"	"561.83460"	"5"	""		"12118.393"	"29912.286"	"3d2.4s2"	"a 1G"	"4"	"3d2.(3F).4s.4p.(1P*)"	"w 3D*"	"3"		""	"L10989"	
"562.2015"	"562.20178"	"3"	""		"25227.222"	"43009.4937"	"3d2.(3F).4s.4p.(1P*)"	"y 3F*"	"3"	"3d4"	"3F1"	"4"		""	"L10989"	
"563.0371"	"563.03708"	"3"	""		"25102.875"	"42858.7661"	"3d2.(3P).4s.4p.(3P*)"	"z 5S*"	"2"	"3d2.4s.(4F).4d"	"e 5P"	"3"		""	"L10989"	
"563.5828"	"563.58297"	"12"	""		"25227.222"	"42965.9148"	"3d2.(3F).4s.4p.(1P*)"	"y 3F*"	"3"	"3d4"	"3F1"	"3"		""	"L10989"	
"563.5993"	"563.59974"	"5"	""		"27355.061"	"45093.226"	"3d2.(1D).4s.4p.(3P*)"	"x 3D*"	"1"	"3d2.4s.(2D).5s"	"3D"	"1"		""	"L10989"	
"564.4133"	"564.41339"	"790"	""		"18287.554"	"36000.148"	"3d3.(2G).4s"	"b 1G"	"4"	"3d2.(1G).4s.4p.(1P*)"	"y 1G*"	"4"		""	"L10989"	
"564.8562"	"564.85661"	"150"	"1.3e+07"	D	"20126.062"	"37824.758"	"3d2.(3F).4s.4p.(3P*)"	"z 3D*"	"3"	"3d2.4s.(4F).5s"	"e 3F"	"4"		"T4401n"	"L10989"	
"565.4765"	"565.4765"	"7"	""		"27418.029"	"45097.323"	"3d2.(1D).4s.4p.(3P*)"	"x 3D*"	"2"	"3d2.4s.(2D).5s"	"3D"	"2"		""	"L10989"	
"565.6079"	"565.60759"	"3"	""		"27418.029"	"45093.226"	"3d2.(1D).4s.4p.(3P*)"	"x 3D*"	"2"	"3d2.4s.(2D).5s"	"3D"	"1"		""	"L10989"	
"565.9095"	"565.90967"	"20"	""		"7255.355"	"24921.117"	"3d2.4s2"	"a 1D"	"2"	"3d2.(3P).4s.4p.(3P*)"	"z 3S*"	"1"		""	"L10989"	
"566.2148"	"566.21516"	"350"	"1.94e+07"	B+	"18695.134"	"36351.365"	"3d2.(3F).4s.4p.(3P*)"	"z 5D*"	"4"	"3d2.4s.(4F).5s"	"e 5F"	"5"		"T6897"	"L10989"	
"566.2881"	"566.28822"	"110"	""		"20006.039"	"37659.992"	"3d2.(3F).4s.4p.(3P*)"	"z 3D*"	"2"	"3d2.4s.(4F).5s"	"e 3F"	"3"		""	"L10989"	
"566.7592"	"566.75935"	"9"	""		"25317.814"	"42957.092"	"3d3.(4F).4p"	"y 3D*"	"1"	"3d4"	"3F1"	"2"		""	"L10989"	
"567.3047"	"567.3049"	"11"	""		"27480.066"	"45102.381"	"3d2.(1D).4s.4p.(3P*)"	"x 3D*"	"3"	"3d2.4s.(2D).5s"	"3D"	"3"		""	"L10989"	
"567.3419"	"567.34201"	"20"	""		"25388.331"	"43009.4937"	"3d2.(3F).4s.4p.(1P*)"	"y 3F*"	"4"	"3d4"	"3F1"	"4"		""	"L10989"	
"567.4679"	"567.4678"	"3"	""		"27480.066"	"45097.323"	"3d2.(1D).4s.4p.(3P*)"	"x 3D*"	"3"	"3d2.4s.(2D).5s"	"3D"	"2"		""	"L10989"	
"567.5409"	"567.54108"	"230"	"1.56e+07"	B+	"18593.947"	"36208.929"	"3d2.(3F).4s.4p.(3P*)"	"z 5D*"	"3"	"3d2.4s.(4F).5s"	"e 5F"	"4"		"T6897"	"L10989"	
"567.9914"	"567.99170"	"72"	"1.1e+07"	D	"19937.855"	"37538.862"	"3d2.(3F).4s.4p.(3P*)"	"z 3D*"	"1"	"3d2.4s.(4F).5s"	"e 3F"	"2"		"T4401n"	"L10989"	
"568.9459"	"568.94606"	"160"	"1.28e+07"	B+	"18525.059"	"36096.542"	"3d2.(3F).4s.4p.(3P*)"	"z 5D*"	"2"	"3d2.4s.(4F).5s"	"e 5F"	"3"		"T6897"	"L10989"	
"569.8401"	"569.8403"	"5"	""		"18141.265"	"35685.174"	"3d3.(2H).4s"	"a 3H"	"5"	"3d3.(2G).4p"	"y 3H*"	"6"		""	"L10989"	
"570.1641"	"570.16461"	"7"	""		"20126.062"	"37659.992"	"3d2.(3F).4s.4p.(3P*)"	"z 3D*"	"3"	"3d2.4s.(4F).5s"	"e 3F"	"3"		""	"L10989"	
"570.2005"	"570.20061"	"9"	""		"20006.039"	"37538.862"	"3d2.(3F).4s.4p.(3P*)"	"z 3D*"	"2"	"3d2.4s.(4F).5s"	"e 3F"	"2"		""	"L10989"	
"570.2659"	"570.26566"	"100"	"1.04e+07"	B+	"18482.774"	"36013.597"	"3d2.(3F).4s.4p.(3P*)"	"z 5D*"	"1"	"3d2.4s.(4F).5s"	"e 5F"	"2"		"T6897"	"L10989"	
"570.3897"	"570.38982"	"8"	""		"25438.908"	"42965.9148"	"3d3.(4F).4p"	"y 3D*"	"2"	"3d4"	"3F1"	"3"		""	"L10989"	
"570.5385"	"570.53865"	"3"	""		"18037.213"	"35559.648"	"3d3.(2H).4s"	"a 3H"	"4"	"3d3.(2G).4p"	"y 3H*"	"5"		""	"L10989"	
"570.6768"	"570.67710"	"3"	""		"25438.908"	"42957.092"	"3d3.(4F).4p"	"y 3D*"	"2"	"3d4"	"3F1"	"2"		""	"L10989"	
"570.8198"	"570.82011"	"52"	"3.43e+06"	B+	"18695.134"	"36208.929"	"3d2.(3F).4s.4p.(3P*)"	"z 5D*"	"4"	"3d2.4s.(4F).5s"	"e 5F"	"4"		"T6897"	"L10989"	
"570.9904"	"570.99026"	"2"	""		"25102.875"	"42611.4510"	"3d2.(3P).4s.4p.(3P*)"	"z 5S*"	"2"	"3d2.4s.(4F).4d"	"e 5P"	"1"		""	"L10989"	
"571.1853"	"571.18539"	"77"	"5.99e+06"	B+	"18593.947"	"36096.542"	"3d2.(3F).4s.4p.(3P*)"	"z 5D*"	"3"	"3d2.4s.(4F).5s"	"e 5F"	"3"		"T6897"	"L10989"	
"571.3881"	"571.3881"	"51"	""		"18462.722"	"35959.109"	"3d2.(3F).4s.4p.(3P*)"	"z 5D*"	"0"	"3d2.4s.(4F).5s"	"e 5F"	"1"		""	"L10989"	
"571.5114"	"571.5116"	"200"	""		"18192.570"	"35685.174"	"3d3.(2H).4s"	"a 3H"	"6"	"3d3.(2G).4p"	"y 3H*"	"6"		""	"L10989"	
"571.6442"	"571.64450"	"74"	"7.70e+06"	B+	"18525.059"	"36013.597"	"3d2.(3F).4s.4p.(3P*)"	"z 5D*"	"2"	"3d2.4s.(4F).5s"	"e 5F"	"2"		"T6897"	"L10989"	
"572.0435"	"572.04366"	"51"	"8.6e+06"	D	"18482.774"	"35959.109"	"3d2.(3F).4s.4p.(3P*)"	"z 5D*"	"1"	"3d2.4s.(4F).5s"	"e 5F"	"1"		"T4401n"	"L10989"	
"572.3375"	"572.33743"	"2"	""		"25438.908"	"42906.2727"	"3d3.(4F).4p"	"y 3D*"	"2"	"3d2.4s.(4F).4d"	"3D"	"3"		""	"L10989"	
"573.1113"	"573.11179"	"4"	""		"17995.487"	"35439.251"	"3d3.(2P).4s"	"b 3P"	"0"	"3d2.(3P).4s.4p.(1P*)"	"y 3S*"	"1"		""	"L10989"	
"573.4192"	"573.41977"	"2"	""		"25797.595"	"43231.9903"	"3d2.(3P).4s.4p.(3P*)"	"5D*"	"3"	"3d2.4s.(4F).4d"	"g 5F"	"4"		""	"L10989"	
"573.4310"	"573.43112"	"9"	""		"18525.059"	"35959.109"	"3d2.(3F).4s.4p.(3P*)"	"z 5D*"	"2"	"3d2.4s.(4F).5s"	"e 5F"	"1"		""	"L10989"	
"573.9049"	"573.90516"	"9"	"8.50e+05"	B	"18593.947"	"36013.597"	"3d2.(3F).4s.4p.(3P*)"	"z 5D*"	"3"	"3d2.4s.(4F).5s"	"e 5F"	"2"		"T6897"	"L10989"	
"573.9468"	"573.94690"	"170"	"4.6e+06"	D	"18141.265"	"35559.648"	"3d3.(2H).4s"	"a 3H"	"5"	"3d3.(2G).4p"	"y 3H*"	"5"		"T4401n"	"L10989"	
"573.9978"	"573.99778"	"82"	"4.8e+06"	D	"18037.213"	"35454.052"	"3d3.(2H).4s"	"a 3H"	"4"	"3d3.(2G).4p"	"y 3H*"	"4"		"T4401n"	"L10989"	
"574.1197"	"574.1201"	"17"	""		"20209.447"	"37622.575"	"3d3.(2D2).4s"	"b 1D"	"2"	"3d.4s2.4p"	"x 1F*"	"3"		""	"L10989"	
"574.1394"	"574.13951"	"2"	""		"25493.733"	"42906.2727"	"3d2.(1D).4s.4p.(3P*)"	"3P*"	"2"	"3d2.4s.(4F).4d"	"3D"	"3"		""	"L10989"	
"574.4462"	"574.44646"	"4"	""		"25926.771"	"43330.0066"	"3d2.(3P).4s.4p.(3P*)"	"5D*"	"4"	"3d2.4s.(4F).4d"	"g 5F"	"5"		""	"L10989"	
"574.5065"	"574.50679"	"5"	"3.11e+05"	C+	"18695.134"	"36096.542"	"3d2.(3F).4s.4p.(3P*)"	"z 5D*"	"4"	"3d2.4s.(4F).5s"	"e 5F"	"3"		"T6897"	"L10989"	
"575.1749"	"575.17527"	"3"	""		"26494.330"	"43875.514"	"3d3.(4F).4p"	"y 5G*"	"2"	"3d3.(4F).4d"	"5F"	"1"		""	"L10989"	
"575.2853"	"575.28515"	"11"	""		"18061.387"	"35439.251"	"3d3.(2P).4s"	"b 3P"	"1"	"3d2.(3P).4s.4p.(1P*)"	"y 3S*"	"1"		""	"L10989"	
"575.6424"	"575.64244"	"7"	""		"18192.570"	"35559.648"	"3d3.(2H).4s"	"a 3H"	"6"	"3d3.(2G).4p"	"y 3H*"	"5"		""	"L10989"	
"575.6848"	"575.68505"	"18"	""		"25643.701"	"43009.4937"	"3d3.(4F).4p"	"y 3D*"	"3"	"3d4"	"3F1"	"4"		""	"L10989"	
"576.2209"	"576.22086"	"5"	""		"26564.400"	"43914.0450"	"3d3.(4F).4p"	"y 5G*"	"3"	"3d3.(4F).4d"	"5F"	"2"		""	"L10989"	
"576.2284"	"576.22863"	"50"	""		"26494.330"	"43843.741"	"3d3.(4F).4p"	"y 5G*"	"2"	"3d3.(4F).4d"	"f 5H"	"3"		""	"L10989"	
"576.3547"	"576.35487"	"6"	""		"20209.447"	"37555.058"	"3d3.(2D2).4s"	"b 1D"	"2"	"3d3.(2G).4p"	"v 3G*"	"3"		""	"L10989"	
"576.6326"	"576.63266"	"61"	""		"26564.400"	"43901.6548"	"3d3.(4F).4p"	"y 5G*"	"3"	"3d3.(4F).4d"	"f 5H"	"4"		""	"L10989"	
"576.6561"	"576.65599"	"3"	""		"25317.814"	"42654.3674"	"3d3.(4F).4p"	"y 3D*"	"1"	"3d2.4s.(4F).4d"	"3D"	"1"		""	"L10989"	
"576.8322"	"576.83190"	"3"	""		"25438.908"	"42770.1745"	"3d3.(4F).4p"	"y 3D*"	"2"	"3d2.4s.(4F).4d"	"3D"	"2"		""	"L10989"	
"577.1334"	"577.13336"	"5"	""		"25643.701"	"42965.9148"	"3d3.(4F).4p"	"y 3D*"	"3"	"3d4"	"3F1"	"3"		""	"L10989"	
"577.4026"	"577.40280"	"75"	"5.5e+07"	D	"26657.416"	"43971.5467"	"3d3.(4F).4p"	"y 5G*"	"4"	"3d3.(4F).4d"	"f 5H"	"5"		"T4401n"	"L10989"	
"577.4475"	"577.44761"	"7"	""		"18141.265"	"35454.052"	"3d3.(2H).4s"	"a 3H"	"5"	"3d3.(2G).4p"	"y 3H*"	"4"		""	"L10989"	
"577.4663"	"577.46619"	"6"	""		"26657.416"	"43969.6460"	"3d3.(4F).4p"	"y 5G*"	"4"	"3d3.(4F).4d"	"5F"	"3"		""	"L10989"	
"578.0760"	"578.07609"	"23"	""		"18145.286"	"35439.251"	"3d3.(2P).4s"	"b 3P"	"2"	"3d2.(3P).4s.4p.(1P*)"	"y 3S*"	"1"		""	"L10989"	
"578.5652"	"578.56534"	"10"	""		"26564.400"	"43843.741"	"3d3.(4F).4p"	"y 5G*"	"3"	"3d3.(4F).4d"	"f 5H"	"3"		""	"L10989"	
"578.5977"	"578.59795"	"90"	"6.1e+07"	D	"26772.968"	"44051.3351"	"3d3.(4F).4p"	"y 5G*"	"5"	"3d3.(4F).4d"	"f 5H"	"6"		"T4401n"	"L10989"	
"578.8080"	"578.80809"	"4"	""		"18287.554"	"35559.648"	"3d3.(2G).4s"	"b 1G"	"4"	"3d3.(2G).4p"	"y 3H*"	"5"		""	"L10989"	
"578.9748"	"578.97462"	"8"	""		"26772.968"	"44040.0941"	"3d3.(4F).4p"	"y 5G*"	"5"	"3d3.(4F).4d"	"5F"	"4"		""	"L10989"	
"579.1274"	"579.12737"	"4"	""		"25643.701"	"42906.2727"	"3d3.(4F).4p"	"y 3D*"	"3"	"3d2.4s.(4F).4d"	"3D"	"3"		""	"L10989"	
"579.7430"	"579.74307"	"16"	""		"26657.416"	"43901.6548"	"3d3.(4F).4p"	"y 5G*"	"4"	"3d3.(4F).4d"	"f 5H"	"4"		""	"L10989"	
"580.4262"	"580.42601"	"98"	"6.8e+07"	D	"26910.709"	"44134.658"	"3d3.(4F).4p"	"y 5G*"	"6"	"3d3.(4F).4d"	"f 5H"	"7"		"T4401n"	"L10989"	
"580.7123"	"580.71225"	"2"	""		"25438.908"	"42654.3674"	"3d3.(4F).4p"	"y 3D*"	"2"	"3d2.4s.(4F).4d"	"3D"	"1"		""	"L10989"	
"580.8198"	"580.81976"	"8"	""		"26910.709"	"44122.9818"	"3d3.(4F).4p"	"y 5G*"	"6"	"3d3.(4F).4d"	"5F"	"5"		""	"L10989"	
"580.9788"	"580.97866"	"3"	""		"8492.422"	"25699.987"	"3d2.4s2"	"a 3P"	"1"	"3d2.(3P).4s.4p.(3P*)"	"5D*"	"2"		""	"L10989"	
"581.2820"	"581.28223"	"17"	""		"26772.968"	"43971.5467"	"3d3.(4F).4p"	"y 5G*"	"5"	"3d3.(4F).4d"	"f 5H"	"5"		""	"L10989"	
"581.3946"	"581.39473"	"19"	""		"8602.3441"	"25797.595"	"3d2.4s2"	"a 3P"	"2"	"3d2.(3P).4s.4p.(3P*)"	"5D*"	"3"		""	"L10989"	
"582.3686"	"582.36854"	"65"	""		"18287.554"	"35454.052"	"3d3.(2G).4s"	"b 1G"	"4"	"3d3.(2G).4p"	"y 3H*"	"4"		""	"L10989"	
"583.1936"	"583.19372"	"7"	""		"26494.330"	"43636.5388"	"3d3.(4F).4p"	"y 5G*"	"2"	"3d3.(4F).4d"	"5G"	"3"		""	"L10989"	
"583.2473"	"583.24757"	"13"	""		"26910.709"	"44051.3351"	"3d3.(4F).4p"	"y 5G*"	"6"	"3d3.(4F).4d"	"f 5H"	"6"		""	"L10989"	
"583.4522"	"583.45206"	"11"	""		"26564.400"	"43699.0187"	"3d3.(4F).4p"	"y 5G*"	"3"	"3d3.(4F).4d"	"5G"	"4"		""	"L10989"	
"583.7294"	"583.72954"	"4"	""		"25643.701"	"42770.1745"	"3d3.(4F).4p"	"y 3D*"	"3"	"3d2.4s.(4F).4d"	"3D"	"2"		""	"L10989"	
"583.7996"	"583.79957"	"15"	""		"26657.416"	"43781.8353"	"3d3.(4F).4p"	"y 5G*"	"4"	"3d3.(4F).4d"	"5G"	"5"		""	"L10989"	
"583.9514"	"583.95143"	"12"	""		"8492.422"	"25612.388"	"3d2.4s2"	"a 3P"	"1"	"3d2.(3P).4s.4p.(3P*)"	"5D*"	"0"		""	"L10989"	
"583.9760"	"583.97596"	""	""		"11776.812"	"28896.059"	"3d3.(4F).4s"	"b 3F"	"4"	"3d3.(4F).4p"	"y 5F*"	"5"		""	"L9190"	
"584.1173"	"584.11736"	"15"	""		"26772.968"	"43888.0708"	"3d3.(4F).4p"	"y 5G*"	"5"	"3d3.(4F).4d"	"5G"	"6"		""	"L10989"	
"584.6103"	"584.61042"	"3"	""		"8436.618"	"25537.286"	"3d2.4s2"	"a 3P"	"0"	"3d2.(1D).4s.4p.(3P*)"	"3P*"	"1"		""	"L10989"	
"584.7087"	"584.70882"	"10"	""		"26494.330"	"43592.1203"	"3d3.(4F).4p"	"y 5G*"	"2"	"3d3.(4F).4d"	"5G"	"2"		""	"L10989"	
"585.2324"	"585.23267"	"27"	""		"8492.422"	"25574.908"	"3d2.4s2"	"a 3P"	"1"	"3d2.(1D).4s.4p.(3P*)"	"3P*"	"0"		""	"L10989"	
"585.5873"	"585.58737"	"9"	""		"26564.400"	"43636.5388"	"3d3.(4F).4p"	"y 5G*"	"3"	"3d3.(4F).4d"	"5G"	"3"		""	"L10989"	
"586.5244"	"586.52442"	"7"	""		"8492.422"	"25537.286"	"3d2.4s2"	"a 3P"	"1"	"3d2.(1D).4s.4p.(3P*)"	"3P*"	"1"		""	"L10989"	
"586.6362"	"586.63667"	"24"	""		"26657.416"	"43699.0187"	"3d3.(4F).4p"	"y 5G*"	"4"	"3d3.(4F).4d"	"5G"	"4"		""	"L10989"	
"586.6449"	"586.64513"	"1100"	"4.00e+06"	C+	"8602.3441"	"25643.701"	"3d2.4s2"	"a 3P"	"2"	"3d3.(4F).4p"	"y 3D*"	"3"		"T4294"	"L10989"	
"586.9195"	"586.91983"	"3"	""		"8602.3441"	"25635.725"	"3d2.4s2"	"a 3P"	"2"	"3d2.(3P).4s.4p.(3P*)"	"5D*"	"1"		""	"L10989"	
"587.1146"	"587.11495"	"2"	""		"26564.400"	"43592.1203"	"3d3.(4F).4p"	"y 5G*"	"3"	"3d3.(4F).4d"	"5G"	"2"		""	"L10989"	
"587.2425"	"587.24330"	"2q"	""		"25699.987"	"42723.9855"	"3d2.(3P).4s.4p.(3P*)"	"5D*"	"2"	"3d2.4s.(4F).4d"	"e 5P"	"2"		""	"L10989"	
"587.7657"	"587.76573"	"14"	""		"26772.968"	"43781.8353"	"3d3.(4F).4p"	"y 5G*"	"5"	"3d3.(4F).4d"	"5G"	"5"		""	"L10989"	
"588.0268"	"588.02696"	"140"	"3.48e+05"	C+	"8492.422"	"25493.733"	"3d2.4s2"	"a 3P"	"1"	"3d2.(1D).4s.4p.(3P*)"	"3P*"	"2"		"T4498"	"L10989"	
"588.8574"	"588.85647"	"23q"	""		"26910.709"	"43888.0708"	"3d3.(4F).4p"	"y 5G*"	"6"	"3d3.(4F).4d"	"5G"	"6"		""	"L10989"	
"588.9813"	"588.98178"	"2"	""		"18061.387"	"35035.137"	"3d3.(2P).4s"	"b 3P"	"1"	"3d2.(3P).4s.4p.(3P*)"	"x 1D*"	"2"		""	"L10989"	
"589.4092"	"589.40917"	"3"	""		"0.000"	"16961.442"	"3d2.4s2"	"a 3F"	"2"	"3d2.(3F).4s.4p.(3P*)"	"z 5F*"	"3"		""	"L10989"	
"589.9291"	"589.92936"	"670"	"2.69e+06"	C+	"8492.422"	"25438.908"	"3d2.4s2"	"a 3P"	"1"	"3d3.(4F).4p"	"y 3D*"	"2"		"T4294"	"L10989"	
"590.3315"	"590.33150"	"150"	"4.57e+05"	C+	"8602.3441"	"25537.286"	"3d2.4s2"	"a 3P"	"2"	"3d2.(1D).4s.4p.(3P*)"	"3P*"	"1"		"T4498"	"L10989"	
"590.4334"	"590.43424"	"5q"	""		"25926.771"	"42858.7661"	"3d2.(3P).4s.4p.(3P*)"	"5D*"	"4"	"3d2.4s.(4F).4d"	"e 5P"	"3"		""	"L10989"	
"590.6296"	"590.62974"	"3"	""		"25797.595"	"42723.9855"	"3d2.(3P).4s.4p.(3P*)"	"5D*"	"3"	"3d2.4s.(4F).4d"	"e 5P"	"2"		""	"L10989"	
"590.6420"	"590.64160"	"2"	""		"26772.968"	"43699.0187"	"3d3.(4F).4p"	"y 5G*"	"5"	"3d3.(4F).4d"	"5G"	"4"		""	"L10989"	
""	"590.64456"	"0"	"6.7e+05"	D	"11776.812"	"28702.778"	"3d3.(4F).4s"	"b 3F"	"4"	"3d3.(4F).4p"	"y 5F*"	"3"		"T4401n"	""	
"591.3723"	"591.37272"	"15"	""		"170.1328"	"17075.258"	"3d2.4s2"	"a 3F"	"3"	"3d2.(3F).4s.4p.(3P*)"	"z 5F*"	"4"		""	"L10989"	
"591.8534"	"591.85363"	"300"	"1.3e+06"	C	"8602.3441"	"25493.733"	"3d2.4s2"	"a 3P"	"2"	"3d2.(1D).4s.4p.(3P*)"	"3P*"	"2"		"T3430"	"L10989"	
"591.9070"	"591.90752"	"6"	""		"18145.286"	"35035.137"	"3d3.(2P).4s"	"b 3P"	"2"	"3d2.(3P).4s.4p.(3P*)"	"x 1D*"	"2"		""	"L10989"	
"592.2108"	"592.21100"	"310"	"2.17e+06"	C+	"8436.618"	"25317.814"	"3d2.4s2"	"a 3P"	"0"	"3d3.(4F).4p"	"y 3D*"	"1"		"T4294,T4498"	"L10989"	
"593.7807"	"593.78091"	"99"	"4.9e+05"	C	"8602.3441"	"25438.908"	"3d2.4s2"	"a 3P"	"2"	"3d3.(4F).4p"	"y 3D*"	"2"		"T3430,T3297"	"L10989"	
"594.0646"	"594.06487"	"24"	""		"386.874"	"17215.390"	"3d2.4s2"	"a 3F"	"4"	"3d2.(3F).4s.4p.(3P*)"	"z 5F*"	"5"		""	"L10989"	
"594.1750"	"594.17517"	"230"	"1.9e+06"	C	"8492.422"	"25317.814"	"3d2.4s2"	"a 3P"	"1"	"3d3.(4F).4p"	"y 3D*"	"1"		"T3297"	"L10989"	
"594.4658"	"594.46603"	"19"	""		"0.000"	"16817.160"	"3d2.4s2"	"a 3F"	"2"	"3d2.(3F).4s.4p.(3P*)"	"z 5F*"	"1"		""	"L10989"	
"595.3157"	"595.3159"	"1400"	"6.79e+06"	C+	"15220.393"	"32013.544"	"3d3.(2G).4s"	"a 3G"	"5"	"3d2.(1G).4s.4p.(3P*)"	"z 3H*"	"6"		"T4922"	"L10989"	
"595.7361"	"595.73569"	"10"	""		"25388.331"	"42169.6496"	"3d2.(3F).4s.4p.(1P*)"	"y 3F*"	"4"	"3d2.4s.(4F).4d"	"3G"	"5"		""	"L10989"	
"595.8746"	"595.87516"	"3"	"1.19e+05"	C+	"19573.974"	"36351.365"	"3d2.(3F).4s.4p.(3P*)"	"z 3F*"	"4"	"3d2.4s.(4F).5s"	"e 5F"	"5"		"T6897"	"L10989"	
"596.4461"	"596.44707"	"2q"	""		"25227.222"	"41988.5259"	"3d2.(3F).4s.4p.(1P*)"	"y 3F*"	"3"	"3d2.4s.(4F).4d"	"g 3F"	"3"		""	"L10989"	
"596.4802"	"596.48030"	"4"	""		"25107.411"	"41867.7812"	"3d2.(3F).4s.4p.(1P*)"	"y 3F*"	"2"	"3d2.4s.(4F).4d"	"3G"	"3"		""	"L10989"	
"596.5825"	"596.58285"	"1200"	"6.64e+06"	C+	"15156.802"	"31914.291"	"3d3.(2G).4s"	"a 3G"	"4"	"3d2.(1G).4s.4p.(3P*)"	"z 3H*"	"5"		"T4922"	"L10989"	
"596.9138"	"596.91363"	"7"	""		"25227.222"	"41975.4249"	"3d2.(3F).4s.4p.(1P*)"	"y 3F*"	"3"	"3d2.4s.(4F).4d"	"3G"	"4"		""	"L10989"	
"597.1175"	"597.11760"	"13"	""		"19322.984"	"36065.466"	"3d2.(3F).4s.4p.(3P*)"	"z 3F*"	"2"	"3d4"	"b 3G"	"3"		""	"L10989"	
"597.8539"	"597.8541"	"1000"	"6.62e+06"	C+	"15108.111"	"31829.969"	"3d3.(2G).4s"	"a 3G"	"3"	"3d2.(1G).4s.4p.(3P*)"	"z 3H*"	"4"		"T4922"	"L10989"	
"597.9657"	"597.96615"	"2"	""		"25388.331"	"42107.0545"	"3d2.(3F).4s.4p.(1P*)"	"y 3F*"	"4"	"3d2.4s.(4F).4d"	"g 3F"	"4"		""	"L10989"	
"598.0822"	"598.08255"	"9"	""		"8602.3441"	"25317.814"	"3d2.4s2"	"a 3P"	"2"	"3d3.(4F).4p"	"y 3D*"	"1"		""	"L10989"	
"598.2530"	"598.25316"	"17"	""		"19421.580"	"36132.283"	"3d2.(3F).4s.4p.(3P*)"	"z 3F*"	"3"	"3d4"	"b 3G"	"4"		""	"L10989"	
"598.4576"	"598.45772"	"20"	""		"170.1328"	"16875.124"	"3d2.4s2"	"a 3F"	"3"	"3d2.(3F).4s.4p.(3P*)"	"z 5F*"	"2"		""	"L10989"	
"598.8551"	"598.8554"	"51"	""		"15220.393"	"31914.291"	"3d3.(2G).4s"	"a 3G"	"5"	"3d2.(1G).4s.4p.(3P*)"	"z 3H*"	"5"		""	"L10989"	
"599.0526"	"599.05327"	"2"	""		"386.874"	"17075.258"	"3d2.4s2"	"a 3F"	"4"	"3d2.(3F).4s.4p.(3P*)"	"z 5F*"	"4"		""	"L10989"	
"599.5662"	"599.56631"	"19"	""		"24694.892"	"41368.996"	"3d2.(3F).4s.4p.(3P*)"	"z 1G*"	"4"	"3d2.4s.(2F).5s"	"3F"	"3"		""	"L10989"	
"599.5996"	"599.6000"	"51"	""		"15156.802"	"31829.969"	"3d3.(2G).4s"	"a 3G"	"4"	"3d2.(1G).4s.4p.(3P*)"	"z 3H*"	"4"		""	"L10989"	
"599.9008"	"599.90116"	"20"	""		"17540.188"	"34204.985"	"3d3.(2D2).4s"	"a 3D"	"3"	"3d2.(1G).4s.4p.(3P*)"	"v 3F*"	"4"		""	"L10989"	
"599.9657"	"599.96579"	"140"	""		"18037.213"	"34700.215"	"3d3.(2H).4s"	"a 3H"	"4"	"3d3.(2G).4p"	"z 1H*"	"5"		""	"L10989"	
"600.2630"	"600.26306"	"15"	""		"17423.856"	"34078.606"	"3d3.(2D2).4s"	"a 3D"	"2"	"3d2.(1G).4s.4p.(3P*)"	"v 3F*"	"3"		""	"L10989"	
"601.2727"	"601.27364"	"22q"	""		"19573.974"	"36200.732"	"3d2.(3F).4s.4p.(3P*)"	"z 3F*"	"4"	"3d4"	"b 3G"	"5"		""	"L10989"	
"601.3413"	"601.34164"	"15"	"2.1e+04"	D	"8602.3441"	"25227.222"	"3d2.4s2"	"a 3P"	"2"	"3d2.(3F).4s.4p.(1P*)"	"y 3F*"	"3"		"T3297"	"L10989"	
"601.4765"	"601.47644"	"3"	""		"18818.099"	"35439.251"	"3d3.(4P).4s"	"c 3P"	"0"	"3d2.(3P).4s.4p.(1P*)"	"y 3S*"	"1"		""	"L10989"	
"601.6994"	"601.69955"	"4"	"8.6e+03"	D	"8492.422"	"25107.411"	"3d2.4s2"	"a 3P"	"1"	"3d2.(3F).4s.4p.(1P*)"	"y 3F*"	"2"		"T3297"	"L10989"	
"601.7545"	"601.75460"	"7"	""		"18825.782"	"35439.251"	"3d3.(4P).4s"	"c 3P"	"1"	"3d2.(3P).4s.4p.(1P*)"	"y 3S*"	"1"		""	"L10989"	
"601.8394"	"601.83955"	"13"	""		"17369.529"	"33980.653"	"3d3.(2D2).4s"	"a 3D"	"1"	"3d2.(1G).4s.4p.(3P*)"	"v 3F*"	"2"		""	"L10989"	
"601.8636"	"601.86386"	"21"	""		"8492.422"	"25102.875"	"3d2.4s2"	"a 3P"	"1"	"3d2.(3P).4s.4p.(3P*)"	"z 5S*"	"2"		""	"L10989"	
"603.1668"	"603.16695"	"12"	""		"386.874"	"16961.442"	"3d2.4s2"	"a 3F"	"4"	"3d2.(3F).4s.4p.(3P*)"	"z 5F*"	"3"		""	"L10989"	
"604.8717"	"604.87163"	"5"	""		"18911.394"	"35439.251"	"3d3.(4P).4s"	"c 3P"	"2"	"3d2.(3P).4s.4p.(1P*)"	"y 3S*"	"1"		""	"L10989"	
"605.7067"	"605.70684"	"5"	""		"8602.3441"	"25107.411"	"3d2.4s2"	"a 3P"	"2"	"3d2.(3F).4s.4p.(1P*)"	"y 3F*"	"2"		""	"L10989"	
"605.8731"	"605.87335"	"7"	""		"8602.3441"	"25102.875"	"3d2.4s2"	"a 3P"	"2"	"3d2.(3P).4s.4p.(3P*)"	"z 5S*"	"2"		""	"L10989"	
"606.4623"	"606.46260"	"250"	"6.88e+05"	C+	"8436.618"	"24921.117"	"3d2.4s2"	"a 3P"	"0"	"3d2.(3P).4s.4p.(3P*)"	"z 3S*"	"1"		"T4498"	"L10989"	
"606.9271"	"606.92699"	"2"	""		"15156.802"	"31628.688"	"3d3.(2G).4s"	"a 3G"	"4"	"3d3.(4F).4p"	"w 3G*"	"5"		""	"L10989"	
"608.5225"	"608.52261"	"620"	""		"8492.422"	"24921.117"	"3d2.4s2"	"a 3P"	"1"	"3d2.(3P).4s.4p.(3P*)"	"z 3S*"	"1"		""	"L10989"	
"609.1169"	"609.11710"	"360"	"6.17e+06"	C+	"18287.554"	"34700.215"	"3d3.(2G).4s"	"b 1G"	"4"	"3d3.(2G).4p"	"z 1H*"	"5"		"T4922"	"L10989"	
"609.2790"	"609.27918"	"53"	"6.83e+05"	C+	"15220.393"	"31628.688"	"3d3.(2G).4s"	"a 3G"	"5"	"3d3.(4F).4p"	"w 3G*"	"5"		"T4922"	"L10989"	
"609.8657"	"609.86581"	"96"	"2.5e+07"	D	"24694.892"	"41087.404"	"3d2.(3F).4s.4p.(3P*)"	"z 1G*"	"4"	"3d2.4s.(2F).5s"	"e 1F"	"3"		"T4401n"	"L10989"	
"610.2809"	"610.28080"	"2"	""		"15108.111"	"31489.476"	"3d3.(2G).4s"	"a 3G"	"3"	"3d3.(4F).4p"	"w 3G*"	"4"		""	"L10989"	
"612.0999"	"612.10019"	"45"	""		"15156.802"	"31489.476"	"3d3.(2G).4s"	"a 3G"	"4"	"3d3.(4F).4p"	"w 3G*"	"4"		""	"L10989"	
"612.6214"	"612.62161"	"860"	"2.23e+06"	C+	"8602.3441"	"24921.117"	"3d2.4s2"	"a 3P"	"2"	"3d2.(3P).4s.4p.(3P*)"	"z 3S*"	"1"		"T4498"	"L10989"	
"613.2781"	"613.2783"	"5"	""		"27498.172"	"43799.471"	"3d3.(2F).4s"	"1F"	"3"	"3d3.(2D2).4p"	"u 1D*"	"2"		""	"L10989"	
"613.8415"	"613.84161"	"30"	""		"17369.529"	"33655.869"	"3d3.(2D2).4s"	"a 3D"	"1"	"3d3.(4F).4p"	"w 3F*"	"2"		""	"L10989"	
"614.5633"	"614.56378"	"2"	""		"11639.8109"	"27907.013"	"3d3.(4F).4s"	"b 3F"	"3"	"3d2.(1D).4s.4p.(1P*)"	"y 1D*"	"2"		""	"L10989"	
"614.6207"	"614.62068"	"34"	""		"15108.111"	"31373.807"	"3d3.(2G).4s"	"a 3G"	"3"	"3d3.(4F).4p"	"w 3G*"	"3"		""	"L10989"	
"614.7758"	"614.77606"	"3"	""		"25107.411"	"41368.996"	"3d2.(3F).4s.4p.(1P*)"	"y 3F*"	"2"	"3d2.4s.(2F).5s"	"3F"	"3"		""	"L10989"	
"614.9170"	"614.91711"	"4"	""		"25926.771"	"42184.6261"	"3d2.(3P).4s.4p.(3P*)"	"5D*"	"4"	"3d2.4s.(4F).4d"	"e 5D"	"4"		""	"L10989"	
"614.9725"	"614.97245"	"46"	""		"17423.856"	"33680.248"	"3d3.(2D2).4s"	"a 3D"	"2"	"3d3.(4F).4p"	"w 3F*"	"3"		""	"L10989"	
"615.0634"	"615.06352"	"3"	""		"25227.222"	"41481.207"	"3d2.(3F).4s.4p.(1P*)"	"y 3F*"	"3"	"3d2.4s.(2F).5s"	"3F"	"4"		""	"L10989"	
"615.7343"	"615.73487"	"9"	""		"21588.495"	"37824.758"	"3d2.(3F).4s.4p.(3P*)"	"z 3G*"	"4"	"3d2.4s.(4F).5s"	"e 3F"	"4"		""	"L10989"	
"615.8961"	"615.89609"	"6"	""		"17423.856"	"33655.869"	"3d3.(2D2).4s"	"a 3D"	"2"	"3d3.(4F).4p"	"w 3F*"	"2"		""	"L10989"	
"617.4751"	"617.47513"	"9"	""		"21469.488"	"37659.992"	"3d2.(3F).4s.4p.(3P*)"	"z 3G*"	"3"	"3d2.4s.(4F).5s"	"e 3F"	"3"		""	"L10989"	
"618.6138"	"618.61406"	"64"	""		"17540.188"	"33700.884"	"3d3.(2D2).4s"	"a 3D"	"3"	"3d3.(4F).4p"	"w 3F*"	"4"		""	"L10989"	
"619.3390"	"619.33923"	"16"	""		"25227.222"	"41368.996"	"3d2.(3F).4s.4p.(1P*)"	"y 3F*"	"3"	"3d2.4s.(2F).5s"	"3F"	"3"		""	"L10989"	
"619.4050"	"619.40500"	"6"	""		"17540.188"	"33680.248"	"3d3.(2D2).4s"	"a 3D"	"3"	"3d3.(4F).4p"	"w 3F*"	"3"		""	"L10989"	
"620.0317"	"620.0318"	"2"	""		"18911.394"	"35035.137"	"3d3.(4P).4s"	"c 3P"	"2"	"3d2.(3P).4s.4p.(3P*)"	"x 1D*"	"2"		""	"L10989"	
"620.0747"	"620.0750"	"4"	""		"22404.739"	"38527.359"	"3d2.(3F).4s.4p.(3P*)"	"z 1F*"	"3"	"3d4"	"1G2"	"4"		""	"L10989"	
"620.1239"	"620.1245"	"3q"	""		"18825.782"	"34947.116"	"3d3.(4P).4s"	"c 3P"	"1"	"3d2.(3P).4s.4p.(3P*)"	"y 1P*"	"1"		""	"L10989"	
"620.5224"	"620.52260"	"22"	""		"11776.812"	"27887.803"	"3d3.(4F).4s"	"b 3F"	"4"	"3d2.(3P).4s.4p.(3P*)"	"z 5P*"	"3"		""	"L10989"	
"620.9291"	"620.92974"	"7"	""		"11639.8109"	"27740.238"	"3d3.(4F).4s"	"b 3F"	"3"	"3d2.(3P).4s.4p.(3P*)"	"z 5P*"	"2"		""	"L10989"	
"621.2211"	"621.22110"	"24"	""		"25388.331"	"41481.207"	"3d2.(3F).4s.4p.(1P*)"	"y 3F*"	"4"	"3d2.4s.(2F).5s"	"3F"	"4"		""	"L10989"	
"621.2739"	"621.27410"	"3"	""		"25102.875"	"41194.378"	"3d2.(3P).4s.4p.(3P*)"	"z 5S*"	"2"	"3d2.4s.(2F).5s"	"3F"	"2"		""	"L10989"	
"621.4494"	"621.44928"	"13"	""		"25107.411"	"41194.378"	"3d2.(3F).4s.4p.(1P*)"	"y 3F*"	"2"	"3d2.4s.(2F).5s"	"3F"	"2"		""	"L10989"	
"621.5230"	"621.52331"	"200"	""		"21739.707"	"37824.758"	"3d2.(3F).4s.4p.(3P*)"	"z 3G*"	"5"	"3d2.4s.(4F).5s"	"e 3F"	"4"		""	"L10989"	
"622.0472"	"622.04748"	"150"	"1.8e+07"	D	"21588.495"	"37659.992"	"3d2.(3F).4s.4p.(3P*)"	"z 3G*"	"4"	"3d2.4s.(4F).5s"	"e 3F"	"3"		"T4401n"	"L10989"	
"622.1296"	"622.12966"	"120"	""		"21469.488"	"37538.862"	"3d2.(3F).4s.4p.(3P*)"	"z 3G*"	"3"	"3d2.4s.(4F).5s"	"e 3F"	"2"		""	"L10989"	
"622.1430"	"622.1433"	"3"	""		"29768.675"	"45837.698"	"3d2.(3F).4s.4p.(1P*)"	"w 3D*"	"2"	"3d2.4s.(2F).4d"	"3F"	"3"		""	"L10989"	
"624.0964"	"624.0967"	"2"	""		"29912.286"	"45931.013"	"3d2.(3F).4s.4p.(1P*)"	"w 3D*"	"3"	"3d2.4s.(2F).4d"	"3F"	"4"		""	"L10989"	
"625.7802"	"625.78027"	"12"	""		"0.000"	"15975.631"	"3d2.4s2"	"a 3F"	"2"	"3d2.(3F).4s.4p.(3P*)"	"z 5G*"	"3"		""	"L10989"	
"625.8099"	"625.81016"	"1600"	"8.36e+06"	C+	"11639.8109"	"27614.679"	"3d3.(4F).4s"	"b 3F"	"3"	"3d2.(3F).4s.4p.(1P*)"	"y 3G*"	"4"		"T4922"	"L10989"	
"625.8705"	"625.87069"	"2200"	"8.9e+06"	C	"11776.812"	"27750.135"	"3d3.(4F).4s"	"b 3F"	"4"	"3d2.(3F).4s.4p.(1P*)"	"y 3G*"	"5"		"T3297,T3928"	"L10989"	
"626.1096"	"626.10988"	"1200"	"8.07e+06"	C+	"11531.761"	"27498.982"	"3d3.(4F).4s"	"b 3F"	"2"	"3d2.(3F).4s.4p.(1P*)"	"y 3G*"	"3"		"T4922"	"L10989"	
"626.4808"	"626.48097"	"8"	""		"14028.436"	"29986.199"	"3d3.(4P).4s"	"a 5P"	"2"	"3d3.(4F).4p"	"x 5D*"	"3"		""	"L10989"	
"626.6009"	"626.60100"	"16"	""		"14105.634"	"30060.340"	"3d3.(4P).4s"	"a 5P"	"3"	"3d3.(4F).4p"	"x 5D*"	"4"		""	"L10989"	
"626.8522"	"626.85250"	"41"	""		"11531.761"	"27480.066"	"3d3.(4F).4s"	"b 3F"	"2"	"3d2.(1D).4s.4p.(3P*)"	"x 3D*"	"3"		""	"L10989"	
"627.3386"	"627.33876"	"12"	""		"170.1328"	"16106.076"	"3d2.4s2"	"a 3F"	"3"	"3d2.(3F).4s.4p.(3P*)"	"z 5G*"	"4"		""	"L10989"	
"627.7492"	"627.74963"	"3"	""		"13981.773"	"29907.286"	"3d3.(4P).4s"	"a 5P"	"1"	"3d3.(4F).4p"	"x 5D*"	"2"		""	"L10989"	
"629.3001"	"629.30042"	"5"	""		"11531.761"	"27418.029"	"3d3.(4F).4s"	"b 3F"	"2"	"3d2.(1D).4s.4p.(3P*)"	"x 3D*"	"2"		""	"L10989"	
"629.5253"	"629.52449"	"9*"	""		"27025.659"	"42906.2727"	"3d2.(1D).4s.4p.(3P*)"	"x 3F*"	"4"	"3d2.4s.(4F).4d"	"3D"	"3"		""	"L10989"	
"629.5253"	"629.52642"	"9*"	""		"14105.634"	"29986.199"	"3d3.(4P).4s"	"a 5P"	"3"	"3d3.(4F).4p"	"x 5D*"	"3"		""	"L10989"	
"629.5943"	"629.59441"	"6"	""		"14028.436"	"29907.286"	"3d3.(4P).4s"	"a 5P"	"2"	"3d3.(4F).4p"	"x 5D*"	"2"		""	"L10989"	
"629.6644"	"629.66456"	"43"	""		"0.000"	"15877.081"	"3d2.4s2"	"a 3F"	"2"	"3d2.(3F).4s.4p.(3P*)"	"z 5G*"	"2"		""	"L10989"	
"629.6861"	"629.68506"	"6q"	""		"25317.814"	"41194.378"	"3d3.(4F).4p"	"y 3D*"	"1"	"3d2.4s.(2F).5s"	"3F"	"2"		""	"L10989"	
"629.8073"	"629.80732"	"4"	""		"13981.773"	"29855.255"	"3d3.(4P).4s"	"a 5P"	"1"	"3d3.(4F).4p"	"x 5D*"	"1"		""	"L10989"	
"630.3355"	"630.33547"	"4"	""		"25227.222"	"41087.404"	"3d2.(3F).4s.4p.(1P*)"	"y 3F*"	"3"	"3d2.4s.(2F).5s"	"e 1F"	"3"		""	"L10989"	
"630.3754"	"630.37565"	"110"	"6.51e+05"	C+	"11639.8109"	"27498.982"	"3d3.(4F).4s"	"b 3F"	"3"	"3d2.(3F).4s.4p.(1P*)"	"y 3G*"	"3"		"T4922"	"L10989"	
"631.1281"	"631.12843"	"10"	""		"11639.8109"	"27480.066"	"3d3.(4F).4s"	"b 3F"	"3"	"3d2.(1D).4s.4p.(3P*)"	"x 3D*"	"3"		""	"L10989"	
"631.2234"	"631.22360"	"110"	"5.22e+05"	C+	"11776.812"	"27614.679"	"3d3.(4F).4s"	"b 3F"	"4"	"3d2.(3F).4s.4p.(1P*)"	"y 3G*"	"4"		"T4922"	"L10989"	
"631.2380"	"631.23799"	"8"	""		"25643.701"	"41481.207"	"3d3.(4F).4p"	"y 3D*"	"3"	"3d2.4s.(2F).5s"	"3F"	"4"		""	"L10989"	
"631.8044"	"631.80471"	"96"	""		"11531.761"	"27355.061"	"3d3.(4F).4s"	"b 3F"	"2"	"3d2.(1D).4s.4p.(3P*)"	"x 3D*"	"1"		""	"L10989"	
"632.4659"	"632.4664"	"4"	""		"25037.405"	"40844.151"	"3d3.(2F).4s"	"3F"	"4"	"3d3.(4P).4p"	"r 3D*"	"3"		""	"L10989"	
"632.5162"	"632.51632"	"28"	""		"170.1328"	"15975.631"	"3d2.4s2"	"a 3F"	"3"	"3d2.(3F).4s.4p.(3P*)"	"z 5G*"	"3"		""	"L10989"	
"633.6096"	"633.60993"	"140"	"6.01e+05"	C+	"11639.8109"	"27418.029"	"3d3.(4F).4s"	"b 3F"	"3"	"3d2.(1D).4s.4p.(3P*)"	"x 3D*"	"2"		"T4922"	"L10989"	
"634.5242"	"634.52476"	"2"	""		"25438.908"	"41194.378"	"3d3.(4F).4p"	"y 3D*"	"2"	"3d2.4s.(2F).5s"	"3F"	"2"		""	"L10989"	
"635.7423"	"635.74235"	"2*"	""		"25643.701"	"41368.996"	"3d3.(4F).4p"	"y 3D*"	"3"	"3d2.4s.(2F).5s"	"3F"	"3"		""	"L10989"	
"635.7423"	"635.7426"	"2*"	""		"33114.420"	"48839.708"	"3d3.(4P).4p"	"x 3P*"	"2"	"3d2.4p2"	"e 3D"	"3"		""	"L10989"	
"635.8685"	"635.86871"	"6"	"6.8e+04"	C	"11776.812"	"27498.982"	"3d3.(4F).4s"	"b 3F"	"4"	"3d2.(3F).4s.4p.(1P*)"	"y 3G*"	"3"		"T3297"	"L10989"	
"635.9173"	"635.91733"	"5"	""		"17369.529"	"33090.497"	"3d3.(2D2).4s"	"a 3D"	"1"	"3d3.(4P).4p"	"x 3P*"	"1"		""	"L10989"	
"635.9885"	"635.98877"	"14"	""		"386.874"	"16106.076"	"3d2.4s2"	"a 3F"	"4"	"3d2.(3F).4s.4p.(3P*)"	"z 5G*"	"4"		""	"L10989"	
"636.1335"	"636.1337"	"5"	""		"17369.529"	"33085.151"	"3d3.(2D2).4s"	"a 3D"	"1"	"3d3.(4P).4p"	"x 3P*"	"0"		""	"L10989"	
"636.4850"	"636.48495"	"5"	""		"170.1328"	"15877.081"	"3d2.4s2"	"a 3F"	"3"	"3d2.(3F).4s.4p.(3P*)"	"z 5G*"	"2"		""	"L10989"	
"636.6344"	"636.63468"	"150"	""		"11776.812"	"27480.066"	"3d3.(4F).4s"	"b 3F"	"4"	"3d2.(1D).4s.4p.(3P*)"	"x 3D*"	"3"		""	"L10989"	
"637.1495"	"637.14957"	"10"	""		"17423.856"	"33114.420"	"3d3.(2D2).4s"	"a 3D"	"2"	"3d3.(4P).4p"	"x 3P*"	"2"		""	"L10989"	
"638.1223"	"638.12251"	"9"	""		"17423.856"	"33090.497"	"3d3.(2D2).4s"	"a 3D"	"2"	"3d3.(4P).4p"	"x 3P*"	"1"		""	"L10989"	
"639.5467"	"639.54718"	"11"	"3.3e+04"	C	"12118.393"	"27750.135"	"3d2.4s2"	"a 1G"	"4"	"3d2.(3F).4s.4p.(1P*)"	"y 3G*"	"5"		"T3297"	"L10989"	
"640.7800"	"640.78003"	"3"	""		"25068.842"	"40670.509"	"3d3.(2F).4s"	"3F"	"3"	"3d3.(4P).4p"	"r 3D*"	"2"		""	"L10989"	
"641.3102"	"641.31070"	"3"	""		"386.874"	"15975.631"	"3d2.4s2"	"a 3F"	"4"	"3d2.(3F).4s.4p.(3P*)"	"z 5G*"	"3"		""	"L10989"	
"641.9087"	"641.90881"	"22"	""		"17540.188"	"33114.420"	"3d3.(2D2).4s"	"a 3D"	"3"	"3d3.(4P).4p"	"x 3P*"	"2"		""	"L10989"	
"647.9444"	"647.9442"	"3"	""		"27498.172"	"42927.337"	"3d3.(2F).4s"	"1F"	"3"	"3d3.(2P).4p"	"1D*"	"2"		""	"L10989"	
"649.7682"	"649.76838"	"43"	""		"11639.8109"	"27025.659"	"3d3.(4F).4s"	"b 3F"	"3"	"3d2.(1D).4s.4p.(3P*)"	"x 3F*"	"4"		""	"L10989"	
""	"649.99056"	"0"	"1.9e+03"	D	"12118.393"	"27498.982"	"3d2.4s2"	"a 1G"	"4"	"3d2.(3F).4s.4p.(1P*)"	"y 3G*"	"3"		"T3297"	""	
"650.8119"	"650.81205"	"37"	""		"11531.761"	"26892.936"	"3d3.(4F).4s"	"b 3F"	"2"	"3d2.(1D).4s.4p.(3P*)"	"x 3F*"	"3"		""	"L10989"	
"650.8383"	"650.83814"	"3"	"1.02e+06"	C+	"26657.416"	"42017.9751"	"3d3.(4F).4p"	"y 5G*"	"4"	"3d2.4s.(4F).4d"	"e 5H"	"5"		"T6897"	"L10989"	
"651.1675"	"651.16739"	""	"1.01e+06"	C+	"26564.400"	"41917.1924"	"3d3.(4F).4p"	"y 5G*"	"3"	"3d2.4s.(4F).4d"	"e 5H"	"4"		"T6897"	"L18003"	
"651.2531"	"651.25319"	"3"	"8.20e+05"	C+	"26772.968"	"42123.7378"	"3d3.(4F).4p"	"y 5G*"	"5"	"3d2.4s.(4F).4d"	"e 5H"	"6"		"T6897"	"L10989"	
"651.8243"	"651.82447"	"4"	""		"28702.778"	"44040.0941"	"3d3.(4F).4p"	"y 5F*"	"3"	"3d3.(4F).4d"	"5F"	"4"		""	"L10989"	
"651.9398"	"651.93984"	"2"	""		"28788.380"	"44122.9818"	"3d3.(4F).4p"	"y 5F*"	"4"	"3d3.(4F).4d"	"5F"	"5"		""	"L10989"	
"652.1013"	"652.10130"	"5"	""		"28638.841"	"43969.6460"	"3d3.(4F).4p"	"y 5F*"	"2"	"3d3.(4F).4d"	"5F"	"3"		""	"L10989"	
"652.6578"	"652.65785"	"3"	""		"28596.313"	"43914.0450"	"3d3.(4F).4p"	"y 5F*"	"1"	"3d3.(4F).4d"	"5F"	"2"		""	"L10989"	
"653.6422"	"653.64205"	"6"	"2.10e+06"	C+	"26910.709"	"42205.377"	"3d3.(4F).4p"	"y 5G*"	"6"	"3d2.4s.(4F).4d"	"e 5H"	"7"		"T6897"	"L10989"	
"654.3039"	"654.30373"	"9"	""		"28596.313"	"43875.514"	"3d3.(4F).4p"	"y 5F*"	"1"	"3d3.(4F).4d"	"5F"	"1"		""	"L10989"	
"654.4749"	"654.47494"	"12"	""		"28638.841"	"43914.0450"	"3d3.(4F).4p"	"y 5F*"	"2"	"3d3.(4F).4d"	"5F"	"2"		""	"L10989"	
"654.6266"	"654.62686"	"190"	""		"11531.761"	"26803.420"	"3d3.(4F).4s"	"b 3F"	"2"	"3d2.(1D).4s.4p.(3P*)"	"x 3F*"	"2"		""	"L10989"	
"654.8324"	"654.83230"	"18"	""		"28702.778"	"43969.6460"	"3d3.(4F).4p"	"y 5F*"	"3"	"3d3.(4F).4d"	"5F"	"3"		""	"L10989"	
"655.4222"	"655.42230"	"280"	"1.34e+06"	C+	"11639.8109"	"26892.936"	"3d3.(4F).4s"	"b 3F"	"3"	"3d2.(1D).4s.4p.(3P*)"	"x 3F*"	"3"		"T4922"	"L10989"	
"655.4826"	"655.48293"	"27"	""		"28788.380"	"44040.0941"	"3d3.(4F).4p"	"y 5F*"	"4"	"3d3.(4F).4d"	"5F"	"4"		""	"L10989"	
"655.6061"	"655.60618"	"380"	"1.45e+06"	C+	"11776.812"	"27025.659"	"3d3.(4F).4s"	"b 3F"	"4"	"3d2.(1D).4s.4p.(3P*)"	"x 3F*"	"4"		"T4922"	"L10989"	
"656.1305"	"656.13001"	"4"	""		"28638.841"	"43875.514"	"3d3.(4F).4p"	"y 5F*"	"2"	"3d3.(4F).4d"	"5F"	"1"		""	"L10989"	
"656.4256"	"656.42594"	"3"	""		"20209.447"	"35439.251"	"3d3.(2D2).4s"	"b 1D"	"2"	"3d2.(3P).4s.4p.(1P*)"	"y 3S*"	"1"		""	"L10989"	
"656.5502"	"656.55015"	"39"	""		"28896.059"	"44122.9818"	"3d3.(4F).4p"	"y 5F*"	"5"	"3d3.(4F).4d"	"5F"	"5"		""	"L10989"	
"657.2259"	"657.22589"	"6"	""		"28702.778"	"43914.0450"	"3d3.(4F).4p"	"y 5F*"	"3"	"3d3.(4F).4d"	"5F"	"2"		""	"L10989"	
"657.5164"	"657.5165"	"40"	""		"20795.603"	"36000.148"	"3d3.(2H).4s"	"a 1H"	"5"	"3d2.(1G).4s.4p.(1P*)"	"y 1G*"	"4"		""	"L10989"	
"658.5245"	"658.52470"	"6"	""		"28788.380"	"43969.6460"	"3d3.(4F).4p"	"y 5F*"	"4"	"3d3.(4F).4d"	"5F"	"3"		""	"L10989"	
"659.2914"	"659.29151"	"6"	""		"11639.8109"	"26803.420"	"3d3.(4F).4s"	"b 3F"	"3"	"3d2.(1D).4s.4p.(3P*)"	"x 3F*"	"2"		""	"L10989"	
"659.9105"	"659.91058"	"330"	"1.80e+05"	C+	"7255.355"	"22404.739"	"3d2.4s2"	"a 1D"	"2"	"3d2.(3F).4s.4p.(3P*)"	"z 1F*"	"3"		"T4498"	"L10989"	
"660.1447"	"660.14367"	"9*"	""		"28896.059"	"44040.0941"	"3d3.(4F).4p"	"y 5F*"	"5"	"3d3.(4F).4d"	"5F"	"4"		""	"L10989"	
"660.1447"	"660.14561"	"9*"	""		"27025.659"	"42169.6496"	"3d2.(1D).4s.4p.(3P*)"	"x 3F*"	"4"	"3d2.4s.(4F).4d"	"3G"	"5"		""	"L10989"	
"661.3625"	"661.36207"	"4*"	""		"20126.062"	"35242.198"	"3d2.(3F).4s.4p.(3P*)"	"z 3D*"	"3"	"3d4"	"3F2"	"4"		""	"L10989"	
"661.3625"	"661.36259"	"4*"	""		"11776.812"	"26892.936"	"3d3.(4F).4s"	"b 3F"	"4"	"3d2.(1D).4s.4p.(3P*)"	"x 3F*"	"3"		""	"L10989"	
"662.2307"	"662.2310"	"3"	""		"32857.723"	"47954.025"	"3d2.(1D).4s.4p.(1P*)"	"y 1F*"	"3"	"3d3.(2G).5s"	"1G"	"4"		""	"L10989"	
"662.2622"	"662.26223"	"6"	""		"26892.936"	"41988.5259"	"3d2.(1D).4s.4p.(3P*)"	"x 3F*"	"3"	"3d2.4s.(4F).4d"	"g 3F"	"3"		""	"L10989"	
"662.2874"	"662.2877"	"4"	""		"17995.487"	"33090.497"	"3d3.(2P).4s"	"b 3P"	"0"	"3d3.(4P).4p"	"x 3P*"	"1"		""	"L10989"	
"662.8376"	"662.83749"	"6"	""		"26892.936"	"41975.4249"	"3d2.(1D).4s.4p.(3P*)"	"x 3F*"	"3"	"3d2.4s.(4F).4d"	"3G"	"4"		""	"L10989"	
"662.8852"	"662.88555"	"7"	""		"27025.659"	"42107.0545"	"3d2.(1D).4s.4p.(3P*)"	"x 3F*"	"4"	"3d2.4s.(4F).4d"	"g 3F"	"4"		""	"L10989"	
"663.4551"	"663.45530"	"5"	""		"26803.420"	"41871.8642"	"3d2.(1D).4s.4p.(3P*)"	"x 3F*"	"2"	"3d2.4s.(4F).4d"	"g 3F"	"2"		""	"L10989"	
"663.6350"	"663.63512"	"3"	""		"26803.420"	"41867.7812"	"3d2.(1D).4s.4p.(3P*)"	"x 3F*"	"2"	"3d2.4s.(4F).4d"	"3G"	"3"		""	"L10989"	
"664.1343"	"664.13455"	"6"	""		"18061.387"	"33114.420"	"3d3.(2P).4s"	"b 3P"	"1"	"3d3.(4P).4p"	"x 3P*"	"2"		""	"L10989"	
""	"665.03555"	"0"	"3.3e+04"	C	"11531.761"	"26564.400"	"3d3.(4F).4s"	"b 3F"	"2"	"3d3.(4F).4p"	"y 5G*"	"3"		"T3297"	""	
"665.1922"	"665.19171"	"3"	""		"18061.387"	"33090.497"	"3d3.(2P).4s"	"b 3P"	"1"	"3d3.(4P).4p"	"x 3P*"	"1"		""	"L10989"	
"665.4283"	"665.4284"	"6"	""		"18061.387"	"33085.151"	"3d3.(2P).4s"	"b 3P"	"1"	"3d3.(4P).4p"	"x 3P*"	"0"		""	"L10989"	
""	"665.70131"	"0"	"5.1e+04"	C	"11639.8109"	"26657.416"	"3d3.(4F).4s"	"b 3F"	"3"	"3d3.(4F).4p"	"y 5G*"	"4"		"T3297"	""	
"666.5850"	"666.58494"	"18"	""		"28638.841"	"43636.5388"	"3d3.(4F).4p"	"y 5F*"	"2"	"3d3.(4F).4d"	"5G"	"3"		""	"L10989"	
"666.6501"	"666.64971"	"25"	""		"28702.778"	"43699.0187"	"3d3.(4F).4p"	"y 5F*"	"3"	"3d3.(4F).4d"	"5G"	"4"		""	"L10989"	
"666.655"	"666.65348"	"18w"	"3.3e+05"	C	"11776.812"	"26772.968"	"3d3.(4F).4s"	"b 3F"	"4"	"3d3.(4F).4p"	"y 5G*"	"5"		"T3297"	"L3475"	
"666.6691"	"666.66898"	"13"	""		"28596.313"	"43592.1203"	"3d3.(4F).4p"	"y 5F*"	"1"	"3d3.(4F).4d"	"5G"	"2"		""	"L10989"	
"666.7733"	"666.77356"	"29"	""		"28788.380"	"43781.8353"	"3d3.(4F).4p"	"y 5F*"	"4"	"3d3.(4F).4d"	"5G"	"5"		""	"L10989"	
"666.8375"	"666.83776"	"34"	""		"28896.059"	"43888.0708"	"3d3.(4F).4p"	"y 5F*"	"5"	"3d3.(4F).4d"	"5G"	"6"		""	"L10989"	
"667.7175"	"667.7179"	"31"	""		"20062.886"	"35035.137"	"3d3.(2P).4s"	"a 1P"	"1"	"3d2.(3P).4s.4p.(3P*)"	"x 1D*"	"2"		""	"L10989"	
"667.8569"	"667.85692"	"28"	""		"18145.286"	"33114.420"	"3d3.(2P).4s"	"b 3P"	"2"	"3d3.(4P).4p"	"x 3P*"	"2"		""	"L10989"	
"668.5645"	"668.56504"	"2"	""		"28638.841"	"43592.1203"	"3d3.(4F).4p"	"y 5F*"	"2"	"3d3.(4F).4d"	"5G"	"2"		""	"L10989"	
"668.9258"	"668.92597"	"15"	""		"18145.286"	"33090.497"	"3d3.(2P).4s"	"b 3P"	"2"	"3d3.(4P).4p"	"x 3P*"	"1"		""	"L10989"	
"669.4383"	"669.43886"	"2"	""		"28702.778"	"43636.5388"	"3d3.(4F).4p"	"y 5F*"	"3"	"3d3.(4F).4d"	"5G"	"3"		""	"L10989"	
"670.6284"	"670.62867"	"4"	""		"12118.393"	"27025.659"	"3d2.4s2"	"a 1G"	"4"	"3d2.(1D).4s.4p.(3P*)"	"x 3F*"	"4"		""	"L10989"	
"671.6665"	"671.6666"	"49"	""		"20062.886"	"34947.116"	"3d3.(2P).4s"	"a 1P"	"1"	"3d2.(3P).4s.4p.(3P*)"	"y 1P*"	"1"		""	"L10989"	
"674.3119"	"674.31217"	"630"	"6.9e+05"	D	"7255.355"	"22081.189"	"3d2.4s2"	"a 1D"	"2"	"3d2.(3F).4s.4p.(3P*)"	"z 1D*"	"2"		"T4401n"	"L10989"	
"674.3200"	"674.3187"	"54"	""		"20209.447"	"35035.137"	"3d3.(2D2).4s"	"b 1D"	"2"	"3d2.(3P).4s.4p.(3P*)"	"x 1D*"	"2"		""	"L10989"	
"674.5546"	"674.5544"	"35"	""		"18037.213"	"32857.723"	"3d3.(2H).4s"	"a 3H"	"4"	"3d2.(1D).4s.4p.(1P*)"	"y 1F*"	"3"		""	"L10989"	
"674.6330"	"674.63330"	"11"	""		"15220.393"	"30039.170"	"3d3.(2G).4s"	"a 3G"	"5"	"3d2.(1G).4s.4p.(3P*)"	"x 3G*"	"5"		""	"L10989"	
"674.8377"	"674.83791"	"4"	""		"15156.802"	"29971.086"	"3d3.(2G).4s"	"a 3G"	"4"	"3d2.(1G).4s.4p.(3P*)"	"x 3G*"	"4"		""	"L10989"	
"675.194"	"675.18694"	"0"	""		"15108.111"	"29914.737"	"3d3.(2G).4s"	"a 3G"	"3"	"3d2.(1G).4s.4p.(3P*)"	"x 3G*"	"3"		""	"L3392"	
"676.3961"	"676.39622"	"22"	""		"27750.135"	"42530.2894"	"3d2.(3F).4s.4p.(1P*)"	"y 3G*"	"5"	"3d2.4s.(4F).4d"	"3H"	"6"		""	"L10989"	
"677.6220"	"677.62217"	"17"	""		"27614.679"	"42368.0934"	"3d2.(3F).4s.4p.(1P*)"	"y 3G*"	"4"	"3d2.4s.(4F).4d"	"3H"	"5"		""	"L10989"	
"678.3461"	"678.3461"	"12"	""		"20209.447"	"34947.116"	"3d3.(2D2).4s"	"b 1D"	"2"	"3d2.(3P).4s.4p.(3P*)"	"y 1P*"	"1"		""	"L10989"	
"679.3546"	"679.35483"	"11"	""		"27498.982"	"42214.7689"	"3d2.(3F).4s.4p.(1P*)"	"y 3G*"	"3"	"3d2.4s.(4F).4d"	"3H"	"4"		""	"L10989"	
"681.1020"	"681.1022"	"3"	""		"25037.405"	"39715.439"	"3d3.(2F).4s"	"3F"	"4"	"3d3.(2D2).4p"	"s 3D*"	"3"		""	"L10989"	
"681.8112"	"681.81006"	"3q"	""		"21469.488"	"36132.283"	"3d2.(3F).4s.4p.(3P*)"	"z 3G*"	"3"	"3d4"	"b 3G"	"4"		""	"L10989"	
"683.9428"	"683.9405"	"2q"	""		"25068.842"	"39685.964"	"3d3.(2F).4s"	"3F"	"3"	"3d3.(2D2).4p"	"s 3D*"	"2"		""	"L10989"	
"684.1680"	"684.1691"	"2"	""		"21588.495"	"36200.732"	"3d2.(3F).4s.4p.(3P*)"	"z 3G*"	"4"	"3d4"	"b 3G"	"5"		""	"L10989"	
"684.9314"	"684.93125"	"31"	""		"21469.488"	"36065.466"	"3d2.(3F).4s.4p.(3P*)"	"z 3G*"	"3"	"3d4"	"b 3G"	"3"		""	"L10989"	
"686.1447"	"686.1445"	"98"	"3.7e+06"	D	"18287.554"	"32857.723"	"3d3.(2G).4s"	"b 1G"	"4"	"3d2.(1D).4s.4p.(1P*)"	"y 1F*"	"3"		"T4401n"	"L10989"	
"687.3891"	"687.38912"	"35"	""		"21588.495"	"36132.283"	"3d2.(3F).4s.4p.(3P*)"	"z 3G*"	"4"	"3d4"	"b 3G"	"4"		""	"L10989"	
"690.5616"	"690.56172"	"3"	""		"21588.495"	"36065.466"	"3d2.(3F).4s.4p.(3P*)"	"z 3G*"	"4"	"3d4"	"b 3G"	"3"		""	"L10989"	
"691.3232"	"691.3232"	"48"	""		"21739.707"	"36200.732"	"3d2.(3F).4s.4p.(3P*)"	"z 3G*"	"5"	"3d4"	"b 3G"	"5"		""	"L10989"	
"691.5854"	"691.58513"	"2"	""		"27025.659"	"41481.207"	"3d2.(1D).4s.4p.(3P*)"	"x 3F*"	"4"	"3d2.4s.(2F).5s"	"3F"	"4"		""	"L10989"	
"692.0701"	"692.07030"	"3"	""		"28702.778"	"43148.1922"	"3d3.(4F).4p"	"y 5F*"	"3"	"3d2.4s.(4F).4d"	"g 5F"	"3"		""	"L10989"	
"692.1571"	"692.15673"	"5"	""		"28788.380"	"43231.9903"	"3d3.(4F).4p"	"y 5F*"	"4"	"3d2.4s.(4F).4d"	"g 5F"	"4"		""	"L10989"	
"692.2278"	"692.22810"	"2"	""		"28638.841"	"43080.9622"	"3d3.(4F).4p"	"y 5F*"	"2"	"3d2.4s.(4F).4d"	"g 5F"	"2"		""	"L10989"	
"692.6200"	"692.62010"	"7"	""		"28896.059"	"43330.0066"	"3d3.(4F).4p"	"y 5F*"	"5"	"3d2.4s.(4F).4d"	"g 5F"	"5"		""	"L10989"	
"693.0961"	"693.09599"	"2"	""		"25102.875"	"39526.912"	"3d2.(3P).4s.4p.(3P*)"	"z 5S*"	"2"	"3d3.(4F).5s"	"f 3F"	"2"		""	"L10989"	
"693.3139"	"693.31402"	"15"	""		"25107.411"	"39526.912"	"3d2.(3F).4s.4p.(1P*)"	"y 3F*"	"2"	"3d3.(4F).5s"	"f 3F"	"2"		""	"L10989"	
"693.5882"	"693.58830"	"22"	""		"25227.222"	"39641.021"	"3d2.(3F).4s.4p.(1P*)"	"y 3F*"	"3"	"3d3.(4F).5s"	"f 3F"	"3"		""	"L10989"	
"694.3689"	"694.36905"	"26"	""		"25388.331"	"39785.923"	"3d2.(3F).4s.4p.(1P*)"	"y 3F*"	"4"	"3d3.(4F).5s"	"f 3F"	"4"		""	"L10989"	
"694.6112"	"694.61105"	"3"	""		"21739.707"	"36132.283"	"3d2.(3F).4s.4p.(3P*)"	"z 3G*"	"5"	"3d4"	"b 3G"	"4"		""	"L10989"	
"696.3767"	"696.37710"	"4"	""		"17369.529"	"31725.605"	"3d3.(2D2).4s"	"a 3D"	"1"	"3d2.(3P).4s.4p.(3P*)"	"y 3P*"	"1"		""	"L10989"	
"698.3119"	"698.3121"	"16"	""		"17369.529"	"31685.825"	"3d3.(2D2).4s"	"a 3D"	"1"	"3d2.(3P).4s.4p.(3P*)"	"y 3P*"	"0"		""	"L10989"	
"699.0226"	"699.02239"	"28"	""		"17423.856"	"31725.605"	"3d3.(2D2).4s"	"a 3D"	"2"	"3d2.(3P).4s.4p.(3P*)"	"y 3P*"	"1"		""	"L10989"	
"699.1230"	"699.12304"	"2"	""		"25227.222"	"39526.912"	"3d2.(3F).4s.4p.(1P*)"	"y 3F*"	"3"	"3d3.(4F).5s"	"f 3F"	"2"		""	"L10989"	
"699.6637"	"699.66381"	"41"	""		"18825.782"	"33114.420"	"3d3.(4P).4s"	"c 3P"	"1"	"3d3.(4P).4p"	"x 3P*"	"2"		""	"L10989"	
"699.7458"	"699.74598"	"3"	""		"11639.8109"	"25926.771"	"3d3.(4F).4s"	"b 3F"	"3"	"3d2.(3P).4s.4p.(3P*)"	"5D*"	"4"		""	"L10989"	
"700.0141"	"700.0143"	"2"	""		"19937.855"	"34219.338"	"3d2.(3F).4s.4p.(3P*)"	"z 3D*"	"1"	"3d4"	"3P2"	"0"		""	"L10989"	
"700.4601"	"700.4599"	"34"	""		"18818.099"	"33090.497"	"3d3.(4P).4s"	"c 3P"	"0"	"3d3.(4P).4p"	"x 3P*"	"1"		""	"L10989"	
"700.7954"	"700.7952"	"28"	""		"17540.188"	"31805.758"	"3d3.(2D2).4s"	"a 3D"	"3"	"3d2.(3P).4s.4p.(3P*)"	"y 3P*"	"2"		""	"L10989"	
"700.8373"	"700.83720"	"25"	""		"18825.782"	"33090.497"	"3d3.(4P).4s"	"c 3P"	"1"	"3d3.(4P).4p"	"x 3P*"	"1"		""	"L10989"	
"701.1001"	"701.1000"	"31"	""		"18825.782"	"33085.151"	"3d3.(4P).4s"	"c 3P"	"1"	"3d3.(4P).4p"	"x 3P*"	"0"		""	"L10989"	
"701.4282"	"701.42850"	"2"	""		"25388.331"	"39641.021"	"3d2.(3F).4s.4p.(1P*)"	"y 3F*"	"4"	"3d3.(4F).5s"	"f 3F"	"3"		""	"L10989"	
"703.3310"	"703.33120"	"6"	""		"7255.355"	"21469.488"	"3d2.4s2"	"a 1D"	"2"	"3d2.(3F).4s.4p.(3P*)"	"z 3G*"	"3"		""	"L10989"	
"703.5802"	"703.58042"	"23"	""		"25317.814"	"39526.912"	"3d3.(4F).4p"	"y 3D*"	"1"	"3d3.(4F).5s"	"f 3F"	"2"		""	"L10989"	
"703.8812"	"703.88122"	"100"	""		"18911.394"	"33114.420"	"3d3.(4P).4s"	"c 3P"	"2"	"3d3.(4P).4p"	"x 3P*"	"2"		""	"L10989"	
"703.9264"	"703.92647"	"25"	""		"25438.908"	"39641.021"	"3d3.(4F).4p"	"y 3D*"	"2"	"3d3.(4F).5s"	"f 3F"	"3"		""	"L10989"	
"705.0686"	"705.06881"	"32"	""		"18911.394"	"33090.497"	"3d3.(4P).4s"	"c 3P"	"2"	"3d3.(4P).4p"	"x 3P*"	"1"		""	"L10989"	
"706.1299"	"706.13052"	"3"	""		"11639.8109"	"25797.595"	"3d3.(4F).4s"	"b 3F"	"3"	"3d2.(3P).4s.4p.(3P*)"	"5D*"	"3"		""	"L10989"	
"706.5210"	"706.52102"	"40"	""		"11776.812"	"25926.771"	"3d3.(4F).4s"	"b 3F"	"4"	"3d2.(3P).4s.4p.(3P*)"	"5D*"	"4"		""	"L10989"	
"706.9073"	"706.90755"	"48"	""		"25643.701"	"39785.923"	"3d3.(4F).4p"	"y 3D*"	"3"	"3d3.(4F).5s"	"f 3F"	"4"		""	"L10989"	
"708.4244"	"708.42447"	"3"	"1.3e+04"	D	"11531.761"	"25643.701"	"3d3.(4F).4s"	"b 3F"	"2"	"3d3.(4F).4p"	"y 3D*"	"3"		"T3430,T3297"	"L10989"	
"710.9077"	"710.90795"	"13"	""		"30060.340"	"44122.9818"	"3d3.(4F).4p"	"x 5D*"	"4"	"3d3.(4F).4d"	"5F"	"5"		""	"L10989"	
"710.9218"	"710.92220"	"6"	""		"29907.286"	"43969.6460"	"3d3.(4F).4p"	"x 5D*"	"2"	"3d3.(4F).4d"	"5F"	"3"		""	"L10989"	
"711.0328"	"711.0326"	"7"	""		"11639.8109"	"25699.987"	"3d3.(4F).4s"	"b 3F"	"3"	"3d2.(3P).4s.4p.(3P*)"	"5D*"	"2"		""	"L10989"	
"711.1026"	"711.10273"	"5"	""		"29855.255"	"43914.0450"	"3d3.(4F).4p"	"x 5D*"	"1"	"3d3.(4F).4d"	"5F"	"2"		""	"L10989"	
"711.3501"	"711.35040"	"7"	""		"29986.199"	"44040.0941"	"3d3.(4F).4p"	"x 5D*"	"3"	"3d3.(4F).4d"	"5F"	"4"		""	"L10989"	
"711.7296"	"711.7299"	"3"	""		"29829.112"	"43875.514"	"3d3.(4F).4p"	"x 5D*"	"0"	"3d3.(4F).4d"	"5F"	"1"		""	"L10989"	
"713.0303"	"713.03037"	"34"	""		"11776.812"	"25797.595"	"3d3.(4F).4s"	"b 3F"	"4"	"3d2.(3P).4s.4p.(3P*)"	"5D*"	"3"		""	"L10989"	
"713.0572"	"713.0570"	"2"	""		"29855.255"	"43875.514"	"3d3.(4F).4p"	"x 5D*"	"1"	"3d3.(4F).4d"	"5F"	"1"		""	"L10989"	
"713.7436"	"713.74428"	"2"	""		"29907.286"	"43914.0450"	"3d3.(4F).4p"	"x 5D*"	"2"	"3d3.(4F).4d"	"5F"	"2"		""	"L10989"	
"713.8074"	"713.80717"	"10"	""		"11531.761"	"25537.286"	"3d3.(4F).4s"	"b 3F"	"2"	"3d2.(1D).4s.4p.(3P*)"	"3P*"	"1"		""	"L10989"	
"713.8903"	"713.89050"	"99"	"4.8e+05"	C	"11639.8109"	"25643.701"	"3d3.(4F).4s"	"b 3F"	"3"	"3d3.(4F).4p"	"y 3D*"	"3"		"T3430,T3297"	"L10989"	
"714.2252"	"714.22559"	"3"	""		"25643.701"	"39641.021"	"3d3.(4F).4p"	"y 3D*"	"3"	"3d3.(4F).5s"	"f 3F"	"3"		""	"L10989"	
"714.9345"	"714.93418"	"2"	""		"29986.199"	"43969.6460"	"3d3.(4F).4p"	"x 5D*"	"3"	"3d3.(4F).4d"	"5F"	"3"		""	"L10989"	
"715.1227"	"715.12304"	"2"	""		"30060.340"	"44040.0941"	"3d3.(4F).4p"	"x 5D*"	"4"	"3d3.(4F).4d"	"5F"	"4"		""	"L10989"	
"716.0336"	"716.03383"	"37"	""		"11531.761"	"25493.733"	"3d3.(4F).4s"	"b 3F"	"2"	"3d2.(1D).4s.4p.(3P*)"	"3P*"	"2"		""	"L10989"	
"718.8562"	"718.85661"	"72"	"4.5e+05"	C	"11531.761"	"25438.908"	"3d3.(4F).4s"	"b 3F"	"2"	"3d3.(4F).4p"	"y 3D*"	"2"		"T3430,T3297"	"L10989"	
"718.9877"	"718.9877"	"170"	""		"20795.603"	"34700.215"	"3d3.(2H).4s"	"a 1H"	"5"	"3d3.(2G).4p"	"z 1H*"	"5"		""	"L10989"	
"720.9434"	"720.94359"	"1300"	"5.8e+06"	C	"11776.812"	"25643.701"	"3d3.(4F).4s"	"b 3F"	"4"	"3d3.(4F).4p"	"y 3D*"	"3"		"T3430,T3297"	"L10989"	
"721.3348"	"721.3349"	"41"	""		"14028.436"	"27887.803"	"3d3.(4P).4s"	"a 5P"	"2"	"3d2.(3P).4s.4p.(3P*)"	"z 5P*"	"3"		""	"L10989"	
"721.6182"	"721.61838"	"320"	"1.8e+06"	D	"11639.8109"	"25493.733"	"3d3.(4F).4s"	"b 3F"	"3"	"3d2.(1D).4s.4p.(3P*)"	"3P*"	"2"		"T4401n"	"L10989"	
"722.7375"	"722.7377"	"7"	""		"24694.892"	"38527.359"	"3d2.(3F).4s.4p.(3P*)"	"z 1G*"	"4"	"3d4"	"1G2"	"4"		""	"L10989"	
"723.3300"	"723.32998"	"16"	""		"17369.529"	"31190.669"	"3d3.(2D2).4s"	"a 3D"	"1"	"3d2.(3P).4s.4p.(3P*)"	"v 3D*"	"2"		""	"L10989"	
"723.3390"	"723.3387"	"4"	""		"18192.570"	"32013.544"	"3d3.(2H).4s"	"a 3H"	"6"	"3d2.(1G).4s.4p.(3P*)"	"z 3H*"	"6"		""	"L10989"	
"723.6786"	"723.67865"	"17"	""		"17369.529"	"31184.010"	"3d3.(2D2).4s"	"a 3D"	"1"	"3d2.(3P).4s.4p.(3P*)"	"v 3D*"	"1"		""	"L10989"	
"724.3124"	"724.31234"	"10"	""		"8602.3441"	"22404.739"	"3d2.4s2"	"a 3P"	"2"	"3d2.(3F).4s.4p.(3P*)"	"z 1F*"	"3"		""	"L10989"	
"724.4853"	"724.48545"	"770"	"3.9e+06"	C	"11639.8109"	"25438.908"	"3d3.(4F).4s"	"b 3F"	"3"	"3d3.(4F).4p"	"y 3D*"	"2"		"T3430,T3297"	"L10989"	
"725.1708"	"725.17095"	"650"	"7.2e+06"	C	"11531.761"	"25317.814"	"3d3.(4F).4s"	"b 3F"	"2"	"3d3.(4F).4p"	"y 3D*"	"1"		"T3297"	"L10989"	
"725.3754"	"725.3753"	"98*"	""		"14105.634"	"27887.803"	"3d3.(4P).4s"	"a 5P"	"3"	"3d2.(3P).4s.4p.(3P*)"	"z 5P*"	"3"		""	"L10989"	
"725.3754"	"725.37626"	"98*"	""		"17423.856"	"31206.007"	"3d3.(2D2).4s"	"a 3D"	"2"	"3d2.(3P).4s.4p.(3P*)"	"v 3D*"	"3"		""	"L10989"	
"725.8567"	"725.8568"	"3"	""		"18141.265"	"31914.291"	"3d3.(2H).4s"	"a 3H"	"5"	"3d2.(1G).4s.4p.(3P*)"	"z 3H*"	"5"		""	"L10989"	
"726.1844"	"726.18442"	"26"	""		"17423.856"	"31190.669"	"3d3.(2D2).4s"	"a 3D"	"2"	"3d2.(3P).4s.4p.(3P*)"	"v 3D*"	"2"		""	"L10989"	
"726.5359"	"726.53585"	"9"	""		"17423.856"	"31184.010"	"3d3.(2D2).4s"	"a 3D"	"2"	"3d2.(3P).4s.4p.(3P*)"	"v 3D*"	"1"		""	"L10989"	
"726.6246"	"726.6250"	"42"	"1.7e+06"	D	"13981.773"	"27740.238"	"3d3.(4P).4s"	"a 5P"	"1"	"3d2.(3P).4s.4p.(3P*)"	"z 5P*"	"2"		"T4401n"	"L10989"	
"726.7932"	"726.7934"	"4"	""		"32857.723"	"46613.001"	"3d2.(1D).4s.4p.(1P*)"	"y 1F*"	"3"	"3d2.4s.(2D).5s"	"1D"	"2"		""	"L10989"	
"726.8445"	"726.84418"	"11"	""		"27614.679"	"41368.996"	"3d2.(3F).4s.4p.(1P*)"	"y 3G*"	"4"	"3d2.4s.(2F).5s"	"3F"	"3"		""	"L10989"	
"727.1505"	"727.15064"	"27"	"7.8e+04"	D	"11639.8109"	"25388.331"	"3d3.(4F).4s"	"b 3F"	"3"	"3d2.(3F).4s.4p.(1P*)"	"y 3F*"	"4"		"T3430,T3297"	"L10989"	
"727.3704"	"727.3702"	"51"	""		"18061.387"	"31805.758"	"3d3.(2P).4s"	"b 3P"	"1"	"3d2.(3P).4s.4p.(3P*)"	"y 3P*"	"2"		""	"L10989"	
"728.0748"	"728.0746"	"16"	""		"27750.135"	"41481.207"	"3d2.(3F).4s.4p.(1P*)"	"y 3G*"	"5"	"3d2.4s.(2F).5s"	"3F"	"4"		""	"L10989"	
"728.1257"	"728.1252"	"42"	""		"17995.487"	"31725.605"	"3d3.(2P).4s"	"b 3P"	"0"	"3d2.(3P).4s.4p.(3P*)"	"y 3P*"	"1"		""	"L10989"	
"728.174"	"728.1734"	"3h"	""		"35400.235"	"49129.444"	"3d4"	"3H"	"5"	"3d3.(4F<5/2>).4f"	"2[11/2]*"	"6"		""	"L3392"	
"729.0975"	"729.0979"	"7"	""		"14028.436"	"27740.238"	"3d3.(4P).4s"	"a 5P"	"2"	"3d2.(3P).4s.4p.(3P*)"	"z 5P*"	"2"		""	"L10989"	
"729.9689"	"729.96780"	"31*"	"2.1e+05"	D	"11531.761"	"25227.222"	"3d3.(4F).4s"	"b 3F"	"2"	"3d2.(3F).4s.4p.(1P*)"	"y 3F*"	"3"		"T3430,T3297"	"L10989"	
"729.9689"	"729.9713"	"31*"	""		"27498.982"	"41194.378"	"3d2.(3F).4s.4p.(1P*)"	"y 3G*"	"3"	"3d2.4s.(2F).5s"	"3F"	"2"		""	"L10989"	
"730.5989"	"730.5990"	"16"	""		"13981.773"	"27665.401"	"3d3.(4P).4s"	"a 5P"	"1"	"3d2.(3P).4s.4p.(3P*)"	"z 5P*"	"1"		""	"L10989"	
"731.5511"	"731.55115"	"62"	""		"17540.188"	"31206.007"	"3d3.(2D2).4s"	"a 3D"	"3"	"3d2.(3P).4s.4p.(3P*)"	"v 3D*"	"3"		""	"L10989"	
"731.6372"	"731.63686"	"41"	""		"18061.387"	"31725.605"	"3d3.(2P).4s"	"b 3P"	"1"	"3d2.(3P).4s.4p.(3P*)"	"y 3P*"	"1"		""	"L10989"	
"731.8376"	"731.8375"	"190"	""		"18145.286"	"31805.758"	"3d3.(2P).4s"	"b 3P"	"2"	"3d2.(3P).4s.4p.(3P*)"	"y 3P*"	"2"		""	"L10989"	
"732.3730"	"732.37314"	"11"	""		"17540.188"	"31190.669"	"3d3.(2D2).4s"	"a 3D"	"3"	"3d2.(3P).4s.4p.(3P*)"	"v 3D*"	"2"		""	"L10989"	
"733.0990"	"733.0990"	"47"	""		"14028.436"	"27665.401"	"3d3.(4P).4s"	"a 5P"	"2"	"3d2.(3P).4s.4p.(3P*)"	"z 5P*"	"1"		""	"L10989"	
"733.2260"	"733.2260"	"47"	""		"14105.634"	"27740.238"	"3d3.(4P).4s"	"a 5P"	"3"	"3d2.(3P).4s.4p.(3P*)"	"z 5P*"	"2"		""	"L10989"	
"733.7728"	"733.7731"	"40"	""		"18061.387"	"31685.825"	"3d3.(2P).4s"	"b 3P"	"1"	"3d2.(3P).4s.4p.(3P*)"	"y 3P*"	"0"		""	"L10989"	
"734.4695"	"734.46952"	"430"	"1.4e+06"	D	"11776.812"	"25388.331"	"3d3.(4F).4s"	"b 3F"	"4"	"3d2.(3F).4s.4p.(1P*)"	"y 3F*"	"4"		"T3430,T3297"	"L10989"	
"735.2119"	"735.2124"	"32"	""		"20062.886"	"33660.652"	"3d3.(2P).4s"	"a 1P"	"1"	"3d2.(1D).4s.4p.(1P*)"	"z 1P*"	"1"		""	"L10989"	
"735.6994"	"735.69927"	"4"	""		"8492.422"	"22081.189"	"3d2.4s2"	"a 3P"	"1"	"3d2.(3F).4s.4p.(3P*)"	"z 1D*"	"2"		""	"L10989"	
"735.7726"	"735.77268"	"340"	"1.33e+06"	C+	"11639.8109"	"25227.222"	"3d3.(4F).4s"	"b 3F"	"3"	"3d2.(3F).4s.4p.(1P*)"	"y 3F*"	"3"		"T4922"	"L10989"	
"736.1570"	"736.15693"	"44"	""		"18145.286"	"31725.605"	"3d3.(2P).4s"	"b 3P"	"2"	"3d2.(3P).4s.4p.(3P*)"	"y 3P*"	"1"		""	"L10989"	
"736.4099"	"736.41012"	"250"	"1.6e+06"	D	"11531.761"	"25107.411"	"3d3.(4F).4s"	"b 3F"	"2"	"3d2.(3F).4s.4p.(1P*)"	"y 3F*"	"2"		"T3430,T3297"	"L10989"	
"736.6559"	"736.65625"	"54"	""		"11531.761"	"25102.875"	"3d3.(4F).4s"	"b 3F"	"2"	"3d2.(3P).4s.4p.(3P*)"	"z 5S*"	"2"		""	"L10989"	
"739.1511"	"739.15109"	"6"	""		"12118.393"	"25643.701"	"3d2.4s2"	"a 1G"	"4"	"3d3.(4F).4p"	"y 3D*"	"3"		""	"L10989"	
"739.7489"	"739.7491"	"4"	""		"25699.987"	"39214.362"	"3d2.(3P).4s.4p.(3P*)"	"5D*"	"2"	"3d3.(4F).5s"	"f 5F"	"3"		""	"L10989"	
"739.7933"	"739.7940"	"2"	""		"25635.725"	"39149.280"	"3d2.(3P).4s.4p.(3P*)"	"5D*"	"1"	"3d3.(4F).5s"	"f 5F"	"2"		""	"L10989"	
"740.2671"	"740.2675"	"6"	""		"25797.595"	"39302.506"	"3d2.(3P).4s.4p.(3P*)"	"5D*"	"3"	"3d3.(4F).5s"	"f 5F"	"4"		""	"L10989"	
"741.2253"	"741.2273"	"3"	""		"18141.265"	"31628.688"	"3d3.(2H).4s"	"a 3H"	"5"	"3d3.(4F).4p"	"w 3G*"	"5"		""	"L10989"	
"741.3012"	"741.3014"	"9"	""		"25926.771"	"39412.846"	"3d2.(3P).4s.4p.(3P*)"	"5D*"	"4"	"3d3.(4F).5s"	"f 5F"	"5"		""	"L10989"	
"741.6989"	"741.69905"	"8"	""		"8602.3441"	"22081.189"	"3d2.4s2"	"a 3P"	"2"	"3d2.(3F).4s.4p.(3P*)"	"z 1D*"	"2"		""	"L10989"	
"742.0360"	"742.0360"	"4"	""		"27614.679"	"41087.404"	"3d2.(3F).4s.4p.(1P*)"	"y 3G*"	"4"	"3d2.4s.(2F).5s"	"e 1F"	"3"		""	"L10989"	
"742.3184"	"742.31833"	"8"	"5.5e+04"	D	"11639.8109"	"25107.411"	"3d3.(4F).4s"	"b 3F"	"3"	"3d2.(3F).4s.4p.(1P*)"	"y 3F*"	"2"		"T3430"	"L10989"	
"742.4585"	"742.45859"	"9"	""		"6661.006"	"20126.062"	"3d3.(4F).4s"	"a 5F"	"3"	"3d2.(3F).4s.4p.(3P*)"	"z 3D*"	"3"		""	"L10989"	
"743.1642"	"743.16466"	"3"	""		"18037.213"	"31489.476"	"3d3.(2H).4s"	"a 3H"	"4"	"3d3.(4F).4p"	"w 3G*"	"4"		""	"L10989"	
"743.2225"	"743.2231"	"4"	""		"20209.447"	"33660.652"	"3d3.(2D2).4s"	"b 1D"	"2"	"3d2.(1D).4s.4p.(1P*)"	"z 1P*"	"1"		""	"L10989"	
"743.2670"	"743.26705"	"5"	"6.9e+03"	D	"11776.812"	"25227.222"	"3d3.(4F).4s"	"b 3F"	"4"	"3d2.(3F).4s.4p.(1P*)"	"y 3F*"	"3"		"T3297"	"L10989"	
"743.3318"	"743.3288"	"2*"	""		"25699.987"	"39149.280"	"3d2.(3P).4s.4p.(3P*)"	"5D*"	"2"	"3d3.(4F).5s"	"f 5F"	"2"		""	"L10989"	
"743.3318"	"743.3336"	"2*"	""		"6556.833"	"20006.039"	"3d3.(4F).4s"	"a 5F"	"1"	"3d2.(3F).4s.4p.(3P*)"	"z 3D*"	"2"		""	"L10989"	
"744.0576"	"744.0577"	"68"	"2.2e+06"	D	"18192.570"	"31628.688"	"3d3.(2H).4s"	"a 3H"	"6"	"3d3.(4F).4p"	"w 3G*"	"5"		"T4401n"	"L10989"	
"745.6582"	"745.6584"	"9"	"8.00e+03"	C+	"6598.765"	"20006.039"	"3d3.(4F).4s"	"a 5F"	"2"	"3d2.(3F).4s.4p.(3P*)"	"z 3D*"	"2"		"T8000"	"L10989"	
"746.9938"	"746.99382"	"13"	"1.20e+04"	B'	"6742.756"	"20126.062"	"3d3.(4F).4s"	"a 5F"	"4"	"3d2.(3F).4s.4p.(3P*)"	"z 3D*"	"3"		"T8000"	"L10989"	
"747.4162"	"747.4166"	"2"	""		"25926.771"	"39302.506"	"3d2.(3P).4s.4p.(3P*)"	"5D*"	"4"	"3d3.(4F).5s"	"f 5F"	"4"		""	"L10989"	
"747.493"	"747.4934"	"1"	""		"25107.411"	"38481.773"	"3d2.(3F).4s.4p.(1P*)"	"y 3F*"	"2"	"3d4"	"3D"	"1"		""	"L13657"	
"748.9579"	"748.9578"	"59"	""		"18141.265"	"31489.476"	"3d3.(2H).4s"	"a 3H"	"5"	"3d3.(4F).4p"	"w 3G*"	"4"		""	"L10989"	
"749.1360"	"749.13617"	"6"	"7.00e+03"	C+	"6661.006"	"20006.039"	"3d3.(4F).4s"	"a 5F"	"3"	"3d2.(3F).4s.4p.(3P*)"	"z 3D*"	"2"		"T8000"	"L10989"	
"749.6103"	"749.61021"	"41"	""		"18037.213"	"31373.807"	"3d3.(2H).4s"	"a 3H"	"4"	"3d3.(4F).4p"	"w 3G*"	"3"		""	"L10989"	
"754.2918"	"754.2923"	"3"	""		"34700.215"	"47954.025"	"3d3.(2G).4p"	"z 1H*"	"5"	"3d3.(2G).5s"	"1G"	"4"		""	"L10989"	
"754.5742"	"754.5740"	"4"	""		"25227.222"	"38476.084"	"3d2.(3F).4s.4p.(1P*)"	"y 3F*"	"3"	"3d4"	"3D"	"2"		""	"L10989"	
"755.3967"	"755.3966"	"5"	""		"19322.984"	"32557.419"	"3d2.(3F).4s.4p.(3P*)"	"z 3F*"	"2"	"3d3.(2D1).4s"	"3D"	"1"		""	"L10989"	
"756.7821"	"756.7825"	"4"	""		"32857.723"	"46067.923"	"3d2.(1D).4s.4p.(1P*)"	"y 1F*"	"3"	"3d2.4s.(2F).4d"	"e 1G"	"4"		""	"L10989"	
"758.0265"	"758.0263"	"29"	""		"17995.487"	"31184.010"	"3d3.(2P).4s"	"b 3P"	"0"	"3d2.(3P).4s.4p.(3P*)"	"v 3D*"	"1"		""	"L10989"	
"759.4409"	"759.4408"	"6"	""		"25317.814"	"38481.773"	"3d3.(4F).4p"	"y 3D*"	"1"	"3d4"	"3D"	"1"		""	"L10989"	
"759.7699"	"759.7692"	"3"	""		"25317.814"	"38476.084"	"3d3.(4F).4p"	"y 3D*"	"1"	"3d4"	"3D"	"2"		""	"L10989"	
"761.4464"	"761.44666"	"59"	""		"18061.387"	"31190.669"	"3d3.(2P).4s"	"b 3P"	"1"	"3d2.(3P).4s.4p.(3P*)"	"v 3D*"	"2"		""	"L10989"	
"761.8048"	"761.8071"	"6"	""		"28896.059"	"42019.1293"	"3d3.(4F).4p"	"y 5F*"	"5"	"3d2.4s.(4F).4d"	"e 5G"	"6"		""	"L10989"	
"761.8331"	"761.83305"	"23"	""		"18061.387"	"31184.010"	"3d3.(2P).4s"	"b 3P"	"1"	"3d2.(3P).4s.4p.(3P*)"	"v 3D*"	"1"		""	"L10989"	
"762.0614"	"762.06157"	"2"	""		"28638.841"	"41757.529"	"3d3.(4F).4p"	"y 5F*"	"2"	"3d2.4s.(4F).4d"	"e 5G"	"3"		""	"L10989"	
"762.0825"	"762.0827"	"6"	""		"19421.580"	"32539.905"	"3d2.(3F).4s.4p.(3P*)"	"z 3F*"	"3"	"3d3.(2D1).4s"	"3D"	"2"		""	"L10989"	
"762.2159"	"762.21595"	"3"	""		"28702.778"	"41818.8088"	"3d3.(4F).4p"	"y 5F*"	"3"	"3d2.4s.(4F).4d"	"e 5G"	"4"		""	"L10989"	
"762.2677"	"762.27030"	"2q"	""		"28788.380"	"41903.4757"	"3d3.(4F).4p"	"y 5F*"	"4"	"3d2.4s.(4F).4d"	"e 5G"	"5"		""	"L10989"	
"763.8321"	"763.8318"	"6"	""		"25388.331"	"38476.615"	"3d2.(3F).4s.4p.(1P*)"	"y 3F*"	"4"	"3d4"	"3D"	"3"		""	"L10989"	
"763.9504"	"763.95039"	"9"	""		"18287.554"	"31373.807"	"3d3.(2G).4s"	"b 1G"	"4"	"3d3.(4F).4p"	"w 3G*"	"3"		""	"L10989"	
"765.4436"	"765.44382"	"99"	""		"18145.286"	"31206.007"	"3d3.(2P).4s"	"b 3P"	"2"	"3d2.(3P).4s.4p.(3P*)"	"v 3D*"	"3"		""	"L10989"	
"766.3437"	"766.34379"	"21"	""		"18145.286"	"31190.669"	"3d3.(2P).4s"	"b 3P"	"2"	"3d2.(3P).4s.4p.(3P*)"	"v 3D*"	"2"		""	"L10989"	
"766.4914"	"766.4917"	"2"	""		"25438.908"	"38481.773"	"3d3.(4F).4p"	"y 3D*"	"2"	"3d4"	"3D"	"1"		""	"L10989"	
"766.5221"	"766.52171"	"2"	""		"29914.737"	"42957.092"	"3d2.(1G).4s.4p.(3P*)"	"x 3G*"	"3"	"3d4"	"3F1"	"2"		""	"L10989"	
"766.7355"	"766.73517"	"2"	""		"18145.286"	"31184.010"	"3d3.(2P).4s"	"b 3P"	"2"	"3d2.(3P).4s.4p.(3P*)"	"v 3D*"	"1"		""	"L10989"	
"766.8250"	"766.8262"	"6q"	""		"25438.908"	"38476.084"	"3d3.(4F).4p"	"y 3D*"	"2"	"3d4"	"3D"	"2"		""	"L10989"	
"769.3254"	"769.32514"	"2"	""		"29971.086"	"42965.9148"	"3d2.(1G).4s.4p.(3P*)"	"x 3G*"	"4"	"3d4"	"3F1"	"3"		""	"L10989"	
"770.7781"	"770.77865"	"3"	""		"30039.170"	"43009.4937"	"3d2.(1G).4s.4p.(3P*)"	"x 3G*"	"5"	"3d4"	"3F1"	"4"		""	"L10989"	
"772.5496"	"772.5496"	"9"	""		"19573.974"	"32514.566"	"3d2.(3F).4s.4p.(3P*)"	"z 3F*"	"4"	"3d3.(2D1).4s"	"3D"	"3"		""	"L10989"	
"773.8954"	"773.89587"	"5"	""		"11776.812"	"24694.892"	"3d3.(4F).4s"	"b 3F"	"4"	"3d2.(3F).4s.4p.(3P*)"	"z 1G*"	"4"		""	"L10989"	
"774.5298"	"774.5299"	"3"	""		"18818.099"	"31725.605"	"3d3.(4P).4s"	"c 3P"	"0"	"3d2.(3P).4s.4p.(3P*)"	"y 3P*"	"1"		""	"L10989"	
"774.9910"	"774.9912"	"3"	""		"18825.782"	"31725.605"	"3d3.(4P).4s"	"c 3P"	"1"	"3d2.(3P).4s.4p.(3P*)"	"y 3P*"	"1"		""	"L10989"	
"775.3205"	"775.3193"	"2"	""		"18911.394"	"31805.758"	"3d3.(4P).4s"	"c 3P"	"2"	"3d2.(3P).4s.4p.(3P*)"	"y 3P*"	"2"		""	"L10989"	
"776.6325"	"776.63211"	"2"	""		"29986.199"	"42858.7661"	"3d3.(4F).4p"	"x 5D*"	"3"	"3d2.4s.(4F).4d"	"e 5P"	"3"		""	"L10989"	
"776.7439"	"776.74435"	"14"	"1.40e+04"	C+	"7255.355"	"20126.062"	"3d2.4s2"	"a 1D"	"2"	"3d2.(3F).4s.4p.(3P*)"	"z 3D*"	"3"		"T8000"	"L10989"	
"777.3889"	"777.3885"	"3"	""		"18825.782"	"31685.825"	"3d3.(4P).4s"	"c 3P"	"1"	"3d2.(3P).4s.4p.(3P*)"	"y 3P*"	"0"		""	"L10989"	
"779.0316"	"779.0319"	"14"	""		"25643.701"	"38476.615"	"3d3.(4F).4p"	"y 3D*"	"3"	"3d4"	"3D"	"3"		""	"L10989"	
"779.0628"	"779.0641"	"3"	""		"25643.701"	"38476.084"	"3d3.(4F).4p"	"y 3D*"	"3"	"3d4"	"3D"	"2"		""	"L10989"	
"779.1351"	"779.13485"	"2"	""		"6742.756"	"19573.974"	"3d3.(4F).4s"	"a 5F"	"4"	"3d2.(3F).4s.4p.(3P*)"	"z 3F*"	"4"		""	"L10989"	
