obs_wl_air(nm)	ritz_wl_air(nm)	intens	Aki(s^-1)	Acc	Ei(cm-1)	Ek(cm-1)	conf_i	term_i	J_i	conf_k	term_k	J_k	Type	tp_ref	line_ref	
"380.116"	"380.11486"	"15000"	""		"137.383"	"26437.754"	"3d3.4s2"	"a 4F"	"5/2"	"3d4.(5D).4p"	"y 6D*"	"3/2"		""	"L14162"	
"380.28751"	"380.28758"	"60000"	"1.13e+06"	C+	"10892.520"	"37180.946"	"3d3.4s2"	"a 2G"	"7/2"	"3d3.(2H).4s.4p.(3P*)"	"y 2H*"	"9/2"		"T9399"	"L15916"	
"380.34773"	"380.34774"	"3200000"	"1.21e+07"	B+	"2311.369"	"28595.637"	"3d4.(5D).4s"	"a 6D"	"7/2"	"3d3.(4P).4s.4p.(3P*)"	"x 6D*"	"7/2"		"T9399"	"L15916"	
"380.37809"	"380.37809"	"290000"	"1.1e+07"	D+	"10892.520"	"37174.691"	"3d3.4s2"	"a 2G"	"7/2"	"3d4.(3H).4p"	"v 2G*"	"7/2"		"T284n"	"L15916"	
"380.38965"	"380.38961"	"99000"	"5.3e+05"	B	"323.432"	"26604.807&dagger;"	"3d3.4s2"	"a 4F"	"7/2"	"3d4.(5D).4p"	"y 6D*"	"7/2"		"T9399"	"L15916"	
"380.4577"	"380.45768"	"72000"	""		"15572.035"	"41848.708"	"3d4.(3P2).4s"	"b 4P"	"5/2"	"3d3.(4P).4s.4p.(1P*)"	"v 4P*"	"3/2"		""	"L15916"	
"380.49128"	"380.49127"	"110000"	""		"15264.832"	"41539.185"	"3d3.4s2"	"a 2H"	"11/2"	"3d4.(3G).4p"	"t 2G*"	"9/2"		""	"L15916"	
"380.6460"	"380.64602"	"27000"	"1.48e+07"	C+	"15664.801"	"41928.473"	"3d4.(3F2).4s"	"b 4F"	"3/2"	"3d3.(4P).4s.4p.(1P*)"	"r 4D*"	"1/2"		"T9399"	"L15916"	
"380.67959"	"380.67960"	"790000"	"1.83e+07"	B+	"11100.596"	"37361.951"	"3d3.4s2"	"a 2G"	"9/2"	"3d4.(3H).4p"	"v 2G*"	"9/2"		"T9399"	"L15916"	
"380.75041"	"380.75041"	"1700000"	"1.11e+07"	B+	"2112.282"	"28368.753"	"3d4.(5D).4s"	"a 6D"	"1/2"	"3d3.(4P).4s.4p.(3P*)"	"x 6D*"	"3/2"		"T9399"	"L15916"	
"380.811"	"380.81622"	"95000"	""		"18302.280"	"44554.214"	"3d3.(4F).4s.4p.(3P*)"	"z 6D*"	"7/2"	"3d3.4s.(5F).4d"	"4G"	"9/2"		""	"L14162"	
"380.85188"	"380.85188"	"3100000"	"1.43e+07"	B+	"0.000"	"26249.476"	"3d3.4s2"	"a 4F"	"3/2"	"3d4.(5D).4p"	"y 4D*"	"3/2"		"T9399"	"L15916"	
"380.908"	"380.90470"	"32000"	""		"18513.403"	"44759.239"	"3d3.(4F).4s.4p.(3P*)"	"z 6F*"	"9/2"	"3d3.(4F).4s.(3F).5s"	"4F"	"7/2"		""	"L14162"	
"380.96007"	"380.96008"	"1300000"	"5.0e+06"	B+	"2220.156"	"28462.177"	"3d4.(5D).4s"	"a 6D"	"5/2"	"3d3.(4P).4s.4p.(3P*)"	"x 6D*"	"5/2"		"T9399"	"L15916"	
"381.0383"	"381.03854"	"9800"	""		"15264.832"	"41501.449"	"3d3.4s2"	"a 2H"	"11/2"	"3d4.(3G).4p"	"v 2H*"	"9/2"		""	"L15916"	
"381.33462"	"381.33460"	"93000"	""		"19145.148"	"45361.396"	"3d4.(3H).4s"	"b 2H"	"11/2"	"45361o"	"r 2G*"	"9/2"		""	"L15916"	
"381.34904"	"381.349106"	"6000000"	"1.32e+07"	B+	"137.383"	"26352.634"	"3d3.4s2"	"a 4F"	"5/2"	"3d4.(5D).4p"	"y 4D*"	"5/2"		"T9399"	"L15916"	
"381.55152"	"381.55152"	"530000"	"6.2e+06"	B+	"2112.282"	"28313.626"	"3d4.(5D).4s"	"a 6D"	"1/2"	"3d3.(4P).4s.4p.(3P*)"	"x 6D*"	"1/2"		"T9399"	"L15916"	
"381.78437"	"381.78432"	"300000"	"1.15e+06"	B+	"552.955"	"26738.323"	"3d3.4s2"	"a 4F"	"9/2"	"3d4.(5D).4p"	"y 6D*"	"9/2"		"T9399"	"L15916"	
"381.79756"	"381.79754"	"370000"	"8.0e+06"	B+	"11100.596"	"37285.057"	"3d3.4s2"	"a 2G"	"9/2"	"3d4.(3H).4p"	"z 4I*"	"9/2"		"T9399"	"L15916"	
"381.82413"	"381.82414"	"7800000"	"6.7e+07"	B+	"0.000"	"26182.637"	"3d3.4s2"	"a 4F"	"3/2"	"3d4.(5D).4p"	"y 4D*"	"1/2"		"T9399"	"L15916"	
"381.8767"	"381.87673"	"48000"	""		"14514.756"	"40693.787"	"3d3.4s2"	"2D2"	"3/2"	"3d3.(2P).4s.4p.(3P*)"	"w 2P*"	"3/2"		""	"L15916"	
"381.99642"	"381.99643"	"1300000"	"5.9e+06"	B+	"2424.809"	"28595.637"	"3d4.(5D).4s"	"a 6D"	"9/2"	"3d3.(4P).4s.4p.(3P*)"	"x 6D*"	"7/2"		"T9399"	"L15916"	
"382.02918"	"382.029161"	"290000"	"5.6e+06"	C+	"8578.542"	"34747.128"	"3d4.(5D).4s"	"a 4D"	"5/2"	"3d3.(4F).4s.4p.(1P*)"	"v 4D*"	"7/2"		"T9399"	"L15916"	
"382.14864"	"382.14863"	"1300000"	"2.19e+07"	B+	"2153.221"	"28313.626"	"3d4.(5D).4s"	"a 6D"	"3/2"	"3d3.(4P).4s.4p.(3P*)"	"x 6D*"	"1/2"		"T9399"	"L15916"	
"382.20049"	"382.200515"	"3400000"	"7.9e+06"	B+	"323.432"	"26480.286&dagger;"	"3d3.4s2"	"a 4F"	"7/2"	"3d4.(5D).4p"	"y 4D*"	"7/2"		"T9399"	"L15916"	
"382.26711"	"382.26706"	"56000"	""		"19023.531"	"45175.832"	"3d4.(3H).4s"	"b 2H"	"9/2"	"45175o"	"r 2G*"	"7/2"		""	"L15916"	
"382.28887"	"382.28888"	"2500000"	"1.10e+07"	B+	"2311.369"	"28462.177"	"3d4.(5D).4s"	"a 6D"	"7/2"	"3d3.(4P).4s.4p.(3P*)"	"x 6D*"	"5/2"		"T9627"	"L15916"	
"382.32121"	"382.32121"	"1700000"	"1.64e+07"	B+	"2220.156"	"28368.753"	"3d4.(5D).4s"	"a 6D"	"5/2"	"3d3.(4P).4s.4p.(3P*)"	"x 6D*"	"3/2"		"T9399"	"L15916"	
"382.3376"	"382.33774"	"52000"	""		"15770.789"	"41918.255"	"3d4.(3F2).4s"	"b 4F"	"9/2"	"3d4.(3G).4p"	"t 4G*"	"11/2"		""	"L15916"	
"382.3742"	"382.37423"	"84000"	""		"14548.816"	"40693.787"	"3d3.4s2"	"2D2"	"5/2"	"3d3.(2P).4s.4p.(3P*)"	"w 2P*"	"3/2"		""	"L15916"	
"382.39773"	"382.39774"	"300000"	"5.6e+06"	C+	"8476.234"	"34619.598"	"3d4.(5D).4s"	"a 4D"	"3/2"	"3d3.(4F).4s.4p.(1P*)"	"v 4D*"	"5/2"		"T9399"	"L15916"	
"382.4993"	"382.499364"	"20000"	"2.06e+06"	B	"15724.229"	"41860.647"	"3d4.(3F2).4s"	"b 4F"	"7/2"	"3d4.(3G).4p"	"t 4G*"	"9/2"		"T9399"	"L15916"	
"382.5313"	"382.53130"	"4000"	""		"19023.531"	"45157.767"	"3d4.(3H).4s"	"b 2H"	"9/2"	"3d3.(4F).4s.5p"	"q 4F*"	"7/2"		""	"L4235"	
"382.54024"	"382.54024"	":"	"2.2e+06"	C	"13801.551"	"39935.176"	"3d3.4s2"	"a 2P"	"3/2"	"3d4.(3F2).4p"	"s 4D*"	"3/2"		"T9399"	"L18972"	
"382.6434"	"382.64332"	"11000"	""		"19078.112"	"45204.697"	"3d4.(3F2).4s"	"a 2F"	"7/2"	"45204o"	"2D*"	"5/2"		""	"L15916"	
"382.67696"	"382.67694"	"210000"	"6.5e+06"	D+	"8413.009"	"34537.299"	"3d4.(5D).4s"	"a 4D"	"1/2"	"3d3.(4F).4s.4p.(1P*)"	"v 4D*"	"3/2"		"T284n"	"L15916"	
"382.85567"	"382.855694"	"10000000"	"5.2e+07"	B+	"137.383"	"26249.476"	"3d3.4s2"	"a 4F"	"5/2"	"3d4.(5D).4p"	"y 4D*"	"3/2"		"T9399"	"L15916"	
"382.88315"	"382.88313"	"220000"	""		"11100.596"	"37210.818"	"3d3.4s2"	"a 2G"	"9/2"	"3d3.(2H).4s.4p.(3P*)"	"y 2H*"	"11/2"		""	"L15916"	
"383.0263"	"383.02619"	"140000"	""		"20767.609"	"46868.079"	"3d4.(3D).4s"	"b 4D"	"7/2"	"3d4.(3D).4p"	"t 4P*"	"5/2"		""	"L15916"	
"383.059"	"383.05440"	"29000"	""		"21603.259"	"47701.807"	"3d4.(1G2).4s"	"b 2G"	"9/2"	"3d3.(2G).4s.4p.(1P*)"	"2H*"	"11/2"		""	"L14162"	
"383.1821"	"383.181989"	"28000bl(V II)"	""		"15770.789"	"41860.647"	"3d4.(3F2).4s"	"b 4F"	"9/2"	"3d4.(3G).4p"	"t 4G*"	"9/2"		""	"L15916"	
"383.28291"	"383.28290"	"110000"	""		"13801.551"	"39884.540"	"3d3.4s2"	"a 2P"	"3/2"	"3d4.(3P2).4p"	"v 2D*"	"3/2"		""	"L15916"	
"383.32164"	"383.32169"	"86000"	"1.61e+06"	B	"11100.596"	"37180.946"	"3d3.4s2"	"a 2G"	"9/2"	"3d3.(2H).4s.4p.(3P*)"	"y 2H*"	"9/2"		"T9399"	"L15916"	
"383.3421"	"383.34202"	"14000"	""		"20789.112"	"46868.079"	"3d4.(3D).4s"	"b 4D"	"5/2"	"3d4.(3D).4p"	"t 4P*"	"5/2"		""	"L15916"	
"383.380"	"383.38218"	"38000"	""		"13801.551"	"39877.786"	"3d3.4s2"	"a 2P"	"3/2"	"3d4.(3F2).4p"	"s 4D*"	"1/2"		""	"L14162"	
"383.41367"	"383.41365"	"95000"	""		"11100.596"	"37174.691"	"3d3.4s2"	"a 2G"	"9/2"	"3d4.(3H).4p"	"v 2G*"	"7/2"		""	"L15916"	
"383.4206"	"383.42048"	"1100000"	""		"13810.910"	"39884.540"	"3d3.4s2"	"a 2P"	"1/2"	"3d4.(3P2).4p"	"v 2D*"	"3/2"		""	"L15916"	
"383.4813"	"383.481301"	"13000"	"2.12e+06"	B	"15688.862"	"41758.357"	"3d4.(3F2).4s"	"b 4F"	"5/2"	"3d4.(3G).4p"	"t 4G*"	"7/2"		"T9399"	"L15916"	
"383.518"	"383.52324"	"500000bl?"	""		"18680.070"	"44746.714"	"3d3.(4F).4s.4p.(3P*)"	"z 6F*"	"11/2"	"3d3.4s.(5F).4d"	"4G"	"11/2"		""	"L14162"	
"383.55600"	"383.55600"	"340000"	"9.0e+06"	B	"8413.009"	"34477.427&dagger;"	"3d4.(5D).4s"	"a 4D"	"1/2"	"3d3.(4F).4s.4p.(1P*)"	"v 4D*"	"1/2"		"T9399"	"L15916"	
"383.60534"	"383.605349"	"340000"	"8.0e+06"	B	"8476.234"	"34537.299"	"3d4.(5D).4s"	"a 4D"	"3/2"	"3d3.(4F).4s.4p.(1P*)"	"v 4D*"	"3/2"		"T9399"	"L15916"	
"383.6398"	"383.63980"	"32000"	""		"19189.283"	"45248.008"	"3d4.(3P2).4s"	"b 2P"	"3/2"	"45248o"	"2P*"	"3/2"		""	"L15916"	
"383.743"	"383.74101"	"58000"	""		"552.955"	"26604.807&dagger;"	"3d3.4s2"	"a 4F"	"9/2"	"3d4.(5D).4p"	"y 6D*"	"7/2"		""	"L14162"	
"383.7731"	"383.77304"	"17000"	""		"20813.108"	"46862.786"	"3d4.(3D).4s"	"b 4D"	"3/2"	"3d4.(3D).4p"	"t 4P*"	"3/2"		""	"L15916"	
"383.90010"	"383.90010"	"730000"	"1.80e+07"	B	"8578.542"	"34619.598"	"3d4.(5D).4s"	"a 4D"	"5/2"	"3d3.(4F).4s.4p.(1P*)"	"v 4D*"	"5/2"		"T9399"	"L15916"	
"383.93760"	"383.93720"	"410000bl(V II)"	""		"14548.816"	"40587.356"	"3d3.4s2"	"2D2"	"5/2"	"3d4.(3G).4p"	"2F*"	"7/2"		""	"L15916"	
"384.00227"	"384.002268"	":"	"2.5e+06"	C	"15724.229"	"41758.357"	"3d4.(3F2).4s"	"b 4F"	"7/2"	"3d4.(3G).4p"	"t 4G*"	"7/2"		"T9399"	"L18972"	
"384.01344"	"384.01340"	"320000"	"1.25e+07"	B+	"10892.520"	"36925.893&dagger;"	"3d3.4s2"	"a 2G"	"7/2"	"3d4.(3F2).4p"	"x 2F*"	"7/2"		"T9399"	"L15916"	
"384.04278"	"384.04279"	"2600000"	"4.0e+07"	B	"8715.747"	"34747.128"	"3d4.(5D).4s"	"a 4D"	"7/2"	"3d3.(4F).4s.4p.(1P*)"	"v 4D*"	"7/2"		"T9399"	"L15916"	
"384.07494"	"384.074941"	"16000000"	"5.2e+07"	B+	"323.432"	"26352.634"	"3d3.4s2"	"a 4F"	"7/2"	"3d4.(5D).4p"	"y 4D*"	"5/2"		"T9399"	"L15916"	
"384.18907"	"384.189068"	"660000"	"9.0e+05"	B+	"323.432"	"26344.902"	"3d3.4s2"	"a 4F"	"7/2"	"3d3.(4F).4s.4p.(3P*)"	"z 2G*"	"9/2"		"T9399"	"L15916"	
"384.1990"	"384.1986"	"14000"	""		"20830.344"	"46851.170"	"3d4.(3D).4s"	"b 4D"	"1/2"	"3d4.(3D).4p"	"t 4P*"	"1/2"		""	"L15916"	
"384.27335"	"384.27333"	"210000"	"3.8e+06"	C+	"8413.009"	"34428.773"	"3d4.(5D).4s"	"a 4D"	"1/2"	"3d3.(2D2).4s.4p.(3P*)"	"4F*"	"3/2"		"T9399"	"L15916"	
"384.3504"	"384.35032"	"240000"	"2.7e+06"	C+	"8476.234"	"34486.787"	"3d4.(5D).4s"	"a 4D"	"3/2"	"3d3.(2D2).4s.4p.(3P*)"	"4F*"	"5/2"		"T9399"	"L15916"	
"384.44362"	"384.44372"	"2300000"	"6.0e+06"	B+	"0.000"	"26004.234"	"3d3.4s2"	"a 4F"	"3/2"	"3d4.(5D).4p"	"y 4F*"	"5/2"		"T9399"	"L15916"	
"384.48866"	"384.48868"	"210000"	"8.8e+06"	C+	"8476.234"	"34477.427&dagger;"	"3d4.(5D).4s"	"a 4D"	"3/2"	"3d3.(4F).4s.4p.(1P*)"	"v 4D*"	"1/2"		"T9399"	"L15916"	
"384.6640"	"384.66400"	"28000"	""		"14514.756"	"40504.099"	"3d3.4s2"	"2D2"	"3/2"	"3d3.(2P).4s.4p.(3P*)"	"w 2P*"	"1/2"		""	"L15916"	
"384.73262"	"384.732570"	"1900000bl(V II)"	"4.5e+06"	B+	"137.383"	"26122.094&dagger;"	"3d3.4s2"	"a 4F"	"5/2"	"3d4.(5D).4p"	"y 4F*"	"7/2"		"T9399"	"L15916"	
"384.93194"	"384.93194"	"470000"	""		"10892.520"	"36863.773"	"3d3.4s2"	"a 2G"	"7/2"	"3d3.(2H).4s.4p.(3P*)"	"w 4G*"	"5/2"		""	"L15916"	
"385.0118"	"385.01183"	"14000"	""		"15688.862"	"41654.726"	"3d4.(3F2).4s"	"b 4F"	"5/2"	"3d4.(3G).4p"	"t 4G*"	"5/2"		""	"L15916"	
"385.11722"	"385.117241"	"340000"	"6.3e+06"	C+	"8578.542"	"34537.299"	"3d4.(5D).4s"	"a 4D"	"5/2"	"3d3.(4F).4s.4p.(1P*)"	"v 4D*"	"3/2"		"T9399"	"L15916"	
"385.20952"	"385.20951"	"180000"	"2.2e+06"	C+	"8476.234"	"34428.773"	"3d4.(5D).4s"	"a 4D"	"3/2"	"3d3.(2D2).4s.4p.(3P*)"	"4F*"	"3/2"		"T9399"	"L15916"	
"385.486"	"385.48689"	"35000h"	""		"16572.638"	"42506.503"	"3d3.(4F).4s.4p.(3P*)"	"z 6G*"	"7/2"	"3d4.(5D).4d"	"f 6F"	"9/2"		""	"L14162"	
"385.53636"	"385.53627"	"7300000*"	"3.39e+07"	B+	"0.000"	"25930.544"	"3d3.4s2"	"a 4F"	"3/2"	"3d4.(5D).4p"	"y 4F*"	"3/2"		"T9399"	"L15916"	
"385.53636"	"385.536965"	"7300000*"	""		"15724.229"	"41654.726"	"3d4.(3F2).4s"	"b 4F"	"7/2"	"3d4.(3G).4p"	"t 4G*"	"5/2"		""	"L15916"	
"385.58400"	"385.58404"	"18000000"	"5.7e+07"	B+	"552.955"	"26480.286&dagger;"	"3d3.4s2"	"a 4F"	"9/2"	"3d4.(5D).4p"	"y 4D*"	"7/2"		"T9399"	"L15916"	
"385.585"	"385.592358"	"2100000r"	""		"17054.924"	"42981.696"	"3d4.(3G).4s"	"a 4G"	"5/2"	"3d4.(5D).5p"	"s 4F*"	"3/2"		""	"L14162"	
"385.787"	"385.78367"	"36000h"	""		"16449.875"	"42363.790"	"3d3.(4F).4s.4p.(3P*)"	"z 6G*"	"5/2"	"3d4.(5D).4d"	"f 6F"	"7/2"		""	"L14162"	
"385.8680"	"385.86810"	"300000"	"3.0e+06"	C+	"8578.542"	"34486.787"	"3d4.(5D).4s"	"a 4D"	"5/2"	"3d3.(2D2).4s.4p.(3P*)"	"4F*"	"5/2"		"T9399"	"L15916"	
"385.9336"	"385.93356"	"340000"	"5.6e+06"	C+	"8715.747"	"34619.598"	"3d4.(5D).4s"	"a 4D"	"7/2"	"3d3.(4F).4s.4p.(1P*)"	"v 4D*"	"5/2"		"T9399"	"L15916"	
"385.94140"	"385.94138"	"120000"	""		"18302.280"	"44205.606"	"3d3.(4F).4s.4p.(3P*)"	"z 6D*"	"7/2"	"3d3.4s.(5F).4d"	"6F"	"9/2"		""	"L15916"	
"385.9615"	"385.96135"	"14000"	""		"18198.091"	"44100.077"	"3d3.(4F).4s.4p.(3P*)"	"z 6D*"	"5/2"	"3d3.4s.(5F).4d"	"6F"	"7/2"		""	"L15916"	
"386.0743"	"386.07426"	"16000"	""		"20813.108"	"46707.519"	"3d4.(3D).4s"	"b 4D"	"3/2"	"3d3.(2F).4s.4p.(3P*)"	"4D*"	"3/2"		""	"L15916"	
"386.16076"	"386.16081"	"150000"	""		"18438.044"	"44326.651"	"3d3.(4F).4s.4p.(3P*)"	"z 6D*"	"9/2"	"3d3.4s.(5F).4d"	"6F"	"11/2"		""	"L15916"	
"386.2123"	"386.21230"	"76000"	""		"18198.091"	"44083.247"	"3d3.(4F).4s.4p.(3P*)"	"z 6D*"	"5/2"	"3d3.4s.(5F).4d"	"f 6P"	"7/2"		""	"L15916"	
"386.22173"	"386.221726"	"910000"	"1.07e+06"	B+	"137.383"	"26021.907"	"3d3.4s2"	"a 4F"	"5/2"	"3d3.(4F).4s.4p.(3P*)"	"z 2G*"	"7/2"		"T9399"	"L15916"	
"386.3174"	"386.31740"	"13000"	""		"20767.609"	"46645.723"	"3d4.(3D).4s"	"b 4D"	"7/2"	"3d3.(2F).4s.4p.(3P*)"	"4D*"	"5/2"		""	"L15916"	
"386.3608"	"386.360798"	"44000"	""		"15724.229"	"41599.436"	"3d4.(3F2).4s"	"b 4F"	"7/2"	"3d4.(3G).4p"	"t 4F*"	"9/2"		""	"L15916"	
"386.38596"	"386.38597"	"550000"	"2.41e+07"	B+	"10892.520"	"36766.041"	"3d3.4s2"	"a 2G"	"7/2"	"3d4.(3F2).4p"	"x 2F*"	"5/2"		"T9399"	"L15916"	
"386.4550"	"386.4550"	"36000"	""		"18126.250"	"43995.152"	"3d3.(4F).4s.4p.(3P*)"	"z 6D*"	"3/2"	"3d3.4s.(5F).4d"	"6F"	"5/2"		""	"L15916"	
"386.48562"	"386.48561"	"7900000"	"2.70e+07"	B+	"137.383"	"26004.234"	"3d3.4s2"	"a 4F"	"5/2"	"3d4.(5D).4p"	"y 4F*"	"5/2"		"T9399"	"L15916"	
"386.6385"	"386.63867"	"36000"	""		"20789.112"	"46645.723"	"3d4.(3D).4s"	"b 4D"	"5/2"	"3d3.(2F).4s.4p.(3P*)"	"4D*"	"5/2"		""	"L15916"	
"386.73412"	"386.73410"	"150000"	""		"8578.542"	"34428.773"	"3d4.(5D).4s"	"a 4D"	"5/2"	"3d3.(2D2).4s.4p.(3P*)"	"4F*"	"3/2"		""	"L15916"	
"386.76021"	"386.760209"	"1400000"	"2.41e+06"	B+	"323.432"	"26171.918"	"3d3.4s2"	"a 4F"	"7/2"	"3d4.(5D).4p"	"y 4F*"	"9/2"		"T9399"	"L15916"	
"386.8852"	"386.88535"	"16000"	""		"14548.816"	"40388.941"	"3d3.4s2"	"2D2"	"5/2"	"3d3.(2D2).4s.4p.(3P*)"	"2D*"	"3/2"		""	"L15916"	
"386.9976"	"386.99783"	"15000"	""		"20813.108"	"46645.723"	"3d4.(3D).4s"	"b 4D"	"3/2"	"3d3.(2F).4s.4p.(3P*)"	"4D*"	"5/2"		""	"L15916"	
"387.0573"	"387.057287"	"150000"	""		"15770.789"	"41599.436"	"3d4.(3F2).4s"	"b 4F"	"9/2"	"3d4.(3G).4p"	"t 4F*"	"9/2"		""	"L15916"	
"387.0687"	"387.06895"	"21000bl(V II)"	""		"18085.952"	"43913.821&dagger;"	"3d3.(4F).4s.4p.(3P*)"	"z 6D*"	"1/2"	"3d3.4s.(5F).4d"	"6F"	"3/2"		""	"L15916"	
"387.0986"	"387.09853"	"59000bl(V II)"	""		"22121.079"	"47946.974"	"3d3.(4F).4s.4p.(3P*)"	"z 4G*"	"9/2"	"47946e"	"4F"	"9/2"		""	"L15916"	
"387.10751"	"387.10750"	"720000"	"2.33e+07"	B+	"11100.596"	"36925.893&dagger;"	"3d3.4s2"	"a 2G"	"9/2"	"3d4.(3F2).4p"	"x 2F*"	"7/2"		"T9399"	"L15916"	
"387.2757"	"387.27580"	"250000"	""		"8715.747"	"34529.821"	"3d4.(5D).4s"	"a 4D"	"7/2"	"3d3.(2D2).4s.4p.(3P*)"	"4F*"	"9/2"		""	"L15916"	
"387.2881"	"387.28819"	"15000"	""		"18513.403"	"44326.651"	"3d3.(4F).4s.4p.(3P*)"	"z 6F*"	"9/2"	"3d3.4s.(5F).4d"	"6F"	"11/2"		""	"L15916"	
"387.3214"	"387.32141"	"42000"	""		"14514.756"	"40325.790"	"3d3.4s2"	"2D2"	"3/2"	"3d4.(3G).4p"	"2F*"	"5/2"		""	"L15916"	
"387.36306"	"387.36323"	"280000"	""		"10892.520"	"36700.768"	"3d3.4s2"	"a 2G"	"7/2"	"3d3.(4P).4s.4p.(3P*)"	"x 2D*"	"5/2"		""	"L4235"	
"387.43412"	"387.43416"	"45000"	""		"15688.862"	"41492.385&dagger;"	"3d4.(3F2).4s"	"b 4F"	"5/2"	"3d4.(3G).4p"	"t 4F*"	"7/2"		""	"L15916"	
"387.50714"	"387.507162"	"9000000"	"2.27e+07"	B+	"323.432"	"26122.094&dagger;"	"3d3.4s2"	"a 4F"	"7/2"	"3d4.(5D).4p"	"y 4F*"	"7/2"		"T9399"	"L15916"	
"387.52009"	"387.52016"	"200000"	""		"18302.280"	"44100.077"	"3d3.(4F).4s.4p.(3P*)"	"z 6D*"	"7/2"	"3d3.4s.(5F).4d"	"6F"	"7/2"		""	"L15916"	
"387.5261"	"387.52665"	"28000"	""		"11100.596"	"36897.961"	"3d3.4s2"	"a 2G"	"9/2"	"3d3.(2H).4s.4p.(3P*)"	"w 4G*"	"9/2"		""	"L15916"	
"387.5312"	"387.5312"	"89000"	""		"18198.091"	"43995.152"	"3d3.(4F).4s.4p.(3P*)"	"z 6D*"	"5/2"	"3d3.4s.(5F).4d"	"6F"	"5/2"		""	"L15916"	
"387.5422"	"387.54219"	"450000"	"3.5e+06"	B	"8578.542"	"34374.872"	"3d4.(5D).4s"	"a 4D"	"5/2"	"3d3.(2D2).4s.4p.(3P*)"	"4F*"	"7/2"		"T9399"	"L15916"	
"387.55520"	"387.55520"	"87000"	""		"20767.609"	"46563.073"	"3d4.(3D).4s"	"b 4D"	"7/2"	"3d3.(2F).4s.4p.(3P*)"	"4D*"	"7/2"		""	"L15916"	
"387.58979"	"387.58981"	"2500000"	"8.7e+06"	B+	"137.383"	"25930.544"	"3d3.4s2"	"a 4F"	"5/2"	"3d4.(5D).4p"	"y 4F*"	"3/2"		"T9399"	"L15916"	
"387.60804"	"387.60805"	"3400000"	"8.5e+06"	B+	"552.955"	"26344.902"	"3d3.4s2"	"a 4F"	"9/2"	"3d3.(4F).4s.4p.(3P*)"	"z 2G*"	"9/2"		"T9399"	"L15916"	
"387.6738"	"387.67383"	"67000"	""		"18126.250"	"43913.821&dagger;"	"3d3.(4F).4s.4p.(3P*)"	"z 6D*"	"3/2"	"3d3.4s.(5F).4d"	"6F"	"3/2"		""	"L15916"	
"387.7731"	"387.77314"	"8200"	""		"18302.280"	"44083.247"	"3d3.(4F).4s.4p.(3P*)"	"z 6D*"	"7/2"	"3d3.4s.(5F).4d"	"f 6P"	"7/2"		""	"L15916"	
"387.8328"	"387.83321"	"74000"	""		"14548.816"	"40325.790"	"3d3.4s2"	"2D2"	"5/2"	"3d4.(3G).4p"	"2F*"	"5/2"		""	"L15916"	
"387.9225"	"387.92251"	"110000"	"1.4e+06"	C+	"8715.747"	"34486.787"	"3d4.(5D).4s"	"a 4D"	"7/2"	"3d3.(2D2).4s.4p.(3P*)"	"4F*"	"5/2"		"T9399"	"L15916"	
"387.9653"	"387.96593"	"48000bl"	""		"15724.229"	"41492.385&dagger;"	"3d4.(3F2).4s"	"b 4F"	"7/2"	"3d4.(3G).4p"	"t 4F*"	"7/2"		""	"L4235"	
"387.9748"	"387.97487"	"40000"	""		"18438.044"	"44205.606"	"3d3.(4F).4s.4p.(3P*)"	"z 6D*"	"9/2"	"3d3.4s.(5F).4d"	"6F"	"9/2"		""	"L15916"	
"388.0249"	"388.02488"	"35000"	""		"15664.801"	"41429.042"	"3d4.(3F2).4s"	"b 4F"	"3/2"	"3d4.(3G).4p"	"t 4F*"	"5/2"		""	"L15916"	
"388.0418"	"388.04184"	"44000"	""		"18085.952"	"43849.067"	"3d3.(4F).4s.4p.(3P*)"	"z 6D*"	"1/2"	"3d3.4s.(5F).4d"	"6F"	"1/2"		""	"L15916"	
"388.0833"	"388.08349"	"8900"	""		"24643.528"	"50403.878"	"3d4.(3D).4s"	"2D"	"3/2"	"50403o"	"r 2F*"	"5/2"		""	"L15916"	
"388.1587"	"388.15869"	"50000"	""		"18126.250"	"43881.610"	"3d3.(4F).4s.4p.(3P*)"	"z 6D*"	"3/2"	"3d3.4s.(5F).4d"	"f 6P"	"5/2"		""	"L15916"	
"388.1789"	"388.17891"	"44000"	""		"21963.437"	"47717.455"	"3d3.(4F).4s.4p.(3P*)"	"z 4G*"	"7/2"	"47717e"	"4F"	"7/2"		""	"L15916"	
"388.38759"	"388.38760"	"150000"	""		"15688.862"	"41429.042"	"3d4.(3F2).4s"	"b 4F"	"5/2"	"3d4.(3G).4p"	"t 4F*"	"5/2"		""	"L15916"	
"388.39411"	"388.39414"	"55000"	""		"18174.074"	"43913.821&dagger;"	"3d3.(4F).4s.4p.(3P*)"	"z 6F*"	"3/2"	"3d3.4s.(5F).4d"	"6F"	"3/2"		""	"L15916"	
"388.44618"	"388.4462"	"100000"	""		"18258.855"	"43995.152"	"3d3.(4F).4s.4p.(3P*)"	"z 6F*"	"5/2"	"3d3.4s.(5F).4d"	"6F"	"5/2"		""	"L15916"	
"388.533"	"388.53131"	"37000"	"1.23e+06"	C+	"15770.789"	"41501.449"	"3d4.(3F2).4s"	"b 4F"	"9/2"	"3d4.(3G).4p"	"v 2H*"	"9/2"		"T9399"	"L14162"	
"388.5569"	"388.55693"	"22000"	""		"18120.104"	"43849.067"	"3d3.(4F).4s.4p.(3P*)"	"z 6F*"	"1/2"	"3d3.4s.(5F).4d"	"6F"	"1/2"		""	"L15916"	
"388.5773"	"388.57729"	"69000"	""		"18372.462"	"44100.077"	"3d3.(4F).4s.4p.(3P*)"	"z 6F*"	"7/2"	"3d3.4s.(5F).4d"	"6F"	"7/2"		""	"L15916"	
"388.6193"	"388.61916"	"58000"	""		"15664.801"	"41389.644"	"3d4.(3F2).4s"	"b 4F"	"3/2"	"3d4.(3G).4p"	"t 4F*"	"3/2"		""	"L15916"	
"388.65785"	"388.65786"	"380000"	"1.3e+07"	D+	"11100.596"	"36822.878"	"3d3.4s2"	"a 2G"	"9/2"	"3d3.(2H).4s.4p.(3P*)"	"w 4G*"	"7/2"		"T284n"	"L15916"	
"388.6677"	"388.66822"	"21000"	""		"15770.789"	"41492.385&dagger;"	"3d4.(3F2).4s"	"b 4F"	"9/2"	"3d4.(3G).4p"	"t 4F*"	"7/2"		""	"L15916"	
"388.7568"	"388.75688"	"18000"	""		"18198.091"	"43913.821&dagger;"	"3d3.(4F).4s.4p.(3P*)"	"z 6D*"	"5/2"	"3d3.4s.(5F).4d"	"6F"	"3/2"		""	"L15916"	
"388.80595"	"388.80596"	"86000"	""		"18680.070"	"44392.554"	"3d3.(4F).4s.4p.(3P*)"	"z 6F*"	"11/2"	"3d3.4s.(5F).4d"	"4H"	"13/2"		""	"L15916"	
"388.83166"	"388.83166"	"130000"	""		"18372.462"	"44083.247"	"3d3.(4F).4s.4p.(3P*)"	"z 6F*"	"7/2"	"3d3.4s.(5F).4d"	"f 6P"	"7/2"		""	"L15916"	
"388.9220"	"388.92199"	"27000"	""		"15724.229"	"41429.042"	"3d4.(3F2).4s"	"b 4F"	"7/2"	"3d4.(3G).4p"	"t 4F*"	"5/2"		""	"L15916"	
"388.9521"	"388.95209"	"10000"	""		"18302.280"	"44005.104"	"3d3.(4F).4s.4p.(3P*)"	"z 6D*"	"7/2"	"3d3.4s.(5F).4d"	"f 6G"	"9/2"		""	"L15916"	
"388.9713"	"388.97142"	"27000"	""		"18438.044"	"44139.591"	"3d3.(4F).4s.4p.(3P*)"	"z 6D*"	"9/2"	"3d3.4s.(5F).4d"	"f 6G"	"11/2"		""	"L15916"	
"388.9829"	"388.98300"	"26000"	""		"15688.862"	"41389.644"	"3d4.(3F2).4s"	"b 4F"	"5/2"	"3d4.(3G).4p"	"t 4F*"	"3/2"		""	"L15916"	
"389.01790"	"389.01792"	"4200000"	"6.4e+06"	B+	"323.432"	"26021.907"	"3d3.4s2"	"a 4F"	"7/2"	"3d3.(4F).4s.4p.(3P*)"	"z 2G*"	"7/2"		"T9399"	"L15916"	
"389.02797"	"389.02794"	"150000"	""		"18120.104"	"43817.917&dagger;"	"3d3.(4F).4s.4p.(3P*)"	"z 6F*"	"1/2"	"3d3.4s.(5F).4d"	"f 6G"	"3/2"		""	"L15916"	
"389.11291"	"389.11289"	"170000"	""		"18513.403"	"44205.606"	"3d3.(4F).4s.4p.(3P*)"	"z 6F*"	"9/2"	"3d3.4s.(5F).4d"	"6F"	"9/2"		""	"L15916"	
"389.1214"	"389.12100"	"130000*"	""		"18126.250"	"43817.917&dagger;"	"3d3.(4F).4s.4p.(3P*)"	"z 6D*"	"3/2"	"3d3.4s.(5F).4d"	"f 6G"	"3/2"		""	"L15916"	
"389.1214"	"389.12129"	"130000*"	""		"8476.234"	"34167.882"	"3d4.(5D).4s"	"a 4D"	"3/2"	"3d3.(2P).4s.4p.(3P*)"	"2D*"	"5/2"		""	"L15916"	
"389.1464"	"389.14647"	"37000"	""		"21841.421"	"47531.407"	"3d3.(4F).4s.4p.(3P*)"	"z 4G*"	"5/2"	"47531e"	"4F"	"5/2"		""	"L15916"	
"389.24452"	"389.24445"	"120000"	""		"18198.091"	"43881.610"	"3d3.(4F).4s.4p.(3P*)"	"z 6D*"	"5/2"	"3d3.4s.(5F).4d"	"f 6P"	"5/2"		""	"L15916"	
"389.28564"	"389.28564"	"2800000"	"8.0e+06"	B+	"323.432"	"26004.234"	"3d3.4s2"	"a 4F"	"7/2"	"3d4.(5D).4p"	"y 4F*"	"5/2"		"T9399"	"L15916"	
"389.29742"	"389.29743"	"53000"	""		"18513.403"	"44193.427"	"3d3.(4F).4s.4p.(3P*)"	"z 6F*"	"9/2"	"3d3.4s.(5F).4d"	"4H"	"11/2"		""	"L15916"	
"389.3738"	"389.37372"	"32000"	""		"18174.074"	"43849.067"	"3d3.(4F).4s.4p.(3P*)"	"z 6F*"	"3/2"	"3d3.4s.(5F).4d"	"6F"	"1/2"		""	"L15916"	
"389.40354"	"389.40350"	"300000"	""		"18174.074"	"43847.103"	"3d3.(4F).4s.4p.(3P*)"	"z 6F*"	"3/2"	"3d3.4s.(5F).4d"	"f 6G"	"5/2"		""	"L15916"	
"389.4104"	"389.41048"	"5200"	""		"16361.489"	"42034.058"	"3d3.(4F).4s.4p.(3P*)"	"z 6G*"	"3/2"	"3d4.(5D).4d"	"e 6G"	"3/2"		""	"L15916"	
"389.57039"	"389.57036"	"85000"	""		"18438.044"	"44100.077"	"3d3.(4F).4s.4p.(3P*)"	"z 6D*"	"9/2"	"3d3.4s.(5F).4d"	"6F"	"7/2"		""	"L15916"	
"389.6144"	"389.61452"	"410000bl(V II)"	"4.2e+06"	C+	"8715.747"	"34374.872"	"3d4.(5D).4s"	"a 4D"	"7/2"	"3d3.(2D2).4s.4p.(3P*)"	"4F*"	"7/2"		"T9399"	"L15916"	
"389.66124"	"389.66124"	"72000"	""		"18372.462"	"44028.510"	"3d3.(4F).4s.4p.(3P*)"	"z 6F*"	"7/2"	"3d3.4s.(5F).4d"	"4H"	"9/2"		""	"L15916"	
"389.6778"	"389.67768"	"49000"	""		"18258.855"	"43913.821&dagger;"	"3d3.(4F).4s.4p.(3P*)"	"z 6F*"	"5/2"	"3d3.4s.(5F).4d"	"6F"	"3/2"		""	"L15916"	
"389.70726"	"389.70725"	"300000"	""		"18258.855"	"43911.874"	"3d3.(4F).4s.4p.(3P*)"	"z 6F*"	"5/2"	"3d3.4s.(5F).4d"	"f 6G"	"7/2"		""	"L15916"	
"389.79655"	"389.79653"	"400000"	"9.0e+07"	C	"18680.070"	"44327.214"	"3d3.(4F).4s.4p.(3P*)"	"z 6F*"	"11/2"	"3d3.4s.(5F).4d"	"f 6G"	"13/2"		"u38"	"L15916"	
"389.80511"	"389.80508"	"670000"	"9.6e+07"	C	"18680.070"	"44326.651"	"3d3.(4F).4s.4p.(3P*)"	"z 6F*"	"11/2"	"3d3.4s.(5F).4d"	"6F"	"11/2"		"u38"	"L15916"	
"389.81322"	"389.81317"	"340000"	"2.30e+06"	B+	"10892.520"	"36538.569"	"3d3.4s2"	"a 2G"	"7/2"	"3d4.(3F2).4p"	"2G*"	"9/2"		"T9399"	"L15916"	
"389.8259"	"389.82554"	"290000*"	""		"18085.952"	"43731.187"	"3d3.(4F).4s.4p.(3P*)"	"z 6D*"	"1/2"	"3d3.4s.(5F).4d"	"f 6P"	"3/2"		""	"L15916"	
"389.8259"	"389.82603"	"290000*"	"5.7e+07"	C+	"18438.044"	"44083.247"	"3d3.(4F).4s.4p.(3P*)"	"z 6D*"	"9/2"	"3d3.4s.(5F).4d"	"f 6P"	"7/2"		"T9282"	"L15916"	
"389.8464"	"389.84670"	"13000"	""		"18174.074"	"43817.917&dagger;"	"3d3.(4F).4s.4p.(3P*)"	"z 6F*"	"3/2"	"3d3.4s.(5F).4d"	"f 6G"	"3/2"		""	"L15916"	
"389.9356"	"389.93560"	"32000"	""		"14949.359"	"40587.356"	"3d4.(3H).4s"	"a 4H"	"9/2"	"3d4.(3G).4p"	"2F*"	"7/2"		""	"L15916"	
"390.00939"	"390.00946"	"260000"	""		"22313.832"	"47946.974"	"3d3.(4F).4s.4p.(3P*)"	"z 4G*"	"11/2"	"47946e"	"4F"	"9/2"		""	"L15916"	
"390.01708"	"390.01706"	"180000"	""		"18372.462"	"44005.104"	"3d3.(4F).4s.4p.(3P*)"	"z 6F*"	"7/2"	"3d3.4s.(5F).4d"	"f 6G"	"9/2"		""	"L15916"	
"390.11532"	"390.11529"	"470000"	"7.9e+07"	C	"18513.403"	"44139.591"	"3d3.(4F).4s.4p.(3P*)"	"z 6F*"	"9/2"	"3d3.4s.(5F).4d"	"f 6G"	"11/2"		"u38"	"L15916"	
"390.1683"	"390.1686"	"85000bl(V II)"	""		"18372.462"	"43995.152"	"3d3.(4F).4s.4p.(3P*)"	"z 6F*"	"7/2"	"3d3.4s.(5F).4d"	"6F"	"5/2"		""	"L15916"	
"390.22531"	"390.22531"	"14000000"	"2.61e+07"	B+	"552.955"	"26171.918"	"3d3.4s2"	"a 4F"	"9/2"	"3d4.(5D).4p"	"y 4F*"	"9/2"		"T9399"	"L15916"	
"390.2492"	"390.24897"	"14000"	""		"16449.875"	"42067.285"	"3d3.(4F).4s.4p.(3P*)"	"z 6G*"	"5/2"	"3d4.(5D).4d"	"e 6G"	"5/2"		""	"L15916"	
"390.25443"	"390.25440"	"150000"	""		"8413.009"	"34030.063&dagger;"	"3d4.(5D).4s"	"a 4D"	"1/2"	"3d3.(2P).4s.4p.(3P*)"	"2D*"	"3/2"		""	"L15916"	
"390.4390"	"390.43908"	"93000"	""		"18126.250"	"43731.187"	"3d3.(4F).4s.4p.(3P*)"	"z 6D*"	"3/2"	"3d3.4s.(5F).4d"	"f 6P"	"3/2"		""	"L15916"	
"390.44636"	"390.44632"	"190000"	"9.8e+06"	B	"14514.756"	"40119.218&dagger;"	"3d3.4s2"	"2D2"	"3/2"	"3d4.(3P2).4p"	"v 2D*"	"5/2"		"T9399"	"L15916"	
"390.56970"	"390.56967"	"450000"	""		"22121.079"	"47717.455"	"3d3.(4F).4s.4p.(3P*)"	"z 4G*"	"9/2"	"47717e"	"4F"	"7/2"		""	"L15916"	
"390.67468"	"390.67466"	"460000"	"7.5e+06"	B	"8476.234"	"34065.731"	"3d4.(5D).4s"	"a 4D"	"3/2"	"3d3.(4P).4s.4p.(3P*)"	"w 4D*"	"5/2"		"T9399"	"L15916"	
"390.71782"	"390.71777"	"62000"	""		"18513.403"	"44100.077"	"3d3.(4F).4s.4p.(3P*)"	"z 6F*"	"9/2"	"3d3.4s.(5F).4d"	"6F"	"7/2"		""	"L15916"	
"390.82992"	"390.82995"	"130000"	""		"18302.280"	"43881.610"	"3d3.(4F).4s.4p.(3P*)"	"z 6D*"	"7/2"	"3d3.4s.(5F).4d"	"f 6P"	"5/2"		""	"L15916"	
"390.9402"	"390.94016"	"22000"	""		"18198.091"	"43770.210"	"3d3.(4F).4s.4p.(3P*)"	"z 6D*"	"5/2"	"3d3.4s.(5F).4d"	"4D"	"5/2"		""	"L15916"	
"390.96643"	"390.96641"	"230000"	"1.43e+07"	B+	"14548.816"	"40119.218&dagger;"	"3d3.4s2"	"2D2"	"5/2"	"3d4.(3P2).4p"	"v 2D*"	"5/2"		"T9399"	"L15916"	
"390.98571"	"390.98572"	"4200000"	"4.0e+06"	B+	"552.955"	"26122.094&dagger;"	"3d3.4s2"	"a 4F"	"9/2"	"3d4.(5D).4p"	"y 4F*"	"7/2"		"T9399"	"L15916"	
"390.99150"	"390.99149"	"1800000"	""		"10892.520"	"36461.282"	"3d3.4s2"	"a 2G"	"7/2"	"3d4.(3F2).4p"	"2G*"	"7/2"		""	"L15916"	
"391.00357"	"391.00360"	"360000"	""		"21963.437"	"47531.407"	"3d3.(4F).4s.4p.(3P*)"	"z 4G*"	"7/2"	"47531e"	"4F"	"5/2"		""	"L15916"	
"391.0389"	"391.03915"	"11000"	""		"18302.280"	"43867.926"	"3d3.(4F).4s.4p.(3P*)"	"z 6D*"	"7/2"	"3d3.4s.(5F).4d"	"4D"	"7/2"		""	"L15916"	
"391.07874"	"391.07871"	"470000"	"6.9e+06"	C+	"8413.009"	"33976.069&dagger;"	"3d4.(5D).4s"	"a 4D"	"1/2"	"3d3.(4P).4s.4p.(3P*)"	"w 4D*"	"3/2"		"T9399"	"L15916"	
"391.1698"	"391.16919"	"40000*"	""		"18126.250"	"43683.397&dagger;"	"3d3.(4F).4s.4p.(3P*)"	"z 6D*"	"3/2"	"3d3.4s.(5F).4d"	"4D"	"3/2"		""	"L15916"	
"391.1698"	"391.16971"	"40000*"	""		"18174.074"	"43731.187"	"3d3.(4F).4s.4p.(3P*)"	"z 6F*"	"3/2"	"3d3.4s.(5F).4d"	"f 6P"	"3/2"		""	"L15916"	
"391.2200"	"391.21998"	"1000000*"	""		"8476.234"	"34030.063&dagger;"	"3d4.(5D).4s"	"a 4D"	"3/2"	"3d3.(2P).4s.4p.(3P*)"	"2D*"	"3/2"		""	"L15916"	
"391.2200"	"391.22004"	"1000000*"	""		"8413.009"	"33966.834"	"3d4.(5D).4s"	"a 4D"	"1/2"	"3d3.(4P).4s.4p.(3P*)"	"w 4D*"	"1/2"		""	"L15916"	
"391.23875"	"391.23872"	"290000"	""		"21841.421"	"47394.026"	"3d3.(4F).4s.4p.(3P*)"	"z 4G*"	"5/2"	"47394e"	"4F"	"3/2"		""	"L15916"	
"391.2881"	"391.28797"	"230000"	"2.12e+06"	C+	"8578.542"	"34127.931"	"3d4.(5D).4s"	"a 4D"	"5/2"	"3d3.(4P).4s.4p.(3P*)"	"w 4D*"	"7/2"		"T9399"	"L15916"	
"391.3578"	"391.35791"	"37000"	""		"18302.280"	"43847.103"	"3d3.(4F).4s.4p.(3P*)"	"z 6D*"	"7/2"	"3d3.4s.(5F).4d"	"f 6G"	"5/2"		""	"L15916"	
"391.4062"	"391.40584"	"15000"	""		"16572.638"	"42114.333"	"3d3.(4F).4s.4p.(3P*)"	"z 6G*"	"7/2"	"3d4.(5D).4d"	"e 6G"	"7/2"		""	"L15916"	
"391.4325"	"391.43280"	"50000bl"	""		"21603.259"	"47143.195&dagger;"	"3d4.(1G2).4s"	"b 2G"	"9/2"	"3d3.(2F).4s.4p.(3P*)"	"s 2F*"	"7/2"		""	"L4235"	
"391.5117"	"391.51165"	"40000"	"1.85e+06"	B	"15000.937"	"40535.729"	"3d4.(3H).4s"	"a 4H"	"11/2"	"3d4.(3G).4p"	"w 4H*"	"13/2"		"T9399"	"L15916"	
"391.5377"	"391.53766"	"64000"	""		"18198.091"	"43731.187"	"3d3.(4F).4s.4p.(3P*)"	"z 6D*"	"5/2"	"3d3.4s.(5F).4d"	"f 6P"	"3/2"		""	"L15916"	
"391.6535"	"391.65363"	"32000"	""		"18680.070"	"44205.606"	"3d3.(4F).4s.4p.(3P*)"	"z 6F*"	"11/2"	"3d3.4s.(5F).4d"	"6F"	"9/2"		""	"L15916"	
"391.9053"	"391.90524"	"17000"	""		"18372.462"	"43881.610"	"3d3.(4F).4s.4p.(3P*)"	"z 6F*"	"7/2"	"3d3.4s.(5F).4d"	"f 6P"	"5/2"		""	"L15916"	
"391.99805"	"391.99808"	"48000"	""		"14949.359"	"40452.466"	"3d4.(3H).4s"	"a 4H"	"9/2"	"3d4.(3G).4p"	"w 4H*"	"11/2"		""	"L15916"	
"392.04840"	"392.048378"	"470000"	"6.2e+06"	B	"8476.234"	"33976.069&dagger;"	"3d4.(5D).4s"	"a 4D"	"3/2"	"3d3.(4P).4s.4p.(3P*)"	"w 4D*"	"3/2"		"T9399"	"L15916"	
"392.1734"	"392.17348"	"9500"	"9.e+07"	D+	"18513.403"	"44005.104"	"3d3.(4F).4s.4p.(3P*)"	"z 6F*"	"9/2"	"3d3.4s.(5F).4d"	"f 6G"	"9/2"		"T9771"	"L15916"	
"392.19043"	"392.19042"	"470000"	"2.2e+07"	D+	"8476.234"	"33966.834"	"3d4.(5D).4s"	"a 4D"	"3/2"	"3d3.(4P).4s.4p.(3P*)"	"w 4D*"	"1/2"		"T284n"	"L15916"	
"392.24291"	"392.24291"	"1100000"	"1.98e+07"	B	"8578.542"	"34065.731"	"3d4.(5D).4s"	"a 4D"	"5/2"	"3d3.(4P).4s.4p.(3P*)"	"w 4D*"	"5/2"		"T9399"	"L15916"	
"392.4263"	"392.42655"	"8000"	""		"18174.074"	"43649.336"	"3d3.(4F).4s.4p.(3P*)"	"z 6F*"	"3/2"	"3d3.4s.(5F).4d"	"e 6H"	"5/2"		""	"L15916"	
"392.46495"	"392.46494"	"900000"	"3.39e+07"	B+	"15062.959"	"40535.729"	"3d4.(3H).4s"	"a 4H"	"13/2"	"3d4.(3G).4p"	"w 4H*"	"13/2"		"T9399"	"L15916"	
"392.4721"	"392.47169"	"3700"	""		"18258.855"	"43731.187"	"3d3.(4F).4s.4p.(3P*)"	"z 6F*"	"5/2"	"3d3.4s.(5F).4d"	"f 6P"	"3/2"		""	"L15916"	
"392.4764"	"392.47641"	"66000"	""		"19023.531"	"44495.557"	"3d4.(3H).4s"	"b 2H"	"9/2"	"3d4.(1G2).4p"	"s 2G*"	"7/2"		""	"L15916"	
"392.51940"	"392.51948"	"500000"	""		"19026.326"	"44495.557"	"3d4.(3F2).4s"	"a 2F"	"5/2"	"3d4.(1G2).4p"	"s 2G*"	"7/2"		""	"L15916"	
"392.52376"	"392.52378"	"1300000"	"9.2e+05"	B+	"552.955"	"26021.907"	"3d3.4s2"	"a 4F"	"9/2"	"3d3.(4F).4s.4p.(3P*)"	"z 2G*"	"7/2"		"T9399"	"L15916"	
"392.6692"	"392.66918"	"36000"	""		"18680.070"	"44139.591"	"3d3.(4F).4s.4p.(3P*)"	"z 6F*"	"11/2"	"3d3.4s.(5F).4d"	"f 6G"	"11/2"		""	"L15916"	
"392.7925"	"392.79249"	"750000*"	"3.3e+07"	C+	"15000.937"	"40452.466"	"3d4.(3H).4s"	"a 4H"	"11/2"	"3d4.(3G).4p"	"w 4H*"	"11/2"		"u40"	"L15916"	
"392.7925"	"392.79261"	"750000*"	""		"8578.542"	"34030.063&dagger;"	"3d4.(5D).4s"	"a 4D"	"5/2"	"3d3.(2P).4s.4p.(3P*)"	"2D*"	"3/2"		""	"L15916"	
"392.8465"	"392.84667"	"26000"	"6.4e+06"	C+	"18258.855"	"43706.874"	"3d3.(4F).4s.4p.(3P*)"	"z 6F*"	"5/2"	"3d3.4s.(5F).4d"	"e 6H"	"7/2"		"T9399"	"L15916"	
"393.00185"	"393.00181"	"1100000"	"3.08e+07"	B+	"11100.596"	"36538.569"	"3d3.4s2"	"a 2G"	"9/2"	"3d4.(3F2).4p"	"2G*"	"9/2"		"T9399"	"L15916"	
"393.12271"	"393.12264"	"150000"	""		"19023.531"	"44453.686"	"3d4.(3H).4s"	"b 2H"	"9/2"	"3d4.(1I).4p"	"2I*"	"11/2"		""	"L15916"	
"393.13348"	"393.13349"	"570000"	"3.10e+07"	B+	"14949.359"	"40378.812"	"3d4.(3H).4s"	"a 4H"	"9/2"	"3d4.(3G).4p"	"w 4H*"	"9/2"		"T9399"	"L15916"	
"393.3194"	"393.31922"	"12000"	""		"19078.112"	"44495.557"	"3d4.(3F2).4s"	"a 2F"	"7/2"	"3d4.(1G2).4p"	"s 2G*"	"7/2"		""	"L15916"	
"393.3446"	"393.34418"	"42000"	""		"14909.958"	"40325.790"	"3d4.(3H).4s"	"a 4H"	"7/2"	"3d4.(3G).4p"	"2F*"	"5/2"		""	"L15916"	
"393.3548"	"393.35486"	"38000"	"8.4e+06"	C+	"18372.462"	"43787.604"	"3d3.(4F).4s.4p.(3P*)"	"z 6F*"	"7/2"	"3d3.4s.(5F).4d"	"e 6H"	"9/2"		"T9399"	"L15916"	
"393.40070"	"393.40065"	"1200000"	"1.81e+07"	B	"8715.747"	"34127.931"	"3d4.(5D).4s"	"a 4D"	"7/2"	"3d3.(4P).4s.4p.(3P*)"	"w 4D*"	"7/2"		"T9399"	"L15916"	
"393.51310"	"393.51308"	"570000"	"3.19e+07"	B+	"14909.958"	"40314.882"	"3d4.(3H).4s"	"a 4H"	"7/2"	"3d4.(3G).4p"	"w 4H*"	"7/2"		"T9399"	"L15916"	
"393.62772"	"393.627689"	"470000"	"5.9e+06"	C+	"8578.542"	"33976.069&dagger;"	"3d4.(5D).4s"	"a 4D"	"5/2"	"3d3.(4P).4s.4p.(3P*)"	"w 4D*"	"3/2"		"T9399"	"L15916"	
"393.7520"	"393.75203"	"190000"	""		"15062.959"	"40452.466"	"3d4.(3H).4s"	"a 4H"	"13/2"	"3d4.(3G).4p"	"w 4H*"	"11/2"		""	"L15916"	
"393.8195"	"393.81957"	"170000"	""		"19078.112"	"44463.265"	"3d4.(3F2).4s"	"a 2F"	"7/2"	"3d4.(1G2).4p"	"s 2G*"	"9/2"		""	"L15916"	
"393.8879"	"393.88795"	"42000"	"8.2e+06"	B+	"18513.403"	"43894.149"	"3d3.(4F).4s.4p.(3P*)"	"z 6F*"	"9/2"	"3d3.4s.(5F).4d"	"e 6H"	"11/2"		"T9399"	"L15916"	
"393.9325"	"393.93251"	"190000"	"1.10e+07"	B+	"15000.937"	"40378.812"	"3d4.(3H).4s"	"a 4H"	"11/2"	"3d4.(3G).4p"	"w 4H*"	"9/2"		"T9399"	"L15916"	
"394.0582"	"394.05815"	"62000"	""		"14514.756"	"39884.540"	"3d3.4s2"	"2D2"	"3/2"	"3d4.(3P2).4p"	"v 2D*"	"3/2"		""	"L15916"	
"394.12439"	"394.12435"	"150000"	"8.0e+06"	B	"14949.359"	"40314.882"	"3d4.(3H).4s"	"a 4H"	"9/2"	"3d4.(3G).4p"	"w 4H*"	"7/2"		"T9399"	"L15916"	
"394.19950"	"394.19952"	"390000"	"8.2e+06"	D+	"11100.596"	"36461.282"	"3d3.4s2"	"a 2G"	"9/2"	"3d4.(3F2).4p"	"2G*"	"7/2"		"T284n"	"L15916"	
"394.3588"	"394.3590"	"100000"	""		"21646.420"	"46996.848&dagger;"	"3d4.(1G2).4s"	"b 2G"	"7/2"	"3d3.(2F).4s.4p.(3P*)"	"s 2F*"	"5/2"		""	"L15916"	
"394.3659"	"394.36594"	"700000"	"5.9e+06"	C+	"8715.747"	"34065.731"	"3d4.(5D).4s"	"a 4D"	"7/2"	"3d3.(4P).4s.4p.(3P*)"	"w 4D*"	"5/2"		"T9399"	"L15916"	
"394.3937"	"394.39379"	"32000"	"5.2e+06"	C+	"18680.070"	"44028.264"	"3d3.(4F).4s.4p.(3P*)"	"z 6F*"	"11/2"	"3d3.4s.(5F).4d"	"e 6H"	"13/2"		"T9399"	"L15916"	
"394.5188"	"394.51846"	"24000"	""		"16917.210"	"42257.394"	"3d3.(4F).4s.4p.(3P*)"	"z 6G*"	"11/2"	"3d4.(5D).4d"	"e 6G"	"11/2"		""	"L15916"	
"394.5879"	"394.58791"	"23000"	""		"14548.816"	"39884.540"	"3d3.4s2"	"2D2"	"5/2"	"3d4.(3P2).4p"	"v 2D*"	"3/2"		""	"L15916"	
"394.86234"	"394.86233"	"89000"	""		"19145.148"	"44463.265"	"3d4.(3H).4s"	"b 2H"	"11/2"	"3d4.(1G2).4p"	"s 2G*"	"9/2"		""	"L15916"	
"395.0117"	"395.01178"	"42000"	""		"19145.148"	"44453.686"	"3d4.(3H).4s"	"b 2H"	"11/2"	"3d4.(1I).4p"	"2I*"	"11/2"		""	"L15916"	
"395.02258"	"395.02260"	"330000"	""		"19145.148"	"44452.993"	"3d4.(3H).4s"	"b 2H"	"11/2"	"3d4.(1I).4p"	"2I*"	"13/2"		""	"L15916"	
"396.3609"	"396.36077"	"270000"	"4.6e+07"	C+	"22479.403"	"47701.807"	"3d4.(1I).4s"	"2I"	"13/2"	"3d3.(2G).4s.4p.(1P*)"	"2H*"	"11/2"		"T9399"	"L15916"	
"396.4428"	"396.44327"	"23000"	""		"17136.538"	"42353.693"	"3d3.(4F).4s.4p.(3P*)"	"z 6G*"	"13/2"	"3d4.(5D).4d"	"e 6G"	"13/2"		""	"L15916"	
"396.56743"	"396.56743"	":"	"7.4e+05"	C+	"14909.958"	"40119.218&dagger;"	"3d4.(3H).4s"	"a 4H"	"7/2"	"3d4.(3P2).4p"	"v 2D*"	"5/2"		"T9399"	"L18972"	
"397.1947"	"397.19467"	"52000"	""		"20767.609"	"45937.060"	"3d4.(3D).4s"	"b 4D"	"7/2"	"3d3.4s.(5F).5p"	"o 4D*"	"7/2"		""	"L15916"	
"397.3347"	"397.33472"	"55000"	""		"19023.531"	"44184.111"	"3d4.(3H).4s"	"b 2H"	"9/2"	"3d4.(1G2).4p"	"t 2H*"	"11/2"		""	"L15916"	
"397.5342"	"397.53431"	"40000"	""		"20789.112"	"45937.060"	"3d4.(3D).4s"	"b 4D"	"5/2"	"3d3.4s.(5F).5p"	"o 4D*"	"7/2"		""	"L15916"	
"397.834"	"397.83387"	"42000"	""		"14909.958"	"40038.970"	"3d4.(3H).4s"	"a 4H"	"7/2"	"3d4.(3H).4p"	"u 4G*"	"9/2"		""	"L14162"	
"397.9137"	"397.91365"	"160000"	""		"20767.609"	"45891.583"	"3d4.(3D).4s"	"b 4D"	"7/2"	"3d3.(2F).4s.4p.(3P*)"	"p 4F*"	"9/2"		""	"L15916"	
"397.94194"	"397.94196"	"170000"	""		"19023.531"	"44145.718"	"3d4.(3H).4s"	"b 2H"	"9/2"	"3d4.(1G2).4p"	"t 2H*"	"9/2"		""	"L15916"	
"398.0508"	"398.05089"	"150000"	"4.5e+07"	C+	"22496.546"	"47611.858"	"3d4.(1I).4s"	"2I"	"11/2"	"3d3.(2G).4s.4p.(1P*)"	"2H*"	"9/2"		"T9399"	"L15916"	
"398.0634"	"398.06352"	"4300"	""		"14949.359"	"40063.874"	"3d4.(3H).4s"	"a 4H"	"9/2"	"3d4.(3H).4p"	"u 4G*"	"11/2"		""	"L15916"	
"398.4329"	"398.43291"	"190000"	""		"14909.958"	"40001.190"	"3d4.(3H).4s"	"a 4H"	"7/2"	"3d4.(3H).4p"	"u 4G*"	"7/2"		""	"L15916"	
"398.45865"	"398.45865"	"340000"	"1.35e+07"	B+	"14949.359"	"40038.970"	"3d4.(3H).4s"	"a 4H"	"9/2"	"3d4.(3H).4p"	"u 4G*"	"9/2"		"T9399"	"L15916"	
"398.763"	"398.76283"	"35000"	""		"20767.609"	"45838.082"	"3d4.(3D).4s"	"b 4D"	"7/2"	"3d3.4s.(5F).5p"	"o 4D*"	"5/2"		""	"L14162"	
"398.8084"	"398.80844"	"26000bl"	""		"19078.112"	"44145.718"	"3d4.(3F2).4s"	"a 2F"	"7/2"	"3d4.(1G2).4p"	"t 2H*"	"9/2"		""	"L4235"	
"398.8827"	"398.88273"	"340000"	"9.9e+06"	B+	"15000.937"	"40063.874"	"3d4.(3H).4s"	"a 4H"	"11/2"	"3d4.(3H).4p"	"u 4G*"	"11/2"		"T9399"	"L15916"	
"399.05373"	"399.05382"	"860000"	"9.2e+07"	B+	"14909.958"	"39962.150"	"3d4.(3H).4s"	"a 4H"	"7/2"	"3d4.(3H).4p"	"u 4G*"	"5/2"		"T9399"	"L15916"	
"399.05959"	"399.05957"	"2100000"	"8.7e+07"	C+	"14949.359"	"40001.190"	"3d4.(3H).4s"	"a 4H"	"9/2"	"3d4.(3H).4p"	"u 4G*"	"7/2"		"u40"	"L15916"	
"399.1048"	"399.10515"	"34000"	""		"20789.112"	"45838.082"	"3d4.(3D).4s"	"b 4D"	"5/2"	"3d3.4s.(5F).5p"	"o 4D*"	"5/2"		""	"L15916"	
"399.26466"	"399.26466"	"140000"	""		"19145.148"	"44184.111"	"3d4.(3H).4s"	"b 2H"	"11/2"	"3d4.(1G2).4p"	"t 2H*"	"11/2"		""	"L15916"	
"399.27948"	"399.27949"	"990000"	"8.6e+07"	B+	"15000.937"	"40038.970"	"3d4.(3H).4s"	"a 4H"	"11/2"	"3d4.(3H).4p"	"u 4G*"	"9/2"		"T9399"	"L15916"	
"399.4878"	"399.48785"	"56000"	""		"20813.108"	"45838.082"	"3d4.(3D).4s"	"b 4D"	"3/2"	"3d3.4s.(5F).5p"	"o 4D*"	"5/2"		""	"L15916"	
"399.87232"	"399.87230"	"1600000"	"9.8e+07"	B+	"15062.959"	"40063.874"	"3d4.(3H).4s"	"a 4H"	"13/2"	"3d4.(3H).4p"	"u 4G*"	"11/2"		"T9399"	"L15916"	
"399.993"	"399.98903"	"55000"	""		"137.383"	"25131.002"	"3d3.4s2"	"a 4F"	"5/2"	"3d4.(5D).4p"	"z 4P*"	"5/2"		""	"L4235"	
"400.0079"	"400.00795"	"43000"	""		"20767.609"	"45760.046"	"3d4.(3D).4s"	"b 4D"	"7/2"	"3d3.(2F).4s.4p.(3P*)"	"p 4F*"	"7/2"		""	"L15916"	
"400.16611"	"400.16611"	":"	"1.6e+05"	C	"9637.039"	"34619.598"	"3d3.4s2"	"a 4P"	"3/2"	"3d3.(4F).4s.4p.(1P*)"	"v 4D*"	"5/2"		"T9399"	"L18972"	
"400.2030"	"400.20307"	"410000"	""		"24838.578"	"49818.830"	"3d4.(5D).4p"	"z 6P*"	"7/2"	"49818e"	"6D"	"9/2"		""	"L15916"	
"400.2463"	"400.24633"	"230000"	""		"24727.841"	"49705.393"	"3d4.(5D).4p"	"z 6P*"	"5/2"	"49705e"	"6D"	"7/2"		""	"L15916"	
"400.3161"	"400.31613"	"16000"	""		"20789.112"	"45762.309"	"3d4.(3D).4s"	"b 4D"	"5/2"	"3d3.4s.(5F).5p"	"o 4D*"	"3/2"		""	"L15916"	
"400.3524"	"400.35241"	"63000"	""		"20789.112"	"45760.046"	"3d4.(3D).4s"	"b 4D"	"5/2"	"3d3.(2F).4s.4p.(3P*)"	"p 4F*"	"7/2"		""	"L15916"	
"400.4304"	"400.43046"	"90000"	""		"24648.114"	"49614.181"	"3d4.(5D).4p"	"z 6P*"	"3/2"	"49614e"	"6D"	"5/2"		""	"L15916"	
"400.7013"	"400.70116"	"12000"	""		"20813.108"	"45762.309"	"3d4.(3D).4s"	"b 4D"	"3/2"	"3d3.4s.(5F).5p"	"o 4D*"	"3/2"		""	"L15916"	
"400.9782"	"400.97818"	"41000"	""		"20830.344"	"45762.309"	"3d4.(3D).4s"	"b 4D"	"1/2"	"3d3.4s.(5F).5p"	"o 4D*"	"3/2"		""	"L15916"	
"401.1305"	"401.13043"	"54000"	"1.09e+06"	C+	"9824.626"	"34747.128"	"3d3.4s2"	"a 4P"	"5/2"	"3d3.(4F).4s.4p.(1P*)"	"v 4D*"	"7/2"		"T9399"	"L15916"	
"401.2495"	"401.24878"	"210000bl,r"	""		"0.000"	"24915.151"	"3d3.4s2"	"a 4F"	"3/2"	"3d4.(5D).4p"	"z 4P*"	"3/2"		""	"L4235"	
"401.5067"	"401.50690"	"180000"	""		"24648.114"	"49547.248"	"3d4.(5D).4p"	"z 6P*"	"3/2"	"49547e"	"6D"	"3/2"		""	"L15916"	
"401.53472"	"401.53477"	"6800"	""		"15103.784"	"40001.190"	"3d3.4s2"	"a 2H"	"9/2"	"3d4.(3H).4p"	"u 4G*"	"7/2"		""	"L4235"	
"401.5659"	"401.56601"	"19000"	""		"17054.924"	"41950.393"	"3d4.(3G).4s"	"a 4G"	"5/2"	"3d4.(3D).4p"	"u 2F*"	"5/2"		""	"L4235"	
"401.6663"	"401.66640"	"20000"	""		"20813.108"	"45702.355"	"3d4.(3D).4s"	"b 4D"	"3/2"	"3d3.4s.(5F).5p"	"o 4D*"	"1/2"		""	"L15916"	
"401.7133"	"401.71332"	"190000"	""		"24727.841"	"49614.181"	"3d4.(5D).4p"	"z 6P*"	"5/2"	"49614e"	"6D"	"5/2"		""	"L15916"	
"401.74887"	"401.74887"	":"	"1.5e+05"	C	"9544.635"	"34428.773"	"3d3.4s2"	"a 4P"	"1/2"	"3d3.(2D2).4s.4p.(3P*)"	"4F*"	"3/2"		"T9399"	"L18972"	
"401.8932"	"401.89321"	"14000"	""		"20813.108"	"45688.309"	"3d4.(3D).4s"	"b 4D"	"3/2"	"3d3.(2F).4s.4p.(3P*)"	"p 4F*"	"5/2"		""	"L15916"	
"401.91367"	"401.91376"	"35000"	"4.9e+05"	C+	"14548.816"	"39422.745"	"3d3.4s2"	"2D2"	"5/2"	"3d4.(3P2).4p"	"w 4P*"	"5/2"		"T9399"	"L7789"	
"401.9449"	"401.94476"	"18000"	""		"20830.344"	"45702.355"	"3d4.(3D).4s"	"b 4D"	"1/2"	"3d3.4s.(5F).5p"	"o 4D*"	"1/2"		""	"L15916"	
"402.0287"	"402.02875"	"150000"	""		"24838.578"	"49705.393"	"3d4.(5D).4p"	"z 6P*"	"7/2"	"49705e"	"6D"	"7/2"		""	"L15916"	
"402.0539"	"402.05395"	"23000"	""		"20789.112"	"45654.368"	"3d4.(3D).4s"	"b 4D"	"5/2"	"45654o"	"2D*"	"5/2"		""	"L15916"	
"402.1414"	"402.14155"	"5500"	""		"20789.112"	"45648.952"	"3d4.(3D).4s"	"b 4D"	"5/2"	"3d3.(2F).4s.4p.(3P*)"	"p 4F*"	"3/2"		""	"L4235"	
"402.1682"	"402.16822"	"110000"	""		"24648.114"	"49506.305"	"3d4.(5D).4p"	"z 6P*"	"3/2"	"49506e"	"6D"	"1/2"		""	"L15916"	
"402.1909"	"402.19091"	"51000"	"1.02e+07"	B	"15078.387"	"39935.176"	"3d4.(3P2).4s"	"b 4P"	"1/2"	"3d4.(3F2).4p"	"s 4D*"	"3/2"		"T9399"	"L15916"	
"402.2095"	"402.21135"	"140000bl"	""		"137.383"	"24992.909"	"3d3.4s2"	"a 4F"	"5/2"	"3d4.(5D).4p"	"y 6F*"	"7/2"		""	"L4235"	
"402.3050"	"402.30487"	"28000"	"3.6e+05"	C+	"9637.039"	"34486.787"	"3d3.4s2"	"a 4P"	"3/2"	"3d3.(2D2).4s.4p.(3P*)"	"4F*"	"5/2"		"T9399"	"L15916"	
"402.31694"	"402.31693"	"170000"	""		"19026.326"	"43875.329"	"3d4.(3F2).4s"	"a 2F"	"5/2"	"3d4.(1G2).4p"	"t 2F*"	"5/2"		""	"L15916"	
"402.3427"	"402.34259"	"28000"	""		"19026.326"	"43873.744"	"3d4.(3F2).4s"	"a 2F"	"5/2"	"3d4.(1G2).4p"	"t 2F*"	"7/2"		""	"L15916"	
"402.4424"	"402.44233"	"21000"	""		"20813.108"	"45654.368"	"3d4.(3D).4s"	"b 4D"	"3/2"	"45654o"	"2D*"	"5/2"		""	"L15916"	
"402.5300"	"402.53010"	"26000"	""		"20813.108"	"45648.952"	"3d4.(3D).4s"	"b 4D"	"3/2"	"3d3.(2F).4s.4p.(3P*)"	"p 4F*"	"3/2"		""	"L15916"	
"402.620"	"402.62126"	"4000"	""		"0.000"	"24830.221"	"3d3.4s2"	"a 4F"	"3/2"	"3d4.(5D).4p"	"y 6F*"	"3/2"		""	"L14162"	
"402.6910"	"402.69099"	"18000"	""		"24992.909"	"49818.830"	"3d4.(5D).4p"	"y 6F*"	"7/2"	"49818e"	"6D"	"9/2"		""	"L15916"	
"402.7967"	"402.79668"	"60000"	""		"24727.841"	"49547.248"	"3d4.(5D).4p"	"z 6P*"	"5/2"	"49547e"	"6D"	"3/2"		""	"L15916"	
"402.8099"	"402.80965"	"6400"	""		"20830.344"	"45648.952"	"3d4.(3D).4s"	"b 4D"	"1/2"	"3d3.(2F).4s.4p.(3P*)"	"p 4F*"	"3/2"		""	"L15916"	
"402.9889"	"402.98888"	"51000"	"1.02e+05"	C+	"323.432"	"25131.002"	"3d3.4s2"	"a 4F"	"7/2"	"3d4.(5D).4p"	"z 4P*"	"5/2"		"T9399"	"L15916"	
"403.0046"	"403.00482"	"100000bl(V II)"	""		"24898.804"	"49705.393"	"3d4.(5D).4p"	"y 6F*"	"5/2"	"49705e"	"6D"	"7/2"		""	"L15916"	
"403.0118"	"403.01190"	"13000"	""		"15078.387"	"39884.540"	"3d4.(3P2).4s"	"b 4P"	"1/2"	"3d4.(3P2).4p"	"v 2D*"	"3/2"		""	"L4235"	
"403.1219"	"403.12167"	"78000"	"2.41e+07"	B	"15078.387"	"39877.786"	"3d4.(3P2).4s"	"b 4P"	"1/2"	"3d4.(3F2).4p"	"s 4D*"	"1/2"		"T9399"	"L15916"	
"403.1571"	"403.15714"	"11000"	""		"19078.112"	"43875.329"	"3d4.(3F2).4s"	"a 2F"	"7/2"	"3d4.(1G2).4p"	"t 2F*"	"5/2"		""	"L15916"	
"403.18290"	"403.18291"	"400000"	""		"19078.112"	"43873.744"	"3d4.(3F2).4s"	"a 2F"	"7/2"	"3d4.(1G2).4p"	"t 2F*"	"7/2"		""	"L15916"	
"403.249"	"403.24630"	"57000bl"	""		"9637.039"	"34428.773"	"3d3.4s2"	"a 4P"	"3/2"	"3d3.(2D2).4s.4p.(3P*)"	"4F*"	"3/2"		""	"L4235"	
"403.2844"	"403.28426"	"29000"	"3.0e+05"	B	"0.000"	"24789.401"	"3d3.4s2"	"a 4F"	"3/2"	"3d4.(5D).4p"	"y 6F*"	"1/2"		"T9399"	"L15916"	
"403.306"	"403.30638"	"71000"	""		"323.432"	"25111.473"	"3d3.4s2"	"a 4F"	"7/2"	"3d4.(5D).4p"	"y 6F*"	"9/2"		""	"L14162"	
"403.3727"	"403.37279"	"72000"	""		"24830.221"	"49614.181"	"3d4.(5D).4p"	"y 6F*"	"3/2"	"49614e"	"6D"	"5/2"		""	"L15916"	
"403.4736"	"403.473598"	"12000"	""		"137.383"	"24915.151"	"3d3.4s2"	"a 4F"	"5/2"	"3d4.(5D).4p"	"z 4P*"	"3/2"		""	"L15916"	
"403.5089"	"403.50886"	"19000"	""		"24838.578"	"49614.181"	"3d4.(5D).4p"	"z 6P*"	"7/2"	"49614e"	"6D"	"5/2"		""	"L15916"	
"403.5887"	"403.58917"	"160000"	""		"0.000"	"24770.673"	"3d3.4s2"	"a 4F"	"3/2"	"3d4.(5D).4p"	"z 4P*"	"1/2"		""	"L4235"	
"403.616"	"403.61713"	"18000"	""		"15078.387"	"39847.344"	"3d4.(3P2).4s"	"b 4P"	"1/2"	"3d4.(3P2).4p"	"x 4S*"	"3/2"		""	"L14162"	
"403.7245"	"403.72424"	"11000"	""		"20813.108"	"45575.494"	"3d4.(3D).4s"	"b 4D"	"3/2"	"45575o"	"2D*"	"3/2"		""	"L15916"	
"403.7387"	"403.73997"	"8700bl"	""		"137.383"	"24898.804"	"3d3.4s2"	"a 4F"	"5/2"	"3d4.(5D).4p"	"y 6F*"	"5/2"		""	"L4235"	
"403.7983"	"403.79825"	"74000"	""		"24789.401"	"49547.248"	"3d4.(5D).4p"	"y 6F*"	"1/2"	"49547e"	"6D"	"3/2"		""	"L15916"	
"404.0059"	"404.00545"	"12000"	""		"20830.344"	"45575.494"	"3d4.(3D).4s"	"b 4D"	"1/2"	"45575o"	"2D*"	"3/2"		""	"L15916"	
"404.0292"	"404.029127"	"35000"	"4.1e+06"	B+	"17116.947"	"41860.647"	"3d4.(3G).4s"	"a 4G"	"7/2"	"3d4.(3G).4p"	"t 4G*"	"9/2"		"T9399"	"L15916"	
"404.1520"	"404.15192"	"25000"	""		"17182.073"	"41918.255"	"3d4.(3G).4s"	"a 4G"	"9/2"	"3d4.(3G).4p"	"t 4G*"	"11/2"		""	"L15916"	
"404.2630"	"404.26303"	"460000"	"1.95e+07"	B	"15270.582"	"39999.966"	"3d4.(3P2).4s"	"b 4P"	"3/2"	"3d4.(3F2).4p"	"s 4D*"	"5/2"		"T9399"	"L15916"	
"404.49213"	"404.49214"	"430000"	""		"24898.804"	"49614.181"	"3d4.(5D).4p"	"y 6F*"	"5/2"	"49614e"	"6D"	"5/2"		""	"L15916"	
"404.5395"	"404.53949"	"420000"	""		"24992.909"	"49705.393"	"3d4.(5D).4p"	"y 6F*"	"7/2"	"49705e"	"6D"	"7/2"		""	"L15916"	
"404.6236"	"404.62344"	"330000"	""		"25111.473"	"49818.830"	"3d4.(5D).4p"	"y 6F*"	"9/2"	"49818e"	"6D"	"9/2"		""	"L15916"	
"404.6878"	"404.687715"	"34000"	"5.1e+06"	B	"17054.924"	"41758.357"	"3d4.(3G).4s"	"a 4G"	"5/2"	"3d4.(3G).4p"	"t 4G*"	"7/2"		"T9399"	"L15916"	
"404.742"	"404.74267"	"8100"	""		"15688.862"	"40388.941"	"3d4.(3F2).4s"	"b 4F"	"5/2"	"3d3.(2D2).4s.4p.(3P*)"	"2D*"	"3/2"		""	"L4235"	
"404.74213"	"404.74213"	":"	"2.2e+06"	C	"14548.816"	"39248.928"	"3d3.4s2"	"2D2"	"5/2"	"3d4.(3P2).4p"	"w 4P*"	"3/2"		"T9399"	"L18972"	
"404.8615"	"404.86136"	"310000"	"2.9e+05"	B	"137.383"	"24830.221"	"3d3.4s2"	"a 4F"	"5/2"	"3d4.(5D).4p"	"y 6F*"	"3/2"		"T9399"	"L15916"	
"405.09536"	"405.095370"	"1300000"	"7.0e+07"	B+	"17182.073"	"41860.647"	"3d4.(3G).4s"	"a 4G"	"9/2"	"3d4.(3G).4p"	"t 4G*"	"9/2"		"T9399"	"L15916"	
"405.1349"	"405.13459"	"1300000bl"	"1.1e+08"	D+	"17242.070"	"41918.255"	"3d4.(3G).4s"	"a 4G"	"11/2"	"3d4.(3G).4p"	"t 4G*"	"11/2"		"T284n"	"L15916"	
"405.2447"	"405.24475"	"15000"	"4.5e+04"	C+	"323.432"	"24992.909"	"3d3.4s2"	"a 4F"	"7/2"	"3d4.(5D).4p"	"y 6F*"	"7/2"		"T9399"	"L15916"	
"405.3249"	"405.32498"	"190000"	"1.22e+07"	B	"15270.582"	"39935.176"	"3d4.(3P2).4s"	"b 4P"	"3/2"	"3d4.(3F2).4p"	"s 4D*"	"3/2"		"T9399"	"L15916"	
"405.3648"	"405.36497"	"13000"	""		"9824.626"	"34486.787"	"3d3.4s2"	"a 4P"	"5/2"	"3d3.(2D2).4s.4p.(3P*)"	"4F*"	"5/2"		""	"L15916"	
"405.59058"	"405.59056"	"470000"	""		"24898.804"	"49547.248"	"3d4.(5D).4p"	"y 6F*"	"5/2"	"49547e"	"6D"	"3/2"		""	"L15916"	
"405.70638"	"405.706344"	"1000000"	"7.5e+07"	B+	"17116.947"	"41758.357"	"3d4.(3G).4s"	"a 4G"	"7/2"	"3d4.(3G).4p"	"t 4G*"	"7/2"		"T9399"	"L15916"	
"405.782"	"405.78015"	"490000"	""		"15688.862"	"40325.790"	"3d4.(3F2).4s"	"b 4F"	"5/2"	"3d4.(3G).4p"	"2F*"	"5/2"		""	"L14162"	
"406.03820"	"406.03818"	"800000"	""		"24992.909"	"49614.181"	"3d4.(5D).4p"	"y 6F*"	"7/2"	"49614e"	"6D"	"5/2"		""	"L15916"	
"406.0827"	"406.08263"	"21000"	"2.4e+06"	C+	"17242.070"	"41860.647"	"3d4.(3G).4s"	"a 4G"	"11/2"	"3d4.(3G).4p"	"t 4G*"	"9/2"		"T9399"	"L15916"	
"406.1585"	"406.15884"	"5300"	""		"15270.582"	"39884.540"	"3d4.(3P2).4s"	"b 4P"	"3/2"	"3d4.(3P2).4p"	"v 2D*"	"3/2"		""	"L4235"	
"406.27032"	"406.27032"	":"	"6.3e+06"	C+	"15270.582"	"39877.786"	"3d4.(3P2).4s"	"b 4P"	"3/2"	"3d4.(3F2).4p"	"s 4D*"	"1/2"		"T9399"	"L18972"	
"406.39258"	"406.39257"	"830000"	"9.6e+07"	C+	"17054.924"	"41654.726"	"3d4.(3G).4s"	"a 4G"	"5/2"	"3d4.(3G).4p"	"t 4G*"	"5/2"		"T9282"	"L15916"	
"406.48980"	"406.48977"	"1400000"	""		"25111.473"	"49705.393"	"3d4.(5D).4p"	"y 6F*"	"9/2"	"49705e"	"6D"	"7/2"		""	"L15916"	
"406.542"	"406.54377"	"12000"	""		"15724.229"	"40314.882"	"3d4.(3F2).4s"	"b 4F"	"7/2"	"3d4.(3G).4p"	"w 4H*"	"7/2"		""	"L4235"	
"406.7736"	"406.77356"	"65000"	"1.19e+07"	B	"15270.582"	"39847.344"	"3d4.(3P2).4s"	"b 4P"	"3/2"	"3d4.(3P2).4p"	"x 4S*"	"3/2"		"T9399"	"L15916"	
"406.7966"	"406.79657"	"61000"	"2.35e+05"	B	"323.432"	"24898.804"	"3d3.4s2"	"a 4F"	"7/2"	"3d4.(5D).4p"	"y 6F*"	"5/2"		"T9399"	"L15916"	
"406.96213"	"406.96215"	"1900000"	""		"25253.457"	"49818.830"	"3d4.(5D).4p"	"y 6F*"	"11/2"	"49818e"	"6D"	"9/2"		""	"L15916"	
"407.0762"	"407.07575"	"55000"	""		"552.955"	"25111.473"	"3d3.4s2"	"a 4F"	"9/2"	"3d4.(5D).4p"	"y 6F*"	"9/2"		""	"L15916"	
"407.1532"	"407.15324"	"880000"	""		"15572.035"	"40125.879"	"3d4.(3P2).4s"	"b 4P"	"5/2"	"3d4.(3F2).4p"	"s 4D*"	"7/2"		""	"L15916"	
"407.2129"	"407.21291"	"180000"	"1.49e+06"	C+	"9824.626"	"34374.872"	"3d3.4s2"	"a 4P"	"5/2"	"3d3.(2D2).4s.4p.(3P*)"	"4F*"	"7/2"		"T9399"	"L15916"	
"407.419"	"407.41981"	"53000"	""		"17116.947"	"41654.726"	"3d4.(3G).4s"	"a 4G"	"7/2"	"3d4.(3G).4p"	"t 4G*"	"5/2"		""	"L14162"	
"407.797"	"407.79596"	"4400"	""		"323.432"	"24838.578"	"3d3.4s2"	"a 4F"	"7/2"	"3d4.(5D).4p"	"z 6P*"	"7/2"		""	"L14162"	
"407.871"	"407.86941"	"7400"	""		"137.383"	"24648.114"	"3d3.4s2"	"a 4F"	"5/2"	"3d4.(5D).4p"	"z 6P*"	"3/2"		""	"L14162"	
"407.93324"	"407.93326"	"150000"	""		"23210.560"	"47717.455"	"3d3.(4F).4s.4p.(3P*)"	"z 4F*"	"5/2"	"47717e"	"4F"	"7/2"		""	"L15916"	
"408.2909"	"408.29091"	"300000"	""		"9544.635"	"34030.063&dagger;"	"3d3.4s2"	"a 4P"	"1/2"	"3d3.(2P).4s.4p.(3P*)"	"2D*"	"3/2"		""	"L15916"	
"408.4216"	"408.42150"	"10000"	""		"17182.073"	"41659.672"	"3d4.(3G).4s"	"a 4G"	"9/2"	"3d4.(3G).4p"	"v 2H*"	"11/2"		""	"L15916"	
"408.9941"	"408.99406"	"120000"	""		"23088.074"	"47531.407"	"3d3.(4F).4s.4p.(3P*)"	"z 4F*"	"3/2"	"47531e"	"4F"	"5/2"		""	"L15916"	
"409.0508"	"409.05061"	"47000"	""		"552.955"	"24992.909"	"3d3.4s2"	"a 4F"	"9/2"	"3d4.(5D).4p"	"y 6F*"	"7/2"		""	"L15916"	
"409.05680"	"409.05680"	"5300000"	"5.4e+07"	B+	"8715.747"	"33155.331"	"3d4.(5D).4s"	"a 4D"	"7/2"	"3d3.(4F).4s.4p.(1P*)"	"w 4F*"	"9/2"		"T9627"	"L15916"	
"409.19329"	"409.19326"	"230000"	"2.9e+06"	C+	"9544.635"	"33976.069&dagger;"	"3d3.4s2"	"a 4P"	"1/2"	"3d3.(4P).4s.4p.(3P*)"	"w 4D*"	"3/2"		"T9399"	"L15916"	
"409.23921"	"409.23919"	"840000"	"1.08e+07"	C+	"9637.039"	"34065.731"	"3d3.4s2"	"a 4P"	"3/2"	"3d3.(4P).4s.4p.(3P*)"	"w 4D*"	"5/2"		"T9399"	"L15916"	
"409.2521"	"409.25194"	"95000"	"1.41e+07"	C+	"15572.035"	"39999.966"	"3d4.(3P2).4s"	"b 4P"	"5/2"	"3d4.(3F2).4p"	"s 4D*"	"5/2"		"T9399"	"L15916"	
"409.26828"	"409.26831"	"11000000"	"2.24e+07"	B+	"2311.369"	"26738.323"	"3d4.(5D).4s"	"a 6D"	"7/2"	"3d4.(5D).4p"	"y 6D*"	"9/2"		"T9399"	"L15916"	
"409.3480"	"409.34734"	"560000*"	""		"17116.947"	"41539.185"	"3d4.(3G).4s"	"a 4G"	"7/2"	"3d4.(3G).4p"	"t 2G*"	"9/2"		""	"L15916"	
"409.3480"	"409.34800"	"560000*"	"1.6e+07"	D+	"9544.635"	"33966.834"	"3d3.4s2"	"a 4P"	"1/2"	"3d3.(4P).4s.4p.(3P*)"	"w 4D*"	"1/2"		"T284n"	"L15916"	
"409.4268"	"409.42506"	"240000*"	""		"17242.070"	"41659.672"	"3d4.(3G).4s"	"a 4G"	"11/2"	"3d4.(3G).4p"	"v 2H*"	"11/2"		""	"L4235"	
"409.4268"	"409.429071"	"240000*"	""		"17182.073"	"41599.436"	"3d4.(3G).4s"	"a 4G"	"9/2"	"3d4.(3G).4p"	"t 4F*"	"9/2"		""	"L4235"	
"409.54751"	"409.547490"	"4300000"	"4.2e+07"	B	"8578.542"	"32988.845"	"3d4.(5D).4s"	"a 4D"	"5/2"	"3d3.(4F).4s.4p.(1P*)"	"w 4F*"	"7/2"		"T9627"	"L15916"	
"409.6928"	"409.69272"	"60000"	""		"15724.229"	"40125.879"	"3d4.(3F2).4s"	"b 4F"	"7/2"	"3d4.(3F2).4p"	"s 4D*"	"7/2"		""	"L15916"	
"409.83759"	"409.83760"	"190000"	""		"9637.039"	"34030.063&dagger;"	"3d3.4s2"	"a 4P"	"3/2"	"3d3.(2P).4s.4p.(3P*)"	"2D*"	"3/2"		""	"L15916"	
"409.8477"	"409.84767"	"12000"	"6.8e+05"	C+	"14949.359"	"39341.784"	"3d4.(3H).4s"	"a 4H"	"9/2"	"3d4.(3F2).4p"	"u 4F*"	"7/2"		"T9399"	"L15916"	
"409.8790"	"409.87869"	"9000"	""		"14909.958"	"39300.537"	"3d4.(3H).4s"	"a 4H"	"7/2"	"3d4.(3F2).4p"	"u 4F*"	"5/2"		""	"L15916"	
"409.88615"	"409.88576"	"6200*"	""		"20767.609"	"45157.767"	"3d4.(3D).4s"	"b 4D"	"7/2"	"3d3.(4F).4s.5p"	"q 4F*"	"7/2"		""	"L4235"	
"409.88615"	"409.88603"	"6200*"	""		"15000.937"	"39391.079"	"3d4.(3H).4s"	"a 4H"	"11/2"	"3d4.(3F2).4p"	"u 4F*"	"9/2"		""	"L4235"	
"409.97835"	"409.97833"	"17000000"	"3.91e+07"	B+	"2220.156"	"26604.807&dagger;"	"3d4.(5D).4s"	"a 6D"	"5/2"	"3d4.(5D).4p"	"y 6D*"	"7/2"		"T9399"	"L15916"	
"410.0989"	"410.09880"	"37000bl(V II)"	""		"20767.609"	"45145.097"	"3d4.(3D).4s"	"b 4D"	"7/2"	"3d3.4s.(5F).5p"	"4G*"	"9/2"		""	"L15916"	
"410.1334"	"410.13329"	"6900"	""		"17116.947"	"41492.385&dagger;"	"3d4.(3G).4s"	"a 4G"	"7/2"	"3d4.(3G).4p"	"t 4F*"	"7/2"		""	"L15916"	
"410.1581"	"410.15550"	"7600"	""		"17054.924"	"41429.042"	"3d4.(3G).4s"	"a 4G"	"5/2"	"3d4.(3G).4p"	"t 4F*"	"5/2"		""	"L4235"	
"410.21490"	"410.21491"	"2900000"	"3.5e+07"	B	"8476.234"	"32846.822"	"3d4.(5D).4s"	"a 4D"	"3/2"	"3d3.(4F).4s.4p.(1P*)"	"w 4F*"	"5/2"		"T9399"	"L15916"	
"410.2471"	"410.24745"	"6900"	""		"20789.112"	"45157.767"	"3d4.(3D).4s"	"b 4D"	"5/2"	"3d3.(4F).4s.5p"	"q 4F*"	"7/2"		""	"L15916"	
"410.32044"	"410.32045"	"1200000"	""		"23353.135"	"47717.455"	"3d3.(4F).4s.4p.(3P*)"	"z 4F*"	"7/2"	"47717e"	"4F"	"7/2"		""	"L15916"	
"410.3404"	"410.34030"	"37000"	"7.1e+06"	C+	"15572.035"	"39935.176"	"3d4.(3P2).4s"	"b 4P"	"5/2"	"3d4.(3F2).4p"	"s 4D*"	"3/2"		"T9399"	"L15916"	
"410.4377"	"410.43760"	"840000"	""		"17242.070"	"41599.436"	"3d4.(3G).4s"	"a 4G"	"11/2"	"3d4.(3G).4p"	"t 4F*"	"9/2"		""	"L15916"	
"410.4767"	"410.47595"	"990000"	"1.7e+08"	D+	"15770.789"	"40125.879"	"3d4.(3F2).4s"	"b 4F"	"9/2"	"3d4.(3F2).4p"	"s 4D*"	"7/2"		"T284n"	"L4235"	
"410.51572"	"410.51570"	"17000000"	"4.81e+07"	B+	"2153.221"	"26505.953"	"3d4.(5D).4s"	"a 6D"	"3/2"	"3d4.(5D).4p"	"y 6D*"	"5/2"		"T9399"	"L15916"	
"410.74686"	"410.74681"	"300000"	"3.8e+06"	C+	"9637.039"	"33976.069&dagger;"	"3d3.4s2"	"a 4P"	"3/2"	"3d3.(4P).4s.4p.(3P*)"	"w 4D*"	"3/2"		"T9399"	"L15916"	
"410.81960"	"410.81956"	"440000"	"7.7e+07"	C+	"17054.924"	"41389.644"	"3d4.(3G).4s"	"a 4G"	"5/2"	"3d4.(3G).4p"	"t 4F*"	"3/2"		"T9282"	"L15916"	
"410.9028"	"410.90272"	"40000"	""		"9637.039"	"33966.834"	"3d3.4s2"	"a 4P"	"3/2"	"3d3.(4P).4s.4p.(3P*)"	"w 4D*"	"1/2"		""	"L15916"	
"410.97572"	"410.97575"	"14000000"	"4.64e+07"	B+	"2112.282"	"26437.754"	"3d4.(5D).4s"	"a 6D"	"1/2"	"3d4.(5D).4p"	"y 6D*"	"3/2"		"T9399"	"L15916"	
"410.98173"	"410.98168"	"930000"	"2.91e+07"	B	"8413.009"	"32738.130"	"3d4.(5D).4s"	"a 4D"	"1/2"	"3d3.(4F).4s.4p.(1P*)"	"w 4F*"	"3/2"		"T9627"	"L15916"	
"411.05392"	"411.05390"	"990000"	""		"23210.560"	"47531.407"	"3d3.(4F).4s.4p.(3P*)"	"z 4F*"	"5/2"	"47531e"	"4F"	"5/2"		""	"L15916"	
"411.07381"	"411.07391"	"36000"	"2.69e+06"	B+	"17116.947"	"41436.610&dagger;"	"3d4.(3G).4s"	"a 4G"	"7/2"	"3d4.(3G).4p"	"t 2G*"	"7/2"		"T9399"	"L4235"	
"411.1571"	"411.15713"	"110000"	"7.9e+06"	B+	"15724.229"	"40038.970"	"3d4.(3F2).4s"	"b 4F"	"7/2"	"3d4.(3H).4p"	"u 4G*"	"9/2"		"T9399"	"L15916"	
"411.17787"	"411.17788"	"53000000"	"1.00e+08"	B+	"2424.809"	"26738.323"	"3d4.(5D).4s"	"a 6D"	"9/2"	"3d4.(5D).4p"	"y 6D*"	"9/2"		"T9399"	"L15916"	
"411.19780"	"411.19794"	"1100000"	""		"15688.862"	"40001.190"	"3d4.(3F2).4s"	"b 4F"	"5/2"	"3d4.(3H).4p"	"u 4G*"	"7/2"		""	"L15916"	
"411.21865"	"411.21864"	"97000"	"1.24e+07"	B	"15688.862"	"39999.966"	"3d4.(3F2).4s"	"b 4F"	"5/2"	"3d4.(3F2).4p"	"s 4D*"	"5/2"		"T9399"	"L15916"	
"411.23205"	"411.23204"	"440000"	""		"17182.073"	"41492.385&dagger;"	"3d4.(3G).4s"	"a 4G"	"9/2"	"3d4.(3G).4p"	"t 4F*"	"7/2"		""	"L15916"	
"411.3058"	"411.30581"	"740000"	""		"23088.074"	"47394.026"	"3d3.(4F).4s.4p.(3P*)"	"z 4F*"	"3/2"	"47394e"	"4F"	"3/2"		""	"L15916"	
"411.35067"	"411.35060"	"1100000"	"1.29e+07"	B	"9824.626"	"34127.931"	"3d3.4s2"	"a 4P"	"5/2"	"3d3.(4P).4s.4p.(3P*)"	"w 4D*"	"7/2"		"T9399"	"L15916"	
"411.4558"	"411.45540"	"240000bl"	""		"17242.070"	"41539.185"	"3d4.(3G).4s"	"a 4G"	"11/2"	"3d4.(3G).4p"	"t 2G*"	"9/2"		""	"L4235"	
"411.51778"	"411.51768"	"25000000"	"5.6e+07"	B+	"2311.369"	"26604.807&dagger;"	"3d4.(5D).4s"	"a 6D"	"7/2"	"3d4.(5D).4p"	"y 6D*"	"7/2"		"T9399"	"L15916"	
"411.54750"	"411.54751"	"160000"	"2.0e+06"	C+	"8476.234"	"32767.911"	"3d4.(5D).4s"	"a 4D"	"3/2"	"3d3.(4P).4s.4p.(3P*)"	"z 2P*"	"3/2"		"T9399"	"L15916"	
"411.64715"	"411.64716"	"11000000"	"2.15e+07"	B+	"2220.156"	"26505.953"	"3d4.(5D).4s"	"a 6D"	"5/2"	"3d4.(5D).4p"	"y 6D*"	"5/2"		"T9399"	"L15916"	
"411.65474"	"411.65472"	"1400000"	"2.76e+07"	B+	"2112.282"	"26397.633"	"3d4.(5D).4s"	"a 6D"	"1/2"	"3d4.(5D).4p"	"y 6D*"	"1/2"		"T9399"	"L15916"	
"411.6686"	"411.66859"	"170000"	"1.47e+06"	B+	"2153.221"	"26437.754"	"3d4.(5D).4s"	"a 6D"	"3/2"	"3d4.(5D).4p"	"y 6D*"	"3/2"		"T9399"	"L15916"	
"411.7970"	"411.79699"	"23000"	""		"15724.229"	"40001.190"	"3d4.(3F2).4s"	"b 4F"	"7/2"	"3d4.(3H).4p"	"u 4G*"	"7/2"		""	"L15916"	
"411.81771"	"411.81775"	"690000"	"6.3e+07"	B	"15724.229"	"39999.966"	"3d4.(3F2).4s"	"b 4F"	"7/2"	"3d4.(3F2).4p"	"s 4D*"	"5/2"		"T9399"	"L15916"	
"411.8251"	"411.82501"	"100000"	"3.0e+07"	B	"15572.035"	"39847.344"	"3d4.(3P2).4s"	"b 4P"	"5/2"	"3d4.(3P2).4p"	"x 4S*"	"3/2"		"T9399"	"L15916"	
"411.86247"	"411.86253"	"870000"	"9.5e+06"	B	"8715.747"	"32988.845"	"3d4.(5D).4s"	"a 4D"	"7/2"	"3d3.(4F).4s.4p.(1P*)"	"w 4F*"	"7/2"		"T9627"	"L15916"	
"411.9088"	"411.90874"	"49000"	"9.3e+06"	B	"15664.801"	"39935.176"	"3d4.(3F2).4s"	"b 4F"	"3/2"	"3d4.(3F2).4p"	"s 4D*"	"3/2"		"T9399"	"L15916"	
"411.9248"	"411.92483"	"8900"	""		"20789.112"	"45058.539"	"3d4.(3D).4s"	"b 4D"	"5/2"	"3d3.4s.(5F).5p"	"4G*"	"7/2"		""	"L15916"	
"411.94438"	"411.94430"	"1100000"	"1.32e+07"	C+	"8578.542"	"32846.822"	"3d4.(5D).4s"	"a 4D"	"5/2"	"3d3.(4F).4s.4p.(1P*)"	"w 4F*"	"5/2"		"T9399"	"L15916"	
"412.05264"	"412.05269"	"870000"	"1.21e+07"	C+	"8476.234"	"32738.130"	"3d4.(5D).4s"	"a 4D"	"3/2"	"3d3.(4F).4s.4p.(1P*)"	"w 4F*"	"3/2"		"T9399"	"L15916"	
"412.0732"	"412.07329"	"12000"	""		"18126.250"	"42386.933"	"3d3.(4F).4s.4p.(3P*)"	"z 6D*"	"3/2"	"3d4.(5D).4d"	"f 6D"	"5/2"		""	"L15916"	
"412.0954"	"412.09544"	"82000"	"5.5e+06"	B	"17242.070"	"41501.449"	"3d4.(3G).4s"	"a 4G"	"11/2"	"3d4.(3G).4p"	"v 2H*"	"9/2"		"T9399"	"L15916"	
"412.17771"	"412.17771"	":"	"8.2e+05"	C+	"17182.073"	"41436.610&dagger;"	"3d4.(3G).4s"	"a 4G"	"9/2"	"3d4.(3G).4p"	"t 2G*"	"7/2"		"T9399"	"L18972"	
"412.2294"	"412.22964"	"25000"	""		"18302.280"	"42553.762"	"3d3.(4F).4s.4p.(3P*)"	"z 6D*"	"7/2"	"3d4.(5D).4d"	"f 6D"	"9/2"		""	"L15916"	
"412.31750"	"412.31750"	"690000"	"5.6e+07"	B	"15688.862"	"39935.176"	"3d4.(3F2).4s"	"b 4F"	"5/2"	"3d4.(3F2).4p"	"s 4D*"	"3/2"		"T9399"	"L15916"	
"412.34984"	"412.34985"	"12000000"	"9.4e+07"	B+	"2153.221"	"26397.633"	"3d4.(5D).4s"	"a 6D"	"3/2"	"3d4.(5D).4p"	"y 6D*"	"1/2"		"T9399"	"L15916"	
"412.40613"	"412.40611"	"560000"	"4.6e+06"	C+	"9824.626"	"34065.731"	"3d3.4s2"	"a 4P"	"5/2"	"3d3.(4P).4s.4p.(3P*)"	"w 4D*"	"5/2"		"T9399"	"L15916"	
"412.7700"	"412.76993"	"64000"	""		"15664.801"	"39884.540"	"3d4.(3F2).4s"	"b 4F"	"3/2"	"3d4.(3P2).4p"	"v 2D*"	"3/2"		""	"L15916"	
"412.80642"	"412.80642"	"18000000"	"7.2e+07"	B+	"2220.156"	"26437.754"	"3d4.(5D).4s"	"a 6D"	"5/2"	"3d4.(5D).4p"	"y 6D*"	"3/2"		"T9399"	"L15916"	
"412.88508"	"412.88507"	"460000"	"8.8e+07"	B+	"15664.801"	"39877.786"	"3d4.(3F2).4s"	"b 4F"	"3/2"	"3d4.(3F2).4p"	"s 4D*"	"1/2"		"T9399"	"L15916"	
"413.0137"	"413.01382"	"19000"	""		"9824.626"	"34030.063&dagger;"	"3d3.4s2"	"a 4P"	"5/2"	"3d3.(2P).4s.4p.(3P*)"	"2D*"	"3/2"		""	"L15916"	
"413.0352"	"413.03454"	"25000"	""		"18302.280"	"42506.503"	"3d3.(4F).4s.4p.(3P*)"	"z 6D*"	"7/2"	"3d4.(5D).4d"	"f 6F"	"9/2"		""	"L15916"	
"413.0939"	"413.09361"	"20000"	""		"18085.952"	"42286.714"	"3d3.(4F).4s.4p.(3P*)"	"z 6D*"	"1/2"	"3d4.(5D).4d"	"f 6F"	"3/2"		""	"L15916"	
"413.1167"	"413.11663"	"33000"	"1.33e+05"	C+	"2153.221"	"26352.634"	"3d4.(5D).4s"	"a 6D"	"3/2"	"3d4.(5D).4p"	"y 4D*"	"5/2"		"T9399"	"L15916"	
"413.1478"	"413.14788"	"310000"	""		"23519.872"	"47717.455"	"3d3.(4F).4s.4p.(3P*)"	"z 4F*"	"9/2"	"47717e"	"4F"	"7/2"		""	"L15916"	
"413.18037"	"413.18041"	"72000"	""		"15688.862"	"39884.540"	"3d4.(3F2).4s"	"b 4F"	"5/2"	"3d4.(3P2).4p"	"v 2D*"	"3/2"		""	"L15916"	
"413.19909"	"413.19909"	"18000000"	"5.2e+07"	B+	"2311.369"	"26505.953"	"3d4.(5D).4s"	"a 6D"	"7/2"	"3d4.(5D).4p"	"y 6D*"	"5/2"		"T9399"	"L15916"	
"413.2403"	"413.24061"	"38000"	""		"18126.250"	"42318.403"	"3d3.(4F).4s.4p.(3P*)"	"z 6D*"	"3/2"	"3d4.(5D).4d"	"f 6F"	"5/2"		""	"L15916"	
"413.2883"	"413.28817"	"57000"	"5.2e+05"	C+	"8578.542"	"32767.911"	"3d4.(5D).4s"	"a 4D"	"5/2"	"3d3.(4P).4s.4p.(3P*)"	"z 2P*"	"3/2"		"T9399"	"L15916"	
"413.3066"	"413.30656"	"17000"	""		"15078.387"	"39266.680"	"3d4.(3P2).4s"	"b 4P"	"1/2"	"3d4.(3F2).4p"	"u 4F*"	"3/2"		""	"L15916"	
"413.3768"	"413.37682"	"270000*"	""		"8476.234"	"32660.416"	"3d4.(5D).4s"	"a 4D"	"3/2"	"3d3.(2P).4s.4p.(3P*)"	"x 4D*"	"5/2"		""	"L15916"	
"413.3768"	"413.37685"	"270000*"	""		"18085.952"	"42270.132"	"3d3.(4F).4s.4p.(3P*)"	"z 6D*"	"1/2"	"3d4.(5D).4d"	"f 6D"	"1/2"		""	"L15916"	
"413.3890"	"413.38906"	"330000"	""		"23210.560"	"47394.026"	"3d3.(4F).4s.4p.(3P*)"	"z 4F*"	"5/2"	"47394e"	"4F"	"3/2"		""	"L15916"	
"413.44836"	"413.44835"	"14000000"	"2.86e+07"	B+	"2424.809"	"26604.807&dagger;"	"3d4.(5D).4s"	"a 6D"	"9/2"	"3d4.(5D).4p"	"y 6D*"	"7/2"		"T9399"	"L15916"	
"413.4779"	"413.47786"	"440000"	""		"23353.135"	"47531.407"	"3d3.(4F).4s.4p.(3P*)"	"z 4F*"	"7/2"	"47531e"	"4F"	"5/2"		""	"L15916"	
"413.5294"	"413.52928"	"69000"	"4.6e+05"	C+	"8715.747"	"32891.013"	"3d4.(5D).4s"	"a 4D"	"7/2"	"3d3.(2P).4s.4p.(3P*)"	"x 4D*"	"7/2"		"T9399"	"L15916"	
"413.6101"	"413.61012"	"250000"	"1.92e+07"	B	"15078.387"	"39248.928"	"3d4.(3P2).4s"	"b 4P"	"1/2"	"3d4.(3P2).4p"	"w 4P*"	"3/2"		"T9399"	"L15916"	
"413.6379"	"413.63791"	"99000"	"2.6e+05"	C+	"2311.369"	"26480.286&dagger;"	"3d4.(5D).4s"	"a 6D"	"7/2"	"3d4.(5D).4p"	"y 4D*"	"7/2"		"T9399"	"L15916"	
"413.6928"	"413.69299"	"37000"	""		"18198.091"	"42363.790"	"3d3.(4F).4s.4p.(3P*)"	"z 6D*"	"5/2"	"3d4.(5D).4d"	"f 6F"	"7/2"		""	"L15916"	
"413.7228"	"413.72297"	"8900"	""		"18174.074"	"42338.022"	"3d3.(4F).4s.4p.(3P*)"	"z 6F*"	"3/2"	"3d4.(5D).4d"	"f 6D"	"3/2"		""	"L15916"	
"413.7975"	"413.79764"	"18000"	"6.2e+05"	C	"8578.542"	"32738.130"	"3d4.(5D).4s"	"a 4D"	"5/2"	"3d3.(4F).4s.4p.(1P*)"	"w 4F*"	"3/2"		"T9399"	"L15916"	
"413.8108"	"413.81088"	"27000"	"6.9e+06"	C+	"15078.387"	"39237.202"	"3d4.(3P2).4s"	"b 4P"	"1/2"	"3d4.(3P2).4p"	"w 4P*"	"1/2"		"T9399"	"L15916"	
"413.81658"	"413.816580"	":"	"1.9e+06"	C	"15688.862"	"39847.344"	"3d4.(3F2).4s"	"b 4F"	"5/2"	"3d4.(3P2).4p"	"x 4S*"	"3/2"		"T9399"	"L18972"	
"413.82237"	"413.82237"	":"	"7.1e+05"	C+	"13801.551"	"37959.695"	"3d3.4s2"	"a 2P"	"3/2"	"3d4.(3P2).4p"	"t 4D*"	"5/2"		"T9399"	"L18972"	
"413.9248"	"413.924850"	"250000"	"1.59e+07"	C+	"15270.582"	"39422.745"	"3d4.(3P2).4s"	"b 4P"	"3/2"	"3d4.(3P2).4p"	"w 4P*"	"5/2"		"T9399"	"L15916"	
"413.9372"	"413.93719"	"18000"	""		"9824.626"	"33976.069&dagger;"	"3d3.4s2"	"a 4P"	"5/2"	"3d3.(4P).4s.4p.(3P*)"	"w 4D*"	"3/2"		""	"L15916"	
"413.9618"	"413.96144"	"7500"	""		"18120.104"	"42270.132"	"3d3.(4F).4s.4p.(3P*)"	"z 6F*"	"1/2"	"3d4.(5D).4d"	"f 6D"	"1/2"		""	"L15916"	
"414.1327"	"414.13257"	"86000"	""		"18438.044"	"42578.093"	"3d3.(4F).4s.4p.(3P*)"	"z 6D*"	"9/2"	"3d4.(5D).4d"	"f 6F"	"11/2"		""	"L15916"	
"414.1816"	"414.18156"	"48000"	"1.95e+05"	C+	"2112.282"	"26249.476"	"3d4.(5D).4s"	"a 6D"	"1/2"	"3d4.(5D).4p"	"y 4D*"	"3/2"		"T9399"	"L15916"	
"414.2353"	"414.23567"	"76000"	""		"18372.462"	"42506.503"	"3d3.(4F).4s.4p.(3P*)"	"z 6F*"	"7/2"	"3d4.(5D).4d"	"f 6F"	"9/2"		""	"L15916"	
"414.2624"	"414.26250"	"56000"	"1.73e+05"	B	"2220.156"	"26352.634"	"3d4.(5D).4s"	"a 6D"	"5/2"	"3d4.(5D).4p"	"y 4D*"	"5/2"		"T9399"	"L15916"	
"414.2866"	"414.28658"	"28000"	""		"8715.747"	"32846.822"	"3d4.(5D).4s"	"a 4D"	"7/2"	"3d3.(4F).4s.4p.(1P*)"	"w 4F*"	"5/2"		""	"L15916"	
"414.3383"	"414.33804"	"21000"	""		"18258.855"	"42386.933"	"3d3.(4F).4s.4p.(3P*)"	"z 6F*"	"5/2"	"3d4.(5D).4d"	"f 6D"	"5/2"		""	"L15916"	
"414.5505"	"414.55041"	"29000"	""		"18438.044"	"42553.762"	"3d3.(4F).4s.4p.(3P*)"	"z 6D*"	"9/2"	"3d4.(5D).4d"	"f 6D"	"9/2"		""	"L15916"	
"414.6035"	"414.60333"	"14000"	""		"18174.074"	"42286.714"	"3d3.(4F).4s.4p.(3P*)"	"z 6F*"	"3/2"	"3d4.(5D).4d"	"f 6F"	"3/2"		""	"L15916"	
"414.8853"	"414.88526"	"62000"	"2.92e+05"	B+	"2153.221"	"26249.476"	"3d4.(5D).4s"	"a 6D"	"3/2"	"3d4.(5D).4p"	"y 4D*"	"3/2"		"T9399"	"L15916"	
"415.065"	"415.06631"	"140000"	""		"21275.652"	"45361.396"	"3d4.(3G).4s"	"2G"	"9/2"	"45361o"	"r 2G*"	"9/2"		""	"L4235"	
"415.1329"	"415.13302"	"37000"	""		"8578.542"	"32660.416"	"3d4.(5D).4s"	"a 4D"	"5/2"	"3d3.(2P).4s.4p.(3P*)"	"x 4D*"	"5/2"		""	"L15916"	
"415.3316"	"415.33169"	"60000"	"5.8e+05"	C+	"2112.282"	"26182.637"	"3d4.(5D).4s"	"a 6D"	"1/2"	"3d4.(5D).4p"	"y 4D*"	"1/2"		"T9399"	"L15916"	
"415.5183"	"415.51825"	"19000"	""		"18258.855"	"42318.403"	"3d3.(4F).4s.4p.(3P*)"	"z 6F*"	"5/2"	"3d4.(5D).4d"	"f 6F"	"5/2"		""	"L15916"	
"415.589"	"415.58857"	"73000"	""		"2424.809"	"26480.286&dagger;"	"3d4.(5D).4s"	"a 6D"	"9/2"	"3d4.(5D).4p"	"y 4D*"	"7/2"		""	"L14162"	
"415.7943"	"415.79435"	"87000"	""		"8413.009"	"32456.581"	"3d4.(5D).4s"	"a 4D"	"1/2"	"3d3.(2P).4s.4p.(3P*)"	"x 4D*"	"3/2"		""	"L15916"	
"415.838"	"415.83425"	"29000"	""		"2311.369"	"26352.634"	"3d4.(5D).4s"	"a 6D"	"7/2"	"3d4.(5D).4p"	"y 4D*"	"5/2"		""	"L14162"	
"415.8502"	"415.84992"	"10000"	""		"18513.403"	"42553.762"	"3d3.(4F).4s.4p.(3P*)"	"z 6F*"	"9/2"	"3d4.(5D).4d"	"f 6D"	"9/2"		""	"L15916"	
"415.96801"	"415.96803"	"900000"	"7.1e+05"	B+	"2311.369"	"26344.902"	"3d4.(5D).4s"	"a 6D"	"7/2"	"3d3.(4F).4s.4p.(3P*)"	"z 2G*"	"9/2"		"T9399"	"L15916"	
"416.0395"	"416.03930"	"15000"	"1.6e+05"	D	"2153.221"	"26182.637"	"3d4.(5D).4s"	"a 6D"	"3/2"	"3d4.(5D).4p"	"y 4D*"	"1/2"		"T4902"	"L15916"	
"416.2316"	"416.23166"	"32000"	""		"15062.959"	"39081.270"	"3d4.(3H).4s"	"a 4H"	"13/2"	"3d3.(2H).4s.4p.(3P*)"	"y 2I*"	"13/2"		""	"L15916"	
"416.4153"	"416.41508"	"9400"	""		"15000.937"	"39008.669"	"3d4.(3H).4s"	"a 4H"	"11/2"	"3d3.(2H).4s.4p.(3P*)"	"y 2I*"	"11/2"		""	"L15916"	
"416.6694"	"416.66903"	"27000"	""		"18513.403"	"42506.503"	"3d3.(4F).4s.4p.(3P*)"	"z 6F*"	"9/2"	"3d4.(5D).4d"	"f 6F"	"9/2"		""	"L15916"	
"416.6998"	"416.69981"	"19000"	""		"18372.462"	"42363.790"	"3d3.(4F).4s.4p.(3P*)"	"z 6F*"	"7/2"	"3d4.(5D).4d"	"f 6F"	"7/2"		""	"L15916"	
"416.8907"	"416.89063"	"42000"	""		"8476.234"	"32456.581"	"3d4.(5D).4s"	"a 4D"	"3/2"	"3d3.(2P).4s.4p.(3P*)"	"x 4D*"	"3/2"		""	"L15916"	
"416.9255"	"416.925416"	"51000"	"7.3e+06"	B	"15270.582"	"39248.928"	"3d4.(3P2).4s"	"b 4P"	"3/2"	"3d4.(3P2).4p"	"w 4P*"	"3/2"		"T9399"	"L15916"	
"417.1293"	"417.12941"	"260000"	"3.1e+07"	B	"15270.582"	"39237.202"	"3d4.(3P2).4s"	"b 4P"	"3/2"	"3d4.(3P2).4p"	"w 4P*"	"1/2"		"T9399"	"L15916"	
"417.1589"	"417.15912"	"13000"	""		"20687.769"	"44652.682"	"3d3.(4F).4s.4p.(3P*)"	"z 4D*"	"3/2"	"3d3.(4F).4s.(3F).5s"	"4F"	"5/2"		""	"L15916"	
"417.40070"	"417.40068"	"410000"	""		"13801.551"	"37752.595"	"3d3.4s2"	"a 2P"	"3/2"	"3d4.(3F2).4p"	"w 2D*"	"5/2"		""	"L15916"	
"417.4393"	"417.43922"	"11000"	""		"20606.467"	"44555.300"	"3d3.(4F).4s.4p.(3P*)"	"z 4D*"	"1/2"	"3d3.(4F).4s.(3F).5s"	"4F"	"3/2"		""	"L15916"	
"417.5118"	"417.51181"	"72000"	""		"8715.747"	"32660.416"	"3d4.(5D).4s"	"a 4D"	"7/2"	"3d3.(2P).4s.4p.(3P*)"	"x 4D*"	"5/2"		""	"L15916"	
"417.6635"	"417.66341"	"40000"	""		"8413.009"	"32348.987"	"3d4.(5D).4s"	"a 4D"	"1/2"	"3d3.(2P).4s.4p.(3P*)"	"x 4D*"	"1/2"		""	"L15916"	
"417.6786"	"417.67852"	"99000"	""		"0.000"	"23935.112"	"3d3.4s2"	"a 4F"	"3/2"	"3d3.(4F).4s.4p.(3P*)"	"z 2D*"	"5/2"		""	"L15916"	
"417.7063"	"417.70624"	"110000"	""		"20767.609"	"44701.133"	"3d4.(3D).4s"	"b 4D"	"7/2"	"3d4.(3D).4p"	"p 4D*"	"7/2"		""	"L15916"	
"417.7546"	"417.7545"	"26000"	""		"20828.481"	"44759.239"	"3d3.(4F).4s.4p.(3P*)"	"z 4D*"	"5/2"	"3d3.(4F).4s.(3F).5s"	"4F"	"7/2"		""	"L15916"	
"417.8962"	"417.89625"	"290000"	""		"23608.765"	"47531.407"	"3d3.(4F).4s.4p.(3P*)"	"z 2D*"	"3/2"	"47531e"	"4F"	"5/2"		""	"L15916"	
"417.94076"	"417.94078"	"1400000"	"1.46e+06"	B+	"2424.809"	"26344.902"	"3d4.(5D).4s"	"a 6D"	"9/2"	"3d3.(4F).4s.4p.(3P*)"	"z 2G*"	"9/2"		"T9399"	"L15916"	
"418.0481"	"418.04807"	"3400"	""		"18120.104"	"42034.058"	"3d3.(4F).4s.4p.(3P*)"	"z 6F*"	"1/2"	"3d4.(5D).4d"	"e 6G"	"3/2"		""	"L15916"	
"418.0821"	"418.08187"	"27000"	""		"20789.112"	"44701.133"	"3d4.(3D).4s"	"b 4D"	"5/2"	"3d4.(3D).4p"	"p 4D*"	"7/2"		""	"L15916"	
"418.20668"	"418.20668"	"270000"	""		"15103.784"	"39008.669"	"3d3.4s2"	"a 2H"	"9/2"	"3d3.(2H).4s.4p.(3P*)"	"y 2I*"	"11/2"		""	"L15916"	
"418.25822"	"418.25824"	"900000"	"1.21e+06"	B+	"2220.156"	"26122.094&dagger;"	"3d4.(5D).4s"	"a 6D"	"5/2"	"3d4.(5D).4p"	"y 4F*"	"7/2"		"T9399"	"L15916"	
"418.3267"	"418.32676"	"34000"	""		"18680.070"	"42578.093"	"3d3.(4F).4s.4p.(3P*)"	"z 6F*"	"11/2"	"3d4.(5D).4d"	"f 6F"	"11/2"		""	"L15916"	
"418.4111"	"418.41101"	"7400"	""		"18174.074"	"42067.285"	"3d3.(4F).4s.4p.(3P*)"	"z 6F*"	"3/2"	"3d4.(5D).4d"	"e 6G"	"5/2"		""	"L15916"	
"418.6769"	"418.67687"	"57000"	""		"8578.542"	"32456.581"	"3d4.(5D).4s"	"a 4D"	"5/2"	"3d3.(2P).4s.4p.(3P*)"	"x 4D*"	"3/2"		""	"L15916"	
"418.7695"	"418.76958"	"45000"	""		"8476.234"	"32348.987"	"3d4.(5D).4s"	"a 4D"	"3/2"	"3d3.(2P).4s.4p.(3P*)"	"x 4D*"	"1/2"		""	"L15916"	
"418.8618"	"418.86120"	"4000"	""		"20687.769"	"44555.300"	"3d3.(4F).4s.4p.(3P*)"	"z 4D*"	"3/2"	"3d3.(4F).4s.(3F).5s"	"4F"	"3/2"		""	"L15916"	
"418.98377"	"418.98377"	"1100000"	"1.21e+06"	B	"2311.369"	"26171.918"	"3d4.(5D).4s"	"a 6D"	"7/2"	"3d4.(5D).4p"	"y 4F*"	"9/2"		"T9399"	"L15916"	
"419.0726"	"419.07284"	"14000"	""		"18258.855"	"42114.333"	"3d3.(4F).4s.4p.(3P*)"	"z 6F*"	"5/2"	"3d4.(5D).4d"	"e 6G"	"7/2"		""	"L15916"	
"419.1516"	"419.15129"	"1100000"	"6.5e+05"	C+	"2153.221"	"26004.234"	"3d4.(5D).4s"	"a 6D"	"3/2"	"3d4.(5D).4p"	"y 4F*"	"5/2"		"T9399"	"L15916"	
"419.15662"	"419.15662"	":"	"2.06e+07"	B	"15572.035"	"39422.745"	"3d4.(3P2).4s"	"b 4P"	"5/2"	"3d4.(3P2).4p"	"w 4P*"	"5/2"		"T9399"	"L18972"	
"419.1806"	"419.18075"	"17000"	""		"20767.609"	"44616.946"	"3d4.(3D).4s"	"b 4D"	"7/2"	"3d4.(3D).4p"	"p 4D*"	"5/2"		""	"L15916"	
"419.3989"	"419.39874"	"41000"	""		"21032.503"	"44869.444"	"3d3.(4F).4s.4p.(3P*)"	"z 4D*"	"7/2"	"3d3.(4F).4s.(3F).5s"	"4F"	"9/2"		""	"L15916"	
"419.5590"	"419.55904"	"70000"	""		"20789.112"	"44616.946"	"3d4.(3D).4s"	"b 4D"	"5/2"	"3d4.(3D).4p"	"p 4D*"	"5/2"		""	"L15916"	
"419.6229"	"419.62302"	"8000"	""		"20828.481"	"44652.682"	"3d3.(4F).4s.4p.(3P*)"	"z 4D*"	"5/2"	"3d3.(4F).4s.(3F).5s"	"4F"	"5/2"		""	"L15916"	
"419.7276"	"419.72765"	"32000"	"1.38e+05"	C+	"2112.282"	"25930.544"	"3d4.(5D).4s"	"a 6D"	"1/2"	"3d4.(5D).4p"	"y 4F*"	"3/2"		"T9399"	"L15916"	
"419.75976"	"419.75980"	"260000"	""		"15264.832"	"39081.270"	"3d3.4s2"	"a 2H"	"11/2"	"3d3.(2H).4s.4p.(3P*)"	"y 2I*"	"13/2"		""	"L15916"	
"419.8605"	"419.86051"	"390000"	"3.2e+05"	B	"2311.369"	"26122.094&dagger;"	"3d4.(5D).4s"	"a 6D"	"7/2"	"3d4.(5D).4p"	"y 4F*"	"7/2"		"T9399"	"L15916"	
"419.9576"	"419.95756"	"17000"	""		"18372.462"	"42177.685"	"3d3.(4F).4s.4p.(3P*)"	"z 6F*"	"7/2"	"3d4.(5D).4d"	"e 6G"	"9/2"		""	"L15916"	
"419.9819"	"419.98199"	"33000"	""		"20813.108"	"44616.946"	"3d4.(3D).4s"	"b 4D"	"3/2"	"3d4.(3D).4p"	"p 4D*"	"5/2"		""	"L15916"	
"420.01883"	"420.01882"	"300000"	"2.45e+05"	B+	"2220.156"	"26021.907"	"3d4.(5D).4s"	"a 6D"	"5/2"	"3d3.(4F).4s.4p.(3P*)"	"z 2G*"	"7/2"		"T9399"	"L15916"	
"420.0898"	"420.08981"	"210000"	""		"137.383"	"23935.112"	"3d3.4s2"	"a 4F"	"5/2"	"3d3.(4F).4s.4p.(3P*)"	"z 2D*"	"5/2"		""	"L15916"	
"420.3100"	"420.31002"	"390000"	""		"23608.765"	"47394.026"	"3d3.(4F).4s.4p.(3P*)"	"z 2D*"	"3/2"	"47394e"	"4F"	"3/2"		""	"L15916"	
"420.3615"	"420.36159"	"520000"	""		"23935.112"	"47717.455"	"3d3.(4F).4s.4p.(3P*)"	"z 2D*"	"5/2"	"47717e"	"4F"	"7/2"		""	"L15916"	
"420.4502"	"420.45034"	"7300"	"4.2e+04"	C	"2153.221"	"25930.544"	"3d4.(5D).4s"	"a 6D"	"3/2"	"3d4.(5D).4p"	"y 4F*"	"3/2"		"T9399"	"L15916"	
"420.6594"	"420.65960"	"21000"	""		"20789.112"	"44554.607"	"3d4.(3D).4s"	"b 4D"	"5/2"	"3d4.(3D).4p"	"p 4D*"	"3/2"		""	"L15916"	
"420.98524"	"420.98530"	"1400000"	"1.57e+06"	B+	"2424.809"	"26171.918"	"3d4.(5D).4s"	"a 6D"	"9/2"	"3d4.(5D).4p"	"y 4F*"	"9/2"		"T9399"	"L15916"	
"421.0847"	"421.084777"	"20000"	""		"20813.108"	"44554.607"	"3d4.(3D).4s"	"b 4D"	"3/2"	"3d4.(3D).4p"	"p 4D*"	"3/2"		""	"L15916"	
"421.3467"	"421.3468"	"9900"	""		"21032.503"	"44759.239"	"3d3.(4F).4s.4p.(3P*)"	"z 4D*"	"7/2"	"3d3.(4F).4s.(3F).5s"	"4F"	"7/2"		""	"L15916"	
"421.3908"	"421.39071"	"19000"	""		"20830.344"	"44554.607"	"3d4.(3D).4s"	"b 4D"	"1/2"	"3d4.(3D).4p"	"p 4D*"	"3/2"		""	"L15916"	
"421.6348"	"421.63464"	"55000"	"4.3e+04"	B+	"2311.369"	"26021.907"	"3d4.(5D).4s"	"a 6D"	"7/2"	"3d3.(4F).4s.4p.(3P*)"	"z 2G*"	"7/2"		"T9399"	"L15916"	
"421.7966"	"421.79631"	"14000"	""		"20813.108"	"44514.558"	"3d4.(3D).4s"	"b 4D"	"3/2"	"3d4.(3D).4p"	"p 4D*"	"1/2"		""	"L15916"	
"421.8054"	"421.80537"	"22000"	""		"14909.958"	"38610.899"	"3d4.(3H).4s"	"a 4H"	"7/2"	"3d3.(2H).4s.4p.(3P*)"	"u 2G*"	"7/2"		""	"L15916"	
"421.8487"	"421.84853"	"13000"	""		"15724.229"	"39422.745"	"3d4.(3F2).4s"	"b 4F"	"7/2"	"3d4.(3P2).4p"	"w 4P*"	"5/2"		""	"L15916"	
"421.8705"	"421.87044"	"390000"	""		"2424.809"	"26122.094&dagger;"	"3d4.(5D).4s"	"a 6D"	"9/2"	"3d4.(5D).4p"	"y 4F*"	"7/2"		""	"L15916"	
"421.9491"	"421.94915"	"56000"	"1.59e+05"	B	"2311.369"	"26004.234"	"3d4.(5D).4s"	"a 6D"	"7/2"	"3d4.(5D).4p"	"y 4F*"	"5/2"		"T9399"	"L15916"	
"422.1035"	"422.10327"	"20000"	""		"20830.344"	"44514.558"	"3d4.(3D).4s"	"b 4D"	"1/2"	"3d4.(3D).4p"	"p 4D*"	"1/2"		""	"L15916"	
"422.2338"	"422.23379"	"39000"	"5.8e+06"	C+	"15572.035"	"39248.928"	"3d4.(3P2).4s"	"b 4P"	"5/2"	"3d4.(3P2).4p"	"w 4P*"	"3/2"		"T9399"	"L15916"	
"422.2574"	"422.25744"	"17000"	""		"18805.048"	"42480.615"	"3d4.(3P2).4s"	"b 2P"	"1/2"	"3d4.(3D).4p"	"v 2P*"	"1/2"		""	"L15916"	
"422.2918"	"422.29212"	"30000"	""		"18680.070"	"42353.693"	"3d3.(4F).4s.4p.(3P*)"	"z 6F*"	"11/2"	"3d4.(5D).4d"	"e 6G"	"13/2"		""	"L15916"	
"422.41294"	"422.41297"	"250000"	"1.06e+07"	C+	"15724.229"	"39391.079"	"3d4.(3F2).4s"	"b 4F"	"7/2"	"3d4.(3F2).4p"	"u 4F*"	"9/2"		"T9399"	"L15916"	
"422.6064"	"422.60627"	"17000"	""		"13801.551"	"37457.576"	"3d3.4s2"	"a 2P"	"3/2"	"3d4.(3F2).4p"	"w 2D*"	"3/2"		""	"L15916"	
"422.66171"	"422.66171"	"470000"	"1.64e+07"	B	"15688.862"	"39341.784"	"3d4.(3F2).4s"	"b 4F"	"5/2"	"3d4.(3F2).4p"	"u 4F*"	"7/2"		"T9399"	"L15916"	
"422.7735"	"422.77353"	"210000"	""		"13810.910"	"37457.576"	"3d3.4s2"	"a 2P"	"1/2"	"3d4.(3F2).4p"	"w 2D*"	"3/2"		""	"L15916"	
"422.9692"	"422.96904"	"200000"	""		"15664.801"	"39300.537"	"3d4.(3F2).4s"	"b 4F"	"3/2"	"3d4.(3F2).4p"	"u 4F*"	"5/2"		""	"L15916"	
"423.24564"	"423.24564"	"1400000"	"6.9e+07"	C+	"15770.789"	"39391.079"	"3d4.(3F2).4s"	"b 4F"	"9/2"	"3d4.(3F2).4p"	"u 4F*"	"9/2"		"T9399"	"L15916"	
"423.29464"	"423.29466"	"700000"	"5.3e+07"	B+	"15724.229"	"39341.784"	"3d4.(3F2).4s"	"b 4F"	"7/2"	"3d4.(3F2).4p"	"u 4F*"	"7/2"		"T9399"	"L15916"	
"423.4000"	"423.39998"	"700000*"	""		"323.432"	"23935.112"	"3d3.4s2"	"a 4F"	"7/2"	"3d3.(4F).4s.4p.(3P*)"	"z 2D*"	"5/2"		""	"L15916"	
"423.4000"	"423.40007"	"700000*"	"4.9e+07"	C+	"15688.862"	"39300.537"	"3d4.(3F2).4s"	"b 4F"	"5/2"	"3d4.(3F2).4p"	"u 4F*"	"5/2"		"T9282"	"L15916"	
"423.45227"	"423.45226"	"330000"	""		"0.000"	"23608.765"	"3d3.4s2"	"a 4F"	"3/2"	"3d3.(4F).4s.4p.(3P*)"	"z 2D*"	"3/2"		""	"L15916"	
"423.57581"	"423.57581"	"470000"	"5.4e+07"	B+	"15664.801"	"39266.680"	"3d4.(3F2).4s"	"b 4F"	"3/2"	"3d4.(3F2).4p"	"u 4F*"	"3/2"		"T9399"	"L15916"	
"423.6616"	"423.66163"	"58000"	"4.6e+04"	B	"2424.809"	"26021.907"	"3d4.(5D).4s"	"a 6D"	"9/2"	"3d3.(4F).4s.4p.(3P*)"	"z 2G*"	"7/2"		"T9399"	"L15916"	
"423.7484"	"423.74826"	"5900"	""		"26021.907"	"49614.181"	"3d3.(4F).4s.4p.(3P*)"	"z 2G*"	"7/2"	"49614e"	"6D"	"5/2"		""	"L15916"	
"423.8947"	"423.89464"	"41000"	"5.8e+06"	C+	"15664.801"	"39248.928"	"3d4.(3F2).4s"	"b 4F"	"3/2"	"3d4.(3P2).4p"	"w 4P*"	"3/2"		"T9399"	"L15916"	
"423.9604"	"423.96037"	"41000"	"1.3e+07"	C	"14949.359"	"38529.830"	"3d4.(3H).4s"	"a 4H"	"9/2"	"3d3.(2H).4s.4p.(3P*)"	"u 2G*"	"9/2"		"T9282"	"L15916"	
"424.0081"	"424.00807"	"95000"	"1.60e+07"	B+	"15688.862"	"39266.680"	"3d4.(3F2).4s"	"b 4F"	"5/2"	"3d4.(3F2).4p"	"u 4F*"	"3/2"		"T9399"	"L15916"	
"424.0353"	"424.03523"	"200000"	""		"15724.229"	"39300.537"	"3d4.(3F2).4s"	"b 4F"	"7/2"	"3d4.(3F2).4p"	"u 4F*"	"5/2"		""	"L15916"	
"424.1309"	"424.13081"	"110000"	"7.4e+06"	B+	"15770.789"	"39341.784"	"3d4.(3F2).4s"	"b 4F"	"9/2"	"3d4.(3F2).4p"	"u 4F*"	"7/2"		"T9399"	"L15916"	
"424.6348"	"424.63490"	"5200"	""		"26004.234"	"49547.248"	"3d4.(5D).4p"	"y 4F*"	"5/2"	"49547e"	"6D"	"3/2"		""	"L15916"	
"424.6713"	"424.67116"	"50000"	""		"13801.551"	"37342.555"	"3d3.4s2"	"a 2P"	"3/2"	"3d3.(2D2).4s.4p.(3P*)"	"w 2F*"	"5/2"		""	"L4235"	
"424.8070"	"424.80702"	"16000"	""		"26171.918"	"49705.393"	"3d4.(5D).4p"	"y 4F*"	"9/2"	"49705e"	"6D"	"7/2"		""	"L15916"	
"425.1242"	"425.12441"	"11000"	""		"26206.803"	"49722.709"	"3d4.(1D2).4s"	"2D"	"3/2"	"3d3.(2P).4s.4p.(1P*)"	"t 2D*"	"3/2"		""	"L15916"	
"425.2743"	"425.27424"	"6500"	""		"20687.769"	"44195.390"	"3d3.(4F).4s.4p.(3P*)"	"z 4D*"	"3/2"	"3d3.4s.(5F).4d"	"4F"	"5/2"		""	"L15916"	
"425.2834"	"425.28340"	"95000"	""		"15103.784"	"38610.899"	"3d3.4s2"	"a 2H"	"9/2"	"3d3.(2H).4s.4p.(3P*)"	"u 2G*"	"7/2"		""	"L15916"	
"425.4424"	"425.44288"	"20000bl(V II)"	""		"20828.481"	"44326.784"	"3d3.(4F).4s.4p.(3P*)"	"z 4D*"	"5/2"	"3d3.4s.(5F).4d"	"4F"	"7/2"		""	"L15916"	
"425.5555"	"425.55546"	"14000"	""		"26122.094&dagger;"	"49614.181"	"3d4.(5D).4p"	"y 4F*"	"7/2"	"49614e"	"6D"	"5/2"		""	"L15916"	
"425.73633"	"425.73630"	"400000"	"6.7e+06"	B+	"15000.937"	"38483.045"	"3d4.(3H).4s"	"a 4H"	"11/2"	"3d4.(3H).4p"	"x 4H*"	"13/2"		"T9399"	"L15916"	
"425.8847"	"425.88466"	"33000"	""		"26344.902"	"49818.830"	"3d3.(4F).4s.4p.(3P*)"	"z 2G*"	"9/2"	"49818e"	"6D"	"9/2"		""	"L15916"	
"425.93087"	"425.93086"	"780000"	""		"137.383"	"23608.765"	"3d3.4s2"	"a 4F"	"5/2"	"3d3.(4F).4s.4p.(3P*)"	"z 2D*"	"3/2"		""	"L15916"	
"426.0135"	"426.01347"	"23000"	""		"21032.503"	"44499.334"	"3d3.(4F).4s.4p.(3P*)"	"z 4D*"	"7/2"	"3d3.4s.(5F).4d"	"4F"	"9/2"		""	"L15916"	
"426.1195"	"426.11946"	"94000"	""		"20828.481"	"44289.475"	"3d3.(4F).4s.4p.(3P*)"	"z 4D*"	"5/2"	"3d3.4s.(5F).4d"	"4P"	"5/2"		""	"L15916"	
"426.21552"	"426.21549"	"480000"	"9.7e+06"	B+	"14949.359"	"38405.067"	"3d4.(3H).4s"	"a 4H"	"9/2"	"3d4.(3H).4p"	"x 4H*"	"11/2"		"T9399"	"L15916"	
"426.5896"	"426.58939"	"48000"	""		"20767.609"	"44202.759"	"3d4.(3D).4s"	"b 4D"	"7/2"	"3d3.4s.(5F).5p"	"6D*"	"9/2"		""	"L4235"	
"426.7550"	"426.75517"	"18000"	""		"15103.784"	"38529.830"	"3d3.4s2"	"a 2H"	"9/2"	"3d3.(2H).4s.4p.(3P*)"	"u 2G*"	"9/2"		""	"L15916"	
"426.86376"	"426.86378"	"2300000"	"9.4e+07"	B+	"15062.959"	"38483.045"	"3d4.(3H).4s"	"a 4H"	"13/2"	"3d4.(3H).4p"	"x 4H*"	"13/2"		"T9399"	"L15916"	
"426.9754"	"426.97535"	"200000"	"8.1e+06"	B+	"14909.958"	"38323.924"	"3d4.(3H).4s"	"a 4H"	"7/2"	"3d4.(3H).4p"	"x 4H*"	"9/2"		"T9399"	"L15916"	
"427.0307"	"427.03076"	"170000"	"7.9e+07"	C	"20767.609"	"44178.537"	"3d4.(3D).4s"	"b 4D"	"7/2"	"3d4.(3D).4p"	"4F*"	"9/2"		"u38"	"L15916"	
"427.03166"	"427.03166"	":"	"1.9e+07"	C	"14548.816"	"37959.695"	"3d3.4s2"	"2D2"	"5/2"	"3d4.(3P2).4p"	"t 4D*"	"5/2"		"T9399"	"L18972"	
"427.15483"	"427.15480"	"1900000"	"8.1e+07"	B+	"15000.937"	"38405.067"	"3d4.(3H).4s"	"a 4H"	"11/2"	"3d4.(3H).4p"	"x 4H*"	"11/2"		"T9399"	"L15916"	
"427.2726"	"427.27265"	"14000"	""		"20687.769"	"44085.444"	"3d3.(4F).4s.4p.(3P*)"	"z 4D*"	"3/2"	"3d3.4s.(5F).4d"	"4P"	"3/2"		""	"L15916"	
"427.3404"	"427.34035"	"12000"	""		"21101.589"	"44495.557"	"3d4.(3G).4s"	"2G"	"7/2"	"3d4.(1G2).4p"	"s 2G*"	"7/2"		""	"L15916"	
"427.69510"	"427.69509"	"1900000"	"7.5e+07"	B+	"14949.359"	"38323.924"	"3d4.(3H).4s"	"a 4H"	"9/2"	"3d4.(3H).4p"	"x 4H*"	"9/2"		"T9399"	"L15916"	
"427.7201"	"427.72011"	"51000"	""		"8413.009"	"31786.207&dagger;"	"3d4.(5D).4s"	"a 4D"	"1/2"	"3d3.(2P).4s.4p.(3P*)"	"2S*"	"1/2"		""	"L15916"	
"427.9528"	"427.95277"	"16000"	""		"26344.902"	"49705.393"	"3d3.(4F).4s.4p.(3P*)"	"z 2G*"	"9/2"	"49705e"	"6D"	"7/2"		""	"L15916"	
"428.2898"	"428.28981"	"180000"	"5.8e+06"	B+	"15062.959"	"38405.067"	"3d4.(3H).4s"	"a 4H"	"13/2"	"3d4.(3H).4p"	"x 4H*"	"11/2"		"T9399"	"L15916"	
"428.3845"	"428.38442"	"38000"	""		"20767.609"	"44104.562"	"3d4.(3D).4s"	"b 4D"	"7/2"	"3d4.(3D).4p"	"4F*"	"7/2"		""	"L15916"	
"428.40426"	"428.40428"	"1700000"	"8.6e+07"	B+	"14909.958"	"38245.829"	"3d4.(3H).4s"	"a 4H"	"7/2"	"3d4.(3H).4p"	"x 4H*"	"7/2"		"T9399"	"L15916"	
"428.6409"	"428.64094"	"200000"	"8.4e+06"	B+	"15000.937"	"38323.924"	"3d4.(3H).4s"	"a 4H"	"11/2"	"3d4.(3H).4p"	"x 4H*"	"9/2"		"T9399"	"L15916"	
"428.7795"	"428.77951"	"150000"	""		"20789.112"	"44104.562"	"3d4.(3D).4s"	"b 4D"	"5/2"	"3d4.(3D).4p"	"4F*"	"7/2"		""	"L15916"	
"428.8803"	"428.88026"	"40000"	""		"8476.234"	"31786.207&dagger;"	"3d4.(5D).4s"	"a 4D"	"3/2"	"3d3.(2P).4s.4p.(3P*)"	"2S*"	"1/2"		""	"L15916"	
"429.0373"	"429.03770"	"12000bl(Ne)"	""		"20606.467"	"43907.886"	"3d3.(4F).4s.4p.(3P*)"	"z 4D*"	"1/2"	"3d3.4s.(5F).4d"	"4P"	"1/2"		""	"L15916"	
"429.12885"	"429.12885"	"160000"	"7.3e+06"	B+	"14949.359"	"38245.829"	"3d4.(3H).4s"	"a 4H"	"9/2"	"3d4.(3H).4p"	"x 4H*"	"7/2"		"T9399"	"L15916"	
"429.18062"	"429.18064"	"1200000"	"6.6e+07"	B+	"17242.070"	"40535.729"	"3d4.(3G).4s"	"a 4G"	"11/2"	"3d4.(3G).4p"	"w 4H*"	"13/2"		"T9399"	"L15916"	
"429.60973"	"429.60974"	"830000"	"6.3e+07"	D+	"17182.073"	"40452.466"	"3d4.(3G).4s"	"a 4G"	"9/2"	"3d4.(3G).4p"	"w 4H*"	"11/2"		"T284n"	"L15916"	
"429.7093"	"429.70937"	"71000"	""		"15264.832"	"38529.830"	"3d3.4s2"	"a 2H"	"11/2"	"3d3.(2H).4s.4p.(3P*)"	"u 2G*"	"9/2"		""	"L15916"	
"429.76724"	"429.76724"	"640000"	"6.3e+07"	B+	"17116.947"	"40378.812"	"3d4.(3G).4s"	"a 4G"	"7/2"	"3d4.(3G).4p"	"w 4H*"	"9/2"		"T9399"	"L15916"	
"429.7736"	"429.77312"	""	""		"26352.634"	"49614.181"	"3d4.(5D).4p"	"y 4D*"	"5/2"	"49614e"	"6D"	"5/2"		""	"L9190"	
"429.8024"	"429.80248"	"640000"	"5.8e+07"	B+	"17054.924"	"40314.882"	"3d4.(3G).4s"	"a 4G"	"5/2"	"3d4.(3G).4p"	"w 4H*"	"7/2"		"T9399"	"L15916"	
"429.8576"	"429.85766"	"13000*"	""		"21032.503"	"44289.475"	"3d3.(4F).4s.4p.(3P*)"	"z 4D*"	"7/2"	"3d3.4s.(5F).4d"	"4P"	"5/2"		""	"L15916"	
"429.8576"	"429.85783"	"13000*"	""		"20828.481"	"44085.444"	"3d3.(4F).4s.4p.(3P*)"	"z 4D*"	"5/2"	"3d3.4s.(5F).4d"	"4P"	"3/2"		""	"L15916"	
"429.9076"	"429.907501"	"50000"	""		"20789.112"	"44043.388"	"3d4.(3D).4s"	"b 4D"	"5/2"	"3d4.(3D).4p"	"4F*"	"5/2"		""	"L15916"	
"430.2116"	"430.21160"	"57000"	""		"14514.756"	"37752.595"	"3d3.4s2"	"2D2"	"3/2"	"3d4.(3F2).4p"	"w 2D*"	"5/2"		""	"L15916"	
"430.35157"	"430.35159"	"110000"	""		"20813.108"	"44043.388"	"3d4.(3D).4s"	"b 4D"	"3/2"	"3d4.(3D).4p"	"4F*"	"5/2"		""	"L15916"	
"430.4812"	"430.48138"	"8300bl(V II)"	"1.16e+05"	C+	"9544.635"	"32767.911"	"3d3.4s2"	"a 4P"	"1/2"	"3d3.(4P).4s.4p.(3P*)"	"z 2P*"	"3/2"		"T9399"	"L15916"	
"430.5396"	"430.53952"	"32000bl(V II)*"	"1.31e+06"	B	"15103.784"	"38323.924"	"3d3.4s2"	"a 2H"	"9/2"	"3d4.(3H).4p"	"x 4H*"	"9/2"		"T9399"	"L15916"	
"430.5396"	"430.53995"	"32000bl(V II)*"	""		"20687.769"	"43907.886"	"3d3.(4F).4s.4p.(3P*)"	"z 4D*"	"3/2"	"3d3.4s.(5F).4d"	"4P"	"1/2"		""	"L15916"	
"430.5472"	"430.54720"	"150000"	"3.4e+06"	B	"15000.937"	"38220.663"	"3d4.(3H).4s"	"a 4H"	"11/2"	"3d4.(3H).4p"	"x 2H*"	"11/2"		"T9399"	"L15916"	
"430.62088"	"430.62090"	"1100000"	"1.1e+06"	C	"137.383"	"23353.135"	"3d3.4s2"	"a 4F"	"5/2"	"3d3.(4F).4s.4p.(3P*)"	"z 4F*"	"7/2"		"T509n"	"L15916"	
"430.6564"	"430.65642"	"21000"	"9.0e+05"	C+	"14909.958"	"38123.795"	"3d4.(3H).4s"	"a 4H"	"7/2"	"3d4.(3H).4p"	"x 2H*"	"9/2"		"T9399"	"L4235"	
"430.71732"	"430.71723"	"930000"	"1.13e+06"	B+	"0.000"	"23210.560"	"3d3.4s2"	"a 4F"	"3/2"	"3d3.(4F).4s.4p.(3P*)"	"z 4F*"	"5/2"		"T9399"	"L15916"	
"430.7317"	"430.73165"	"13000"	""		"9637.039"	"32846.822"	"3d3.4s2"	"a 4P"	"3/2"	"3d3.(4F).4s.4p.(1P*)"	"w 4F*"	"5/2"		""	"L15916"	
"430.8433"	"430.84310"	"24000"	""		"14548.816"	"37752.595"	"3d3.4s2"	"2D2"	"5/2"	"3d4.(3F2).4p"	"w 2D*"	"5/2"		""	"L15916"	
"430.9236"	"430.92368"	"200000"	""		"26505.953"	"49705.393"	"3d4.(5D).4p"	"y 6D*"	"5/2"	"49705e"	"6D"	"7/2"		""	"L15916"	
"430.9517"	"430.95164"	"93000"	"7.5e+06"	B+	"17116.947"	"40314.882"	"3d4.(3G).4s"	"a 4G"	"7/2"	"3d4.(3G).4p"	"w 4H*"	"7/2"		"T9399"	"L15916"	
"430.97930"	"430.97942"	"1100000"	"7.6e+05"	B+	"323.432"	"23519.872"	"3d3.4s2"	"a 4F"	"7/2"	"3d3.(4F).4s.4p.(3P*)"	"z 4F*"	"9/2"		"T9399"	"L15916"	
"431.1435"	"431.14348"	"29000"	""		"21275.652"	"44463.265"	"3d4.(3G).4s"	"2G"	"9/2"	"3d4.(1G2).4p"	"s 2G*"	"9/2"		""	"L15916"	
"431.1613"	"431.16133"	"33000"	""		"20813.108"	"43999.761"	"3d4.(3D).4s"	"b 4D"	"3/2"	"3d4.(3D).4p"	"4F*"	"3/2"		""	"L15916"	
"431.2817"	"431.28200"	"8300"	""		"9544.635"	"32724.801"	"3d3.4s2"	"a 4P"	"1/2"	"3d3.(4P).4s.4p.(3P*)"	"z 2P*"	"1/2"		""	"L15916"	
"431.3516"	"431.35158"	"190000"	""		"26437.754"	"49614.181"	"3d4.(5D).4p"	"y 6D*"	"3/2"	"49614e"	"6D"	"5/2"		""	"L15916"	
"431.38869"	"431.38864"	"160000"	"3.2e+06"	B	"14949.359"	"38123.795"	"3d4.(3H).4s"	"a 4H"	"9/2"	"3d4.(3H).4p"	"x 2H*"	"9/2"		"T9399"	"L15916"	
"431.4193"	"431.41930"	"19000"	""		"19189.283"	"42362.072"	"3d4.(3P2).4s"	"b 2P"	"3/2"	"3d3.(4P).4s.4p.(3P*)"	"w 2S*"	"1/2"		""	"L15916"	
"431.4822"	"431.48208"	"71000"	""		"20830.344"	"43999.761"	"3d4.(3D).4s"	"b 4D"	"1/2"	"3d4.(3D).4p"	"4F*"	"3/2"		""	"L15916"	
"431.5788"	"431.57891"	"5700"	""		"9824.626"	"32988.845"	"3d3.4s2"	"a 4P"	"5/2"	"3d3.(4F).4s.4p.(1P*)"	"w 4F*"	"7/2"		""	"L15916"	
"431.8512"	"431.85118"	"130000"	""		"26397.633"	"49547.248"	"3d4.(5D).4p"	"y 6D*"	"1/2"	"49547e"	"6D"	"3/2"		""	"L15916"	
"431.9925"	"431.99244"	"10000"	"5.1e+05"	C+	"15103.784"	"38245.829"	"3d3.4s2"	"a 2H"	"9/2"	"3d4.(3H).4p"	"x 4H*"	"7/2"		"T9399"	"L15916"	
"432.0263"	"432.02623"	"28000"	"9.8e+05"	C+	"15264.832"	"38405.067"	"3d3.4s2"	"a 2H"	"11/2"	"3d4.(3H).4p"	"x 4H*"	"11/2"		"T9399"	"L15916"	
"432.2005"	"432.20111"	"5100bl(V II)"	""		"9637.039"	"32767.911"	"3d3.4s2"	"a 4P"	"3/2"	"3d3.(4P).4s.4p.(3P*)"	"z 2P*"	"3/2"		""	"L15916"	
"432.2328"	"432.23268"	"31000"	""		"19189.283"	"42318.466"	"3d4.(3P2).4s"	"b 2P"	"3/2"	"3d4.(3D).4p"	"v 2P*"	"3/2"		""	"L15916"	
"432.3508"	"432.35091"	"11000"	"2.5e+05"	C	"15000.937"	"38123.795"	"3d4.(3H).4s"	"a 4H"	"11/2"	"3d4.(3H).4p"	"x 2H*"	"9/2"		"T9399"	"L15916"	
"432.4627"	"432.46274"	"8200"	"1.42e+05"	C+	"15103.784"	"38220.663"	"3d3.4s2"	"a 2H"	"9/2"	"3d4.(3H).4p"	"x 2H*"	"11/2"		"T9399"	"L15916"	
"432.6163"	"432.6163"	"37000"	""		"26397.633"	"49506.305"	"3d4.(5D).4p"	"y 6D*"	"1/2"	"49506e"	"6D"	"1/2"		""	"L15916"	
"432.6246"	"432.62464"	"82000"	""		"26505.953"	"49614.181"	"3d4.(5D).4p"	"y 6D*"	"5/2"	"49614e"	"6D"	"5/2"		""	"L15916"	
"432.7677"	"432.76776"	"270000"	""		"26604.807&dagger;"	"49705.393"	"3d4.(5D).4p"	"y 6D*"	"7/2"	"49705e"	"6D"	"7/2"		""	"L15916"	
"433.00227"	"433.00229"	"3100000"	"5.3e+06"	B+	"0.000"	"23088.074"	"3d3.4s2"	"a 4F"	"3/2"	"3d3.(4F).4s.4p.(3P*)"	"z 4F*"	"3/2"		"T9399"	"L15916"	
"433.1078"	"433.10796"	"21000"	""		"20687.769"	"43770.210"	"3d3.(4F).4s.4p.(3P*)"	"z 4D*"	"3/2"	"3d3.4s.(5F).4d"	"4D"	"5/2"		""	"L15916"	
"433.1443"	"433.14426"	"540000"	""		"26738.323"	"49818.830"	"3d4.(5D).4p"	"y 6D*"	"9/2"	"49818e"	"6D"	"9/2"		""	"L15916"	
"433.2112"	"433.21140"	"11000"	""		"20606.467"	"43683.397&dagger;"	"3d3.(4F).4s.4p.(3P*)"	"z 4D*"	"1/2"	"3d3.4s.(5F).4d"	"4D"	"3/2"		""	"L15916"	
"433.2375"	"433.23747"	"55000"	"6.0e+06"	C+	"19145.148"	"42220.689"	"3d4.(3H).4s"	"b 2H"	"11/2"	"3d4.(1I).4p"	"u 2H*"	"11/2"		"T9399"	"L15916"	
"433.28185"	"433.28186"	"3400000"	"4.64e+06"	B+	"137.383"	"23210.560"	"3d3.4s2"	"a 4F"	"5/2"	"3d3.(4F).4s.4p.(3P*)"	"z 4F*"	"5/2"		"T9399"	"L15916"	
"433.3688"	"433.36875"	"130000"	""		"26437.754"	"49506.305"	"3d4.(5D).4p"	"y 6D*"	"3/2"	"49506e"	"6D"	"1/2"		""	"L15916"	
"433.4095"	"433.40941"	"190000"	"1.61e+06"	C+	"9824.626"	"32891.013"	"3d3.4s2"	"a 4P"	"5/2"	"3d3.(2P).4s.4p.(3P*)"	"x 4D*"	"7/2"		"T9399"	"L15916"	
"433.5458"	"433.54653"	"11000"	""		"15264.832"	"38323.924"	"3d3.4s2"	"a 2H"	"11/2"	"3d4.(3H).4p"	"x 4H*"	"9/2"		""	"L15916"	
"433.6115"	"433.61155"	"41000"	"6.1e+06"	C+	"19023.531"	"42079.165"	"3d4.(3H).4s"	"b 2H"	"9/2"	"3d4.(1I).4p"	"u 2H*"	"9/2"		"T9399"	"L15916"	
"433.8815"	"433.88140"	"180000"	""		"26505.953"	"49547.248"	"3d4.(5D).4p"	"y 6D*"	"5/2"	"49547e"	"6D"	"3/2"		""	"L15916"	
"433.9163"	"433.91624"	"16000"	""		"20828.481"	"43867.926"	"3d3.(4F).4s.4p.(3P*)"	"z 4D*"	"5/2"	"3d3.4s.(5F).4d"	"4D"	"7/2"		""	"L15916"	
"434.09977"	"434.09980"	"5000000"	"4.5e+06"	C	"323.432"	"23353.135"	"3d3.4s2"	"a 4F"	"7/2"	"3d3.(4F).4s.4p.(3P*)"	"z 4F*"	"7/2"		"T509n"	"L15916"	
"434.2190"	"434.21908"	"240000"	""		"9637.039"	"32660.416"	"3d3.4s2"	"a 4P"	"3/2"	"3d3.(2P).4s.4p.(3P*)"	"x 4D*"	"5/2"		""	"L15916"	
"434.28258"	"434.28257"	"200000"	"7.9e+06"	B	"15103.784"	"38123.795"	"3d3.4s2"	"a 2H"	"9/2"	"3d4.(3H).4p"	"x 2H*"	"9/2"		"T9399"	"L15916"	
"434.4834"	"434.48334"	"180000"	""		"26604.807&dagger;"	"49614.181"	"3d4.(5D).4p"	"y 6D*"	"7/2"	"49614e"	"6D"	"5/2"		""	"L15916"	
"434.7429"	"434.74306"	"16000"	""		"20687.769"	"43683.397&dagger;"	"3d3.(4F).4s.4p.(3P*)"	"z 4D*"	"3/2"	"3d3.4s.(5F).4d"	"4D"	"3/2"		""	"L15916"	
"435.0664"	"435.06636"	"140000"	""		"13801.551"	"36780.091"	"3d3.4s2"	"a 2P"	"3/2"	"3d3.(4P).4s.4p.(3P*)"	"x 2D*"	"3/2"		""	"L15916"	
"435.0807"	"435.08074"	"120000"	"2.04e+05"	B+	"2153.221"	"25131.002"	"3d4.(5D).4s"	"a 6D"	"3/2"	"3d4.(5D).4p"	"z 4P*"	"5/2"		"T4902"	"L15916"	
"435.2436"	"435.24364"	"140000"	""		"13810.910"	"36780.091"	"3d3.4s2"	"a 2P"	"1/2"	"3d3.(4P).4s.4p.(3P*)"	"x 2D*"	"3/2"		""	"L15916"	
"435.28653"	"435.28654"	"6600000"	"6.1e+06"	B+	"552.955"	"23519.872"	"3d3.4s2"	"a 4F"	"9/2"	"3d3.(4F).4s.4p.(3P*)"	"z 4F*"	"9/2"		"T9399"	"L15916"	
"435.3326"	"435.33255"	"140000"	"2.43e+06"	B+	"13801.551"	"36766.041"	"3d3.4s2"	"a 2P"	"3/2"	"3d4.(3F2).4p"	"x 2F*"	"5/2"		"T9399"	"L15916"	
"435.49678"	"435.49676"	"530000"	"8.6e+06"	B+	"15264.832"	"38220.663"	"3d3.4s2"	"a 2H"	"11/2"	"3d4.(3H).4p"	"x 2H*"	"11/2"		"T9399"	"L15916"	
"435.59426"	"435.59429"	"1000000"	"1.03e+06"	B+	"137.383"	"23088.074"	"3d3.4s2"	"a 4F"	"5/2"	"3d3.(4F).4s.4p.(3P*)"	"z 4F*"	"3/2"		"T9399"	"L15916"	
"435.6784"	"435.67830"	"41000"	""		"17054.924"	"40001.190"	"3d4.(3G).4s"	"a 4G"	"5/2"	"3d4.(3H).4p"	"u 4G*"	"7/2"		""	"L15916"	
"435.7441"	"435.74374"	"110000*"	""		"14514.756"	"37457.576"	"3d3.4s2"	"2D2"	"3/2"	"3d4.(3F2).4p"	"w 2D*"	"3/2"		""	"L15916"	
"435.7441"	"435.74429"	"110000*"	""		"19078.112"	"42020.903"	"3d4.(3F2).4s"	"a 2F"	"7/2"	"3d4.(3D).4p"	"u 2F*"	"7/2"		""	"L15916"	
"435.7648"	"435.76446"	"35000"	""		"20828.481"	"43770.210"	"3d3.(4F).4s.4p.(3P*)"	"z 4D*"	"5/2"	"3d3.4s.(5F).4d"	"4D"	"5/2"		""	"L15916"	
"436.0578"	"436.05799"	"170000"	""		"14548.816"	"37475.102&dagger;"	"3d3.4s2"	"2D2"	"5/2"	"3d3.(2D2).4s.4p.(3P*)"	"w 2F*"	"7/2"		""	"L15916"	
"436.1002"	"436.10020"	"46000"	""		"19026.326"	"41950.393"	"3d4.(3F2).4s"	"a 2F"	"5/2"	"3d4.(3D).4p"	"u 2F*"	"5/2"		""	"L15916"	
"436.1270"	"436.12684"	"6900"	""		"20606.467"	"43529.134"	"3d3.(4F).4s.4p.(3P*)"	"z 4D*"	"1/2"	"3d3.4s.(5F).4d"	"4D"	"1/2"		""	"L15916"	
"436.1391"	"436.13909"	"67000"	""		"17116.947"	"40038.970"	"3d4.(3G).4s"	"a 4G"	"7/2"	"3d4.(3H).4p"	"u 4G*"	"9/2"		""	"L15916"	
"436.3309"	"436.33091"	"110000"	""		"9544.635"	"32456.581"	"3d3.4s2"	"a 4P"	"1/2"	"3d3.(2P).4s.4p.(3P*)"	"x 4D*"	"3/2"		""	"L15916"	
"436.3519"	"436.35186"	"310000"	"5.9e+05"	C+	"2220.156"	"25131.002"	"3d4.(5D).4s"	"a 6D"	"5/2"	"3d4.(5D).4p"	"z 4P*"	"5/2"		"T9399"	"L15916"	
"436.4208"	"436.42082"	"190000"	"1.74e+07"	B	"17054.924"	"39962.150"	"3d4.(3G).4s"	"a 4G"	"5/2"	"3d4.(3H).4p"	"u 4G*"	"5/2"		"T9399"	"L15916"	
"436.57350"	"436.57346"	"180000"	""		"13801.551"	"36700.768"	"3d3.4s2"	"a 2P"	"3/2"	"3d3.(4P).4s.4p.(3P*)"	"x 2D*"	"5/2"		""	"L15916"	
"436.7056"	"436.70542"	"39000"	""		"21603.259"	"44495.557"	"3d4.(1G2).4s"	"b 2G"	"9/2"	"3d4.(1G2).4p"	"s 2G*"	"7/2"		""	"L15916"	
"436.80404"	"436.80407"	"990000"	"1.06e+06"	B+	"323.432"	"23210.560"	"3d3.4s2"	"a 4F"	"7/2"	"3d3.(4F).4s.4p.(3P*)"	"z 4F*"	"5/2"		"T9399"	"L15916"	
"436.85915"	"436.85913"	"190000"	""		"17116.947"	"40001.190"	"3d4.(3G).4s"	"a 4G"	"7/2"	"3d4.(3H).4p"	"u 4G*"	"7/2"		""	"L15916"	
"436.9057"	"436.90576"	"47000"	"3.3e+06"	B	"17182.073"	"40063.874"	"3d4.(3G).4s"	"a 4G"	"9/2"	"3d4.(3H).4p"	"u 4G*"	"11/2"		"T9399"	"L15916"	
"437.3224"	"437.32232"	"440000"	"8.1e+07"	C	"21603.259"	"44463.265"	"3d4.(1G2).4s"	"b 2G"	"9/2"	"3d4.(1G2).4p"	"s 2G*"	"9/2"		"u38"	"L15916"	
"437.3423"	"437.34227"	"26000"	"4.2e+05"	C+	"15264.832"	"38123.795"	"3d3.4s2"	"a 2H"	"11/2"	"3d4.(3H).4p"	"x 2H*"	"9/2"		"T9399"	"L15916"	
"437.3818"	"437.38180"	"290000"	"1.46e+07"	B+	"17182.073"	"40038.970"	"3d4.(3G).4s"	"a 4G"	"9/2"	"3d4.(3H).4p"	"u 4G*"	"9/2"		"T9399"	"L15916"	
"437.4198"	"437.41971"	"16000"	""		"20828.481"	"43683.397&dagger;"	"3d3.(4F).4s.4p.(3P*)"	"z 4D*"	"5/2"	"3d3.4s.(5F).4d"	"4D"	"3/2"		""	"L15916"	
"437.5056"	"437.50565"	"70000"	""		"21603.259"	"44453.686"	"3d4.(1G2).4s"	"b 2G"	"9/2"	"3d4.(1I).4p"	"2I*"	"11/2"		""	"L15916"	
"437.5304"	"437.53035"	"330000*"	"7.7e+07"	C	"21646.420"	"44495.557"	"3d4.(1G2).4s"	"b 2G"	"7/2"	"3d4.(1G2).4p"	"s 2G*"	"7/2"		"u38"	"L15916"	
"437.5304"	"437.53092"	"330000*"	""		"21032.503"	"43881.610"	"3d3.(4F).4s.4p.(3P*)"	"z 4D*"	"7/2"	"3d3.4s.(5F).4d"	"f 6P"	"5/2"		""	"L15916"	
"437.6057"	"437.60569"	"24000"	"3.1e+06"	C+	"17116.947"	"39962.150"	"3d4.(3G).4s"	"a 4G"	"7/2"	"3d4.(3H).4p"	"u 4G*"	"5/2"		"T9399"	"L15916"	
"437.6787"	"437.67922"	"16000"	""		"20687.769"	"43529.134"	"3d3.(4F).4s.4p.(3P*)"	"z 4D*"	"3/2"	"3d3.4s.(5F).4d"	"4D"	"1/2"		""	"L15916"	
"437.7866"	"437.78608"	"87000"	""		"9824.626"	"32660.416"	"3d3.4s2"	"a 4P"	"5/2"	"3d3.(2P).4s.4p.(3P*)"	"x 4D*"	"5/2"		""	"L15916"	
"437.7932"	"437.79311"	"150000"	""		"21032.503"	"43867.926"	"3d3.(4F).4s.4p.(3P*)"	"z 4D*"	"7/2"	"3d3.4s.(5F).4d"	"4D"	"7/2"		""	"L15916"	
"437.92298"	"437.92304"	"74000000"	"1.15e+08"	B+	"2424.809"	"25253.457"	"3d4.(5D).4s"	"a 6D"	"9/2"	"3d4.(5D).4p"	"y 6F*"	"11/2"		"T9627"	"L15916"	
"438.0544"	"438.05437"	"380000"	"1.84e+07"	B	"17242.070"	"40063.874"	"3d4.(3G).4s"	"a 4G"	"11/2"	"3d4.(3H).4p"	"u 4G*"	"11/2"		"T9399"	"L15916"	
"438.0959"	"438.09605"	":"	"1.66e+05"	B+	"2311.369"	"25131.002"	"3d4.(5D).4s"	"a 6D"	"7/2"	"3d4.(5D).4p"	"z 4P*"	"5/2"		"T4902"	"L20056"	
"438.0978"	"438.09780"	"130000"	""		"9637.039"	"32456.581"	"3d3.4s2"	"a 4P"	"3/2"	"3d3.(2P).4s.4p.(3P*)"	"x 4D*"	"3/2"		""	"L15916"	
"438.1060"	"438.10596"	"37000"	""		"17182.073"	"40001.190"	"3d4.(3G).4s"	"a 4G"	"9/2"	"3d4.(3H).4p"	"u 4G*"	"7/2"		""	"L15916"	
"438.1244"	"438.12400"	"84000"	""		"20767.609"	"43585.786"	"3d4.(3D).4s"	"b 4D"	"7/2"	"3d4.(5D).5p"	"u 4P*"	"5/2"		""	"L15916"	
"438.1742"	"438.17418"	"20000"	"6.5e+05"	C+	"14949.359"	"37764.923"	"3d4.(3H).4s"	"a 4H"	"9/2"	"3d4.(3F2).4p"	"v 4G*"	"11/2"		"T9399"	"L15916"	
"438.3897"	"438.38962"	"110000"	""		"9544.635"	"32348.987"	"3d3.4s2"	"a 4P"	"1/2"	"3d3.(2P).4s.4p.(3P*)"	"x 4D*"	"1/2"		""	"L15916"	
"438.4183"	"438.41813"	"110000"	"3.0e+05"	B	"2112.282"	"24915.151"	"3d4.(5D).4s"	"a 6D"	"1/2"	"3d4.(5D).4p"	"z 4P*"	"3/2"		"T4902"	"L15916"	
"438.47122"	"438.47130"	"44000000"	"9.2e+07"	B+	"2311.369"	"25111.473"	"3d4.(5D).4s"	"a 6D"	"7/2"	"3d4.(5D).4p"	"y 6F*"	"9/2"		"T9627"	"L15916"	
"438.533"	"438.53293"	"51000"	"3.5e+06"	C	"17242.070"	"40038.970"	"3d4.(3G).4s"	"a 4G"	"11/2"	"3d4.(3H).4p"	"u 4G*"	"9/2"		"T9399"	"L14162"	
"438.72066"	"438.72070"	"440000"	""		"8413.009"	"31200.152"	"3d4.(5D).4s"	"a 4D"	"1/2"	"3d3.(2G).4s.4p.(3P*)"	"x 4F*"	"3/2"		""	"L15916"	
"438.8096"	"438.80944"	"18000"	"2.2e+06"	C+	"19078.112"	"41860.647"	"3d4.(3F2).4s"	"a 2F"	"7/2"	"3d4.(3G).4p"	"t 4G*"	"9/2"		"T9399"	"L15916"	
"438.9789"	"438.97890"	"97000"	""		"21101.589"	"43875.329"	"3d4.(3G).4s"	"2G"	"7/2"	"3d4.(1G2).4p"	"t 2F*"	"5/2"		""	"L15916"	
"438.99791"	"438.99793"	"30000000"	"7.0e+07"	B+	"2220.156"	"24992.909"	"3d4.(5D).4s"	"a 6D"	"5/2"	"3d4.(5D).4p"	"y 6F*"	"7/2"		"T9627"	"L15916"	
"439.0603"	"439.06032"	"97000"	""		"13810.910"	"36580.427&dagger;"	"3d3.4s2"	"a 2P"	"1/2"	"3d4.(3P2).4p"	"2P*"	"3/2"		""	"L15916"	
"439.1670"	"439.16700"	"72000"	"2.09e+06"	B+	"15000.937"	"37764.923"	"3d4.(3H).4s"	"a 4H"	"11/2"	"3d4.(3F2).4p"	"v 4G*"	"11/2"		"T9399"	"L15916"	
"439.2066"	"439.20667"	"560000"	"9.3e+05"	B	"2153.221"	"24915.151"	"3d4.(5D).4s"	"a 6D"	"3/2"	"3d4.(5D).4p"	"z 4P*"	"3/2"		"T4902"	"L15916"	
"439.3080"	"439.30804"	"180000"	"1.10e+07"	C+	"15078.387"	"37835.065"	"3d4.(3P2).4s"	"b 4P"	"1/2"	"3d4.(3P2).4p"	"t 4D*"	"3/2"		"T9399"	"L15916"	
"439.3833"	"439.38330"	"230000"	""		"8476.234"	"31229.014"	"3d4.(5D).4s"	"a 4D"	"3/2"	"3d3.(2G).4s.4p.(3P*)"	"x 4F*"	"5/2"		""	"L15916"	
"439.4802"	"439.48027"	"660000"	""		"10892.520"	"33640.280"	"3d3.4s2"	"a 2G"	"7/2"	"3d3.(2G).4s.4p.(3P*)"	"z 2H*"	"9/2"		""	"L15916"	
"439.52235"	"439.52233"	"23000000"	"5.2e+07"	B+	"2153.221"	"24898.804"	"3d4.(5D).4s"	"a 6D"	"3/2"	"3d4.(5D).4p"	"y 6F*"	"5/2"		"T9399"	"L15916"	
"439.7356"	"439.73604"	"17000"	""		"14909.958"	"37644.487"	"3d4.(3H).4s"	"a 4H"	"7/2"	"3d4.(3F2).4p"	"v 4G*"	"9/2"		""	"L15916"	
"439.7842"	"439.78436"	"10000"	"1.58e+06"	C+	"19026.326"	"41758.357"	"3d4.(3F2).4s"	"a 2F"	"5/2"	"3d4.(3G).4p"	"t 4G*"	"7/2"		"T9399"	"L15916"	
"439.94135"	"439.94138"	"190000"	""		"8476.234"	"31200.152"	"3d4.(5D).4s"	"a 4D"	"3/2"	"3d3.(2G).4s.4p.(3P*)"	"x 4F*"	"3/2"		""	"L15916"	
"440.05718"	"440.05717"	"8800000"	"3.47e+07"	B+	"2112.282"	"24830.221"	"3d4.(5D).4s"	"a 6D"	"1/2"	"3d4.(5D).4p"	"y 6F*"	"3/2"		"T9399"	"L15916"	
"440.1102"	"440.11139"	"26000"	""		"20789.112"	"43504.252&dagger;"	"3d4.(3D).4s"	"b 4D"	"5/2"	"3d4.(5D).5p"	"u 4P*"	"3/2"		""	"L4235"	
"440.1732"	"440.17325"	"17000"	""		"9637.039"	"32348.987"	"3d3.4s2"	"a 4P"	"3/2"	"3d3.(2P).4s.4p.(3P*)"	"x 4D*"	"1/2"		""	"L15916"	
"440.3668"	"440.36683"	"310000"	"6.1e+06"	B+	"15062.959"	"37764.923"	"3d4.(3H).4s"	"a 4H"	"13/2"	"3d4.(3F2).4p"	"v 4G*"	"11/2"		"T9399"	"L15916"	
"440.5022"	"440.50206"	"340000"	""		"2220.156"	"24915.151"	"3d4.(5D).4s"	"a 6D"	"5/2"	"3d4.(5D).4p"	"z 4P*"	"3/2"		""	"L9190"	
"440.5770"	"440.57682"	"20000"	""		"20813.108"	"43504.252&dagger;"	"3d4.(3D).4s"	"b 4D"	"3/2"	"3d4.(5D).5p"	"u 4P*"	"3/2"		""	"L15916"	
"440.6100"	"440.60779"	"460000"	"3.5e+06"	D+	"8578.542"	"31268.091"	"3d4.(5D).4s"	"a 4D"	"5/2"	"3d3.(2G).4s.4p.(3P*)"	"x 4F*"	"7/2"		"T284n"	"L4235"	
"440.66388"	"440.66382"	"14000000"	"1.94e+07"	B+	"2424.809"	"25111.473"	"3d4.(5D).4s"	"a 6D"	"9/2"	"3d4.(5D).4p"	"y 6F*"	"9/2"		"T9399"	"L15916"	
"440.76335"	"440.76338"	"17000000"	"3.76e+07"	B+	"2311.369"	"24992.909"	"3d4.(5D).4s"	"a 6D"	"7/2"	"3d4.(5D).4p"	"y 6F*"	"7/2"		"T9627"	"L15916"	
"440.81959"	"440.81958"	"23000000"	"5.1e+07"	B+	"2220.156"	"24898.804"	"3d4.(5D).4s"	"a 6D"	"5/2"	"3d4.(5D).4p"	"y 6F*"	"5/2"		"T9399"	"L15916"	
"440.84931"	"440.84931"	":"	"8.0e+07"	B+	"2112.282"	"24789.401"	"3d4.(5D).4s"	"a 6D"	"1/2"	"3d4.(5D).4p"	"y 6F*"	"1/2"		"T9399"	"L18972"	
"440.85139"	"440.85162"	"29000000"	"6.0e+07"	B+	"2153.221"	"24830.221"	"3d4.(5D).4s"	"a 6D"	"3/2"	"3d4.(5D).4p"	"y 6F*"	"3/2"		"T9399"	"L15916"	
"440.8677"	"440.86762"	"130000"	""		"13801.551"	"36477.728&dagger;"	"3d3.4s2"	"a 2P"	"3/2"	"3d4.(3P2).4p"	"2P*"	"1/2"		""	"L15916"	
"441.21369"	"441.21369"	"880000"	"4.26e+06"	B+	"2112.282"	"24770.673"	"3d4.(5D).4s"	"a 6D"	"1/2"	"3d4.(5D).4p"	"z 4P*"	"1/2"		"T4902"	"L15916"	
"441.3680"	"441.36795"	"250000"	""		"8578.542"	"31229.014"	"3d4.(5D).4s"	"a 4D"	"5/2"	"3d3.(2G).4s.4p.(3P*)"	"x 4F*"	"5/2"		""	"L15916"	
"441.4537"	"441.45363"	"79000"	"2.86e+06"	B+	"14909.958"	"37556.034"	"3d4.(3H).4s"	"a 4H"	"7/2"	"3d4.(3F2).4p"	"v 4G*"	"7/2"		"T9399"	"L15916"	
"441.50285"	"441.50287"	"190000"	"5.2e+06"	B	"15000.937"	"37644.487"	"3d4.(3H).4s"	"a 4H"	"11/2"	"3d4.(3F2).4p"	"v 4G*"	"9/2"		"T9399"	"L15916"	
"441.64665"	"441.64662"	"4000000"	"2.54e+07"	B+	"2153.221"	"24789.401"	"3d4.(5D).4s"	"a 6D"	"3/2"	"3d4.(5D).4p"	"y 6F*"	"1/2"		"T9399"	"L15916"	
"441.66835"	"441.66830"	"640000"	""		"10892.520"	"33527.589"	"3d3.4s2"	"a 2G"	"7/2"	"3d3.(2G).4s.4p.(3P*)"	"y 2F*"	"5/2"		""	"L15916"	
"441.6839"	"441.68374"	"19000"	"6.3e+05"	C+	"15770.789"	"38405.067"	"3d4.(3F2).4s"	"b 4F"	"9/2"	"3d4.(3H).4p"	"x 4H*"	"11/2"		"T9399"	"L15916"	
"441.845"	"441.84778"	"57000"	""		"14548.816"	"37174.691"	"3d3.4s2"	"2D2"	"5/2"	"3d4.(3H).4p"	"v 2G*"	"7/2"		""	"L14162"	
"441.9310"	"441.93108"	"16000"	""		"8578.542"	"31200.152"	"3d4.(5D).4s"	"a 4D"	"5/2"	"3d3.(2G).4s.4p.(3P*)"	"x 4F*"	"3/2"		""	"L15916"	
"441.99341"	"441.99337"	"750000"	"1.22e+06"	B+	"2220.156"	"24838.578"	"3d4.(5D).4s"	"a 6D"	"5/2"	"3d4.(5D).4p"	"z 6P*"	"7/2"		"T9399"	"L15916"	
"442.0951"	"442.09509"	"16000"	""		"20830.344"	"43443.562"	"3d4.(3D).4s"	"b 4D"	"1/2"	"3d4.(5D).5p"	"u 4P*"	"1/2"		""	"L15916"	
"442.15678"	"442.15674"	"4000000"	"1.33e+07"	B+	"2220.156"	"24830.221"	"3d4.(5D).4s"	"a 6D"	"5/2"	"3d4.(5D).4p"	"y 6F*"	"3/2"		"T9399"	"L15916"	
"442.22304"	"442.22305"	"130000"	"4.9e+06"	B+	"14949.359"	"37556.034"	"3d4.(3H).4s"	"a 4H"	"9/2"	"3d4.(3F2).4p"	"v 4G*"	"7/2"		"T9399"	"L15916"	
"442.2473"	"442.24744"	"87000"	""		"15000.937"	"37606.365"	"3d4.(3H).4s"	"a 4H"	"11/2"	"3d4.(3H).4p"	"z 2I*"	"13/2"		""	"L4235"	
"442.32056"	"442.32053"	"460000"	"3.2e+06"	D+	"8715.747"	"31317.440"	"3d4.(5D).4s"	"a 4D"	"7/2"	"3d3.(2G).4s.4p.(3P*)"	"x 4F*"	"9/2"		"T284n"	"L15916"	
"442.3596"	"442.35963"	"12000"	""		"15724.229"	"38323.924"	"3d4.(3F2).4s"	"b 4F"	"7/2"	"3d4.(3H).4p"	"x 4H*"	"9/2"		""	"L15916"	
"442.39100"	"442.39101"	"100000"	""		"21275.652"	"43873.744"	"3d4.(3G).4s"	"2G"	"9/2"	"3d4.(1G2).4p"	"t 2F*"	"7/2"		""	"L15916"	
"442.45669"	"442.45682"	"210000"	""		"11100.596"	"33695.327"	"3d3.4s2"	"a 2G"	"9/2"	"3d3.(2G).4s.4p.(3P*)"	"z 2H*"	"11/2"		""	"L15916"	
"442.57105"	"442.57092"	"430000"	""		"10892.520"	"33481.426"	"3d3.4s2"	"a 2G"	"7/2"	"3d3.(2G).4s.4p.(3P*)"	"y 2F*"	"7/2"		""	"L15916"	
"442.59978"	"442.59974"	"2900000"	"6.6e+06"	B+	"2311.369"	"24898.804"	"3d4.(5D).4s"	"a 6D"	"7/2"	"3d4.(5D).4p"	"y 6F*"	"5/2"		"T9399"	"L15916"	
"442.72874"	"442.72877"	"400000"	"8.e+07"	D+	"21603.259"	"44184.111"	"3d4.(1G2).4s"	"b 2G"	"9/2"	"3d4.(1G2).4p"	"t 2H*"	"11/2"		"T9771"	"L15916"	
"442.85096"	"442.85100"	"2000000"	"4.13e+06"	B+	"2153.221"	"24727.841"	"3d4.(5D).4s"	"a 6D"	"3/2"	"3d4.(5D).4p"	"z 6P*"	"5/2"		"T9399"	"L15916"	
"442.97893"	"442.97894"	"1400000"	"2.21e+06"	B+	"2424.809"	"24992.909"	"3d4.(5D).4s"	"a 6D"	"9/2"	"3d4.(5D).4p"	"y 6F*"	"7/2"		"T9627"	"L15916"	
"443.0499"	"443.04995"	"120000"	"1.14e+07"	C+	"15270.582"	"37835.065"	"3d4.(3P2).4s"	"b 4P"	"3/2"	"3d4.(3P2).4p"	"t 4D*"	"3/2"		"T9399"	"L15916"	
"443.2884"	"443.28843"	"200000"	""		"8715.747"	"31268.091"	"3d4.(5D).4s"	"a 4D"	"7/2"	"3d3.(2G).4s.4p.(3P*)"	"x 4F*"	"7/2"		""	"L15916"	
"443.45945"	"443.45941"	"370000"	"1.94e+07"	B	"15572.035"	"38115.684&dagger;"	"3d4.(3P2).4s"	"b 4P"	"5/2"	"3d4.(3P2).4p"	"t 4D*"	"7/2"		"T9399"	"L15916"	
"443.5374"	"443.53742"	"94000"	""		"11100.596"	"33640.280"	"3d3.4s2"	"a 2G"	"9/2"	"3d3.(2G).4s.4p.(3P*)"	"z 2H*"	"9/2"		""	"L15916"	
"443.61325"	"443.61323"	"2700000"	"1.00e+07"	B+	"2112.282"	"24648.114"	"3d4.(5D).4s"	"a 6D"	"1/2"	"3d4.(5D).4p"	"z 6P*"	"3/2"		"T9399"	"L15916"	
"443.6868"	"443.68637"	"4100"	""		"21646.420"	"44178.537"	"3d4.(1G2).4s"	"b 2G"	"7/2"	"3d4.(3D).4p"	"4F*"	"9/2"		""	"L4235"	
"443.736"	"443.74033"	"6700"	""		"15000.937"	"37530.314"	"3d4.(3H).4s"	"a 4H"	"11/2"	"3d4.(3H).4p"	"z 2I*"	"11/2"		""	"L4235"	
"443.78304"	"443.78304"	"4000000"	"8.3e+06"	B+	"2311.369"	"24838.578"	"3d4.(5D).4s"	"a 6D"	"7/2"	"3d4.(5D).4p"	"z 6P*"	"7/2"		"T9399"	"L15916"	
"443.8990"	"443.89901"	"35000"	""		"19078.112"	"41599.436"	"3d4.(3F2).4s"	"a 2F"	"7/2"	"3d4.(3G).4p"	"t 4F*"	"9/2"		""	"L15916"	
"444.16798"	"444.16800"	"5200000"	"1.35e+07"	B+	"2220.156"	"24727.841"	"3d4.(5D).4s"	"a 6D"	"5/2"	"3d4.(5D).4p"	"z 6P*"	"5/2"		"T9399"	"L15916"	
"444.33365"	"444.33357"	"300000"	"8.1e+07"	C	"21646.420"	"44145.718"	"3d4.(1G2).4s"	"b 2G"	"7/2"	"3d4.(1G2).4p"	"t 2H*"	"9/2"		"u38"	"L15916"	
"444.42062"	"444.42059"	"4000000"	"1.48e+07"	B+	"2153.221"	"24648.114"	"3d4.(5D).4s"	"a 6D"	"3/2"	"3d4.(5D).4p"	"z 6P*"	"3/2"		"T9399"	"L15916"	
"444.5820"	"444.58198"	"13000"	""		"15270.582"	"37757.309"	"3d4.(3P2).4s"	"b 4P"	"3/2"	"3d4.(3P2).4p"	"t 4D*"	"1/2"		""	"L15916"	
"444.95724"	"444.95730"	"310000"	""		"10892.520"	"33360.280"	"3d3.4s2"	"a 2G"	"7/2"	"3d3.(2G).4s.4p.(3P*)"	"y 2G*"	"7/2"		""	"L15916"	
"445.08979"	"445.08977"	"240000"	""		"19078.112"	"41539.185"	"3d4.(3F2).4s"	"a 2F"	"7/2"	"3d4.(3G).4p"	"t 2G*"	"9/2"		""	"L15916"	
"445.1763"	"445.17640"	"34000*"	""		"21841.421"	"44298.123"	"3d3.(4F).4s.4p.(3P*)"	"z 4G*"	"5/2"	"3d3.4s.(5F).4d"	"4G"	"5/2"		""	"L15916"	
"445.1763"	"445.1764"	"34000*"	""		"21841.421"	"44298.123"	"3d3.(4F).4s.4p.(3P*)"	"z 4G*"	"5/2"	"3d3.4s.(5F).4d"	"4F"	"3/2"		""	"L15916"	
"445.20051"	"445.20051"	"2500000"	"8.1e+07"	B+	"15062.959"	"37518.445"	"3d4.(3H).4s"	"a 4H"	"13/2"	"3d4.(3H).4p"	"z 4I*"	"15/2"		"T9399"	"L15916"	
"445.2697"	"445.26978"	"100000"	"3.27e+06"	B+	"14909.958"	"37361.951"	"3d4.(3H).4s"	"a 4H"	"7/2"	"3d4.(3H).4p"	"v 2G*"	"9/2"		"T9399"	"L15916"	
"445.3118"	"445.31180"	"69000"	"1.56e+06"	B	"15770.789"	"38220.663"	"3d4.(3F2).4s"	"b 4F"	"9/2"	"3d4.(3H).4p"	"x 2H*"	"11/2"		"T9399"	"L15916"	
"445.4118"	"445.41186"	"56000"	""		"21963.437"	"44408.268"	"3d3.(4F).4s.4p.(3P*)"	"z 4G*"	"7/2"	"3d3.4s.(5F).4d"	"4G"	"7/2"		""	"L15916"	
"445.64410"	"445.64409"	"59000"	""		"22121.079"	"44554.214"	"3d3.(4F).4s.4p.(3P*)"	"z 4G*"	"9/2"	"3d3.4s.(5F).4d"	"4G"	"9/2"		""	"L15916"	
"445.64916"	"445.64912"	"73000"	""		"22313.832"	"44746.714"	"3d3.(4F).4s.4p.(3P*)"	"z 4G*"	"11/2"	"3d3.4s.(5F).4d"	"4G"	"11/2"		""	"L15916"	
"445.74700"	"445.74696"	"2600000"	"9.6e+06"	B+	"2220.156"	"24648.114"	"3d4.(5D).4s"	"a 6D"	"5/2"	"3d4.(5D).4p"	"z 6P*"	"3/2"		"T9399"	"L15916"	
"445.77533"	"445.77534"	"500000"	"1.47e+07"	C+	"15103.784"	"37530.314"	"3d3.4s2"	"a 2H"	"9/2"	"3d4.(3H).4p"	"z 2I*"	"11/2"		"T9282"	"L15916"	
"445.8389"	"445.83882"	"90000"	"5.8e+06"	B	"19078.112"	"41501.449"	"3d4.(3F2).4s"	"a 2F"	"7/2"	"3d4.(3G).4p"	"v 2H*"	"9/2"		"T9399"	"L15916"	
"445.97532"	"445.97536"	"6300000"	"1.76e+07"	B+	"2311.369"	"24727.841"	"3d4.(5D).4s"	"a 6D"	"7/2"	"3d4.(5D).4p"	"z 6P*"	"5/2"		"T9399"	"L15916"	
"446.02914"	"446.02914"	"13000000"	"2.61e+07"	B+	"2424.809"	"24838.578"	"3d4.(5D).4s"	"a 6D"	"9/2"	"3d4.(5D).4p"	"z 6P*"	"7/2"		"T9399"	"L15916"	
"446.04300"	"446.04287"	"150000"	"1.16e+07"	B+	"19023.531"	"41436.610&dagger;"	"3d4.(3H).4s"	"b 2H"	"9/2"	"3d4.(3G).4p"	"t 2G*"	"7/2"		"T9399"	"L15916"	
"446.09855"	"446.09850"	"270000"	"2.91e+07"	B+	"19026.326"	"41436.610&dagger;"	"3d4.(3F2).4s"	"a 2F"	"5/2"	"3d4.(3G).4p"	"t 2G*"	"7/2"		"T9399"	"L15916"	
"446.23574"	"446.23574"	"2500000"	"7.9e+07"	B+	"15000.937"	"37404.329"	"3d4.(3H).4s"	"a 4H"	"11/2"	"3d4.(3H).4p"	"z 4I*"	"13/2"		"T9399"	"L15916"	
"446.3123"	"446.31196"	"8400"	"1.9e+05"	C+	"15724.229"	"38123.795"	"3d4.(3F2).4s"	"b 4F"	"7/2"	"3d4.(3H).4p"	"x 2H*"	"9/2"		"T9399"	"L15916"	
"446.42215"	"446.42216"	"150000"	""		"19145.148"	"41539.185"	"3d4.(3H).4s"	"b 2H"	"11/2"	"3d4.(3G).4p"	"t 2G*"	"9/2"		""	"L15916"	
"446.4738"	"446.47364"	"160000"	"4.2e+06"	C+	"15724.229"	"38115.684&dagger;"	"3d4.(3F2).4s"	"b 4F"	"7/2"	"3d4.(3P2).4p"	"t 4D*"	"7/2"		"T9399"	"L15916"	
"446.5493"	"446.54932"	"160000"	"5.7e+06"	C+	"15572.035"	"37959.695"	"3d4.(3P2).4s"	"b 4P"	"5/2"	"3d4.(3P2).4p"	"t 4D*"	"5/2"		"T9399"	"L15916"	
"446.68554"	"446.68560"	"290000"	""		"11100.596"	"33481.426"	"3d3.4s2"	"a 2G"	"9/2"	"3d3.(2G).4s.4p.(3P*)"	"y 2F*"	"7/2"		""	"L15916"	
"446.76056"	"446.76051"	"47000"	"1.00e+06"	B	"14548.816"	"36925.893&dagger;"	"3d3.4s2"	"2D2"	"5/2"	"3d4.(3F2).4p"	"x 2F*"	"7/2"		"T9399"	"L15916"	
"446.80003"	"446.80001"	"500000"	"1.74e+07"	B+	"14909.958"	"37285.057"	"3d4.(3H).4s"	"a 4H"	"7/2"	"3d4.(3H).4p"	"z 4I*"	"9/2"		"T9399"	"L15916"	
"446.8755"	"446.87553"	"170000"	"9.e+06"	D+	"15103.784"	"37475.102&dagger;"	"3d3.4s2"	"a 2H"	"9/2"	"3d3.(2D2).4s.4p.(3P*)"	"w 2F*"	"7/2"		"T284n"	"L4235"	
"446.97035"	"446.97033"	"1600000"	"6.2e+07"	B+	"14949.359"	"37315.932"	"3d4.(3H).4s"	"a 4H"	"9/2"	"3d4.(3H).4p"	"z 4I*"	"11/2"		"T9399"	"L15916"	
"447.0041"	"447.00429"	"7700"	""		"24778.321"	"47143.195&dagger;"	"3d3.4s2"	"2F"	"7/2"	"3d3.(2F).4s.4p.(3P*)"	"s 2F*"	"7/2"		""	"L15916"	
"447.0347"	"447.03481"	"9500"	""		"21963.437"	"44326.784"	"3d3.(4F).4s.4p.(3P*)"	"z 4G*"	"7/2"	"3d3.4s.(5F).4d"	"4F"	"7/2"		""	"L15916"	
"447.0812"	"447.08145"	"19000"	"3.5e+05"	C	"15000.937"	"37361.951"	"3d4.(3H).4s"	"a 4H"	"11/2"	"3d4.(3H).4p"	"v 2G*"	"9/2"		"T9399"	"L15916"	
"447.1321"	"447.13176"	"28000"	"2.25e+06"	B	"19078.112"	"41436.610&dagger;"	"3d4.(3F2).4s"	"a 2F"	"7/2"	"3d4.(3G).4p"	"t 2G*"	"7/2"		"T9399"	"L15916"	
"447.1756"	"447.17570"	"32000"	"2.21e+06"	B	"19145.148"	"41501.449"	"3d4.(3H).4s"	"b 2H"	"11/2"	"3d4.(3G).4p"	"v 2H*"	"9/2"		"T9399"	"L15916"	
"447.2224"	"447.22235"	"7100"	""		"21841.421"	"44195.390"	"3d3.(4F).4s.4p.(3P*)"	"z 4G*"	"5/2"	"3d3.4s.(5F).4d"	"4F"	"5/2"		""	"L15916"	
"447.3219"	"447.32145"	"46000bl"	""		"14514.756"	"36863.773"	"3d3.4s2"	"2D2"	"3/2"	"3d3.(2H).4s.4p.(3P*)"	"w 4G*"	"5/2"		""	"L4235"	
"447.4040"	"447.40397"	"490000"	"3.0e+07"	B	"15770.789"	"38115.684&dagger;"	"3d4.(3F2).4s"	"b 4F"	"9/2"	"3d4.(3P2).4p"	"t 4D*"	"7/2"		"T9399"	"L15916"	
"447.47141"	"447.47129"	"830000"	""		"15264.832"	"37606.365"	"3d3.4s2"	"a 2H"	"11/2"	"3d4.(3H).4p"	"z 2I*"	"13/2"		""	"L15916"	
"447.58820"	"447.58819"	"100000"	"2.45e+06"	B+	"14949.359"	"37285.057"	"3d4.(3H).4s"	"a 4H"	"9/2"	"3d4.(3H).4p"	"z 4I*"	"9/2"		"T9399"	"L15916"	
"448.00349"	"448.00346"	"310000"	"7.5e+06"	B+	"15000.937"	"37315.932"	"3d4.(3H).4s"	"a 4H"	"11/2"	"3d4.(3H).4p"	"z 4I*"	"11/2"		"T9399"	"L15916"	
"448.6241"	"448.62418"	"18000"	"2.9e+05"	C	"15000.937"	"37285.057"	"3d4.(3H).4s"	"a 4H"	"11/2"	"3d4.(3H).4p"	"z 4I*"	"9/2"		"T9399"	"L15916"	
"448.8268"	"448.82677"	"15000"	""		"14548.816"	"36822.878"	"3d3.4s2"	"2D2"	"5/2"	"3d3.(2H).4s.4p.(3P*)"	"w 4G*"	"7/2"		""	"L15916"	
"448.88886"	"448.88872"	"1600000"	"5.0e+07"	B+	"14909.958"	"37180.946"	"3d4.(3H).4s"	"a 4H"	"7/2"	"3d3.(2H).4s.4p.(3P*)"	"y 2H*"	"9/2"		"T9399"	"L15916"	
"449.0020"	"449.00269"	"15000"	""		"14514.756"	"36780.091"	"3d3.4s2"	"2D2"	"3/2"	"3d3.(4P).4s.4p.(3P*)"	"x 2D*"	"3/2"		""	"L15916"	
"449.0151"	"449.01483"	"17000"	""		"14909.958"	"37174.691"	"3d4.(3H).4s"	"a 4H"	"7/2"	"3d4.(3H).4p"	"v 2G*"	"7/2"		""	"L15916"	
"449.08088"	"449.08087"	"310000"	"9.e+06"	D+	"14949.359"	"37210.818"	"3d4.(3H).4s"	"a 4H"	"9/2"	"3d3.(2H).4s.4p.(3P*)"	"y 2H*"	"11/2"		"T284n"	"L15916"	
"449.11670"	"449.11668"	"240000"	""		"11100.596"	"33360.280"	"3d3.4s2"	"a 2G"	"9/2"	"3d3.(2G).4s.4p.(3P*)"	"y 2G*"	"7/2"		""	"L15916"	
"449.1472"	"449.14729"	"35000"	""		"15103.784"	"37361.951"	"3d3.4s2"	"a 2H"	"9/2"	"3d4.(3H).4p"	"v 2G*"	"9/2"		""	"L15916"	
"449.2289"	"449.22899"	"62000"	""		"8578.542"	"30832.661"	"3d4.(5D).4s"	"a 4D"	"5/2"	"3d3.(4P).4s.4p.(3P*)"	"z 6S*"	"5/2"		""	"L15916"	
"449.6059"	"449.60585"	"410000"	"2.6e+07"	B	"15724.229"	"37959.695"	"3d4.(3F2).4s"	"b 4F"	"7/2"	"3d4.(3P2).4p"	"t 4D*"	"5/2"		"T9399"	"L15916"	
"449.6768"	"449.67689"	"40000"	""		"21963.437"	"44195.390"	"3d3.(4F).4s.4p.(3P*)"	"z 4G*"	"7/2"	"3d3.4s.(5F).4d"	"4F"	"5/2"		""	"L15916"	
"449.68424"	"449.68429"	"270000"	"3.81e+06"	B+	"14949.359"	"37180.946"	"3d4.(3H).4s"	"a 4H"	"9/2"	"3d3.(2H).4s.4p.(3P*)"	"y 2H*"	"9/2"		"T9399"	"L15916"	
"449.69063"	"449.69061"	"190000"	""		"14548.816"	"36780.091"	"3d3.4s2"	"2D2"	"5/2"	"3d3.(4P).4s.4p.(3P*)"	"x 2D*"	"3/2"		""	"L15916"	
"449.7385"	"449.73847"	"130000"	""		"21646.420"	"43875.329"	"3d4.(1G2).4s"	"b 2G"	"7/2"	"3d4.(1G2).4p"	"t 2F*"	"5/2"		""	"L15916"	
"449.7706"	"449.77054"	"16000"	""		"21646.420"	"43873.744"	"3d4.(1G2).4s"	"b 2G"	"7/2"	"3d4.(1G2).4p"	"t 2F*"	"7/2"		""	"L15916"	
"449.8109"	"449.81085"	"14000"	""		"14949.359"	"37174.691"	"3d4.(3H).4s"	"a 4H"	"9/2"	"3d4.(3H).4p"	"v 2G*"	"7/2"		""	"L15916"	
"449.9752"	"449.97499"	"21000"	"4.9e+05"	C+	"14548.816"	"36766.041"	"3d3.4s2"	"2D2"	"5/2"	"3d4.(3F2).4p"	"x 2F*"	"5/2"		"T9399"	"L15916"	
"450.0778"	"450.07784"	"25000"	"5.6e+05"	B	"15103.784"	"37315.932"	"3d3.4s2"	"a 2H"	"9/2"	"3d4.(3H).4p"	"z 4I*"	"11/2"		"T9399"	"L15916"	
"450.0858"	"450.08579"	"29000"	"4.6e+06"	B+	"17054.924"	"39266.680"	"3d4.(3G).4s"	"a 4G"	"5/2"	"3d4.(3F2).4p"	"u 4F*"	"3/2"		"T9399"	"L15916"	
"450.12385"	"450.12378"	"91000"	""		"15000.937"	"37210.818"	"3d4.(3H).4s"	"a 4H"	"11/2"	"3d3.(2H).4s.4p.(3P*)"	"y 2H*"	"11/2"		""	"L15916"	
"450.144"	"450.14152"	"110000"	""		"17182.073"	"39391.079"	"3d4.(3G).4s"	"a 4G"	"9/2"	"3d4.(3F2).4p"	"u 4F*"	"9/2"		""	"L14162"	
"450.19538"	"450.19542"	"570000"	"4.5e+06"	D+	"11100.596"	"33306.943"	"3d3.4s2"	"a 2G"	"9/2"	"3d3.(2G).4s.4p.(3P*)"	"y 2G*"	"9/2"		"T284n"	"L15916"	
"450.2084"	"450.20844"	"46000"	""		"22121.079"	"44326.784"	"3d3.(4F).4s.4p.(3P*)"	"z 4G*"	"9/2"	"3d3.4s.(5F).4d"	"4F"	"7/2"		""	"L15916"	
"450.60809"	"450.60806"	"130000"	""		"14514.756"	"36700.768"	"3d3.4s2"	"2D2"	"3/2"	"3d3.(4P).4s.4p.(3P*)"	"x 2D*"	"5/2"		""	"L15916"	
"450.6186"	"450.61842"	"61000"	""		"22313.832"	"44499.334"	"3d3.(4F).4s.4p.(3P*)"	"z 4G*"	"11/2"	"3d3.4s.(5F).4d"	"4F"	"9/2"		""	"L15916"	
"450.65734"	"450.65726"	"46000"	""		"17116.947"	"39300.537"	"3d4.(3G).4s"	"a 4G"	"7/2"	"3d4.(3F2).4p"	"u 4F*"	"5/2"		""	"L15916"	
"450.9282"	"450.92814"	"48000"	"5.7e+06"	C+	"15664.801"	"37835.065"	"3d4.(3F2).4s"	"b 4F"	"3/2"	"3d4.(3P2).4p"	"t 4D*"	"3/2"		"T9399"	"L15916"	
"451.1431"	"451.14289"	"64000"	"4.1e+06"	B	"17182.073"	"39341.784"	"3d4.(3G).4s"	"a 4G"	"9/2"	"3d4.(3F2).4p"	"u 4F*"	"7/2"		"T9399"	"L15916"	
"451.3008"	"451.30091"	"15000"	""		"14548.816"	"36700.768"	"3d3.4s2"	"2D2"	"5/2"	"3d3.(4P).4s.4p.(3P*)"	"x 2D*"	"5/2"		""	"L15916"	
"451.3606"	"451.36088"	"70000"	"4.0e+06"	C+	"17242.070"	"39391.079"	"3d4.(3G).4s"	"a 4G"	"11/2"	"3d4.(3F2).4p"	"u 4F*"	"9/2"		"T9399"	"L15916"	
"451.41806"	"451.41807"	"310000"	"2.1e+07"	C+	"15688.862"	"37835.065"	"3d4.(3F2).4s"	"b 4F"	"5/2"	"3d4.(3P2).4p"	"t 4D*"	"3/2"		"T9399"	"L15916"	
"451.55481"	"451.55480"	"40000"	"9.6e+05"	B	"15264.832"	"37404.329"	"3d3.4s2"	"a 2H"	"11/2"	"3d4.(3H).4p"	"z 4I*"	"13/2"		"T9399"	"L15916"	
"451.6067"	"451.6068"	"7600"	""		"24859.901"	"46996.848&dagger;"	"3d3.4s2"	"2F"	"5/2"	"3d3.(2F).4s.4p.(3P*)"	"s 2F*"	"5/2"		""	"L15916"	
"452.0160"	"452.01588"	"280000"	""		"8715.747"	"30832.661"	"3d4.(5D).4s"	"a 4D"	"7/2"	"3d3.(4P).4s.4p.(3P*)"	"z 6S*"	"5/2"		""	"L15916"	
"452.2179"	"452.21790"	"16000"	""		"15103.784"	"37210.818"	"3d3.4s2"	"a 2H"	"9/2"	"3d3.(2H).4s.4p.(3P*)"	"y 2H*"	"11/2"		""	"L15916"	
"452.42082"	"452.42081"	"580000"	"2.17e+07"	B+	"15264.832"	"37361.951"	"3d3.4s2"	"a 2H"	"11/2"	"3d4.(3H).4p"	"v 2G*"	"9/2"		"T9399"	"L15916"	
"452.51527"	"452.51524"	"160000"	"2.77e+07"	B	"15664.801"	"37757.309"	"3d4.(3F2).4s"	"b 4F"	"3/2"	"3d4.(3P2).4p"	"t 4D*"	"1/2"		"T9399"	"L15916"	
"452.79774"	"452.79780"	"130000"	""		"22313.832"	"44392.554"	"3d3.(4F).4s.4p.(3P*)"	"z 4G*"	"11/2"	"3d3.4s.(5F).4d"	"4H"	"13/2"		""	"L15916"	
"452.8297"	"452.82979"	"36000"	""		"15103.784"	"37180.946"	"3d3.4s2"	"a 2H"	"9/2"	"3d3.(2H).4s.4p.(3P*)"	"y 2H*"	"9/2"		""	"L15916"	
"452.92852"	"452.92856"	"130000"	""		"22121.079"	"44193.427"	"3d3.(4F).4s.4p.(3P*)"	"z 4G*"	"9/2"	"3d3.4s.(5F).4d"	"4H"	"11/2"		""	"L15916"	
"452.95815"	"452.95813"	"310000"	""		"15103.784"	"37174.691"	"3d3.4s2"	"a 2H"	"9/2"	"3d4.(3H).4p"	"v 2G*"	"7/2"		""	"L15916"	
"453.0663"	"453.06561"	"10000"	""		"14514.756"	"36580.427&dagger;"	"3d3.4s2"	"2D2"	"3/2"	"3d4.(3P2).4p"	"2P*"	"3/2"		""	"L15916"	
"453.07786"	"453.07789"	"130000"	""		"21963.437"	"44028.510"	"3d3.(4F).4s.4p.(3P*)"	"z 4G*"	"7/2"	"3d3.4s.(5F).4d"	"4H"	"9/2"		""	"L15916"	
"453.39147"	"453.39148"	"130000"	""		"21841.421"	"43891.233"	"3d3.(4F).4s.4p.(3P*)"	"z 4G*"	"5/2"	"3d3.4s.(5F).4d"	"4H"	"7/2"		""	"L15916"	
"453.5583"	"453.55902"	"14000"	""		"21963.437"	"44005.104"	"3d3.(4F).4s.4p.(3P*)"	"z 4G*"	"7/2"	"3d3.4s.(5F).4d"	"f 6G"	"9/2"		""	"L15916"	
"453.76607"	"453.76605"	"170000"	""		"14548.816"	"36580.427&dagger;"	"3d3.4s2"	"2D2"	"5/2"	"3d4.(3P2).4p"	"2P*"	"3/2"		""	"L15916"	
"454.00068"	"454.00068"	"170000"	"4.60e+06"	B+	"15264.832"	"37285.057"	"3d3.4s2"	"a 2H"	"11/2"	"3d4.(3H).4p"	"z 4I*"	"9/2"		"T9399"	"L15916"	
"454.1417"	"454.14181"	"17000"	""		"22313.832"	"44327.214"	"3d3.(4F).4s.4p.(3P*)"	"z 4G*"	"11/2"	"3d3.4s.(5F).4d"	"f 6G"	"13/2"		""	"L15916"	
"454.53925"	"454.53926"	"1500000"	"6.4e+07"	B+	"15770.789"	"37764.923"	"3d4.(3F2).4s"	"b 4F"	"9/2"	"3d4.(3F2).4p"	"v 4G*"	"11/2"		"T9399"	"L15916"	
"454.6428"	"454.64365"	"29000"	""		"14949.359"	"36938.443"	"3d4.(3H).4s"	"a 4H"	"9/2"	"3d3.(2H).4s.4p.(3P*)"	"w 4G*"	"11/2"		""	"L15916"	
"454.9034"	"454.90328"	"5100*"	""		"14949.359"	"36925.893&dagger;"	"3d4.(3H).4s"	"a 4H"	"9/2"	"3d4.(3F2).4p"	"x 2F*"	"7/2"		""	"L15916"	
"454.9034"	"454.90407"	"5100*"	""		"21841.421"	"43817.917&dagger;"	"3d3.(4F).4s.4p.(3P*)"	"z 4G*"	"5/2"	"3d3.4s.(5F).4d"	"f 6G"	"3/2"		""	"L15916"	
"454.9497"	"454.94988"	"23000"	""		"22479.403"	"44453.686"	"3d4.(1I).4s"	"2I"	"13/2"	"3d4.(1I).4p"	"2I*"	"11/2"		""	"L15916"	
"454.96428"	"454.96423"	"330000"	"9.3e+07"	C	"22479.403"	"44452.993"	"3d4.(1I).4s"	"2I"	"13/2"	"3d4.(1I).4p"	"2I*"	"13/2"		"u38"	"L15916"	
"455.18419"	"455.18419"	"110000"	""		"14514.756"	"36477.728&dagger;"	"3d3.4s2"	"2D2"	"3/2"	"3d4.(3P2).4p"	"2P*"	"1/2"		""	"L15916"	
"455.30507"	"455.30509"	"300000"	"4.5e+07"	C	"22496.546"	"44453.686"	"3d4.(1I).4s"	"2I"	"11/2"	"3d4.(1I).4p"	"2I*"	"11/2"		"u38"	"L15916"	
"455.3201"	"455.31946"	"18000"	""		"22496.546"	"44452.993"	"3d4.(1I).4s"	"2I"	"11/2"	"3d4.(1I).4p"	"2I*"	"13/2"		""	"L15916"	
"455.5365"	"455.53650"	"56000"	""		"15264.832"	"37210.818"	"3d3.4s2"	"a 2H"	"11/2"	"3d3.(2H).4s.4p.(3P*)"	"y 2H*"	"11/2"		""	"L15916"	
"455.9712"	"455.97114"	"17000"	""		"26021.907"	"47946.974"	"3d3.(4F).4s.4p.(3P*)"	"z 2G*"	"7/2"	"47946e"	"4F"	"9/2"		""	"L15916"	
"456.07112"	"456.07118"	"1200000"	"5.8e+07"	B+	"15724.229"	"37644.487"	"3d4.(3F2).4s"	"b 4F"	"7/2"	"3d4.(3F2).4p"	"v 4G*"	"9/2"		"T9399"	"L15916"	
"456.5547"	"456.55510"	"7900bl(V II)"	""		"15000.937"	"36897.961"	"3d4.(3H).4s"	"a 4H"	"11/2"	"3d3.(2H).4s.4p.(3P*)"	"w 4G*"	"9/2"		""	"L15916"	
"456.5835"	"456.58352"	"4500"	""		"10892.520"	"32788.181"	"3d3.4s2"	"a 2G"	"7/2"	"3d3.(2H).4s.4p.(3P*)"	"z 4H*"	"9/2"		""	"L15916"	
"456.7279"	"456.72791"	"12000"	""		"18805.048"	"40693.787"	"3d4.(3P2).4s"	"b 2P"	"1/2"	"3d3.(2P).4s.4p.(3P*)"	"w 2P*"	"3/2"		""	"L15916"	
"457.0046"	"457.00466"	"4500"	""		"15062.959"	"36938.443"	"3d4.(3H).4s"	"a 4H"	"13/2"	"3d3.(2H).4s.4p.(3P*)"	"w 4G*"	"11/2"		""	"L15916"	
"457.0421"	"457.04198"	"270000"	"8.2e+06"	B+	"15770.789"	"37644.487"	"3d4.(3F2).4s"	"b 4F"	"9/2"	"3d4.(3F2).4p"	"v 4G*"	"9/2"		"T9399"	"L15916"	
"457.17839"	"457.17838"	"830000"	"5.0e+07"	B+	"15688.862"	"37556.034"	"3d4.(3F2).4s"	"b 4F"	"5/2"	"3d4.(3F2).4p"	"v 4G*"	"7/2"		"T9399"	"L15916"	
"457.71738"	"457.71740"	"3500000"	"4.44e+06"	B+	"0.000"	"21841.421"	"3d3.4s2"	"a 4F"	"3/2"	"3d3.(4F).4s.4p.(3P*)"	"z 4G*"	"5/2"		"T9399"	"L15916"	
"457.76381"	"457.76395"	"66000"	""		"17242.070"	"39081.270"	"3d4.(3G).4s"	"a 4G"	"11/2"	"3d3.(2H).4s.4p.(3P*)"	"y 2I*"	"13/2"		""	"L4235"	
"457.87287"	"457.87282"	"580000"	"5.6e+07"	D+	"15664.801"	"37498.808"	"3d4.(3F2).4s"	"b 4F"	"3/2"	"3d4.(3F2).4p"	"v 4G*"	"5/2"		"T284n"	"L15916"	
"457.91885"	"457.91901"	"120000"	"1.06e+07"	B+	"15724.229"	"37556.034"	"3d4.(3F2).4s"	"b 4F"	"7/2"	"3d4.(3F2).4p"	"v 4G*"	"7/2"		"T9399"	"L15916"	
"458.03968"	"458.03967"	"4400000"	"4.70e+06"	B+	"137.383"	"21963.437"	"3d3.4s2"	"a 4F"	"5/2"	"3d3.(4F).4s.4p.(3P*)"	"z 4G*"	"7/2"		"T9399"	"L15916"	
"458.0645"	"458.06431"	"47000"	""		"26122.094&dagger;"	"47946.974"	"3d4.(5D).4p"	"y 4F*"	"7/2"	"47946e"	"4F"	"9/2"		""	"L15916"	
"458.122"	"458.12247"	"59000bl"	"1.53e+06"	B	"15103.784"	"36925.893&dagger;"	"3d3.4s2"	"a 2H"	"9/2"	"3d4.(3F2).4p"	"x 2F*"	"7/2"		"T9399"	"L4235"	
"458.37802"	"458.37796"	"210000"	""		"15688.862"	"37498.808"	"3d4.(3F2).4s"	"b 4F"	"5/2"	"3d4.(3F2).4p"	"v 4G*"	"5/2"		""	"L15916"	
"458.5973"	"458.59715"	"270000"	""		"10892.520"	"32692.042"	"3d3.4s2"	"a 2G"	"7/2"	"3d3.(2H).4s.4p.(3P*)"	"z 4H*"	"7/2"		""	"L15916"	
"458.63661"	"458.63660"	"5700000"	"5.2e+06"	B+	"323.432"	"22121.079"	"3d3.4s2"	"a 4F"	"7/2"	"3d3.(4F).4s.4p.(3P*)"	"z 4G*"	"9/2"		"T9399"	"L15916"	
"458.8768"	"458.87674"	"41000"	""		"15688.862"	"37475.102&dagger;"	"3d4.(3F2).4s"	"b 4F"	"5/2"	"3d3.(2D2).4s.4p.(3P*)"	"w 2F*"	"7/2"		""	"L15916"	
"459.11238"	"459.11243"	"300000"	""		"26171.918"	"47946.974"	"3d4.(5D).4p"	"y 4F*"	"9/2"	"47946e"	"4F"	"9/2"		""	"L15916"	
"459.12233"	"459.12249"	"710000"	""		"15724.229"	"37498.808"	"3d4.(3F2).4s"	"b 4F"	"7/2"	"3d4.(3F2).4p"	"v 4G*"	"5/2"		""	"L15916"	
"459.41156"	"459.41158"	"8900000"	"5.7e+06"	B+	"552.955"	"22313.832"	"3d3.4s2"	"a 4F"	"9/2"	"3d3.(4F).4s.4p.(3P*)"	"z 4G*"	"11/2"		"T9399"	"L15916"	
"459.6227"	"459.62289"	"15000"	""		"15724.229"	"37475.102&dagger;"	"3d4.(3F2).4s"	"b 4F"	"7/2"	"3d3.(2D2).4s.4p.(3P*)"	"w 2F*"	"7/2"		""	"L15916"	
"459.9278"	"459.92808"	"7200"	""		"15078.387"	"36814.827"	"3d4.(3P2).4s"	"b 4P"	"1/2"	"3d3.(2D2).4s.4p.(3P*)"	"x 4P*"	"3/2"		""	"L15916"	
"460.2954"	"460.29541"	"59000"	""		"15103.784"	"36822.878"	"3d3.4s2"	"a 2H"	"9/2"	"3d3.(2H).4s.4p.(3P*)"	"w 4G*"	"7/2"		""	"L15916"	
"460.4199"	"460.41991"	"52000"	""		"26004.234"	"47717.455"	"3d4.(5D).4p"	"y 4F*"	"5/2"	"47717e"	"4F"	"7/2"		""	"L15916"	
"460.61471"	"460.61472"	"690000"	"6.3e+05"	B+	"137.383"	"21841.421"	"3d3.4s2"	"a 4F"	"5/2"	"3d3.(4F).4s.4p.(3P*)"	"z 4G*"	"5/2"		"T9399"	"L15916"	
"460.72066"	"460.72058"	"68000"	""		"18805.048"	"40504.099"	"3d4.(3P2).4s"	"b 2P"	"1/2"	"3d3.(2P).4s.4p.(3P*)"	"w 2P*"	"1/2"		""	"L15916"	
"460.7950"	"460.79497"	"120000"	""		"26021.907"	"47717.455"	"3d3.(4F).4s.4p.(3P*)"	"z 2G*"	"7/2"	"47717e"	"4F"	"7/2"		""	"L15916"	
"460.9643"	"460.96417"	"120000*"	""		"11100.596"	"32788.181"	"3d3.4s2"	"a 2G"	"9/2"	"3d3.(2H).4s.4p.(3P*)"	"z 4H*"	"9/2"		""	"L15916"	
"460.9643"	"460.96459"	"120000*"	"4.6e+07"	C	"22496.546"	"44184.111"	"3d4.(1I).4s"	"2I"	"11/2"	"3d4.(1G2).4p"	"t 2H*"	"11/2"		"u38"	"L15916"	
"461.0919"	"461.09192"	"94000"	"5.7e+05"	B+	"8413.009"	"30094.585"	"3d4.(5D).4s"	"a 4D"	"1/2"	"3d3.(4P).4s.4p.(3P*)"	"y 4P*"	"3/2"		"T9399"	"L15916"	
"461.17324"	"461.17322"	"100000"	""		"15664.801"	"37342.555"	"3d4.(3F2).4s"	"b 4F"	"3/2"	"3d3.(2D2).4s.4p.(3P*)"	"w 2F*"	"5/2"		""	"L15916"	
"461.2610"	"461.26138"	"8300"	""		"15264.832"	"36938.443"	"3d3.4s2"	"a 2H"	"11/2"	"3d3.(2H).4s.4p.(3P*)"	"w 4G*"	"11/2"		""	"L15916"	
"461.3907"	"461.39230"	"76000bl"	""		"19026.326"	"40693.787"	"3d4.(3F2).4s"	"a 2F"	"5/2"	"3d3.(2P).4s.4p.(3P*)"	"w 2P*"	"3/2"		""	"L4235"	
"461.6858"	"461.68567"	"30000"	""		"15688.862"	"37342.555"	"3d4.(3F2).4s"	"b 4F"	"5/2"	"3d3.(2D2).4s.4p.(3P*)"	"w 2F*"	"5/2"		""	"L15916"	
"461.7818"	"461.78209"	"12000"	""		"22496.546"	"44145.718"	"3d4.(1I).4s"	"2I"	"11/2"	"3d4.(1G2).4p"	"t 2H*"	"9/2"		""	"L15916"	
"461.8795"	"461.87986"	"47000"	"1.88e+05"	B	"8476.234"	"30120.823"	"3d4.(5D).4s"	"a 4D"	"3/2"	"3d3.(4P).4s.4p.(3P*)"	"y 4P*"	"5/2"		"T9399"	"L15916"	
"461.97769"	"461.97771"	"1600000"	"6.4e+05"	B+	"323.432"	"21963.437"	"3d3.4s2"	"a 4F"	"7/2"	"3d3.(4F).4s.4p.(3P*)"	"z 4G*"	"7/2"		"T9399"	"L15916"	
"462.0257"	"462.02515"	"8300*"	""		"23519.872"	"45157.655"	"3d3.(4F).4s.4p.(3P*)"	"z 4F*"	"9/2"	"3d3.4s.(5F).4d"	"g 6D"	"9/2"		""	"L15916"	
"462.0257"	"462.02645"	"8300*"	""		"15724.229"	"37361.951"	"3d4.(3F2).4s"	"b 4F"	"7/2"	"3d4.(3H).4p"	"v 2G*"	"9/2"		""	"L15916"	
"462.1245"	"462.12455"	"37000"	""		"15264.832"	"36897.961"	"3d3.4s2"	"a 2H"	"11/2"	"3d3.(2H).4s.4p.(3P*)"	"w 4G*"	"9/2"		""	"L15916"	
"462.2212"	"462.22108"	"8200"	""		"14909.958"	"36538.569"	"3d4.(3H).4s"	"a 4H"	"7/2"	"3d4.(3F2).4p"	"2G*"	"9/2"		""	"L15916"	
"462.4404"	"462.44045"	"340000*"	"3.74e+06"	B+	"8476.234"	"30094.585"	"3d4.(5D).4s"	"a 4D"	"3/2"	"3d3.(4P).4s.4p.(3P*)"	"y 4P*"	"3/2"		"T9399"	"L15916"	
"462.4404"	"462.44099"	"340000*"	""		"15724.229"	"37342.555"	"3d4.(3F2).4s"	"b 4F"	"7/2"	"3d3.(2D2).4s.4p.(3P*)"	"w 2F*"	"5/2"		""	"L15916"	
"462.4646"	"462.46454"	"31000"	""		"15078.387"	"36695.612"	"3d4.(3P2).4s"	"b 4P"	"1/2"	"3d3.(2D2).4s.4p.(3P*)"	"x 4P*"	"1/2"		""	"L15916"	
"462.64873"	"462.64875"	"270000"	"6.4e+06"	B+	"8413.009"	"30021.627"	"3d4.(5D).4s"	"a 4D"	"1/2"	"3d3.(4P).4s.4p.(3P*)"	"y 4P*"	"1/2"		"T9399"	"L15916"	
"462.7890"	"462.78895"	"150000"	""		"26344.902"	"47946.974"	"3d3.(4F).4s.4p.(3P*)"	"z 2G*"	"9/2"	"47946e"	"4F"	"9/2"		""	"L15916"	
"462.8150"	"462.81485"	"32000"	""		"25930.544"	"47531.407"	"3d4.(5D).4p"	"y 4F*"	"3/2"	"47531e"	"4F"	"5/2"		""	"L15916"	
"462.93283"	"462.93277"	"190000"	""		"26122.094&dagger;"	"47717.455"	"3d4.(5D).4p"	"y 4F*"	"7/2"	"47717e"	"4F"	"7/2"		""	"L15916"	
"463.0036"	"463.00536"	"73000"	""		"9637.039"	"31229.014"	"3d3.4s2"	"a 4P"	"3/2"	"3d3.(2G).4s.4p.(3P*)"	"x 4F*"	"5/2"		""	"L4235"	
"463.0646"	"463.06466"	"7100"	""		"14949.359"	"36538.569"	"3d4.(3H).4s"	"a 4H"	"9/2"	"3d4.(3F2).4p"	"2G*"	"9/2"		""	"L15916"	
"463.51739"	"463.51738"	"690000"	"3.73e+05"	B+	"552.955"	"22121.079"	"3d3.4s2"	"a 4F"	"9/2"	"3d3.(4F).4s.4p.(3P*)"	"z 4G*"	"9/2"		"T9399"	"L15916"	
"464.00630"	"464.00641"	"340000"	"6.4e+06"	B+	"8476.234"	"30021.627"	"3d4.(5D).4s"	"a 4D"	"3/2"	"3d3.(4P).4s.4p.(3P*)"	"y 4P*"	"1/2"		"T9399"	"L15916"	
"464.0312"	"464.03114"	"16000"	""		"15270.582"	"36814.827"	"3d4.(3P2).4s"	"b 4P"	"3/2"	"3d3.(2D2).4s.4p.(3P*)"	"x 4P*"	"3/2"		""	"L15916"	
"464.07345"	"464.07345"	"340000"	"1.66e+06"	B+	"8578.542"	"30120.823"	"3d4.(5D).4s"	"a 4D"	"5/2"	"3d3.(4P).4s.4p.(3P*)"	"y 4P*"	"5/2"		"T9399"	"L15916"	
"464.39914"	"464.39914"	"150000"	""		"26004.234"	"47531.407"	"3d4.(5D).4p"	"y 4F*"	"5/2"	"47531e"	"4F"	"5/2"		""	"L15916"	
"464.4051"	"464.40512"	"30000"	""		"19026.326"	"40553.222&dagger;"	"3d4.(3F2).4s"	"a 2F"	"5/2"	"3d3.(2D2).4s.4p.(3P*)"	"2D*"	"5/2"		""	"L15916"	
"464.5973"	"464.59735"	"79000"	"2.18e+04"	C+	"323.432"	"21841.421"	"3d3.4s2"	"a 4F"	"7/2"	"3d3.(4F).4s.4p.(3P*)"	"z 4G*"	"5/2"		"T9399"	"L15916"	
"464.63935"	"464.63937"	"690000"	"7.5e+06"	B+	"8578.542"	"30094.585"	"3d4.(5D).4s"	"a 4D"	"5/2"	"3d3.(4P).4s.4p.(3P*)"	"y 4P*"	"3/2"		"T9399"	"L15916"	
"464.7869"	"464.78625"	"5600"	""		"19078.112"	"40587.356"	"3d4.(3F2).4s"	"a 2F"	"7/2"	"3d4.(3G).4p"	"2F*"	"7/2"		""	"L4235"	
"464.8887"	"464.88870"	"110000"	""		"19189.283"	"40693.787"	"3d4.(3P2).4s"	"b 2P"	"3/2"	"3d3.(2P).4s.4p.(3P*)"	"w 2P*"	"3/2"		""	"L15916"	
"465.2932"	"465.29277"	"17000"	""		"15688.862"	"37174.691"	"3d4.(3F2).4s"	"b 4F"	"5/2"	"3d4.(3H).4p"	"v 2G*"	"7/2"		""	"L15916"	
"465.4651"	"465.46498"	"22000"	""		"20767.609"	"42245.489&dagger;"	"3d4.(3D).4s"	"b 4D"	"7/2"	"3d3.(4P).4s.4p.(1P*)"	"r 4D*"	"7/2"		""	"L15916"	
"465.5251"	"465.52502"	"21000"	""		"19078.112"	"40553.222&dagger;"	"3d4.(3F2).4s"	"a 2F"	"7/2"	"3d3.(2D2).4s.4p.(3P*)"	"2D*"	"5/2"		""	"L15916"	
"465.655"	"465.65725"	"50000h"	""		"20767.609"	"42236.621&dagger;"	"3d4.(3D).4s"	"b 4D"	"7/2"	"3d4.(5D).5p"	"6F*"	"7/2"		""	"L14162"	
"465.6962"	"465.6960"	"12000bl(V II)"	""		"23088.074"	"44555.300"	"3d3.(4F).4s.4p.(3P*)"	"z 4F*"	"3/2"	"3d3.(4F).4s.(3F).5s"	"4F"	"3/2"		""	"L15916"	
"465.7077"	"465.70766"	"280000"	""		"26480.286&dagger;"	"47946.974"	"3d4.(5D).4p"	"y 4D*"	"7/2"	"47946e"	"4F"	"9/2"		""	"L15916"	
"465.7772"	"465.77723"	"130000"	""		"25930.544"	"47394.026"	"3d4.(5D).4p"	"y 4F*"	"3/2"	"47394e"	"4F"	"3/2"		""	"L15916"	
"466.2411"	"466.24123"	"14000"	""		"23210.560"	"44652.682"	"3d3.(4F).4s.4p.(3P*)"	"z 4F*"	"5/2"	"3d3.(4F).4s.(3F).5s"	"4F"	"5/2"		""	"L15916"	
"466.6132"	"466.61318"	"130000"	""		"15270.582"	"36695.612"	"3d4.(3P2).4s"	"b 4P"	"3/2"	"3d3.(2D2).4s.4p.(3P*)"	"x 4P*"	"1/2"		""	"L15916"	
"466.93022"	"466.93024"	"54000"	"1.23e+04"	B+	"552.955"	"21963.437"	"3d3.4s2"	"a 4F"	"9/2"	"3d3.(4F).4s.4p.(3P*)"	"z 4G*"	"7/2"		"T9399"	"L15916"	
"466.9558"	"466.95574"	"34000"	""		"26122.094&dagger;"	"47531.407"	"3d4.(5D).4p"	"y 4F*"	"7/2"	"47531e"	"4F"	"5/2"		""	"L15916"	
"467.0257"	"467.0257"	"9600bl(V II)"	""		"23353.135"	"44759.239"	"3d3.(4F).4s.4p.(3P*)"	"z 4F*"	"7/2"	"3d3.(4F).4s.(3F).5s"	"4F"	"7/2"		""	"L15916"	
"467.04820"	"467.04817"	"850000"	"7.6e+06"	B+	"8715.747"	"30120.823"	"3d4.(5D).4s"	"a 4D"	"7/2"	"3d3.(4P).4s.4p.(3P*)"	"y 4P*"	"5/2"		"T9399"	"L15916"	
"467.366"	"467.36466"	"44000bl"	"5.3e+05"	C+	"19145.148"	"40535.729"	"3d4.(3H).4s"	"b 2H"	"11/2"	"3d4.(3G).4p"	"w 4H*"	"13/2"		"T9399"	"L4235"	
"467.3819"	"467.38190"	"27000"	""		"26004.234"	"47394.026"	"3d4.(5D).4p"	"y 4F*"	"5/2"	"47394e"	"4F"	"3/2"		""	"L15916"	
"467.7593"	"467.75890"	"13000"	""		"26344.902"	"47717.455"	"3d3.(4F).4s.4p.(3P*)"	"z 2G*"	"9/2"	"47717e"	"4F"	"7/2"		""	"L15916"	
"467.9282"	"467.92818"	"200000"	""		"26352.634"	"47717.455"	"3d4.(5D).4p"	"y 4D*"	"5/2"	"47717e"	"4F"	"7/2"		""	"L15916"	
"467.9476"	"467.94750"	"11000"	""		"19189.283"	"40553.222&dagger;"	"3d4.(3P2).4s"	"b 2P"	"3/2"	"3d3.(2D2).4s.4p.(3P*)"	"2D*"	"5/2"		""	"L15916"	
"467.9767"	"467.97650"	"99000bl(V II)"	""		"19026.326"	"40388.941"	"3d4.(3F2).4s"	"a 2F"	"5/2"	"3d3.(2D2).4s.4p.(3P*)"	"2D*"	"3/2"		""	"L15916"	
"468.08866"	"468.08863"	"49000"	""		"15103.784"	"36461.282"	"3d3.4s2"	"a 2H"	"9/2"	"3d4.(3F2).4p"	"2G*"	"7/2"		""	"L15916"	
"468.2624"	"468.26241"	"7400"	""		"23519.872"	"44869.444"	"3d3.(4F).4s.4p.(3P*)"	"z 4F*"	"9/2"	"3d3.(4F).4s.(3F).5s"	"4F"	"9/2"		""	"L15916"	
"468.2757"	"468.27605"	"21000"	"6.0e+06"	C+	"20789.112"	"42138.062"	"3d4.(3D).4s"	"b 4D"	"5/2"	"3d3.(4P).4s.4p.(1P*)"	"r 4D*"	"5/2"		"T9399"	"L15916"	
"468.3682"	"468.3684"	"6900"	""		"23210.560"	"44555.300"	"3d3.(4F).4s.4p.(3P*)"	"z 4F*"	"5/2"	"3d3.(4F).4s.(3F).5s"	"4F"	"3/2"		""	"L15916"	
"468.44472"	"468.44472"	"100000"	""		"15270.582"	"36611.845"	"3d4.(3P2).4s"	"b 4P"	"3/2"	"3d3.(2D2).4s.4p.(3P*)"	"x 4P*"	"5/2"		""	"L15916"	
"468.69168"	"468.69175"	"150000"	""		"15078.387"	"36408.402"	"3d4.(3P2).4s"	"b 4P"	"1/2"	"3d3.(4P).4s.4p.(3P*)"	"y 4S*"	"3/2"		""	"L15916"	
"468.8028"	"468.802986"	"6900"	""		"20813.108"	"42138.062"	"3d4.(3D).4s"	"b 4D"	"3/2"	"3d3.(4P).4s.4p.(1P*)"	"r 4D*"	"5/2"		""	"L15916"	
"469.0260"	"469.02597"	"22000"	""		"19189.283"	"40504.099"	"3d4.(3P2).4s"	"b 2P"	"3/2"	"3d3.(2P).4s.4p.(3P*)"	"w 2P*"	"1/2"		""	"L15916"	
"469.7508"	"469.75072"	"130000"	""		"26249.476"	"47531.407"	"3d4.(5D).4p"	"y 4D*"	"3/2"	"47531e"	"4F"	"5/2"		""	"L15916"	
"469.9318"	"469.93166"	"87000"	"1.63e+06"	B	"15264.832"	"36538.569"	"3d3.4s2"	"a 2H"	"11/2"	"3d4.(3F2).4p"	"2G*"	"9/2"		"T9399"	"L15916"	
"470.5080"	"470.50801"	"150000"	""		"19078.112"	"40325.790"	"3d4.(3F2).4s"	"a 2F"	"7/2"	"3d4.(3G).4p"	"2F*"	"5/2"		""	"L15916"	
"470.5578"	"470.55784"	"34000"	""		"28368.753"	"49614.181"	"3d3.(4P).4s.4p.(3P*)"	"x 6D*"	"3/2"	"49614e"	"6D"	"5/2"		""	"L15916"	
"470.6068"	"470.60684"	"36000"	""		"28462.177"	"49705.393"	"3d3.(4P).4s.4p.(3P*)"	"x 6D*"	"5/2"	"49705e"	"6D"	"7/2"		""	"L15916"	
"470.61626"	"470.61623"	"230000"	"2.0e+07"	D+	"15572.035"	"36814.827"	"3d4.(3P2).4s"	"b 4P"	"5/2"	"3d3.(2D2).4s.4p.(3P*)"	"x 4P*"	"3/2"		"T284n"	"L15916"	
"470.65645"	"470.65649"	"320000"	"1.56e+07"	B+	"17242.070"	"38483.045"	"3d4.(3G).4s"	"a 4G"	"11/2"	"3d4.(3H).4p"	"x 4H*"	"13/2"		"T9399"	"L15916"	
"470.6728"	"470.67260"	"4200"	""		"24838.578"	"46078.826"	"3d4.(5D).4p"	"z 6P*"	"7/2"	"3d4.(5D).6s"	"6D"	"9/2"		""	"L15916"	
"470.74364"	"470.74390"	"190000"	"3.7e+06"	B+	"15688.862"	"36925.893&dagger;"	"3d4.(3F2).4s"	"b 4F"	"5/2"	"3d4.(3F2).4p"	"x 2F*"	"7/2"		"T9399"	"L15916"	
"470.8195"	"470.81948"	"25000"	""		"28313.626"	"49547.248"	"3d3.(4P).4s.4p.(3P*)"	"x 6D*"	"1/2"	"49547e"	"6D"	"3/2"		""	"L15916"	
"470.96979"	"470.96986"	"100000"	""		"23519.872"	"44746.714"	"3d3.(4F).4s.4p.(3P*)"	"z 4F*"	"9/2"	"3d3.4s.(5F).4d"	"4G"	"11/2"		""	"L15916"	
"471.05515"	"471.05525"	"320000bl(V II)"	"1.62e+07"	B+	"17182.073"	"38405.067"	"3d4.(3G).4s"	"a 4G"	"9/2"	"3d4.(3H).4p"	"x 4H*"	"11/2"		"T9399"	"L15916"	
"471.3130"	"471.31298"	"84000"	""		"26182.637"	"47394.026"	"3d4.(5D).4p"	"y 4D*"	"1/2"	"47394e"	"4F"	"3/2"		""	"L15916"	
"471.3428"	"471.34276"	"48000*"	""		"23088.074"	"44298.123"	"3d3.(4F).4s.4p.(3P*)"	"z 4F*"	"3/2"	"3d3.4s.(5F).4d"	"4G"	"5/2"		""	"L15916"	
"471.3428"	"471.3428"	"48000*"	""		"23088.074"	"44298.123"	"3d3.(4F).4s.4p.(3P*)"	"z 4F*"	"3/2"	"3d3.4s.(5F).4d"	"4F"	"3/2"		""	"L15916"	
"471.3768"	"471.37711"	"17000"	""		"2311.369"	"23519.872"	"3d4.(5D).4s"	"a 6D"	"7/2"	"3d3.(4F).4s.4p.(3P*)"	"z 4F*"	"9/2"		""	"L15916"	
"471.41104"	"471.41103"	"260000"	"1.62e+07"	B+	"17116.947"	"38323.924"	"3d4.(3G).4s"	"a 4G"	"7/2"	"3d4.(3H).4p"	"x 4H*"	"9/2"		"T9399"	"L15916"	
"471.5292"	"471.52917"	"60000"	"9.9e+05"	C+	"15724.229"	"36925.893&dagger;"	"3d4.(3F2).4s"	"b 4F"	"7/2"	"3d4.(3F2).4p"	"x 2F*"	"7/2"		"T9399"	"L15916"	
"471.54215"	"471.54218"	"86000"	""		"23353.135"	"44554.214"	"3d3.(4F).4s.4p.(3P*)"	"z 4F*"	"7/2"	"3d3.4s.(5F).4d"	"4G"	"9/2"		""	"L15916"	
"471.5742"	"471.57379"	"7300"	""		"19189.283"	"40388.941"	"3d4.(3P2).4s"	"b 2P"	"3/2"	"3d3.(2D2).4s.4p.(3P*)"	"2D*"	"3/2"		""	"L15916"	
"471.58911"	"471.58905"	"150000"	""		"15664.801"	"36863.773"	"3d4.(3F2).4s"	"b 4F"	"3/2"	"3d3.(2H).4s.4p.(3P*)"	"w 4G*"	"5/2"		""	"L15916"	
"471.61717"	"471.61717"	"66000"	""		"23210.560"	"44408.268"	"3d3.(4F).4s.4p.(3P*)"	"z 4F*"	"5/2"	"3d3.4s.(5F).4d"	"4G"	"7/2"		""	"L15916"	
"471.6635"	"471.66358"	"51000"	""		"9637.039"	"30832.661"	"3d3.4s2"	"a 4P"	"3/2"	"3d3.(4P).4s.4p.(3P*)"	"z 6S*"	"5/2"		""	"L15916"	
"471.7686"	"471.76858"	"220000"	"1.64e+07"	B+	"17054.924"	"38245.829"	"3d4.(3G).4s"	"a 4G"	"5/2"	"3d4.(3H).4p"	"x 4H*"	"7/2"		"T9399"	"L15916"	
"471.8744"	"471.87439"	"11000"	""		"20813.108"	"41999.261"	"3d4.(3D).4s"	"b 4D"	"3/2"	"3d3.(4P).4s.4p.(1P*)"	"r 4D*"	"3/2"		""	"L15916"	
"471.890"	"471.88876"	"58000"	""		"16572.638"	"37758.146"	"3d3.(4F).4s.4p.(3P*)"	"z 6G*"	"7/2"	"3d3.4s.(5F).5s"	"e 6F"	"9/2"		""	"L14162"	
"472.0388"	"472.03883"	"44000"	""		"26352.634"	"47531.407"	"3d4.(5D).4p"	"y 4D*"	"5/2"	"47531e"	"4F"	"5/2"		""	"L15916"	
"472.12489"	"472.12492"	"75000"	""		"15688.862"	"36863.773"	"3d4.(3F2).4s"	"b 4F"	"5/2"	"3d3.(2H).4s.4p.(3P*)"	"w 4G*"	"5/2"		""	"L15916"	
"472.15120"	"472.15121"	"170000"	""		"15724.229"	"36897.961"	"3d4.(3F2).4s"	"b 4F"	"7/2"	"3d3.(2H).4s.4p.(3P*)"	"w 4G*"	"9/2"		""	"L15916"	
"472.28679"	"472.28678"	"170000"	""		"15770.789"	"36938.443"	"3d4.(3F2).4s"	"b 4F"	"9/2"	"3d3.(2H).4s.4p.(3P*)"	"w 4G*"	"11/2"		""	"L15916"	
"472.3422"	"472.34195"	"17000"	""		"16449.875"	"37615.057"	"3d3.(4F).4s.4p.(3P*)"	"z 6G*"	"5/2"	"3d3.4s.(5F).5s"	"e 6F"	"7/2"		""	"L15916"	
"472.6361"	"472.63623"	"15000"	""		"28462.177"	"49614.181"	"3d3.(4P).4s.4p.(3P*)"	"x 6D*"	"5/2"	"49614e"	"6D"	"5/2"		""	"L15916"	
"472.8031"	"472.80284"	"34000"	""		"26249.476"	"47394.026"	"3d4.(5D).4p"	"y 4D*"	"3/2"	"47394e"	"4F"	"3/2"		""	"L15916"	
"472.8634"	"472.86320"	"19000"	""		"17182.073"	"38323.924"	"3d4.(3G).4s"	"a 4G"	"9/2"	"3d4.(3H).4p"	"x 4H*"	"9/2"		""	"L15916"	
"472.95351"	"472.95338"	"170000"	""		"15270.582"	"36408.402"	"3d4.(3P2).4s"	"b 4P"	"3/2"	"3d3.(4P).4s.4p.(3P*)"	"y 4S*"	"3/2"		""	"L15916"	
"472.9830"	"472.98276"	"24000"	""		"19189.283"	"40325.790"	"3d4.(3P2).4s"	"b 2P"	"3/2"	"3d4.(3G).4p"	"2F*"	"5/2"		""	"L15916"	
"473.03852"	"473.03851"	"110000"	""		"15688.862"	"36822.878"	"3d4.(3F2).4s"	"b 4F"	"5/2"	"3d3.(2H).4s.4p.(3P*)"	"w 4G*"	"7/2"		""	"L15916"	
"473.0613"	"473.06172"	"9300"	""		"2220.156"	"23353.135"	"3d4.(5D).4s"	"a 6D"	"5/2"	"3d3.(4F).4s.4p.(3P*)"	"z 4F*"	"7/2"		""	"L15916"	
"473.1253"	"473.12555"	"20000"	"5.2e+06"	B	"18805.048"	"39935.176"	"3d4.(3P2).4s"	"b 2P"	"1/2"	"3d4.(3F2).4p"	"s 4D*"	"3/2"		"T9399"	"L4235"	
"473.1543"	"473.15345"	"15000"	""		"17116.947"	"38245.829"	"3d4.(3G).4s"	"a 4G"	"7/2"	"3d4.(3H).4p"	"x 4H*"	"7/2"		""	"L4235"	
"473.1918"	"473.19175"	"88000"	""		"15770.789"	"36897.961"	"3d4.(3F2).4s"	"b 4F"	"9/2"	"3d3.(2H).4s.4p.(3P*)"	"w 4G*"	"9/2"		""	"L15916"	
"473.5821"	"473.58215"	"41000"	""		"28595.637"	"49705.393"	"3d3.(4P).4s.4p.(3P*)"	"x 6D*"	"7/2"	"49705e"	"6D"	"7/2"		""	"L15916"	
"473.7734"	"473.77328"	"33000"	"7.6e+05"	C+	"15664.801"	"36766.041"	"3d4.(3F2).4s"	"b 4F"	"3/2"	"3d4.(3F2).4p"	"x 2F*"	"5/2"		"T9399"	"L15916"	
"473.8204"	"473.82071"	"5100*"	""		"25131.002"	"46230.130"	"3d4.(5D).4p"	"z 4P*"	"5/2"	"3d4.(5D).6s"	"4D"	"7/2"		""	"L15916"	
"473.8204"	"473.82086"	"5100*"	""		"24648.114"	"45747.235"	"3d4.(5D).4p"	"z 6P*"	"3/2"	"3d4.(5D).6s"	"6D"	"1/2"		""	"L15916"	
"473.8314"	"473.83146"	"38000"	""		"15724.229"	"36822.878"	"3d4.(3F2).4s"	"b 4F"	"7/2"	"3d3.(2H).4s.4p.(3P*)"	"w 4G*"	"7/2"		""	"L15916"	
"473.911"	"473.91201"	"93000"	""		"2424.809"	"23519.872"	"3d4.(5D).4s"	"a 6D"	"9/2"	"3d3.(4F).4s.4p.(3P*)"	"z 4F*"	"9/2"		""	"L14162"	
"473.95751"	"473.95751"	":"	"1.9e+06"	C+	"20767.609"	"41860.647"	"3d4.(3D).4s"	"b 4D"	"7/2"	"3d4.(3G).4p"	"t 4G*"	"9/2"		"T9399"	"L18972"	
"473.961"	"473.96079"	"54000"	""		"19026.326"	"40119.218&dagger;"	"3d4.(3F2).4s"	"a 2F"	"5/2"	"3d4.(3P2).4p"	"v 2D*"	"5/2"		""	"L14162"	
"474.1366"	"474.13660"	"29000"	""		"28462.177"	"49547.248"	"3d3.(4P).4s.4p.(3P*)"	"x 6D*"	"5/2"	"49547e"	"6D"	"3/2"		""	"L15916"	
"474.26206"	"474.26209"	"100000"	""		"18805.048"	"39884.540"	"3d4.(3P2).4s"	"b 2P"	"1/2"	"3d4.(3P2).4p"	"v 2D*"	"3/2"		""	"L15916"	
"474.3145"	"474.31413"	"4600"	""		"15688.862"	"36766.041"	"3d4.(3F2).4s"	"b 4F"	"5/2"	"3d4.(3F2).4p"	"x 2F*"	"5/2"		""	"L15916"	
"474.6622"	"474.66221"	"100000"	"1.6e+07"	D+	"16361.489"	"37423.212"	"3d3.(4F).4s.4p.(3P*)"	"z 6G*"	"3/2"	"3d3.4s.(5F).5s"	"e 6F"	"3/2"		"T284n"	"L15916"	
"474.7099"	"474.71015"	"23000"	""		"20789.112"	"41848.708"	"3d4.(3D).4s"	"b 4D"	"5/2"	"3d3.(4P).4s.4p.(1P*)"	"v 4P*"	"3/2"		""	"L15916"	
"474.8508"	"474.85065"	"170000"	"1.41e+07"	B+	"16449.875"	"37503.240"	"3d3.(4F).4s.4p.(3P*)"	"z 6G*"	"5/2"	"3d3.4s.(5F).5s"	"e 6F"	"5/2"		"T9399"	"L15916"	
"474.8794"	"474.87943"	"10000"	""		"15770.789"	"36822.878"	"3d4.(3F2).4s"	"b 4F"	"9/2"	"3d3.(2H).4s.4p.(3P*)"	"w 4G*"	"7/2"		""	"L15916"	
"474.9110"	"474.91104"	"85000"	""		"28768.142"	"49818.830"	"3d3.(4P).4s.4p.(3P*)"	"x 6D*"	"9/2"	"49818e"	"6D"	"9/2"		""	"L15916"	
"475.0977"	"475.09766"	"190000"	"1.04e+07"	C+	"16572.638"	"37615.057"	"3d3.(4F).4s.4p.(3P*)"	"z 6G*"	"7/2"	"3d3.4s.(5F).5s"	"e 6F"	"7/2"		"T9399"	"L15916"	
"475.1123"	"475.11241"	"9200"	""		"2311.369"	"23353.135"	"3d4.(5D).4s"	"a 6D"	"7/2"	"3d3.(4F).4s.4p.(3P*)"	"z 4F*"	"7/2"		""	"L15916"	
"475.1273"	"475.12731"	"64000"	"5.1e+06"	B	"19078.112"	"40119.218&dagger;"	"3d4.(3F2).4s"	"a 2F"	"7/2"	"3d4.(3P2).4p"	"v 2D*"	"5/2"		"T9399"	"L15916"	
"475.15661"	"475.15658"	"150000"	"9.e+06"	D+	"15572.035"	"36611.845"	"3d4.(3P2).4s"	"b 4P"	"5/2"	"3d3.(2D2).4s.4p.(3P*)"	"x 4P*"	"5/2"		"T284n"	"L15916"	
"475.1842"	"475.18413"	"17000"	"4.3e+05"	C+	"17182.073"	"38220.663"	"3d4.(3G).4s"	"a 4G"	"9/2"	"3d4.(3H).4p"	"x 2H*"	"11/2"		"T9399"	"L15916"	
"475.3931"	"475.39308"	"160000"	"9.3e+06"	B+	"16728.803"	"37758.146"	"3d3.(4F).4s.4p.(3P*)"	"z 6G*"	"9/2"	"3d3.4s.(5F).5s"	"e 6F"	"9/2"		"T9399"	"L15916"	
"475.6375"	"475.63734"	"28000"	""		"28595.637"	"49614.181"	"3d3.(4P).4s.4p.(3P*)"	"x 6D*"	"7/2"	"49614e"	"6D"	"5/2"		""	"L15916"	
"475.7346"	"475.73453"	"110000"	"5.1e+06"	B+	"16917.210"	"37931.460"	"3d3.(4F).4s.4p.(3P*)"	"z 6G*"	"11/2"	"3d3.4s.(5F).5s"	"e 6F"	"11/2"		"T9399"	"L15916"	
"475.74736"	"475.74736"	"270000"	"6.2e+07"	D+	"16361.489"	"37375.172"	"3d3.(4F).4s.4p.(3P*)"	"z 6G*"	"3/2"	"3d3.4s.(5F).5s"	"e 6F"	"1/2"		"T284n"	"L15916"	
"475.8750"	"475.87527"	"120000"	""		"9824.626"	"30832.661"	"3d3.4s2"	"a 4P"	"5/2"	"3d3.(4P).4s.4p.(3P*)"	"z 6S*"	"5/2"		""	"L15916"	
"475.9024"	"475.90216"	"14000"	"3.9e+05"	C+	"17116.947"	"38123.795"	"3d4.(3G).4s"	"a 4G"	"7/2"	"3d4.(3H).4p"	"x 2H*"	"9/2"		"T9399"	"L15916"	
"475.935"	"475.93442"	"45000"	""		"24643.528"	"45648.952"	"3d4.(3D).4s"	"2D"	"3/2"	"3d3.(2F).4s.4p.(3P*)"	"p 4F*"	"3/2"		""	"L14162"	
"476.2749"	"476.27499"	"4500"	""		"2220.156"	"23210.560"	"3d4.(5D).4s"	"a 6D"	"5/2"	"3d3.(4F).4s.4p.(3P*)"	"z 4F*"	"5/2"		""	"L15916"	
"476.4013"	"476.40150"	"11000"	""		"23210.560"	"44195.390"	"3d3.(4F).4s.4p.(3P*)"	"z 4F*"	"5/2"	"3d3.4s.(5F).4d"	"4F"	"5/2"		""	"L15916"	
"476.5228"	"476.52340"	"15000"	""		"23519.872"	"44499.334"	"3d3.(4F).4s.4p.(3P*)"	"z 4F*"	"9/2"	"3d3.4s.(5F).4d"	"4F"	"9/2"		""	"L15916"	
"476.550"	"476.55250"	"45000"	""		"24859.901"	"45838.082"	"3d3.4s2"	"2F"	"5/2"	"3d3.4s.(5F).5p"	"o 4D*"	"5/2"		""	"L14162"	
"476.5662"	"476.56624"	"23000"	"4.3e+06"	C+	"21101.589"	"42079.165"	"3d4.(3G).4s"	"2G"	"7/2"	"3d4.(1I).4p"	"u 2H*"	"9/2"		"T9399"	"L15916"	
"476.6551"	"476.65547"	"16000*"	""		"23353.135"	"44326.784"	"3d3.(4F).4s.4p.(3P*)"	"z 4F*"	"7/2"	"3d3.4s.(5F).4d"	"4F"	"7/2"		""	"L15916"	
"476.6551"	"476.65568"	"16000*"	""		"19026.326"	"39999.966"	"3d4.(3F2).4s"	"a 2F"	"5/2"	"3d4.(3F2).4p"	"s 4D*"	"5/2"		""	"L15916"	
"476.66245"	"476.66256"	"230000"	"4.6e+07"	D+	"16449.875"	"37423.212"	"3d3.(4F).4s.4p.(3P*)"	"z 6G*"	"5/2"	"3d3.4s.(5F).5s"	"e 6F"	"3/2"		"T284n"	"L15916"	
"477.2582"	"477.25817"	"19000"	""		"26196.032"	"47143.195&dagger;"	"3d4.(1D2).4s"	"2D"	"5/2"	"3d3.(2F).4s.4p.(3P*)"	"s 2F*"	"7/2"		""	"L15916"	
"477.3068"	"477.30662"	"19000"	"2.3e+06"	C+	"21275.652"	"42220.689"	"3d4.(3G).4s"	"2G"	"9/2"	"3d4.(1I).4p"	"u 2H*"	"11/2"		"T9399"	"L15916"	
"477.451"	"477.44827"	"51000"	""		"20813.108"	"41751.931"	"3d4.(3D).4s"	"b 4D"	"3/2"	"3d3.(4P).4s.4p.(1P*)"	"v 4P*"	"1/2"		""	"L14162"	
"477.4840"	"477.48412"	"17000"	""		"28768.142"	"49705.393"	"3d3.(4P).4s.4p.(3P*)"	"x 6D*"	"9/2"	"49705e"	"6D"	"7/2"		""	"L15916"	
"477.6051"	"477.6047"	"8500"	""		"24643.528"	"45575.494"	"3d4.(3D).4s"	"2D"	"3/2"	"45575o"	"2D*"	"3/2"		""	"L15916"	
"477.63579"	"477.63580"	"310000"	"3.87e+07"	B+	"16572.638"	"37503.240"	"3d3.(4F).4s.4p.(3P*)"	"z 6G*"	"7/2"	"3d3.4s.(5F).5s"	"e 6F"	"5/2"		"T9399"	"L15916"	
"477.6510"	"477.65102"	"210000"	"2.96e+07"	B+	"19189.283"	"40119.218&dagger;"	"3d4.(3P2).4s"	"b 2P"	"3/2"	"3d4.(3P2).4p"	"v 2D*"	"5/2"		"T9399"	"L15916"	
"477.840"	"477.84162"	"510"	""		"20830.344"	"41751.931"	"3d4.(3D).4s"	"b 4D"	"1/2"	"3d3.(4P).4s.4p.(1P*)"	"v 4P*"	"1/2"		""	"L14162"	
"478.134"	"478.13271"	"540"	"1.6e+06"	D+	"19026.326"	"39935.176"	"3d4.(3F2).4s"	"a 2F"	"5/2"	"3d4.(3F2).4p"	"s 4D*"	"3/2"		"T9399"	"L14162"	
"478.4469"	"478.44689"	"280000"	"7.9e+04"	B+	"137.383"	"21032.503"	"3d3.4s2"	"a 4F"	"5/2"	"3d3.(4F).4s.4p.(3P*)"	"z 4D*"	"7/2"		"T9399"	"L15916"	
"478.64995"	"478.64999"	"460000"	"3.4e+07"	C+	"16728.803"	"37615.057"	"3d3.(4F).4s.4p.(3P*)"	"z 6G*"	"9/2"	"3d3.4s.(5F).5s"	"e 6F"	"7/2"		"T9399"	"L15916"	
"479.2934"	"479.29345"	"78000"	""		"19026.326"	"39884.540"	"3d4.(3F2).4s"	"a 2F"	"5/2"	"3d4.(3P2).4p"	"v 2D*"	"3/2"		""	"L15916"	
"479.3575"	"479.35766"	"3500"	""		"23210.560"	"44065.980"	"3d3.(4F).4s.4p.(3P*)"	"z 4F*"	"5/2"	"3d3.(4F).4s.(3F).5s"	"e 2F"	"7/2"		""	"L15916"	
"479.5098"	"479.50978"	"58000"	"1.6e+07"	C	"21101.589"	"41950.393"	"3d4.(3G).4s"	"2G"	"7/2"	"3d4.(3D).4p"	"u 2F*"	"5/2"		"T9282"	"L15916"	
"479.6041"	"479.60419"	"8400"	""		"25111.473"	"45956.173"	"3d4.(5D).4p"	"y 6F*"	"9/2"	"3d4.(5D).6s"	"6D"	"7/2"		""	"L15916"	
"479.69076"	"479.69081"	"540000"	"4.46e+07"	B+	"16917.210"	"37758.146"	"3d3.(4F).4s.4p.(3P*)"	"z 6G*"	"11/2"	"3d3.4s.(5F).5s"	"e 6F"	"9/2"		"T9399"	"L15916"	
"479.7960"	"479.79600"	"78000"	""		"15572.035"	"36408.402"	"3d4.(3P2).4s"	"b 4P"	"5/2"	"3d3.(4P).4s.4p.(3P*)"	"y 4S*"	"3/2"		""	"L15916"	
"479.9006"	"479.90057"	"21000"	""		"20767.609"	"41599.436"	"3d4.(3D).4s"	"b 4D"	"7/2"	"3d4.(3G).4p"	"t 4F*"	"9/2"		""	"L15916"	
"479.9313"	"479.93116"	"14000"	""		"23088.074"	"43918.573"	"3d3.(4F).4s.4p.(3P*)"	"z 4F*"	"3/2"	"3d3.(4F).4s.(3F).5s"	"e 2F"	"5/2"		""	"L15916"	
"479.97766"	"479.97766"	"140000"	"1.30e+05"	B+	"0.000"	"20828.481"	"3d3.4s2"	"a 4F"	"3/2"	"3d3.(4F).4s.4p.(3P*)"	"z 4D*"	"5/2"		"T4902"	"L15916"	
"480.0497"	"480.04939"	"8900"	""		"25253.457"	"46078.826"	"3d4.(5D).4p"	"y 6F*"	"11/2"	"3d4.(5D).6s"	"6D"	"9/2"		""	"L15916"	
"480.304"	"480.30376"	"61000"	"2.4e+05"	C+	"15724.229"	"36538.569"	"3d4.(3F2).4s"	"b 4F"	"7/2"	"3d4.(3F2).4p"	"2G*"	"9/2"		"T9399"	"L14162"	
"480.75237"	"480.75226"	"530000"	"4.9e+07"	B+	"17136.538"	"37931.460"	"3d3.(4F).4s.4p.(3P*)"	"z 6G*"	"13/2"	"3d3.4s.(5F).5s"	"e 6F"	"11/2"		"T9399"	"L15916"	
"480.8652"	"480.8650"	"11000"	""		"26206.803"	"46996.848&dagger;"	"3d4.(1D2).4s"	"2D"	"3/2"	"3d3.(2F).4s.4p.(3P*)"	"s 2F*"	"5/2"		""	"L15916"	
"481.90339"	"481.90336"	"51000"	"7.3e+06"	C+	"21275.652"	"42020.903"	"3d4.(3G).4s"	"2G"	"9/2"	"3d4.(3D).4p"	"u 2F*"	"7/2"		"T9399"	"L15916"	
"482.343"	"482.34192"	"65000"	"4.4e+05"	C	"13810.910"	"34537.299"	"3d3.4s2"	"a 2P"	"1/2"	"3d3.(4F).4s.4p.(1P*)"	"v 4D*"	"3/2"		"T9399"	"L14162"	
"482.74524"	"482.74529"	"920000"	"1.22e+06"	B+	"323.432"	"21032.503"	"3d3.4s2"	"a 4F"	"7/2"	"3d3.(4F).4s.4p.(3P*)"	"z 4D*"	"7/2"		"T4902"	"L15916"	
"482.8805"	"482.88048"	"15000"	""		"20789.112"	"41492.385&dagger;"	"3d4.(3D).4s"	"b 4D"	"5/2"	"3d4.(3G).4p"	"t 4F*"	"7/2"		""	"L15916"	
"483.0683"	"483.06752"	"40000"	""		"19189.283"	"39884.540"	"3d4.(3P2).4s"	"b 2P"	"3/2"	"3d4.(3P2).4p"	"v 2D*"	"3/2"		""	"L15916"	
"483.16460"	"483.16462"	"1100000"	"1.96e+06"	B+	"137.383"	"20828.481"	"3d3.4s2"	"a 4F"	"5/2"	"3d3.(4F).4s.4p.(3P*)"	"z 4D*"	"5/2"		"T9627"	"L15916"	
"483.24241"	"483.24237"	"860000"	"2.27e+06"	B+	"0.000"	"20687.769"	"3d3.4s2"	"a 4F"	"3/2"	"3d3.(4F).4s.4p.(3P*)"	"z 4D*"	"3/2"		"T4902"	"L15916"	
"483.3016"	"483.30155"	"87000"	"3.2e+06"	C+	"13801.551"	"34486.787"	"3d3.4s2"	"a 2P"	"3/2"	"3d3.(2D2).4s.4p.(3P*)"	"4F*"	"5/2"		"T9399"	"L15916"	
"483.3802"	"483.37399"	"29000i"	""		"23088.074"	"43770.210"	"3d3.(4F).4s.4p.(3P*)"	"z 4F*"	"3/2"	"3d3.4s.(5F).4d"	"4D"	"5/2"		""	"L4235"	
"484.3000"	"484.29972"	"5600"	"1.8e+07"	D+	"21275.652"	"41918.255"	"3d4.(3G).4s"	"2G"	"9/2"	"3d4.(3G).4p"	"t 4G*"	"11/2"		"u40"	"L4235"	
"484.6607"	"484.66085"	"18000"	"4.8e+05"	C	"13801.551"	"34428.773"	"3d3.4s2"	"a 2P"	"3/2"	"3d3.(2D2).4s.4p.(3P*)"	"4F*"	"3/2"		"T9399"	"L15916"	
"484.88084"	"484.88086"	"87000bl(V II)"	"2.9e+06"	C	"13810.910"	"34428.773"	"3d3.4s2"	"a 2P"	"1/2"	"3d3.(2D2).4s.4p.(3P*)"	"4F*"	"3/2"		"T9399"	"L15916"	
"484.8915"	"484.8908"	"21000bl(V II)*"	""		"24630.567"	"45248.008"	"3d4.(3D).4s"	"2D"	"5/2"	"45248o"	"2P*"	"3/2"		""	"L15916"	
"484.8915"	"484.89104"	"21000bl(V II)*"	""		"21603.259"	"42220.689"	"3d4.(1G2).4s"	"b 2G"	"9/2"	"3d4.(1I).4p"	"u 2H*"	"11/2"		""	"L15916"	
"484.9265"	"484.92623"	"15000"	""		"20813.108"	"41429.042"	"3d4.(3D).4s"	"b 4D"	"3/2"	"3d4.(3G).4p"	"t 4F*"	"5/2"		""	"L15916"	
"485.14903"	"485.14901"	"2300000"	"1.00e+07"	B+	"0.000"	"20606.467"	"3d3.4s2"	"a 4F"	"3/2"	"3d3.(4F).4s.4p.(3P*)"	"z 4D*"	"1/2"		"T9627"	"L15916"	
"485.1963"	"485.1958"	"21000"	""		"24643.528"	"45248.008"	"3d4.(3D).4s"	"2D"	"3/2"	"45248o"	"2P*"	"3/2"		""	"L15916"	
"485.5367"	"485.5365"	"13000"	""		"24643.528"	"45233.549"	"3d4.(3D).4s"	"2D"	"3/2"	"45233o"	"2D*"	"3/2"		""	"L15916"	
"485.65507"	"485.65507"	":"	"1.10e+06"	C+	"21275.652"	"41860.647"	"3d4.(3G).4s"	"2G"	"9/2"	"3d4.(3G).4p"	"t 4G*"	"9/2"		"T9399"	"L18972"	
"485.7057"	"485.70569"	"9900"	"3.6e+05"	C+	"17182.073"	"37764.923"	"3d4.(3G).4s"	"a 4G"	"9/2"	"3d4.(3F2).4p"	"v 4G*"	"11/2"		"T9399"	"L15916"	
"485.9115"	"485.91155"	"68000"	""		"24630.567"	"45204.697"	"3d4.(3D).4s"	"2D"	"5/2"	"45204o"	"2D*"	"5/2"		""	"L15916"	
"486.2610"	"486.26205"	"130000r"	""		"20830.344"	"41389.644"	"3d4.(3D).4s"	"b 4D"	"1/2"	"3d4.(3G).4p"	"t 4F*"	"3/2"		""	"L4235"	
"486.47297"	"486.47298"	"3500000"	"7.6e+06"	B+	"137.383"	"20687.769"	"3d3.4s2"	"a 4F"	"5/2"	"3d3.(4F).4s.4p.(3P*)"	"z 4D*"	"3/2"		"T9627"	"L15916"	
"486.48345"	"486.48330"	"450000bl(V II)"	"3.68e+06"	B+	"9544.635"	"30094.585"	"3d3.4s2"	"a 4P"	"1/2"	"3d3.(4P).4s.4p.(3P*)"	"y 4P*"	"3/2"		"T9399"	"L15916"	
"487.0142"	"487.01440"	"12000"	"4.7e+05"	C+	"17116.947"	"37644.487"	"3d4.(3G).4s"	"a 4G"	"7/2"	"3d4.(3F2).4p"	"v 4G*"	"9/2"		"T9399"	"L15916"	
"487.1255"	"487.12563"	"86000"	"5.0e+06"	B+	"17242.070"	"37764.923"	"3d4.(3G).4s"	"a 4G"	"11/2"	"3d4.(3F2).4p"	"v 4G*"	"11/2"		"T9399"	"L15916"	
"487.2955"	"487.2961"	"20000"	""		"24643.528"	"45159.200"	"3d4.(3D).4s"	"2D"	"3/2"	"45159o"	"2P*"	"1/2"		""	"L15916"	
"487.54855"	"487.54859"	"4400000"	"7.4e+06"	B+	"323.432"	"20828.481"	"3d3.4s2"	"a 4F"	"7/2"	"3d3.(4F).4s.4p.(3P*)"	"z 4D*"	"5/2"		"T9627"	"L15916"	
"487.722"	"487.71990"	"510"	""		"21101.589"	"41599.436"	"3d4.(3G).4s"	"2G"	"7/2"	"3d4.(3G).4p"	"t 4F*"	"9/2"		""	"L14162"	
"488.05474"	"488.05474"	":"	"2.38e+06"	B	"9637.039"	"30120.823"	"3d3.4s2"	"a 4P"	"3/2"	"3d3.(4P).4s.4p.(3P*)"	"y 4P*"	"5/2"		"T9399"	"L18972"	
"488.15565"	"488.15569"	"5300000"	"7.8e+06"	B+	"552.955"	"21032.503"	"3d3.4s2"	"a 4F"	"9/2"	"3d3.(4F).4s.4p.(3P*)"	"z 4D*"	"7/2"		"T9627"	"L15916"	
"488.2167"	"488.21663"	"110000"	"1.38e+06"	B	"9544.635"	"30021.627"	"3d3.4s2"	"a 4P"	"1/2"	"3d3.(4P).4s.4p.(3P*)"	"y 4P*"	"1/2"		"T9399"	"L15916"	
"488.3159"	"488.31571"	"16000"	""		"23210.560"	"43683.397&dagger;"	"3d3.(4F).4s.4p.(3P*)"	"z 4F*"	"5/2"	"3d3.4s.(5F).4d"	"4D"	"3/2"		""	"L15916"	
"488.5644"	"488.56445"	"93000"	"3.8e+06"	B	"17182.073"	"37644.487"	"3d4.(3G).4s"	"a 4G"	"9/2"	"3d4.(3F2).4p"	"v 4G*"	"9/2"		"T9399"	"L15916"	
"488.6807"	"488.68071"	"160000"	"1.23e+06"	B+	"9637.039"	"30094.585"	"3d3.4s2"	"a 4P"	"3/2"	"3d3.(4P).4s.4p.(3P*)"	"y 4P*"	"3/2"		"T9399"	"L15916"	
"489.0073"	"489.00729"	"53000*"	""		"17054.924"	"37498.808"	"3d4.(3G).4s"	"a 4G"	"5/2"	"3d4.(3F2).4p"	"v 4G*"	"5/2"		""	"L15916"	
"489.0073"	"489.00738"	"53000*"	""		"18805.048"	"39248.928"	"3d4.(3P2).4s"	"b 2P"	"1/2"	"3d4.(3P2).4p"	"w 4P*"	"3/2"		""	"L15916"	
"489.1221"	"489.12206"	"64000"	"3.00e+06"	B+	"17116.947"	"37556.034"	"3d4.(3G).4s"	"a 4G"	"7/2"	"3d4.(3F2).4p"	"v 4G*"	"7/2"		"T9399"	"L15916"	
"489.15780"	"489.15774"	"98000"	""		"21101.589"	"41539.185"	"3d4.(3G).4s"	"2G"	"7/2"	"3d4.(3G).4p"	"t 2G*"	"9/2"		""	"L15916"	
"489.272"	"489.27387"	"50000h"	""		"21646.420"	"42079.165"	"3d4.(1G2).4s"	"b 2G"	"7/2"	"3d4.(1I).4p"	"u 2H*"	"9/2"		""	"L14162"	
"489.6359"	"489.63575"	"33000"	"4.3e+06"	C	"21603.259"	"42020.903"	"3d4.(1G2).4s"	"b 2G"	"9/2"	"3d4.(3D).4p"	"u 2F*"	"7/2"		"T9399"	"L15916"	
"489.6497"	"489.64939"	"15000"	""		"23353.135"	"43770.210"	"3d3.(4F).4s.4p.(3P*)"	"z 4F*"	"7/2"	"3d3.4s.(5F).4d"	"4D"	"5/2"		""	"L15916"	
"489.7858"	"489.78575"	"7800"	""		"29202.790"	"49614.181"	"3d3.(4P).4s.4p.(3P*)"	"y 6P*"	"3/2"	"49614e"	"6D"	"5/2"		""	"L15916"	
"489.8441"	"489.84402"	"20000"	""		"29296.430"	"49705.393"	"3d3.(4P).4s.4p.(3P*)"	"y 6P*"	"5/2"	"49705e"	"6D"	"7/2"		""	"L15916"	
"490.0007"	"490.00118"	"11000"	""		"17242.070"	"37644.487"	"3d4.(3G).4s"	"a 4G"	"11/2"	"3d4.(3F2).4p"	"v 4G*"	"9/2"		""	"L15916"	
"490.0421"	"490.04216"	"33000"	""		"29418.119"	"49818.830"	"3d3.(4P).4s.4p.(3P*)"	"y 6P*"	"7/2"	"49818e"	"6D"	"9/2"		""	"L15916"	
"490.06261"	"490.06260"	"200000"	"4.42e+07"	B+	"21101.589"	"41501.449"	"3d4.(3G).4s"	"2G"	"7/2"	"3d4.(3G).4p"	"v 2H*"	"9/2"		"T9399"	"L15916"	
"490.42976"	"490.42976"	"180000"	"6.7e+06"	B+	"9637.039"	"30021.627"	"3d3.4s2"	"a 4P"	"3/2"	"3d3.(4P).4s.4p.(3P*)"	"y 4P*"	"1/2"		"T9399"	"L15916"	
"490.44348"	"490.44343"	"220000"	"1.1e+07"	D+	"21275.652"	"41659.672"	"3d4.(3G).4s"	"2G"	"9/2"	"3d4.(3G).4p"	"v 2H*"	"11/2"		"T284n"	"L15916"	
"490.4959"	"490.49538"	"7800"	""		"17116.947"	"37498.808"	"3d4.(3G).4s"	"a 4G"	"7/2"	"3d4.(3F2).4p"	"v 4G*"	"5/2"		""	"L15916"	
"490.6856"	"490.68557"	"15000"	"7.8e+05"	C+	"17182.073"	"37556.034"	"3d4.(3G).4s"	"a 4G"	"9/2"	"3d4.(3F2).4p"	"v 4G*"	"7/2"		"T9399"	"L15916"	
"490.8694"	"490.86940"	"79000"	""		"13801.551"	"34167.882"	"3d3.4s2"	"a 2P"	"3/2"	"3d3.(2P).4s.4p.(3P*)"	"2D*"	"5/2"		""	"L15916"	
"490.918"	"490.91848"	"58000"	""		"17242.070"	"37606.365"	"3d4.(3G).4s"	"a 4G"	"11/2"	"3d4.(3H).4p"	"z 2I*"	"13/2"		""	"L14162"	
"491.0670"	"491.06654"	"7700"	""		"17116.947"	"37475.102&dagger;"	"3d4.(3G).4s"	"a 4G"	"7/2"	"3d3.(2D2).4s.4p.(3P*)"	"w 2F*"	"7/2"		""	"L15916"	
"491.3099"	"491.31032"	"20000"	""		"23519.872"	"43867.926"	"3d3.(4F).4s.4p.(3P*)"	"z 4F*"	"9/2"	"3d3.4s.(5F).4d"	"4D"	"7/2"		""	"L15916"	
"491.3975"	"491.39716"	"5000"	""		"29202.790"	"49547.248"	"3d3.(4P).4s.4p.(3P*)"	"y 6P*"	"3/2"	"49547e"	"6D"	"3/2"		""	"L15916"	
"491.6251"	"491.62521"	"79000"	"8.7e+06"	B+	"21101.589"	"41436.610&dagger;"	"3d4.(3G).4s"	"2G"	"7/2"	"3d4.(3G).4p"	"t 2G*"	"7/2"		"T9399"	"L15916"	
"491.898"	"491.89703"	"100000"	""		"21275.652"	"41599.436"	"3d4.(3G).4s"	"2G"	"9/2"	"3d4.(3G).4p"	"t 4F*"	"9/2"		""	"L14162"	
"492.0434"	"492.04309"	"9900"	""		"29296.430"	"49614.181"	"3d3.(4P).4s.4p.(3P*)"	"y 6P*"	"5/2"	"49614e"	"6D"	"5/2"		""	"L15916"	
"492.2354"	"492.23553"	"77000"	""		"23608.765"	"43918.573"	"3d3.(4F).4s.4p.(3P*)"	"z 2D*"	"3/2"	"3d3.(4F).4s.(3F).5s"	"e 2F"	"5/2"		""	"L15916"	
"492.3770"	"492.37699"	"16000"	""		"21646.420"	"41950.393"	"3d4.(1G2).4s"	"b 2G"	"7/2"	"3d4.(3D).4p"	"u 2F*"	"5/2"		""	"L15916"	
"492.3878"	"492.3881"	"7200"	""		"29202.790"	"49506.305"	"3d3.(4P).4s.4p.(3P*)"	"y 6P*"	"3/2"	"49506e"	"6D"	"1/2"		""	"L15916"	
"492.56567"	"492.56564"	"450000"	"5.3e+06"	B+	"9824.626"	"30120.823"	"3d3.4s2"	"a 4P"	"5/2"	"3d3.(4P).4s.4p.(3P*)"	"y 4P*"	"5/2"		"T9399"	"L15916"	
"492.7736"	"492.77362"	"21000"	""		"17054.924"	"37342.555"	"3d4.(3G).4s"	"a 4G"	"5/2"	"3d3.(2D2).4s.4p.(3P*)"	"w 2F*"	"5/2"		""	"L15916"	
"492.7820"	"492.78229"	"7200"	""		"29418.119"	"49705.393"	"3d3.(4P).4s.4p.(3P*)"	"y 6P*"	"7/2"	"49705e"	"6D"	"7/2"		""	"L15916"	
"493.20323"	"493.20324"	"190000"	"3.45e+06"	B+	"9824.626"	"30094.585"	"3d3.4s2"	"a 4P"	"5/2"	"3d3.(4P).4s.4p.(3P*)"	"y 4P*"	"3/2"		"T9399"	"L15916"	
"493.3597"	"493.35964"	"60000"	""		"21275.652"	"41539.185"	"3d4.(3G).4s"	"2G"	"9/2"	"3d4.(3G).4p"	"t 2G*"	"9/2"		""	"L15916"	
"493.510"	"493.50931"	"50000"	""		"21603.259"	"41860.647"	"3d4.(1G2).4s"	"b 2G"	"9/2"	"3d4.(3G).4p"	"t 4G*"	"9/2"		""	"L14162"	
"494.2802"	"494.28014"	"60000"	"5.4e+06"	B+	"21275.652"	"41501.449"	"3d4.(3G).4s"	"2G"	"9/2"	"3d4.(3G).4p"	"v 2H*"	"9/2"		"T9399"	"L15916"	
"494.4423"	"494.44256"	"10000"	""		"13810.910"	"34030.063&dagger;"	"3d3.4s2"	"a 2P"	"1/2"	"3d3.(2P).4s.4p.(3P*)"	"2D*"	"3/2"		""	"L15916"	
"494.500"	"494.49903"	"51000h*"	""		"11100.596"	"31317.440"	"3d3.4s2"	"a 2G"	"9/2"	"3d3.(2G).4s.4p.(3P*)"	"x 4F*"	"9/2"		""	"L14162"	
"494.500"	"494.50175"	"51000h*"	""		"21275.652"	"41492.385&dagger;"	"3d4.(3G).4s"	"2G"	"9/2"	"3d4.(3G).4p"	"t 4F*"	"7/2"		""	"L14162"	
"495.765"	"495.76649"	"130000"	"7.4e+05"	C+	"13810.910"	"33976.069&dagger;"	"3d3.4s2"	"a 2P"	"1/2"	"3d3.(4P).4s.4p.(3P*)"	"w 4D*"	"3/2"		"T9399"	"L14162"	
"496.6110"	"496.61099"	"77000"	""		"23935.112"	"44065.980"	"3d3.(4F).4s.4p.(3P*)"	"z 2D*"	"5/2"	"3d3.(4F).4s.(3F).5s"	"e 2F"	"7/2"		""	"L15916"	
"498.4544"	"498.45457"	"17000"	""		"21603.259"	"41659.672"	"3d4.(1G2).4s"	"b 2G"	"9/2"	"3d4.(3G).4p"	"v 2H*"	"11/2"		""	"L15916"	
"500.23228"	"500.23229"	"280000"	""		"19023.531"	"39008.669"	"3d4.(3H).4s"	"b 2H"	"9/2"	"3d3.(2H).4s.4p.(3P*)"	"y 2I*"	"11/2"		""	"L15916"	
"500.562"	"500.56058"	"130000"	"9.1e+05"	C+	"14514.756"	"34486.787"	"3d3.4s2"	"2D2"	"3/2"	"3d3.(2D2).4s.4p.(3P*)"	"4F*"	"5/2"		"T9399"	"L14162"	
"500.639"	"500.64287"	"58000"	""		"17242.070"	"37210.818"	"3d4.(3G).4s"	"a 4G"	"11/2"	"3d3.(2H).4s.4p.(3P*)"	"y 2H*"	"11/2"		""	"L14162"	
"501.0023"	"501.00266"	"11000"	""		"15270.582"	"35224.990"	"3d4.(3P2).4s"	"b 4P"	"3/2"	"3d3.(2D2).4s.4p.(3P*)"	"u 4D*"	"5/2"		""	"L15916"	
"501.4624"	"501.46220"	"340000"	"3.0e+07"	D+	"19145.148"	"39081.270"	"3d4.(3H).4s"	"b 2H"	"11/2"	"3d3.(2H).4s.4p.(3P*)"	"y 2I*"	"13/2"		"T9771"	"L15916"	
"502.01884"	"502.01884"	":"	"4.1e+05"	C	"14514.756"	"34428.773"	"3d3.4s2"	"2D2"	"3/2"	"3d3.(2D2).4s.4p.(3P*)"	"4F*"	"3/2"		"T9399"	"L18972"	
"502.4178"	"502.41815"	"8700"	""		"21603.259"	"41501.449"	"3d4.(1G2).4s"	"b 2G"	"9/2"	"3d4.(3G).4p"	"v 2H*"	"9/2"		""	"L15916"	
"503.2951"	"503.29506"	"21000"	""		"19145.148"	"39008.669"	"3d4.(3H).4s"	"b 2H"	"11/2"	"3d3.(2H).4s.4p.(3P*)"	"y 2I*"	"11/2"		""	"L15916"	
"504.351"	"504.35096"	"61000h"	""		"15270.582"	"35092.518"	"3d4.(3P2).4s"	"b 4P"	"3/2"	"3d3.(2D2).4s.4p.(3P*)"	"u 4D*"	"3/2"		""	"L14162"	
"504.6839"	"504.68417"	"16000"	""		"17054.924"	"36863.773"	"3d4.(3G).4s"	"a 4G"	"5/2"	"3d3.(2H).4s.4p.(3P*)"	"w 4G*"	"5/2"		""	"L15916"	
"504.7244"	"504.72435"	"32000"	"8.3e+05"	D+	"15572.035"	"35379.307"	"3d4.(3P2).4s"	"b 4P"	"5/2"	"3d3.(2D2).4s.4p.(3P*)"	"u 4D*"	"7/2"		"T9399"	"L15916"	
"505.1600"	"505.16001"	"100000"	"1.07e+07"	B+	"21646.420"	"41436.610&dagger;"	"3d4.(1G2).4s"	"b 2G"	"7/2"	"3d4.(3G).4p"	"t 2G*"	"7/2"		"T9399"	"L15916"	
"505.3945"	"505.39435"	"12000"	""		"17116.947"	"36897.961"	"3d4.(3G).4s"	"a 4G"	"7/2"	"3d3.(2H).4s.4p.(3P*)"	"w 4G*"	"9/2"		""	"L15916"	
"506.0243"	"506.02478"	"9600"	""		"17182.073"	"36938.443"	"3d4.(3G).4s"	"a 4G"	"9/2"	"3d3.(2H).4s.4p.(3P*)"	"w 4G*"	"11/2"		""	"L15916"	
"506.1921"	"506.19199"	"4400"	""		"26480.286&dagger;"	"46230.130"	"3d4.(5D).4p"	"y 4D*"	"7/2"	"3d4.(5D).6s"	"4D"	"7/2"		""	"L15916"	
"506.4114"	"506.41143"	"120000"	"1.8e+07"	C+	"22479.403"	"42220.689"	"3d4.(1I).4s"	"2I"	"13/2"	"3d4.(1I).4p"	"u 2H*"	"11/2"		"T9399"	"L15916"	
"507.0638"	"507.06380"	"31000"	""		"17182.073"	"36897.961"	"3d4.(3G).4s"	"a 4G"	"9/2"	"3d3.(2H).4s.4p.(3P*)"	"w 4G*"	"9/2"		""	"L15916"	
"507.18653"	"507.18653"	":"	"1.8e+05"	C+	"17054.924"	"36766.041"	"3d4.(3G).4s"	"a 4G"	"5/2"	"3d4.(3F2).4p"	"x 2F*"	"5/2"		"T9399"	"L18972"	
"507.3204"	"507.32001"	"13000"	""		"17116.947"	"36822.878"	"3d4.(3G).4s"	"a 4G"	"7/2"	"3d3.(2H).4s.4p.(3P*)"	"w 4G*"	"7/2"		""	"L15916"	
"507.5662"	"507.56620"	"56000"	""		"17242.070"	"36938.443"	"3d4.(3G).4s"	"a 4G"	"11/2"	"3d3.(2H).4s.4p.(3P*)"	"w 4G*"	"11/2"		""	"L15916"	
"508.6836"	"508.68312"	"14000"	""		"14514.756"	"34167.882"	"3d3.4s2"	"2D2"	"3/2"	"3d3.(2P).4s.4p.(3P*)"	"2D*"	"5/2"		""	"L15916"	
"510.5147"	"510.51465"	"130000"	"1.6e+07"	C	"22496.546"	"42079.165"	"3d4.(1I).4s"	"2I"	"11/2"	"3d4.(1I).4p"	"u 2H*"	"9/2"		"T9399"	"L15916"	
"512.8509"	"512.85082"	"450000"	"2.42e+07"	B+	"18438.044"	"37931.460"	"3d3.(4F).4s.4p.(3P*)"	"z 6D*"	"9/2"	"3d3.4s.(5F).5s"	"e 6F"	"11/2"		"T9399"	"L15916"	
"513.0518"	"513.05214"	"9700"	""		"21101.589"	"40587.356"	"3d4.(3G).4s"	"2G"	"7/2"	"3d4.(3G).4p"	"2F*"	"7/2"		""	"L15916"	
"513.7599"	"513.76021"	"16000"	"6.1e+05"	C+	"15078.387"	"34537.299"	"3d4.(3P2).4s"	"b 4P"	"1/2"	"3d3.(4F).4s.4p.(1P*)"	"v 4D*"	"3/2"		"T9399"	"L15916"	
"513.8406"	"513.84064"	"450000"	"2.23e+07"	B+	"18302.280"	"37758.146"	"3d3.(4F).4s.4p.(3P*)"	"z 6D*"	"7/2"	"3d3.4s.(5F).5s"	"e 6F"	"9/2"		"T9399"	"L15916"	
"513.953"	"513.95247"	"94000"	""		"21101.589"	"40553.222&dagger;"	"3d4.(3G).4s"	"2G"	"7/2"	"3d3.(2D2).4s.4p.(3P*)"	"2D*"	"5/2"		""	"L3475"	
"514.8413"	"514.84116"	"18000"	"1.20e+06"	C+	"18513.403"	"37931.460"	"3d3.(4F).4s.4p.(3P*)"	"z 6F*"	"9/2"	"3d3.4s.(5F).5s"	"e 6F"	"11/2"		"T9399"	"L15916"	
"514.8700"	"514.87009"	"290000"	"1.6e+07"	C+	"18198.091"	"37615.057"	"3d3.(4F).4s.4p.(3P*)"	"z 6D*"	"5/2"	"3d3.4s.(5F).5s"	"e 6F"	"7/2"		"T9399"	"L15916"	
"515.34587"	"515.34587"	":"	"1.3e+06"	C	"15078.387"	"34477.427&dagger;"	"3d4.(3P2).4s"	"b 4P"	"1/2"	"3d3.(4F).4s.4p.(1P*)"	"v 4D*"	"1/2"		"T9399"	"L18972"	
"515.7008"	"515.70092"	"30000"	"2.09e+06"	C+	"18372.462"	"37758.146"	"3d3.(4F).4s.4p.(3P*)"	"z 6F*"	"7/2"	"3d3.4s.(5F).5s"	"e 6F"	"9/2"		"T9399"	"L15916"	
"515.9323"	"515.93231"	"170000"	"1.57e+07"	B+	"18126.250"	"37503.240"	"3d3.(4F).4s.4p.(3P*)"	"z 6D*"	"3/2"	"3d3.4s.(5F).5s"	"e 6F"	"5/2"		"T9399"	"L15916"	
"516.4865"	"516.48559"	"32000*"	""		"24643.528"	"43999.761"	"3d4.(3D).4s"	"2D"	"3/2"	"3d4.(3D).4p"	"4F*"	"3/2"		""	"L15916"	
"516.4865"	"516.48641"	"32000*"	""		"18258.855"	"37615.057"	"3d3.(4F).4s.4p.(3P*)"	"z 6F*"	"5/2"	"3d3.4s.(5F).5s"	"e 6F"	"7/2"		""	"L15916"	
"516.6154"	"516.61549"	"2500"	""		"26604.807&dagger;"	"45956.173"	"3d4.(5D).4p"	"y 6D*"	"7/2"	"3d4.(5D).6s"	"6D"	"7/2"		""	"L15916"	
"516.6781"	"516.67823"	"34000"	"1.3e+06"	C	"15270.582"	"34619.598"	"3d4.(3P2).4s"	"b 4P"	"3/2"	"3d3.(4F).4s.4p.(1P*)"	"v 4D*"	"5/2"		"T9399"	"L15916"	
"516.9055"	"516.90566"	"4700"	""		"26738.323"	"46078.826"	"3d4.(5D).4p"	"y 6D*"	"9/2"	"3d4.(5D).6s"	"6D"	"9/2"		""	"L15916"	
"516.9923"	"516.99235"	"96000"	""		"18085.952"	"37423.212"	"3d3.(4F).4s.4p.(3P*)"	"z 6D*"	"1/2"	"3d3.4s.(5F).5s"	"e 6F"	"3/2"		""	"L15916"	
"517.2088"	"517.20884"	"33000"	"4.0e+06"	B+	"18174.074"	"37503.240"	"3d3.(4F).4s.4p.(3P*)"	"z 6F*"	"3/2"	"3d3.4s.(5F).5s"	"e 6F"	"5/2"		"T9399"	"L15916"	
"517.4518"	"517.45149"	"18000"	"1.35e+06"	B	"18438.044"	"37758.146"	"3d3.(4F).4s.4p.(3P*)"	"z 6D*"	"9/2"	"3d3.4s.(5F).5s"	"e 6F"	"9/2"		"T9399"	"L15916"	
"517.6479"	"517.64775"	"32000bl(V II)"	"2.3e+06"	C	"18302.280"	"37615.057"	"3d3.(4F).4s.4p.(3P*)"	"z 6D*"	"7/2"	"3d3.4s.(5F).5s"	"e 6F"	"7/2"		"T9399"	"L15916"	
"517.67657"	"517.67652"	"260000"	""		"21275.652"	"40587.356"	"3d4.(3G).4s"	"2G"	"9/2"	"3d4.(3G).4p"	"2F*"	"7/2"		""	"L15916"	
"517.8522"	"517.85229"	"36000"	"3.94e+06"	B+	"18198.091"	"37503.240"	"3d3.(4F).4s.4p.(3P*)"	"z 6D*"	"5/2"	"3d3.4s.(5F).5s"	"e 6F"	"5/2"		"T9399"	"L15916"	
"517.9070"	"517.90705"	"31000"	""		"18120.104"	"37423.212"	"3d3.(4F).4s.4p.(3P*)"	"z 6F*"	"1/2"	"3d3.4s.(5F).5s"	"e 6F"	"3/2"		""	"L15916"	
"517.9800"	"517.97990"	"8200"	""		"19023.531"	"38323.924"	"3d4.(3H).4s"	"b 2H"	"9/2"	"3d4.(3H).4p"	"x 4H*"	"9/2"		""	"L15916"	
"518.0719"	"518.07200"	"36000"	""		"18126.250"	"37423.212"	"3d3.(4F).4s.4p.(3P*)"	"z 6D*"	"3/2"	"3d3.4s.(5F).5s"	"e 6F"	"3/2"		""	"L15916"	
"518.2798"	"518.27994"	"28000"	""		"18085.952"	"37375.172"	"3d3.(4F).4s.4p.(3P*)"	"z 6D*"	"1/2"	"3d3.4s.(5F).5s"	"e 6F"	"1/2"		""	"L15916"	
"518.8849"	"518.88528"	"11000"	"5.7e+05"	C	"15270.582"	"34537.299"	"3d4.(3P2).4s"	"b 4P"	"3/2"	"3d3.(4F).4s.4p.(1P*)"	"v 4D*"	"3/2"		"T9399"	"L15916"	
"519.0682"	"519.06843"	"8800*"	"5.0e+05"	B	"19145.148"	"38405.067"	"3d4.(3H).4s"	"b 2H"	"11/2"	"3d4.(3H).4p"	"x 4H*"	"11/2"		"T9399"	"L15916"	
"519.0682"	"519.07239"	"8800*"	""		"24648.114"	"43907.886"	"3d4.(5D).4p"	"z 6P*"	"3/2"	"3d3.4s.(5F).4d"	"4P"	"1/2"		""	"L15916"	
"519.1992"	"519.19920"	"83000"	""		"18120.104"	"37375.172"	"3d3.(4F).4s.4p.(3P*)"	"z 6F*"	"1/2"	"3d3.4s.(5F).5s"	"e 6F"	"1/2"		""	"L15916"	
"519.2984"	"519.29840"	"450000"	"2.78e+07"	B+	"18680.070"	"37931.460"	"3d3.(4F).4s.4p.(3P*)"	"z 6F*"	"11/2"	"3d3.4s.(5F).5s"	"e 6F"	"11/2"		"T9399"	"L15916"	
"519.3591"	"519.35915"	"96000"	""		"18174.074"	"37423.212"	"3d3.(4F).4s.4p.(3P*)"	"z 6F*"	"3/2"	"3d3.4s.(5F).5s"	"e 6F"	"3/2"		""	"L15916"	
"519.4778"	"519.47725"	"310000*"	""		"24630.567"	"43875.329"	"3d4.(3D).4s"	"2D"	"5/2"	"3d4.(1G2).4p"	"t 2F*"	"5/2"		""	"L15916"	
"519.4778"	"519.47776"	"310000*"	"2.38e+07"	B+	"18513.403"	"37758.146"	"3d3.(4F).4s.4p.(3P*)"	"z 6F*"	"9/2"	"3d3.4s.(5F).5s"	"e 6F"	"9/2"		"T9399"	"L15916"	
"519.4874"	"519.48743"	"460000"	"1.68e+07"	B+	"18258.855"	"37503.240"	"3d3.(4F).4s.4p.(3P*)"	"z 6F*"	"5/2"	"3d3.4s.(5F).5s"	"e 6F"	"5/2"		"T9399"	"L15916"	
"519.5358"	"519.53575"	"230000"	"1.6e+07"	C+	"18372.462"	"37615.057"	"3d3.(4F).4s.4p.(3P*)"	"z 6F*"	"7/2"	"3d3.4s.(5F).5s"	"e 6F"	"7/2"		"T9399"	"L15916"	
"520.0329"	"520.0329"	"46000"	""		"21101.589"	"40325.790"	"3d4.(3G).4s"	"2G"	"7/2"	"3d4.(3G).4p"	"2F*"	"5/2"		""	"L15916"	
"520.6585"	"520.65858"	"83000"	""		"18174.074"	"37375.172"	"3d3.(4F).4s.4p.(3P*)"	"z 6F*"	"3/2"	"3d3.4s.(5F).5s"	"e 6F"	"1/2"		""	"L15916"	
"520.7662"	"520.76614"	"42000"	"1.56e+06"	B+	"19023.531"	"38220.663"	"3d4.(3H).4s"	"b 2H"	"9/2"	"3d4.(3H).4p"	"x 2H*"	"11/2"		"T9399"	"L15916"	
"521.2240"	"521.22400"	"41000"	""		"22479.403"	"41659.672"	"3d4.(1I).4s"	"2I"	"13/2"	"3d4.(3G).4p"	"v 2H*"	"11/2"		""	"L15916"	
"521.3647"	"521.36469"	"46000"	"1.8e+06"	C+	"15572.035"	"34747.128"	"3d4.(3P2).4s"	"b 4P"	"5/2"	"3d3.(4F).4s.4p.(1P*)"	"v 4D*"	"7/2"		"T9399"	"L15916"	
"521.6568"	"521.65677"	"170000"	""		"18258.855"	"37423.212"	"3d3.(4F).4s.4p.(3P*)"	"z 6F*"	"5/2"	"3d3.4s.(5F).5s"	"e 6F"	"3/2"		""	"L15916"	
"522.364"	"522.36164"	"54000"	""		"18302.280"	"37440.777"	"3d3.(4F).4s.4p.(3P*)"	"z 6D*"	"7/2"	"3d4.(5D).5s"	"e 6D"	"9/2"		""	"L14162"	
"522.5725"	"522.57241"	"150000"	"1.25e+07"	B+	"18372.462"	"37503.240"	"3d3.(4F).4s.4p.(3P*)"	"z 6F*"	"7/2"	"3d3.4s.(5F).5s"	"e 6F"	"5/2"		"T9399"	"L15916"	
"522.7561"	"522.75547"	"16000"	""		"18198.091"	"37322.170"	"3d3.(4F).4s.4p.(3P*)"	"z 6D*"	"5/2"	"3d4.(5D).5s"	"e 6D"	"7/2"		""	"L15916"	
"523.3692"	"523.36918"	"140000"	"7.3e+06"	C+	"18513.403"	"37615.057"	"3d3.(4F).4s.4p.(3P*)"	"z 6F*"	"9/2"	"3d3.4s.(5F).5s"	"e 6F"	"7/2"		"T9399"	"L15916"	
"523.3811"	"523.38055"	"12000"	""		"18126.250"	"37227.489"	"3d3.(4F).4s.4p.(3P*)"	"z 6D*"	"3/2"	"3d4.(5D).5s"	"e 6D"	"5/2"		""	"L15916"	
"523.40720"	"523.40727"	"450000"	"3.11e+07"	B+	"19023.531"	"38123.795"	"3d4.(3H).4s"	"b 2H"	"9/2"	"3d4.(3H).4p"	"x 2H*"	"9/2"		"T9399"	"L15916"	
"523.5395"	"523.53982"	"7700*"	""		"20789.112"	"39884.540"	"3d4.(3D).4s"	"b 4D"	"5/2"	"3d4.(3P2).4p"	"v 2D*"	"3/2"		""	"L15916"	
"523.5395"	"523.53996"	"7700*"	""		"24778.321"	"43873.744"	"3d3.4s2"	"2F"	"7/2"	"3d4.(1G2).4p"	"t 2F*"	"7/2"		""	"L15916"	
"524.0161"	"524.01600"	"82000"	"4.4e+06"	B+	"18680.070"	"37758.146"	"3d3.(4F).4s.4p.(3P*)"	"z 6F*"	"11/2"	"3d3.4s.(5F).5s"	"e 6F"	"9/2"		"T9399"	"L15916"	
"524.08636"	"524.08635"	"450000"	"3.00e+07"	B+	"19145.148"	"38220.663"	"3d4.(3H).4s"	"b 2H"	"11/2"	"3d4.(3H).4p"	"x 2H*"	"11/2"		"T9399"	"L15916"	
"524.4216"	"524.42176"	"8300"	""		"18258.855"	"37322.170"	"3d3.(4F).4s.4p.(3P*)"	"z 6F*"	"5/2"	"3d4.(5D).5s"	"e 6D"	"7/2"		""	"L15916"	
"524.6942"	"524.69425"	"7000"	""		"18174.074"	"37227.489"	"3d3.(4F).4s.4p.(3P*)"	"z 6F*"	"3/2"	"3d4.(5D).5s"	"e 6D"	"5/2"		""	"L15916"	
"524.859"	"524.85545"	"58000"	""		"15572.035"	"34619.598"	"3d4.(3P2).4s"	"b 4P"	"5/2"	"3d3.(4F).4s.4p.(1P*)"	"v 4D*"	"5/2"		""	"L14162"	
"525.6191"	"525.61910"	"14000"	""		"18302.280"	"37322.170"	"3d3.(4F).4s.4p.(3P*)"	"z 6D*"	"7/2"	"3d4.(5D).5s"	"e 6D"	"7/2"		""	"L15916"	
"525.8142"	"525.81420"	"37000"	""		"14514.756"	"33527.589"	"3d3.4s2"	"2D2"	"3/2"	"3d3.(2G).4s.4p.(3P*)"	"y 2F*"	"5/2"		""	"L15916"	
"526.0338"	"526.03360"	"33000"	"3.6e+06"	B	"22496.546"	"41501.449"	"3d4.(1I).4s"	"2I"	"11/2"	"3d4.(3G).4p"	"v 2H*"	"9/2"		"T9399"	"L15916"	
"526.0940"	"526.09367"	"71000"	""		"18438.044"	"37440.777"	"3d3.(4F).4s.4p.(3P*)"	"z 6D*"	"9/2"	"3d4.(5D).5s"	"e 6D"	"9/2"		""	"L15916"	
"526.4322"	"526.43204"	"17000"	""		"18126.250"	"37116.769"	"3d3.(4F).4s.4p.(3P*)"	"z 6D*"	"3/2"	"3d4.(5D).5s"	"e 6D"	"1/2"		""	"L15916"	
"526.612"	"526.61012"	"190000"	""		"21603.259"	"40587.356"	"3d4.(1G2).4s"	"b 2G"	"9/2"	"3d4.(3G).4p"	"2F*"	"7/2"		""	"L14162"	
"526.7611"	"526.76135"	"9100"	"5.2e+05"	C+	"19145.148"	"38123.795"	"3d4.(3H).4s"	"b 2H"	"11/2"	"3d4.(3H).4p"	"x 2H*"	"9/2"		"T9399"	"L15916"	
"527.0393"	"527.03942"	"15000"	""		"18258.855"	"37227.489"	"3d3.(4F).4s.4p.(3P*)"	"z 6F*"	"5/2"	"3d4.(5D).5s"	"e 6D"	"5/2"		""	"L15916"	
"527.1027"	"527.10261"	"32000"	"7.8e+05"	C	"13801.551"	"32767.911"	"3d3.4s2"	"a 2P"	"3/2"	"3d3.(4P).4s.4p.(3P*)"	"z 2P*"	"3/2"		"T9399"	"L15916"	
"527.2658"	"527.26577"	"29000"	""		"18198.091"	"37158.582"	"3d3.(4F).4s.4p.(3P*)"	"z 6D*"	"5/2"	"3d4.(5D).5s"	"e 6D"	"3/2"		""	"L15916"	
"527.3627"	"527.36284"	"6100"	""		"13810.910"	"32767.911"	"3d3.4s2"	"a 2P"	"1/2"	"3d3.(4P).4s.4p.(3P*)"	"z 2P*"	"3/2"		""	"L15916"	
"527.5663"	"527.56580"	"20000"	""		"18372.462"	"37322.170"	"3d3.(4F).4s.4p.(3P*)"	"z 6F*"	"7/2"	"3d4.(5D).5s"	"e 6D"	"7/2"		""	"L15916"	
"528.0419"	"528.04225"	"52000"	""		"14548.816"	"33481.426"	"3d3.4s2"	"2D2"	"5/2"	"3d3.(2G).4s.4p.(3P*)"	"y 2F*"	"7/2"		""	"L15916"	
"528.1886"	"528.18833"	"19000"	""		"18513.403"	"37440.777"	"3d3.(4F).4s.4p.(3P*)"	"z 6F*"	"9/2"	"3d4.(5D).5s"	"e 6D"	"9/2"		""	"L15916"	
"528.2480"	"528.24875"	"30000"	""		"18302.280"	"37227.489"	"3d3.(4F).4s.4p.(3P*)"	"z 6D*"	"7/2"	"3d4.(5D).5s"	"e 6D"	"5/2"		""	"L15916"	
"528.764"	"528.76304"	"240000"	""		"21646.420"	"40553.222&dagger;"	"3d4.(1G2).4s"	"b 2G"	"7/2"	"3d3.(2D2).4s.4p.(3P*)"	"2D*"	"5/2"		""	"L14162"	
"529.029"	"529.02892"	"120000h"	""		"15270.582"	"34167.882"	"3d4.(3P2).4s"	"b 4P"	"3/2"	"3d3.(2P).4s.4p.(3P*)"	"2D*"	"5/2"		""	"L14162"	
"529.1705"	"529.17039"	"9800bl(V II)"	""		"8578.542"	"27470.790"	"3d4.(5D).4s"	"a 4D"	"5/2"	"3d3.(4F).4s.4p.(3P*)"	"z 2F*"	"7/2"		""	"L15916"	
"529.2762"	"529.27688"	"9100"	""		"15078.387"	"33966.834"	"3d4.(3P2).4s"	"b 4P"	"1/2"	"3d3.(4P).4s.4p.(3P*)"	"w 4D*"	"1/2"		""	"L15916"	
"529.404"	"529.39799"	"160000h"	""		"18438.044"	"37322.170"	"3d3.(4F).4s.4p.(3P*)"	"z 6D*"	"9/2"	"3d4.(5D).5s"	"e 6D"	"7/2"		""	"L14162"	
"530.05944"	"530.05944"	":"	"1.2e+06"	C	"21101.589"	"39962.150"	"3d4.(3G).4s"	"2G"	"7/2"	"3d4.(3H).4p"	"u 4G*"	"5/2"		"T9399"	"L18972"	
"530.1082"	"530.10711"	"5300"	""		"13801.551"	"32660.416"	"3d3.4s2"	"a 2P"	"3/2"	"3d3.(2P).4s.4p.(3P*)"	"x 4D*"	"5/2"		""	"L15916"	
"530.2147"	"530.21412"	"16000*"	""		"24915.151"	"43770.210"	"3d4.(5D).4p"	"z 4P*"	"3/2"	"3d3.4s.(5F).4d"	"4D"	"5/2"		""	"L15916"	
"530.2147"	"530.21502"	"16000*"	""		"18372.462"	"37227.489"	"3d3.(4F).4s.4p.(3P*)"	"z 6F*"	"7/2"	"3d4.(5D).5s"	"e 6D"	"5/2"		""	"L15916"	
"531.446"	"531.44289"	"120000"	""		"14548.816"	"33360.280"	"3d3.4s2"	"2D2"	"5/2"	"3d3.(2G).4s.4p.(3P*)"	"y 2G*"	"7/2"		""	"L14162"	
"531.522"	"531.51909"	"210000"	""		"18513.403"	"37322.170"	"3d3.(4F).4s.4p.(3P*)"	"z 6F*"	"9/2"	"3d4.(5D).5s"	"e 6D"	"7/2"		""	"L14162"	
"531.6867"	"531.68672"	"31000"	"5.1e+05"	C	"15572.035"	"34374.872"	"3d4.(3P2).4s"	"b 4P"	"5/2"	"3d3.(2D2).4s.4p.(3P*)"	"4F*"	"7/2"		"T9399"	"L15916"	
"531.9043"	"531.90421"	"11000"	"4.8e+05"	C	"15270.582"	"34065.731"	"3d4.(3P2).4s"	"b 4P"	"3/2"	"3d3.(4P).4s.4p.(3P*)"	"w 4D*"	"5/2"		"T9399"	"L15916"	
"532.8804"	"532.88072"	"51000"	""		"18680.070"	"37440.777"	"3d3.(4F).4s.4p.(3P*)"	"z 6F*"	"11/2"	"3d4.(5D).5s"	"e 6D"	"9/2"		""	"L15916"	
"532.9284"	"532.92830"	"50000"	""		"15770.789"	"34529.821"	"3d4.(3F2).4s"	"b 4F"	"9/2"	"3d3.(2D2).4s.4p.(3P*)"	"4F*"	"9/2"		""	"L15916"	
"532.9448"	"532.94452"	"18000"	""		"24770.673"	"43529.134"	"3d4.(5D).4p"	"z 4P*"	"1/2"	"3d3.4s.(5F).4d"	"4D"	"1/2"		""	"L15916"	
"533.0416"	"533.04165"	"100000"	""		"8715.747"	"27470.790"	"3d4.(5D).4s"	"a 4D"	"7/2"	"3d3.(4F).4s.4p.(3P*)"	"z 2F*"	"7/2"		""	"L15916"	
"533.431"	"533.42992"	"51000"	""		"19023.531"	"37764.923"	"3d4.(3H).4s"	"b 2H"	"9/2"	"3d4.(3F2).4p"	"v 4G*"	"11/2"		""	"L14162"	
"533.5563"	"533.55712"	"14000"	""		"25131.002"	"43867.926"	"3d4.(5D).4p"	"z 4P*"	"5/2"	"3d3.4s.(5F).4d"	"4D"	"7/2"		""	"L15916"	
"533.8607"	"533.86071"	"23000"	""		"19026.326"	"37752.595"	"3d4.(3F2).4s"	"a 2F"	"5/2"	"3d4.(3F2).4p"	"w 2D*"	"5/2"		""	"L15916"	
"535.34118"	"535.34117"	"160000"	""		"19078.112"	"37752.595"	"3d4.(3F2).4s"	"a 2F"	"7/2"	"3d4.(3F2).4p"	"w 2D*"	"5/2"		""	"L15916"	
"536.0260"	"536.02547"	"18000"	"2.8e+05"	C	"15724.229"	"34374.872"	"3d4.(3F2).4s"	"b 4F"	"7/2"	"3d3.(2D2).4s.4p.(3P*)"	"4F*"	"7/2"		"T9399"	"L15916"	
"536.1691"	"536.16841"	"7600"	""		"13810.910"	"32456.581"	"3d3.4s2"	"a 2P"	"1/2"	"3d3.(2P).4s.4p.(3P*)"	"x 4D*"	"3/2"		""	"L15916"	
"536.3547"	"536.35432"	"13000"	""		"25131.002"	"43770.210"	"3d4.(5D).4p"	"z 4P*"	"5/2"	"3d3.4s.(5F).4d"	"4D"	"5/2"		""	"L15916"	
"537.2627"	"537.26270"	":"	"5.2e+03"	C+	"2424.809"	"21032.503"	"3d4.(5D).4s"	"a 6D"	"9/2"	"3d3.(4F).4s.4p.(3P*)"	"z 4D*"	"7/2"		"T9399"	"L18972"	
"537.36699"	"537.36699"	":"	"1.5e+05"	C	"15770.789"	"34374.872"	"3d4.(3F2).4s"	"b 4F"	"9/2"	"3d3.(2D2).4s.4p.(3P*)"	"4F*"	"7/2"		"T9399"	"L18972"	
"538.3413"	"538.34133"	"140000"	""		"20828.481"	"39398.893"	"3d3.(4F).4s.4p.(3P*)"	"z 4D*"	"5/2"	"3d3.4s.(5F).5s"	"f 4F"	"7/2"		""	"L15916"	
"538.5132"	"538.51320"	"160000"	""		"21032.503"	"39596.988"	"3d3.(4F).4s.4p.(3P*)"	"z 4D*"	"7/2"	"3d3.4s.(5F).5s"	"f 4F"	"9/2"		""	"L15916"	
"538.8286"	"538.82870"	"55000"	""		"20687.769"	"39241.384"	"3d3.(4F).4s.4p.(3P*)"	"z 4D*"	"3/2"	"3d3.4s.(5F).5s"	"f 4F"	"5/2"		""	"L15916"	
"539.2798"	"539.28034"	"3400"	""		"13810.910"	"32348.987"	"3d3.4s2"	"a 2P"	"1/2"	"3d3.(2P).4s.4p.(3P*)"	"x 4D*"	"1/2"		""	"L15916"	
"539.3265"	"539.32633"	"40000"	""		"15103.784"	"33640.280"	"3d3.4s2"	"a 2H"	"9/2"	"3d3.(2G).4s.4p.(3P*)"	"z 2H*"	"9/2"		""	"L15916"	
"539.7843"	"539.78454"	"43000"	""		"20606.467"	"39127.228"	"3d3.(4F).4s.4p.(3P*)"	"z 4D*"	"1/2"	"3d3.4s.(5F).5s"	"f 4F"	"3/2"		""	"L15916"	
"539.8907"	"539.89091"	":"	"4.9e+03"	C+	"2311.369"	"20828.481"	"3d4.(5D).4s"	"a 6D"	"7/2"	"3d3.(4F).4s.4p.(3P*)"	"z 4D*"	"5/2"		"T9627"	"L19604"	
"540.1922"	"540.19224"	"410000"	"1.50e+07"	C+	"19023.531"	"37530.314"	"3d4.(3H).4s"	"b 2H"	"9/2"	"3d4.(3H).4p"	"z 2I*"	"11/2"		"u40"	"L15916"	
"541.5251"	"541.52556"	"580000"	"2.5e+07"	D+	"19145.148"	"37606.365"	"3d4.(3H).4s"	"b 2H"	"11/2"	"3d4.(3H).4p"	"z 2I*"	"13/2"		"T284n"	"L15916"	
"541.8083"	"541.80866"	"120000"	""		"19023.531"	"37475.102&dagger;"	"3d4.(3H).4s"	"b 2H"	"9/2"	"3d3.(2D2).4s.4p.(3P*)"	"w 2F*"	"7/2"		""	"L4235"	
"542.1643"	"542.16455"	"19000bl(V II)"	""		"20687.769"	"39127.228"	"3d3.(4F).4s.4p.(3P*)"	"z 4D*"	"3/2"	"3d3.4s.(5F).5s"	"f 4F"	"3/2"		""	"L15916"	
"542.4060"	"542.40603"	"210000"	""		"19026.326"	"37457.576"	"3d4.(3F2).4s"	"a 2F"	"5/2"	"3d4.(3F2).4p"	"w 2D*"	"3/2"		""	"L15916"	
"542.4282"	"542.42825"	"46000"	""		"15264.832"	"33695.327"	"3d3.4s2"	"a 2H"	"11/2"	"3d3.(2G).4s.4p.(3P*)"	"z 2H*"	"11/2"		""	"L15916"	
"542.9466"	"542.94650"	"25000"	""		"20828.481"	"39241.384"	"3d3.(4F).4s.4p.(3P*)"	"z 4D*"	"5/2"	"3d3.4s.(5F).5s"	"f 4F"	"5/2"		""	"L15916"	
"543.7657"	"543.76563"	"46000"	""		"19145.148"	"37530.314"	"3d4.(3H).4s"	"b 2H"	"11/2"	"3d4.(3H).4p"	"z 2I*"	"11/2"		""	"L15916"	
"544.3216"	"544.32153"	"19000"	""		"21032.503"	"39398.893"	"3d3.(4F).4s.4p.(3P*)"	"z 4D*"	"7/2"	"3d3.4s.(5F).5s"	"f 4F"	"7/2"		""	"L15916"	
"544.586"	"544.58264"	"55000h"	""		"14949.359"	"33306.943"	"3d4.(3H).4s"	"a 4H"	"9/2"	"3d3.(2G).4s.4p.(3P*)"	"y 2G*"	"9/2"		""	"L14162"	
"545.068"	"545.06908"	"54000"	""		"15688.862"	"34030.063&dagger;"	"3d4.(3F2).4s"	"b 4F"	"5/2"	"3d3.(2P).4s.4p.(3P*)"	"2D*"	"3/2"		""	"L14162"	
"545.4789"	"545.47906"	"16000"	""		"26171.918"	"44499.334"	"3d4.(5D).4p"	"y 4F*"	"9/2"	"3d3.4s.(5F).4d"	"4F"	"9/2"		""	"L15916"	
"545.8123"	"545.81223"	"71000"	""		"19026.326"	"37342.555"	"3d4.(3F2).4s"	"a 2F"	"5/2"	"3d3.(2D2).4s.4p.(3P*)"	"w 2F*"	"5/2"		""	"L15916"	
"546.7794"	"546.77915"	"25000"	"1.19e+06"	B	"19078.112"	"37361.951"	"3d4.(3F2).4s"	"a 2F"	"7/2"	"3d4.(3H).4p"	"v 2G*"	"9/2"		"T9399"	"L15916"	
"547.3602"	"547.35981"	"12000"	""		"19078.112"	"37342.555"	"3d4.(3F2).4s"	"a 2F"	"7/2"	"3d3.(2D2).4s.4p.(3P*)"	"w 2F*"	"5/2"		""	"L15916"	
"547.44724"	"547.44724"	":"	"5.8e+05"	C+	"19023.531"	"37285.057"	"3d4.(3H).4s"	"b 2H"	"9/2"	"3d4.(3H).4p"	"z 4I*"	"9/2"		"T9399"	"L18972"	
"548.2452"	"548.24430"	"9200"	""		"29296.430"	"47531.407"	"3d3.(4P).4s.4p.(3P*)"	"y 6P*"	"5/2"	"47531e"	"4F"	"5/2"		""	"L4235"	
"548.7225"	"548.72222"	"120000"	"3.1e+06"	C	"14548.816"	"32767.911"	"3d3.4s2"	"2D2"	"5/2"	"3d3.(4P).4s.4p.(3P*)"	"z 2P*"	"3/2"		"T9399"	"L15916"	
"548.7913"	"548.79126"	"350000"	"1.96e+07"	B	"19145.148"	"37361.951"	"3d4.(3H).4s"	"b 2H"	"11/2"	"3d4.(3H).4p"	"v 2G*"	"9/2"		"T9399"	"L15916"	
"548.9948"	"548.99493"	"120000"	""		"14514.756"	"32724.801"	"3d3.4s2"	"2D2"	"3/2"	"3d3.(4P).4s.4p.(3P*)"	"z 2P*"	"1/2"		""	"L15916"	
"549.1565"	"549.15642"	"7800"	""		"26122.094&dagger;"	"44326.784"	"3d4.(5D).4p"	"y 4F*"	"7/2"	"3d3.4s.(5F).4d"	"4F"	"7/2"		""	"L15916"	
"549.5651"	"549.56499"	"6100"	""		"26004.234"	"44195.390"	"3d4.(5D).4p"	"y 4F*"	"5/2"	"3d3.4s.(5F).4d"	"4F"	"5/2"		""	"L15916"	
"549.6009"	"549.60079"	"46000"	""		"323.432"	"18513.403"	"3d3.4s2"	"a 4F"	"7/2"	"3d3.(4F).4s.4p.(3P*)"	"z 6F*"	"9/2"		""	"L15916"	
"549.62065"	"549.62065"	":"	"4.7e+05"	C	"14548.816"	"32738.130"	"3d3.4s2"	"2D2"	"5/2"	"3d3.(4F).4s.4p.(1P*)"	"w 4F*"	"3/2"		"T9399"	"L18972"	
"549.6828"	"549.68190"	"11000"	""		"19023.531"	"37210.818"	"3d4.(3H).4s"	"b 2H"	"9/2"	"3d3.(2H).4s.4p.(3P*)"	"y 2H*"	"11/2"		""	"L15916"	
"550.082"	"550.08154"	"3300"	""		"0.000"	"18174.074"	"3d3.4s2"	"a 4F"	"3/2"	"3d3.(4F).4s.4p.(3P*)"	"z 6F*"	"3/2"		""	"L14162"	
"550.4861"	"550.48621"	"140000"	""		"13801.551"	"31962.265"	"3d3.4s2"	"a 2P"	"3/2"	"3d4.(3P2).4p"	"y 2S*"	"1/2"		""	"L15916"	
"550.5861"	"550.58623"	"32000"	"1.72e+06"	B	"19023.531"	"37180.946"	"3d4.(3H).4s"	"b 2H"	"9/2"	"3d3.(2H).4s.4p.(3P*)"	"y 2H*"	"9/2"		"T9399"	"L15916"	
"550.6633"	"550.66354"	"5300"	""		"26171.918"	"44326.784"	"3d4.(5D).4p"	"y 4F*"	"9/2"	"3d3.4s.(5F).4d"	"4F"	"7/2"		""	"L15916"	
"550.7763"	"550.77597"	"290000"	""		"19023.531"	"37174.691"	"3d4.(3H).4s"	"b 2H"	"9/2"	"3d4.(3H).4p"	"v 2G*"	"7/2"		""	"L9190"	
"550.8610"	"550.86079"	"30000"	""		"19026.326"	"37174.691"	"3d4.(3F2).4s"	"a 2F"	"5/2"	"3d4.(3H).4p"	"v 2G*"	"7/2"		""	"L15916"	
"551.1176"	"551.11758"	"59000"	"3.2e+06"	B	"19145.148"	"37285.057"	"3d4.(3H).4s"	"b 2H"	"11/2"	"3d4.(3H).4p"	"z 4I*"	"9/2"		"T9399"	"L15916"	
"551.5065"	"551.50656"	"110000"	""		"552.955"	"18680.070"	"3d3.4s2"	"a 4F"	"9/2"	"3d3.(4F).4s.4p.(3P*)"	"z 6F*"	"11/2"		""	"L15916"	
"551.5331"	"551.53288"	"21000"	"6.3e+03"	B	"0.000"	"18126.250"	"3d3.4s2"	"a 4F"	"3/2"	"3d3.(4F).4s.4p.(3P*)"	"z 6D*"	"3/2"		"T9399"	"L15916"	
"551.681"	"551.67830"	"3300"	""		"137.383"	"18258.855"	"3d3.4s2"	"a 4F"	"5/2"	"3d3.(4F).4s.4p.(3P*)"	"z 6F*"	"5/2"		""	"L14162"	
"551.7199"	"551.71995"	"70000"	""		"0.000"	"18120.104"	"3d3.4s2"	"a 4F"	"3/2"	"3d3.(4F).4s.4p.(3P*)"	"z 6F*"	"1/2"		""	"L15916"	
"552.7622"	"552.76178"	"26000"	"1.12e+04"	B	"0.000"	"18085.952"	"3d3.4s2"	"a 4F"	"3/2"	"3d3.(4F).4s.4p.(3P*)"	"z 6D*"	"1/2"		"T9399"	"L15916"	
"553.3825"	"553.38237"	"84000"	""		"19145.148"	"37210.818"	"3d4.(3H).4s"	"b 2H"	"11/2"	"3d3.(2H).4s.4p.(3P*)"	"y 2H*"	"11/2"		""	"L15916"	
"553.5344"	"553.53440"	"46000"	"9.8e+03"	B	"137.383"	"18198.091"	"3d3.4s2"	"a 4F"	"5/2"	"3d3.(4F).4s.4p.(3P*)"	"z 6D*"	"5/2"		"T9399"	"L15916"	
"554.2716"	"554.27148"	"52000"	""		"137.383"	"18174.074"	"3d3.4s2"	"a 4F"	"5/2"	"3d3.(4F).4s.4p.(3P*)"	"z 6F*"	"3/2"		""	"L15916"	
"554.489"	"554.48582"	"65000"	"1.00e+05"	C+	"8476.234"	"26505.953"	"3d4.(5D).4s"	"a 4D"	"3/2"	"3d4.(5D).4p"	"y 6D*"	"5/2"		"T9399"	"L14162"	
"554.5926"	"554.59206"	"140000"	"3.9e+05"	C+	"8578.542"	"26604.807&dagger;"	"3d4.(5D).4s"	"a 4D"	"5/2"	"3d4.(5D).4p"	"y 6D*"	"7/2"		"T9399"	"L15916"	
"554.7056"	"554.70558"	"410000"	"1.16e+06"	B	"8715.747"	"26738.323"	"3d4.(5D).4s"	"a 4D"	"7/2"	"3d4.(5D).4p"	"y 6D*"	"9/2"		"T4902"	"L15916"	
"554.8142"	"554.81419"	"25000"	""		"26480.286&dagger;"	"44499.334"	"3d4.(5D).4p"	"y 4D*"	"7/2"	"3d3.4s.(5F).4d"	"4F"	"9/2"		""	"L15916"	
"555.7450"	"555.74504"	"70000"	"2.00e+04"	B+	"137.383"	"18126.250"	"3d3.4s2"	"a 4F"	"5/2"	"3d3.(4F).4s.4p.(3P*)"	"z 6D*"	"3/2"		"T9399"	"L15916"	
"555.8753"	"555.87517"	"210000*"	"7.7e+06"	D+	"13801.551"	"31786.207&dagger;"	"3d3.4s2"	"a 2P"	"3/2"	"3d3.(2P).4s.4p.(3P*)"	"2S*"	"1/2"		"T284n"	"L15916"	
"555.8753"	"555.87616"	"210000*"	""		"8413.009"	"26397.633"	"3d4.(5D).4s"	"a 4D"	"1/2"	"3d4.(5D).4p"	"y 6D*"	"1/2"		""	"L15916"	
"556.0543"	"556.05474"	"36000"	"6.4e+03"	B	"323.432"	"18302.280"	"3d3.4s2"	"a 4F"	"7/2"	"3d3.(4F).4s.4p.(3P*)"	"z 6D*"	"7/2"		"T9399"	"L15916"	
"556.166"	"556.16459"	"140000i"	""		"13810.910"	"31786.207&dagger;"	"3d3.4s2"	"a 2P"	"1/2"	"3d3.(2P).4s.4p.(3P*)"	"2S*"	"1/2"		""	"L3475"	
"556.2006"	"556.20009"	"9500"	""		"26352.634"	"44326.784"	"3d4.(5D).4p"	"y 4D*"	"5/2"	"3d3.4s.(5F).4d"	"4F"	"7/2"		""	"L15916"	
"556.593"	"556.59119"	"65000"	"1.41e+05"	C+	"8476.234"	"26437.754"	"3d4.(5D).4s"	"a 4D"	"3/2"	"3d4.(5D).4p"	"y 6D*"	"3/2"		"T4902"	"L14162"	
"557.4010"	"557.40107"	"34000"	""		"323.432"	"18258.855"	"3d3.4s2"	"a 4F"	"7/2"	"3d3.(4F).4s.4p.(3P*)"	"z 6F*"	"5/2"		""	"L15916"	
"557.651"	"557.65018"	"130000"	"1.16e+05"	C+	"8578.542"	"26505.953"	"3d4.(5D).4s"	"a 4D"	"5/2"	"3d4.(5D).4p"	"y 6D*"	"5/2"		"T9627"	"L14162"	
"557.840"	"557.83726"	"64000h"	"2.8e+05"	C+	"8476.234"	"26397.633"	"3d4.(5D).4s"	"a 4D"	"3/2"	"3d4.(5D).4p"	"y 6D*"	"1/2"		"T9399"	"L14162"	
"558.2622"	"558.26197"	"28000"	""		"14548.816"	"32456.581"	"3d3.4s2"	"2D2"	"5/2"	"3d3.(2P).4s.4p.(3P*)"	"x 4D*"	"3/2"		""	"L15916"	
"558.43046"	"558.43046"	":"	"1.52e+06"	C+	"19023.531"	"36925.893&dagger;"	"3d4.(3H).4s"	"b 2H"	"9/2"	"3d4.(3F2).4p"	"x 2F*"	"7/2"		"T9399"	"L18972"	
"558.4497"	"558.44973"	"830000"	"1.75e+06"	C+	"8578.542"	"26480.286&dagger;"	"3d4.(5D).4s"	"a 4D"	"5/2"	"3d4.(5D).4p"	"y 4D*"	"7/2"		"T9399"	"L15916"	
"558.4740"	"558.47404"	"220000"	""		"15062.959"	"32963.924"	"3d4.(3H).4s"	"a 4H"	"13/2"	"3d3.(2H).4s.4p.(3P*)"	"z 4H*"	"13/2"		""	"L15916"	
"558.5989"	"558.59898"	"110000"	""		"15000.937"	"32897.898"	"3d4.(3H).4s"	"a 4H"	"11/2"	"3d3.(2H).4s.4p.(3P*)"	"z 4H*"	"11/2"		""	"L15916"	
"558.6082"	"558.60819"	"22000"	""		"26021.907"	"43918.573"	"3d3.(4F).4s.4p.(3P*)"	"z 2G*"	"7/2"	"3d3.(4F).4s.(3F).5s"	"e 2F"	"5/2"		""	"L15916"	
"558.849"	"558.84570"	"63000"	"1.49e+05"	C+	"8715.747"	"26604.807&dagger;"	"3d4.(5D).4s"	"a 4D"	"7/2"	"3d4.(5D).4p"	"y 6D*"	"7/2"		"T9399"	"L14162"	
"558.96978"	"558.96978"	":"	"3.0e+03"	C+	"552.955"	"18438.044"	"3d3.4s2"	"a 4F"	"9/2"	"3d3.(4F).4s.4p.(3P*)"	"z 6D*"	"9/2"		"T9399"	"L18972"	
"559.2415"	"559.24148"	"600000"	"2.66e+06"	B	"8476.234"	"26352.634"	"3d4.(5D).4s"	"a 4D"	"3/2"	"3d4.(5D).4p"	"y 4D*"	"5/2"		"T4902"	"L15916"	
"559.2959"	"559.29595"	"99000"	"2.17e+04"	B+	"323.432"	"18198.091"	"3d3.4s2"	"a 4F"	"7/2"	"3d3.(4F).4s.4p.(3P*)"	"z 6D*"	"5/2"		"T9399"	"L15916"	
"559.782"	"559.77971"	"63000"	"2.0e+05"	C	"8578.542"	"26437.754"	"3d4.(5D).4s"	"a 4D"	"5/2"	"3d4.(5D).4p"	"y 6D*"	"3/2"		"T9399"	"L14162"	
"560.1383"	"560.13823"	"120000"	"5.0e+06"	C+	"19078.112"	"36925.893&dagger;"	"3d4.(3F2).4s"	"a 2F"	"7/2"	"3d4.(3F2).4p"	"x 2F*"	"7/2"		"T9399"	"L15916"	
"560.4197"	"560.41955"	"140000"	""		"14949.359"	"32788.181"	"3d4.(3H).4s"	"a 4H"	"9/2"	"3d3.(2H).4s.4p.(3P*)"	"z 4H*"	"9/2"		""	"L15916"	
"560.4628"	"560.46275"	"51000"	""		"19026.326"	"36863.773"	"3d4.(3F2).4s"	"a 2F"	"5/2"	"3d3.(2H).4s.4p.(3P*)"	"w 4G*"	"5/2"		""	"L15916"	
"560.4935"	"560.49354"	"420000"	"2.76e+06"	B+	"8413.009"	"26249.476"	"3d4.(5D).4s"	"a 4D"	"1/2"	"3d4.(5D).4p"	"y 4D*"	"3/2"		"T4902"	"L15916"	
"560.5414"	"560.54156"	"12000"	""		"15062.959"	"32897.898"	"3d4.(3H).4s"	"a 4H"	"13/2"	"3d3.(2H).4s.4p.(3P*)"	"z 4H*"	"11/2"		""	"L15916"	
"560.5636"	"560.56382"	"21000"	""		"14514.756"	"32348.987"	"3d3.4s2"	"2D2"	"3/2"	"3d3.(2P).4s.4p.(3P*)"	"x 4D*"	"1/2"		""	"L15916"	
"561.020"	"561.01624"	"45000"	""		"19078.112"	"36897.961"	"3d4.(3F2).4s"	"a 2F"	"7/2"	"3d3.(2H).4s.4p.(3P*)"	"w 4G*"	"9/2"		""	"L14162"	
"561.666"	"561.66245"	"45000"	""		"19023.531"	"36822.878"	"3d4.(3H).4s"	"b 2H"	"9/2"	"3d3.(2H).4s.4p.(3P*)"	"w 4G*"	"7/2"		""	"L14162"	
"561.95104"	"561.95104"	":"	"9.0e+04"	C+	"8715.747"	"26505.953"	"3d4.(5D).4s"	"a 4D"	"7/2"	"3d4.(5D).4p"	"y 6D*"	"5/2"		"T9399"	"L18972"	
"562.0450"	"562.04462"	"11000"	""		"15000.937"	"32788.181"	"3d4.(3H).4s"	"a 4H"	"11/2"	"3d3.(2H).4s.4p.(3P*)"	"z 4H*"	"9/2"		""	"L15916"	
"562.2077"	"562.20772"	"110000"	""		"14909.958"	"32692.042"	"3d4.(3H).4s"	"a 4H"	"7/2"	"3d3.(2H).4s.4p.(3P*)"	"z 4H*"	"7/2"		""	"L15916"	
"562.4198"	"562.41979"	"56000"	""		"18805.048"	"36580.427&dagger;"	"3d4.(3P2).4s"	"b 2P"	"1/2"	"3d4.(3P2).4p"	"2P*"	"3/2"		""	"L15916"	
"562.4606"	"562.46051"	"1200000"	"6.4e+06"	B	"8578.542"	"26352.634"	"3d4.(5D).4s"	"a 4D"	"5/2"	"3d4.(5D).4p"	"y 4D*"	"5/2"		"T9627"	"L15916"	
"562.4873"	"562.48741"	"420000"	"4.55e+06"	B+	"8476.234"	"26249.476"	"3d4.(5D).4s"	"a 4D"	"3/2"	"3d4.(5D).4p"	"y 4D*"	"3/2"		"T4902"	"L15916"	
"562.6017"	"562.60181"	"330000"	"5.8e+06"	C+	"8413.009"	"26182.637"	"3d4.(5D).4s"	"a 4D"	"1/2"	"3d4.(5D).4p"	"y 4D*"	"1/2"		"T9399"	"L15916"	
"562.7630"	"562.76298"	"2400000"	"1.17e+07"	C+	"8715.747"	"26480.286&dagger;"	"3d4.(5D).4s"	"a 4D"	"7/2"	"3d4.(5D).4p"	"y 4D*"	"7/2"		"T9399"	"L15916"	
"563.2456"	"563.24537"	"100000"	"1.56e+04"	B+	"552.955"	"18302.280"	"3d3.4s2"	"a 4F"	"9/2"	"3d3.(4F).4s.4p.(3P*)"	"z 6D*"	"7/2"		"T9399"	"L15916"	
"563.3900"	"563.39008"	"42000"	""		"19078.112"	"36822.878"	"3d4.(3F2).4s"	"a 2F"	"7/2"	"3d3.(2H).4s.4p.(3P*)"	"w 4G*"	"7/2"		""	"L15916"	
"563.5505"	"563.55049"	"55000"	"3.2e+06"	C+	"19026.326"	"36766.041"	"3d4.(3F2).4s"	"a 2F"	"5/2"	"3d4.(3F2).4p"	"x 2F*"	"5/2"		"T9399"	"L15916"	
"564.1434"	"564.14318"	"8800"	"3.6e+07"	D+	"26344.902"	"44065.980"	"3d3.(4F).4s.4p.(3P*)"	"z 2G*"	"9/2"	"3d3.(4F).4s.(3F).5s"	"e 2F"	"7/2"		"T9771"	"L15916"	
"564.336"	"564.33087"	"36000h"	""		"24838.578"	"42553.762"	"3d4.(5D).4p"	"z 6P*"	"7/2"	"3d4.(5D).4d"	"f 6D"	"9/2"		""	"L14162"	
"564.6108"	"564.61074"	"510000"	"6.5e+06"	B	"8476.234"	"26182.637"	"3d4.(5D).4s"	"a 4D"	"3/2"	"3d4.(5D).4p"	"y 4D*"	"1/2"		"T9399"	"L15916"	
"565.150"	"565.14949"	"50000"	"4.8e+05"	D+	"15078.387"	"32767.911"	"3d4.(3P2).4s"	"b 4P"	"1/2"	"3d3.(4P).4s.4p.(3P*)"	"z 2P*"	"3/2"		"T9399"	"L14162"	
"565.2009"	"565.20045"	"14000*"	""		"19078.112"	"36766.041"	"3d4.(3F2).4s"	"a 2F"	"7/2"	"3d4.(3F2).4p"	"x 2F*"	"5/2"		""	"L15916"	
"565.2009"	"565.20141"	"14000*"	""		"24630.567"	"42318.466"	"3d4.(3D).4s"	"2D"	"5/2"	"3d4.(3D).4p"	"v 2P*"	"3/2"		""	"L15916"	
"565.203"	"565.20422"	"34000"	""		"26397.633"	"44085.444"	"3d4.(5D).4p"	"y 6D*"	"1/2"	"3d3.4s.(5F).4d"	"4P"	"3/2"		""	"L14162"	
"565.629"	"565.6317"	"87000h"	""		"19026.326"	"36700.768"	"3d4.(3F2).4s"	"a 2F"	"5/2"	"3d3.(4P).4s.4p.(3P*)"	"x 2D*"	"5/2"		""	"L14162"	
"565.6881"	"565.68814"	"49000"	""		"18805.048"	"36477.728&dagger;"	"3d4.(3P2).4s"	"b 2P"	"1/2"	"3d4.(3P2).4p"	"2P*"	"1/2"		""	"L15916"	
"565.7441"	"565.74404"	"660000"	"5.0e+06"	B+	"8578.542"	"26249.476"	"3d4.(5D).4s"	"a 4D"	"5/2"	"3d4.(5D).4p"	"y 4D*"	"3/2"		"T4902"	"L15916"	
"565.8400"	"565.84039"	"9100"	""		"24838.578"	"42506.503"	"3d4.(5D).4p"	"z 6P*"	"7/2"	"3d4.(5D).4d"	"f 6F"	"9/2"		""	"L4235"	
"566.8363"	"566.83618"	"660000"	"3.06e+06"	B	"8715.747"	"26352.634"	"3d4.(5D).4s"	"a 4D"	"7/2"	"3d4.(5D).4p"	"y 4D*"	"5/2"		"T9627"	"L15916"	
"567.0848"	"567.08480"	"1900000"	"7.7e+06"	B	"8715.747"	"26344.902"	"3d4.(5D).4s"	"a 4D"	"7/2"	"3d3.(4F).4s.4p.(3P*)"	"z 2G*"	"9/2"		"T9399"	"L15916"	
"568.3214"	"568.32102"	"85000"	""		"19189.283"	"36780.091"	"3d4.(3P2).4s"	"b 2P"	"3/2"	"3d3.(4P).4s.4p.(3P*)"	"x 2D*"	"3/2"		""	"L15916"	
"568.366"	"568.36357"	"48000"	""		"15770.789"	"33360.280"	"3d4.(3F2).4s"	"b 4F"	"9/2"	"3d3.(2G).4s.4p.(3P*)"	"y 2G*"	"7/2"		""	"L14162"	
"568.776"	"568.77531"	"43000"	"2.5e+06"	C+	"19189.283"	"36766.041"	"3d4.(3P2).4s"	"b 2P"	"3/2"	"3d4.(3F2).4p"	"x 2F*"	"5/2"		"T9399"	"L14162"	
"569.113"	"569.1133"	"28000"	""		"31717.485"	"49283.804&dagger;"	"3d4.(3P1).4s"	"4P"	"3/2"	"3d2.(3F).4s2.4p"	"n 4D*"	"3/2"		""	"L14162"	
"569.8519"	"569.85189"	"7200000"	"1.95e+07"	B	"8578.542"	"26122.094&dagger;"	"3d4.(5D).4s"	"a 4D"	"5/2"	"3d4.(5D).4p"	"y 4F*"	"7/2"		"T9399"	"L15916"	
"570.3575"	"570.35750"	"5600000"	"2.11e+07"	B	"8476.234"	"26004.234"	"3d4.(5D).4s"	"a 4D"	"3/2"	"3d4.(5D).4p"	"y 4F*"	"5/2"		"T9399"	"L15916"	
"570.6983"	"570.69824"	"3500000"	"1.94e+07"	B	"8413.009"	"25930.544"	"3d4.(5D).4s"	"a 4D"	"1/2"	"3d4.(5D).4p"	"y 4F*"	"3/2"		"T9399"	"L15916"	
"570.7793"	"570.77960"	"25000"	"1.33e+06"	C+	"19023.531"	"36538.569"	"3d4.(3H).4s"	"b 2H"	"9/2"	"3d4.(3F2).4p"	"2G*"	"9/2"		"T9399"	"L15916"	
"570.8952"	"570.8954"	"47000"	""		"19189.283"	"36700.768"	"3d4.(3P2).4s"	"b 2P"	"3/2"	"3d3.(4P).4s.4p.(3P*)"	"x 2D*"	"5/2"		""	"L15916"	
"571.35729"	"571.35729"	":"	"3.0e+05"	C	"15270.582"	"32767.911"	"3d4.(3P2).4s"	"b 4P"	"3/2"	"3d3.(4P).4s.4p.(3P*)"	"z 2P*"	"3/2"		"T9399"	"L18972"	
"571.358"	"571.3578"	"35000"	""		"24789.401"	"42286.714"	"3d4.(5D).4p"	"y 6F*"	"1/2"	"3d4.(5D).4d"	"f 6F"	"3/2"		""	"L14162"	
"571.6236"	"571.6229"	"37000bl"	""		"26505.953"	"43995.152"	"3d4.(5D).4p"	"y 6D*"	"5/2"	"3d3.4s.(5F).4d"	"6F"	"5/2"		""	"L15916"	
"572.058"	"572.05760"	"38000"	""		"22121.079"	"39596.988"	"3d3.(4F).4s.4p.(3P*)"	"z 4G*"	"9/2"	"3d3.4s.(5F).5s"	"f 4F"	"9/2"		""	"L14162"	
"572.5312"	"572.5313"	"30000"	""		"24648.114"	"42109.564"	"3d4.(5D).4p"	"z 6P*"	"3/2"	"3d4.(5D).4d"	"e 6P"	"5/2"		""	"L15916"	
"572.5640"	"572.56386"	"300000"	"1.38e+07"	B	"19078.112"	"36538.569"	"3d4.(3F2).4s"	"a 2F"	"7/2"	"3d4.(3F2).4p"	"2G*"	"9/2"		"T9399"	"L15916"	
"572.7045"	"572.70445"	"5100000"	"1.94e+07"	B	"8715.747"	"26171.918"	"3d4.(5D).4s"	"a 4D"	"7/2"	"3d4.(5D).4p"	"y 4F*"	"9/2"		"T9399"	"L15916"	
"572.7655"	"572.76551"	"1000000"	"7.3e+06"	C+	"8476.234"	"25930.544"	"3d4.(5D).4s"	"a 4D"	"3/2"	"3d4.(5D).4p"	"y 4F*"	"3/2"		"T9399"	"L15916"	
"572.989"	"572.98877"	"480"	""		"14514.756"	"31962.265"	"3d3.4s2"	"2D2"	"3/2"	"3d4.(3P2).4p"	"y 2S*"	"1/2"		""	"L14162"	
"573.1249"	"573.12490"	"1400000"	"4.6e+06"	B	"8578.542"	"26021.907"	"3d4.(5D).4s"	"a 4D"	"5/2"	"3d3.(4F).4s.4p.(3P*)"	"z 2G*"	"7/2"		"T9399"	"L15916"	
"573.3096"	"573.30942"	"42000"	""		"19023.531"	"36461.282"	"3d4.(3H).4s"	"b 2H"	"9/2"	"3d4.(3F2).4p"	"2G*"	"7/2"		""	"L15916"	
"573.3332"	"573.33352"	"30000"	""		"24727.841"	"42164.859"	"3d4.(5D).4p"	"z 6P*"	"5/2"	"3d4.(5D).4d"	"e 6P"	"7/2"		""	"L15916"	
"573.4014"	"573.40132"	"170000"	""		"19026.326"	"36461.282"	"3d4.(3F2).4s"	"a 2F"	"5/2"	"3d4.(3F2).4p"	"2G*"	"7/2"		""	"L15916"	
"573.7063"	"573.70616"	"1400000"	"6.1e+06"	C+	"8578.542"	"26004.234"	"3d4.(5D).4s"	"a 4D"	"5/2"	"3d4.(5D).4p"	"y 4F*"	"5/2"		"T9399"	"L15916"	
"574.3437"	"574.34377"	"660000"	"2.6e+06"	C+	"8715.747"	"26122.094&dagger;"	"3d4.(5D).4s"	"a 4D"	"7/2"	"3d4.(5D).4p"	"y 4F*"	"7/2"		"T9399"	"L15916"	
"574.7171"	"574.71744"	"7200"	""		"25111.473"	"42506.503"	"3d4.(5D).4p"	"y 6F*"	"9/2"	"3d4.(5D).4d"	"f 6F"	"9/2"		""	"L15916"	
"574.7705"	"574.77060"	"73000"	"3.1e+06"	C+	"19145.148"	"36538.569"	"3d4.(3H).4s"	"b 2H"	"11/2"	"3d4.(3F2).4p"	"2G*"	"9/2"		"T9399"	"L15916"	
"574.841"	"574.84586"	"41000"	""		"19189.283"	"36580.427&dagger;"	"3d4.(3P2).4s"	"b 2P"	"3/2"	"3d4.(3P2).4p"	"2P*"	"3/2"		""	"L14162"	
"574.8727"	"574.8723"	"26000*"	""		"26604.807&dagger;"	"43995.152"	"3d4.(5D).4p"	"y 6D*"	"7/2"	"3d3.4s.(5F).4d"	"6F"	"5/2"		""	"L15916"	
"574.8727"	"574.87257"	"26000*"	"1.02e+07"	C+	"24630.567"	"42020.903"	"3d4.(3D).4s"	"2D"	"5/2"	"3d4.(3D).4p"	"u 2F*"	"7/2"		"T9399"	"L15916"	
"574.8892"	"574.88916"	"190000"	"3.9e+06"	D+	"15270.582"	"32660.416"	"3d4.(3P2).4s"	"b 4P"	"3/2"	"3d3.(2P).4s.4p.(3P*)"	"x 4D*"	"5/2"		"T284n"	"L15916"	
"575.064"	"575.06417"	"92000"	"1.03e+06"	C	"15770.789"	"33155.331"	"3d4.(3F2).4s"	"b 4F"	"9/2"	"3d3.(4F).4s.4p.(1P*)"	"w 4F*"	"9/2"		"T9399"	"L14162"	
"575.2742"	"575.27423"	"83000bl(V II)"	""		"15078.387"	"32456.581"	"3d4.(3P2).4s"	"b 4P"	"1/2"	"3d3.(2P).4s.4p.(3P*)"	"x 4D*"	"3/2"		""	"L15916"	
"575.5164"	"575.51642"	"11000"	""		"24992.909"	"42363.790"	"3d4.(5D).4p"	"y 6F*"	"7/2"	"3d4.(5D).4d"	"f 6F"	"7/2"		""	"L15916"	
"576.141"	"576.14259"	"100000"	"4.9e+05"	C+	"8578.542"	"25930.544"	"3d4.(5D).4s"	"a 4D"	"5/2"	"3d4.(5D).4p"	"y 4F*"	"3/2"		"T9399"	"L3475"	
"577.002"	"576.99788"	"510000h"	""		"24838.578"	"42164.859"	"3d4.(5D).4p"	"z 6P*"	"7/2"	"3d4.(5D).4d"	"e 6P"	"7/2"		""	"L14162"	
"577.0525"	"577.05267"	"29000"	"2.3e+07"	C	"25253.457"	"42578.093"	"3d4.(5D).4p"	"y 6F*"	"11/2"	"3d4.(5D).4d"	"f 6F"	"11/2"		"u38"	"L15916"	
"577.2411"	"577.24119"	"340000"	"8.1e+06"	C+	"15572.035"	"32891.013"	"3d4.(3P2).4s"	"b 4P"	"5/2"	"3d3.(2P).4s.4p.(3P*)"	"x 4D*"	"7/2"		"T9399"	"L15916"	
"577.6454"	"577.64520"	"18000"	"9.6e+06"	C	"24643.528"	"41950.393"	"3d4.(3D).4s"	"2D"	"3/2"	"3d4.(3D).4p"	"u 2F*"	"5/2"		"T9282"	"L15916"	
"577.6691"	"577.66874"	"210000"	"7.1e+05"	C+	"8715.747"	"26021.907"	"3d4.(5D).4s"	"a 4D"	"7/2"	"3d3.(4F).4s.4p.(3P*)"	"z 2G*"	"7/2"		"T9399"	"L15916"	
"578.2601"	"578.25926"	"66000*"	""		"8715.747"	"26004.234"	"3d4.(5D).4s"	"a 4D"	"7/2"	"3d4.(5D).4p"	"y 4F*"	"5/2"		""	"L15916"	
"578.2601"	"578.2605"	"66000*"	""		"27470.790"	"44759.239"	"3d3.(4F).4s.4p.(3P*)"	"z 2F*"	"7/2"	"3d3.(4F).4s.(3F).5s"	"4F"	"7/2"		""	"L15916"	
"578.2601"	"578.26066"	"66000*"	""		"19189.283"	"36477.728&dagger;"	"3d4.(3P2).4s"	"b 2P"	"3/2"	"3d4.(3P2).4p"	"2P*"	"1/2"		""	"L15916"	
"578.2839"	"578.28388"	"53000"	""		"17242.070"	"34529.821"	"3d4.(3G).4s"	"a 4G"	"11/2"	"3d3.(2D2).4s.4p.(3P*)"	"4F*"	"9/2"		""	"L15916"	
"578.3490"	"578.34891"	"43000"	""		"21841.421"	"39127.228"	"3d3.(4F).4s.4p.(3P*)"	"z 4G*"	"5/2"	"3d3.4s.(5F).5s"	"f 4F"	"3/2"		""	"L15916"	
"578.4375"	"578.43762"	"160000"	"2.7e+07"	C	"22313.832"	"39596.988"	"3d3.(4F).4s.4p.(3P*)"	"z 4G*"	"11/2"	"3d3.4s.(5F).5s"	"f 4F"	"9/2"		"u38"	"L15916"	
"578.6141"	"578.61346"	"220000bl"	""		"20828.481"	"38106.385"	"3d3.(4F).4s.4p.(3P*)"	"z 4D*"	"5/2"	"3d4.(5D).5s"	"e 4D"	"5/2"		""	"L15916"	
"578.8582"	"578.85816"	"110000"	""		"15078.387"	"32348.987"	"3d4.(3P2).4s"	"b 4P"	"1/2"	"3d3.(2P).4s.4p.(3P*)"	"x 4D*"	"1/2"		""	"L15916"	
"579.053"	"579.05880"	"45000"	"7.4e+05"	C	"15724.229"	"32988.845"	"3d4.(3F2).4s"	"b 4F"	"7/2"	"3d3.(4F).4s.4p.(1P*)"	"w 4F*"	"7/2"		"T9399"	"L14162"	
"579.28331"	"579.28331"	":"	"1.6e+05"	D+	"17116.947"	"34374.872"	"3d4.(3G).4s"	"a 4G"	"7/2"	"3d3.(2D2).4s.4p.(3P*)"	"4F*"	"7/2"		"T9399"	"L18972"	
"579.7297"	"579.7290"	"14000"	""		"24789.401"	"42034.058"	"3d4.(5D).4p"	"y 6F*"	"1/2"	"3d4.(5D).4d"	"e 6G"	"3/2"		""	"L15916"	
"579.79878"	"579.79878"	":"	"3.6e+06"	C	"24778.321"	"42020.903"	"3d3.4s2"	"2F"	"7/2"	"3d4.(3D).4p"	"u 2F*"	"7/2"		"T9399"	"L18972"	
"579.891"	"579.88349"	"51000"	""		"32692.042"	"49932.105"	"3d3.(2H).4s.4p.(3P*)"	"z 4H*"	"7/2"	"3d3.4s.(5F).4d?"	"g 6G?"	"9/2"		""	"L14162"	
"579.9844"	"579.9844"	"45000"	"5.7e+07"	C	"24830.221"	"42067.285"	"3d4.(5D).4p"	"y 6F*"	"3/2"	"3d4.(5D).4d"	"e 6G"	"5/2"		"u38"	"L15916"	
"580.7099"	"580.7099"	"130000"	"6.2e+07"	C	"24898.804"	"42114.333"	"3d4.(5D).4p"	"y 6F*"	"5/2"	"3d4.(5D).4d"	"e 6G"	"7/2"		"u38"	"L15916"	
"581.4784"	"581.47764"	"20000"	"6.6e+05"	C	"17182.073"	"34374.872"	"3d4.(3G).4s"	"a 4G"	"9/2"	"3d3.(2D2).4s.4p.(3P*)"	"4F*"	"7/2"		"T9399"	"L15916"	
"581.7079"	"581.70772"	"110000"	""		"15270.582"	"32456.581"	"3d4.(3P2).4s"	"b 4P"	"3/2"	"3d3.(2P).4s.4p.(3P*)"	"x 4D*"	"3/2"		""	"L15916"	
"581.7491"	"581.74912"	"120000"	"6.9e+07"	C	"24992.909"	"42177.685"	"3d4.(5D).4p"	"y 6F*"	"7/2"	"3d4.(5D).4d"	"e 6G"	"9/2"		"u38"	"L15916"	
"582.3016"	"582.30127"	"13000"	""		"24898.804"	"42067.285"	"3d4.(5D).4p"	"y 6F*"	"5/2"	"3d4.(5D).4d"	"e 6G"	"5/2"		""	"L15916"	
"582.659"	"582.65833"	"44000"	"6.0e+05"	C+	"15688.862"	"32846.822"	"3d4.(3F2).4s"	"b 4F"	"5/2"	"3d3.(4F).4s.4p.(1P*)"	"w 4F*"	"5/2"		"T9627"	"L14162"	
"583.0674"	"583.06745"	"200000"	"7.5e+07"	C	"25111.473"	"42257.394"	"3d4.(5D).4p"	"y 6F*"	"9/2"	"3d4.(5D).4d"	"e 6G"	"11/2"		"u38"	"L15916"	
"583.9017"	"583.90170"	"16000"	""		"24992.909"	"42114.333"	"3d4.(5D).4p"	"y 6F*"	"7/2"	"3d4.(5D).4d"	"e 6G"	"7/2"		""	"L15916"	
"583.936"	"583.94263"	"17000h"	""		"15770.789"	"32891.013"	"3d4.(3F2).4s"	"b 4F"	"9/2"	"3d3.(2P).4s.4p.(3P*)"	"x 4D*"	"7/2"		""	"L14162"	
"584.52695"	"584.52695"	":"	"1.4e+05"	C	"15664.801"	"32767.911"	"3d4.(3F2).4s"	"b 4F"	"3/2"	"3d3.(4P).4s.4p.(3P*)"	"z 2P*"	"3/2"		"T9399"	"L18972"	
"584.6252"	"584.62519"	"300000"	"8.2e+07"	C	"25253.457"	"42353.693"	"3d4.(5D).4p"	"y 6F*"	"11/2"	"3d4.(5D).4d"	"e 6G"	"13/2"		"u38"	"L15916"	
"585.0303"	"585.03078"	"54000"	"3.3e+06"	D+	"15572.035"	"32660.416"	"3d4.(3P2).4s"	"b 4P"	"5/2"	"3d3.(2P).4s.4p.(3P*)"	"x 4D*"	"5/2"		"T284n"	"L15916"	
"585.375"	"585.37251"	"44000"	""		"15270.582"	"32348.987"	"3d4.(3P2).4s"	"b 4P"	"3/2"	"3d3.(2P).4s.4p.(3P*)"	"x 4D*"	"1/2"		""	"L14162"	
"585.549"	"585.54655"	"430"	""		"15664.801"	"32738.130"	"3d4.(3F2).4s"	"b 4F"	"3/2"	"3d3.(4F).4s.4p.(1P*)"	"w 4F*"	"3/2"		""	"L14162"	
"585.7911"	"585.7907"	"12000"	""		"25111.473"	"42177.685"	"3d4.(5D).4p"	"y 6F*"	"9/2"	"3d4.(5D).4d"	"e 6G"	"9/2"		""	"L15916"	
"586.316"	"586.31559"	"410"	""		"17116.947"	"34167.882"	"3d4.(3G).4s"	"a 4G"	"7/2"	"3d3.(2P).4s.4p.(3P*)"	"2D*"	"5/2"		""	"L14162"	
"587.30514"	"587.30514"	":"	"2.0e+05"	C	"21101.589"	"38123.795"	"3d4.(3G).4s"	"2G"	"7/2"	"3d4.(3H).4p"	"x 2H*"	"9/2"		"T9399"	"L18972"	
"587.9365"	"587.93615"	"26000"	""		"25253.457"	"42257.394"	"3d4.(5D).4p"	"y 6F*"	"11/2"	"3d4.(5D).4d"	"e 6G"	"11/2"		""	"L15916"	
"592.457"	"592.45751"	"200000"	"5.e+05"	E	"15062.959"	"31937.131"	"3d4.(3H).4s"	"a 4H"	"13/2"	"3d3.(4F).4s.4p.(1P*)"	"x 4G*"	"11/2"		"T4902"	"L3475"	
"596.5476"	"596.54878"	"140000bl(Ne)"	""		"30635.580"	"47394.026"	"3d3.(2G).4s.4p.(3P*)"	"y 4G*"	"5/2"	"47394e"	"4F"	"3/2"		""	"L15916"	
"597.5336"	"597.53360"	"21000"	""		"27187.747"	"43918.573"	"3d3.(4F).4s.4p.(3P*)"	"z 2F*"	"5/2"	"3d3.(4F).4s.(3F).5s"	"e 2F"	"5/2"		""	"L15916"	
"597.891"	"597.89036"	"140000"	"8.e+05"	D+	"15000.937"	"31721.780"	"3d4.(3H).4s"	"a 4H"	"11/2"	"3d3.(4F).4s.4p.(1P*)"	"x 4G*"	"9/2"		"T4902"	"L3475"	
"598.0781"	"598.07807"	"120000"	"3.0e+05"	B	"9637.039"	"26352.634"	"3d3.4s2"	"a 4P"	"3/2"	"3d4.(5D).4p"	"y 4D*"	"5/2"		"T9627"	"L15916"	
"598.460"	"598.46310"	"48000"	"1.69e+05"	C+	"9544.635"	"26249.476"	"3d3.4s2"	"a 4P"	"1/2"	"3d4.(5D).4p"	"y 4D*"	"3/2"		"T9399"	"L14162"	
"600.2303"	"600.23026"	"170000"	"3.8e+05"	C+	"9824.626"	"26480.286&dagger;"	"3d3.4s2"	"a 4P"	"5/2"	"3d4.(5D).4p"	"y 4D*"	"7/2"		"T9399"	"L15916"	
"600.2625"	"600.26241"	"340000"	"8.1e+05"	B+	"8476.234"	"25131.002"	"3d4.(5D).4s"	"a 4D"	"3/2"	"3d4.(5D).4p"	"z 4P*"	"5/2"		"T4902"	"L15916"	
"600.865"	"600.86729"	"470"	"3.4e+05"	C+	"9544.635"	"26182.637"	"3d3.4s2"	"a 4P"	"1/2"	"3d4.(5D).4p"	"y 4D*"	"1/2"		"T9399"	"L14162"	
"601.6119"	"601.61210"	"110000"	"4.1e+06"	B	"21603.259"	"38220.663"	"3d4.(1G2).4s"	"b 2G"	"9/2"	"3d4.(3H).4p"	"x 2H*"	"11/2"		"T9399"	"L15916"	
"601.790"	"601.79198"	"460"	"1.95e+05"	B+	"9637.039"	"26249.476"	"3d3.4s2"	"a 4P"	"3/2"	"3d4.(5D).4p"	"y 4D*"	"3/2"		"T4902"	"L14162"	
"602.1748"	"602.17513"	"130000"	""		"22479.403"	"39081.270"	"3d4.(1I).4s"	"2I"	"13/2"	"3d3.(2H).4s.4p.(3P*)"	"y 2I*"	"13/2"		""	"L15916"	
"602.4174"	"602.41742"	"28000"	""		"27470.790"	"44065.980"	"3d3.(4F).4s.4p.(3P*)"	"z 2F*"	"7/2"	"3d3.(4F).4s.(3F).5s"	"e 2F"	"7/2"		""	"L15916"	
"602.5398"	"602.54021"	"100000"	"5.8e+05"	C+	"14949.359"	"31541.167"	"3d4.(3H).4s"	"a 4H"	"9/2"	"3d3.(4F).4s.4p.(1P*)"	"x 4G*"	"7/2"		"T9399"	"L15916"	
"603.9726"	"603.97256"	"2800000"	"6.6e+06"	B+	"8578.542"	"25131.002"	"3d4.(5D).4s"	"a 4D"	"5/2"	"3d4.(5D).4p"	"z 4P*"	"5/2"		"T9627"	"L15916"	
"604.864"	"604.86610"	"450"	"7.6e+04"	C+	"9824.626"	"26352.634"	"3d3.4s2"	"a 4P"	"5/2"	"3d4.(5D).4p"	"y 4D*"	"5/2"		"T9399"	"L14162"	
"605.4477"	"605.44800"	"97000"	""		"22496.546"	"39008.669"	"3d4.(1I).4s"	"2I"	"11/2"	"3d3.(2H).4s.4p.(3P*)"	"y 2I*"	"11/2"		""	"L15916"	
"605.8143"	"605.81420"	"630000"	"1.77e+06"	B	"8413.009"	"24915.151"	"3d4.(5D).4s"	"a 4D"	"1/2"	"3d4.(5D).4p"	"z 4P*"	"3/2"		"T4902"	"L15916"	
"606.33882"	"606.33882"	":"	"4.9e+05"	C	"14909.958"	"31397.822"	"3d4.(3H).4s"	"a 4H"	"7/2"	"3d3.(4F).4s.4p.(1P*)"	"x 4G*"	"5/2"		"T9399"	"L18972"	
"606.7247"	"606.72480"	"81000"	"3.7e+06"	B	"21646.420"	"38123.795"	"3d4.(1G2).4s"	"b 2G"	"7/2"	"3d4.(3H).4p"	"x 2H*"	"9/2"		"T9399"	"L15916"	
"607.7376"	"607.7391"	"15000"	""		"0.000"	"16449.875"	"3d3.4s2"	"a 4F"	"3/2"	"3d3.(4F).4s.4p.(3P*)"	"z 6G*"	"5/2"		""	"L4235"	
"608.1441"	"608.14422"	"3000000"	"1.10e+07"	B	"8476.234"	"24915.151"	"3d4.(5D).4s"	"a 4D"	"3/2"	"3d4.(5D).4p"	"z 4P*"	"3/2"		"T4902"	"L15916"	
"608.2802"	"608.27972"	"5700"	""		"137.383"	"16572.638"	"3d3.4s2"	"a 4F"	"5/2"	"3d3.(4F).4s.4p.(3P*)"	"z 6G*"	"7/2"		""	"L4235"	
"608.7493"	"608.74957"	"15000"	"9.3e+04"	C+	"8476.234"	"24898.804"	"3d4.(5D).4s"	"a 4D"	"3/2"	"3d4.(5D).4p"	"y 6F*"	"5/2"		"T9399"	"L15916"	
"608.947"	"608.94824"	"10000"	"7.8e+04"	C	"8413.009"	"24830.221"	"3d4.(5D).4s"	"a 4D"	"1/2"	"3d4.(5D).4p"	"y 6F*"	"3/2"		"T9399"	"L14162"	
"609.0209"	"609.02084"	"8100000"	"2.57e+07"	B+	"8715.747"	"25131.002"	"3d4.(5D).4s"	"a 4D"	"7/2"	"3d4.(5D).4p"	"z 4P*"	"5/2"		"T9627"	"L15916"	
"609.052"	"609.05379"	"910"	""		"8578.542"	"24992.909"	"3d4.(5D).4s"	"a 4D"	"5/2"	"3d4.(5D).4p"	"y 6F*"	"7/2"		""	"L14162"	
"609.3875"	"609.38777"	"15000"	""		"323.432"	"16728.803"	"3d3.4s2"	"a 4F"	"7/2"	"3d3.(4F).4s.4p.(3P*)"	"z 6G*"	"9/2"		""	"L4235"	
"609.7458"	"609.74625"	"45000"	"5.1e+04"	C	"8715.747"	"25111.473"	"3d4.(5D).4s"	"a 4D"	"7/2"	"3d4.(5D).4p"	"y 6F*"	"9/2"		"T9399"	"L9190"	
"610.4653"	"610.46613"	"20000"	""		"8413.009"	"24789.401"	"3d4.(5D).4s"	"a 4D"	"1/2"	"3d4.(5D).4p"	"y 6F*"	"1/2"		""	"L4235"	
"610.6974"	"610.69726"	"160000"	""		"11100.596"	"27470.790"	"3d3.4s2"	"a 2G"	"9/2"	"3d3.(4F).4s.4p.(3P*)"	"z 2F*"	"7/2"		""	"L15916"	
"611.0209"	"611.02218"	"11000"	""		"0.000"	"16361.489"	"3d3.4s2"	"a 4F"	"3/2"	"3d3.(4F).4s.4p.(3P*)"	"z 6G*"	"3/2"		""	"L4235"	
"611.1651"	"611.16506"	"1800000"	"1.66e+07"	B+	"8413.009"	"24770.673"	"3d4.(5D).4s"	"a 4D"	"1/2"	"3d4.(5D).4p"	"z 4P*"	"1/2"		"T4902"	"L15916"	
"611.30248"	"611.30248"	":"	"6.6e+04"	C	"8476.234"	"24830.221"	"3d4.(5D).4s"	"a 4D"	"3/2"	"3d4.(5D).4p"	"y 6F*"	"3/2"		"T9399"	"L18972"	
"611.9528"	"611.95275"	"3800000"	"1.97e+07"	B	"8578.542"	"24915.151"	"3d4.(5D).4s"	"a 4D"	"5/2"	"3d4.(5D).4p"	"z 4P*"	"3/2"		"T4902"	"L15916"	
"612.8332"	"612.83213"	"130000"	""		"8476.234"	"24789.401"	"3d4.(5D).4s"	"a 4D"	"3/2"	"3d4.(5D).4p"	"y 6F*"	"1/2"		""	"L4235"	
"612.8589"	"612.85749"	"17000"	""		"137.383"	"16449.875"	"3d3.4s2"	"a 4F"	"5/2"	"3d3.(4F).4s.4p.(3P*)"	"z 6G*"	"5/2"		""	"L4235"	
"613.5068"	"613.50683"	"240000"	""		"10892.520"	"27187.747"	"3d3.4s2"	"a 2G"	"7/2"	"3d3.(4F).4s.4p.(3P*)"	"z 2F*"	"5/2"		""	"L15916"	
"613.5365"	"613.53650"	"1800000"	"1.53e+07"	B+	"8476.234"	"24770.673"	"3d4.(5D).4s"	"a 4D"	"3/2"	"3d4.(5D).4p"	"z 4P*"	"1/2"		"T4902"	"L15916"	
"615.0153"	"615.01524"	"1400000"	""		"2424.809"	"18680.070"	"3d4.(5D).4s"	"a 6D"	"9/2"	"3d3.(4F).4s.4p.(3P*)"	"z 6F*"	"11/2"		""	"L15916"	
"615.1494"	"615.15080"	"62000"	""		"8578.542"	"24830.221"	"3d4.(5D).4s"	"a 4D"	"5/2"	"3d4.(5D).4p"	"y 6F*"	"3/2"		""	"L4235"	
"615.237"	"615.24442"	"20000"	""		"323.432"	"16572.638"	"3d3.4s2"	"a 4F"	"7/2"	"3d3.(4F).4s.4p.(3P*)"	"z 6G*"	"7/2"		""	"L4235"	
"615.776"	"615.77879"	"3000"	""		"8413.009"	"24648.114"	"3d4.(5D).4s"	"a 4D"	"1/2"	"3d4.(5D).4p"	"z 6P*"	"3/2"		""	"L14162"	
"617.0357"	"617.03571"	"660000"	""		"2311.369"	"18513.403"	"3d4.(5D).4s"	"a 6D"	"7/2"	"3d3.(4F).4s.4p.(3P*)"	"z 6F*"	"9/2"		""	"L15916"	
"617.5577"	"617.55794"	"48000"	""		"23210.560"	"39398.893"	"3d3.(4F).4s.4p.(3P*)"	"z 4F*"	"5/2"	"3d3.4s.(5F).5s"	"f 4F"	"7/2"		""	"L15916"	
"617.74359"	"617.74359"	":"	"7.4e+05"	B	"21101.589"	"37285.057"	"3d4.(3G).4s"	"2G"	"7/2"	"3d4.(3H).4p"	"z 4I*"	"9/2"		"T9399"	"L18972"	
"617.891"	"617.89097"	":"	"1.6e+04"	D	"9824.626"	"26004.234"	"3d3.4s2"	"a 4P"	"5/2"	"3d4.(5D).4p"	"y 4F*"	"5/2"		"T4902"	"L20056"	
"618.1864"	"618.18624"	"44000"	"1.54e+05"	C+	"8476.234"	"24648.114"	"3d4.(5D).4s"	"a 4D"	"3/2"	"3d4.(5D).4p"	"z 6P*"	"3/2"		"T9399"	"L15916"	
"618.9354"	"618.93539"	"180000"	""		"2220.156"	"18372.462"	"3d4.(5D).4s"	"a 6D"	"5/2"	"3d3.(4F).4s.4p.(3P*)"	"z 6F*"	"7/2"		""	"L15916"	
"619.0505"	"619.05064"	"47000"	"8.6e+04"	C+	"8578.542"	"24727.841"	"3d4.(5D).4s"	"a 4D"	"5/2"	"3d4.(5D).4p"	"z 6P*"	"5/2"		"T9399"	"L15916"	
"619.9191"	"619.91910"	"3500000"	"6.0e+05"	B+	"2311.369"	"18438.044"	"3d4.(5D).4s"	"a 6D"	"7/2"	"3d3.(4F).4s.4p.(3P*)"	"z 6D*"	"9/2"		"T9627"	"L15916"	
"620.064"	"620.0636"	"1200*"	""		"25930.544"	"42053.460"	"3d4.(5D).4p"	"y 4F*"	"3/2"	"3d4.(5D).4d"	"e 6P"	"3/2"		""	"L14162"	
"620.064"	"620.06691"	"1200*"	""		"8715.747"	"24838.578"	"3d4.(5D).4s"	"a 4D"	"7/2"	"3d4.(5D).4p"	"z 6P*"	"7/2"		""	"L14162"	
"620.7293"	"620.72900"	"42000"	""		"2153.221"	"18258.855"	"3d4.(5D).4s"	"a 6D"	"3/2"	"3d3.(4F).4s.4p.(3P*)"	"z 6F*"	"5/2"		""	"L15916"	
"621.3865"	"621.38644"	"1000000"	""		"2424.809"	"18513.403"	"3d4.(5D).4s"	"a 6D"	"9/2"	"3d3.(4F).4s.4p.(3P*)"	"z 6F*"	"9/2"		""	"L15916"	
"621.4748"	"621.47509"	"66000"	"1.24e+06"	C+	"21275.652"	"37361.951"	"3d4.(3G).4s"	"2G"	"9/2"	"3d4.(3H).4p"	"v 2G*"	"9/2"		"T9399"	"L15916"	
"621.6364"	"621.63643"	"3500000"	"9.9e+05"	B+	"2220.156"	"18302.280"	"3d4.(5D).4s"	"a 6D"	"5/2"	"3d3.(4F).4s.4p.(3P*)"	"z 6D*"	"7/2"		"T9627"	"L15916"	
"621.8299"	"621.83007"	"110000"	""		"23519.872"	"39596.988"	"3d3.(4F).4s.4p.(3P*)"	"z 4F*"	"9/2"	"3d3.4s.(5F).5s"	"f 4F"	"9/2"		""	"L15916"	
"621.9853"	"621.98536"	"29000"	""		"21101.589"	"37174.691"	"3d4.(3G).4s"	"2G"	"7/2"	"3d4.(3H).4p"	"v 2G*"	"7/2"		""	"L15916"	
"622.1218"	"622.12200"	"78000"	"2.43e+05"	B	"8578.542"	"24648.114"	"3d4.(5D).4s"	"a 4D"	"5/2"	"3d4.(5D).4p"	"z 6P*"	"3/2"		"T9399"	"L15916"	
"622.4504"	"622.45043"	"1000000"	""		"2311.369"	"18372.462"	"3d4.(5D).4s"	"a 6D"	"7/2"	"3d3.(4F).4s.4p.(3P*)"	"z 6F*"	"7/2"		""	"L15916"	
"623.0454"	"623.04531"	"230000"	""		"23353.135"	"39398.893"	"3d3.(4F).4s.4p.(3P*)"	"z 4F*"	"7/2"	"3d3.4s.(5F).5s"	"f 4F"	"7/2"		""	"L15916"	
"623.0798"	"623.07980"	"3400000"	"1.22e+06"	B+	"2153.221"	"18198.091"	"3d4.(5D).4s"	"a 6D"	"3/2"	"3d3.(4F).4s.4p.(3P*)"	"z 6D*"	"5/2"		"T9399"	"L15916"	
"623.3017"	"623.30185"	"120000"	""		"23088.074"	"39127.228"	"3d3.(4F).4s.4p.(3P*)"	"z 4F*"	"3/2"	"3d3.4s.(5F).5s"	"f 4F"	"3/2"		""	"L15916"	
"623.3195"	"623.31953"	"780000"	""		"2220.156"	"18258.855"	"3d4.(5D).4s"	"a 6D"	"5/2"	"3d3.(4F).4s.4p.(3P*)"	"z 6F*"	"5/2"		""	"L15916"	
"623.6260"	"623.62574"	"150000"	""		"23210.560"	"39241.384"	"3d3.(4F).4s.4p.(3P*)"	"z 4F*"	"5/2"	"3d3.4s.(5F).5s"	"f 4F"	"5/2"		""	"L15916"	
"623.8248"	"623.82455"	"67000"	""		"20789.112"	"36814.827"	"3d4.(3D).4s"	"b 4D"	"5/2"	"3d3.(2D2).4s.4p.(3P*)"	"x 4P*"	"3/2"		""	"L15916"	
"624.0139"	"624.01387"	"430000"	""		"2153.221"	"18174.074"	"3d4.(5D).4s"	"a 6D"	"3/2"	"3d3.(4F).4s.4p.(3P*)"	"z 6F*"	"3/2"		""	"L15916"	
"624.2821"	"624.28216"	"1300000"	"1.13e+06"	B+	"2112.282"	"18126.250"	"3d4.(5D).4s"	"a 6D"	"1/2"	"3d3.(4F).4s.4p.(3P*)"	"z 6D*"	"3/2"		"T9627"	"L15916"	
"624.3107"	"624.31073"	"5500000"	"1.94e+06"	B+	"2424.809"	"18438.044"	"3d4.(5D).4s"	"a 6D"	"9/2"	"3d3.(4F).4s.4p.(3P*)"	"z 6D*"	"9/2"		"T9627"	"L15916"	
"624.3556"	"624.35522"	"120000"	""		"8715.747"	"24727.841"	"3d4.(5D).4s"	"a 4D"	"7/2"	"3d4.(5D).4p"	"z 6P*"	"5/2"		""	"L15916"	
"624.5218"	"624.52185"	"270000"	""		"2112.282"	"18120.104"	"3d4.(5D).4s"	"a 6D"	"1/2"	"3d3.(4F).4s.4p.(3P*)"	"z 6F*"	"1/2"		""	"L15916"	
"624.754"	"624.76004"	"53000h"	""		"20813.108"	"36814.827"	"3d4.(3D).4s"	"b 4D"	"3/2"	"3d3.(2D2).4s.4p.(3P*)"	"x 4P*"	"3/2"		""	"L14162"	
"625.0771"	"625.07735"	"37000"	""		"18372.462"	"34366.058"	"3d3.(4F).4s.4p.(3P*)"	"z 6F*"	"7/2"	"3d5"	"c 4D"	"7/2"		""	"L15916"	
"625.1822"	"625.18231"	"2200000"	"9.0e+05"	B+	"2311.369"	"18302.280"	"3d4.(5D).4s"	"a 6D"	"7/2"	"3d3.(4F).4s.4p.(3P*)"	"z 6D*"	"7/2"		"T9627"	"L15916"	
"625.6900"	"625.69003"	"660000"	"2.73e+05"	B+	"2220.156"	"18198.091"	"3d4.(5D).4s"	"a 6D"	"5/2"	"3d3.(4F).4s.4p.(3P*)"	"z 6D*"	"5/2"		"T9399"	"L15916"	
"625.8571"	"625.85710"	"670000"	"7.3e+05"	B+	"2112.282"	"18085.952"	"3d4.(5D).4s"	"a 6D"	"1/2"	"3d3.(4F).4s.4p.(3P*)"	"z 6D*"	"1/2"		"T9627"	"L15916"	
"626.1232"	"626.12313"	"430000"	""		"2153.221"	"18120.104"	"3d4.(5D).4s"	"a 6D"	"3/2"	"3d3.(4F).4s.4p.(3P*)"	"z 6F*"	"1/2"		""	"L15916"	
"626.6319"	"626.63195"	"660000"	""		"2220.156"	"18174.074"	"3d4.(5D).4s"	"a 6D"	"5/2"	"3d3.(4F).4s.4p.(3P*)"	"z 6F*"	"3/2"		""	"L15916"	
"626.8178"	"626.81815"	"22000"	""		"26437.754"	"42386.933"	"3d4.(5D).4p"	"y 6D*"	"3/2"	"3d4.(5D).4d"	"f 6D"	"5/2"		""	"L15916"	
"626.8272"	"626.82695"	"37000"	""		"26604.807&dagger;"	"42553.762"	"3d4.(5D).4p"	"y 6D*"	"7/2"	"3d4.(5D).4d"	"f 6D"	"9/2"		""	"L15916"	
"627.1562"	"627.1564"	"63000"	""		"26505.953"	"42446.531"	"3d4.(5D).4p"	"y 6D*"	"5/2"	"3d4.(5D).4d"	"f 6D"	"7/2"		""	"L15916"	
"627.3686"	"627.36936"	"110000"	""		"21275.652"	"37210.818"	"3d4.(3G).4s"	"2G"	"9/2"	"3d3.(2H).4s.4p.(3P*)"	"y 2H*"	"11/2"		""	"L15916"	
"627.4652"	"627.46524"	"1300000"	"1.71e+06"	B+	"2153.221"	"18085.952"	"3d4.(5D).4s"	"a 6D"	"3/2"	"3d3.(4F).4s.4p.(3P*)"	"z 6D*"	"1/2"		"T9627"	"L15916"	
"628.0976"	"628.09848"	"50000"	""		"23210.560"	"39127.228"	"3d3.(4F).4s.4p.(3P*)"	"z 4F*"	"5/2"	"3d3.4s.(5F).5s"	"f 4F"	"3/2"		""	"L15916"	
"628.232"	"628.23296"	"81000bl"	"1.5e+06"	C	"17242.070"	"33155.331"	"3d4.(3G).4s"	"a 4G"	"11/2"	"3d3.(4F).4s.4p.(1P*)"	"w 4F*"	"9/2"		"T9399"	"L15916"	
"628.5160"	"628.51603"	"1600000"	"1.28e+06"	B+	"2220.156"	"18126.250"	"3d4.(5D).4s"	"a 6D"	"5/2"	"3d3.(4F).4s.4p.(3P*)"	"z 6D*"	"3/2"		"T9399"	"L15916"	
"628.6896"	"628.68986"	"100000"	"2.8e+07"	C	"26604.807&dagger;"	"42506.503"	"3d4.(5D).4p"	"y 6D*"	"7/2"	"3d4.(5D).4d"	"f 6F"	"9/2"		"u38"	"L15916"	
"628.7463"	"628.7463"	"29000"	""		"26437.754"	"42338.022"	"3d4.(5D).4p"	"y 6D*"	"3/2"	"3d4.(5D).4d"	"f 6D"	"3/2"		""	"L15916"	
"629.1889"	"629.18901"	"48000"	""		"26397.633"	"42286.714"	"3d4.(5D).4p"	"y 6D*"	"1/2"	"3d4.(5D).4d"	"f 6F"	"3/2"		""	"L15916"	
"629.2218"	"629.22196"	"39000"	""		"23353.135"	"39241.384"	"3d3.(4F).4s.4p.(3P*)"	"z 4F*"	"7/2"	"3d3.4s.(5F).5s"	"f 4F"	"5/2"		""	"L15916"	
"629.2824"	"629.28244"	"1600000"	"9.6e+05"	B+	"2311.369"	"18198.091"	"3d4.(5D).4s"	"a 6D"	"7/2"	"3d3.(4F).4s.4p.(3P*)"	"z 6D*"	"5/2"		"T9627"	"L15916"	
"629.4489"	"629.44956"	"35000"	""		"20813.108"	"36695.612"	"3d4.(3D).4s"	"b 4D"	"3/2"	"3d3.(2D2).4s.4p.(3P*)"	"x 4P*"	"1/2"		""	"L15916"	
"629.5102"	"629.50997"	"56000"	""		"26505.953"	"42386.933"	"3d4.(5D).4p"	"y 6D*"	"5/2"	"3d4.(5D).4d"	"f 6D"	"5/2"		""	"L15916"	
"629.5230"	"629.52309"	"74000"	""		"26437.754"	"42318.403"	"3d4.(5D).4p"	"y 6D*"	"3/2"	"3d4.(5D).4d"	"f 6F"	"5/2"		""	"L15916"	
"629.5879"	"629.58763"	"33000"	""		"23519.872"	"39398.893"	"3d3.(4F).4s.4p.(3P*)"	"z 4F*"	"9/2"	"3d3.4s.(5F).5s"	"f 4F"	"7/2"		""	"L15916"	
"629.6490"	"629.64909"	"1300000"	"5.4e+05"	B+	"2424.809"	"18302.280"	"3d4.(5D).4s"	"a 6D"	"9/2"	"3d3.(4F).4s.4p.(3P*)"	"z 6D*"	"7/2"		"T9627"	"L15916"	
"629.8467"	"629.8463"	"34000"	""		"26397.633"	"42270.132"	"3d4.(5D).4p"	"y 6D*"	"1/2"	"3d4.(5D).4d"	"f 6D"	"1/2"		""	"L15916"	
"630.1299"	"630.1299"	"49000"	""		"26397.633"	"42262.990"	"3d4.(5D).4p"	"y 6D*"	"1/2"	"3d4.(5D).4d"	"f 6F"	"1/2"		""	"L15916"	
"630.20991"	"630.20991"	":"	"4.1e+04"	D+	"15000.937"	"30864.279"	"3d4.(3H).4s"	"a 4H"	"11/2"	"3d3.(2G).4s.4p.(3P*)"	"y 4G*"	"11/2"		"T9399"	"L18972"	
"630.4286"	"630.42868"	"110000"	"2.5e+07"	C	"26505.953"	"42363.790"	"3d4.(5D).4p"	"y 6D*"	"5/2"	"3d4.(5D).4d"	"f 6F"	"7/2"		"u38"	"L15916"	
"630.650"	"630.64869"	"3900"	""		"15688.862"	"31541.167"	"3d4.(3F2).4s"	"b 4F"	"5/2"	"3d3.(4F).4s.4p.(1P*)"	"x 4G*"	"7/2"		""	"L14162"	
"630.7816"	"630.78179"	"20000"	""		"26437.754"	"42286.714"	"3d4.(5D).4p"	"y 6D*"	"3/2"	"3d4.(5D).4d"	"f 6F"	"3/2"		""	"L15916"	
"630.9697"	"630.96986"	"170000"	""		"20767.609"	"36611.845"	"3d4.(3D).4s"	"b 4D"	"7/2"	"3d3.(2D2).4s.4p.(3P*)"	"x 4P*"	"5/2"		""	"L15916"	
"631.0701"	"631.0699"	"63000"	""		"26604.807&dagger;"	"42446.531"	"3d4.(5D).4p"	"y 6D*"	"7/2"	"3d4.(5D).4d"	"f 6D"	"7/2"		""	"L15916"	
"631.1477"	"631.14776"	"99000"	"2.8e+07"	C	"26738.323"	"42578.093"	"3d4.(5D).4p"	"y 6D*"	"9/2"	"3d4.(5D).4d"	"f 6F"	"11/2"		"u38"	"L15916"	
"631.7271"	"631.7274"	"30000"	""		"26437.754"	"42262.990"	"3d4.(5D).4p"	"y 6D*"	"3/2"	"3d4.(5D).4d"	"f 6F"	"1/2"		""	"L15916"	
"632.1185"	"632.11875"	"67000"	"2.9e+07"	C	"26738.323"	"42553.762"	"3d4.(5D).4p"	"y 6D*"	"9/2"	"3d4.(5D).4d"	"f 6D"	"9/2"		"u38"	"L15916"	
"632.3747"	"632.3748"	"23000"	""		"24778.321"	"40587.356"	"3d3.4s2"	"2F"	"7/2"	"3d4.(3G).4p"	"2F*"	"7/2"		""	"L15916"	
"632.4645"	"632.46535"	"67000"	"1.17e+06"	C	"17182.073"	"32988.845"	"3d4.(3G).4s"	"a 4G"	"9/2"	"3d3.(4F).4s.4p.(1P*)"	"w 4F*"	"7/2"		"T9399"	"L15916"	
"632.6839"	"632.68357"	"360000"	"2.4e+06"	C+	"15062.959"	"30864.279"	"3d4.(3H).4s"	"a 4H"	"13/2"	"3d3.(2G).4s.4p.(3P*)"	"y 4G*"	"11/2"		"T9399"	"L15916"	
"633.3627"	"633.36234"	"14000"	""		"14909.958"	"30694.344"	"3d4.(3H).4s"	"a 4H"	"7/2"	"3d3.(2G).4s.4p.(3P*)"	"y 4G*"	"7/2"		""	"L15916"	
"633.5081"	"633.50783"	"6800"	""		"26505.953"	"42286.714"	"3d4.(5D).4p"	"y 6D*"	"5/2"	"3d4.(5D).4d"	"f 6F"	"3/2"		""	"L15916"	
"633.9082"	"633.90817"	"280000"	"2.2e+06"	C+	"15000.937"	"30771.732"	"3d4.(3H).4s"	"a 4H"	"11/2"	"3d3.(2G).4s.4p.(3P*)"	"y 4G*"	"9/2"		"T9399"	"L15916"	
"634.0135"	"634.0133"	"24000"	""		"26738.323"	"42506.503"	"3d4.(5D).4p"	"y 6D*"	"9/2"	"3d4.(5D).4d"	"f 6F"	"9/2"		""	"L15916"	
"634.3955"	"634.39503"	"25000"	"1.13e+06"	C+	"21603.259"	"37361.951"	"3d4.(1G2).4s"	"b 2G"	"9/2"	"3d4.(3H).4p"	"v 2G*"	"9/2"		"T9399"	"L15916"	
"634.9473"	"634.94731"	"260000"	"2.3e+06"	C+	"14949.359"	"30694.344"	"3d4.(3H).4s"	"a 4H"	"9/2"	"3d3.(2G).4s.4p.(3P*)"	"y 4G*"	"7/2"		"T9399"	"L15916"	
"635.431"	"635.43015"	"8600"	""		"15664.801"	"31397.822"	"3d4.(3F2).4s"	"b 4F"	"3/2"	"3d3.(4F).4s.4p.(1P*)"	"x 4G*"	"5/2"		""	"L14162"	
"635.5571"	"635.55724"	"68000"	"1.05e+06"	C	"17116.947"	"32846.822"	"3d4.(3G).4s"	"a 4G"	"7/2"	"3d3.(4F).4s.4p.(1P*)"	"w 4F*"	"5/2"		"T9399"	"L15916"	
"635.7291"	"635.72913"	"260000"	"2.4e+06"	C	"14909.958"	"30635.580"	"3d4.(3H).4s"	"a 4H"	"7/2"	"3d3.(2G).4s.4p.(3P*)"	"y 4G*"	"5/2"		"T9399"	"L15916"	
""	"635.78545"	""	"4.0e-02"	D+	"0.000"	"15724.229"	"3d3.4s2"	"a 4F"	"3/2"	"3d4.(3F2).4s"	"b 4F"	"7/2"	E2	"u38"	""	
"635.8815"	"635.88149"	"120000"	""		"17242.070"	"32963.924"	"3d4.(3G).4s"	"a 4G"	"11/2"	"3d3.(2H).4s.4p.(3P*)"	"z 4H*"	"13/2"		""	"L15916"	
"636.1254"	"636.12544"	"170000"	""		"17182.073"	"32897.898"	"3d4.(3G).4s"	"a 4G"	"9/2"	"3d3.(2H).4s.4p.(3P*)"	"z 4H*"	"11/2"		""	"L15916"	
"636.2158"	"636.21567"	"13000"	""		"26604.807&dagger;"	"42318.403"	"3d4.(5D).4p"	"y 6D*"	"7/2"	"3d4.(5D).4d"	"f 6F"	"5/2"		""	"L15916"	
"636.9233"	"636.92343"	"15000"	""		"21646.420"	"37342.555"	"3d4.(1G2).4s"	"b 2G"	"7/2"	"3d3.(2D2).4s.4p.(3P*)"	"w 2F*"	"5/2"		""	"L15916"	
""	"637.21869"	""	"3.9e-01"	D+	"0.000"	"15688.862"	"3d3.4s2"	"a 4F"	"3/2"	"3d4.(3F2).4s"	"b 4F"	"5/2"	E2	"u38"	""	
"637.450"	"637.44850"	"19000bl"	"1.9e+06"	D+	"17054.924"	"32738.130"	"3d4.(3G).4s"	"a 4G"	"5/2"	"3d3.(4F).4s.4p.(1P*)"	"w 4F*"	"3/2"		"T9399"	"L15916"	
"637.9121"	"637.9120"	"15000"	""		"26437.754"	"42109.564"	"3d4.(5D).4p"	"y 6D*"	"3/2"	"3d4.(5D).4d"	"e 6P"	"5/2"		""	"L15916"	
"637.9354"	"637.93548"	"110000"	""		"17116.947"	"32788.181"	"3d4.(3G).4s"	"a 4G"	"7/2"	"3d3.(2H).4s.4p.(3P*)"	"z 4H*"	"9/2"		""	"L15916"	
""	"638.19746"	""	"4.8e-01"	D+	"0.000"	"15664.801"	"3d3.4s2"	"a 4F"	"3/2"	"3d4.(3F2).4s"	"b 4F"	"3/2"	E2	"u38"	""	
"638.4375"	"638.43772"	"21000"	""		"26505.953"	"42164.859"	"3d4.(5D).4p"	"y 6D*"	"5/2"	"3d4.(5D).4d"	"e 6P"	"7/2"		""	"L15916"	
"638.5634"	"638.56324"	"22000*"	""		"17242.070"	"32897.898"	"3d4.(3G).4s"	"a 4G"	"11/2"	"3d3.(2H).4s.4p.(3P*)"	"z 4H*"	"11/2"		""	"L15916"	
"638.5634"	"638.56329"	"22000*"	""		"26397.633"	"42053.460"	"3d4.(5D).4p"	"y 6D*"	"1/2"	"3d4.(5D).4d"	"e 6P"	"3/2"		""	"L15916"	
"639.3272"	"639.32730"	"68000"	""		"17054.924"	"32692.042"	"3d4.(3G).4s"	"a 4G"	"5/2"	"3d3.(2H).4s.4p.(3P*)"	"z 4H*"	"7/2"		""	"L15916"	
""	"639.47910"	""	"2.4e-02"	D+	"137.383"	"15770.789"	"3d3.4s2"	"a 4F"	"5/2"	"3d4.(3F2).4s"	"b 4F"	"9/2"	E2	"u38"	""	
"639.8042"	"639.80401"	"21000"	""		"26738.323"	"42363.790"	"3d4.(5D).4p"	"y 6D*"	"9/2"	"3d4.(5D).4d"	"f 6F"	"7/2"		""	"L15916"	
"640.5975"	"640.59768"	"24000"	""		"17182.073"	"32788.181"	"3d4.(3G).4s"	"a 4G"	"9/2"	"3d3.(2H).4s.4p.(3P*)"	"z 4H*"	"9/2"		""	"L15916"	
"640.6999"	"640.70019"	"14000"	""		"26505.953"	"42109.564"	"3d4.(5D).4p"	"y 6D*"	"5/2"	"3d4.(5D).4d"	"e 6P"	"5/2"		""	"L15916"	
"641.1273"	"641.12752"	"16000"	""		"15724.229"	"31317.440"	"3d4.(3F2).4s"	"b 4F"	"7/2"	"3d3.(2G).4s.4p.(3P*)"	"x 4F*"	"9/2"		""	"L15916"	
""	"641.38933"	""	"3.8e-01"	C+	"137.383"	"15724.229"	"3d3.4s2"	"a 4F"	"5/2"	"3d4.(3F2).4s"	"b 4F"	"7/2"	E2	"u38"	""	
"641.7036"	"641.70292"	"19000"	""		"15688.862"	"31268.091"	"3d4.(3F2).4s"	"b 4F"	"5/2"	"3d3.(2G).4s.4p.(3P*)"	"x 4F*"	"7/2"		""	"L15916"	
"641.8730"	"641.87324"	"13000"	""		"17116.947"	"32692.042"	"3d4.(3G).4s"	"a 4G"	"7/2"	"3d3.(2H).4s.4p.(3P*)"	"z 4H*"	"7/2"		""	"L15916"	
"642.023"	"642.02424"	"22000"	""		"21603.259"	"37174.691"	"3d4.(1G2).4s"	"b 2G"	"9/2"	"3d4.(3H).4p"	"v 2G*"	"7/2"		""	"L14162"	
"642.3218"	"642.32202"	"18000"	""		"15664.801"	"31229.014"	"3d4.(3F2).4s"	"b 4F"	"3/2"	"3d3.(2G).4s.4p.(3P*)"	"x 4F*"	"5/2"		""	"L15916"	
"642.4940"	"642.49379"	"22000"	""		"26604.807&dagger;"	"42164.859"	"3d4.(5D).4p"	"y 6D*"	"7/2"	"3d4.(5D).4d"	"e 6P"	"7/2"		""	"L15916"	
""	"642.84798"	""	"2.0e-01"	D+	"137.383"	"15688.862"	"3d3.4s2"	"a 4F"	"5/2"	"3d4.(3F2).4s"	"b 4F"	"5/2"	E2	"u38"	""	
"643.0476"	"643.04762"	"180000"	""		"15770.789"	"31317.440"	"3d4.(3F2).4s"	"b 4F"	"9/2"	"3d3.(2G).4s.4p.(3P*)"	"x 4F*"	"9/2"		""	"L15916"	
"643.1628"	"643.16300"	"120000"	""		"15724.229"	"31268.091"	"3d4.(3F2).4s"	"b 4F"	"7/2"	"3d3.(2G).4s.4p.(3P*)"	"x 4F*"	"7/2"		""	"L15916"	
"643.3167"	"643.31655"	"71000"	""		"15688.862"	"31229.014"	"3d4.(3F2).4s"	"b 4F"	"5/2"	"3d3.(2G).4s.4p.(3P*)"	"x 4F*"	"5/2"		""	"L15916"	
"643.5154"	"643.51536"	"56000"	""		"15664.801"	"31200.152"	"3d4.(3F2).4s"	"b 4F"	"3/2"	"3d3.(2G).4s.4p.(3P*)"	"x 4F*"	"3/2"		""	"L15916"	
"643.80890"	"643.80876"	"2200"	""		"21646.420"	"37174.691"	"3d4.(1G2).4s"	"b 2G"	"7/2"	"3d4.(3H).4p"	"v 2G*"	"7/2"		""	"L9905"	
""	"643.84413"	""	"4.5e-01"	D+	"137.383"	"15664.801"	"3d3.4s2"	"a 4F"	"5/2"	"3d4.(3F2).4s"	"b 4F"	"3/2"	E2	"u38"	""	
"644.5134"	"644.51358"	"17000"	""		"15688.862"	"31200.152"	"3d4.(3F2).4s"	"b 4F"	"5/2"	"3d3.(2G).4s.4p.(3P*)"	"x 4F*"	"3/2"		""	"L15916"	
"644.7841"	"644.78399"	"31000*"	""		"15724.229"	"31229.014"	"3d4.(3F2).4s"	"b 4F"	"7/2"	"3d3.(2G).4s.4p.(3P*)"	"x 4F*"	"5/2"		""	"L15916"	
"644.7841"	"644.78515"	"31000*"	""		"26604.807&dagger;"	"42109.564"	"3d4.(5D).4p"	"y 6D*"	"7/2"	"3d4.(5D).4d"	"e 6P"	"5/2"		""	"L15916"	
"645.0957"	"645.09533"	"12000"	""		"15770.789"	"31268.091"	"3d4.(3F2).4s"	"b 4F"	"9/2"	"3d3.(2G).4s.4p.(3P*)"	"x 4F*"	"7/2"		""	"L4235"	
"645.2344"	"645.23435"	"440000"	"1.66e+06"	B+	"9637.039"	"25131.002"	"3d3.4s2"	"a 4P"	"3/2"	"3d4.(5D).4p"	"z 4P*"	"5/2"		"T4902"	"L15916"	
"646.4040"	"646.4056"	"8300bl"	""		"24859.901"	"40325.790"	"3d3.4s2"	"2F"	"5/2"	"3d4.(3G).4p"	"2F*"	"5/2"		""	"L15916"	
"646.6987"	"646.69876"	"15000"	""		"8476.234"	"23935.112"	"3d4.(5D).4s"	"a 4D"	"3/2"	"3d3.(4F).4s.4p.(3P*)"	"z 2D*"	"5/2"		""	"L15916"	
"646.970"	"646.97063"	":"	"2.0e+04"	D	"10892.520"	"26344.902"	"3d3.4s2"	"a 2G"	"7/2"	"3d3.(4F).4s.4p.(3P*)"	"z 2G*"	"9/2"		"T4902"	"L20056"	
""	"647.18109"	""	"2.9e-01"	C+	"323.432"	"15770.789"	"3d3.4s2"	"a 4F"	"7/2"	"3d4.(3F2).4s"	"b 4F"	"9/2"	E2	"u38"	""	
""	"647.71382"	""	"7.1e-02"	D+	"137.383"	"15572.035"	"3d3.4s2"	"a 4F"	"5/2"	"3d4.(3P2).4s"	"b 4P"	"5/2"	E2	"u38"	""	
"648.052"	"648.05459"	"35000h"	""		"26738.323"	"42164.859"	"3d4.(5D).4p"	"y 6D*"	"9/2"	"3d4.(5D).4d"	"e 6P"	"7/2"		""	"L14162"	
"648.8056"	"648.80579"	"50000"	"1.5e+06"	C	"19078.112"	"34486.787"	"3d4.(3F2).4s"	"a 2F"	"7/2"	"3d3.(2D2).4s.4p.(3P*)"	"4F*"	"5/2"		"T9399"	"L15916"	
"649.0680"	"649.06814"	"24000"	"1.2e+06"	C	"19026.326"	"34428.773"	"3d4.(3F2).4s"	"a 2F"	"5/2"	"3d3.(2D2).4s.4p.(3P*)"	"4F*"	"3/2"		"T9399"	"L15916"	
""	"649.13768"	""	"2.8e-01"	D+	"323.432"	"15724.229"	"3d3.4s2"	"a 4F"	"7/2"	"3d4.(3F2).4s"	"b 4F"	"7/2"	E2	"u38"	""	
"650.4166"	"650.41653"	"340000"	"2.12e+06"	B	"9544.635"	"24915.151"	"3d3.4s2"	"a 4P"	"1/2"	"3d4.(5D).4p"	"z 4P*"	"3/2"		"T4902"	"L15916"	
""	"650.63183"	""	"3.5e-01"	D+	"323.432"	"15688.862"	"3d3.4s2"	"a 4F"	"7/2"	"3d4.(3F2).4s"	"b 4F"	"5/2"	E2	"u38"	""	
"650.8749"	"650.87484"	"44000"	""		"21101.589"	"36461.282"	"3d4.(3G).4s"	"2G"	"7/2"	"3d4.(3F2).4p"	"2G*"	"7/2"		""	"L15916"	
"651.008"	"651.00721"	"1400"	""		"8578.542"	"23935.112"	"3d4.(5D).4s"	"a 4D"	"5/2"	"3d3.(4F).4s.4p.(3P*)"	"z 2D*"	"5/2"		""	"L14162"	
""	"651.65227"	""	"5.4e-02"	D+	"323.432"	"15664.801"	"3d3.4s2"	"a 4F"	"7/2"	"3d4.(3F2).4s"	"b 4F"	"3/2"	E2	"u38"	""	
"651.6722"	"651.67232"	"3700"	""		"24778.321"	"40119.218&dagger;"	"3d3.4s2"	"2F"	"7/2"	"3d4.(3P2).4p"	"v 2D*"	"5/2"		""	"L15916"	
"652.4495"	"652.44905"	"20000"	""		"21603.259"	"36925.893&dagger;"	"3d4.(1G2).4s"	"b 2G"	"9/2"	"3d4.(3F2).4p"	"x 2F*"	"7/2"		""	"L15916"	
"653.1421"	"653.14207"	"680000"	"3.99e+06"	B+	"9824.626"	"25131.002"	"3d3.4s2"	"a 4P"	"5/2"	"3d4.(5D).4p"	"z 4P*"	"5/2"		"T9627c97"	"L15916"	
"654.3502"	"654.35037"	"180000"	"7.8e+05"	B	"9637.039"	"24915.151"	"3d3.4s2"	"a 4P"	"3/2"	"3d4.(5D).4p"	"z 4P*"	"3/2"		"T4902"	"L15916"	
""	"654.67303"	""	"1.5e-01"	D+	"0.000"	"15270.582"	"3d3.4s2"	"a 4F"	"3/2"	"3d4.(3P2).4s"	"b 4P"	"3/2"	E2	"u38"	""	
"655.0017"	"655.00181"	"35000"	"1.12e+06"	C+	"21275.652"	"36538.569"	"3d4.(3G).4s"	"2G"	"9/2"	"3d4.(3F2).4p"	"2G*"	"9/2"		"T9399"	"L15916"	
""	"655.61667"	""	"3.0e-01"	D+	"323.432"	"15572.035"	"3d3.4s2"	"a 4F"	"7/2"	"3d4.(3P2).4s"	"b 4P"	"5/2"	E2	"u38"	""	
"655.8018"	"655.80147"	"100000"	"1.92e+05"	C+	"11100.596"	"26344.902"	"3d3.4s2"	"a 2G"	"9/2"	"3d3.(4F).4s.4p.(3P*)"	"z 2G*"	"9/2"		"T9399"	"L15916"	
"656.00872"	"656.00872"	":"	"2.3e+05"	D+	"19189.283"	"34428.773"	"3d4.(3P2).4s"	"b 2P"	"3/2"	"3d3.(2D2).4s.4p.(3P*)"	"4F*"	"3/2"		"T9399"	"L18972"	
"656.4360"	"656.43585"	"6500"	""		"10892.520"	"26122.094&dagger;"	"3d3.4s2"	"a 2G"	"7/2"	"3d4.(5D).4p"	"y 4F*"	"7/2"		""	"L15916"	
"656.5883"	"656.58830"	"69000"	"6.4e+05"	B+	"9544.635"	"24770.673"	"3d3.4s2"	"a 4P"	"1/2"	"3d4.(5D).4p"	"z 4P*"	"1/2"		"T4902"	"L15916"	
"656.8761"	"656.87619"	"13000"	""		"8715.747"	"23935.112"	"3d4.(5D).4s"	"a 4D"	"7/2"	"3d3.(4F).4s.4p.(3P*)"	"z 2D*"	"5/2"		""	"L15916"	
""	"656.94227"	""	"5.7e-01"	C+	"552.955"	"15770.789"	"3d3.4s2"	"a 4F"	"9/2"	"3d4.(3F2).4s"	"b 4F"	"9/2"	E2	"u38"	""	
"657.8968"	"657.89676"	"24000"	""		"8413.009"	"23608.765"	"3d4.(5D).4s"	"a 4D"	"1/2"	"3d3.(4F).4s.4p.(3P*)"	"z 2D*"	"3/2"		""	"L15916"	
""	"658.95842"	""	"2.2e-01"	D+	"552.955"	"15724.229"	"3d3.4s2"	"a 4F"	"9/2"	"3d4.(3F2).4s"	"b 4F"	"7/2"	E2	"u38"	""	
"660.5974"	"660.59737"	"310000"	"3.65e+06"	B+	"9637.039"	"24770.673"	"3d3.4s2"	"a 4P"	"3/2"	"3d4.(5D).4p"	"z 4P*"	"1/2"		"T9627"	"L15916"	
""	"660.61636"	""	"4.5e-01"	D+	"137.383"	"15270.582"	"3d3.4s2"	"a 4F"	"5/2"	"3d4.(3P2).4s"	"b 4P"	"3/2"	E2	"u38"	""	
"660.645"	"660.64553"	"6500bl"	""		"8476.234"	"23608.765"	"3d4.(5D).4s"	"a 4D"	"3/2"	"3d3.(4F).4s.4p.(3P*)"	"z 2D*"	"3/2"		""	"L15916"	
"660.7828"	"660.78281"	"91000"	"2.0e+05"	C+	"10892.520"	"26021.907"	"3d3.4s2"	"a 2G"	"7/2"	"3d3.(4F).4s.4p.(3P*)"	"z 2G*"	"7/2"		"T9399"	"L15916"	
"661.211"	"661.20963"	"6900bl"	""		"21646.420"	"36766.041"	"3d4.(1G2).4s"	"b 2G"	"7/2"	"3d4.(3F2).4p"	"x 2F*"	"5/2"		""	"L15916"	
"661.91631"	"661.91631"	":"	"4.1e+04"	C+	"9544.635"	"24648.114"	"3d3.4s2"	"a 4P"	"1/2"	"3d4.(5D).4p"	"z 6P*"	"3/2"		"T9399"	"L18972"	
"662.3543"	"662.35437"	"52000"	"1.9e+05"	C+	"15770.789"	"30864.279"	"3d4.(3F2).4s"	"b 4F"	"9/2"	"3d3.(2G).4s.4p.(3P*)"	"y 4G*"	"11/2"		"T9399"	"L15916"	
"662.4844"	"662.48451"	"310000"	"1.89e+06"	B	"9824.626"	"24915.151"	"3d3.4s2"	"a 4P"	"5/2"	"3d4.(5D).4p"	"z 4P*"	"3/2"		"T4902"	"L15916"	
"662.5174"	"662.51766"	"16000"	""		"19078.112"	"34167.882"	"3d4.(3F2).4s"	"a 2F"	"7/2"	"3d3.(2P).4s.4p.(3P*)"	"2D*"	"5/2"		""	"L15916"	
""	"663.01781"	""	"7.3e-01"	D+	"0.000"	"15078.387"	"3d3.4s2"	"a 4F"	"3/2"	"3d4.(3P2).4s"	"b 4P"	"1/2"	E2	"u38"	""	
"663.3284"	"663.32862"	"78000"	"1.00e+05"	C+	"11100.596"	"26171.918"	"3d3.4s2"	"a 2G"	"9/2"	"3d4.(5D).4p"	"y 4F*"	"9/2"		"T9399"	"L15916"	
"664.3786"	"664.37862"	"67000"	"2.2e+05"	C	"15724.229"	"30771.732"	"3d4.(3F2).4s"	"b 4F"	"7/2"	"3d3.(2G).4s.4p.(3P*)"	"y 4G*"	"9/2"		"T9399"	"L15916"	
""	"665.63594"	""	"8.6e-01"	C+	"552.955"	"15572.035"	"3d3.4s2"	"a 4F"	"9/2"	"3d4.(3P2).4s"	"b 4P"	"5/2"	E2	"u38"	""	
"665.7635"	"665.76369"	"13000"	"2.6e+05"	C	"15078.387"	"30094.585"	"3d4.(3P2).4s"	"b 4P"	"1/2"	"3d3.(4P).4s.4p.(3P*)"	"y 4P*"	"3/2"		"T9399"	"L15916"	
"666.2389"	"666.23915"	"30000"	"1.5e+05"	C+	"15688.862"	"30694.344"	"3d4.(3F2).4s"	"b 4F"	"5/2"	"3d3.(2G).4s.4p.(3P*)"	"y 4G*"	"7/2"		"T9399"	"L15916"	
"667.782"	"667.78353"	"21000"	""		"15664.801"	"30635.580"	"3d4.(3F2).4s"	"b 4F"	"3/2"	"3d3.(2G).4s.4p.(3P*)"	"y 4G*"	"5/2"		""	"L14162"	
""	"667.97887"	""	"8.e-03"	E	"137.383"	"15103.784"	"3d3.4s2"	"a 4F"	"5/2"	"3d3.4s2"	"a 2H"	"9/2"	E2	"u38"	""	
""	"668.83920"	""	"6.0e-01"	C+	"323.432"	"15270.582"	"3d3.4s2"	"a 4F"	"7/2"	"3d4.(3P2).4s"	"b 4P"	"3/2"	E2	"u38"	""	
""	"669.09659"	""	"3.e-03"	E	"323.432"	"15264.832"	"3d3.4s2"	"a 4F"	"7/2"	"3d3.4s2"	"a 2H"	"11/2"	E2	"u38"	""	
""	"669.11433"	""	"4.7e-01"	D+	"137.383"	"15078.387"	"3d3.4s2"	"a 4F"	"5/2"	"3d4.(3P2).4s"	"b 4P"	"1/2"	E2	"u38"	""	
"669.3687"	"669.36942"	"34000"	""		"21603.259"	"36538.569"	"3d4.(1G2).4s"	"b 2G"	"9/2"	"3d4.(3F2).4p"	"2G*"	"9/2"		""	"L15916"	
""	"670.50759"	""	"7.7e-01"	C+	"0.000"	"14909.958"	"3d3.4s2"	"a 4F"	"3/2"	"3d4.(3H).4s"	"a 4H"	"7/2"	E2	"u38"	""	
"670.807"	"670.81096"	"50000"	"5.8e+04"	C+	"9824.626"	"24727.841"	"3d3.4s2"	"a 4P"	"5/2"	"3d4.(5D).4p"	"z 6P*"	"5/2"		"T9399"	"L3475"	
"673.2037"	"673.20391"	"16000"	"1.93e+05"	C+	"15270.582"	"30120.823"	"3d4.(3P2).4s"	"b 4P"	"3/2"	"3d3.(4P).4s.4p.(3P*)"	"y 4P*"	"5/2"		"T9399"	"L15916"	
"674.3960"	"674.39546"	"2900"	""		"15270.582"	"30094.585"	"3d4.(3P2).4s"	"b 4P"	"3/2"	"3d3.(4P).4s.4p.(3P*)"	"y 4P*"	"3/2"		""	"L15916"	
"674.420"	"674.41889"	"23000"	""		"9824.626"	"24648.114"	"3d3.4s2"	"a 4P"	"5/2"	"3d4.(5D).4p"	"z 6P*"	"3/2"		""	"L14162"	
"674.8104"	"674.81158"	"9000"	""		"21646.420"	"36461.282"	"3d4.(1G2).4s"	"b 2G"	"7/2"	"3d4.(3F2).4p"	"2G*"	"7/2"		""	"L15916"	
""	"674.94306"	""	"7.5e-01"	C+	"137.383"	"14949.359"	"3d3.4s2"	"a 4F"	"5/2"	"3d4.(3H).4s"	"a 4H"	"9/2"	E2	"u38"	""	
"675.3010"	"675.30100"	"430000"	"4.6e+05"	C+	"8715.747"	"23519.872"	"3d4.(5D).4s"	"a 4D"	"7/2"	"3d3.(4F).4s.4p.(3P*)"	"z 4F*"	"9/2"		"T9399"	"L15916"	
"676.012"	"676.01400"	"42000"	"1.47e+06"	C+	"22496.546"	"37285.057"	"3d4.(1I).4s"	"2I"	"11/2"	"3d4.(3H).4p"	"z 4I*"	"9/2"		"T9399"	"L3475"	
""	"676.38718"	""	"2.e-03"	E	"323.432"	"15103.784"	"3d3.4s2"	"a 4F"	"7/2"	"3d3.4s2"	"a 2H"	"9/2"	E2	"u38"	""	
"676.6508"	"676.65083"	"330000"	""		"8578.542"	"23353.135"	"3d4.(5D).4s"	"a 4D"	"5/2"	"3d3.(4F).4s.4p.(3P*)"	"z 4F*"	"7/2"		""	"L15916"	
""	"676.74326"	""	"1.4e-01"	D+	"137.383"	"14909.958"	"3d3.4s2"	"a 4F"	"5/2"	"3d4.(3H).4s"	"a 4H"	"7/2"	E2	"u38"	""	
"677.7313"	"677.73102"	"13000"	"3.4e+05"	C+	"15270.582"	"30021.627"	"3d4.(3P2).4s"	"b 4P"	"3/2"	"3d3.(4P).4s.4p.(3P*)"	"y 4P*"	"1/2"		"T9399"	"L15916"	
"678.4999"	"678.50004"	"260000"	"3.2e+05"	B	"8476.234"	"23210.560"	"3d4.(5D).4s"	"a 4D"	"3/2"	"3d3.(4F).4s.4p.(3P*)"	"z 4F*"	"5/2"		"T9399"	"L15916"	
"678.6343"	"678.63412"	"63000"	""		"22479.403"	"37210.818"	"3d4.(1I).4s"	"2I"	"13/2"	"3d3.(2H).4s.4p.(3P*)"	"y 2H*"	"11/2"		""	"L15916"	
""	"679.53538"	""	"9.e-04"	E	"552.955"	"15264.832"	"3d3.4s2"	"a 4F"	"9/2"	"3d3.4s2"	"a 2H"	"11/2"	E2	"u38"	""	
"680.8071"	"680.80691"	"16000"	""		"22496.546"	"37180.946"	"3d4.(1I).4s"	"2I"	"11/2"	"3d3.(2H).4s.4p.(3P*)"	"y 2H*"	"9/2"		""	"L15916"	
""	"681.12673"	""	"7.7e-01"	C+	"323.432"	"15000.937"	"3d3.4s2"	"a 4F"	"7/2"	"3d4.(3H).4s"	"a 4H"	"11/2"	E2	"u38"	""	
"681.2400"	"681.23999"	"170000"	"2.6e+05"	B	"8413.009"	"23088.074"	"3d4.(5D).4s"	"a 4D"	"1/2"	"3d3.(4F).4s.4p.(3P*)"	"z 4F*"	"3/2"		"T9399"	"L15916"	
"681.913"	"681.9109"	"38000D?"	""		"13801.551"	"28462.177"	"3d3.4s2"	"a 2P"	"3/2"	"3d3.(4P).4s.4p.(3P*)"	"x 6D*"	"5/2"		""	"L14162"	
"682.9942"	"682.99353"	"59000"	""		"8715.747"	"23353.135"	"3d4.(5D).4s"	"a 4D"	"7/2"	"3d3.(4F).4s.4p.(3P*)"	"z 4F*"	"7/2"		""	"L15916"	
"683.2439"	"683.24419"	"99000"	"8.9e+04"	C+	"8578.542"	"23210.560"	"3d4.(5D).4s"	"a 4D"	"5/2"	"3d3.(4F).4s.4p.(3P*)"	"z 4F*"	"5/2"		"T9399"	"L15916"	
""	"683.52873"	""	"1.3e-01"	D+	"323.432"	"14949.359"	"3d3.4s2"	"a 4F"	"7/2"	"3d4.(3H).4s"	"a 4H"	"9/2"	E2	"u38"	""	
"683.9579"	"683.95793"	"57000"	""		"19023.531"	"33640.280"	"3d4.(3H).4s"	"b 2H"	"9/2"	"3d3.(2G).4s.4p.(3P*)"	"z 2H*"	"9/2"		""	"L15916"	
"684.1878"	"684.18771"	"80000"	"1.05e+05"	C+	"8476.234"	"23088.074"	"3d4.(5D).4s"	"a 4D"	"3/2"	"3d3.(4F).4s.4p.(3P*)"	"z 4F*"	"3/2"		"T9399"	"L15916"	
"687.0874"	"687.08719"	"47000"	""		"19145.148"	"33695.327"	"3d4.(3H).4s"	"b 2H"	"11/2"	"3d3.(2G).4s.4p.(3P*)"	"z 2H*"	"11/2"		""	"L15916"	
""	"687.15156"	""	"1.0e-03"	D+	"0.000"	"14548.816"	"3d3.4s2"	"a 4F"	"3/2"	"3d3.4s2"	"2D2"	"5/2"	M1	"u38"	""	
"687.1530"	"687.15289"	"42000"	"2.9e+05"	C+	"15572.035"	"30120.823"	"3d4.(3P2).4s"	"b 4P"	"5/2"	"3d3.(4P).4s.4p.(3P*)"	"y 4P*"	"5/2"		"T9399"	"L15916"	
"688.3944"	"688.39438"	"7900"	"1.8e+05"	C+	"15572.035"	"30094.585"	"3d4.(3P2).4s"	"b 4P"	"5/2"	"3d3.(4P).4s.4p.(3P*)"	"y 4P*"	"3/2"		"T9399"	"L15916"	
""	"688.76403"	""	"1.3e-02"	D+	"0.000"	"14514.756"	"3d3.4s2"	"a 4F"	"3/2"	"3d3.4s2"	"2D2"	"3/2"	M1	"u38"	""	
""	"688.98960"	""	"8.1e-01"	C+	"552.955"	"15062.959"	"3d3.4s2"	"a 4F"	"9/2"	"3d4.(3H).4s"	"a 4H"	"13/2"	E2	"u38"	""	
"689.4049"	"689.4049"	"33000"	""		"19026.326"	"33527.589"	"3d4.(3F2).4s"	"a 2F"	"5/2"	"3d3.(2G).4s.4p.(3P*)"	"y 2F*"	"5/2"		""	"L15916"	
"689.5720"	"689.5717"	"11000"	""		"26196.032"	"40693.787"	"3d4.(1D2).4s"	"2D"	"5/2"	"3d3.(2P).4s.4p.(3P*)"	"w 2P*"	"3/2"		""	"L15916"	
"691.6065"	"691.60657"	"22000"	""		"19026.326"	"33481.426"	"3d4.(3F2).4s"	"a 2F"	"5/2"	"3d3.(2G).4s.4p.(3P*)"	"y 2F*"	"7/2"		""	"L15916"	
""	"691.94730"	""	"7.5e-02"	D+	"552.955"	"15000.937"	"3d3.4s2"	"a 4F"	"9/2"	"3d4.(3H).4s"	"a 4H"	"11/2"	E2	"u38"	""	
""	"693.70217"	""	"2.7e-03"	D+	"137.383"	"14548.816"	"3d3.4s2"	"a 4F"	"5/2"	"3d3.4s2"	"2D2"	"5/2"	M1+E2	"u38"	""	
"694.095"	"694.09320"	"24000bl"	""		"19078.112"	"33481.426"	"3d4.(3F2).4s"	"a 2F"	"7/2"	"3d3.(2G).4s.4p.(3P*)"	"y 2F*"	"7/2"		""	"L15916"	
""	"695.34556"	""	"2.3e-02"	D+	"137.383"	"14514.756"	"3d3.4s2"	"a 4F"	"5/2"	"3d3.4s2"	"2D2"	"3/2"	M1	"u38"	""	
"697.3158"	"697.31587"	"11000"	""		"19023.531"	"33360.280"	"3d4.(3H).4s"	"b 2H"	"9/2"	"3d3.(2G).4s.4p.(3P*)"	"y 2G*"	"7/2"		""	"L15916"	
"697.4521"	"697.45184"	"57000"	""		"19026.326"	"33360.280"	"3d4.(3F2).4s"	"a 2F"	"5/2"	"3d3.(2G).4s.4p.(3P*)"	"y 2G*"	"7/2"		""	"L15916"	
"699.2398"	"699.24011"	"8100"	""		"26206.803"	"40504.099"	"3d4.(1D2).4s"	"2D"	"3/2"	"3d3.(2P).4s.4p.(3P*)"	"w 2P*"	"1/2"		""	"L15916"	
"702.6048"	"702.60467"	"100000"	""		"19078.112"	"33306.943"	"3d4.(3F2).4s"	"a 2F"	"7/2"	"3d3.(2G).4s.4p.(3P*)"	"y 2G*"	"9/2"		""	"L15916"	
""	"702.77492"	""	"2.1e-02"	D+	"323.432"	"14548.816"	"3d3.4s2"	"a 4F"	"7/2"	"3d3.4s2"	"2D2"	"5/2"	M1+E2	"u38"	""	
"704.9184"	"704.9179"	"15000"	""		"26206.803"	"40388.941"	"3d4.(1D2).4s"	"2D"	"3/2"	"3d3.(2D2).4s.4p.(3P*)"	"2D*"	"3/2"		""	"L15916"	
"705.3181"	"705.31818"	"2900"	""		"17054.924"	"31229.014"	"3d4.(3G).4s"	"a 4G"	"5/2"	"3d3.(2G).4s.4p.(3P*)"	"x 4F*"	"5/2"		""	"L15916"	
"707.2513"	"707.25037"	"8400"	""		"17182.073"	"31317.440"	"3d4.(3G).4s"	"a 4G"	"9/2"	"3d3.(2G).4s.4p.(3P*)"	"x 4F*"	"9/2"		""	"L15916"	
"707.5315"	"707.5311"	"15000"	""		"26196.032"	"40325.790"	"3d4.(1D2).4s"	"2D"	"5/2"	"3d4.(3G).4p"	"2F*"	"5/2"		""	"L15916"	
"709.1411"	"709.1394"	"18000bl"	""		"30771.732"	"44869.444"	"3d3.(2G).4s.4p.(3P*)"	"y 4G*"	"9/2"	"3d3.(4F).4s.(3F).5s"	"4F"	"9/2"		""	"L15916"	
"710.7956"	"710.7941"	"5700"	""		"30694.344"	"44759.239"	"3d3.(2G).4s.4p.(3P*)"	"y 4G*"	"7/2"	"3d3.(4F).4s.(3F).5s"	"4F"	"7/2"		""	"L15916"	
""	"714.30005"	""	"2.e-03"	E	"552.955"	"14548.816"	"3d3.4s2"	"a 4F"	"9/2"	"3d3.4s2"	"2D2"	"5/2"	E2	"u38"	""	
"714.8859"	"714.8878"	"17000bl(V II)"	""		"28462.177"	"42446.531"	"3d3.(4P).4s.4p.(3P*)"	"x 6D*"	"5/2"	"3d4.(5D).4d"	"f 6D"	"7/2"		""	"L15916"	
"715.136"	"715.13507"	"32000"	""		"20767.609"	"34747.128"	"3d4.(3D).4s"	"b 4D"	"7/2"	"3d3.(4F).4s.4p.(1P*)"	"v 4D*"	"7/2"		""	"L3475"	
"715.9882"	"715.98814"	"11000"	"4.4e+05"	C	"18805.048"	"32767.911"	"3d4.(3P2).4s"	"b 2P"	"1/2"	"3d3.(4P).4s.4p.(3P*)"	"z 2P*"	"3/2"		"T9399"	"L15916"	
"716.665"	"716.6663"	"4100bl"	""		"28368.753"	"42318.403"	"3d3.(4P).4s.4p.(3P*)"	"x 6D*"	"3/2"	"3d4.(5D).4d"	"f 6F"	"5/2"		""	"L15916"	
"718.2054"	"718.20560"	"23000*"	""		"18805.048"	"32724.801"	"3d4.(3P2).4s"	"b 2P"	"1/2"	"3d3.(4P).4s.4p.(3P*)"	"z 2P*"	"1/2"		""	"L15916"	
"718.2054"	"718.2073"	"23000*"	""		"30635.580"	"44555.300"	"3d3.(2G).4s.4p.(3P*)"	"y 4G*"	"5/2"	"3d3.(4F).4s.(3F).5s"	"4F"	"3/2"		""	"L15916"	
"719.4574"	"719.45765"	"3200"	""		"23088.074"	"36983.603"	"3d3.(4F).4s.4p.(3P*)"	"z 4F*"	"3/2"	"3d5"	"e 4F"	"3/2"		""	"L15916"	
"721.7179"	"721.71908"	"5200"	""		"20767.609"	"34619.598"	"3d4.(3D).4s"	"b 4D"	"7/2"	"3d3.(4F).4s.4p.(1P*)"	"v 4D*"	"5/2"		""	"L15916"	
"722.8410"	"722.84119"	"7400"	""		"20789.112"	"34619.598"	"3d4.(3D).4s"	"b 4D"	"5/2"	"3d3.(4F).4s.4p.(1P*)"	"v 4D*"	"5/2"		""	"L15916"	
"723.6508"	"723.65047"	"2400"	""		"23210.560"	"37025.579"	"3d3.(4F).4s.4p.(3P*)"	"z 4F*"	"5/2"	"3d5"	"e 4F"	"7/2"		""	"L15916"	
""	"723.86577"	""	"7.e-04"	E	"0.000"	"13810.910"	"3d3.4s2"	"a 4F"	"3/2"	"3d3.4s2"	"a 2P"	"1/2"	E2	"u38"	""	
""	"724.3566"	""	"1.2e-03"	E	"0.000"	"13801.551"	"3d3.4s2"	"a 4F"	"3/2"	"3d3.4s2"	"a 2P"	"3/2"	M1+E2	"u38"	""	
"725.5616"	"725.56188"	"6100"	""		"23210.560"	"36989.185"	"3d3.(4F).4s.4p.(3P*)"	"z 4F*"	"5/2"	"3d5"	"e 4F"	"5/2"		""	"L15916"	
"726.4273"	"726.42720"	"64000"	""		"20767.609"	"34529.821"	"3d4.(3D).4s"	"b 4D"	"7/2"	"3d3.(2D2).4s.4p.(3P*)"	"4F*"	"9/2"		""	"L15916"	
"727.7893"	"727.79118"	"3100"	""		"20606.467"	"34342.887"	"3d3.(4F).4s.4p.(3P*)"	"z 4D*"	"1/2"	"3d5"	"c 4D"	"3/2"		""	"L15916"	
"729.19040"	"729.1900"	"9200"	""		"19078.112"	"32788.181"	"3d4.(3F2).4s"	"a 2F"	"7/2"	"3d3.(2H).4s.4p.(3P*)"	"z 4H*"	"9/2"		""	"L9905"	
"730.6744"	"730.67498"	"25000"	"1.11e+05"	C	"17182.073"	"30864.279"	"3d4.(3G).4s"	"a 4G"	"9/2"	"3d3.(2G).4s.4p.(3P*)"	"y 4G*"	"11/2"		"T9399"	"L15916"	
"731.195"	"731.19667"	"7800bl"	""		"23353.135"	"37025.579"	"3d3.(4F).4s.4p.(3P*)"	"z 4F*"	"7/2"	"3d5"	"e 4F"	"7/2"		""	"L15916"	
"731.4069"	"731.40707"	"5600"	""		"19023.531"	"32692.042"	"3d4.(3H).4s"	"b 2H"	"9/2"	"3d3.(2H).4s.4p.(3P*)"	"z 4H*"	"7/2"		""	"L15916"	
"731.55690"	"731.55666"	"9900"	""		"19026.326"	"32692.042"	"3d4.(3F2).4s"	"a 2F"	"5/2"	"3d3.(2H).4s.4p.(3P*)"	"z 4H*"	"7/2"		""	"L9905"	
""	"731.63954"	""	"1.9e-03"	E	"137.383"	"13801.551"	"3d3.4s2"	"a 4F"	"5/2"	"3d3.4s2"	"a 2P"	"3/2"	M1+E2	"u38"	""	
"732.1418"	"732.14230"	"41000"	"1.6e+05"	C	"17116.947"	"30771.732"	"3d4.(3G).4s"	"a 4G"	"7/2"	"3d3.(2G).4s.4p.(3P*)"	"y 4G*"	"9/2"		"T9399"	"L15916"	
"732.3163"	"732.31671"	"2900"	""		"18805.048"	"32456.581"	"3d4.(3P2).4s"	"b 2P"	"1/2"	"3d3.(2P).4s.4p.(3P*)"	"x 4D*"	"3/2"		""	"L15916"	
"732.5559"	"732.5555"	"2500"	""		"20830.344"	"34477.427&dagger;"	"3d4.(3D).4s"	"b 4D"	"1/2"	"3d3.(4F).4s.4p.(1P*)"	"v 4D*"	"1/2"		""	"L15916"	
"732.7733"	"732.7730"	"4800"	""		"19145.148"	"32788.181"	"3d4.(3H).4s"	"b 2H"	"11/2"	"3d3.(2H).4s.4p.(3P*)"	"z 4H*"	"9/2"		""	"L15916"	
"732.9671"	"732.96707"	"22000"	"1.4e+05"	C	"17054.924"	"30694.344"	"3d4.(3G).4s"	"a 4G"	"5/2"	"3d3.(2G).4s.4p.(3P*)"	"y 4G*"	"7/2"		"T9399"	"L15916"	
"733.8932"	"733.89314"	"210000"	"1.9e+06"	C+	"17242.070"	"30864.279"	"3d4.(3G).4s"	"a 4G"	"11/2"	"3d3.(2G).4s.4p.(3P*)"	"y 4G*"	"11/2"		"T9399"	"L15916"	
"735.1761"	"735.17653"	"8800"	"5.0e+05"	D+	"20830.344"	"34428.773"	"3d4.(3D).4s"	"b 4D"	"1/2"	"3d3.(2D2).4s.4p.(3P*)"	"4F*"	"3/2"		"T9399"	"L15916"	
"735.6512"	"735.65098"	"180000"	"1.6e+06"	C+	"17182.073"	"30771.732"	"3d4.(3G).4s"	"a 4G"	"9/2"	"3d3.(2G).4s.4p.(3P*)"	"y 4G*"	"9/2"		"T9399"	"L15916"	
"735.8623"	"735.8621"	"51000"	"9.6e+05"	C	"20789.112"	"34374.872"	"3d4.(3D).4s"	"b 4D"	"5/2"	"3d3.(2D2).4s.4p.(3P*)"	"4F*"	"7/2"		"T9399"	"L15916"	
"736.1388"	"736.13866"	"120000"	"1.7e+06"	C	"17054.924"	"30635.580"	"3d4.(3G).4s"	"a 4G"	"5/2"	"3d3.(2G).4s.4p.(3P*)"	"y 4G*"	"5/2"		"T9399"	"L15916"	
"736.2484"	"736.24861"	"58000"	""		"19189.283"	"32767.911"	"3d4.(3P2).4s"	"b 2P"	"3/2"	"3d3.(4P).4s.4p.(3P*)"	"z 2P*"	"3/2"		""	"L15916"	
"736.3154"	"736.31536"	"120000"	"1.5e+06"	C+	"17116.947"	"30694.344"	"3d4.(3G).4s"	"a 4G"	"7/2"	"3d3.(2G).4s.4p.(3P*)"	"y 4G*"	"7/2"		"T9399"	"L15916"	
"737.493"	"737.49439"	"11000bl"	""		"23519.872"	"37075.563"	"3d3.(4F).4s.4p.(3P*)"	"z 4F*"	"9/2"	"3d5"	"e 4F"	"9/2"		""	"L15916"	
""	"737.66700"	""	"1.1e-03"	D+	"2112.282"	"15664.801"	"3d4.(5D).4s"	"a 6D"	"1/2"	"3d4.(3F2).4s"	"b 4F"	"3/2"	M1+E2	"u38"	""	
""	"738.58683"	""	"3.0e-03"	D+	"2153.221"	"15688.862"	"3d4.(5D).4s"	"a 6D"	"3/2"	"3d4.(3F2).4s"	"b 4F"	"5/2"	M1	"u38"	""	
"738.5938"	"738.59354"	"44000"	""		"19189.283"	"32724.801"	"3d4.(3P2).4s"	"b 2P"	"3/2"	"3d3.(4P).4s.4p.(3P*)"	"z 2P*"	"1/2"		""	"L15916"	
"738.9135"	"738.9132"	"16000"	"8.8e+04"	C	"17242.070"	"30771.732"	"3d4.(3G).4s"	"a 4G"	"11/2"	"3d3.(2G).4s.4p.(3P*)"	"y 4G*"	"9/2"		"T9399"	"L15916"	
"739.5159"	"739.51606"	"16000"	""		"17116.947"	"30635.580"	"3d4.(3G).4s"	"a 4G"	"7/2"	"3d3.(2G).4s.4p.(3P*)"	"y 4G*"	"5/2"		""	"L15916"	
"739.8644"	"739.86425"	"21000"	"1.4e+05"	C	"17182.073"	"30694.344"	"3d4.(3G).4s"	"a 4G"	"9/2"	"3d3.(2G).4s.4p.(3P*)"	"y 4G*"	"7/2"		"T9399"	"L15916"	
""	"739.90209"	""	"3.7e-03"	D+	"2153.221"	"15664.801"	"3d4.(5D).4s"	"a 6D"	"3/2"	"3d4.(3F2).4s"	"b 4F"	"3/2"	M1	"u38"	""	
""	"740.31341"	""	"4.5e-03"	D+	"2220.156"	"15724.229"	"3d4.(5D).4s"	"a 6D"	"5/2"	"3d4.(3F2).4s"	"b 4F"	"7/2"	M1	"u38"	""	
""	"742.25738"	""	"9.e-03"	D+	"2220.156"	"15688.862"	"3d4.(5D).4s"	"a 6D"	"5/2"	"3d4.(3F2).4s"	"b 4F"	"5/2"	M1	"u38"	""	
""	"742.76949"	""	"4.1e-03"	D+	"2311.369"	"15770.789"	"3d4.(5D).4s"	"a 6D"	"7/2"	"3d4.(3F2).4s"	"b 4F"	"9/2"	M1	"u38"	""	
""	"743.58576"	""	"1.6e-03"	D+	"2220.156"	"15664.801"	"3d4.(5D).4s"	"a 6D"	"5/2"	"3d4.(3F2).4s"	"b 4F"	"3/2"	M1	"u38"	""	
"744.6708"	"744.66998"	"14000"	""		"26171.918"	"39596.988"	"3d4.(5D).4p"	"y 4F*"	"9/2"	"3d3.4s.(5F).5s"	"f 4F"	"9/2"		""	"L15916"	
""	"745.34787"	""	"1.7e-02"	D+	"2311.369"	"15724.229"	"3d4.(5D).4s"	"a 6D"	"7/2"	"3d4.(3F2).4s"	"b 4F"	"7/2"	M1	"u38"	""	
""	"747.31841"	""	"3.0e-03"	D+	"2311.369"	"15688.862"	"3d4.(5D).4s"	"a 6D"	"7/2"	"3d4.(3F2).4s"	"b 4F"	"5/2"	M1	"u38"	""	
"748.5899"	"748.58975"	"56000"	""		"20813.108"	"34167.882"	"3d4.(3D).4s"	"b 4D"	"3/2"	"3d3.(2P).4s.4p.(3P*)"	"2D*"	"5/2"		""	"L15916"	
"748.808"	"748.8032"	"30000h"	""		"39596.988"	"52947.956"	"3d3.4s.(5F).5s"	"f 4F"	"9/2"	"52947o"	"p 2G*"	"9/2"		""	"L3475"	
""	"749.08302"	""	"2.7e-02"	D+	"2424.809"	"15770.789"	"3d4.(5D).4s"	"a 6D"	"9/2"	"3d4.(3F2).4s"	"b 4F"	"9/2"	M1	"u38"	""	
""	"751.70550"	""	"3.0e-03"	D+	"2424.809"	"15724.229"	"3d4.(5D).4s"	"a 6D"	"9/2"	"3d4.(3F2).4s"	"b 4F"	"7/2"	M1	"u38"	""	
"752.988"	"752.98626"	"7200bl"	""		"26122.094&dagger;"	"39398.893"	"3d4.(5D).4p"	"y 4F*"	"7/2"	"3d3.4s.(5F).5s"	"f 4F"	"7/2"		""	"L15916"	
"753.5251"	"753.52550"	"7700"	""		"19189.283"	"32456.581"	"3d4.(3P2).4s"	"b 2P"	"3/2"	"3d3.(2P).4s.4p.(3P*)"	"x 4D*"	"3/2"		""	"L15916"	
""	"753.90236"	""	"2.0e-02"	D+	"2311.369"	"15572.035"	"3d4.(5D).4s"	"a 6D"	"7/2"	"3d4.(3P2).4s"	"b 4P"	"5/2"	M1	"u38"	""	
"755.2413"	"755.24168"	"9500"	""		"26004.234"	"39241.384"	"3d4.(5D).4p"	"y 4F*"	"5/2"	"3d3.4s.(5F).5s"	"f 4F"	"5/2"		""	"L15916"	
"755.4574"	"755.45753"	"25000"	""		"24770.673"	"38004.041"	"3d4.(5D).4p"	"z 4P*"	"1/2"	"3d4.(5D).5s"	"e 4D"	"3/2"		""	"L15916"	
"757.3828"	"757.38336"	"4500"	""		"20830.344"	"34030.063&dagger;"	"3d4.(3D).4s"	"b 4D"	"1/2"	"3d3.(2P).4s.4p.(3P*)"	"2D*"	"3/2"		""	"L15916"	
"757.8704"	"757.87054"	"49000"	""		"24915.151"	"38106.385"	"3d4.(5D).4p"	"z 4P*"	"3/2"	"3d4.(5D).5s"	"e 4D"	"5/2"		""	"L15916"	
"759.1192"	"759.1191"	"37000"	""		"24770.673"	"37940.211"	"3d4.(5D).4p"	"z 4P*"	"1/2"	"3d4.(5D).5s"	"e 4D"	"1/2"		""	"L15916"	
"759.6867"	"759.68637"	"69000"	""		"19189.283"	"32348.987"	"3d4.(3P2).4s"	"b 2P"	"3/2"	"3d3.(2P).4s.4p.(3P*)"	"x 4D*"	"1/2"		""	"L15916"	
""	"759.76743"	""	"3.0e-03"	D+	"2112.282"	"15270.582"	"3d4.(5D).4s"	"a 6D"	"1/2"	"3d4.(3P2).4s"	"b 4P"	"3/2"	M1	"u38"	""	
"759.8300"	"759.82997"	"60000"	""		"18805.048"	"31962.265"	"3d4.(3P2).4s"	"b 2P"	"1/2"	"3d4.(3P2).4p"	"y 2S*"	"1/2"		""	"L15916"	
"760.4937"	"760.4927"	"5900*"	""		"26196.032"	"39341.784"	"3d4.(1D2).4s"	"2D"	"5/2"	"3d4.(3F2).4p"	"u 4F*"	"7/2"		""	"L15916"	
"760.4937"	"760.4942"	"5900*"	""		"20830.344"	"33976.069&dagger;"	"3d4.(3D).4s"	"b 4D"	"1/2"	"3d3.(4P).4s.4p.(3P*)"	"w 4D*"	"3/2"		""	"L15916"	
"761.8676"	"761.86759"	"24000"	""		"24630.567"	"37752.595"	"3d4.(3D).4s"	"2D"	"5/2"	"3d4.(3F2).4p"	"w 2D*"	"5/2"		""	"L15916"	
"762.178"	"762.17695"	"21000bl(V II)"	""		"26480.286&dagger;"	"39596.988"	"3d4.(5D).4p"	"y 4D*"	"7/2"	"3d3.4s.(5F).5s"	"f 4F"	"9/2"		""	"L15916"	
"762.4775"	"762.47743"	"97000*"	""		"25131.002"	"38242.535"	"3d4.(5D).4p"	"z 4P*"	"5/2"	"3d4.(5D).5s"	"e 4D"	"7/2"		""	"L15916"	
"762.4775"	"762.4785"	"97000*"	""		"31541.167"	"44652.682"	"3d3.(4F).4s.4p.(1P*)"	"x 4G*"	"7/2"	"3d3.(4F).4s.(3F).5s"	"4F"	"5/2"		""	"L15916"	
"763.803"	"763.79648"	"15000h"	""		"24915.151"	"38004.041"	"3d4.(5D).4p"	"z 4P*"	"3/2"	"3d4.(5D).5s"	"e 4D"	"3/2"		""	"L14162"	
""	"766.04765"	""	"2.8e-02"	D+	"2220.156"	"15270.582"	"3d4.(5D).4s"	"a 6D"	"5/2"	"3d4.(3P2).4s"	"b 4P"	"3/2"	M1	"u38"	""	
"766.2925"	"766.29233"	"14000"	""		"26352.634"	"39398.893"	"3d4.(5D).4p"	"y 4D*"	"5/2"	"3d3.4s.(5F).5s"	"f 4F"	"7/2"		""	"L15916"	
"766.8101"	"766.8096"	"1900"	""		"31721.780"	"44759.239"	"3d3.(4F).4s.4p.(1P*)"	"x 4G*"	"9/2"	"3d3.(4F).4s.(3F).5s"	"4F"	"7/2"		""	"L15916"	
"767.5404"	"767.53952"	"6900"	""		"24915.151"	"37940.211"	"3d4.(5D).4p"	"z 4P*"	"3/2"	"3d4.(5D).5s"	"e 4D"	"1/2"		""	"L15916"	
"769.4976"	"769.49809"	"8700"	""		"26249.476"	"39241.384"	"3d4.(5D).4p"	"y 4D*"	"3/2"	"3d3.4s.(5F).5s"	"f 4F"	"5/2"		""	"L15916"	
"770.1353"	"770.13528"	"25000"	""		"18805.048"	"31786.207&dagger;"	"3d4.(3P2).4s"	"b 2P"	"1/2"	"3d3.(2P).4s.4p.(3P*)"	"2S*"	"1/2"		""	"L15916"	
"770.4783"	"770.47811"	"33000"	""		"25131.002"	"38106.385"	"3d4.(5D).4p"	"z 4P*"	"5/2"	"3d4.(5D).5s"	"e 4D"	"5/2"		""	"L15916"	
""	"771.02943"	""	"8.e-03"	D+	"2112.282"	"15078.387"	"3d4.(5D).4s"	"a 6D"	"1/2"	"3d4.(3P2).4s"	"b 4P"	"1/2"	M1	"u38"	""	
"772.3115"	"772.31089"	"9200"	""		"26182.637"	"39127.228"	"3d4.(5D).4p"	"y 4D*"	"1/2"	"3d3.4s.(5F).5s"	"f 4F"	"3/2"		""	"L15916"	
"773.0437"	"773.04413"	"5500"	""		"31937.131"	"44869.444"	"3d3.(4F).4s.4p.(1P*)"	"x 4G*"	"11/2"	"3d3.(4F).4s.(3F).5s"	"4F"	"9/2"		""	"L15916"	
""	"773.47159"	""	"2.9e-02"	D+	"2153.221"	"15078.387"	"3d4.(5D).4s"	"a 6D"	"3/2"	"3d4.(3P2).4s"	"b 4P"	"1/2"	M1	"u38"	""	
"773.6627"	"773.66266"	"8500"	""		"14548.816"	"27470.790"	"3d3.4s2"	"2D2"	"5/2"	"3d3.(4F).4s.4p.(3P*)"	"z 2F*"	"7/2"		""	"L15916"	
"774.5743"	"774.5737"	"17000*"	""		"15688.862"	"28595.637"	"3d4.(3F2).4s"	"b 4F"	"5/2"	"3d3.(4P).4s.4p.(3P*)"	"x 6D*"	"7/2"		""	"L15916"	
"774.5743"	"774.5738"	"17000*"	""		"29202.790"	"42109.564"	"3d3.(4P).4s.4p.(3P*)"	"y 6P*"	"3/2"	"3d4.(5D).4d"	"e 6P"	"5/2"		""	"L15916"	
"774.9623"	"774.96245"	"13000*"	""		"31397.822"	"44298.123"	"3d3.(4F).4s.4p.(1P*)"	"x 4G*"	"5/2"	"3d3.4s.(5F).4d"	"4G"	"5/2"		""	"L15916"	
"774.9623"	"774.9624"	"13000*"	""		"31397.822"	"44298.123"	"3d3.(4F).4s.4p.(1P*)"	"x 4G*"	"5/2"	"3d3.4s.(5F).4d"	"4F"	"3/2"		""	"L15916"	
"775.6567"	"775.65698"	"4400"	""		"26352.634"	"39241.384"	"3d4.(5D).4p"	"y 4D*"	"5/2"	"3d3.4s.(5F).5s"	"f 4F"	"5/2"		""	"L15916"	
"776.6040"	"776.60364"	"3700bl(V II)"	""		"25131.002"	"38004.041"	"3d4.(5D).4p"	"z 4P*"	"5/2"	"3d4.(5D).5s"	"e 4D"	"3/2"		""	"L15916"	
"776.8819"	"776.88185"	"18000"	""		"29296.430"	"42164.859"	"3d3.(4P).4s.4p.(3P*)"	"y 6P*"	"5/2"	"3d4.(5D).4d"	"e 6P"	"7/2"		""	"L15916"	
"776.9620"	"776.96203"	"14000"	""		"31541.167"	"44408.268"	"3d3.(4F).4s.4p.(1P*)"	"x 4G*"	"7/2"	"3d3.4s.(5F).4d"	"4G"	"7/2"		""	"L15916"	
"777.9550"	"777.9555"	"3700"	""		"29202.790"	"42053.460"	"3d3.(4P).4s.4p.(3P*)"	"y 6P*"	"3/2"	"3d4.(5D).4d"	"e 6P"	"3/2"		""	"L15916"	
"778.3272"	"778.3271"	"7700"	""		"24630.567"	"37475.102&dagger;"	"3d4.(3D).4s"	"2D"	"5/2"	"3d3.(2D2).4s.4p.(3P*)"	"w 2F*"	"7/2"		""	"L15916"	
"778.781"	"778.78597"	"3400"	""		"31229.014"	"44065.980"	"3d3.(2G).4s.4p.(3P*)"	"x 4F*"	"5/2"	"3d3.(4F).4s.(3F).5s"	"e 2F"	"7/2"		""	"L14162"	
"779.0613"	"779.06102"	"9800"	""		"31721.780"	"44554.214"	"3d3.(4F).4s.4p.(1P*)"	"x 4G*"	"9/2"	"3d3.4s.(5F).4d"	"4G"	"9/2"		""	"L15916"	
