obs_wl_air(nm)	ritz_wl_air(nm)	intens	Aki(s^-1)	Acc	Ei(cm-1)	Ek(cm-1)	conf_i	term_i	J_i	conf_k	term_k	J_k	Type	tp_ref	line_ref	
"380.1026"	"380.1035"	"1"	""		"25983.60"	"52284.76"	"5d4.6s.(6D).6p"	"5F*"	"1"	""	""	"3"		""	"L153"	
"380.1165"	""	"2"	""		""	""	""	""	""	""	""	""		""	"L153"	
"380.1405"	"380.1406"	"2"	""		"24610.88"	"50909.47"	"5d4.6s2"	"1F"	"3"	""	"*"	"4"		""	"L153"	
"380.1512"	"380.1507"	"30*"	""		"27488.11"	"53786.00"	"5d5.(6S).6p"	"7P*"	"3"	""	""	"4"		""	"L153"	
"380.1512"	"380.1513"	"30*"	""		"13348.56"	"39646.41"	"5d4.6s2"	"3G"	"3"	""	"*"	"3"		""	"L153"	
"380.1512"	"380.1526"	"30*"	""		"19253.56"	"45551.32"	"5d4.6s2"	"3P2"	"2"	""	"*"	"3"		""	"L153"	
"380.1909"	"380.1903"	"40*"	""		"22852.80"	"49147.95"	"5d4.6s2"	"1G2"	"4"	""	"*"	"4"		""	"L153"	
"380.1909"	"380.1913"	"40*"	""		"19256.24"	"45551.32"	"5d5.(4G).6s"	"5G"	"4"	""	"*"	"3"		""	"L153"	
"380.2053"	""	"3?"	""		""	""	""	""	""	""	""	""		""	"L153"	
"380.2922"	"380.2932"	"12"	""		"18974.51"	"45262.55"	"5d5.(4G).6s"	"5G"	"3"	""	"*"	"4"		""	"L153"	
"380.3409"	"380.3419"	"5"	""		"18082.83"	"44367.50"	"5d4.6s2"	"3D"	"1"	""	"*"	"2"		""	"L153"	
"380.3480"	"380.3483"	"3"	""		"17701.18"	"43985.41"	"5d4.6s2"	"3F2"	"3"	""	"*"	"4"		""	"L153"	
"380.3620"	"380.3626"	"2"	""		"24610.88"	"50894.12"	"5d4.6s2"	"1F"	"3"	""	"*"	"3"		""	"L153"	
"380.4072"	"380.4072"	"15"	""		"19826.04"	"46106.20"	"5d4.6s2"	"3G"	"5"	""	"*"	"6"		""	"L153"	
"380.4244"	""	"6"	""		""	""	""	""	""	""	""	""		""	"L153"	
"380.4942"	"380.4946"	"10*"	""		"15460.01"	"41734.13"	"5d4.6s2"	"3D"	"3"	""	"*"	"2"		""	"L153"	
"380.4942"	"380.4958"	"10*"	""		"17701.18"	"43975.22"	"5d4.6s2"	"3F2"	"3"	""	"*"	"2"		""	"L153"	
"380.5446"	"380.5452"	"8"	""		"18082.83"	"44353.46"	"5d4.6s2"	"3D"	"1"	""	"*"	"1"		""	"L153"	
"380.6308"	"380.6333"	"2"	""		"28291.88"	"54556.43"	"5d5.(2F1).6s"	"3F"	"3"	""	"*"	"3"		""	"L153"	
"380.7622"	"380.7628"	"6"	""		"23930.08"	"50185.70"	"5d5.(4D).6s"	"5D"	"3"	""	"*"	"3"		""	"L153"	
"380.7840"	"380.7844"	"5"	""		"19535.01"	"45789.14"	"5d5.(4G).6s"	"5G"	"5"	""	"*"	"5"		""	"L153"	
"380.890"	""	"2"	""		""	""	""	""	""	""	""	""		""	"L153"	
"380.9220"	"380.9234"	"150"	"9.0e+05"	B	"2951.29"	"29195.84"	"5d5.(6S).6s"	"7S"	"3"	"5d4.6s.(6D).6p"	"5D*"	"2"		"T4976"	"L153"	
"380.9848"	"380.9845"	"15"	""		"19827.68"	"46068.02"	"5d5.(4P).6s"	"5P"	"3"	""	"*"	"3"		""	"L153"	
"381.0380"	"381.0385"	"100"	""		"18116.84"	"44353.46"	"5d5.(4G).6s"	"5G"	"2"	""	"*"	"1"		""	"L153"	
"381.0790"	"381.0796"	"120"	"6.6e+06"	B	"13777.71"	"40011.50"	"5d4.6s2"	"3F2"	"2"	""	"*"	"2"		"T6977"	"L153"	
"381.2646"	"381.2643"	"10"	""		"22852.80"	"49073.88"	"5d4.6s2"	"1G2"	"4"	""	"*"	"5"		""	"L153"	
"381.2896"	"381.2896"	"4"	""		"22852.80"	"49072.14"	"5d4.6s2"	"1G2"	"4"	""	"*"	"3"		""	"L153"	
"381.4418"	"381.4425"	"5"	""		"28347.60"	"54556.43"	"5d5.(4F).6s"	"5F"	"3"	""	"*"	"3"		""	"L153"	
"381.5026"	"381.5015"	"3"	""		"27670.48"	"53875.26"	"5d5.(4F).6s"	"5F"	"1"	""	"*"	"1"		""	"L153"	
"381.5768"	"381.5769"	"15"	""		"25983.60"	"52183.20"	"5d4.6s.(6D).6p"	"5F*"	"1"	""	""	"2"		""	"L153"	
"381.6386"	"381.6380"	"40"	""		"19256.24"	"45451.65"	"5d5.(4G).6s"	"5G"	"4"	""	"*"	"5"		""	"L153"	
"381.7294"	"381.7290"	"12?*"	""		"29430.50"	"55619.66"	""	""	"3"	""	"*"	"2"		""	"L153c23"	
"381.7294"	"381.7311"	"12?*"	""		"26189.20"	"52378.22"	"5d4.6s.(6D).6p"	"7D*"	"3"	""	""	"4"		""	"L153"	
"381.7480"	"381.7484"	"400"	"3.1e+06"	B	"2951.29"	"29139.12"	"5d5.(6S).6s"	"7S"	"3"	"5d4.6s.(6D).6p"	"5F*"	"3"		"T4976"	"L153"	
"381.7760"	"381.7771"	"2?"	""		"20427.84"	"46613.70"	"5d5.(4P).6s"	"5P"	"1"	""	"*"	"0"		""	"L153"	
"381.7960"	""	"6"	""		""	""	""	""	""	""	""	""		""	"L153"	
"381.8344"	""	"2w"	""		""	""	""	""	""	""	""	""		""	"L153"	
"381.8576"	"381.8573"	"4w"	""		"26861.64"	"53042.00"	"5d5.(2F1).6s"	"3F"	"2"	""	"*"	"1"		""	"L153"	
"381.9040"	""	"2"	""		""	""	""	""	""	""	""	""		""	"L153"	
"381.9402"	""	"2w"	""		""	""	""	""	""	""	""	""		""	"L153"	
"382.0110"	"382.0103"	"50"	"2.72e+06"	B	"16431.31"	"42601.19"	"5d4.6s2"	"3G"	"4"	""	"*"	"3"		"T6977"	"L153"	
"382.3062"	"382.3057"	"3"	""		"17701.18"	"43850.84"	"5d4.6s2"	"3F2"	"3"	""	"*"	"3"		""	"L153"	
"382.4146"	"382.4139"	"25"	""		"18974.51"	"45116.77"	"5d5.(4G).6s"	"5G"	"3"	""	"*"	"4"		""	"L153"	
"382.4388"	"382.4382"	"60"	""		"19648.54"	"45789.14"	"5d5.(4G).6s"	"5G"	"6"	""	"*"	"5"		""	"L153"	
"382.6193"	"382.6176"	"50*"	""		"14976.18"	"41104.52"	"5d4.6s2"	"3D"	"2"	""	"*"	"2"		""	"L153"	
"382.6193"	"382.6195"	"50*"	""		"15069.93"	"41198.14"	"5d4.6s2"	"3H"	"5"	""	"*"	"4"		""	"L153"	
"382.6667"	""	"1"	""		""	""	""	""	""	""	""	""		""	"L153"	
"382.6934"	"382.6931"	"8"	""		"15460.01"	"41583.20"	"5d4.6s2"	"3D"	"3"	""	"*"	"2"		""	"L153"	
"382.7344"	"382.7333"	"10"	""		"19253.56"	"45374.00"	"5d4.6s2"	"3P2"	"2"	""	"*"	"1"		""	"L153"	
"382.769"	""	"1w"	""		""	""	""	""	""	""	""	""		""	"L153"	
"382.7788"	"382.7775"	"2"	""		"20174.20"	"46291.63"	"5d4.6s2"	"1S2"	"0"	""	"*"	"1"		""	"L153"	
"382.881"	""	"1"	""		""	""	""	""	""	""	""	""		""	"L153"	
"382.9128"	"382.9126"	"50"	"3.83e+05"	C	"1670.29"	"27778.50"	"5d4.6s2"	"5D"	"1"	"5d4.6s.(6D).6p"	"5D*"	"1"		"T4976"	"L153"	
"382.9690"	"382.9676"	"2"	""		"24789.66"	"50894.12"	"5d4.6s2"	"1D2"	"2"	""	"*"	"3"		""	"L153"	
"383.0130"	"383.0109"	"12w*"	""		"15069.93"	"41171.44"	"5d4.6s2"	"3H"	"5"	""	"*"	"6"		""	"L153"	
"383.0130"	"383.0139"	"12w*"	""		"16431.31"	"42532.62"	"5d4.6s2"	"3G"	"4"	""	"*"	"4"		""	"L153"	
"383.0714"	"383.0707"	"20"	""		"12161.96"	"38259.40"	"5d4.6s2"	"3H"	"4"	""	"*"	"4"		""	"L153"	
"383.099"	"383.0983"	"8w"	""		"26189.20"	"52284.76"	"5d4.6s.(6D).6p"	"7D*"	"3"	""	""	"3"		""	"L153"	
"383.2247"	"383.2237"	"8"	""		"18280.48"	"44367.50"	"5d5.(6S).6s"	"5S"	"2"	""	"*"	"2"		""	"L153"	
"383.2628"	"383.2619"	"4"	""		"27889.68"	"53974.10"	"5d5.(6S).6p"	"7P*"	"4"	""	""	"5"		""	"L153"	
"383.271"	""	"2"	""		""	""	""	""	""	""	""	""		""	"L153"	
"383.2862"	"383.2852"	"15*"	""		"16431.31"	"42514.14"	"5d4.6s2"	"3G"	"4"	""	"*"	"3"		""	"L153"	
"383.2862"	"383.2869"	"15*"	""		"31389.08"	"57471.80"	"5d5.(4G).6s"	"3G"	"5"	""	"*"	"4"		""	"L153"	
"383.2999"	"383.2998"	"3"	""		"26861.64"	"52943.48"	"5d5.(2F1).6s"	"3F"	"2"	""	"*"	"3"		""	"L153"	
"383.4040"	"383.4033"	"15"	"3.8e+06"	C	"19827.68"	"45902.48"	"5d5.(4P).6s"	"5P"	"3"	""	"*"	"2"		"T6977"	"L153"	
"383.4312"	"383.4300"	"1"	""		"18280.48"	"44353.46"	"5d5.(6S).6s"	"5S"	"2"	""	"*"	"1"		""	"L153"	
"383.4612"	""	"3"	""		""	""	""	""	""	""	""	""		""	"L153"	
"383.4735"	"383.4730"	"4"	""		"32135.94"	"58206.00"	"5d5.(4G).6s"	"3G"	"4"	""	"*"	"3"		""	"L153"	
"383.5058"	"383.5052"	"250"	"5.2e+06"	B	"3325.53"	"29393.40"	"5d4.6s2"	"5D"	"2"	"5d4.6s.(6D).6p"	"5P*"	"2"		"T4976"	"L153"	
"383.531"	""	"2"	""		""	""	""	""	""	""	""	""		""	"L153"	
"383.5523"	""	"2"	""		""	""	""	""	""	""	""	""		""	"L153"	
"383.5890"	"383.5881"	"8"	""		"23455.02"	"49517.26"	"5d5.(4D).6s"	"5D"	"1"	""	"*"	"2"		""	"L153"	
"383.6952"	"383.6948"	"15"	""		"26229.77"	"52284.76"	"5d5.(6S).6p"	"7P*"	"2"	""	""	"3"		""	"L153"	
"383.8511"	"383.8492"	"80*"	""		"18974.51"	"45019.02"	"5d5.(4G).6s"	"5G"	"3"	""	"*"	"2"		""	"L153"	
"383.8511"	"383.8505"	"80*"	""		"12161.96"	"38206.38"	"5d4.6s2"	"3H"	"4"	""	"*"	"3"		""	"L153"	
"383.896"	"383.8947"	"4"	""		"19827.68"	"45869.10"	"5d5.(4P).6s"	"5P"	"3"	""	"*"	"4"		""	"L153"	
"383.925"	"383.9242"	"15"	""		"15460.01"	"41499.43"	"5d4.6s2"	"3D"	"3"	""	"*"	"3"		""	"L153"	
"383.9866"	""	"2"	""		""	""	""	""	""	""	""	""		""	"L153"	
"384.1050"	"384.1042"	"3"	""		"27889.68"	"53916.90"	"5d5.(6S).6p"	"7P*"	"4"	""	""	"3"		""	"L153"	
"384.1274"	"384.1281"	"4"	""		"17008.50"	"43034.10"	"5d4.6s2"	"3H"	"6"	""	"*"	"5"		""	"L153"	
"384.131"	""	"1"	""		""	""	""	""	""	""	""	""		""	"L153"	
"384.1974"	""	"2"	""		""	""	""	""	""	""	""	""		""	"L153"	
"384.2164"	"384.2154"	"4"	""		"17701.18"	"43720.87"	"5d4.6s2"	"3F2"	"3"	""	"*"	"4"		""	"L153"	
"384.2310"	"384.2301"	"50"	""		"6219.33"	"32238.02"	"5d4.6s2"	"5D"	"4"	""	"*"	"3"		""	"L153"	
"384.3162"	"384.3153"	"4*"	""		"27849.80"	"53862.72"	"5d5.(2I).6s"	"3I"	"5"	""	"*"	"5"		""	"L153"	
"384.3162"	"384.3156"	"4*"	""		"29479.32"	"55492.22"	"5d4.6s2"	"3F1"	"4"	""	"*"	"5"		""	"L153"	
"384.3476"	"384.3470"	"3w"	""		"24789.66"	"50800.44"	"5d4.6s2"	"1D2"	"2"	""	"*"	"3"		""	"L153"	
"384.5784"	""	"1"	""		""	""	""	""	""	""	""	""		""	"L153"	
"384.6218"	"384.6213"	"300"	"2.14e+06"	B	"1670.29"	"27662.52"	"5d4.6s2"	"5D"	"1"	"5d4.6s.(6D).6p"	"5F*"	"2"		"T4976"	"L153"	
"384.7020"	""	"4w"	""		""	""	""	""	""	""	""	""		""	"L153"	
"384.7244"	""	"4"	""		""	""	""	""	""	""	""	""		""	"L153"	
"384.7498"	"384.7490"	"150"	"8.3e+05"	B	"0.00"	"25983.60"	"5d4.6s2"	"5D"	"0"	"5d4.6s.(6D).6p"	"5F*"	"1"		"T4976"	"L153"	
"384.7958"	"384.7960"	"1"	""		"27213.82"	"53194.25"	"5d5.(2F1).6s"	"3F"	"4"	""	"*"	"5"		""	"L153"	
"384.8620"	"384.8611"	"2w"	""		"29479.32"	"55455.35"	"5d4.6s2"	"3F1"	"4"	""	"*"	"5"		""	"L153"	
"384.9222"	"384.9234"	"2"	""		"33291.80"	"59263.63"	"5d5.(2I).6s"	"1I"	"6"	""	"*"	"5"		""	"L153"	
"385.0090"	"385.0089"	"3c"	""		"18974.51"	"44940.57"	"5d5.(4G).6s"	"5G"	"3"	""	"*"	"4"		""	"L153"	
"385.1954"	"385.1963"	"2"	""		"26229.77"	"52183.20"	"5d5.(6S).6p"	"7P*"	"2"	""	""	"2"		""	"L153"	
"385.201"	"385.1991"	"3"	""		"25983.60"	"51936.84"	"5d4.6s.(6D).6p"	"5F*"	"1"	""	""	"2"		""	"L153"	
"385.2835"	"385.2821"	"12"	""		"14976.18"	"40923.83"	"5d4.6s2"	"3D"	"2"	""	"*"	"3"		""	"L153"	
"385.323"	"385.3226"	"3"	""		"26861.64"	"52806.56"	"5d5.(2F1).6s"	"3F"	"2"	""	"*"	"3"		""	"L153"	
"385.3778"	""	"8"	""		""	""	""	""	""	""	""	""		""	"L153"	
"385.4515"	""	"2"	""		""	""	""	""	""	""	""	""		""	"L153"	
"385.5554"	"385.5546"	"50"	""		"13777.71"	"39707.02"	"5d4.6s2"	"3F2"	"2"	""	"*"	"2"		""	"L153"	
"385.5880"	"385.5869"	"3*"	""		"34302.04"	"60229.18"	"5d5.(2G2).6s"	"3G"	"4"	""	"*"	"5"		""	"L153"	
"385.5880"	"385.5876"	"3*"	""		"17107.01"	"43034.10"	"5d4.6s2"	"3F2"	"4"	""	"*"	"5"		""	"L153"	
"385.6023"	"385.6013"	"3"	""		"31389.08"	"57315.25"	"5d5.(4G).6s"	"3G"	"5"	""	"*"	"4"		""	"L153"	
"385.730"	"385.7288"	"10*"	""		"28392.70"	"54310.30"	"5d5.(2I).6s"	"3I"	"6"	""	"*"	"5"		""	"L153"	
"385.730"	"385.7306"	"10*"	""		"26367.28"	"52284.76"	""	"*"	"2"	""	""	"3"		""	"L153"	
"385.8847"	""	"5"	""		""	""	""	""	""	""	""	""		""	"L153"	
"385.9303"	"385.9290"	"60"	"1.27e+07"	B	"18116.84"	"44021.00"	"5d5.(4G).6s"	"5G"	"2"	""	"*"	"3"		"T6977"	"L153"	
"385.9929"	"385.9923"	"20"	""		"20427.84"	"46327.75"	"5d5.(4P).6s"	"5P"	"1"	""	"*"	"2"		""	"L153"	
"386.1066"	"386.1044"	"30*"	""		"18082.83"	"43975.22"	"5d4.6s2"	"3D"	"1"	""	"*"	"2"		""	"L153"	
"386.1066"	"386.1069"	"30*"	""		"14976.18"	"40868.40"	"5d4.6s2"	"3D"	"2"	""	"*"	"2"		""	"L153"	
"386.1245"	"386.1238"	"25"	""		"12161.96"	"38053.05"	"5d4.6s2"	"3H"	"4"	""	"*"	"3"		""	"L153"	
"386.2672"	""	"1"	""		""	""	""	""	""	""	""	""		""	"L153"	
"386.3480"	"386.3475"	"15"	""		"13307.10"	"39183.20"	"5d4.6s2"	"3P2"	"1"	""	"*"	"1"		""	"L153"	
"386.4343"	"386.4339"	"60"	"5.6e+05"	B	"3325.53"	"29195.84"	"5d4.6s2"	"5D"	"2"	"5d4.6s.(6D).6p"	"5D*"	"2"		"T4976"	"L153"	
"386.4592"	"386.4580"	"5"	""		"13777.71"	"39646.41"	"5d4.6s2"	"3F2"	"2"	""	"*"	"3"		""	"L153"	
"386.5326"	"386.5314"	"8"	""		"20427.84"	"46291.63"	"5d5.(4P).6s"	"5P"	"1"	""	"*"	"1"		""	"L153"	
"386.6055"	"386.6043"	"25"	"3.5e+06"	B	"13777.71"	"39636.62"	"5d4.6s2"	"3F2"	"2"	""	"*"	"1"		"T6977"	"L153"	
"386.6257"	"386.6254"	"4"	""		"17008.50"	"42866.00"	"5d4.6s2"	"3H"	"6"	""	"*"	"5"		""	"L153"	
"386.6849"	""	"3"	""		""	""	""	""	""	""	""	""		""	"L153"	
"386.7158"	""	"3"	""		""	""	""	""	""	""	""	""		""	"L153"	
"386.7373"	"386.7374"	"1"	""		"19827.68"	"45677.69"	"5d5.(4P).6s"	"5P"	"3"	""	"*"	"3"		""	"L153"	
"386.7422"	"386.7416"	"3"	""		"22476.68"	"48326.41"	"5d5.(4D).6s"	"5D"	"4"	""	"*"	"3"		""	"L153"	
"386.7544"	""	"4"	""		""	""	""	""	""	""	""	""		""	"L153"	
"386.7666"	""	"5"	""		""	""	""	""	""	""	""	""		""	"L153"	
"386.7986"	"386.7982"	"600"	"4.6e+06"	B	"2951.29"	"28797.24"	"5d5.(6S).6s"	"7S"	"3"	"5d4.6s.(6D).6p"	"7D*"	"4"		"T4976"	"L153"	
"386.8460"	""	"6"	""		""	""	""	""	""	""	""	""		""	"L153"	
"386.8578"	"386.8565"	"12"	""		"15069.93"	"40911.98"	"5d4.6s2"	"3H"	"5"	""	"*"	"5"		""	"L153"	
"386.8857"	""	"2"	""		""	""	""	""	""	""	""	""		""	"L153"	
"386.9007"	"386.8998"	"2"	""		"12161.96"	"38001.12"	"5d4.6s2"	"3H"	"4"	""	"*"	"4"		""	"L153"	
"386.9312"	"386.9322"	"3"	""		"33291.80"	"59128.80"	"5d5.(2I).6s"	"1I"	"6"	""	"*"	"6"		""	"L153"	
"386.9928"	""	"2w"	""		""	""	""	""	""	""	""	""		""	"L153"	
"387.0684"	"387.0665"	"3"	""		"26229.77"	"52057.80"	"5d5.(6S).6p"	"7P*"	"2"	""	""	"1"		""	"L153"	
"387.0818"	"387.0835"	"6"	""		"28291.88"	"54118.78"	"5d5.(2F1).6s"	"3F"	"3"	""	"*"	"4"		""	"L153"	
"387.1370"	"387.1355"	"3*"	""		"20983.02"	"46806.45"	"5d5.(4P).6s"	"5P"	"2"	""	"*"	"2"		""	"L153"	
"387.1370"	"387.1377"	"3*"	""		"22852.80"	"48676.08"	"5d4.6s2"	"1G2"	"4"	""	"*"	"4"		""	"L153"	
"387.1694"	""	"4"	""		""	""	""	""	""	""	""	""		""	"L153"	
"387.1845"	"387.1839"	"3"	""		"16431.31"	"42251.51"	"5d4.6s2"	"3G"	"4"	""	"*"	"3"		""	"L153"	
"387.2487"	"387.2481"	"12"	""		"26367.28"	"52183.20"	""	"*"	"2"	""	""	"2"		""	"L153"	
"387.2840"	"387.2831"	"100*"	""		"3325.53"	"29139.12"	"5d4.6s2"	"5D"	"2"	"5d4.6s.(6D).6p"	"5F*"	"3"		""	"L153"	
"387.2840"	"387.2844"	"100*"	""		"17701.18"	"43514.68"	"5d4.6s2"	"3F2"	"3"	""	"*"	"2"		""	"L153"	
"387.3410"	"387.3401"	"2"	""		"18082.83"	"43892.62"	"5d4.6s2"	"3D"	"1"	""	"*"	"1"		""	"L153"	
"387.4412"	"387.4404"	"50"	""		"19648.54"	"45451.65"	"5d5.(4G).6s"	"5G"	"6"	""	"*"	"5"		""	"L153"	
"387.5684"	"387.5682"	"40"	"9.3e+06"	C	"14976.18"	"40770.78"	"5d4.6s2"	"3D"	"2"	""	"*"	"1"		"T6977"	"L153"	
"387.742"	""	"3"	""		""	""	""	""	""	""	""	""		""	"L153"	
"387.7516"	""	"3"	""		""	""	""	""	""	""	""	""		""	"L153"	
"387.7838"	""	"2w"	""		""	""	""	""	""	""	""	""		""	"L153"	
"387.8279"	"387.8268"	"1w"	""		"17701.18"	"43478.58"	"5d4.6s2"	"3F2"	"3"	""	"*"	"3"		""	"L153"	
"387.8524"	"387.8512"	"6"	""		"18116.84"	"43892.62"	"5d5.(4G).6s"	"5G"	"2"	""	"*"	"1"		""	"L153"	
"387.9002"	"387.9008"	"6"	""		"26229.77"	"52002.25"	"5d5.(6S).6p"	"7P*"	"2"	""	""	"3"		""	"L153"	
"387.920"	"387.9204"	"5"	""		"28347.60"	"54118.78"	"5d5.(4F).6s"	"5F"	"3"	""	"*"	"4"		""	"L153"	
"387.943"	"387.9418"	"1"	""		"28347.60"	"54117.36"	"5d5.(4F).6s"	"5F"	"3"	""	"*"	"3"		""	"L153"	
"387.9482"	"387.9460"	"3"	""		"23930.08"	"49699.56"	"5d5.(4D).6s"	"5D"	"3"	""	"*"	"2"		""	"L153"	
"388.0082"	"388.0065"	"12"	""		"19253.56"	"45019.02"	"5d4.6s2"	"3P2"	"2"	""	"*"	"2"		""	"L153"	
"388.057"	""	"2"	""		""	""	""	""	""	""	""	""		""	"L153"	
"388.077"	"388.0740"	"8w"	""		"19253.56"	"45014.54"	"5d4.6s2"	"3P2"	"2"	""	"*"	"3"		""	"L153"	
"388.090"	"388.0903"	"3"	""		"31389.08"	"57148.98"	"5d5.(4G).6s"	"3G"	"5"	""	"*"	"6"		""	"L153"	
"388.0951"	""	"2"	""		""	""	""	""	""	""	""	""		""	"L153"	
"388.1052"	"388.1040"	"5"	""		"17107.01"	"42866.00"	"5d4.6s2"	"3F2"	"4"	""	"*"	"5"		""	"L153"	
"388.115"	"388.1144"	"5?"	""		"19256.24"	"45014.54"	"5d5.(4G).6s"	"5G"	"4"	""	"*"	"3"		""	"L153"	
"388.1405"	"388.1394"	"250"	"3.6e+06"	B	"4830.00"	"30586.64"	"5d4.6s2"	"5D"	"3"	"5d4.6s.(6D).6p"	"5P*"	"3"		"T4976"	"L153"	
"388.1877"	""	"2"	""		""	""	""	""	""	""	""	""		""	"L153"	
"388.2170"	""	"2"	""		""	""	""	""	""	""	""	""		""	"L153"	
"388.2274"	""	"2"	""		""	""	""	""	""	""	""	""		""	"L153"	
"388.2530"	""	"3w"	""		""	""	""	""	""	""	""	""		""	"L153"	
"388.3336"	"388.3316"	"2"	""		"24789.66"	"50533.55"	"5d4.6s2"	"1D2"	"2"	""	"*"	"1"		""	"L153"	
"388.3832"	"388.3825"	"20"	"4.6e+06"	B	"18280.48"	"44021.00"	"5d5.(6S).6s"	"5S"	"2"	""	"*"	"3"		"T6977"	"L153"	
"388.4197"	"388.4185"	"4"	""		"15460.01"	"41198.14"	"5d4.6s2"	"3D"	"3"	""	"*"	"4"		""	"L153"	
"388.5123"	""	"2"	""		""	""	""	""	""	""	""	""		""	"L153"	
"388.5456"	"388.5464"	"1"	""		"27213.82"	"52943.48"	"5d5.(2F1).6s"	"3F"	"4"	""	"*"	"3"		""	"L153"	
"388.5784"	"388.5784"	"2"	""		"19535.01"	"45262.55"	"5d5.(4G).6s"	"5G"	"5"	""	"*"	"4"		""	"L153"	
"388.6452"	"388.6447"	"20"	""		"13307.10"	"39030.25"	"5d4.6s2"	"3P2"	"1"	""	"*"	"2"		""	"L153"	
"388.7405"	"388.7413"	"10w"	""		"23982.80"	"49699.56"	"5d5.(4D).6s"	"5D"	"2"	""	"*"	"2"		""	"L153"	
"388.8886"	"388.8878"	"5"	""		"26229.77"	"51936.84"	"5d5.(6S).6p"	"7P*"	"2"	""	""	"2"		""	"L153c23"	
"388.8976"	"388.8974"	"4"	""		"23930.08"	"49636.52"	"5d5.(4D).6s"	"5D"	"3"	""	"*"	"4"		""	"L153"	
"388.9207"	"388.9210"	"1"	""		"24789.66"	"50494.54"	"5d4.6s2"	"1D2"	"2"	""	"*"	"2"		""	"L153"	
"388.9470"	"388.9473"	"2"	""		"23484.78"	"49187.92"	"5d4.6s2"	"1I"	"6"	""	"*"	"5"		""	"L153"	
"389.0126"	"389.0131"	"1"	""		"28720.88"	"54419.67"	"5d5.(4P).6s"	"3P"	"1"	""	"*"	"1"		""	"L153"	
"389.0420"	"389.0415"	"8"	""		"23455.02"	"49151.94"	"5d5.(4D).6s"	"5D"	"1"	""	"*"	"2"		""	"L153"	
"389.0746"	"389.0745"	"12"	"7.5e+06"	C	"18280.48"	"43975.22"	"5d5.(6S).6s"	"5S"	"2"	""	"*"	"2"		"T6977"	"L153"	
"389.1252"	"389.1255"	"6"	""		"23964.67"	"49656.04"	"5d4.6s.(6D).6p"	"7D*"	"2"	"5d4.6s.(6D).7s"	"5D"	"3"		""	"L153"	
"389.2330"	"389.2322"	"10"	""		"19256.24"	"44940.57"	"5d5.(4G).6s"	"5G"	"4"	""	"*"	"4"		""	"L153"	
"389.2724"	"389.2722"	"40"	"2.71e+06"	B	"13348.56"	"39030.25"	"5d4.6s2"	"3G"	"3"	""	"*"	"2"		"T6977"	"L153"	
"389.3473"	"389.3466"	"8"	""		"20427.84"	"46104.62"	"5d5.(4P).6s"	"5P"	"1"	""	"*"	"1"		""	"L153"	
"389.3931"	"389.3924"	"8"	""		"24610.88"	"50284.64"	"5d4.6s2"	"1F"	"3"	""	"*"	"4"		""	"L153"	
"389.4874"	"389.4889"	"1"	""		"28291.88"	"53959.28"	"5d5.(2F1).6s"	"3F"	"3"	""	"*"	"2"		""	"L153"	
"389.5758"	"389.5754"	"3"	""		"22476.68"	"48138.38"	"5d5.(4D).6s"	"5D"	"4"	""	"*"	"5"		""	"L153"	
"389.6930"	"389.6936"	"3"	""		"28720.88"	"54374.80"	"5d5.(4P).6s"	"3P"	"1"	""	"*"	"1"		""	"L153"	
"389.7912"	"389.7905"	"30"	""		"29773.34"	"55420.88"	"5d4.6s.(6D).6p"	"7D*"	"5"	""	""	"6"		""	"L153"	
"389.8773"	"389.8782"	"2"	""		"26861.64"	"52503.41"	"5d5.(2F1).6s"	"3F"	"2"	""	"*"	"2"		""	"L153"	
"389.9782"	"389.9816"	"2"	""		"26367.28"	"52002.25"	""	"*"	"2"	""	""	"3"		""	"L153"	
"390.1250"	"390.1241"	"3"	""		"19826.04"	"45451.65"	"5d4.6s2"	"3G"	"5"	""	"*"	"5"		""	"L153"	
"390.1826"	"390.1826"	"20"	""		"18974.51"	"44596.28"	"5d5.(4G).6s"	"5G"	"3"	""	"*"	"2"		""	"L153"	
"390.2672"	"390.2677"	"4"	""		"22773.78"	"48389.96"	"5d5.(4D).6s"	"5D"	"0"	""	"*"	"1"		""	"L153"	
"390.2730"	"390.2715"	"1"	""		"26861.64"	"52477.57"	"5d5.(2F1).6s"	"3F"	"2"	""	"*"	"1"		""	"L153"	
"390.2820"	"390.2828"	"2"	""		"28233.44"	"53848.63"	"5d5.(4F).6s"	"5F"	"5"	""	"*"	"4"		""	"L153"	
"390.3294"	"390.3293"	"12"	""		"18280.48"	"43892.62"	"5d5.(6S).6s"	"5S"	"2"	""	"*"	"1"		""	"L153"	
"390.3984"	"390.3976"	"20"	""		"29773.34"	"55381.00"	"5d4.6s.(6D).6p"	"7D*"	"5"	""	""	"5"		""	"L153"	
"390.4890"	"390.4886"	"2"	""		"29853.66"	"55455.35"	"5d5.(4F).6s"	"5F"	"4"	""	"*"	"5"		""	"L153"	
"390.5660"	"390.5675"	"1"	""		"32135.94"	"57732.46"	"5d5.(4G).6s"	"3G"	"4"	""	"*"	"3"		""	"L153"	
"390.5972"	"390.5971"	"20"	""		"19827.68"	"45422.26"	"5d5.(4P).6s"	"5P"	"3"	""	"*"	"2"		""	"L153"	
"390.6240"	"390.6252"	"4"	""		"27213.82"	"52806.56"	"5d5.(2F1).6s"	"3F"	"4"	""	"*"	"3"		""	"L153"	
"390.7090"	"390.7100"	"2"	""		"23930.08"	"49517.26"	"5d5.(4D).6s"	"5D"	"3"	""	"*"	"2"		""	"L153"	
"390.7190"	"390.7189"	"8"	""		"20174.20"	"45760.80"	"5d4.6s2"	"1S2"	"0"	""	"*"	"1"		""	"L153"	
"390.7924"	"390.7928"	"1"	""		"19535.01"	"45116.77"	"5d5.(4G).6s"	"5G"	"5"	""	"*"	"4"		""	"L153"	
"390.9790"	"390.9793"	"2"	""		"26367.28"	"51936.84"	""	"*"	"2"	""	""	"2"		""	"L153c23"	
"391.1280"	"391.1289"	"5"	""		"29773.34"	"55333.12"	"5d4.6s.(6D).6p"	"7D*"	"5"	""	""	"4"		""	"L153"	
"391.1740"	"391.1753"	"1"	""		"28291.88"	"53848.63"	"5d5.(2F1).6s"	"3F"	"3"	""	"*"	"4"		""	"L153"	
"391.2810"	"391.2814"	"10"	""		"17701.18"	"43251.00"	"5d4.6s2"	"3F2"	"3"	""	"*"	"4"		""	"L153"	
"391.416"	""	"2w"	""		""	""	""	""	""	""	""	""		""	"L153"	
"391.515"	"391.5167"	"2"	""		"23982.80"	"49517.26"	"5d5.(4D).6s"	"5D"	"2"	""	"*"	"2"		""	"L153"	
"391.5614"	"391.5615"	"3"	""		"23982.80"	"49514.34"	"5d5.(4D).6s"	"5D"	"2"	""	"*"	"3"		""	"L153"	
"391.6386"	"391.6391"	"4"	""		"17701.18"	"43227.66"	"5d4.6s2"	"3F2"	"3"	""	"*"	"2"		""	"L153"	
"391.7260"	"391.7277"	"2"	""		"28898.96"	"54419.67"	"5d4.6s2"	"3P1"	"2"	""	"*"	"1"		""	"L153"	
"391.7624"	"391.7625"	"6"	""		"29139.12"	"54657.56"	"5d4.6s.(6D).6p"	"5F*"	"3"	""	""	"3"		""	"L153"	
"391.8195"	"391.8223"	"2"	""		"32217.91"	"57732.46"	""	""	"3"	""	"*"	"3"		""	"L153,L416"	
"391.8266"	"391.8289"	"1w"	""		"24789.66"	"50303.78"	"5d4.6s2"	"1D2"	"2"	""	"*"	"3"		""	"L153"	
"391.8438"	"391.8439"	"3"	""		"15069.93"	"40583.07"	"5d4.6s2"	"3H"	"5"	""	"*"	"4"		""	"L153"	
"391.8587"	"391.8596"	"20"	""		"12161.96"	"37674.08"	"5d4.6s2"	"3H"	"4"	""	"*"	"3"		""	"L153"	
"391.9025"	""	"4"	""		""	""	""	""	""	""	""	""		""	"L153"	
"392.0646"	""	"1"	""		""	""	""	""	""	""	""	""		""	"L153"	
"392.2326"	"392.2332"	"8"	""		"23930.08"	"49417.90"	"5d5.(4D).6s"	"5D"	"3"	""	"*"	"3"		""	"L153"	
"392.2606"	""	"1w"	""		""	""	""	""	""	""	""	""		""	"L153"	
"392.2716"	"392.2748"	"1"	""		"30374.20"	"55859.32"	"5d4.6s2"	"3F1"	"2"	""	"*"	"1"		""	"L153"	
"392.4362"	"392.4361"	"10"	"2.8e+06"	C	"20427.84"	"45902.48"	"5d5.(4P).6s"	"5P"	"1"	""	"*"	"2"		"T6977"	"L153"	
"392.4687"	"392.4689"	"10"	"3.0e+06"	B	"18974.51"	"44447.02"	"5d5.(4G).6s"	"5G"	"3"	""	"*"	"3"		"T6977"	"L153"	
"392.5058"	"392.5073"	"1"	""		"28392.70"	"53862.72"	"5d5.(2I).6s"	"3I"	"6"	""	"*"	"5"		""	"L153"	
"392.6027"	"392.6029"	"10"	""		"15460.01"	"40923.83"	"5d4.6s2"	"3D"	"3"	""	"*"	"3"		""	"L153"	
"392.635"	"392.6353"	"2w"	""		"29195.84"	"54657.56"	"5d4.6s.(6D).6p"	"5D*"	"2"	""	""	"3"		""	"L153"	
"392.646"	"392.6476"	"1w*"	""		"30374.20"	"55835.12"	"5d4.6s2"	"3F1"	"2"	""	"*"	"2"		""	"L153c23"	
"392.646"	"392.6479"	"1w*"	""		"23982.80"	"49443.70"	"5d5.(4D).6s"	"5D"	"2"	""	"*"	"1"		""	"L153"	
"392.9294"	"392.9305"	"3"	""		"31389.08"	"56831.67"	"5d5.(4G).6s"	"3G"	"5"	""	"*"	"4"		""	"L153"	
"392.9664"	""	"3"	""		""	""	""	""	""	""	""	""		""	"L153"	
"393.0232"	"393.0244"	"12"	"3.6e+06"	C	"19826.04"	"45262.55"	"5d4.6s2"	"3G"	"5"	""	"*"	"4"		"T6977"	"L153"	
"393.0474"	"393.0487"	"15"	"2.37e+06"	B	"14976.18"	"40411.12"	"5d4.6s2"	"3D"	"2"	""	"*"	"1"		"T6977"	"L153c23"	
"393.096"	"393.0964"	"12"	""		"18082.83"	"43514.68"	"5d4.6s2"	"3D"	"1"	""	"*"	"2"		""	"L153"	
"393.144"	"393.1459"	"2"	""		"29430.50"	"54859.15"	""	""	"3"	""	"*"	"2"		""	"L153,L416"	
"393.1926"	"393.1929"	"4"	""		"17107.01"	"42532.62"	"5d4.6s2"	"3F2"	"4"	""	"*"	"4"		""	"L153"	
"393.4593"	"393.4594"	"4"	""		"15460.01"	"40868.40"	"5d4.6s2"	"3D"	"3"	""	"*"	"2"		""	"L153"	
"393.4887"	"393.4888"	"5"	""		"15069.93"	"40476.42"	"5d4.6s2"	"3H"	"5"	""	"*"	"5"		""	"L153"	
"393.5033"	"393.5032"	"25*"	""		"19535.01"	"44940.57"	"5d5.(4G).6s"	"5G"	"5"	""	"*"	"4"		""	"L153"	
"393.5033"	"393.5043"	"25*"	""		"13777.71"	"39183.20"	"5d4.6s2"	"3F2"	"2"	""	"*"	"1"		""	"L153"	
"393.5352"	""	"5"	""		""	""	""	""	""	""	""	""		""	"L153"	
"393.5912"	"393.5912"	"3"	""		"13348.56"	"38748.44"	"5d4.6s2"	"3G"	"3"	""	"*"	"4"		""	"L153"	
"393.6062"	""	"4"	""		""	""	""	""	""	""	""	""		""	"L153"	
"393.6220"	"393.6228"	"12"	""		"18116.84"	"43514.68"	"5d5.(4G).6s"	"5G"	"2"	""	"*"	"2"		""	"L153"	
"393.6488"	"393.6507"	"1"	""		"24789.66"	"50185.70"	"5d4.6s2"	"1D2"	"2"	""	"*"	"3"		""	"L153"	
"393.6782"	"393.6799"	"1"	""		"26861.64"	"52255.80"	"5d5.(2F1).6s"	"3F"	"2"	""	"*"	"3"		""	"L153"	
"393.6974"	"393.6980"	"25"	""		"18974.51"	"44367.50"	"5d5.(4G).6s"	"5G"	"3"	""	"*"	"2"		""	"L153"	
"393.7614"	"393.7616"	"15"	""		"19535.01"	"44923.90"	"5d5.(4G).6s"	"5G"	"5"	""	"*"	"6"		""	"L153"	
"393.773"	""	"1"	""		""	""	""	""	""	""	""	""		""	"L153"	
"393.8777"	""	"3w"	""		""	""	""	""	""	""	""	""		""	"L153"	
"393.9434"	""	"8"	""		""	""	""	""	""	""	""	""		""	"L153"	
"393.9684"	""	"1w"	""		""	""	""	""	""	""	""	""		""	"L153"	
"393.9894"	"393.9902"	"5"	""		"22476.68"	"47850.84"	"5d5.(4D).6s"	"5D"	"4"	""	"*"	"5"		""	"L153"	
"394.0415"	"394.0422"	"1"	""		"28898.96"	"54269.77"	"5d4.6s2"	"3P1"	"2"	""	"*"	"3"		""	"L153"	
"394.1824"	"394.1831"	"8"	""		"18116.84"	"43478.58"	"5d5.(4G).6s"	"5G"	"2"	""	"*"	"3"		""	"L153"	
"394.2338"	""	"4w"	""		""	""	""	""	""	""	""	""		""	"L153"	
"394.4790"	"394.4790"	"6"	""		"19253.56"	"44596.28"	"5d4.6s2"	"3P2"	"2"	""	"*"	"2"		""	"L153"	
"394.5197"	"394.5201"	"5"	""		"23930.08"	"49270.16"	"5d5.(4D).6s"	"5D"	"3"	""	"*"	"2"		""	"L153"	
"394.5971"	"394.5969"	"1w"	""		"31432.91"	"56768.06"	"5d4.6s.(6D).6p"	"5F*"	"4"	""	""	"5"		""	"L153"	
"394.6296"	"394.6297"	"8w*"	""		"23455.02"	"48788.06"	"5d5.(4D).6s"	"5D"	"1"	""	"*"	"1"		""	"L153"	
"394.6296"	"394.6310"	"8w*"	""		"20427.84"	"45760.80"	"5d5.(4P).6s"	"5P"	"1"	""	"*"	"1"		""	"L153"	
"394.7977"	"394.7974"	"20"	""		"19648.54"	"44970.82"	"5d5.(4G).6s"	"5G"	"6"	""	"*"	"7"		""	"L153"	
"394.8673"	"394.8680"	"2"	""		"22852.80"	"48170.55"	"5d4.6s2"	"1G2"	"4"	""	"*"	"3"		""	"L153"	
"394.9636"	""	"2"	""		""	""	""	""	""	""	""	""		""	"L153"	
"395.0113"	"395.0107"	"5"	""		"20983.02"	"46291.63"	"5d5.(4P).6s"	"5P"	"2"	""	"*"	"1"		""	"L153"	
"395.0384"	""	"1"	""		""	""	""	""	""	""	""	""		""	"L153"	
"395.1161"	"395.1160"	"4w"	""		"25983.60"	"51285.46"	"5d4.6s.(6D).6p"	"5F*"	"1"	""	""	"0"		""	"L153"	
"395.1876"	""	"6"	""		""	""	""	""	""	""	""	""		""	"L153"	
"395.2254"	""	"5"	""		""	""	""	""	""	""	""	""		""	"L153"	
"395.2517"	"395.2518"	"25"	""		"14976.18"	"40269.35"	"5d4.6s2"	"3D"	"2"	""	"*"	"3"		""	"L153"	
"395.2897"	"395.2899"	"20"	""		"19826.04"	"45116.77"	"5d4.6s2"	"3G"	"5"	""	"*"	"4"		""	"L153"	
"395.3152"	"395.3156"	"30"	""		"19827.68"	"45116.77"	"5d5.(4P).6s"	"5P"	"3"	""	"*"	"4"		""	"L153"	
"395.3422"	"395.3426"	"5"	""		"23982.80"	"49270.16"	"5d5.(4D).6s"	"5D"	"2"	""	"*"	"2"		""	"L153"	
"395.3708"	"395.3704"	"6"	""		"22852.80"	"48138.38"	"5d4.6s2"	"1G2"	"4"	""	"*"	"5"		""	"L153"	
"395.5304"	"395.5303"	"40"	""		"19648.54"	"44923.90"	"5d5.(4G).6s"	"5G"	"6"	""	"*"	"6"		""	"L153"	
"395.5763"	"395.5766"	"2"	""		"29460.98"	"54733.38"	"5d5.(2I).6s"	"3I"	"7"	""	"*"	"6"		""	"L153"	
"395.629"	"395.6292"	"2"	""		"13307.10"	"38576.14"	"5d4.6s2"	"3P2"	"1"	""	"*"	"0"		""	"L153"	
"395.7066"	"395.7057"	"3w"	""		"29393.40"	"54657.56"	"5d4.6s.(6D).6p"	"5P*"	"2"	""	""	"3"		""	"L153"	
"395.7219"	"395.7234"	"1"	""		"16431.31"	"41694.34"	"5d4.6s2"	"3G"	"4"	""	"*"	"3"		""	"L153"	
"395.8874"	"395.8877"	"20"	"1.96e+06"	B	"13777.71"	"39030.25"	"5d4.6s2"	"3F2"	"2"	""	"*"	"2"		"T6977"	"L153"	
"396.1756"	"396.1755"	"4"	""		"18280.48"	"43514.68"	"5d5.(6S).6s"	"5S"	"2"	""	"*"	"2"		""	"L153"	
"396.2324"	"396.2326"	"15"	""		"17008.50"	"42239.06"	"5d4.6s2"	"3H"	"6"	""	"*"	"6"		""	"L153"	
"396.3562"	"396.3574"	"1"	""		"27213.82"	"52436.44"	"5d5.(2F1).6s"	"3F"	"4"	""	"*"	"4"		""	"L153"	
"396.3695"	"396.3693"	"4"	""		"23930.08"	"49151.94"	"5d5.(4D).6s"	"5D"	"3"	""	"*"	"2"		""	"L153"	
"396.4319"	"396.4320"	"3"	""		"23930.08"	"49147.95"	"5d5.(4D).6s"	"5D"	"3"	""	"*"	"4"		""	"L153"	
"396.4798"	"396.4768"	"1w"	""		"27670.48"	"52885.50"	"5d5.(4F).6s"	"5F"	"1"	""	"*"	"2"		""	"L153"	
"396.4992"	"396.4995"	"10"	"1.0e+05"	B	"6219.33"	"31432.91"	"5d4.6s2"	"5D"	"4"	"5d4.6s.(6D).6p"	"5F*"	"4"		"T4976"	"L153"	
"396.5137"	"396.5141"	"20"	""		"22476.68"	"47689.33"	"5d5.(4D).6s"	"5D"	"4"	""	"*"	"4"		""	"L153"	
"396.5483"	""	"4w"	""		""	""	""	""	""	""	""	""		""	"L153"	
"396.5632"	"396.5627"	"3"	""		"17701.18"	"42910.74"	"5d4.6s2"	"3F2"	"3"	""	"*"	"4"		""	"L153"	
"396.5905"	""	"1"	""		""	""	""	""	""	""	""	""		""	"L153"	
"396.6210"	"396.6212"	"3"	""		"15460.01"	"40665.85"	"5d4.6s2"	"3D"	"3"	""	"*"	"3"		""	"L153"	
"396.6754"	"396.6747"	"5w"	""		"26861.64"	"52064.08"	"5d5.(2F1).6s"	"3F"	"2"	""	"*"	"2"		""	"L153"	
"396.7175"	"396.7163"	"2"	""		"20174.20"	"45374.00"	"5d4.6s2"	"1S2"	"0"	""	"*"	"1"		""	"L153"	
"396.7392"	"396.7431"	"1w"	""		"18280.48"	"43478.58"	"5d5.(6S).6s"	"5S"	"2"	""	"*"	"3"		""	"L153"	
"396.8171"	"396.8161"	"6"	""		"19253.56"	"44447.02"	"5d4.6s2"	"3P2"	"2"	""	"*"	"3"		""	"L153"	
"396.8502"	"396.8506"	"6"	"5.07e+05"	D	"9528.06"	"34719.33"	"5d4.6s2"	"3P2"	"0"	""	"*"	"1"		"T4976"	"L153"	
"396.8590"	"396.8584"	"20"	"9.3e+06"	C	"19256.24"	"44447.02"	"5d5.(4G).6s"	"5G"	"4"	""	"*"	"3"		"T6977"	"L153"	
"396.9004"	""	"1"	""		""	""	""	""	""	""	""	""		""	"L153"	
"396.9195"	"396.9201"	"15"	""		"19827.68"	"45014.54"	"5d5.(4P).6s"	"5P"	"3"	""	"*"	"3"		""	"L153"	
"397.0798"	"397.0778"	"30"	""		"28797.24"	"53974.10"	"5d4.6s.(6D).6p"	"7D*"	"4"	""	""	"5"		""	"L153"	
"397.1539"	"397.1567"	"1"	""		"30374.20"	"55546.06"	"5d4.6s2"	"3F1"	"2"	""	"*"	"3"		""	"L153"	
"397.2002"	"397.1996"	"6"	""		"23982.80"	"49151.94"	"5d5.(4D).6s"	"5D"	"2"	""	"*"	"2"		""	"L153"	
"397.2806"	"397.2801"	"4"	""		"15069.93"	"40233.97"	"5d4.6s2"	"3H"	"5"	""	"*"	"4"		""	"L153"	
"397.3290"	"397.3293"	"5"	""		"20064.30"	"45225.22"	"5d4.6s.(6D).6p"	"7F*"	"1"	"5d4.6s.(6D).7s"	"5D"	"0"		""	"L153"	
"397.415"	"397.4140"	"2"	""		"29853.66"	"55009.22"	"5d5.(4F).6s"	"5F"	"4"	""	"*"	"5"		""	"L153"	
"397.4306"	"397.4327"	"2"	""		"28720.88"	"53875.26"	"5d5.(4P).6s"	"3P"	"1"	""	"*"	"1"		""	"L153"	
"397.4451"	"397.4443"	"1"	""		"26861.64"	"52015.28"	"5d5.(2F1).6s"	"3F"	"2"	""	"*"	"3"		""	"L153"	
"397.484"	""	"1"	""		""	""	""	""	""	""	""	""		""	"L153"	
"397.5470"	"397.5461"	"12"	"4.1e+05"	C	"12161.96"	"37309.16"	"5d4.6s2"	"3H"	"4"	""	"*"	"5"		"T4976"	"L153"	
"397.5896"	"397.5888"	"8"	"5.9e+06"	B	"17107.01"	"42251.51"	"5d4.6s2"	"3F2"	"4"	""	"*"	"3"		"T6977"	"L153"	
"397.6290"	"397.6274"	"4"	""		"23930.08"	"49072.14"	"5d5.(4D).6s"	"5D"	"3"	""	"*"	"3"		""	"L153"	
"397.652"	"397.6500"	"2"	""		"31432.91"	"56573.54"	"5d4.6s.(6D).6p"	"5F*"	"4"	""	""	"5"		""	"L153"	
"397.7001"	"397.6997"	"2"	""		"31389.08"	"56526.57"	"5d5.(4G).6s"	"3G"	"5"	""	"*"	"6"		""	"L153"	
"397.8822"	"397.8827"	"2"	""		"29430.50"	"54556.43"	""	""	"3"	""	"*"	"3"		""	"L153,L416"	
"397.9290"	"397.9281"	"30"	"8.6e+06"	B	"15460.01"	"40583.07"	"5d4.6s2"	"3D"	"3"	""	"*"	"4"		"T6977"	"L153"	
"397.9519"	"397.9513"	"1"	""		"20983.02"	"46104.62"	"5d5.(4P).6s"	"5P"	"2"	""	"*"	"1"		""	"L153"	
"397.956"	""	"1w"	""		""	""	""	""	""	""	""	""		""	"L153"	
"397.984"	"397.9820"	"1w"	""		"28797.24"	"53916.90"	"5d4.6s.(6D).6p"	"7D*"	"4"	""	""	"3"		""	"L153"	
"398.0298"	"398.0279"	"4"	""		"22476.68"	"47593.44"	"5d5.(4D).6s"	"5D"	"4"	""	"*"	"3"		""	"L153"	
"398.0644"	"398.0633"	"25"	""		"19826.04"	"44940.57"	"5d4.6s2"	"3G"	"5"	""	"*"	"4"		""	"L153"	
"398.0742"	"398.0726"	"3"	""		"19253.56"	"44367.50"	"5d4.6s2"	"3P2"	"2"	""	"*"	"2"		""	"L153"	
"398.0910"	"398.0893"	"4"	""		"19827.68"	"44940.57"	"5d5.(4P).6s"	"5P"	"3"	""	"*"	"4"		""	"L153"	
"398.1233"	"398.1221"	"6"	""		"18116.84"	"43227.66"	"5d5.(4G).6s"	"5G"	"2"	""	"*"	"2"		""	"L153"	
"398.1578"	""	"2"	""		""	""	""	""	""	""	""	""		""	"L153"	
"398.245"	""	"1"	""		""	""	""	""	""	""	""	""		""	"L153"	
"398.2874"	"398.2859"	"6"	"1.39e+07"	C	"18116.84"	"43217.33"	"5d5.(4G).6s"	"5G"	"2"	""	"*"	"1"		"T6977"	"L153"	
"398.2968"	"398.2953"	"10"	""		"19253.56"	"44353.46"	"5d4.6s2"	"3P2"	"2"	""	"*"	"1"		""	"L153"	
"398.3173"	"398.3169"	"1"	""		"28291.88"	"53390.42"	"5d5.(2F1).6s"	"3F"	"3"	""	"*"	"3"		""	"L153"	
"398.3292"	"398.3277"	"50*"	""		"19826.04"	"44923.90"	"5d4.6s2"	"3G"	"5"	""	"*"	"6"		""	"L153"	
"398.3292"	"398.3302"	"50*"	""		"34302.04"	"59399.74"	"5d5.(2G2).6s"	"3G"	"4"	""	"*"	"3"		""	"L153c23"	
"398.4634"	"398.4630"	"2"	""		"23982.80"	"49072.14"	"5d5.(4D).6s"	"5D"	"2"	""	"*"	"3"		""	"L153"	
"398.4757"	"398.4734"	"1"	""		"24610.88"	"49699.56"	"5d4.6s2"	"1F"	"3"	""	"*"	"2"		""	"L153"	
"398.5668"	"398.5661"	"5"	"1.74e+04"	D	"4830.00"	"29912.85"	"5d4.6s2"	"5D"	"3"	"5d4.6s.(6D).6p"	"5D*"	"3"		"T4976"	"L153"	
"398.5788"	""	"4"	""		""	""	""	""	""	""	""	""		""	"L153"	
"398.7531"	""	"5w"	""		""	""	""	""	""	""	""	""		""	"L153"	
"398.7854"	""	"3"	""		""	""	""	""	""	""	""	""		""	"L153"	
"398.8010"	"398.8003"	"8"	""		"16431.31"	"41499.43"	"5d4.6s2"	"3G"	"4"	""	"*"	"3"		""	"L153"	
"399.0614"	""	"1"	""		""	""	""	""	""	""	""	""		""	"L153"	
"399.1227"	"399.1228"	"15"	""		"21448.76"	"46496.62"	"5d4.6s.(6D).6p"	"7F*"	"2"	"5d4.6s.(6D).7s"	"7D"	"3"		""	"L153"	
"399.1518"	"399.1499"	"4"	""		"22773.78"	"47819.94"	"5d5.(4D).6s"	"5D"	"0"	""	"*"	"1"		""	"L153"	
"399.2018"	"399.2032"	"1w"	""		"28347.60"	"53390.42"	"5d5.(4F).6s"	"5F"	"3"	""	"*"	"3"		""	"L153"	
"399.2756"	""	"12"	""		""	""	""	""	""	""	""	""		""	"L153"	
"399.3911"	"399.3915"	"8"	""		"23047.31"	"48078.32"	"5d4.6s.(6D).6p"	"7F*"	"3"	"5d4.6s.(6D).7s"	"5D"	"2"		""	"L153"	
"399.4774"	"399.4772"	"3"	""		"24610.88"	"49636.52"	"5d4.6s2"	"1F"	"3"	""	"*"	"4"		""	"L153"	
"399.6450"	"399.6455"	"3"	""		"30374.20"	"55389.30"	"5d4.6s2"	"3F1"	"2"	""	"*"	"3"		""	"L153"	
"399.7008"	"399.6991"	"1"	""		"19535.01"	"44546.76"	"5d5.(4G).6s"	"5G"	"5"	""	"*"	"5"		""	"L153"	
"399.7136"	"399.7127"	"8"	""		"18974.51"	"43985.41"	"5d5.(4G).6s"	"5G"	"3"	""	"*"	"4"		""	"L153"	
"399.7341"	"399.7344"	"6"	""		"21448.76"	"46458.30"	"5d4.6s.(6D).6p"	"7F*"	"2"	"5d4.6s.(6D).7s"	"5D"	"1"		""	"L153"	
"399.7757"	"399.7750"	"5"	""		"22476.68"	"47483.68"	"5d5.(4D).6s"	"5D"	"4"	""	"*"	"3"		""	"L153"	
"399.7891"	"399.7881"	"2"	""		"27849.80"	"52855.98"	"5d5.(2I).6s"	"3I"	"5"	""	"*"	"6"		""	"L153"	
"399.8160"	"399.8166"	"10"	""		"21453.90"	"46458.30"	"5d4.6s.(6D).6p"	"7D*"	"1"	"5d4.6s.(6D).7s"	"5D"	"1"		""	"L153"	
"399.8756"	"399.8756"	"15"	"1.24e+07"	C	"18974.51"	"43975.22"	"5d5.(4G).6s"	"5G"	"3"	""	"*"	"2"		"T6977"	"L153"	
"399.9188"	"399.9183"	"3*"	""		"22852.80"	"47850.84"	"5d4.6s2"	"1G2"	"4"	""	"*"	"5"		""	"L153"	
"399.9188"	"399.9202"	"3*"	""		"28347.60"	"53345.52"	"5d5.(4F).6s"	"5F"	"3"	""	"*"	"3"		""	"L153"	
"399.9675"	"399.9672"	"2"	""		"28233.44"	"53228.42"	"5d5.(4F).6s"	"5F"	"5"	""	"*"	"6"		""	"L153"	
"399.976"	"399.9762"	"1"	""		"20427.84"	"45422.26"	"5d5.(4P).6s"	"5P"	"1"	""	"*"	"2"		""	"L153"	
"400.0695"	"400.0668"	"15"	""		"28797.24"	"53786.00"	"5d4.6s.(6D).6p"	"7D*"	"4"	""	""	"4"		""	"L153"	
"400.1380"	"400.1366"	"20"	"5.6e+05"	B	"12161.96"	"37146.36"	"5d4.6s2"	"3H"	"4"	""	"*"	"4"		"T4976"	"L153"	
"400.2656"	"400.2664"	"3"	""		"28898.96"	"53875.26"	"5d4.6s2"	"3P1"	"2"	""	"*"	"1"		""	"L153"	
"400.2782"	""	"1"	""		""	""	""	""	""	""	""	""		""	"L153"	
"400.2956"	""	"1"	""		""	""	""	""	""	""	""	""		""	"L153"	
"400.5152"	"400.5148"	"1"	""		"28233.44"	"53194.25"	"5d5.(4F).6s"	"5F"	"5"	""	"*"	"5"		""	"L153"	
"400.5404"	"400.5411"	"25"	""		"1670.29"	"26629.46"	"5d4.6s2"	"5D"	"1"	"5d4.6s.(6D).6p"	"5D*"	"0"		""	"L153"	
"400.5688"	""	"1"	""		""	""	""	""	""	""	""	""		""	"L153"	
"400.5893"	"400.5893"	"8"	""		"34465.83"	"59422.00"	""	""	"3"	""	"*"	"2"		""	"L153,L416"	
"400.7355"	"400.7336"	"1"	""		"18280.48"	"43227.66"	"5d5.(6S).6s"	"5S"	"2"	""	"*"	"2"		""	"L153"	
"400.7437"	"400.7441"	"1"	""		"28291.88"	"53238.41"	"5d5.(2F1).6s"	"3F"	"3"	""	"*"	"4"		""	"L153"	
"400.87506"	"400.8749"	"1000"	"1.63e+07"	B	"2951.29"	"27889.68"	"5d5.(6S).6s"	"7S"	"3"	"5d5.(6S).6p"	"7P*"	"4"		"T7858"	"L11762"	
"400.9005"	"400.8996"	"5"	""		"18280.48"	"43217.33"	"5d5.(6S).6s"	"5S"	"2"	""	"*"	"1"		""	"L153"	
"400.9454"	"400.9464"	"3"	""		"26189.20"	"51123.14"	"5d4.6s.(6D).6p"	"7D*"	"3"	"5d4.6s.(6D).7s"	"5D"	"4"		""	"L153"	
"401.0377"	"401.0383"	"15"	""		"23047.31"	"47975.54"	"5d4.6s.(6D).6p"	"7F*"	"3"	"5d4.6s.(6D).7s"	"7D"	"4"		""	"L153"	
"401.1022"	"401.1015"	"3"	""		"27849.80"	"52774.10"	"5d5.(2I).6s"	"3I"	"5"	""	"*"	"5"		""	"L153"	
"401.1302"	"401.1289"	"4"	""		"25983.60"	"50906.20"	"5d4.6s.(6D).6p"	"5F*"	"1"	""	""	"1"		""	"L153"	
"401.1810"	"401.1794"	"4"	""		"20983.02"	"45902.48"	"5d5.(4P).6s"	"5P"	"2"	""	"*"	"2"		""	"L153"	
"401.2492"	""	"1w"	""		""	""	""	""	""	""	""	""		""	"L153"	
"401.2704"	"401.2694"	"1"	""		"32217.91"	"57131.78"	""	""	"3"	""	"*"	"3"		""	"L153,L416"	
"401.2988"	""	"1"	""		""	""	""	""	""	""	""	""		""	"L153"	
"401.3186"	"401.3182"	"10"	""		"13348.56"	"38259.40"	"5d4.6s2"	"3G"	"3"	""	"*"	"4"		""	"L153"	
"401.3440"	""	"1w"	""		""	""	""	""	""	""	""	""		""	"L153"	
"401.4935"	"401.4928"	"6"	""		"17701.18"	"42601.19"	"5d4.6s2"	"3F2"	"3"	""	"*"	"3"		""	"L153"	
"401.5218"	"401.5216"	"100"	""		"19648.54"	"44546.76"	"5d5.(4G).6s"	"5G"	"6"	""	"*"	"5"		""	"L153"	
"401.6108"	"401.6115"	"6"	""		"24763.39"	"49656.04"	"5d4.6s.(6D).6p"	"7F*"	"4"	"5d4.6s.(6D).7s"	"5D"	"3"		""	"L153"	
"401.6524"	"401.6525"	"50"	""		"27488.11"	"52378.22"	"5d5.(6S).6p"	"7P*"	"3"	""	""	"4"		""	"L153"	
"401.6922"	"401.6933"	"3"	""		"33291.80"	"58179.38"	"5d5.(2I).6s"	"1I"	"6"	""	"*"	"5"		""	"L153"	
"401.7348"	"401.7340"	"5*"	""		"22476.68"	"47361.74"	"5d5.(4D).6s"	"5D"	"4"	""	"*"	"3"		""	"L153"	
"401.7348"	"401.7374"	"5*"	""		"28233.44"	"53118.29"	"5d5.(4F).6s"	"5F"	"5"	""	"*"	"4"		""	"L153"	
"401.8313"	"401.8310"	"3"	""		"20427.84"	"45306.89"	"5d5.(4P).6s"	"5P"	"1"	""	"*"	"0"		""	"L153"	
"401.8750"	"401.8750"	"3"	""		"18974.51"	"43850.84"	"5d5.(4G).6s"	"5G"	"3"	""	"*"	"3"		""	"L153"	
"401.8898"	""	"1"	""		""	""	""	""	""	""	""	""		""	"L153"	
"401.9123"	""	"2"	""		""	""	""	""	""	""	""	""		""	"L153"	
"401.9227"	"401.9228"	"60"	"6.7e+05"	B	"3325.53"	"28198.90"	"5d4.6s2"	"5D"	"2"	"5d4.6s.(6D).6p"	"5P*"	"1"		"T4976"	"L153"	
"402.0204"	"402.0214"	"2"	""		"27213.82"	"52081.09"	"5d5.(2F1).6s"	"3F"	"4"	""	"*"	"5"		""	"L153"	
"402.1746"	"402.1742"	"3"	""		"13348.56"	"38206.38"	"5d4.6s2"	"3G"	"3"	""	"*"	"3"		""	"L153"	
"402.2115"	"402.2111"	"15"	""		"20064.30"	"44919.84"	"5d4.6s.(6D).6p"	"7F*"	"1"	"5d4.6s.(6D).7s"	"7D"	"2"		""	"L153"	
"402.2830"	""	"4"	""		""	""	""	""	""	""	""	""		""	"L153"	
"402.2994"	""	"1w"	""		""	""	""	""	""	""	""	""		""	"L153"	
"402.3492"	""	"2"	""		""	""	""	""	""	""	""	""		""	"L153"	
"402.3666"	"402.3662"	"1"	""		"27213.82"	"52059.78"	"5d5.(2F1).6s"	"3F"	"4"	""	"*"	"4"		""	"L153"	
"402.5194"	"402.5190"	"5"	""		"22852.80"	"47689.33"	"5d4.6s2"	"1G2"	"4"	""	"*"	"4"		""	"L153"	
"402.5348"	"402.5321"	"1"	""		"28392.70"	"53228.42"	"5d5.(2I).6s"	"3I"	"6"	""	"*"	"6"		""	"L153"	
"402.5888"	"402.5890"	"1"	""		"26861.64"	"51693.85"	"5d5.(2F1).6s"	"3F"	"2"	""	"*"	"2"		""	"L153"	
"402.6028"	"402.6015"	"2"	""		"17701.18"	"42532.62"	"5d4.6s2"	"3F2"	"3"	""	"*"	"4"		""	"L153"	
"402.6822"	"402.6831"	"1w"	""		"28291.88"	"53118.29"	"5d5.(2F1).6s"	"3F"	"3"	""	"*"	"4"		""	"L153"	
"402.8786"	"402.8783"	"40"	"2.48e+06"	B	"9528.06"	"34342.44"	"5d4.6s2"	"3P2"	"0"	""	"*"	"1"		"T6977"	"L153"	
"402.9023"	"402.9013"	"5"	""		"17701.18"	"42514.14"	"5d4.6s2"	"3F2"	"3"	""	"*"	"3"		""	"L153"	
"402.9603"	"402.9601"	"6"	""		"15460.01"	"40269.35"	"5d4.6s2"	"3D"	"3"	""	"*"	"3"		""	"L153"	
"402.9922"	""	"3"	""		""	""	""	""	""	""	""	""		""	"L153"	
"402.9982"	"402.9978"	"3"	""		"24610.88"	"49417.90"	"5d4.6s2"	"1F"	"3"	""	"*"	"3"		""	"L153"	
"403.0844"	"403.0867"	"1"	""		"28392.70"	"53194.25"	"5d5.(2I).6s"	"3I"	"6"	""	"*"	"5"		""	"L153"	
"403.1668"	"403.1664"	"6"	""		"27488.11"	"52284.76"	"5d5.(6S).6p"	"7P*"	"3"	""	""	"3"		""	"L153"	
"403.2382"	""	"4"	""		""	""	""	""	""	""	""	""		""	"L153"	
"403.2622"	""	"3"	""		""	""	""	""	""	""	""	""		""	"L153"	
"403.3466"	"403.3469"	"1w"	""		"31389.08"	"56174.63"	"5d5.(4G).6s"	"3G"	"5"	""	"*"	"4"		""	"L153"	
"403.4744"	"403.4734"	"2"	""		"20983.02"	"45760.80"	"5d5.(4P).6s"	"5P"	"2"	""	"*"	"1"		""	"L153"	
"403.4898"	""	"1w"	""		""	""	""	""	""	""	""	""		""	"L153"	
"403.5356"	"403.5356"	"12"	"2.90e+06"	B	"15460.01"	"40233.97"	"5d4.6s2"	"3D"	"3"	""	"*"	"4"		"T6977"	"L153"	
"403.6227"	"403.6229"	"2"	""		"19827.68"	"44596.28"	"5d5.(4P).6s"	"5P"	"3"	""	"*"	"2"		""	"L153"	
"403.6428"	"403.6419"	"2"	""		"19253.56"	"44021.00"	"5d4.6s2"	"3P2"	"2"	""	"*"	"3"		""	"L153"	
"403.6520"	"403.6518"	"2"	""		"16431.31"	"41198.14"	"5d4.6s2"	"3G"	"4"	""	"*"	"4"		""	"L153"	
"403.6855"	"403.6855"	"40"	"1.49e+07"	B	"19256.24"	"44021.00"	"5d5.(4G).6s"	"5G"	"4"	""	"*"	"3"		"T6977"	"L153"	
"403.9418"	"403.9416"	"8"	""		"17701.18"	"42450.24"	"5d4.6s2"	"3F2"	"3"	""	"*"	"4"		""	"L153"	
"403.9854"	"403.9857"	"12"	""		"18974.51"	"43720.87"	"5d5.(4G).6s"	"5G"	"3"	""	"*"	"4"		""	"L153"	
"403.9922"	"403.9916"	"5"	""		"23930.08"	"48676.08"	"5d5.(4D).6s"	"5D"	"3"	""	"*"	"4"		""	"L153"	
"404.0588"	"404.0588"	"10"	""		"19648.54"	"44390.42"	"5d5.(4G).6s"	"5G"	"6"	""	"*"	"6"		""	"L153"	
"404.080"	"404.0791"	"3"	""		"22852.80"	"47593.44"	"5d4.6s2"	"1G2"	"4"	""	"*"	"3"		""	"L153"	
"404.108"	"404.1078"	"2"	""		"26861.64"	"51600.52"	"5d5.(2F1).6s"	"3F"	"2"	""	"*"	"3"		""	"L153"	
"404.2390"	"404.2392"	"6"	""		"14976.18"	"39707.02"	"5d4.6s2"	"3D"	"2"	""	"*"	"2"		""	"L153"	
"404.2674"	"404.2665"	"3"	""		"19256.24"	"43985.41"	"5d5.(4G).6s"	"5G"	"4"	""	"*"	"4"		""	"L153"	
"404.3408"	"404.3399"	"3"	""		"24789.66"	"49514.34"	"5d4.6s2"	"1D2"	"2"	""	"*"	"3"		""	"L153"	
"404.3526"	""	"2"	""		""	""	""	""	""	""	""	""		""	"L153"	
"404.3894"	"404.3893"	"8"	"1.42e+07"	C	"19253.56"	"43975.22"	"5d4.6s2"	"3P2"	"2"	""	"*"	"2"		"T6977"	"L153"	
"404.4048"	"404.4047"	"3"	""		"19826.04"	"44546.76"	"5d4.6s2"	"3G"	"5"	""	"*"	"5"		""	"L153"	
"404.4280"	"404.4279"	"30"	""		"26229.77"	"50949.07"	"5d5.(6S).6p"	"7P*"	"2"	""	""	"1"		""	"L153"	
"404.5404"	"404.5409"	"5w"	""		"12161.96"	"36874.36"	"5d4.6s2"	"3H"	"4"	""	"*"	"3"		""	"L153"	
"404.5594"	"404.5600"	"100"	"2.88e+06"	B	"2951.29"	"27662.52"	"5d5.(6S).6s"	"7S"	"3"	"5d4.6s.(6D).6p"	"5F*"	"2"		"T4976"	"L153"	
"404.6702"	"404.6704"	"25"	""		"13348.56"	"38053.05"	"5d4.6s2"	"3G"	"3"	""	"*"	"3"		""	"L153"	
"404.698"	"404.6986"	"1"	""		"29853.66"	"54556.43"	"5d5.(4F).6s"	"5F"	"4"	""	"*"	"3"		""	"L153"	
"404.7938"	"404.7933"	"12"	"5.0e+04"	C	"1670.29"	"26367.28"	"5d4.6s2"	"5D"	"1"	""	"*"	"2"		"T4976"	"L153"	
"404.8136"	"404.8139"	"2"	""		"32135.94"	"56831.67"	"5d5.(4G).6s"	"3G"	"4"	""	"*"	"4"		""	"L153"	
"404.8320"	"404.8313"	"5"	""		"20983.02"	"45677.69"	"5d5.(4P).6s"	"5P"	"2"	""	"*"	"3"		""	"L153"	
"404.8854"	"404.8874"	"5"	""		"33952.85"	"58644.10"	"5d5.(4D).6s"	"3D"	"3"	""	"*"	"3"		""	"L153,L416"	
"405.0493"	"405.0506"	"1"	""		"28204.20"	"52885.50"	"5d5.(4F).6s"	"5F"	"2"	""	"*"	"2"		""	"L153"	
"405.1300"	"405.1306"	"3w"	""		"26229.77"	"50906.20"	"5d5.(6S).6p"	"7P*"	"2"	""	""	"1"		""	"L153"	
"405.232"	"405.2324"	"6"	""		"14976.18"	"39646.41"	"5d4.6s2"	"3D"	"2"	""	"*"	"3"		""	"L153"	
"405.268"	"405.2689"	"2w"	""		"19256.24"	"43924.25"	"5d5.(4G).6s"	"5G"	"4"	""	"*"	"5"		""	"L153"	
"405.3932"	"405.3933"	"15"	"4.9e+06"	B	"14976.18"	"39636.62"	"5d4.6s2"	"3D"	"2"	""	"*"	"1"		"T6977"	"L153"	
"405.5056"	"405.5057"	"1"	""		"23484.78"	"48138.38"	"5d4.6s2"	"1I"	"6"	""	"*"	"5"		""	"L153"	
"405.523"	"405.5228"	"5"	"1.79e+05"	C	"13348.56"	"38001.12"	"5d4.6s2"	"3G"	"3"	""	"*"	"4"		"T4976"	"L153"	
"405.5642"	"405.5645"	"4"	""		"15069.93"	"39719.96"	"5d4.6s2"	"3H"	"5"	""	"*"	"4"		""	"L153"	
"405.6181"	"405.6163"	"2w"	""		"29139.12"	"53786.00"	"5d4.6s.(6D).6p"	"5F*"	"3"	""	""	"4"		""	"L153"	
"405.6459"	"405.6458"	"2"	""		"28347.60"	"52992.69"	"5d5.(4F).6s"	"5F"	"3"	""	"*"	"4"		""	"L153"	
"405.6908"	"405.6920"	"2"	""		"27213.82"	"51856.10"	"5d5.(2F1).6s"	"3F"	"4"	""	"*"	"4"		""	"L153"	
"405.7460"	"405.7450"	"4"	""		"19253.56"	"43892.62"	"5d4.6s2"	"3P2"	"2"	""	"*"	"1"		""	"L153"	
"405.9244"	"405.9233"	"4"	""		"24789.66"	"49417.90"	"5d4.6s2"	"1D2"	"2"	""	"*"	"3"		""	"L153"	
"406.0166"	"406.0173"	"1"	""		"28233.44"	"52855.98"	"5d5.(4F).6s"	"5F"	"5"	""	"*"	"6"		""	"L153"	
"406.0234"	"406.0222"	"2"	""		"27662.52"	"52284.76"	"5d4.6s.(6D).6p"	"5F*"	"2"	""	""	"3"		""	"L153"	
"406.0705"	"406.0700"	"12"	"5.9e+06"	B	"19827.68"	"44447.02"	"5d5.(4P).6s"	"5P"	"3"	""	"*"	"3"		"T6977"	"L153"	
"406.2260"	"406.2266"	"1"	""		"33569.53"	"58179.38"	""	""	"4"	""	"*"	"5"		""	"L153,L416"	
"406.4580"	"406.4574"	"4"	""		"28347.60"	"52943.48"	"5d5.(4F).6s"	"5F"	"3"	""	"*"	"3"		""	"L153"	
"406.4791"	"406.4785"	"40"	"1.59e+07"	B	"19256.24"	"43850.84"	"5d5.(4G).6s"	"5G"	"4"	""	"*"	"3"		"T6977"	"L153"	
"406.5320"	"406.5332"	"6"	""		"24763.39"	"49354.68"	"5d4.6s.(6D).6p"	"7F*"	"4"	"5d4.6s.(6D).7s"	"7D"	"5"		""	"L153"	
"406.5992"	"406.5987"	"5"	""		"17107.01"	"41694.34"	"5d4.6s2"	"3F2"	"4"	""	"*"	"3"		""	"L153"	
"406.6910"	"406.6904"	"8"	""		"26367.28"	"50949.07"	""	"*"	"2"	""	""	"1"		""	"L153"	
"406.7513"	"406.7509"	"2"	""		"13777.71"	"38355.84"	"5d4.6s2"	"3F2"	"2"	""	"*"	"1"		""	"L153"	
"406.9154"	"406.9137"	"4"	""		"20983.02"	"45551.32"	"5d5.(4P).6s"	"5P"	"2"	""	"*"	"3"		""	"L153"	
"406.9794"	"406.9786"	"12"	""		"19826.04"	"44390.42"	"5d4.6s2"	"3G"	"5"	""	"*"	"6"		""	"L153"	
"406.9950"	"406.9948"	"80"	"3.60e+06"	B	"4830.00"	"29393.40"	"5d4.6s2"	"5D"	"3"	"5d4.6s.(6D).6p"	"5P*"	"2"		"T4976"	"L153"	
"407.0608"	"407.0598"	"60"	"5.7e+05"	B	"1670.29"	"26229.77"	"5d4.6s2"	"5D"	"1"	"5d5.(6S).6p"	"7P*"	"2"		"T6977"	"L153"	
"407.0890"	""	"1w"	""		""	""	""	""	""	""	""	""		""	"L153"	
"407.1928"	"407.1923"	"25"	"3.29e+06"	B	"15460.01"	"40011.50"	"5d4.6s2"	"3D"	"3"	""	"*"	"2"		"T6977"	"L153"	
"407.3150"	"407.3145"	"12"	""		"15069.93"	"39614.05"	"5d4.6s2"	"3H"	"5"	""	"*"	"5"		""	"L153"	
"407.3864"	"407.3859"	"3"	""		"19827.68"	"44367.50"	"5d5.(4P).6s"	"5P"	"3"	""	"*"	"2"		""	"L153"	
"407.4358"	"407.4357"	"600"	"1.0e+07"	B	"2951.29"	"27488.11"	"5d5.(6S).6s"	"7S"	"3"	"5d5.(6S).6p"	"7P*"	"3"		"T4976"	"L153"	
"407.6124"	""	"2"	""		""	""	""	""	""	""	""	""		""	"L153"	
"407.7043"	"407.7039"	"5"	""		"27662.52"	"52183.20"	"5d4.6s.(6D).6p"	"5F*"	"2"	""	""	"2"		""	"L153"	
"407.8119"	"407.8127"	"6"	""		"27488.11"	"52002.25"	"5d5.(6S).6p"	"7P*"	"3"	""	""	"3"		""	"L153"	
"407.9258"	"407.9250"	"4"	""		"22852.80"	"47360.19"	"5d4.6s2"	"1G2"	"4"	""	"*"	"4"		""	"L153"	
"407.9458"	"407.9457"	"1"	""		"28720.88"	"53227.03"	"5d5.(4P).6s"	"3P"	"1"	""	"*"	"1"		""	"L153"	
"407.9804"	"407.9803"	"3"	""		"18974.51"	"43478.58"	"5d5.(4G).6s"	"5G"	"3"	""	"*"	"3"		""	"L153"	
"408.0166"	""	"1w"	""		""	""	""	""	""	""	""	""		""	"L153"	
"408.1737"	"408.1727"	"1"	""		"16431.31"	"40923.83"	"5d4.6s2"	"3G"	"4"	""	"*"	"3"		""	"L153"	
"408.2054"	"408.2037"	"3"	""		"18082.83"	"42573.49"	"5d4.6s2"	"3D"	"1"	""	"*"	"1"		""	"L153"	
"408.2958"	"408.2959"	"30"	""		"19256.24"	"43741.37"	"5d5.(4G).6s"	"5G"	"4"	""	"*"	"5"		""	"L153"	
"408.3711"	"408.3703"	"6"	""		"16431.31"	"40911.98"	"5d4.6s2"	"3G"	"4"	""	"*"	"5"		""	"L153"	
"408.5044"	""	"2"	""		""	""	""	""	""	""	""	""		""	"L153"	
"408.600"	"408.6008"	"2"	""		"13307.10"	"37773.96"	"5d4.6s2"	"3P2"	"1"	""	"*"	"1"		""	"L153"	
"408.6525"	""	"3"	""		""	""	""	""	""	""	""	""		""	"L153"	
"408.6961"	"408.6943"	"2"	""		"24610.88"	"49072.14"	"5d4.6s2"	"1F"	"3"	""	"*"	"3"		""	"L153"	
"408.7388"	"408.7388"	"4"	""		"31389.08"	"55847.68"	"5d5.(4G).6s"	"3G"	"5"	""	"*"	"6"		""	"L153"	
"408.7729"	"408.7714"	"1"	""		"18116.84"	"42573.49"	"5d5.(4G).6s"	"5G"	"2"	""	"*"	"1"		""	"L153"	
"408.7980"	"408.7963"	"1"	""		"22476.68"	"46931.84"	"5d5.(4D).6s"	"5D"	"4"	""	"*"	"4"		""	"L153"	
"408.8330"	"408.8329"	"30"	"4.13e+05"	C	"3325.53"	"27778.50"	"5d4.6s2"	"5D"	"2"	"5d4.6s.(6D).6p"	"5D*"	"1"		"T4976"	"L153"	
"408.8768"	"408.8758"	"10"	""		"19535.01"	"43985.41"	"5d5.(4G).6s"	"5G"	"5"	""	"*"	"4"		""	"L153"	
"408.9054"	"408.9038"	"2w"	""		"27488.11"	"51936.84"	"5d5.(6S).6p"	"7P*"	"3"	""	""	"2"		""	"L153"	
"408.9380"	"408.9384"	"8"	""		"26676.48"	"51123.14"	"5d4.6s.(6D).6p"	"7F*"	"5"	"5d4.6s.(6D).7s"	"5D"	"4"		""	"L153"	
"409.030"	""	"2"	""		""	""	""	""	""	""	""	""		""	"L153"	
"409.0636"	"409.0626"	"6"	""		"20983.02"	"45422.26"	"5d5.(4P).6s"	"5P"	"2"	""	"*"	"2"		""	"L153"	
"409.1040"	""	"4"	""		""	""	""	""	""	""	""	""		""	"L153"	
"409.1212"	""	"3"	""		""	""	""	""	""	""	""	""		""	"L153"	
"409.2392"	"409.2396"	"10w"	""		"13777.71"	"38206.38"	"5d4.6s2"	"3F2"	"2"	""	"*"	"3"		""	"L153"	
"409.3134"	""	"10w"	""		""	""	""	""	""	""	""	""		""	"L153"	
"409.4747"	""	"3"	""		""	""	""	""	""	""	""	""		""	"L153"	
"409.5693"	"409.5690"	"15"	""		"17008.50"	"41417.52"	"5d4.6s2"	"3H"	"6"	""	"*"	"6"		""	"L153"	
"409.5992"	"409.6002"	"2"	""		"23982.80"	"48389.96"	"5d5.(4D).6s"	"5D"	"2"	""	"*"	"1"		""	"L153"	
"409.6424"	"409.6415"	"2w"	""		"27778.50"	"52183.20"	"5d4.6s.(6D).6p"	"5D*"	"1"	""	""	"2"		""	"L153"	
"409.6756"	""	"1w"	""		""	""	""	""	""	""	""	""		""	"L153"	
"409.7344"	"409.7365"	"2w"	""		"26861.64"	"51260.68"	"5d5.(2F1).6s"	"3F"	"2"	""	"*"	"1"		""	"L153"	
"409.7664"	"409.7658"	"10"	""		"18116.84"	"42514.14"	"5d5.(4G).6s"	"5G"	"2"	""	"*"	"3"		""	"L153"	
"409.7826"	"409.7821"	"3"	""		"23930.08"	"48326.41"	"5d5.(4D).6s"	"5D"	"3"	""	"*"	"3"		""	"L153"	
"409.8028"	"409.8031"	"2w"	""		"27889.68"	"52284.76"	"5d5.(6S).6p"	"7P*"	"4"	""	""	"3"		""	"L153"	
"409.848"	"409.8478"	"3"	""		"17107.01"	"41499.43"	"5d4.6s2"	"3F2"	"4"	""	"*"	"3"		""	"L153"	
"409.9016"	"409.9012"	"10"	""		"19535.01"	"43924.25"	"5d5.(4G).6s"	"5G"	"5"	""	"*"	"5"		""	"L153"	
"410.0334"	"410.0330"	"2"	""		"28392.70"	"52774.10"	"5d5.(2I).6s"	"3I"	"6"	""	"*"	"5"		""	"L153"	
"410.0891"	"410.0882"	"6"	""		"22476.68"	"46854.80"	"5d5.(4D).6s"	"5D"	"4"	""	"*"	"5"		""	"L153"	
"410.1648"	"410.1659"	"3"	""		"35299.82"	"59673.32"	""	""	"4"	""	"*"	"5"		""	"L153,L416"	
"410.1845"	""	"8"	""		""	""	""	""	""	""	""	""		""	"L153"	
"410.2367"	"410.2364"	"2w"	""		"29479.32"	"53848.63"	"5d4.6s2"	"3F1"	"4"	""	"*"	"4"		""	"L153"	
"410.2702"	"410.2701"	"100"	"4.9e+06"	B	"6219.33"	"30586.64"	"5d4.6s2"	"5D"	"4"	"5d4.6s.(6D).6p"	"5P*"	"3"		"T4976"	"L153"	
"410.2942"	"410.2949"	"4"	"4.2e+04"	C	"4830.00"	"29195.84"	"5d4.6s2"	"5D"	"3"	"5d4.6s.(6D).6p"	"5D*"	"2"		"T4976"	"L153"	
"410.3118"	"410.3103"	"6"	""		"23455.02"	"47819.94"	"5d5.(4D).6s"	"5D"	"1"	""	"*"	"1"		""	"L153"	
"410.6698"	"410.6695"	"6"	""		"23982.80"	"48326.41"	"5d5.(4D).6s"	"5D"	"2"	""	"*"	"3"		""	"L153"	
"410.7816"	"410.7812"	"5"	"1.1e+04"	E	"3325.53"	"27662.52"	"5d4.6s2"	"5D"	"2"	"5d4.6s.(6D).6p"	"5F*"	"2"		"T4976"	"L153"	
"410.8529"	"410.8527"	"12"	""		"18116.84"	"42449.60"	"5d5.(4G).6s"	"5G"	"2"	""	"*"	"2"		""	"L153"	
"410.9746"	"410.9749"	"30"	""		"13348.56"	"37674.08"	"5d4.6s2"	"3G"	"3"	""	"*"	"3"		""	"L153"	
"411.0572"	"411.0562"	"8"	"2.16e+06"	B	"18280.48"	"42601.19"	"5d5.(6S).6s"	"5S"	"2"	""	"*"	"3"		"T6977"	"L153"	
"411.1672"	"411.1661"	"5"	""		"23930.08"	"48244.29"	"5d5.(4D).6s"	"5D"	"3"	""	"*"	"2"		""	"L153"	
"411.1815"	"411.1813"	"25"	"1.6e+05"	B	"1670.29"	"25983.60"	"5d4.6s2"	"5D"	"1"	"5d4.6s.(6D).6p"	"5F*"	"1"		"T4976"	"L153"	
"411.2484"	"411.2480"	"8"	""		"20427.84"	"44737.21"	"5d5.(4P).6s"	"5P"	"1"	""	"*"	"1"		""	"L153"	
"411.419"	"411.4199"	"1"	""		"28204.20"	"52503.41"	"5d5.(4F).6s"	"5F"	"2"	""	"*"	"2"		""	"L153"	
"411.4821"	"411.4814"	"6w"	""		"26229.77"	"50525.35"	"5d5.(6S).6p"	"7P*"	"2"	""	""	"2"		""	"L153"	
"411.5585"	"411.5576"	"12"	"4.8e+05"	C	"15069.93"	"39361.01"	"5d4.6s2"	"3H"	"5"	""	"*"	"5"		"T4976"	"L153"	
"411.6718"	"411.6744"	"3"	""		"32217.91"	"56502.10"	""	""	"3"	""	"*"	"4"		""	"L153,L416"	
"411.8052"	"411.8050"	"25"	"9.3e+06"	B	"18974.51"	"43251.00"	"5d5.(4G).6s"	"5G"	"3"	""	"*"	"4"		"T6977"	"L153"	
"411.8186"	"411.8182"	"15"	""		"19648.54"	"43924.25"	"5d5.(4G).6s"	"5G"	"6"	""	"*"	"5"		""	"L153"	
"411.8246"	"411.8245"	"5"	""		"13777.71"	"38053.05"	"5d4.6s2"	"3F2"	"2"	""	"*"	"3"		""	"L153"	
"411.8976"	""	"6"	""		""	""	""	""	""	""	""	""		""	"L153"	
"411.9287"	"411.9316"	"1w"	""		"33291.80"	"57560.83"	"5d5.(2I).6s"	"1I"	"6"	""	"*"	"5"		""	"L153"	
"412.022"	"412.0221"	"1w"	""		"29853.66"	"54117.36"	"5d5.(4F).6s"	"5F"	"4"	""	"*"	"3"		""	"L153"	
"412.0356"	""	"1w"	""		""	""	""	""	""	""	""	""		""	"L153"	
"412.0854"	"412.0857"	"15"	"1.96e+06"	B	"15460.01"	"39719.96"	"5d4.6s2"	"3D"	"3"	""	"*"	"4"		"T6977"	"L153"	
"412.2014"	"412.2013"	"12"	"5.1e+06"	B	"18974.51"	"43227.66"	"5d5.(4G).6s"	"5G"	"3"	""	"*"	"2"		"T6977"	"L153"	
"412.3051"	"412.3057"	"10"	""		"15460.01"	"39707.02"	"5d4.6s2"	"3D"	"3"	""	"*"	"2"		""	"L153"	
"412.4164"	"412.4169"	"2w"	""		"23930.08"	"48170.55"	"5d5.(4D).6s"	"5D"	"3"	""	"*"	"3"		""	"L153"	
"412.5164"	"412.5178"	"20"	"3.1e+06"	B	"16431.31"	"40665.85"	"5d4.6s2"	"3G"	"4"	""	"*"	"3"		"T6977"	"L153"	
"412.5325"	"412.5328"	"8"	""		"18280.48"	"42514.14"	"5d5.(6S).6s"	"5S"	"2"	""	"*"	"3"		""	"L153"	
"412.5727"	"412.5732"	"2"	""		"27849.80"	"52081.09"	"5d5.(2I).6s"	"3I"	"5"	""	"*"	"5"		""	"L153"	
"412.6803"	"412.6799"	"30"	""		"19253.56"	"43478.58"	"5d4.6s2"	"3P2"	"2"	""	"*"	"3"		""	"L153"	
"412.7257"	"412.7256"	"5"	""		"19256.24"	"43478.58"	"5d5.(4G).6s"	"5G"	"4"	""	"*"	"3"		""	"L153"	
"412.9982"	"412.9981"	"3"	""		"19535.01"	"43741.37"	"5d5.(4G).6s"	"5G"	"5"	""	"*"	"5"		""	"L153"	
"413.0539"	"413.0554"	"1"	""		"28233.44"	"52436.44"	"5d5.(4F).6s"	"5F"	"5"	""	"*"	"4"		""	"L153"	
"413.2202"	"413.2207"	"10"	"5.9e+06"	B	"19827.68"	"44021.00"	"5d5.(4P).6s"	"5P"	"3"	""	"*"	"3"		"T6977"	"L153"	
"413.2472"	""	"3w"	""		""	""	""	""	""	""	""	""		""	"L153"	
"413.3160"	"413.3158"	"2w"	""		"23982.80"	"48170.55"	"5d5.(4D).6s"	"5D"	"2"	""	"*"	"3"		""	"L153"	
"413.3388"	"413.3389"	"8"	""		"15460.01"	"39646.41"	"5d4.6s2"	"3D"	"3"	""	"*"	"3"		""	"L153"	
"413.3481"	"413.3481"	"5"	""		"19535.01"	"43720.87"	"5d5.(4G).6s"	"5G"	"5"	""	"*"	"4"		""	"L153"	
"413.4581"	"413.4574"	"1"	""		"18082.83"	"42262.30"	"5d4.6s2"	"3D"	"1"	""	"*"	"1"		""	"L153"	
"413.6348"	"413.6344"	"5"	""		"18280.48"	"42449.60"	"5d5.(6S).6s"	"5S"	"2"	""	"*"	"2"		""	"L153"	
"413.7457"	"413.7464"	"80"	"8.4e+05"	B	"3325.53"	"27488.11"	"5d4.6s2"	"5D"	"2"	"5d5.(6S).6p"	"7P*"	"3"		"T4976"	"L153"	
"413.8018"	"413.8014"	"40"	""		"19826.04"	"43985.41"	"5d4.6s2"	"3G"	"5"	""	"*"	"4"		""	"L153"	
"413.8304"	"413.8295"	"15"	""		"19827.68"	"43985.41"	"5d5.(4P).6s"	"5P"	"3"	""	"*"	"4"		""	"L153"	
"413.9318"	"413.9318"	"10"	"3.3e+06"	C	"16431.31"	"40583.07"	"5d4.6s2"	"3G"	"4"	""	"*"	"4"		"T6977"	"L153"	
"414.0039"	"414.0041"	"8"	""		"19827.68"	"43975.22"	"5d5.(4P).6s"	"5P"	"3"	""	"*"	"2"		""	"L153"	
"414.0400"	"414.0398"	"8"	""		"18116.84"	"42262.30"	"5d5.(4G).6s"	"5G"	"2"	""	"*"	"1"		""	"L153"	
"414.0797"	"414.0813"	"1"	""		"28898.96"	"53042.00"	"5d4.6s2"	"3P1"	"2"	""	"*"	"1"		""	"L153"	
"414.2253"	"414.2249"	"25"	"5.0e+06"	B	"18116.84"	"42251.51"	"5d5.(4G).6s"	"5G"	"2"	""	"*"	"3"		"T6977"	"L153"	
"414.2693"	""	"2"	""		""	""	""	""	""	""	""	""		""	"L153"	
"414.4812"	"414.4818"	"2"	""		"32135.94"	"56255.65"	"5d5.(4G).6s"	"3G"	"4"	""	"*"	"4"		""	"L153"	
"414.5160"	"414.5157"	"25"	""		"13348.56"	"37466.30"	"5d4.6s2"	"3G"	"3"	""	"*"	"2"		""	"L153"	
"414.5860"	"414.5860"	"4"	""		"23964.67"	"48078.32"	"5d4.6s.(6D).6p"	"7D*"	"2"	"5d4.6s.(6D).7s"	"5D"	"2"		""	"L153"	
"414.5947"	"414.5947"	"10"	""		"12161.96"	"36275.10"	"5d4.6s2"	"3H"	"4"	""	"*"	"5"		""	"L153"	
"414.7385"	"414.7389"	"2"	""		"28898.96"	"53003.72"	"5d4.6s2"	"3P1"	"2"	""	"*"	"2"		""	"L153"	
"414.8516"	"414.8516"	"3"	""		"19826.04"	"43924.25"	"5d4.6s2"	"3G"	"5"	""	"*"	"5"		""	"L153"	
"414.9074"	""	"3w"	""		""	""	""	""	""	""	""	""		""	"L153"	
"414.9435"	"414.9442"	"10"	""		"19648.54"	"43741.37"	"5d5.(4G).6s"	"5G"	"6"	""	"*"	"5"		""	"L153"	
"414.9737"	"414.9735"	"6"	""		"17107.01"	"41198.14"	"5d4.6s2"	"3F2"	"4"	""	"*"	"4"		""	"L153"	
"415.1822"	"415.1819"	"2"	""		"22852.80"	"46931.84"	"5d4.6s2"	"1G2"	"4"	""	"*"	"4"		""	"L153"	
"415.2182"	"415.2186"	"2"	""		"27213.82"	"51290.73"	"5d5.(2F1).6s"	"3F"	"4"	""	"*"	"5"		""	"L153"	
"415.4096"	""	"2"	""		""	""	""	""	""	""	""	""		""	"L153"	
"415.4664"	"415.4664"	"20"	""		"19389.43"	"43451.98"	"5d4.6s.(6D).6p"	"7F*"	"0"	"5d4.6s.(6D).7s"	"7D"	"1"		""	"L153"	
"415.5277"	""	"2w"	""		""	""	""	""	""	""	""	""		""	"L153"	
"415.5527"	""	"2w"	""		""	""	""	""	""	""	""	""		""	"L153"	
"415.6064"	""	"3w"	""		""	""	""	""	""	""	""	""		""	"L153"	
"415.7677"	"415.7678"	"2"	""		"16431.31"	"40476.42"	"5d4.6s2"	"3G"	"4"	""	"*"	"5"		""	"L153"	
"415.8822"	"415.8814"	"2"	""		"23930.08"	"47968.62"	"5d5.(4D).6s"	"5D"	"3"	""	"*"	"4"		""	"L153"	
"415.8954"	"415.8952"	"2"	""		"32217.91"	"56255.65"	""	""	"3"	""	"*"	"4"		""	"L153,L416"	
"415.9609"	""	"4"	""		""	""	""	""	""	""	""	""		""	"L153"	
"415.9782"	"415.9781"	"5"	""		"17701.18"	"41734.13"	"5d4.6s2"	"3F2"	"3"	""	"*"	"2"		""	"L153"	
"416.0030"	"416.0029"	"8"	""		"20983.02"	"45014.54"	"5d5.(4P).6s"	"5P"	"2"	""	"*"	"3"		""	"L153"	
"416.0341"	"416.0346"	"8"	"6.0e+06"	B	"22476.68"	"46506.37"	"5d5.(4D).6s"	"5D"	"4"	""	"*"	"5"		"T6977"	"L153"	
"416.1476"	"416.1476"	"4"	""		"19827.68"	"43850.84"	"5d5.(4P).6s"	"5P"	"3"	""	"*"	"3"		""	"L153"	
"416.3914"	"416.3920"	"3"	""		"29853.66"	"53862.72"	"5d5.(4F).6s"	"5F"	"4"	""	"*"	"5"		""	"L153"	
"416.4398"	"416.4399"	"2"	""		"27849.80"	"51856.10"	"5d5.(2I).6s"	"3I"	"5"	""	"*"	"4"		""	"L153"	
"416.4998"	"416.5006"	"1"	""		"28392.70"	"52395.50"	"5d5.(2I).6s"	"3I"	"6"	""	"*"	"5"		""	"L153"	
"416.5152"	"416.5145"	"4"	""		"22852.80"	"46854.80"	"5d4.6s2"	"1G2"	"4"	""	"*"	"5"		""	"L153"	
"416.6139"	"416.6143"	"10"	""		"13777.71"	"37773.96"	"5d4.6s2"	"3F2"	"2"	""	"*"	"1"		""	"L153"	
"416.640"	"416.6402"	"2"	""		"19256.24"	"43251.00"	"5d5.(4G).6s"	"5G"	"4"	""	"*"	"4"		""	"L153"	
"416.6676"	"416.6680"	"2"	""		"17701.18"	"41694.34"	"5d4.6s2"	"3F2"	"3"	""	"*"	"3"		""	"L153"	
"416.6846"	""	"4"	""		""	""	""	""	""	""	""	""		""	"L153"	
"416.7002"	"416.7003"	"2w"	""		"33569.53"	"57560.83"	""	""	"4"	""	"*"	"5"		""	"L153,L416"	
"416.8652"	"416.8650"	"12"	""		"18280.48"	"42262.30"	"5d5.(6S).6s"	"5S"	"2"	""	"*"	"1"		""	"L153"	
"416.9996"	"416.9993"	"4"	""		"19253.56"	"43227.66"	"5d4.6s2"	"3P2"	"2"	""	"*"	"2"		""	"L153"	
"417.0526"	"417.0527"	"30"	"8.1e+06"	B	"18280.48"	"42251.51"	"5d5.(6S).6s"	"5S"	"2"	""	"*"	"3"		"T6977"	"L153"	
"417.0820"	""	"1"	""		""	""	""	""	""	""	""	""		""	"L153"	
"417.1174"	"417.1186"	"60"	"8.6e+05"	B	"4830.00"	"28797.24"	"5d4.6s2"	"5D"	"3"	"5d4.6s.(6D).6p"	"7D*"	"4"		"T4976"	"L153"	
"417.1415"	""	"2"	""		""	""	""	""	""	""	""	""		""	"L153"	
"417.1794"	"417.1790"	"2"	""		"19253.56"	"43217.33"	"5d4.6s2"	"3P2"	"2"	""	"*"	"1"		""	"L153"	
"417.2934"	"417.2948"	"2"	""		"31389.08"	"55346.20"	"5d5.(4G).6s"	"3G"	"5"	""	"*"	"4"		""	"L153"	
"417.452"	"417.4522"	"2w"	""		"31432.91"	"55381.00"	"5d4.6s.(6D).6p"	"5F*"	"4"	""	""	"5"		""	"L153"	
"417.5988"	"417.5992"	"5"	""		"20427.84"	"44367.50"	"5d5.(4P).6s"	"5P"	"1"	""	"*"	"2"		""	"L153"	
"417.6589"	"417.6590"	"2"	""		"18974.51"	"42910.74"	"5d5.(4G).6s"	"5G"	"3"	""	"*"	"4"		""	"L153"	
"417.7822"	""	"8w"	""		""	""	""	""	""	""	""	""		""	"L153"	
"417.8054"	""	"2"	""		""	""	""	""	""	""	""	""		""	"L153"	
"417.8445"	"417.8442"	"1"	""		"20427.84"	"44353.46"	"5d5.(4P).6s"	"5P"	"1"	""	"*"	"1"		""	"L153"	
"417.9366"	"417.9365"	"2w"	""		"12161.96"	"36082.30"	"5d4.6s2"	"3H"	"4"	""	"*"	"4"		""	"L153"	
"418.0232"	"418.0240"	"10"	""		"19826.04"	"43741.37"	"5d4.6s2"	"3G"	"5"	""	"*"	"5"		""	"L153"	
"418.1388"	"418.1385"	"5"	""		"22476.68"	"46385.46"	"5d5.(4D).6s"	"5D"	"4"	""	"*"	"3"		""	"L153"	
"418.2305"	"418.2313"	"2"	""		"17008.50"	"40911.98"	"5d4.6s2"	"3H"	"6"	""	"*"	"5"		""	"L153"	
"418.289"	"418.2885"	"2"	""		"31432.91"	"55333.12"	"5d4.6s.(6D).6p"	"5F*"	"4"	""	""	"4"		""	"L153"	
"418.3655"	"418.3659"	"10"	"3.0e+06"	B	"18082.83"	"41978.62"	"5d4.6s2"	"3D"	"1"	""	"*"	"2"		"T6977"	"L153"	
"418.3816"	"418.3827"	"12"	""		"19826.04"	"43720.87"	"5d4.6s2"	"3G"	"5"	""	"*"	"4"		""	"L153"	
"418.6002"	"418.6002"	"6"	""		"18082.83"	"41965.24"	"5d4.6s2"	"3D"	"1"	""	"*"	"0"		""	"L153"	
"418.6071"	"418.6071"	""	"2.22e+06"	B	"17701.18"	"41583.20"	"5d4.6s2"	"3F2"	"3"	""	"*"	"2"		"T6977"	"L14798"	
"418.7643"	"418.7626"	"1w"	""		"29912.85"	"53786.00"	"5d4.6s.(6D).6p"	"5D*"	"3"	""	""	"4"		""	"L153"	
"418.9149"	""	"3w"	""		""	""	""	""	""	""	""	""		""	"L153"	
"418.9619"	"418.9622"	"2"	""		"18116.84"	"41978.62"	"5d5.(4G).6s"	"5G"	"2"	""	"*"	"2"		""	"L153"	
"418.9788"	"418.9804"	"1"	""		"28291.88"	"52152.62"	"5d5.(2F1).6s"	"3F"	"3"	""	"*"	"2"		""	"L153"	
"418.9960"	"418.9955"	"1"	""		"28204.20"	"52064.08"	"5d5.(4F).6s"	"5F"	"2"	""	"*"	"2"		""	"L153"	
"419.0136"	"419.0127"	"3w"	""		"28198.90"	"52057.80"	"5d4.6s.(6D).6p"	"5P*"	"1"	""	""	"1"		""	"L153"	
"419.0395"	"419.0415"	"1w"	""		"26861.64"	"50718.90"	"5d5.(2F1).6s"	"3F"	"2"	""	"*"	"2"		""	"L153"	
"419.2087"	"419.2104"	"2"	""		"28233.44"	"52081.09"	"5d5.(4F).6s"	"5F"	"5"	""	"*"	"5"		""	"L153"	
"419.2363"	""	"1"	""		""	""	""	""	""	""	""	""		""	"L153"	
"419.2578"	""	"1"	""		""	""	""	""	""	""	""	""		""	"L153"	
"419.3786"	"419.3794"	"6"	""		"16431.31"	"40269.35"	"5d4.6s2"	"3G"	"4"	""	"*"	"3"		""	"L153"	
"419.3950"	"419.3952"	"5"	""		"23982.80"	"47819.94"	"5d5.(4D).6s"	"5D"	"2"	""	"*"	"1"		""	"L153"	
"419.554"	""	"1"	""		""	""	""	""	""	""	""	""		""	"L153"	
"419.5840"	"419.5853"	"1"	""		"28233.44"	"52059.78"	"5d5.(4F).6s"	"5F"	"5"	""	"*"	"4"		""	"L153"	
"419.7044"	""	"1"	""		""	""	""	""	""	""	""	""		""	"L153"	
"419.7530"	"419.7531"	"2"	""		"17107.01"	"40923.83"	"5d4.6s2"	"3F2"	"4"	""	"*"	"3"		""	"L153"	
"419.7982"	""	"1w"	""		""	""	""	""	""	""	""	""		""	"L153"	
"419.857"	"419.8543"	"1"	""		"28204.20"	"52015.28"	"5d5.(4F).6s"	"5F"	"2"	""	"*"	"3"		""	"L153"	
"419.9617"	"419.9620"	"8"	""		"17107.01"	"40911.98"	"5d4.6s2"	"3F2"	"4"	""	"*"	"5"		""	"L153"	
"420.0020"	"420.0028"	"15"	"3.12e+06"	B	"16431.31"	"40233.97"	"5d4.6s2"	"3G"	"4"	""	"*"	"4"		"T6977"	"L153"	
"420.0419"	"420.0404"	"2"	""		"23455.02"	"47255.55"	"5d5.(4D).6s"	"5D"	"1"	""	"*"	"1"		""	"L153"	
"420.0885"	"420.0886"	"4"	""		"13348.56"	"37146.36"	"5d4.6s2"	"3G"	"3"	""	"*"	"4"		""	"L153"	
"420.1615"	""	"1"	""		""	""	""	""	""	""	""	""		""	"L153"	
"420.3165"	""	"1"	""		""	""	""	""	""	""	""	""		""	"L153"	
"420.3816"	"420.3816"	"15"	"4.9e+05"	C	"12161.96"	"35943.17"	"5d4.6s2"	"3H"	"4"	""	"*"	"3"		"T4976"	"L153"	
"420.3957"	""	"2"	""		""	""	""	""	""	""	""	""		""	"L153"	
"420.4405"	"420.4408"	"30"	"5.2e+06"	B	"19256.24"	"43034.10"	"5d5.(4G).6s"	"5G"	"4"	""	"*"	"5"		"T6977"	"L153"	
"420.4724"	""	"2"	""		""	""	""	""	""	""	""	""		""	"L153"	
"420.5550"	"420.5565"	"12"	""		"21453.90"	"45225.22"	"5d4.6s.(6D).6p"	"7D*"	"1"	"5d4.6s.(6D).7s"	"5D"	"0"		""	"L153"	
"420.6164"	"420.6170"	"2"	""		"28291.88"	"52059.78"	"5d5.(2F1).6s"	"3F"	"3"	""	"*"	"4"		""	"L153"	
"420.6236"	"420.6252"	"15"	""		"29460.98"	"53228.42"	"5d5.(2I).6s"	"3I"	"7"	""	"*"	"6"		""	"L153"	
"420.7052"	"420.7045"	"50"	""		"19648.54"	"43411.50"	"5d5.(4G).6s"	"5G"	"6"	""	"*"	"7"		""	"L153"	
"420.771"	"420.7702"	"1"	""		"23930.08"	"47689.33"	"5d5.(4D).6s"	"5D"	"3"	""	"*"	"4"		""	"L153"	
"420.8135"	"420.8155"	"2"	""		"28720.88"	"52477.57"	"5d5.(4P).6s"	"3P"	"1"	""	"*"	"1"		""	"L153"	
"420.8888"	""	"3"	""		""	""	""	""	""	""	""	""		""	"L153"	
"420.950"	""	"2"	""		""	""	""	""	""	""	""	""		""	"L153"	
"420.9776"	""	"3"	""		""	""	""	""	""	""	""	""		""	"L153"	
"421.0185"	"421.0184"	"5"	""		"28233.44"	"51978.68"	"5d5.(4F).6s"	"5F"	"5"	""	"*"	"6"		""	"L153"	
"421.2886"	""	"5"	""		""	""	""	""	""	""	""	""		""	"L153"	
"421.4056"	"421.4060"	"4"	""		"28291.88"	"52015.28"	"5d5.(2F1).6s"	"3F"	"3"	""	"*"	"3"		""	"L153"	
"421.4954"	"421.4945"	"6"	""		"20174.20"	"43892.62"	"5d4.6s2"	"1S2"	"0"	""	"*"	"1"		""	"L153"	
"421.5376"	"421.5377"	"25"	"3.7e+06"	B	"19535.01"	"43251.00"	"5d5.(4G).6s"	"5G"	"5"	""	"*"	"4"		"T6977"	"L153"	
"421.5548"	"421.5565"	"2w"	""		"29479.32"	"53194.25"	"5d4.6s2"	"3F1"	"4"	""	"*"	"5"		""	"L153"	
"421.6048"	"421.6054"	"2w"	""		"28347.60"	"52059.78"	"5d5.(4F).6s"	"5F"	"3"	""	"*"	"4"		""	"L153"	
"421.6797"	"421.6805"	"2w"	""		"24610.88"	"48318.84"	"5d4.6s2"	"1F"	"3"	""	"*"	"2"		""	"L153"	
"421.8552"	"421.8552"	"15"	"2.2e+06"	C	"18280.48"	"41978.62"	"5d5.(6S).6s"	"5S"	"2"	""	"*"	"2"		"T6977"	"L153"	
"421.9011"	"421.8996"	"2"	""		"27213.82"	"50909.47"	"5d5.(2F1).6s"	"3F"	"4"	""	"*"	"4"		""	"L153"	
"421.9372"	"421.9375"	"80"	"6.1e+05"	B	"6219.33"	"29912.85"	"5d4.6s2"	"5D"	"4"	"5d4.6s.(6D).6p"	"5D*"	"3"		"T4976"	"L153"	
"422.0273"	"422.0253"	"6*"	""		"13777.71"	"37466.30"	"5d4.6s2"	"3F2"	"2"	""	"*"	"2"		""	"L153"	
"422.0273"	"422.0289"	"6*"	""		"28392.70"	"52081.09"	"5d5.(2I).6s"	"3I"	"6"	""	"*"	"5"		""	"L153"	
"422.0534"	"422.0536"	"5"	""		"19827.68"	"43514.68"	"5d5.(4P).6s"	"5P"	"3"	""	"*"	"2"		""	"L153"	
"422.1717"	"422.1730"	"6"	""		"27213.82"	"50894.12"	"5d5.(2F1).6s"	"3F"	"4"	""	"*"	"3"		""	"L153"	
"422.2045"	"422.2050"	"20"	""		"15069.93"	"38748.44"	"5d4.6s2"	"3H"	"5"	""	"*"	"4"		""	"L153"	
"422.3978"	"422.3982"	"4"	""		"28347.60"	"52015.28"	"5d5.(4F).6s"	"5F"	"3"	""	"*"	"3"		""	"L153"	
"422.4763"	"422.4753"	"20"	""		"23930.08"	"47593.44"	"5d5.(4D).6s"	"5D"	"3"	""	"*"	"3"		""	"L153"	
"422.5260"	""	"3w"	""		""	""	""	""	""	""	""	""		""	"L153"	
"422.5627"	""	"3w"	""		""	""	""	""	""	""	""	""		""	"L153"	
"422.6338"	"422.6335"	"20"	""		"19256.24"	"42910.74"	"5d5.(4G).6s"	"5G"	"4"	""	"*"	"4"		""	"L153"	
"422.6503"	"422.6501"	"4"	""		"22852.80"	"46506.37"	"5d4.6s2"	"1G2"	"4"	""	"*"	"5"		""	"L153"	
"422.6915"	"422.6907"	"25"	"3.7e+06"	C	"18082.83"	"41734.13"	"5d4.6s2"	"3D"	"1"	""	"*"	"2"		"T6977"	"L153"	
"422.9792"	"422.9817"	"1"	""		"27488.11"	"51123.14"	"5d5.(6S).6p"	"7P*"	"3"	"5d4.6s.(6D).7s"	"5D"	"4"		""	"L153"	
"423.0150"	"423.0107"	"2w*"	""		"24610.88"	"48244.29"	"5d4.6s2"	"1F"	"3"	""	"*"	"2"		""	"L153"	
"423.0150"	"423.0198"	"2w*"	""		"26861.64"	"50494.54"	"5d5.(2F1).6s"	"3F"	"2"	""	"*"	"2"		""	"L153"	
"423.1320"	"423.1312"	"8"	""		"18974.51"	"42601.19"	"5d5.(4G).6s"	"5G"	"3"	""	"*"	"3"		""	"L153"	
"423.1734"	"423.1724"	"12"	""		"23455.02"	"47079.40"	"5d5.(4D).6s"	"5D"	"1"	""	"*"	"2"		""	"L153"	
"423.1938"	"423.1928"	"4"	""		"27849.80"	"51473.04"	"5d5.(2I).6s"	"3I"	"5"	""	"*"	"4"		""	"L153"	
"423.2035"	"423.2032"	"2"	""		"28233.44"	"51856.10"	"5d5.(4F).6s"	"5F"	"5"	""	"*"	"4"		""	"L153"	
"423.2996"	"423.2994"	"20"	"3.5e+06"	C	"18116.84"	"41734.13"	"5d5.(4G).6s"	"5G"	"2"	""	"*"	"2"		"T6977"	"L153"	
"423.4345"	"423.4344"	"40"	""		"19256.24"	"42866.00"	"5d5.(4G).6s"	"5G"	"4"	""	"*"	"5"		""	"L153"	
"423.6622"	"423.6623"	"8"	""		"13307.10"	"36904.16"	"5d4.6s2"	"3P2"	"1"	""	"*"	"2"		""	"L153"	
"423.7487"	"423.7487"	"2"	""		"27213.82"	"50806.07"	"5d5.(2F1).6s"	"3F"	"4"	""	"*"	"5"		""	"L153"	
"424.0140"	"424.0138"	"15"	""		"18116.84"	"41694.34"	"5d5.(4G).6s"	"5G"	"2"	""	"*"	"3"		""	"L153"	
"424.0913"	"424.0908"	"3"	""		"29430.50"	"53003.72"	""	""	"3"	""	"*"	"2"		""	"L153,L416"	
"424.1445"	"424.1444"	"100"	"1.07e+07"	B	"15460.01"	"39030.25"	"5d4.6s2"	"3D"	"3"	""	"*"	"2"		"T6977"	"L153"	
"424.3350"	"424.3347"	"8"	""		"24610.88"	"48170.55"	"5d4.6s2"	"1F"	"3"	""	"*"	"3"		""	"L153"	
"424.3630"	"424.3628"	"20"	""		"18974.51"	"42532.62"	"5d5.(4G).6s"	"5G"	"3"	""	"*"	"4"		""	"L153"	
"424.4088"	"424.4080"	"1"	""		"13348.56"	"36904.16"	"5d4.6s2"	"3G"	"3"	""	"*"	"2"		""	"L153"	
"424.4364"	"424.4367"	"200"	"1.38e+06"	B	"6219.33"	"29773.34"	"5d4.6s2"	"5D"	"4"	"5d4.6s.(6D).6p"	"7D*"	"5"		"T4976"	"L153"	
"424.5557"	"424.5562"	"10"	""		"20427.84"	"43975.22"	"5d5.(4P).6s"	"5P"	"1"	""	"*"	"2"		""	"L153"	
"424.7006"	"424.6959"	"1"	""		"18974.51"	"42514.14"	"5d5.(4G).6s"	"5G"	"3"	""	"*"	"3"		""	"L153"	
"424.8852"	"424.8846"	"5"	""		"24789.66"	"48318.84"	"5d4.6s2"	"1D2"	"2"	""	"*"	"2"		""	"L153"	
"424.9452"	"424.9456"	"20"	"1.88e+06"	B	"13348.56"	"36874.36"	"5d4.6s2"	"3G"	"3"	""	"*"	"3"		"T6977"	"L153"	
"425.0812"	""	"10"	""		""	""	""	""	""	""	""	""		""	"L153"	
"425.0894"	"425.0893"	"5"	""		"22773.78"	"46291.63"	"5d5.(4D).6s"	"5D"	"0"	""	"*"	"1"		""	"L153"	
"425.1880"	"425.1869"	"5"	""		"23930.08"	"47442.53"	"5d5.(4D).6s"	"5D"	"3"	""	"*"	"2"		""	"L153"	
"425.3242"	""	"3"	""		""	""	""	""	""	""	""	""		""	"L153"	
"425.4052"	"425.4055"	"12"	""		"18082.83"	"41583.20"	"5d4.6s2"	"3D"	"1"	""	"*"	"2"		""	"L153"	
"425.4284"	"425.4286"	"15"	""		"19535.01"	"43034.10"	"5d5.(4G).6s"	"5G"	"5"	""	"*"	"5"		""	"L153"	
"425.4675"	"425.4672"	"2"	""		"17701.18"	"41198.14"	"5d4.6s2"	"3F2"	"3"	""	"*"	"4"		""	"L153"	
"425.5594"	"425.5596"	"3"	""		"29853.66"	"53345.52"	"5d5.(4F).6s"	"5F"	"4"	""	"*"	"3"		""	"L153"	
"425.7978"	"425.7994"	"3"	""		"31077.80"	"54556.43"	""	""	"2"	""	"*"	"3"		""	"L153,L416"	
"425.8458"	"425.8460"	"10"	"1.36e+06"	C	"17107.01"	"40583.07"	"5d4.6s2"	"3F2"	"4"	""	"*"	"4"		"T6977"	"L153"	
"425.8524"	"425.8520"	"5"	""		"18974.51"	"42450.24"	"5d5.(4G).6s"	"5G"	"3"	""	"*"	"4"		""	"L153"	
"425.8626"	"425.8636"	"1"	""		"18974.51"	"42449.60"	"5d5.(4G).6s"	"5G"	"3"	""	"*"	"2"		""	"L153"	
"425.9351"	"425.9363"	"80"	""		"21448.76"	"44919.84"	"5d4.6s.(6D).6p"	"7F*"	"2"	"5d4.6s.(6D).7s"	"7D"	"2"		""	"L153"	
"425.9932"	"425.9937"	"12"	""		"17008.50"	"40476.42"	"5d4.6s2"	"3H"	"6"	""	"*"	"5"		""	"L153"	
"426.0130"	"426.0133"	"2"	""		"26189.20"	"49656.04"	"5d4.6s.(6D).6p"	"7D*"	"3"	"5d4.6s.(6D).7s"	"5D"	"3"		""	"L153"	
"426.022"	"426.0220"	""	"1.74e+07"	B	"18116.84"	"41583.20"	"5d5.(4G).6s"	"5G"	"2"	""	"*"	"2"		"T6977"	"L14798"	
"426.0287"	"426.0296"	"30"	""		"21453.90"	"44919.84"	"5d4.6s.(6D).6p"	"7D*"	"1"	"5d4.6s.(6D).7s"	"7D"	"2"		""	"L153"	
"426.0511"	"426.0507"	"3"	""		"20427.84"	"43892.62"	"5d5.(4P).6s"	"5P"	"1"	""	"*"	"1"		""	"L153"	
"426.0652"	"426.0649"	"2"	""		"20983.02"	"44447.02"	"5d5.(4P).6s"	"5P"	"2"	""	"*"	"3"		""	"L153"	
"426.086"	"426.0856"	"2"	""		"33370.04"	"56832.90"	"5d4.6s.(6D).6p"	"5F*"	"5"	""	""	"6"		""	"L153"	
"426.2267"	"426.2284"	"4"	""		"29430.50"	"52885.50"	""	""	"3"	""	"*"	"2"		""	"L153,L416"	
"426.3304"	"426.3318"	"50"	""		"23047.31"	"46496.62"	"5d4.6s.(6D).6p"	"7F*"	"3"	"5d4.6s.(6D).7s"	"7D"	"3"		""	"L153"	
"426.4664"	"426.4622"	"1"	""		"26861.64"	"50303.78"	"5d5.(2F1).6s"	"3F"	"2"	""	"*"	"3"		""	"L153"	
"426.4840"	"426.4842"	"5"	""		"27849.80"	"51290.73"	"5d5.(2I).6s"	"3I"	"5"	""	"*"	"5"		""	"L153"	
"426.4980"	""	"10"	""		""	""	""	""	""	""	""	""		""	"L153"	
"426.6538"	"426.6529"	"20"	""		"23930.08"	"47361.74"	"5d5.(4D).6s"	"5D"	"3"	""	"*"	"3"		""	"L153"	
"426.6822"	"426.6812"	"3"	""		"23930.08"	"47360.19"	"5d5.(4D).6s"	"5D"	"3"	""	"*"	"4"		""	"L153"	
"426.7745"	"426.7750"	"6"	""		"19826.04"	"43251.00"	"5d4.6s2"	"3G"	"5"	""	"*"	"4"		""	"L153"	
"426.8045"	"426.8048"	"12"	"1.48e+06"	B	"19827.68"	"43251.00"	"5d5.(4P).6s"	"5P"	"3"	""	"*"	"4"		"T6977"	"L153"	
"426.9382"	"426.9384"	"200"	"3.04e+06"	B	"2951.29"	"26367.28"	"5d5.(6S).6s"	"7S"	"3"	""	"*"	"2"		"T4976"	"L153"	
"426.9774"	"426.9773"	"40"	"5.1e+06"	B	"18280.48"	"41694.34"	"5d5.(6S).6s"	"5S"	"2"	""	"*"	"3"		"T6977"	"L153"	
"427.0900"	"427.0895"	"10"	""		"23930.08"	"47337.79"	"5d5.(4D).6s"	"5D"	"3"	""	"*"	"2"		""	"L153"	
"427.1228"	""	"4?"	""		""	""	""	""	""	""	""	""		""	"L153"	
"427.1695"	"427.1692"	"1"	""		"17701.18"	"41104.52"	"5d4.6s2"	"3F2"	"3"	""	"*"	"2"		""	"L153"	
"427.2300"	"427.2306"	"8"	""		"19827.68"	"43227.66"	"5d5.(4P).6s"	"5P"	"3"	""	"*"	"2"		""	"L153"	
"427.2985"	"427.2974"	"1w"	""		"28204.20"	"51600.52"	"5d5.(4F).6s"	"5F"	"2"	""	"*"	"3"		""	"L153"	
"427.3210"	"427.3215"	"2"	""		"29460.98"	"52855.98"	"5d5.(2I).6s"	"3I"	"7"	""	"*"	"6"		""	"L153"	
"427.3356"	""	"5"	""		""	""	""	""	""	""	""	""		""	"L153"	
"427.3688"	"427.3686"	"20"	"2.4e+06"	C	"22476.68"	"45869.10"	"5d5.(4D).6s"	"5D"	"4"	""	"*"	"4"		"T6977"	"L153"	
"427.3850"	""	"5"	""		""	""	""	""	""	""	""	""		""	"L153"	
"427.4136"	""	"1w"	""		""	""	""	""	""	""	""	""		""	"L153"	
"427.4548"	"427.4553"	"100"	""		"20064.30"	"43451.98"	"5d4.6s.(6D).6p"	"7F*"	"1"	"5d4.6s.(6D).7s"	"7D"	"1"		""	"L153"	
"427.4932"	"427.4940"	"10"	""		"19648.54"	"43034.10"	"5d5.(4G).6s"	"5G"	"6"	""	"*"	"5"		""	"L153"	
"427.5142"	"427.5137"	"6"	""		"20983.02"	"44367.50"	"5d5.(4P).6s"	"5P"	"2"	""	"*"	"2"		""	"L153"	
"427.5486"	"427.5483"	"50"	"9.3e+06"	B	"18116.84"	"41499.43"	"5d5.(4G).6s"	"5G"	"2"	""	"*"	"3"		"T6977"	"L153"	
"427.5800"	"427.5794"	"6"	""		"24789.66"	"48170.55"	"5d4.6s2"	"1D2"	"2"	""	"*"	"3"		""	"L153"	
"427.6016"	"427.6019"	"20"	""		"14976.18"	"38355.84"	"5d4.6s2"	"3D"	"2"	""	"*"	"1"		""	"L153"	
"427.6740"	"427.6738"	"60"	""		"19535.01"	"42910.74"	"5d5.(4G).6s"	"5G"	"5"	""	"*"	"4"		""	"L153"	
"427.7310"	""	"3"	""		""	""	""	""	""	""	""	""		""	"L153"	
"427.7703"	"427.7706"	"3"	""		"20983.02"	"44353.46"	"5d5.(4P).6s"	"5P"	"2"	""	"*"	"1"		""	"L153"	
"427.7898"	"427.7894"	"4"	""		"17107.01"	"40476.42"	"5d4.6s2"	"3F2"	"4"	""	"*"	"5"		""	"L153"	
"427.8405"	"427.8409"	"12"	""		"13307.10"	"36673.70"	"5d4.6s2"	"3P2"	"1"	""	"*"	"2"		""	"L153"	
"428.0280"	"428.0299"	"1w"	""		"32135.94"	"55492.22"	"5d5.(4G).6s"	"3G"	"4"	""	"*"	"5"		""	"L153"	
"428.0540"	"428.0536"	"2"	""		"23982.80"	"47337.79"	"5d5.(4D).6s"	"5D"	"2"	""	"*"	"2"		""	"L153"	
"428.0760"	""	"4"	""		""	""	""	""	""	""	""	""		""	"L153"	
"428.1210"	"428.1188"	"4"	""		"23455.02"	"46806.45"	"5d5.(4D).6s"	"5D"	"1"	""	"*"	"2"		""	"L153"	
"428.1898"	"428.1885"	"3"	""		"19253.56"	"42601.19"	"5d4.6s2"	"3P2"	"2"	""	"*"	"3"		""	"L153"	
"428.2040"	""	"2"	""		""	""	""	""	""	""	""	""		""	"L153"	
"428.2345"	"428.2347"	"30"	""		"12161.96"	"35507.07"	"5d4.6s2"	"3H"	"4"	""	"*"	"5"		""	"L153"	
"428.2377"	"428.2377"	""	"2.07e+06"	B	"19256.24"	"42601.19"	"5d5.(4G).6s"	"5G"	"4"	""	"*"	"3"		"T6977"	"L14798"	
"428.2723"	"428.2698"	"2"	""		"28720.88"	"52064.08"	"5d5.(4P).6s"	"3P"	"1"	""	"*"	"2"		""	"L153"	
"428.2922"	"428.2942"	"1"	""		"31077.80"	"54419.67"	""	""	"2"	""	"*"	"1"		""	"L153,L416"	
"428.3180"	"428.3177"	"1l"	""		"29853.66"	"53194.25"	"5d5.(4F).6s"	"5F"	"4"	""	"*"	"5"		""	"L153"	
"428.3800"	"428.3801"	"20"	"1.69e+05"	C	"12161.96"	"35499.15"	"5d4.6s2"	"3H"	"4"	""	"*"	"3"		"T4976"	"L153"	
"428.4359"	""	"3"	""		""	""	""	""	""	""	""	""		""	"L153"	
"428.4964"	"428.4939"	"25*"	""		"19535.01"	"42866.00"	"5d5.(4G).6s"	"5G"	"5"	""	"*"	"5"		""	"L153"	
"428.4964"	"428.4967"	"25*"	""		"22773.78"	"46104.62"	"5d5.(4D).6s"	"5D"	"0"	""	"*"	"1"		""	"L153"	
"428.6008"	"428.6014"	"30"	""		"13348.56"	"36673.70"	"5d4.6s2"	"3G"	"3"	""	"*"	"2"		""	"L153"	
"428.6208"	"428.6212"	"6"	""		"26861.64"	"50185.70"	"5d5.(2F1).6s"	"3F"	"2"	""	"*"	"3"		""	"L153"	
"428.6982"	"428.6971"	"2"	""		"19253.56"	"42573.49"	"5d4.6s2"	"3P2"	"2"	""	"*"	"1"		""	"L153"	
"428.7914"	"428.7896"	"1w"	""		"28291.88"	"51606.78"	"5d5.(2F1).6s"	"3F"	"3"	""	"*"	"2"		""	"L153"	
"428.8350"	"428.8345"	"2"	""		"22476.68"	"45789.14"	"5d5.(4D).6s"	"5D"	"4"	""	"*"	"5"		""	"L153"	
"429.0138"	"429.0138"	"10"	""		"18280.48"	"41583.20"	"5d5.(6S).6s"	"5S"	"2"	""	"*"	"2"		""	"L153"	
"429.0530"	"429.0548"	"2"	""		"33201.61"	"56502.10"	"5d5.(2G2).6s"	"3G"	"5"	""	"*"	"4"		""	"L153,L416"	
"429.1502"	"429.1530"	"3"	""		"30374.20"	"53669.36"	"5d4.6s2"	"3F1"	"2"	""	"*"	"2"		""	"L153"	
"429.2149"	""	"1"	""		""	""	""	""	""	""	""	""		""	"L153"	
"429.2730"	"429.2729"	"4"	""		"16431.31"	"39719.96"	"5d4.6s2"	"3G"	"4"	""	"*"	"4"		""	"L153"	
"429.3110"	"429.3117"	"2"	""		"27662.52"	"50949.07"	"5d4.6s.(6D).6p"	"5F*"	"2"	""	""	"1"		""	"L153"	
"429.3280"	""	"2"	""		""	""	""	""	""	""	""	""		""	"L153"	
"429.3535"	""	"3"	""		""	""	""	""	""	""	""	""		""	"L153"	
"429.4097"	"429.4099"	"30"	""		"13307.10"	"36588.32"	"5d4.6s2"	"3P2"	"1"	""	"*"	"0"		""	"L153"	
"429.4606"	"429.4605"	"800"	"1.24e+07"	A	"2951.29"	"26229.77"	"5d5.(6S).6s"	"7S"	"3"	"5d5.(6S).6p"	"7P*"	"2"		"T6977"	"L153"	
"429.4996"	"429.4992"	"12"	""		"19256.24"	"42532.62"	"5d5.(4G).6s"	"5G"	"4"	""	"*"	"4"		""	"L153"	
"429.5683"	"429.5662"	"6"	""		"23982.80"	"47255.55"	"5d5.(4D).6s"	"5D"	"2"	""	"*"	"1"		""	"L153"	
"429.7140"	"429.7162"	"3"	""		"29853.66"	"53118.29"	"5d5.(4F).6s"	"5F"	"4"	""	"*"	"4"		""	"L153"	
"429.7860"	"429.7910"	"3w"	""		"19253.56"	"42514.14"	"5d4.6s2"	"3P2"	"2"	""	"*"	"3"		""	"L153"	
"429.8410"	"429.8405"	"10"	""		"19256.24"	"42514.14"	"5d5.(4G).6s"	"5G"	"4"	""	"*"	"3"		""	"L153"	
"430.2110"	"430.2103"	"200"	"3.6e+06"	B	"2951.29"	"26189.20"	"5d5.(6S).6s"	"7S"	"3"	"5d4.6s.(6D).6p"	"7D*"	"3"		"T4976"	"L153"	
"430.2897"	"430.2927"	"4"	""		"27889.68"	"51123.14"	"5d5.(6S).6p"	"7P*"	"4"	"5d4.6s.(6D).7s"	"5D"	"4"		""	"L153"	
"430.3528"	"430.3531"	"3"	""		"14976.18"	"38206.38"	"5d4.6s2"	"3D"	"2"	""	"*"	"3"		""	"L153"	
"430.4934"	"430.4930"	"3"	""		"17701.18"	"40923.83"	"5d4.6s2"	"3F2"	"3"	""	"*"	"3"		""	"L153"	
"430.5318"	""	"3"	""		""	""	""	""	""	""	""	""		""	"L153"	
"430.5614"	"430.5616"	"10"	""		"18280.48"	"41499.43"	"5d5.(6S).6s"	"5S"	"2"	""	"*"	"3"		""	"L153"	
"430.6325"	"430.6330"	"4"	""		"16431.31"	"39646.41"	"5d4.6s2"	"3G"	"4"	""	"*"	"3"		""	"L153"	
"430.6870"	"430.6877"	"60"	""		"24763.39"	"47975.54"	"5d4.6s.(6D).6p"	"7F*"	"4"	"5d4.6s.(6D).7s"	"7D"	"4"		""	"L153"	
"430.7638"	"430.7636"	"50"	"5.4e+06"	B	"19826.04"	"43034.10"	"5d4.6s2"	"3G"	"5"	""	"*"	"5"		"T6977"	"L153"	
"430.8496"	"430.8483"	"4"	""		"33370.04"	"56573.54"	"5d4.6s.(6D).6p"	"5F*"	"5"	""	""	"5"		""	"L153"	
"430.8944"	"430.8945"	"15"	""		"22476.68"	"45677.69"	"5d5.(4D).6s"	"5D"	"4"	""	"*"	"3"		""	"L153"	
"430.9260"	"430.9252"	"4w"	""		"30586.64"	"53786.00"	"5d4.6s.(6D).6p"	"5P*"	"3"	""	""	"4"		""	"L153"	
"430.9864"	"430.9868"	"8"	""		"19253.56"	"42449.60"	"5d4.6s2"	"3P2"	"2"	""	"*"	"2"		""	"L153"	
"431.0248"	"431.0248"	"20"	""		"19256.24"	"42450.24"	"5d5.(4G).6s"	"5G"	"4"	""	"*"	"4"		""	"L153"	
"431.1084"	"431.1090"	"6"	""		"15069.93"	"38259.40"	"5d4.6s2"	"3H"	"5"	""	"*"	"4"		""	"L153"	
"431.1290"	""	"3"	""		""	""	""	""	""	""	""	""		""	"L153"	
"431.2336"	"431.2341"	"15"	""		"16431.31"	"39614.05"	"5d4.6s2"	"3G"	"4"	""	"*"	"5"		""	"L153"	
"431.4424"	"431.4453"	"2"	""		"32217.91"	"55389.30"	""	""	"3"	""	"*"	"3"		""	"L153,L416"	
"431.4625"	"431.4606"	"1"	""		"27778.50"	"50949.07"	"5d4.6s.(6D).6p"	"5D*"	"1"	""	""	"1"		""	"L153"	
"431.5237"	"431.5230"	"6"	""		"17701.18"	"40868.40"	"5d4.6s2"	"3F2"	"3"	""	"*"	"2"		""	"L153"	
"431.5486"	""	"3"	""		""	""	""	""	""	""	""	""		""	"L153"	
"431.6574"	""	"2"	""		""	""	""	""	""	""	""	""		""	"L153"	
"431.6802"	"431.6821"	"20"	""		"23455.02"	"46613.70"	"5d5.(4D).6s"	"5D"	"1"	""	"*"	"0"		""	"L153"	
"431.7650"	""	"2"	""		""	""	""	""	""	""	""	""		""	"L153"	
"431.8570"	"431.8567"	"8"	""		"23930.08"	"47079.40"	"5d5.(4D).6s"	"5D"	"3"	""	"*"	"2"		""	"L153"	
"431.8760"	""	"4"	""		""	""	""	""	""	""	""	""		""	"L153"	
"431.9865"	""	"4"	""		""	""	""	""	""	""	""	""		""	"L153"	
"432.0479"	"432.0487"	"3"	""		"29853.66"	"52992.69"	"5d5.(4F).6s"	"5F"	"4"	""	"*"	"4"		""	"L153"	
"432.0985"	""	"3"	""		""	""	""	""	""	""	""	""		""	"L153"	
"432.2124"	""	"2"	""		""	""	""	""	""	""	""	""		""	"L153"	
"432.2740"	"432.2742"	"12"	""		"17107.01"	"40233.97"	"5d4.6s2"	"3F2"	"4"	""	"*"	"4"		""	"L153"	
"432.3280"	""	"4"	""		""	""	""	""	""	""	""	""		""	"L153"	
"432.6960"	"432.6965"	"4"	""		"26861.64"	"49966.03"	"5d5.(2F1).6s"	"3F"	"2"	""	"*"	"3"		""	"L153"	
"432.7400"	"432.7401"	"3"	""		"27849.80"	"50951.86"	"5d5.(2I).6s"	"3I"	"5"	""	"*"	"6"		""	"L153"	
"432.8408"	"432.8415"	"2"	""		"13777.71"	"36874.36"	"5d4.6s2"	"3F2"	"2"	""	"*"	"3"		""	"L153"	
"432.8782"	""	"1w"	""		""	""	""	""	""	""	""	""		""	"L153"	
"433.0306"	"433.0307"	"2"	""		"28198.90"	"51285.46"	"5d4.6s.(6D).6p"	"5P*"	"1"	""	""	"0"		""	"L153"	
"433.0658"	"433.0656"	"20"	""		"19826.04"	"42910.74"	"5d4.6s2"	"3G"	"5"	""	"*"	"4"		""	"L153"	
"433.0967"	"433.0963"	"30"	""		"19827.68"	"42910.74"	"5d5.(4P).6s"	"5P"	"3"	""	"*"	"4"		""	"L153"	
"433.1620"	""	"2w"	""		""	""	""	""	""	""	""	""		""	"L153"	
"433.2130"	"433.2125"	"25"	""		"14976.18"	"38053.05"	"5d4.6s2"	"3D"	"2"	""	"*"	"3"		""	"L153"	
"433.2536"	"433.2544"	"4"	""		"22476.68"	"45551.32"	"5d5.(4D).6s"	"5D"	"4"	""	"*"	"3"		""	"L153"	
"433.3760"	""	"2"	""		""	""	""	""	""	""	""	""		""	"L153"	
"433.6326"	""	"4w"	""		""	""	""	""	""	""	""	""		""	"L153"	
"433.7630"	""	"3"	""		""	""	""	""	""	""	""	""		""	"L153"	
"433.8213"	"433.8201"	"3"	""		"18082.83"	"41127.38"	"5d4.6s2"	"3D"	"1"	""	"*"	"0"		""	"L153"	
"433.8288"	"433.8290"	"4"	""		"29139.12"	"52183.20"	"5d4.6s.(6D).6p"	"5F*"	"3"	""	""	"2"		""	"L153"	
"433.8727"	"433.8728"	"3"	"6.e+03"	E	"3325.53"	"26367.28"	"5d4.6s2"	"5D"	"2"	""	"*"	"2"		"T4976"	"L153"	
"433.9070"	"433.9065"	"8"	""		"19826.04"	"42866.00"	"5d4.6s2"	"3G"	"5"	""	"*"	"5"		""	"L153"	
"433.9446"	"433.9438"	"15"	""		"20983.02"	"44021.00"	"5d5.(4P).6s"	"5P"	"2"	""	"*"	"3"		""	"L153"	
"434.0270"	""	"2"	""		""	""	""	""	""	""	""	""		""	"L153"	
"434.090"	"434.0889"	"2w"	""		"24789.66"	"47819.94"	"5d4.6s2"	"1D2"	"2"	""	"*"	"1"		""	"L153"	
"434.1124"	""	"4"	""		""	""	""	""	""	""	""	""		""	"L153"	
"434.161"	""	"3"	""		""	""	""	""	""	""	""	""		""	"L153"	
"434.253"	"434.2528"	"1"	""		"23484.78"	"46506.37"	"5d4.6s2"	"1I"	"6"	""	"*"	"5"		""	"L153"	
"434.2781"	""	"6"	""		""	""	""	""	""	""	""	""		""	"L153"	
"434.3533"	"434.3526"	"2"	""		"22852.80"	"45869.10"	"5d4.6s2"	"1G2"	"4"	""	"*"	"4"		""	"L153"	
"434.4376"	"434.4383"	"3"	""		"32378.40"	"55390.16"	"5d5.(2D3).6s"	"3D"	"1"	""	"*"	"2"		""	"L153"	
"434.4634"	""	"4"	""		""	""	""	""	""	""	""	""		""	"L153"	
"434.4963"	"434.4953"	"8"	""		"19253.56"	"42262.30"	"5d4.6s2"	"3P2"	"2"	""	"*"	"1"		""	"L153"	
"434.5828"	"434.5828"	"20"	"4.3e+06"	C	"18974.51"	"41978.62"	"5d5.(4G).6s"	"5G"	"3"	""	"*"	"2"		"T6977"	"L153"	
"434.6280"	"434.6272"	"6"	""		"23930.08"	"46931.84"	"5d5.(4D).6s"	"5D"	"3"	""	"*"	"4"		""	"L153"	
"434.6977"	"434.6992"	"30"	"4.1e+06"	B	"19253.56"	"42251.51"	"5d4.6s2"	"3P2"	"2"	""	"*"	"3"		"T6977"	"L153"	
"434.7495"	"434.7498"	"20"	"2.62e+06"	B	"19256.24"	"42251.51"	"5d5.(4G).6s"	"5G"	"4"	""	"*"	"3"		"T6977"	"L153"	
"434.8108"	"434.8079"	"20"	"1.45e+07"	B	"20983.02"	"43975.22"	"5d5.(4P).6s"	"5P"	"2"	""	"*"	"2"		"T6977"	"L153"	
"434.8927"	"434.8934"	"1"	""		"18116.84"	"41104.52"	"5d5.(4G).6s"	"5G"	"2"	""	"*"	"2"		""	"L153"	
"434.8995"	"434.8994"	"5"	""		"29195.84"	"52183.20"	"5d4.6s.(6D).6p"	"5D*"	"2"	""	""	"2"		""	"L153"	
"435.1097"	""	"2w"	""		""	""	""	""	""	""	""	""		""	"L153"	
"435.1336"	"435.1340"	"2w"	""		"22476.68"	"45451.65"	"5d5.(4D).6s"	"5D"	"4"	""	"*"	"5"		""	"L153"	
"435.2110"	"435.2096"	"2w"	""		"37414.11"	"60385.09"	""	""	"3"	""	"*"	"4"		""	"L153,L416"	
"435.310"	""	"10"	""		""	""	""	""	""	""	""	""		""	"L153"	
"435.329"	"435.3291"	"8"	""		"17701.18"	"40665.85"	"5d4.6s2"	"3F2"	"3"	""	"*"	"3"		""	"L153"	
"435.472"	"435.4723"	"6"	""		"29479.32"	"52436.44"	"5d4.6s2"	"3F1"	"4"	""	"*"	"4"		""	"L153"	
"435.490"	"435.4884"	"6"	""		"27849.80"	"50806.07"	"5d5.(2I).6s"	"3I"	"5"	""	"*"	"5"		""	"L153"	
"435.5166"	"435.5159"	"40"	"5.1e+05"	B	"12161.96"	"35116.78"	"5d4.6s2"	"3H"	"4"	""	"*"	"4"		"T4976"	"L153"	
"435.937"	"435.9385"	"2"	""		"33569.53"	"56502.10"	""	""	"4"	""	"*"	"4"		""	"L153,L416"	
"435.9663"	"435.9647"	"3"	""		"15069.93"	"38001.12"	"5d4.6s2"	"3H"	"5"	""	"*"	"4"		""	"L153"	
"436.1066"	"436.1066"	"10"	""		"27213.82"	"50137.55"	"5d5.(2F1).6s"	"3F"	"4"	""	"*"	"5"		""	"L153"	
"436.1534"	"436.1544"	"8"	""		"31389.08"	"54310.30"	"5d5.(4G).6s"	"3G"	"5"	""	"*"	"5"		""	"L153"	
"436.1814"	"436.1816"	"25"	"1.64e+05"	B	"6219.33"	"29139.12"	"5d4.6s2"	"5D"	"4"	"5d4.6s.(6D).6p"	"5F*"	"3"		"T4976"	"L153"	
"436.2228"	""	"3"	""		""	""	""	""	""	""	""	""		""	"L153"	
"436.2670"	"436.2684"	"3"	""		"19535.01"	"42450.24"	"5d5.(4G).6s"	"5G"	"5"	""	"*"	"4"		""	"L153"	
"436.3754"	"436.3756"	"3"	""		"20983.02"	"43892.62"	"5d5.(4P).6s"	"5P"	"2"	""	"*"	"1"		""	"L153"	
"436.440"	"436.4408"	"3"	""		"35299.82"	"58206.00"	""	""	"4"	""	"*"	"3"		""	"L153,L416"	
"436.4778"	"436.4777"	"40"	"1.8e+05"	C	"3325.53"	"26229.77"	"5d4.6s2"	"5D"	"2"	"5d5.(6S).6p"	"7P*"	"2"		"T4976"	"L153"	
"436.5954"	"436.5961"	"15"	""		"28392.70"	"51290.73"	"5d5.(2I).6s"	"3I"	"6"	""	"*"	"5"		""	"L153"	
"436.6073"	"436.6075"	"20"	""		"18974.51"	"41871.94"	"5d5.(4G).6s"	"5G"	"3"	""	"*"	"4"		""	"L153"	
"436.6346"	"436.6350"	"6"	""		"13777.71"	"36673.70"	"5d4.6s2"	"3F2"	"2"	""	"*"	"2"		""	"L153"	
"436.8762"	"436.8754"	"12"	""		"13307.10"	"36190.49"	"5d4.6s2"	"3P2"	"1"	""	"*"	"1"		""	"L153"	
"436.9045"	"436.9041"	"10"	""		"17701.18"	"40583.07"	"5d4.6s2"	"3F2"	"3"	""	"*"	"4"		""	"L153"	
"437.0795"	"437.0790"	"5"	""		"23455.02"	"46327.75"	"5d5.(4D).6s"	"5D"	"1"	""	"*"	"2"		""	"L153"	
"437.1732"	"437.1729"	"10"	""		"20983.02"	"43850.84"	"5d5.(4P).6s"	"5P"	"2"	""	"*"	"3"		""	"L153"	
"437.2522"	"437.2522"	"40"	"1.1e+05"	B	"3325.53"	"26189.20"	"5d4.6s2"	"5D"	"2"	"5d4.6s.(6D).6p"	"7D*"	"3"		"T4976"	"L153"	
"437.3063"	""	"3w"	""		""	""	""	""	""	""	""	""		""	"L153"	
"437.7460"	"437.7452"	"1"	""		"26861.64"	"49699.56"	"5d5.(2F1).6s"	"3F"	"2"	""	"*"	"2"		""	"L153"	
"437.8484"	"437.8488"	"50"	"3.48e+05"	B	"4830.00"	"27662.52"	"5d4.6s2"	"5D"	"3"	"5d4.6s.(6D).6p"	"5F*"	"2"		"T4976"	"L153"	
"437.9048"	"437.9021"	"2"	""		"34302.04"	"57131.78"	"5d5.(2G2).6s"	"3G"	"4"	""	"*"	"3"		""	"L153"	
"438.0118"	"438.0111"	"12*"	""		"27670.48"	"50494.54"	"5d5.(4F).6s"	"5F"	"1"	""	"*"	"2"		""	"L153"	
"438.0118"	"438.0115"	"12*"	""		"18280.48"	"41104.52"	"5d5.(6S).6s"	"5S"	"2"	""	"*"	"2"		""	"L153"	
"438.1862"	"438.1896"	"5"	""		"32217.91"	"55032.67"	""	""	"3"	""	"*"	"2"		""	"L153,L416"	
"438.4850"	"438.4850"	"40"	"3.1e+06"	C	"15460.01"	"38259.40"	"5d4.6s2"	"3D"	"3"	""	"*"	"4"		"T6977"	"L153"	
"438.5168"	"438.5160"	"5*"	""		"14976.18"	"37773.96"	"5d4.6s2"	"3D"	"2"	""	"*"	"1"		""	"L153"	
"438.5168"	"438.5172"	"5*"	""		"29139.12"	"51936.84"	"5d4.6s.(6D).6p"	"5F*"	"3"	""	""	"2"		""	"L153"	
"438.6770"	"438.6755"	"15"	"8.4e+06"	B	"20427.84"	"43217.33"	"5d5.(4P).6s"	"5P"	"1"	""	"*"	"1"		"T6977"	"L153"	
"438.7450"	"438.7452"	"2"	""		"22476.68"	"45262.55"	"5d5.(4D).6s"	"5D"	"4"	""	"*"	"4"		""	"L153"	
"438.9837"	"438.9833"	"20"	"2.06e+06"	B	"19827.68"	"42601.19"	"5d5.(4P).6s"	"5P"	"3"	""	"*"	"3"		"T6977"	"L153"	
"439.1115"	""	"3"	""		""	""	""	""	""	""	""	""		""	"L153"	
"439.2510"	"439.2512"	"1"	""		"18974.51"	"41734.13"	"5d5.(4G).6s"	"5G"	"3"	""	"*"	"2"		""	"L153"	
"439.4074"	"439.4069"	"30"	"3.2e+06"	B	"18116.84"	"40868.40"	"5d5.(4G).6s"	"5G"	"2"	""	"*"	"2"		"T6977"	"L153"	
"439.4510"	"439.4503"	"3"	""		"24610.88"	"47360.19"	"5d4.6s2"	"1F"	"3"	""	"*"	"4"		""	"L153"	
"439.5077"	"439.5071"	"10"	""		"15460.01"	"38206.38"	"5d4.6s2"	"3D"	"3"	""	"*"	"3"		""	"L153"	
"439.7518"	"439.7513"	"3"	"3.3e+04"	E	"13348.56"	"36082.30"	"5d4.6s2"	"3G"	"3"	""	"*"	"4"		"T4976"	"L153"	
"439.8270"	"439.8295"	"2w"	""		"31389.08"	"54118.78"	"5d5.(4G).6s"	"3G"	"5"	""	"*"	"4"		""	"L153"	
"439.8698"	""	"1"	""		""	""	""	""	""	""	""	""		""	"L153"	
"439.8850"	"439.8835"	"2"	""		"24610.88"	"47337.79"	"5d4.6s2"	"1F"	"3"	""	"*"	"2"		""	"L153"	
"439.9194"	"439.9193"	"1"	""		"19253.56"	"41978.62"	"5d4.6s2"	"3P2"	"2"	""	"*"	"2"		""	"L153"	
"439.9317"	"439.9286"	"1"	""		"28347.60"	"51072.18"	"5d5.(4F).6s"	"5F"	"3"	""	"*"	"3"		""	"L153"	
"440.0203"	"440.0205"	"12"	"1.12e+06"	C	"18974.51"	"41694.34"	"5d5.(4G).6s"	"5G"	"3"	""	"*"	"3"		"T6977"	"L153"	
"440.0850"	""	"2"	""		""	""	""	""	""	""	""	""		""	"L153"	
"440.1316"	""	"2"	""		""	""	""	""	""	""	""	""		""	"L153"	
"440.2652"	"440.2633"	"3"	""		"28198.90"	"50906.20"	"5d4.6s.(6D).6p"	"5P*"	"1"	""	""	"1"		""	"L153c23"	
"440.3274"	"440.3264"	"6"	""		"19535.01"	"42239.06"	"5d5.(4G).6s"	"5G"	"5"	""	"*"	"6"		""	"L153"	
"440.3947"	"440.3945"	"40"	""		"17008.50"	"39709.04"	"5d4.6s2"	"3H"	"6"	"5d4.6s.(4H).6p"	"5H*"	"7"		""	"L153"	
"440.4458"	"440.4457"	"4"	""		"14976.18"	"37674.08"	"5d4.6s2"	"3D"	"2"	""	"*"	"3"		""	"L153"	
"440.5024"	"440.5025"	"3"	""		"23930.08"	"46625.05"	"5d5.(4D).6s"	"5D"	"3"	""	"*"	"4"		""	"L153"	
"440.5996"	"440.6006"	"1"	""		"28204.20"	"50894.12"	"5d5.(4F).6s"	"5F"	"2"	""	"*"	"3"		""	"L153"	
"440.6390"	"440.6388"	"8"	""		"18082.83"	"40770.78"	"5d4.6s2"	"3D"	"1"	""	"*"	"1"		""	"L153"	
"440.6676"	"440.6678"	"4"	""		"19827.68"	"42514.14"	"5d5.(4P).6s"	"5P"	"3"	""	"*"	"3"		""	"L153"	
"440.688"	""	"2"	""		""	""	""	""	""	""	""	""		""	"L153"	
"440.8282"	"440.8283"	"50"	""		"26676.48"	"49354.68"	"5d4.6s.(6D).6p"	"7F*"	"5"	"5d4.6s.(6D).7s"	"7D"	"5"		""	"L153"	
"440.8706"	"440.8705"	"8"	""		"28233.44"	"50909.47"	"5d5.(4F).6s"	"5F"	"5"	""	"*"	"4"		""	"L153"	
"440.9946"	""	"2"	""		""	""	""	""	""	""	""	""		""	"L153"	
"441.2188"	"441.2192"	"40*"	""		"4830.00"	"27488.11"	"5d4.6s2"	"5D"	"3"	"5d5.(6S).6p"	"7P*"	"3"		""	"L153"	
"441.2188"	"441.2199"	"40*"	""		"3325.53"	"25983.60"	"5d4.6s2"	"5D"	"2"	"5d4.6s.(6D).6p"	"5F*"	"1"		""	"L153"	
"441.3006"	"441.3004"	"5"	""		"18116.84"	"40770.78"	"5d5.(4G).6s"	"5G"	"2"	""	"*"	"1"		""	"L153"	
"441.3240"	"441.3245"	"2"	""		"26861.64"	"49514.34"	"5d5.(2F1).6s"	"3F"	"2"	""	"*"	"3"		""	"L153"	
"441.3860"	"441.3849"	"4"	""		"23455.02"	"46104.62"	"5d5.(4D).6s"	"5D"	"1"	""	"*"	"1"		""	"L153"	
"441.5075"	"441.5068"	"25"	""		"18280.48"	"40923.83"	"5d5.(6S).6s"	"5S"	"2"	""	"*"	"3"		""	"L153"	
"441.5703"	"441.5703"	"12"	""		"22476.68"	"45116.77"	"5d5.(4D).6s"	"5D"	"4"	""	"*"	"4"		""	"L153"	
"441.8441"	"441.8446"	"15"	""		"20427.84"	"43053.88"	"5d5.(4P).6s"	"5P"	"1"	""	"*"	"0"		""	"L153"	
"441.8811"	"441.8805"	"6"	""		"19826.04"	"42450.24"	"5d4.6s2"	"3G"	"5"	""	"*"	"4"		""	"L153"	
"441.9247"	"441.9250"	"12"	""		"19827.68"	"42449.60"	"5d5.(4P).6s"	"5P"	"3"	""	"*"	"2"		""	"L153"	
"442.0463"	"442.0466"	"40"	""		"19256.24"	"41871.94"	"5d5.(4G).6s"	"5G"	"4"	""	"*"	"4"		""	"L153"	
"442.0998"	"442.1003"	"20"	""		"17107.01"	"39719.96"	"5d4.6s2"	"3F2"	"4"	""	"*"	"4"		""	"L153"	
"442.1836"	"442.1836"	"15"	""		"18974.51"	"41583.20"	"5d5.(4G).6s"	"5G"	"3"	""	"*"	"2"		""	"L153"	
"442.2447"	"442.2451"	"3"	""		"17008.50"	"39614.05"	"5d4.6s2"	"3H"	"6"	""	"*"	"5"		""	"L153"	
"442.3507"	"442.3494"	"2s"	""		"22773.78"	"45374.00"	"5d5.(4D).6s"	"5D"	"0"	""	"*"	"1"		""	"L153"	
"442.3769"	"442.3762"	"20"	""		"22852.80"	"45451.65"	"5d4.6s2"	"1G2"	"4"	""	"*"	"5"		""	"L153"	
"442.4888"	"442.4899"	"8"	""		"15460.01"	"38053.05"	"5d4.6s2"	"3D"	"3"	""	"*"	"3"		""	"L153"	
"442.5912"	"442.5902"	"30"	"2.81e+06"	B	"18280.48"	"40868.40"	"5d5.(6S).6s"	"5S"	"2"	""	"*"	"2"		"T6977"	"L153"	
"442.7366"	"442.7365"	"8"	""		"29479.32"	"52059.78"	"5d4.6s2"	"3F1"	"4"	""	"*"	"4"		""	"L153"	
"442.8476"	"442.8482"	"6"	""		"27213.82"	"49788.58"	"5d5.(2F1).6s"	"3F"	"4"	""	"*"	"4"		""	"L153"	
"443.0830"	"443.0855"	"2*"	""		"32826.63"	"55389.30"	""	""	"3"	""	"*"	"3"		""	"L153c23"	
"443.0830"	"443.0867"	"2*"	""		"32378.40"	"54941.01"	"5d5.(2D3).6s"	"3D"	"1"	""	"*"	"1"		""	"L153"	
"443.1522"	"443.1545"	"3"	""		"28392.70"	"50951.86"	"5d5.(2I).6s"	"3I"	"6"	""	"*"	"6"		""	"L153"	
"443.1963"	""	"2"	""		""	""	""	""	""	""	""	""		""	"L153"	
"443.2175"	"443.2189"	"10"	""		"33291.80"	"55847.68"	"5d5.(2I).6s"	"1I"	"6"	""	"*"	"6"		""	"L153"	
"443.3482"	"443.3493"	"1w*"	""		"33952.85"	"56502.10"	"5d5.(4D).6s"	"3D"	"3"	""	"*"	"4"		""	"L153c23"	
"443.3482"	"443.3540"	"1w*"	""		"18116.84"	"40665.85"	"5d5.(4G).6s"	"5G"	"2"	""	"*"	"3"		""	"L153"	
"443.3634"	""	"2"	""		""	""	""	""	""	""	""	""		""	"L153"	
"443.5102"	"443.5094"	"3w"	""		"15460.01"	"38001.12"	"5d4.6s2"	"3D"	"3"	""	"*"	"4"		""	"L153"	
"443.543"	"443.5430"	"4w"	""		"17107.01"	"39646.41"	"5d4.6s2"	"3F2"	"4"	""	"*"	"3"		""	"L153"	
"443.5733"	"443.5733"	"10"	""		"22476.68"	"45014.54"	"5d5.(4D).6s"	"5D"	"4"	""	"*"	"3"		""	"L153"	
"443.6898"	"443.6897"	"40"	""		"23964.67"	"46496.62"	"5d4.6s.(6D).6p"	"7D*"	"2"	"5d4.6s.(6D).7s"	"7D"	"3"		""	"L153"	
"443.8284"	"443.8281"	"25"	"1.83e+06"	B	"18974.51"	"41499.43"	"5d5.(4G).6s"	"5G"	"3"	""	"*"	"3"		"T6977"	"L153"	
"443.9709"	"443.9704"	"12"	""		"29460.98"	"51978.68"	"5d5.(2I).6s"	"3I"	"7"	""	"*"	"6"		""	"L153"	
"444.1808"	"444.1807"	"20"	""		"17107.01"	"39614.05"	"5d4.6s2"	"3F2"	"4"	""	"*"	"5"		""	"L153"	
"444.2443"	"444.2439"	"3w*"	""		"35299.82"	"57803.66"	""	""	"4"	""	"*"	"4"		""	"L153c23"	
"444.2443"	"444.2471"	"3w*"	""		"33291.80"	"55795.48"	"5d5.(2I).6s"	"1I"	"6"	""	"*"	"5"		""	"L153"	
"444.4066"	"444.4074"	"4"	""		"20983.02"	"43478.58"	"5d5.(4P).6s"	"5P"	"2"	""	"*"	"3"		""	"L153"	
"444.4440"	"444.4455"	"6"	""		"23964.67"	"46458.30"	"5d4.6s.(6D).6p"	"7D*"	"2"	"5d4.6s.(6D).7s"	"5D"	"1"		""	"L153"	
"444.5143"	"444.5149"	"30"	""		"14976.18"	"37466.30"	"5d4.6s2"	"3D"	"2"	""	"*"	"2"		""	"L153"	
"444.7047"	"444.7037"	"1"	""		"19253.56"	"41734.13"	"5d4.6s2"	"3P2"	"2"	""	"*"	"2"		""	"L153"	
"444.9000"	"444.9003"	"40"	""		"12161.96"	"34632.60"	"5d4.6s2"	"3H"	"4"	""	"*"	"4"		""	"L153"	
"445.0340"	"445.0340"	"20"	""		"22476.68"	"44940.57"	"5d5.(4D).6s"	"5D"	"4"	""	"*"	"4"		""	"L153"	
"445.2016"	"445.2026"	"4w"	""		"23930.08"	"46385.46"	"5d5.(4D).6s"	"5D"	"3"	""	"*"	"3"		""	"L153"	
"445.3608"	"445.3597"	"2"	""		"23455.02"	"45902.48"	"5d5.(4D).6s"	"5D"	"1"	""	"*"	"2"		""	"L153"	
"445.5458"	"445.5455"	"20"	"1.33e+06"	C	"19256.24"	"41694.34"	"5d5.(4G).6s"	"5G"	"4"	""	"*"	"3"		"T6977"	"L153"	
"445.6096"	"445.6102"	"15"	""		"27849.80"	"50284.64"	"5d5.(2I).6s"	"3I"	"5"	""	"*"	"4"		""	"L153"	
"445.8086"	"445.8085"	"20"	"4.2e+05"	C	"13307.10"	"35731.96"	"5d4.6s2"	"3P2"	"1"	""	"*"	"2"		"T4976"	"L153"	
"445.8284"	"445.8290"	"10"	"1.14e+06"	B	"19827.68"	"42251.51"	"5d5.(4P).6s"	"5P"	"3"	""	"*"	"3"		"T6977"	"L153"	
"445.8523"	"445.8515"	"1wl"	""		"27213.82"	"49636.52"	"5d5.(2F1).6s"	"3F"	"4"	""	"*"	"4"		""	"L153"	
"446.0486"	"446.0488"	"40"	"2.93e+06"	B	"13777.71"	"36190.49"	"5d4.6s2"	"3F2"	"2"	""	"*"	"1"		"T6977"	"L153"	
"446.2514"	"446.2503"	"8"	""		"23982.80"	"46385.46"	"5d5.(4D).6s"	"5D"	"2"	""	"*"	"3"		""	"L153"	
"446.3498"	"446.3497"	"12"	""		"23930.08"	"46327.75"	"5d5.(4D).6s"	"5D"	"3"	""	"*"	"2"		""	"L153"	
"446.6344"	"446.6343"	"50"	"1.5e+06"	C	"13348.56"	"35731.96"	"5d4.6s2"	"3G"	"3"	""	"*"	"2"		"T4976"	"L153"	
"446.6742"	""	"40"	""		""	""	""	""	""	""	""	""		""	"L153"	
"446.768"	"446.7664"	"3"	""		"29479.32"	"51856.10"	"5d4.6s2"	"3F1"	"4"	""	"*"	"4"		""	"L153"	
"446.7885"	"446.7912"	"1"	""		"32957.58"	"55333.12"	""	"*"	"3"	""	""	"4"		""	"L153"	
"446.879"	"446.8759"	"2"	""		"28347.60"	"50718.90"	"5d5.(4F).6s"	"5F"	"3"	""	"*"	"2"		""	"L153"	
"446.9714"	""	"10"	""		""	""	""	""	""	""	""	""		""	"L153"	
"447.2514"	"447.2515"	"8"	"1.55e+05"	C	"17008.50"	"39361.01"	"5d4.6s2"	"3H"	"6"	""	"*"	"5"		"T4976"	"L153"	
"447.403"	"447.4029"	"15"	""		"23982.80"	"46327.75"	"5d5.(4D).6s"	"5D"	"2"	""	"*"	"2"		""	"L153"	
"447.564"	"447.5635"	"4"	""		"19535.01"	"41871.94"	"5d5.(4G).6s"	"5G"	"5"	""	"*"	"4"		""	"L153"	
"447.7824"	"447.7846"	"4"	""		"28797.24"	"51123.14"	"5d4.6s.(6D).6p"	"7D*"	"4"	"5d4.6s.(6D).7s"	"5D"	"4"		""	"L153"	
"447.8826"	"447.8837"	"2"	""		"24610.88"	"46931.84"	"5d4.6s2"	"1F"	"3"	""	"*"	"4"		""	"L153"	
"447.9594"	"447.9606"	"3w"	""		"16431.31"	"38748.44"	"5d4.6s2"	"3G"	"4"	""	"*"	"4"		""	"L153"	
"448.1270"	"448.1273"	"15"	""		"23982.80"	"46291.63"	"5d5.(4D).6s"	"5D"	"2"	""	"*"	"1"		""	"L153"	
"448.4188"	"448.4177"	"100*"	""		"1670.29"	"23964.67"	"5d4.6s2"	"5D"	"1"	"5d4.6s.(6D).6p"	"7D*"	"2"		""	"L153"	
"448.4188"	"448.4197"	"100*"	""		"18116.84"	"40411.12"	"5d5.(4G).6s"	"5G"	"2"	""	"*"	"1"		""	"L153"	
"448.5091"	"448.5111"	"12c?"	""		"24789.66"	"47079.40"	"5d4.6s2"	"1D2"	"2"	""	"*"	"2"		""	"L153"	
"448.5476"	"448.5511"	"4c"	""		"27849.80"	"50137.55"	"5d5.(2I).6s"	"3I"	"5"	""	"*"	"5"		""	"L153"	
"448.7156"	"448.7196"	"4"	""		"30374.20"	"52653.58"	"5d4.6s2"	"3F1"	"2"	""	"*"	"2"		""	"L153"	
"448.9010"	"448.9016"	"25"	""		"29912.85"	"52183.20"	"5d4.6s.(6D).6p"	"5D*"	"3"	""	""	"2"		""	"L153"	
"449.0302"	"449.0302"	"2c"	""		"22852.80"	"45116.77"	"5d4.6s2"	"1G2"	"4"	""	"*"	"4"		""	"L153"	
"449.2298"	"449.2314"	"15"	"3.6e+05"	C	"17107.01"	"39361.01"	"5d4.6s2"	"3F2"	"4"	""	"*"	"5"		"T4976"	"L153"	
"449.3958"	"449.3956"	"20"	"2.80e+06"	B	"19253.56"	"41499.43"	"5d4.6s2"	"3P2"	"2"	""	"*"	"3"		"T6977"	"L153"	
"449.4177"	"449.4204"	"1"	""		"20983.02"	"43227.66"	"5d5.(4P).6s"	"5P"	"2"	""	"*"	"2"		""	"L153"	
"449.4497"	"449.4497"	"50"	"3.00e+06"	B	"19256.24"	"41499.43"	"5d5.(4G).6s"	"5G"	"4"	""	"*"	"3"		"T6977"	"L153"	
"449.5294"	"449.5297"	"40"	"3.3e+05"	C	"15069.93"	"37309.16"	"5d4.6s2"	"3H"	"5"	""	"*"	"5"		"T4976"	"L153"	
"449.6228"	""	"5"	""		""	""	""	""	""	""	""	""		""	"L153"	
"449.7674"	"449.7684"	"5"	""		"29853.66"	"52081.09"	"5d5.(4F).6s"	"5F"	"4"	""	"*"	"5"		""	"L153"	
"449.8448"	"449.8453"	"15"	""		"18974.51"	"41198.14"	"5d5.(4G).6s"	"5G"	"3"	""	"*"	"4"		""	"L153"	
"449.9094"	""	"3"	""		""	""	""	""	""	""	""	""		""	"L153"	
"450.1103"	"450.1112"	"3"	""		"26861.64"	"49072.14"	"5d5.(2F1).6s"	"3F"	"2"	""	"*"	"3"		""	"L153"	
"450.2590"	""	"4"	""		""	""	""	""	""	""	""	""		""	"L153"	
"450.3136"	"450.3156"	"3"	""		"33291.80"	"55492.22"	"5d5.(2I).6s"	"1I"	"6"	""	"*"	"5"		""	"L153"	
"450.4133"	"450.4140"	"30"	""		"24610.88"	"46806.45"	"5d4.6s2"	"1F"	"3"	""	"*"	"2"		""	"L153"	
"450.4838"	"450.4840"	"60"	"7.0e+05"	B	"12161.96"	"34354.08"	"5d4.6s2"	"3H"	"4"	""	"*"	"3"		"T4976"	"L153"	
"450.9300"	"450.9331"	"4w"	""		"29430.50"	"51600.52"	""	""	"3"	""	"*"	"3"		""	"L153,L416"	
"450.9753"	"450.9756"	"2"	""		"27488.11"	"49656.04"	"5d5.(6S).6p"	"7P*"	"3"	"5d4.6s.(6D).7s"	"5D"	"3"		""	"L153"	
"451.0276"	"451.0259"	"2"	""		"13777.71"	"35943.17"	"5d4.6s2"	"3F2"	"2"	""	"*"	"3"		""	"L153"	
"451.1301"	""	"3w"	""		""	""	""	""	""	""	""	""		""	"L153"	
"451.2880"	"451.2895"	"50"	""		"18116.84"	"40269.35"	"5d5.(4G).6s"	"5G"	"2"	""	"*"	"3"		""	"L153"	
"451.3252"	"451.3215"	"60*"	""		"19827.68"	"41978.62"	"5d5.(4P).6s"	"5P"	"3"	""	"*"	"2"		""	"L153"	
"451.3252"	"451.3287"	"60*"	""		"13348.56"	"35499.15"	"5d4.6s2"	"3G"	"3"	""	"*"	"3"		""	"L153"	
"451.4284"	"451.4293"	"5"	""		"20427.84"	"42573.49"	"5d5.(4P).6s"	"5P"	"1"	""	"*"	"1"		""	"L153"	
"451.5860"	"451.5866"	"4"	"9.1e+06"	C	"23930.08"	"46068.02"	"5d5.(4D).6s"	"5D"	"3"	""	"*"	"3"		"T6977"	"L153"	
"451.6620"	""	"2"	""		""	""	""	""	""	""	""	""		""	"L153"	
"451.7344"	"451.7355"	"12"	"3.5e+06"	B	"18280.48"	"40411.12"	"5d5.(6S).6s"	"5S"	"2"	""	"*"	"1"		"T6977"	"L153"	
"451.9153"	"451.9156"	"15"	""		"23982.80"	"46104.62"	"5d5.(4D).6s"	"5D"	"2"	""	"*"	"1"		""	"L153"	
"451.9950"	""	"6w"	""		""	""	""	""	""	""	""	""		""	"L153"	
"452.2200"	""	"5w"	""		""	""	""	""	""	""	""	""		""	"L153"	
"452.6114"	"452.6123"	"4"	""		"22852.80"	"44940.57"	"5d4.6s2"	"1G2"	"4"	""	"*"	"4"		""	"L153"	
"452.8443"	"452.8448"	"2"	"3.8e+04"	D	"15069.93"	"37146.36"	"5d4.6s2"	"3H"	"5"	""	"*"	"4"		"T4976"	"L153"	
"452.9740"	"452.9751"	"20"	""		"22476.68"	"44546.76"	"5d5.(4D).6s"	"5D"	"4"	""	"*"	"5"		""	"L153"	
"453.0448"	"453.0457"	"25"	""		"12161.96"	"34228.60"	"5d4.6s2"	"3H"	"4"	""	"*"	"3"		""	"L153"	
"453.4685"	"453.4719"	"30"	""		"19826.04"	"41871.94"	"5d4.6s2"	"3G"	"5"	""	"*"	"4"		""	"L153"	
"453.5031"	"453.5057"	"30"	""		"19827.68"	"41871.94"	"5d5.(4P).6s"	"5P"	"3"	""	"*"	"4"		""	"L153"	
"453.5389"	"453.5411"	"2"	""		"29430.50"	"51473.04"	""	""	"3"	""	"*"	"4"		""	"L153,L416"	
"453.6636"	"453.6658"	"40"	""		"28392.70"	"50429.18"	"5d5.(2I).6s"	"3I"	"6"	""	"*"	"6"		""	"L153"	
"453.9674"	"453.9690"	"4"	""		"20427.84"	"42449.60"	"5d5.(4P).6s"	"5P"	"1"	""	"*"	"2"		""	"L153"	
"454.0279"	"454.0305"	"5"	""		"17701.18"	"39719.96"	"5d4.6s2"	"3F2"	"3"	""	"*"	"4"		""	"L153"	
"454.2873"	"454.2882"	"30"	""		"15460.01"	"37466.30"	"5d4.6s2"	"3D"	"3"	""	"*"	"2"		""	"L153"	
"454.3245"	"454.3260"	"8"	""		"13307.10"	"35311.56"	"5d4.6s2"	"3P2"	"1"	""	"*"	"2"		""	"L153"	
"454.3491"	"454.3516"	"60"	""		"21448.76"	"43451.98"	"5d4.6s.(6D).6p"	"7F*"	"2"	"5d4.6s.(6D).7s"	"7D"	"1"		""	"L153"	
"454.4545"	"454.4577"	"10"	""		"21453.90"	"43451.98"	"5d4.6s.(6D).6p"	"7D*"	"1"	"5d4.6s.(6D).7s"	"7D"	"1"		""	"L153"	
"454.6469"	"454.6481"	"50"	""		"18280.48"	"40269.35"	"5d5.(6S).6s"	"5S"	"2"	""	"*"	"3"		""	"L153"	
"454.9510"	"454.9537"	"6"	""		"27213.82"	"49187.92"	"5d5.(2F1).6s"	"3F"	"4"	""	"*"	"5"		""	"L153"	
"455.0280"	"455.0315"	"8"	""		"22476.68"	"44447.02"	"5d5.(4D).6s"	"5D"	"4"	""	"*"	"3"		""	"L153"	
"455.1820"	"455.1819"	"100*"	""		"33370.04"	"55333.12"	"5d4.6s.(6D).6p"	"5F*"	"5"	""	""	"4"		""	"L153"	
"455.1820"	"455.1836"	"100*"	""		"13348.56"	"35311.56"	"5d4.6s2"	"3G"	"3"	""	"*"	"2"		""	"L153"	
"455.2500"	"455.2516"	"25"	"1.42e+05"	C	"12161.96"	"34121.68"	"5d4.6s2"	"3H"	"4"	""	"*"	"4"		"T4976"	"L153"	
"455.3639"	"455.3650"	"6"	""		"13777.71"	"35731.96"	"5d4.6s2"	"3F2"	"2"	""	"*"	"2"		""	"L153"	
"455.4664"	"455.4673"	"2"	""		"18974.51"	"40923.83"	"5d5.(4G).6s"	"5G"	"3"	""	"*"	"3"		""	"L153"	
"455.5297"	""	"4"	""		""	""	""	""	""	""	""	""		""	"L153"	
"455.5528"	"455.5522"	"3"	""		"17701.18"	"39646.41"	"5d4.6s2"	"3F2"	"3"	""	"*"	"3"		""	"L153"	
"455.6190"	"455.6213"	"4"	""		"19256.24"	"41198.14"	"5d5.(4G).6s"	"5G"	"4"	""	"*"	"4"		""	"L153"	
"455.6828"	"455.6811"	"20*"	""		"23930.08"	"45869.10"	"5d5.(4D).6s"	"5D"	"3"	""	"*"	"4"		""	"L153"	
"455.6828"	"455.6861"	"20*"	""		"27849.80"	"49788.58"	"5d5.(2I).6s"	"3I"	"5"	""	"*"	"4"		""	"L153"	
"455.8943"	"455.8962"	"12"	"1.06e+06"	B	"18082.83"	"40011.50"	"5d4.6s2"	"3D"	"1"	""	"*"	"2"		"T6977"	"L153"	
"455.9102"	"455.9106"	"12"	"1.72e+06"	B	"14976.18"	"36904.16"	"5d4.6s2"	"3D"	"2"	""	"*"	"2"		"T6977"	"L153"	
"456.0474"	""	"4"	""		""	""	""	""	""	""	""	""		""	"L153"	
"456.3570"	"456.3586"	"30"	"4.1e+06"	B	"19827.68"	"41734.13"	"5d5.(4P).6s"	"5P"	"3"	""	"*"	"2"		"T6977"	"L153"	
"456.4048"	"456.4074"	"10"	""		"28233.44"	"50137.55"	"5d5.(4F).6s"	"5F"	"5"	""	"*"	"5"		""	"L153"	
"456.5297"	"456.5310"	"25"	"1.15e+06"	B	"14976.18"	"36874.36"	"5d4.6s2"	"3D"	"2"	""	"*"	"3"		"T6977"	"L153"	
"456.6031"	"456.6044"	"1"	""		"18116.84"	"40011.50"	"5d5.(4G).6s"	"5G"	"2"	""	"*"	"2"		""	"L153"	
"456.6198"	"456.6205"	"8"	""		"18974.51"	"40868.40"	"5d5.(4G).6s"	"5G"	"3"	""	"*"	"2"		""	"L153"	
"456.7566"	""	"12"	""		""	""	""	""	""	""	""	""		""	"L153"	
"456.8597"	"456.8579"	"4"	""		"19535.01"	"41417.52"	"5d5.(4G).6s"	"5G"	"5"	""	"*"	"6"		""	"L153"	
"457.0638"	"457.0651"	"80*"	""		"34302.04"	"56174.63"	"5d5.(2G2).6s"	"3G"	"4"	""	"*"	"4"		""	"L153c23"	
"457.0638"	"457.0664"	"80*"	""		"23047.31"	"44919.84"	"5d4.6s.(6D).6p"	"7F*"	"3"	"5d4.6s.(6D).7s"	"7D"	"2"		""	"L153"	
"457.1872"	"457.1891"	"10"	""		"19827.68"	"41694.34"	"5d5.(4P).6s"	"5P"	"3"	""	"*"	"3"		""	"L153"	
"457.5352"	""	"2"	""		""	""	""	""	""	""	""	""		""	"L153"	
"457.5661"	"457.5680"	"3"	""		"26229.77"	"48078.32"	"5d5.(6S).6p"	"7P*"	"2"	"5d4.6s.(6D).7s"	"5D"	"2"		""	"L153"	
"457.8316"	"457.8323"	"20"	""		"29460.98"	"51296.92"	"5d5.(2I).6s"	"3I"	"7"	""	"*"	"7"		""	"L153"	
"457.9688"	"457.9686"	"25"	""		"32828.12"	"54657.56"	"5d4.6s.(6D).6p"	"5D*"	"4"	""	""	"3"		""	"L153"	
"457.9952"	"457.9969"	"4"	""		"16431.31"	"38259.40"	"5d4.6s2"	"3G"	"4"	""	"*"	"4"		""	"L153"	
"458.1635"	"458.1680"	"3w"	""		"28898.96"	"50718.90"	"5d4.6s2"	"3P1"	"2"	""	"*"	"2"		""	"L153"	
"458.4244"	"458.4252"	"3"	""		"31077.80"	"52885.50"	""	""	"2"	""	"*"	"2"		""	"L153,L416"	
"458.4536"	"458.4525"	"3"	""		"34302.04"	"56108.44"	"5d5.(2G2).6s"	"3G"	"4"	""	"*"	"3"		""	"L153"	
"458.5624"	""	"3"	""		""	""	""	""	""	""	""	""		""	"L153"	
"458.6832"	"458.6835"	"40"	"4.20e+05"	B	"9528.06"	"31323.48"	"5d4.6s2"	"3P2"	"0"	""	"*"	"1"		"T4976"	"L153"	
"458.8734"	"458.8746"	"60"	""		"26189.20"	"47975.54"	"5d4.6s.(6D).6p"	"7D*"	"3"	"5d4.6s.(6D).7s"	"7D"	"4"		""	"L153"	
"459.2390"	"459.2406"	"20"	""		"19648.54"	"41417.52"	"5d5.(4G).6s"	"5G"	"6"	""	"*"	"6"		""	"L153"	
"459.2566"	"459.2566"	"15"	"3.4e+05"	B	"13348.56"	"35116.78"	"5d4.6s2"	"3G"	"3"	""	"*"	"4"		"T4976"	"L153"	
"459.2907"	"459.2959"	"1"	""		"27889.68"	"49656.04"	"5d5.(6S).6p"	"7P*"	"4"	"5d4.6s.(6D).7s"	"5D"	"3"		""	"L153"	
"459.9940"	"459.9960"	"40"	""		"24763.39"	"46496.62"	"5d4.6s.(6D).6p"	"7F*"	"4"	"5d4.6s.(6D).7s"	"7D"	"3"		""	"L153"	
"460.0413"	"460.0428"	"15"	"1.00e+06"	B	"18280.48"	"40011.50"	"5d5.(6S).6s"	"5S"	"2"	""	"*"	"2"		"T6977"	"L153"	
"460.3270"	"460.3309"	"4"	""		"33291.80"	"55009.22"	"5d5.(2I).6s"	"1I"	"6"	""	"*"	"5"		""	"L153"	
"460.3410"	"460.3425"	"5"	""		"24610.88"	"46327.75"	"5d4.6s2"	"1F"	"3"	""	"*"	"2"		""	"L153"	
"460.6998"	"460.7009"	"4w"	""		"32957.58"	"54657.56"	""	"*"	"3"	""	""	"3"		""	"L153"	
"460.7565"	"460.7531"	"6w"	""		"14976.18"	"36673.70"	"5d4.6s2"	"3D"	"2"	""	"*"	"2"		""	"L153"	
"460.8816"	"460.8844"	"8"	""		"18974.51"	"40665.85"	"5d5.(4G).6s"	"5G"	"3"	""	"*"	"3"		""	"L153"	
"460.9886"	"460.9904"	"25"	"1.42e+06"	B	"15460.01"	"37146.36"	"5d4.6s2"	"3D"	"3"	""	"*"	"4"		"T4976"	"L153"	
"461.2987"	"461.3010"	"5"	""		"19827.68"	"41499.43"	"5d5.(4P).6s"	"5P"	"3"	""	"*"	"3"		""	"L153"	
"461.3296"	"461.3308"	"40"	"1.7e+05"	C	"6219.33"	"27889.68"	"5d4.6s2"	"5D"	"4"	"5d5.(6S).6p"	"7P*"	"4"		"T6977"	"L153"	
"461.3886"	"461.3896"	"2"	""		"19256.24"	"40923.83"	"5d5.(4G).6s"	"5G"	"4"	""	"*"	"3"		""	"L153"	
"461.4830"	"461.4845"	"6"	""		"19535.01"	"41198.14"	"5d5.(4G).6s"	"5G"	"5"	""	"*"	"4"		""	"L153"	
"461.6396"	"461.6420"	"3"	""		"19256.24"	"40911.98"	"5d5.(4G).6s"	"5G"	"4"	""	"*"	"5"		""	"L153"	
"461.9448"	"461.9473"	"4c"	""		"17107.01"	"38748.44"	"5d4.6s2"	"3F2"	"4"	""	"*"	"4"		""	"L153"	
"462.0520"	"462.0540"	"15"	""		"19535.01"	"41171.44"	"5d5.(4G).6s"	"5G"	"5"	""	"*"	"6"		""	"L153"	
"462.2266"	""	"2"	""		""	""	""	""	""	""	""	""		""	"L153"	
"462.3140"	"462.3156"	"5"	""		"18082.83"	"39707.02"	"5d4.6s2"	"3D"	"1"	""	"*"	"2"		""	"L153"	
"462.3645"	"462.3680"	"10"	""		"16431.31"	"38053.05"	"5d4.6s2"	"3G"	"4"	""	"*"	"3"		""	"L153"	
"462.3768"	"462.3787"	"3"	""		"23930.08"	"45551.32"	"5d5.(4D).6s"	"5D"	"3"	""	"*"	"3"		""	"L153"	
"462.4446"	"462.4443"	"6"	""		"20983.02"	"42601.19"	"5d5.(4P).6s"	"5P"	"2"	""	"*"	"3"		""	"L153"	
"462.5140"	"462.5156"	"8"	""		"19253.56"	"40868.40"	"5d4.6s2"	"3P2"	"2"	""	"*"	"2"		""	"L153"	
"462.5756"	""	"4"	""		""	""	""	""	""	""	""	""		""	"L153"	
"462.6730"	""	"3"	""		""	""	""	""	""	""	""	""		""	"L153"	
"462.7591"	"462.7560"	"6"	""		"31389.08"	"52992.69"	"5d5.(4G).6s"	"3G"	"5"	""	"*"	"4"		""	"L153"	
"462.9230"	"462.9234"	"4"	""		"24789.66"	"46385.46"	"5d4.6s2"	"1D2"	"2"	""	"*"	"3"		""	"L153"	
"462.9561"	"462.9572"	"5w"	""		"22852.80"	"44447.02"	"5d4.6s2"	"1G2"	"4"	""	"*"	"3"		""	"L153"	
"463.0139"	"463.0160"	"2"	""		"19826.04"	"41417.52"	"5d4.6s2"	"3G"	"5"	""	"*"	"6"		""	"L153"	
"463.0372"	"463.0376"	"6"	""		"20983.02"	"42573.49"	"5d5.(4P).6s"	"5P"	"2"	""	"*"	"1"		""	"L153"	
"463.4786"	"463.4812"	"20"	"8.8e+05"	B	"16431.31"	"38001.12"	"5d4.6s2"	"3G"	"4"	""	"*"	"4"		"T4976"	"L153"	
"463.5054"	"463.5089"	"4"	""		"23982.80"	"45551.32"	"5d5.(4D).6s"	"5D"	"2"	""	"*"	"3"		""	"L153"	
"463.6044"	"463.6060"	"4"	""		"23455.02"	"45019.02"	"5d5.(4D).6s"	"5D"	"1"	""	"*"	"2"		""	"L153"	
"463.7102"	""	"4"	""		""	""	""	""	""	""	""	""		""	"L153"	
"463.7857"	"463.7852"	"8"	""		"29393.40"	"50949.07"	"5d4.6s.(6D).6p"	"5P*"	"2"	""	""	"1"		""	"L153"	
"463.8251"	"463.8256"	"2w"	""		"18082.83"	"39636.62"	"5d4.6s2"	"3D"	"1"	""	"*"	"1"		""	"L153"	
"463.946"	"463.9507"	"4"	""		"32238.02"	"53786.00"	""	"*"	"3"	""	""	"4"		""	"L153"	
"464.0270"	"464.0295"	"8"	""		"22476.68"	"44021.00"	"5d5.(4D).6s"	"5D"	"4"	""	"*"	"3"		""	"L153"	
"464.1764"	"464.1786"	"10*"	""		"20427.84"	"41965.24"	"5d5.(4P).6s"	"5P"	"1"	""	"*"	"0"		""	"L153"	
"464.1764"	"464.1812"	"10*"	""		"4830.00"	"26367.28"	"5d4.6s2"	"5D"	"3"	""	"*"	"2"		""	"L153"	
"464.2530"	"464.2551"	"40"	""		"13777.71"	"35311.56"	"5d4.6s2"	"3F2"	"2"	""	"*"	"2"		""	"L153"	
"464.3116"	"464.3140"	"10"	""		"20983.02"	"42514.14"	"5d5.(4P).6s"	"5P"	"2"	""	"*"	"3"		""	"L153"	
"464.3446"	"464.3474"	"2"	""		"18116.84"	"39646.41"	"5d5.(4G).6s"	"5G"	"2"	""	"*"	"3"		""	"L153"	
"464.4880"	"464.4913"	"5"	""		"19648.54"	"41171.44"	"5d5.(4G).6s"	"5G"	"6"	""	"*"	"6"		""	"L153"	
"464.572"	""	"1"	""		""	""	""	""	""	""	""	""		""	"L153"	
"464.6135"	"464.6140"	"8"	"2.6e+06"	E	"19253.56"	"40770.78"	"5d4.6s2"	"3P2"	"2"	""	"*"	"1"		"T6977"	"L153"	
"465.152"	"465.1553"	"3"	""		"23930.08"	"45422.26"	"5d5.(4D).6s"	"5D"	"3"	""	"*"	"2"		""	"L153"	
"465.672"	""	"4"	""		""	""	""	""	""	""	""	""		""	"L153"	
"465.7034"	"465.7031"	"4"	""		"31389.08"	"52855.98"	"5d5.(4G).6s"	"3G"	"5"	""	"*"	"6"		""	"L153"	
"465.7416"	"465.7443"	"40"	""		"27889.68"	"49354.68"	"5d5.(6S).6p"	"7P*"	"4"	"5d4.6s.(6D).7s"	"7D"	"5"		""	"L153"	
"465.9867"	"465.9853"	"60"	"1.0e+06"	B	"0.00"	"21453.90"	"5d4.6s2"	"5D"	"0"	"5d4.6s.(6D).6p"	"7D*"	"1"		"T4976"	"L153"	
"466.1235"	"466.1228"	"8"	""		"22476.68"	"43924.25"	"5d5.(4D).6s"	"5D"	"4"	""	"*"	"5"		""	"L153"	
"466.1975"	"466.1971"	"10"	"1.73e+06"	B	"15460.01"	"36904.16"	"5d4.6s2"	"3D"	"3"	""	"*"	"2"		"T6977"	"L153"	
"466.2642"	"466.2661"	"2"	""		"28347.60"	"49788.58"	"5d5.(4F).6s"	"5F"	"3"	""	"*"	"4"		""	"L153"	
"466.294"	"466.2941"	"6*"	""		"33569.53"	"55009.22"	""	""	"4"	""	"*"	"5"		""	"L153c23"	
"466.294"	"466.2991"	"6*"	""		"23982.80"	"45422.26"	"5d5.(4D).6s"	"5D"	"2"	""	"*"	"2"		""	"L153"	
"466.5760"	"466.5803"	"4"	""		"18280.48"	"39707.02"	"5d5.(6S).6s"	"5S"	"2"	""	"*"	"2"		""	"L153"	
"466.8176"	"466.8184"	"2"	""		"30586.64"	"52002.25"	"5d4.6s.(6D).6p"	"5P*"	"3"	""	""	"3"		""	"L153"	
"466.8460"	"466.8459"	"15"	"1.18e+06"	B	"15460.01"	"36874.36"	"5d4.6s2"	"3D"	"3"	""	"*"	"3"		"T6977"	"L153"	
"466.8895"	"466.8908"	"2*"	""		"19253.56"	"40665.85"	"5d4.6s2"	"3P2"	"2"	""	"*"	"3"		""	"L153"	
"466.8895"	"466.8921"	"2*"	""		"13307.10"	"34719.33"	"5d4.6s2"	"3P2"	"1"	""	"*"	"1"		""	"L153"	
"467.1626"	"467.1640"	"8"	"1.4e+04"	D	"4830.00"	"26229.77"	"5d4.6s2"	"5D"	"3"	"5d5.(6S).6p"	"7P*"	"2"		"T6977"	"L153"	
"467.2553"	""	"2"	""		""	""	""	""	""	""	""	""		""	"L153"	
"467.5090"	""	"4"	""		""	""	""	""	""	""	""	""		""	"L153"	
"467.6623"	"467.6622"	"20"	""		"19535.01"	"40911.98"	"5d5.(4G).6s"	"5G"	"5"	""	"*"	"5"		""	"L153"	
"467.693"	""	"2"	""		""	""	""	""	""	""	""	""		""	"L153"	
"467.7374"	""	"4"	""		""	""	""	""	""	""	""	""		""	"L153"	
"467.7690"	"467.7688"	"20"	""		"19826.04"	"41198.14"	"5d4.6s2"	"3G"	"5"	""	"*"	"4"		""	"L153"	
"467.848"	""	"1"	""		""	""	""	""	""	""	""	""		""	"L153"	
"467.904"	"467.9039"	"8"	"1.52e+06"	B	"18280.48"	"39646.41"	"5d5.(6S).6s"	"5S"	"2"	""	"*"	"3"		"T6977"	"L153"	
"468.0509"	"468.0513"	"80"	"1.4e+06"	B	"4830.00"	"26189.20"	"5d4.6s2"	"5D"	"3"	"5d4.6s.(6D).6p"	"7D*"	"3"		"T4976"	"L153"	
"468.1182"	"468.1184"	"5"	""		"18280.48"	"39636.62"	"5d5.(6S).6s"	"5S"	"2"	""	"*"	"1"		""	"L153"	
"468.2558"	"468.2574"	"6"	""		"29773.34"	"51123.14"	"5d4.6s.(6D).6p"	"7D*"	"5"	"5d4.6s.(6D).7s"	"5D"	"4"		""	"L153"	
"468.3542"	"468.3539"	"30"	""		"19826.04"	"41171.44"	"5d4.6s2"	"3G"	"5"	""	"*"	"6"		""	"L153"	
"468.600"	""	"1"	""		""	""	""	""	""	""	""	""		""	"L153"	
"468.6373"	"468.6378"	"3"	""		"23930.08"	"45262.55"	"5d5.(4D).6s"	"5D"	"3"	""	"*"	"4"		""	"L153"	
"468.7118"	"468.7125"	"3"	""		"17701.18"	"39030.25"	"5d4.6s2"	"3F2"	"3"	""	"*"	"2"		""	"L153"	
"468.7612"	"468.7617"	"6"	"1.48e+06"	B	"19256.24"	"40583.07"	"5d5.(4G).6s"	"5G"	"4"	""	"*"	"4"		"T6977"	"L153"	
"468.9168"	"468.9196"	"2"	""		"30374.20"	"51693.85"	"5d4.6s2"	"3F1"	"2"	""	"*"	"2"		""	"L153"	
"469.0237"	"469.0228"	"1"	""		"24789.66"	"46104.62"	"5d4.6s2"	"1D2"	"2"	""	"*"	"1"		""	"L153"	
"469.062"	"469.0646"	"1"	""		"28204.20"	"49517.26"	"5d5.(4F).6s"	"5F"	"2"	""	"*"	"2"		""	"L153"	
"469.155"	"469.1560"	"5"	""		"26861.64"	"48170.55"	"5d5.(2F1).6s"	"3F"	"2"	""	"*"	"3"		""	"L153"	
"469.2112"	"469.2137"	"2"	""		"20427.84"	"41734.13"	"5d5.(4P).6s"	"5P"	"1"	""	"*"	"2"		""	"L153"	
"469.3719"	"469.3729"	"40"	""		"26676.48"	"47975.54"	"5d4.6s.(6D).6p"	"7F*"	"5"	"5d4.6s.(6D).7s"	"7D"	"4"		""	"L153"	
"469.4636"	"469.4655"	"6*"	""		"34302.04"	"55596.90"	"5d5.(2G2).6s"	"3G"	"4"	""	"*"	"4"		""	"L153c23"	
"469.4636"	"469.4660"	"6*"	""		"18974.51"	"40269.35"	"5d5.(4G).6s"	"5G"	"3"	""	"*"	"3"		""	"L153"	
"469.5527"	"469.5515"	"2"	""		"32378.40"	"53669.36"	"5d5.(2D3).6s"	"3D"	"1"	""	"*"	"2"		""	"L153"	
"469.8108"	"469.8092"	"8"	""		"20983.02"	"42262.30"	"5d5.(4P).6s"	"5P"	"2"	""	"*"	"1"		""	"L153"	
"469.862"	"469.8631"	"10"	""		"19827.68"	"41104.52"	"5d5.(4P).6s"	"5P"	"3"	""	"*"	"2"		""	"L153"	
"470.0422"	"470.0412"	"15"	"6.2e+04"	C	"6219.33"	"27488.11"	"5d4.6s2"	"5D"	"4"	"5d5.(6S).6p"	"7P*"	"3"		"T4191"	"L153"	
"470.1590"	"470.1592"	"4"	""		"19648.54"	"40911.98"	"5d5.(4G).6s"	"5G"	"6"	""	"*"	"5"		""	"L153"	
"470.217"	""	"2"	""		""	""	""	""	""	""	""	""		""	"L153"	
"470.247"	"470.2472"	"10"	"1.23e+06"	B	"18974.51"	"40233.97"	"5d5.(4G).6s"	"5G"	"3"	""	"*"	"4"		"T6977"	"L153"	
"470.564"	""	"1"	""		""	""	""	""	""	""	""	""		""	"L153"	
"470.5834"	"470.5853"	"2"	""		"22476.68"	"43720.87"	"5d5.(4D).6s"	"5D"	"4"	""	"*"	"4"		""	"L153"	
"470.616"	"470.6167"	"8"	""		"16431.31"	"37674.08"	"5d4.6s2"	"3G"	"4"	""	"*"	"3"		""	"L153"	
"470.958"	""	"2"	""		""	""	""	""	""	""	""	""		""	"L153"	
"470.975"	""	"2"	""		""	""	""	""	""	""	""	""		""	"L153"	
"471.032"	"471.0312"	"6"	""		"27849.80"	"49073.88"	"5d5.(2I).6s"	"3I"	"5"	""	"*"	"5"		""	"L153"	
"471.1173"	"471.1177"	"12"	""		"19256.24"	"40476.42"	"5d5.(4G).6s"	"5G"	"4"	""	"*"	"5"		""	"L153"	
"471.2486"	"471.2481"	"15"	"1.57e+06"	B	"14976.18"	"36190.49"	"5d4.6s2"	"3D"	"2"	""	"*"	"1"		"T6977"	"L153"	
"471.3355"	"471.3374"	"2"	""		"29912.85"	"51123.14"	"5d4.6s.(6D).6p"	"5D*"	"3"	"5d4.6s.(6D).7s"	"5D"	"4"		""	"L153"	
"471.351"	"471.3532"	"2"	""		"32135.94"	"53345.52"	"5d5.(4G).6s"	"3G"	"4"	""	"*"	"3"		""	"L153"	
"471.3852"	"471.3865"	"5"	"2.5e+04"	C	"12161.96"	"33370.04"	"5d4.6s2"	"3H"	"4"	"5d4.6s.(6D).6p"	"5F*"	"5"		"T4976"	"L153"	
"471.4507"	"471.4512"	"5"	""		"15069.93"	"36275.10"	"5d4.6s2"	"3H"	"5"	""	"*"	"5"		""	"L153"	
"471.6864"	"471.6859"	"8"	""		"17008.50"	"38203.12"	"5d4.6s2"	"3H"	"6"	""	"*"	"6"		""	"L153"	
"471.8618"	"471.8624"	"8"	""		"23930.08"	"45116.77"	"5d5.(4D).6s"	"5D"	"3"	""	"*"	"4"		""	"L153"	
"472.0392"	"472.0391"	"10"	"3.22e+05"	C	"13307.10"	"34485.86"	"5d4.6s2"	"3P2"	"1"	""	"*"	"2"		"T4976"	"L153"	
"472.3076"	"472.3072"	"2"	""		"28347.60"	"49514.34"	"5d5.(4F).6s"	"5F"	"3"	""	"*"	"3"		""	"L153"	
"472.5118"	"472.5121"	"20"	"3.8e+06"	B	"19253.56"	"40411.12"	"5d4.6s2"	"3P2"	"2"	""	"*"	"1"		"T6977"	"L153"	
"472.5592"	"472.5586"	"2"	""		"9528.06"	"30683.54"	"5d4.6s2"	"3P2"	"0"	""	"*"	"1"		""	"L153"	
"472.6274"	"472.6276"	"5"	""		"17107.01"	"38259.40"	"5d4.6s2"	"3F2"	"4"	""	"*"	"4"		""	"L153"	
"472.8768"	"472.8764"	"4"	""		"23455.02"	"44596.28"	"5d5.(4D).6s"	"5D"	"1"	""	"*"	"2"		""	"L153"	
"472.9648"	"472.9650"	"20"	"7.8e+05"	B	"13348.56"	"34485.86"	"5d4.6s2"	"3G"	"3"	""	"*"	"2"		"T4976"	"L153"	
"473.0695"	"473.0700"	"4"	""		"22852.80"	"43985.41"	"5d4.6s2"	"1G2"	"4"	""	"*"	"4"		""	"L153"	
"473.1027"	"473.1022"	"2*"	""		"33952.85"	"55084.02"	"5d5.(4D).6s"	"3D"	"3"	""	"*"	"2"		""	"L153,L416"	
"473.1027"	"473.1045"	"2*"	""		"34465.83"	"55596.90"	""	""	"3"	""	"*"	"4"		""	"L416"	
"473.6036"	"473.6061"	"3"	""		"33201.61"	"54310.30"	"5d5.(2G2).6s"	"3G"	"5"	""	"*"	"5"		""	"L153,L416"	
"473.695"	"473.6996"	"2w"	""		"34228.60"	"55333.12"	""	"*"	"3"	""	""	"4"		""	"L153"	
"473.786"	"473.7928"	"2w"	""		"18082.83"	"39183.20"	"5d4.6s2"	"3D"	"1"	""	"*"	"1"		""	"L153"	
"473.8152"	"473.8153"	"4"	""		"17107.01"	"38206.38"	"5d4.6s2"	"3F2"	"4"	""	"*"	"3"		""	"L153"	
"474.1498"	"474.1503"	"4"	""		"23930.08"	"45014.54"	"5d5.(4D).6s"	"5D"	"3"	""	"*"	"3"		""	"L153"	
"474.5586"	"474.5577"	"8w"	"1.2e+06"	C	"18116.84"	"39183.20"	"5d5.(4G).6s"	"5G"	"2"	""	"*"	"1"		"T6977"	"L153"	
"474.6785"	""	"3w"	""		""	""	""	""	""	""	""	""		""	"L153"	
"474.7964"	"474.7955"	"2"	""		"29853.66"	"50909.47"	"5d5.(4F).6s"	"5F"	"4"	""	"*"	"4"		""	"L153"	
"474.9697"	"474.9703"	"5"	"8.7e+05"	B	"19535.01"	"40583.07"	"5d5.(4G).6s"	"5G"	"5"	""	"*"	"4"		"T6977"	"L153"	
"474.9909"	"474.9884"	"1"	""		"17701.18"	"38748.44"	"5d4.6s2"	"3F2"	"3"	""	"*"	"4"		""	"L153"	
"475.1363"	"475.1360"	"6"	""		"19827.68"	"40868.40"	"5d5.(4P).6s"	"5P"	"3"	""	"*"	"2"		""	"L153"	
"475.2200"	"475.2203"	"8"	"7.6e+05"	B	"18974.51"	"40011.50"	"5d5.(4G).6s"	"5G"	"3"	""	"*"	"2"		"T6977"	"L153"	
"475.2584"	"475.2576"	"8"	"4.3e+05"	B	"13307.10"	"34342.44"	"5d4.6s2"	"3P2"	"1"	""	"*"	"1"		"T6977"	"L153"	
"475.3388"	"475.3389"	"6"	""		"23982.80"	"45014.54"	"5d5.(4D).6s"	"5D"	"2"	""	"*"	"3"		""	"L153"	
"475.698"	"475.6997"	"3"	""		"19253.56"	"40269.35"	"5d4.6s2"	"3P2"	"2"	""	"*"	"3"		""	"L153"	
"475.7542"	"475.7542"	"30"	"2.72e+05"	B	"2951.29"	"23964.67"	"5d5.(6S).6s"	"7S"	"3"	"5d4.6s.(6D).6p"	"7D*"	"2"		"T4976"	"L153"	
"475.7781"	"475.7771"	"8"	"4.1e+05"	C	"15069.93"	"36082.30"	"5d4.6s2"	"3H"	"5"	""	"*"	"4"		"T4976"	"L153"	
"475.8197"	"475.8197"	"10"	""		"23930.08"	"44940.57"	"5d5.(4D).6s"	"5D"	"3"	""	"*"	"4"		""	"L153"	
"475.9340"	"475.9322"	"2w"	"2.49e+04"	C	"13348.56"	"34354.08"	"5d4.6s2"	"3G"	"3"	""	"*"	"3"		"T4976"	"L153"	
"476.0714"	""	"3"	""		""	""	""	""	""	""	""	""		""	"L153"	
"476.102"	"476.1018"	"3"	""		"22852.80"	"43850.84"	"5d4.6s2"	"1G2"	"4"	""	"*"	"3"		""	"L153"	
"476.563"	"476.5627"	"2"	""		"19256.24"	"40233.97"	"5d5.(4G).6s"	"5G"	"4"	""	"*"	"4"		""	"L153"	
"476.7782"	"476.7793"	"8"	""		"29460.98"	"50429.18"	"5d5.(2I).6s"	"3I"	"7"	""	"*"	"6"		""	"L153"	
"476.8057"	"476.8069"	"3"	"6.9e+04"	C	"14976.18"	"35943.17"	"5d4.6s2"	"3D"	"2"	""	"*"	"3"		"T4976"	"L153"	
"477.0724"	"477.0758"	"3"	""		"23964.67"	"44919.84"	"5d4.6s.(6D).6p"	"7D*"	"2"	"5d4.6s.(6D).7s"	"7D"	"2"		""	"L153"	
"477.2492"	"477.2523"	"8"	""		"18082.83"	"39030.25"	"5d4.6s2"	"3D"	"1"	""	"*"	"2"		""	"L153"	
"477.3845"	"477.3845"	""	"1.12e+06"	B	"13777.71"	"34719.33"	"5d4.6s2"	"3F2"	"2"	""	"*"	"1"		"T6977"	"L14798"	
"477.389"	"477.3893"	"15"	""		"19535.01"	"40476.42"	"5d5.(4G).6s"	"5G"	"5"	""	"*"	"5"		""	"L153"	
"477.702"	""	"2"	""		""	""	""	""	""	""	""	""		""	"L153"	
"478.029"	"478.0285"	"2"	""		"18116.84"	"39030.25"	"5d5.(4G).6s"	"5G"	"2"	""	"*"	"2"		""	"L153"	
"478.050"	"478.0497"	"6"	""		"23455.02"	"44367.50"	"5d5.(4D).6s"	"5D"	"1"	""	"*"	"2"		""	"L153"	
"478.3694"	"478.3709"	"2"	""		"23455.02"	"44353.46"	"5d5.(4D).6s"	"5D"	"1"	""	"*"	"1"		""	"L153"	
"478.472"	"478.4700"	"1"	""		"17107.01"	"38001.12"	"5d4.6s2"	"3F2"	"4"	""	"*"	"4"		""	"L153"	
"478.7206"	""	"2wl"	""		""	""	""	""	""	""	""	""		""	"L153"	
"478.7925"	"478.7924"	"10"	""		"13348.56"	"34228.60"	"5d4.6s2"	"3G"	"3"	""	"*"	"3"		""	"L153"	
"478.8421"	"478.8427"	"10"	"2.6e+05"	C	"16431.31"	"37309.16"	"5d4.6s2"	"3G"	"4"	""	"*"	"5"		"T4976"	"L153"	
"479.2806"	"479.2800"	"2"	""		"28797.24"	"49656.04"	"5d4.6s.(6D).6p"	"7D*"	"4"	"5d4.6s.(6D).7s"	"5D"	"3"		""	"L153"	
"479.7030"	"479.7022"	"3"	""		"28233.44"	"49073.88"	"5d5.(4F).6s"	"5F"	"5"	""	"*"	"5"		""	"L153"	
"479.7546"	"479.7545"	"10"	"7.2e+05"	B	"19827.68"	"40665.85"	"5d5.(4P).6s"	"5P"	"3"	""	"*"	"3"		"T6977"	"L153"	
"479.9907"	"479.9915"	"25"	""		"19648.54"	"40476.42"	"5d5.(4G).6s"	"5G"	"6"	""	"*"	"5"		""	"L153"	
"480.631"	"480.6268"	"4wl"	""		"28347.60"	"49147.95"	"5d5.(4F).6s"	"5F"	"3"	""	"*"	"4"		""	"L153"	
"480.7380"	"480.7361"	"20"	""		"12161.96"	"32957.58"	"5d4.6s2"	"3H"	"4"	""	"*"	"3"		""	"L153"	
"480.9642"	"480.9630"	"3"	""		"32217.91"	"53003.72"	""	""	"3"	""	"*"	"2"		""	"L153,L416"	
"481.0887"	"481.0915"	"3"	""		"28291.88"	"49072.14"	"5d5.(2F1).6s"	"3F"	"3"	""	"*"	"3"		""	"L153"	
"481.258"	"481.2568"	"5"	"8.0e+04"	C	"13348.56"	"34121.68"	"5d4.6s2"	"3G"	"3"	""	"*"	"4"		"T4976"	"L153"	
"481.6105"	"481.6088"	"6"	"7.5e+05"	B	"19253.56"	"40011.50"	"5d4.6s2"	"3P2"	"2"	""	"*"	"2"		"T6977"	"L153"	
"481.6845"	"481.6816"	"8w*"	""		"27213.82"	"47968.62"	"5d5.(2F1).6s"	"3F"	"4"	""	"*"	"4"		""	"L153"	
"481.6845"	"481.6907"	"8w*"	""		"23982.80"	"44737.21"	"5d5.(4D).6s"	"5D"	"2"	""	"*"	"1"		""	"L153"	
"481.7675"	"481.7673"	"6"	""		"20983.02"	"41734.13"	"5d5.(4P).6s"	"5P"	"2"	""	"*"	"2"		""	"L153"	
"481.8358"	"481.8302"	"3"	""		"34632.60"	"55381.00"	""	"*"	"4"	""	""	"5"		""	"L153"	
"482.6943"	"482.6929"	"2"	""		"20983.02"	"41694.34"	"5d5.(4P).6s"	"5P"	"2"	""	"*"	"3"		""	"L153"	
"483.501"	"483.5015"	"15"	""		"20427.84"	"41104.52"	"5d5.(4P).6s"	"5P"	"1"	""	"*"	"2"		""	"L153"	
"483.748"	"483.7467"	"8*"	""		"23930.08"	"44596.28"	"5d5.(4D).6s"	"5D"	"3"	""	"*"	"2"		""	"L153"	
"483.748"	"483.7477"	"8*"	""		"12161.96"	"32828.12"	"5d4.6s2"	"3H"	"4"	"5d4.6s.(6D).6p"	"5D*"	"4"		""	"L153"	
"484.3810"	"484.3810"	"400"	"1.9e+06"	B	"3325.53"	"23964.67"	"5d4.6s2"	"5D"	"2"	"5d4.6s.(6D).6p"	"7D*"	"2"		"T4976"	"L153"	
"484.430"	"484.4307"	"6*"	""		"27213.82"	"47850.84"	"5d5.(2F1).6s"	"3F"	"4"	""	"*"	"5"		""	"L153"	
"484.430"	"484.4322"	"6*"	""		"13307.10"	"33944.06"	"5d4.6s2"	"3P2"	"1"	""	"*"	"2"		""	"L153"	
"484.7754"	"484.7768"	"8"	""		"15460.01"	"36082.30"	"5d4.6s2"	"3D"	"3"	""	"*"	"4"		""	"L153"	
"484.8724"	"484.8706"	"3"	""		"28898.96"	"49517.26"	"5d4.6s2"	"3P1"	"2"	""	"*"	"2"		""	"L153"	
"485.3831"	"485.3819"	"5w"	""		"20174.20"	"40770.78"	"5d4.6s2"	"1S2"	"0"	""	"*"	"1"		""	"L153"	
"485.4082"	"485.4074"	"40"	""		"13348.56"	"33944.06"	"5d4.6s2"	"3G"	"3"	""	"*"	"2"		""	"L153"	
"485.8596"	"485.8586"	"12"	"1.3e+05"	B	"13777.71"	"34354.08"	"5d4.6s2"	"3F2"	"2"	""	"*"	"3"		"T4976"	"L153"	
"486.0774"	"486.0783"	"4"	""		"17107.01"	"37674.08"	"5d4.6s2"	"3F2"	"4"	""	"*"	"3"		""	"L153"	
"486.184"	""	"3c"	""		""	""	""	""	""	""	""	""		""	"L153"	
"486.289"	"486.2876"	"2"	""		"17701.18"	"38259.40"	"5d4.6s2"	"3F2"	"3"	""	"*"	"4"		""	"L153"	
"486.3062"	"486.3061"	"15*"	""		"28797.24"	"49354.68"	"5d4.6s.(6D).6p"	"7D*"	"4"	"5d4.6s.(6D).7s"	"7D"	"5"		""	"L153"	
"486.3062"	"486.3065"	"15*"	""		"22476.68"	"43034.10"	"5d5.(4D).6s"	"5D"	"4"	""	"*"	"5"		""	"L153"	
"486.498"	"486.4992"	"3c"	""		"28720.88"	"49270.16"	"5d5.(4P).6s"	"3P"	"1"	""	"*"	"2"		""	"L153"	
"486.533"	"486.5335"	"3"	""		"33569.53"	"54117.36"	""	""	"4"	""	"*"	"3"		""	"L153,L416"	
"486.655"	""	"3"	""		""	""	""	""	""	""	""	""		""	"L153"	
"486.8025"	"486.8019"	"15"	""		"30586.64"	"51123.14"	"5d4.6s.(6D).6p"	"5P*"	"3"	"5d4.6s.(6D).7s"	"5D"	"4"		""	"L153"	
"487.1884"	"487.1886"	"3w"	""		"23455.02"	"43975.22"	"5d5.(4D).6s"	"5D"	"1"	""	"*"	"2"		""	"L153"	
"487.2790"	"487.2786"	"10w"	""		"20983.02"	"41499.43"	"5d5.(4P).6s"	"5P"	"2"	""	"*"	"3"		""	"L153"	
"487.4055"	""	"3w"	""		""	""	""	""	""	""	""	""		""	"L153"	
"487.5424"	"487.5450"	"8"	""		"17701.18"	"38206.38"	"5d4.6s2"	"3F2"	"3"	""	"*"	"3"		""	"L153"	
"487.6690"	"487.6663"	"6"	""		"26861.64"	"47361.74"	"5d5.(2F1).6s"	"3F"	"2"	""	"*"	"3"		""	"L153"	
"487.828"	"487.8279"	"20"	""		"18082.83"	"38576.14"	"5d4.6s2"	"3D"	"1"	""	"*"	"0"		""	"L153"	
"487.9686"	"487.9679"	"4"	""		"27488.11"	"47975.54"	"5d5.(6S).6p"	"7P*"	"3"	"5d4.6s.(6D).7s"	"7D"	"4"		""	"L153"	
"488.0713"	"488.0696"	"8"	"8.4e+04"	C	"15460.01"	"35943.17"	"5d4.6s2"	"3D"	"3"	""	"*"	"3"		"T4976"	"L153"	
"488.2122"	""	"2"	""		""	""	""	""	""	""	""	""		""	"L153"	
"488.2528"	"488.2520"	"3"	""		"27213.82"	"47689.33"	"5d5.(2F1).6s"	"3F"	"4"	""	"*"	"4"		""	"L153"	
"488.2744"	"488.2713"	"3"	""		"25983.60"	"46458.30"	"5d4.6s.(6D).6p"	"5F*"	"1"	"5d4.6s.(6D).7s"	"5D"	"1"		""	"L153"	
"488.3520"	""	"3"	""		""	""	""	""	""	""	""	""		""	"L153"	
"488.4541"	"488.4545"	"4"	""		"31389.08"	"51856.10"	"5d5.(4G).6s"	"3G"	"5"	""	"*"	"4"		""	"L153"	
"488.5225"	"488.5213"	"5"	""		"23982.80"	"44447.02"	"5d5.(4D).6s"	"5D"	"2"	""	"*"	"3"		""	"L153"	
"488.6191"	"488.6173"	"2"	""		"29195.84"	"49656.04"	"5d4.6s.(6D).6p"	"5D*"	"2"	"5d4.6s.(6D).7s"	"5D"	"3"		""	"L153"	
"488.6899"	"488.6902"	"200"	"8.1e+05"	B	"6219.33"	"26676.48"	"5d4.6s2"	"5D"	"4"	"5d4.6s.(6D).6p"	"7F*"	"5"		"T4976"	"L153"	
"488.7770"	"488.7783"	"4"	""		"19253.56"	"39707.02"	"5d4.6s2"	"3P2"	"2"	""	"*"	"2"		""	"L153"	
"488.8371"	"488.8398"	"20"	""		"13777.71"	"34228.60"	"5d4.6s2"	"3F2"	"2"	""	"*"	"3"		""	"L153"	
"489.0273"	"489.0272"	"25"	"1.01e+06"	B	"16431.31"	"36874.36"	"5d4.6s2"	"3G"	"4"	""	"*"	"3"		"T6977"	"L153"	
"489.0602"	"489.0602"	"1w"	""		"19827.68"	"40269.35"	"5d5.(4P).6s"	"5P"	"3"	""	"*"	"3"		""	"L153"	
"489.0872"	"489.0868"	"10"	"1.37e+06"	B	"20427.84"	"40868.40"	"5d5.(4P).6s"	"5P"	"1"	""	"*"	"2"		"T6977"	"L153"	
"489.1142"	"489.1129"	"2"	""		"23484.78"	"43924.25"	"5d4.6s2"	"1I"	"6"	""	"*"	"5"		""	"L153"	
"489.1621"	"489.1620"	"10"	""		"23930.08"	"44367.50"	"5d5.(4D).6s"	"5D"	"3"	""	"*"	"2"		""	"L153"	
"489.2422"	"489.2424"	"40"	""		"22476.68"	"42910.74"	"5d5.(4D).6s"	"5D"	"4"	""	"*"	"4"		""	"L153"	
"489.3165"	"489.3161"	"3"	""		"29853.66"	"50284.64"	"5d5.(4F).6s"	"5F"	"4"	""	"*"	"4"		""	"L153"	
"489.6518"	""	"2"	""		""	""	""	""	""	""	""	""		""	"L153"	
"489.6806"	"489.6800"	"2"	""		"27662.52"	"48078.32"	"5d4.6s.(6D).6p"	"5F*"	"2"	"5d4.6s.(6D).7s"	"5D"	"2"		""	"L153"	
"489.7718"	""	"1"	""		""	""	""	""	""	""	""	""		""	"L153"	
"489.8682"	"489.8688"	"2"	""		"19826.04"	"40233.97"	"5d4.6s2"	"3G"	"5"	""	"*"	"4"		""	"L153"	
"489.9068"	"489.9082"	"4"	""		"19827.68"	"40233.97"	"5d5.(4P).6s"	"5P"	"3"	""	"*"	"4"		""	"L153"	
"490.1033"	"490.1025"	"2"	""		"22852.80"	"43251.00"	"5d4.6s2"	"1G2"	"4"	""	"*"	"4"		""	"L153"	
"490.2073"	"490.2056"	"2"	""		"26861.64"	"47255.55"	"5d5.(2F1).6s"	"3F"	"2"	""	"*"	"1"		""	"L153"	
"490.2320"	"490.2311"	"25"	"2.76e+06"	B	"19253.56"	"39646.41"	"5d4.6s2"	"3P2"	"2"	""	"*"	"3"		"T6977"	"L153"	
"490.2950"	"490.2955"	"20"	"2.06e+06"	B	"19256.24"	"39646.41"	"5d5.(4G).6s"	"5G"	"4"	""	"*"	"3"		"T6977"	"L153"	
"490.3157"	"490.3159"	"4"	""		"22476.68"	"42866.00"	"5d5.(4D).6s"	"5D"	"4"	""	"*"	"5"		""	"L153"	
"490.432"	"490.4271"	"3w*"	""		"23982.80"	"44367.50"	"5d5.(4D).6s"	"5D"	"2"	""	"*"	"2"		""	"L153"	
"490.432"	"490.4391"	"3w*"	""		"28291.88"	"48676.08"	"5d5.(2F1).6s"	"3F"	"3"	""	"*"	"4"		""	"L153"	
"490.467"	"490.4665"	"1"	""		"19253.56"	"39636.62"	"5d4.6s2"	"3P2"	"2"	""	"*"	"1"		""	"L153"	
"490.5487"	"490.5493"	"5"	""		"27213.82"	"47593.44"	"5d5.(2F1).6s"	"3F"	"4"	""	"*"	"3"		""	"L153"	
"490.8894"	"490.8877"	"3"	""		"31817.63"	"52183.20"	""	"*"	"2"	""	""	"2"		""	"L153"	
"491.0744"	"491.0749"	"20"	""		"19256.24"	"39614.05"	"5d5.(4G).6s"	"5G"	"4"	""	"*"	"5"		""	"L153"	
"491.2192"	"491.2182"	"4"	""		"17701.18"	"38053.05"	"5d4.6s2"	"3F2"	"3"	""	"*"	"3"		""	"L153"	
"491.3113"	""	"3"	""		""	""	""	""	""	""	""	""		""	"L153"	
"491.4331"	"491.4338"	"5"	""		"20427.84"	"40770.78"	"5d5.(4P).6s"	"5P"	"1"	""	"*"	"1"		""	"L153"	
"491.6178"	"491.6165"	"30"	""		"14976.18"	"35311.56"	"5d4.6s2"	"3D"	"2"	""	"*"	"2"		""	"L153"	
"491.6986"	"491.6973"	"2"	""		"29853.66"	"50185.70"	"5d5.(4F).6s"	"5F"	"4"	""	"*"	"3"		""	"L153"	
"491.7844"	"491.7834"	"3"	""		"28347.60"	"48676.08"	"5d5.(4F).6s"	"5F"	"3"	""	"*"	"4"		""	"L153"	
"491.9807"	""	"2"	""		""	""	""	""	""	""	""	""		""	"L153"	
"492.0802"	""	"1"	""		""	""	""	""	""	""	""	""		""	"L153"	
"492.2496"	"492.2488"	"3"	""		"29479.32"	"49788.58"	"5d4.6s2"	"3F1"	"4"	""	"*"	"4"		""	"L153"	
"492.2926"	"492.2934"	"15"	""		"26189.20"	"46496.62"	"5d4.6s.(6D).6p"	"7D*"	"3"	"5d4.6s.(6D).7s"	"7D"	"3"		""	"L153"	
"492.4561"	"492.4573"	"15"	"1.75e+05"	C	"17008.50"	"37309.16"	"5d4.6s2"	"3H"	"6"	""	"*"	"5"		"T4976"	"L153"	
"492.5112"	"492.5112"	"2w"	""		"36275.10"	"56573.54"	""	"*"	"5"	""	""	"5"		""	"L153"	
"492.6711"	"492.6680"	"6"	""		"28392.70"	"48684.68"	"5d5.(2I).6s"	"3I"	"6"	""	"*"	"6"		""	"L153"	
"492.7510"	"492.7506"	"2"	""		"27849.80"	"48138.38"	"5d5.(2I).6s"	"3I"	"5"	""	"*"	"5"		""	"L153"	
"493.1551"	"493.1548"	"50"	"1.0e+06"	C	"15460.01"	"35731.96"	"5d4.6s2"	"3D"	"3"	""	"*"	"2"		"T4976"	"L153"	
"493.2048"	"493.2056"	"2"	""		"27213.82"	"47483.68"	"5d5.(2F1).6s"	"3F"	"4"	""	"*"	"3"		""	"L153"	
"493.2777"	"493.2789"	"4"	""		"26229.77"	"46496.62"	"5d5.(6S).6p"	"7P*"	"2"	"5d4.6s.(6D).7s"	"7D"	"3"		""	"L153"	
"493.3816"	"493.3814"	"5"	""		"29393.40"	"49656.04"	"5d4.6s.(6D).6p"	"5P*"	"2"	"5d4.6s.(6D).7s"	"5D"	"3"		""	"L153"	
"493.4542"	"493.4564"	"2"	""		"32135.94"	"52395.50"	"5d5.(4G).6s"	"3G"	"4"	""	"*"	"5"		""	"L153"	
"493.5784"	"493.5824"	"2"	""		"34302.04"	"54556.43"	"5d5.(2G2).6s"	"3G"	"4"	""	"*"	"3"		""	"L153"	
"493.674"	""	"2s"	""		""	""	""	""	""	""	""	""		""	"L153"	
"493.773"	""	"1"	""		""	""	""	""	""	""	""	""		""	"L153"	
"493.926"	"493.9291"	"2"	""		"31817.63"	"52057.80"	""	"*"	"2"	""	""	"1"		""	"L153"	
"494.009"	"494.0085"	"4"	""		"20174.20"	"40411.12"	"5d4.6s2"	"1S2"	"0"	""	"*"	"1"		""	"L153"	
"494.1942"	"494.1931"	"3"	""		"24789.66"	"45019.02"	"5d4.6s2"	"1D2"	"2"	""	"*"	"2"		""	"L153"	
"494.321"	""	"2w"	""		""	""	""	""	""	""	""	""		""	"L153"	
"494.5089"	"494.5114"	"2w"	""		"35116.78"	"55333.12"	""	"*"	"4"	""	""	"4"		""	"L153"	
"494.7186"	""	"3"	""		""	""	""	""	""	""	""	""		""	"L153"	
"494.8587"	"494.8587"	"10"	"1.36e+05"	D	"17107.01"	"37309.16"	"5d4.6s2"	"3F2"	"4"	""	"*"	"5"		"T4976"	"L153"	
"495.2790"	"495.2804"	"3"	""		"19535.01"	"39719.96"	"5d5.(4G).6s"	"5G"	"5"	""	"*"	"4"		""	"L153"	
"495.3075"	"495.3081"	"15"	"8.3e+05"	B	"19827.68"	"40011.50"	"5d5.(4P).6s"	"5P"	"3"	""	"*"	"2"		"T6977"	"L153"	
"495.3713"	"495.3700"	"2"	""		"22852.80"	"43034.10"	"5d4.6s2"	"1G2"	"4"	""	"*"	"5"		""	"L153"	
"495.661"	""	"2w"	""		""	""	""	""	""	""	""	""		""	"L153"	
"495.7366"	"495.7372"	"30"	""		"13777.71"	"33944.06"	"5d4.6s2"	"3F2"	"2"	""	"*"	"2"		""	"L153"	
"495.9600"	"495.9622"	"3"	""		"29479.32"	"49636.52"	"5d4.6s2"	"3F1"	"4"	""	"*"	"4"		""	"L153"	
"496.0432"	""	"1"	""		""	""	""	""	""	""	""	""		""	"L153"	
"496.1514"	"496.1528"	"5"	""		"27670.48"	"47819.94"	"5d5.(4F).6s"	"5F"	"1"	""	"*"	"1"		""	"L153"	
"496.191"	"496.1907"	"2"	""		"27213.82"	"47361.74"	"5d5.(2F1).6s"	"3F"	"4"	""	"*"	"3"		""	"L153"	
"496.2288"	"496.2289"	"8"	""		"27213.82"	"47360.19"	"5d5.(2F1).6s"	"3F"	"4"	""	"*"	"4"		""	"L153"	
"496.7685"	"496.7679"	"4"	""		"22476.68"	"42601.19"	"5d5.(4D).6s"	"5D"	"4"	""	"*"	"3"		""	"L153"	
"496.8428"	"496.8422"	"4"	""		"20983.02"	"41104.52"	"5d5.(4P).6s"	"5P"	"2"	""	"*"	"2"		""	"L153"	
"496.9110"	"496.9084"	"2"	""		"27849.80"	"47968.62"	"5d5.(2I).6s"	"3I"	"5"	""	"*"	"4"		""	"L153"	
"497.068"	"497.0677"	"3"	""		"29853.66"	"49966.03"	"5d5.(4F).6s"	"5F"	"4"	""	"*"	"3"		""	"L153"	
"497.256"	"497.2557"	"30"	"3.9e+05"	C	"19256.24"	"39361.01"	"5d5.(4G).6s"	"5G"	"4"	""	"*"	"5"		"T4976"	"L153"	
"497.4024"	""	"2"	""		""	""	""	""	""	""	""	""		""	"L153"	
"497.5260"	""	"3"	""		""	""	""	""	""	""	""	""		""	"L153"	
"497.600"	"497.5984"	"4"	""		"23930.08"	"44021.00"	"5d5.(4D).6s"	"5D"	"3"	""	"*"	"3"		""	"L153"	
"497.6333"	"497.6326"	"10"	""		"18116.84"	"38206.38"	"5d5.(4G).6s"	"5G"	"2"	""	"*"	"3"		""	"L153"	
"497.7253"	"497.7238"	"15"	""		"27889.68"	"47975.54"	"5d5.(6S).6p"	"7P*"	"4"	"5d4.6s.(6D).7s"	"7D"	"4"		""	"L153"	
"497.7706"	"497.7709"	"4"	""		"31389.08"	"51473.04"	"5d5.(4G).6s"	"3G"	"5"	""	"*"	"4"		""	"L153"	
"497.9840"	"497.9841"	"50"	""		"18280.48"	"38355.84"	"5d5.(6S).6s"	"5S"	"2"	""	"*"	"1"		""	"L153"	
"498.147"	""	"2"	""		""	""	""	""	""	""	""	""		""	"L153"	
"498.188"	"498.1871"	"2"	""		"28720.88"	"48788.06"	"5d5.(4P).6s"	"3P"	"1"	""	"*"	"1"		""	"L153"	
"498.2593"	"498.2586"	"200"	"4.17e+05"	B	"0.00"	"20064.30"	"5d4.6s2"	"5D"	"0"	"5d4.6s.(6D).6p"	"7F*"	"1"		"T4976"	"L153"	
"498.3529"	"498.3530"	"15"	""		"19648.54"	"39709.04"	"5d5.(4G).6s"	"5G"	"6"	"5d4.6s.(4H).6p"	"5H*"	"7"		""	"L153"	
"498.416"	"498.4166"	"5"	""		"22852.80"	"42910.74"	"5d4.6s2"	"1G2"	"4"	""	"*"	"4"		""	"L153"	
"498.4698"	"498.4713"	"20"	"9.0e+05"	B	"18974.51"	"39030.25"	"5d5.(4G).6s"	"5G"	"3"	""	"*"	"2"		"T6977"	"L153"	
"498.692"	"498.6924"	"80"	"6.3e+05"	C	"15069.93"	"35116.78"	"5d4.6s2"	"3H"	"5"	""	"*"	"4"		"T4976"	"L153"	
"498.7330"	"498.7349"	"3w"	""		"23930.08"	"43975.22"	"5d5.(4D).6s"	"5D"	"3"	""	"*"	"2"		""	"L153"	
"498.8050"	""	"3w"	""		""	""	""	""	""	""	""	""		""	"L153"	
"498.908"	"498.9076"	"15"	""		"23982.80"	"44021.00"	"5d5.(4D).6s"	"5D"	"2"	""	"*"	"3"		""	"L153"	
"498.987"	"498.9868"	"5"	""		"29479.32"	"49514.34"	"5d4.6s2"	"3F1"	"4"	""	"*"	"3"		""	"L153"	
"499.082"	""	"1"	""		""	""	""	""	""	""	""	""		""	"L153"	
"499.185"	"499.1876"	"2"	""		"28291.88"	"48318.84"	"5d5.(2F1).6s"	"3F"	"3"	""	"*"	"2"		""	"L153"	
"499.2374"	"499.2375"	"4"	""		"34632.60"	"54657.56"	""	"*"	"4"	""	""	"3"		""	"L153"	
"499.4083"	""	"6"	""		""	""	""	""	""	""	""	""		""	"L153"	
"499.529"	"499.5309"	"20"	""		"22852.80"	"42866.00"	"5d4.6s2"	"1G2"	"4"	""	"*"	"5"		""	"L153"	
"500.049"	"500.0501"	"4"	""		"23982.80"	"43975.22"	"5d5.(4D).6s"	"5D"	"2"	""	"*"	"2"		""	"L153"	
"500.1072"	""	"5"	""		""	""	""	""	""	""	""	""		""	"L153"	
"500.279"	"500.2788"	"12"	"1.09e+06"	B	"20427.84"	"40411.12"	"5d5.(4P).6s"	"5P"	"1"	""	"*"	"1"		"T6977"	"L153"	
"500.3933"	"500.3907"	"2"	""		"28347.60"	"48326.41"	"5d5.(4F).6s"	"5F"	"3"	""	"*"	"3"		""	"L153"	
"500.5216"	"500.5223"	"4"	""		"22476.68"	"42450.24"	"5d5.(4D).6s"	"5D"	"4"	""	"*"	"4"		""	"L153"	
"500.5392"	"500.5388"	"6"	""		"17701.18"	"37674.08"	"5d4.6s2"	"3F2"	"3"	""	"*"	"3"		""	"L153"	
"500.6150"	"500.6147"	"60"	"1.2e+06"	B	"6219.33"	"26189.20"	"5d4.6s2"	"5D"	"4"	"5d4.6s.(6D).6p"	"7D*"	"3"		"T4976"	"L153"	
"500.7221"	"500.7241"	"8"	""		"19648.54"	"39614.05"	"5d5.(4G).6s"	"5G"	"6"	""	"*"	"5"		""	"L153"	
"500.8110"	"500.8126"	"4"	""		"31323.48"	"51285.46"	""	"*"	"1"	""	""	"0"		""	"L153"	
"500.9874"	""	"4"	""		""	""	""	""	""	""	""	""		""	"L153"	
"501.0366"	""	"5w"	""		""	""	""	""	""	""	""	""		""	"L153"	
"501.1454"	""	"3"	""		""	""	""	""	""	""	""	""		""	"L153"	
"501.1768"	"501.1749"	"1"	""		"24789.66"	"44737.21"	"5d4.6s2"	"1D2"	"2"	""	"*"	"1"		""	"L153"	
"501.229"	"501.2345"	"3w"	""		"32238.02"	"52183.20"	""	"*"	"3"	""	""	"2"		""	"L153"	
"501.3436"	"501.3443"	"10"	""		"20983.02"	"40923.83"	"5d5.(4P).6s"	"5P"	"2"	""	"*"	"3"		""	"L153"	
"501.3980"	"501.3971"	"4*"	""		"30586.64"	"50525.35"	"5d4.6s.(6D).6p"	"5P*"	"3"	""	""	"2"		""	"L153"	
"501.3980"	"501.4004"	"4*"	""		"29479.32"	"49417.90"	"5d4.6s2"	"3F1"	"4"	""	"*"	"3"		""	"L153"	
"501.457"	"501.4600"	"8"	""		"18116.84"	"38053.05"	"5d5.(4G).6s"	"5G"	"2"	""	"*"	"3"		""	"L153"	
"501.5304"	"501.5309"	"50"	"5.4e+05"	B	"4830.00"	"24763.39"	"5d4.6s2"	"5D"	"3"	"5d4.6s.(6D).6p"	"7F*"	"4"		"T4976"	"L153"	
"501.7212"	"501.7195"	"12"	""		"18280.48"	"38206.38"	"5d5.(6S).6s"	"5S"	"2"	""	"*"	"3"		""	"L153"	
"501.8504"	"501.8489"	"4"	""		"23930.08"	"43850.84"	"5d5.(4D).6s"	"5D"	"3"	""	"*"	"3"		""	"L153"	
"501.9520"	"501.9517"	"3"	""		"33201.61"	"53118.29"	"5d5.(2G2).6s"	"3G"	"5"	""	"*"	"4"		""	"L153,L416"	
"502.1324"	"502.1247"	"5"	""		"23982.80"	"43892.62"	"5d5.(4D).6s"	"5D"	"2"	""	"*"	"1"		""	"L153"	
"502.2496"	"502.2478"	"5"	""		"28233.44"	"48138.38"	"5d5.(4F).6s"	"5F"	"5"	""	"*"	"5"		""	"L153"	
"502.3423"	"502.3437"	"2w"	""		"37414.11"	"57315.25"	""	""	"3"	""	"*"	"4"		""	"L153,L416"	
"502.5270"	"502.5260"	"5"	""		"19826.04"	"39719.96"	"5d4.6s2"	"3G"	"5"	""	"*"	"4"		""	"L153"	
"502.5684"	"502.5674"	"6"	""		"19827.68"	"39719.96"	"5d5.(4P).6s"	"5P"	"3"	""	"*"	"4"		""	"L153"	
"502.744"	"502.7418"	"5"	""		"20983.02"	"40868.40"	"5d5.(4P).6s"	"5P"	"2"	""	"*"	"2"		""	"L153"	
"502.8934"	"502.8925"	"20*"	""		"28198.90"	"48078.32"	"5d4.6s.(6D).6p"	"5P*"	"1"	"5d4.6s.(6D).7s"	"5D"	"2"		""	"L153"	
"502.8934"	"502.8946"	"20*"	""		"32135.94"	"52015.28"	"5d5.(4G).6s"	"3G"	"4"	""	"*"	"3"		""	"L153"	
"502.8934"	"502.8946"	"20*"	""		"19827.68"	"39707.02"	"5d5.(4P).6s"	"5P"	"3"	""	"*"	"2"		""	"L153"	
"502.9112"	"502.9115"	"6"	""		"28291.88"	"48170.55"	"5d5.(2F1).6s"	"3F"	"3"	""	"*"	"3"		""	"L153"	
"502.9498"	""	"2w"	""		""	""	""	""	""	""	""	""		""	"L153"	
"503.1813"	"503.1806"	"15"	""		"23982.80"	"43850.84"	"5d5.(4D).6s"	"5D"	"2"	""	"*"	"3"		""	"L153"	
"503.4364"	"503.4350"	"2w"	""		"28392.70"	"48250.70"	"5d5.(2I).6s"	"3I"	"6"	""	"*"	"7"		""	"L153"	
"503.575"	"503.5765"	"4"	""		"34121.68"	"53974.10"	""	"*"	"4"	""	""	"5"		""	"L153"	
"503.5998"	"503.5986"	"5"	""		"15460.01"	"35311.56"	"5d4.6s2"	"3D"	"3"	""	"*"	"2"		""	"L153"	
"503.9028"	"503.9037"	"10"	""		"27849.80"	"47689.33"	"5d5.(2I).6s"	"3I"	"5"	""	"*"	"4"		""	"L153"	
"504.0360"	"504.0371"	"60"	"5.2e+05"	C	"13307.10"	"33141.38"	"5d4.6s2"	"3P2"	"1"	""	"*"	"2"		"T4976"	"L153"	
"504.141"	""	"3w"	""		""	""	""	""	""	""	""	""		""	"L153"	
"504.1768"	"504.1753"	"4w"	""		"26629.46"	"46458.30"	"5d4.6s.(6D).6p"	"5D*"	"0"	"5d4.6s.(6D).7s"	"5D"	"1"		""	"L153"	
"504.2482"	"504.2476"	"3"	""		"19535.01"	"39361.01"	"5d5.(4G).6s"	"5G"	"5"	""	"*"	"5"		""	"L153"	
"504.432"	"504.4325"	"20"	""		"19827.68"	"39646.41"	"5d5.(4P).6s"	"5P"	"3"	""	"*"	"3"		""	"L153"	
"504.4908"	"504.4939"	"4"	""		"31077.80"	"50894.12"	""	""	"2"	""	"*"	"3"		""	"L153,L416"	
"505.141"	"505.1447"	"1c"	""		"23930.08"	"43720.87"	"5d5.(4D).6s"	"5D"	"3"	""	"*"	"4"		""	"L153"	
"505.223"	"505.2220"	"30"	"1.1e+06"	E	"20983.02"	"40770.78"	"5d5.(4P).6s"	"5P"	"2"	""	"*"	"1"		"T6977"	"L153"	
"505.3276"	"505.3280"	"400"	"1.9e+06"	B	"1670.29"	"21453.90"	"5d4.6s2"	"5D"	"1"	"5d4.6s.(6D).6p"	"7D*"	"1"		"T4976"	"L153"	
"505.4596"	"505.4594"	"150"	"3.3e+05"	D	"1670.29"	"21448.76"	"5d4.6s2"	"5D"	"1"	"5d4.6s.(6D).6p"	"7F*"	"2"		"T4191"	"L153"	
"505.5516"	"505.5524"	"50"	"4.0e+06"	B	"22476.68"	"42251.51"	"5d5.(4D).6s"	"5D"	"4"	""	"*"	"3"		"T6977"	"L153"	
"505.6094"	"505.6102"	"4"	""		"18280.48"	"38053.05"	"5d5.(6S).6s"	"5S"	"2"	""	"*"	"3"		""	"L153"	
"505.650"	""	"2"	""		""	""	""	""	""	""	""	""		""	"L153"	
"505.684"	""	"2"	""		""	""	""	""	""	""	""	""		""	"L153"	
"505.745"	"505.7437"	"2"	""		"17107.01"	"36874.36"	"5d4.6s2"	"3F2"	"4"	""	"*"	"3"		""	"L153"	
"505.8006"	"505.8008"	"30"	""		"17701.18"	"37466.30"	"5d4.6s2"	"3F2"	"3"	""	"*"	"2"		""	"L153"	
"505.9342"	""	"2"	""		""	""	""	""	""	""	""	""		""	"L153"	
"506.208"	""	"2"	""		""	""	""	""	""	""	""	""		""	"L153"	
"506.3142"	""	"5"	""		""	""	""	""	""	""	""	""		""	"L153"	
"506.3638"	"506.3636"	"8"	"1.4e+05"	D	"14976.18"	"34719.33"	"5d4.6s2"	"3D"	"2"	""	"*"	"1"		"T4976"	"L153"	
"506.4807"	""	"5"	""		""	""	""	""	""	""	""	""		""	"L153"	
"506.5682"	"506.5681"	"4"	""		"28233.44"	"47968.62"	"5d5.(4F).6s"	"5F"	"5"	""	"*"	"4"		""	"L153"	
"506.6573"	""	"3"	""		""	""	""	""	""	""	""	""		""	"L153"	
"506.719"	""	"2"	""		""	""	""	""	""	""	""	""		""	"L153"	
"506.9118"	"506.9123"	"120"	""		"3325.53"	"23047.31"	"5d4.6s2"	"5D"	"2"	"5d4.6s.(6D).6p"	"7F*"	"3"		""	"L153"	
"507.1515"	"507.1517"	"6"	"3.4e+05"	C	"19648.54"	"39361.01"	"5d5.(4G).6s"	"5G"	"6"	""	"*"	"5"		"T4976"	"L153"	
"507.1735"	"507.1736"	"150"	""		"29643.06"	"49354.68"	"5d4.6s.(6D).6p"	"7F*"	"6"	"5d4.6s.(6D).7s"	"7D"	"5"		""	"L153"	
"507.2504"	"507.2513"	"3"	""		"29479.32"	"49187.92"	"5d4.6s2"	"3F1"	"4"	""	"*"	"5"		""	"L153"	
"507.7010"	"507.7013"	"10"	""		"18082.83"	"37773.96"	"5d4.6s2"	"3D"	"1"	""	"*"	"1"		""	"L153"	
"507.9204"	"507.9154"	"4"	""		"20983.02"	"40665.85"	"5d5.(4P).6s"	"5P"	"2"	""	"*"	"3"		""	"L153"	
"507.9922"	"507.9931"	"3"	""		"22852.80"	"42532.62"	"5d4.6s2"	"1G2"	"4"	""	"*"	"4"		""	"L153"	
"508.072"	"508.0726"	"10"	""		"28291.88"	"47968.62"	"5d5.(2F1).6s"	"3F"	"3"	""	"*"	"4"		""	"L153"	
"508.200"	""	"3"	""		""	""	""	""	""	""	""	""		""	"L153"	
"508.2722"	"508.2705"	"4"	""		"28720.88"	"48389.96"	"5d5.(4P).6s"	"3P"	"1"	""	"*"	"1"		""	"L153"	
"508.3142"	"508.3163"	"4"	""		"27670.48"	"47337.79"	"5d5.(4F).6s"	"5F"	"1"	""	"*"	"2"		""	"L153"	
"508.5876"	"508.5888"	"5w"	"3.0e+04"	D	"15460.01"	"35116.78"	"5d4.6s2"	"3D"	"3"	""	"*"	"4"		"T4976"	"L153"	
"508.9982"	"508.9977"	"20"	""		"27213.82"	"46854.80"	"5d5.(2F1).6s"	"3F"	"4"	""	"*"	"5"		""	"L153"	
"509.392"	"509.3968"	"2"	""		"31323.48"	"50949.07"	""	"*"	"1"	""	""	"1"		""	"L153"	
"509.4173"	"509.4194"	"6"	""		"33569.53"	"53194.25"	""	""	"4"	""	"*"	"5"		""	"L153,L416"	
"509.502"	"509.4978"	"2c"	""		"37146.36"	"56768.06"	""	"*"	"4"	""	""	"5"		""	"L153"	
"509.6126"	"509.6095"	"2"	""		"28233.44"	"47850.84"	"5d5.(4F).6s"	"5F"	"5"	""	"*"	"5"		""	"L153"	
"509.650"	"509.6526"	"2"	""		"28204.20"	"47819.94"	"5d5.(4F).6s"	"5F"	"2"	""	"*"	"1"		""	"L153"	
"509.825"	"509.8273"	"2"	""		"13348.56"	"32957.58"	"5d4.6s2"	"3G"	"3"	""	"*"	"3"		""	"L153"	
"510.1276"	"510.1286"	"3w"	""		"22852.80"	"42450.24"	"5d4.6s2"	"1G2"	"4"	""	"*"	"4"		""	"L153"	
"510.4643"	"510.4630"	"2"	""		"23930.08"	"43514.68"	"5d5.(4D).6s"	"5D"	"3"	""	"*"	"2"		""	"L153"	
"510.4885"	"510.4875"	"1"	""		"20427.84"	"40011.50"	"5d5.(4P).6s"	"5P"	"1"	""	"*"	"2"		""	"L153"	
"510.5144"	"510.5120"	"4"	""		"31323.48"	"50906.20"	""	"*"	"1"	""	""	"1"		""	"L153"	
"510.5478"	"510.5480"	"20"	""		"29773.34"	"49354.68"	"5d4.6s.(6D).6p"	"7D*"	"5"	"5d4.6s.(6D).7s"	"7D"	"5"		""	"L153"	
"510.6411"	"510.6393"	"4"	""		"24789.66"	"44367.50"	"5d4.6s2"	"1D2"	"2"	""	"*"	"2"		""	"L153"	
"510.778"	"510.7789"	"5"	""		"33201.61"	"52774.10"	"5d5.(2G2).6s"	"3G"	"5"	""	"*"	"5"		""	"L153,L416"	
"510.825"	""	"2"	""		""	""	""	""	""	""	""	""		""	"L153"	
"511.036"	"511.0353"	"15"	""		"15069.93"	"34632.60"	"5d4.6s2"	"3H"	"5"	""	"*"	"4"		""	"L153"	
"511.1774"	"511.1771"	"10"	""		"18116.84"	"37674.08"	"5d5.(4G).6s"	"5G"	"2"	""	"*"	"3"		""	"L153"	
"511.390"	"511.3842"	"3w"	""		"23484.78"	"43034.10"	"5d4.6s2"	"1I"	"6"	""	"*"	"5"		""	"L153"	
"511.459"	"511.4557"	"3"	""		"34302.04"	"53848.63"	"5d5.(2G2).6s"	"3G"	"4"	""	"*"	"4"		""	"L153"	
"511.529"	"511.5302"	"4"	""		"28720.88"	"48264.62"	"5d5.(4P).6s"	"3P"	"1"	""	"*"	"0"		""	"L153"	
"511.7612"	"511.7599"	"20"	"1.61e+05"	D	"19826.04"	"39361.01"	"5d4.6s2"	"3G"	"5"	""	"*"	"5"		"T4976"	"L153"	
"511.8418"	"511.8409"	"8"	""		"23982.80"	"43514.68"	"5d5.(4D).6s"	"5D"	"2"	""	"*"	"2"		""	"L153"	
"512.0553"	"512.0543"	"20"	""		"37309.16"	"56832.90"	""	"*"	"5"	""	""	"6"		""	"L153"	
"512.3625"	"512.3660"	"1"	""		"16431.31"	"35943.17"	"5d4.6s2"	"3G"	"4"	""	"*"	"3"		""	"L153"	
"512.4234"	"512.4233"	"40"	"4.0e+05"	C	"14976.18"	"34485.86"	"5d4.6s2"	"3D"	"2"	""	"*"	"2"		"T4976"	"L153"	
"512.532"	""	"1"	""		""	""	""	""	""	""	""	""		""	"L153"	
"512.788"	"512.7886"	"4c"	""		"23982.80"	"43478.58"	"5d5.(4D).6s"	"5D"	"2"	""	"*"	"3"		""	"L153"	
"512.849"	"512.8491"	"20"	""		"18280.48"	"37773.96"	"5d5.(6S).6s"	"5S"	"2"	""	"*"	"1"		""	"L153"	
"512.8836"	"512.8828"	"6"	""		"19256.24"	"38748.44"	"5d5.(4G).6s"	"5G"	"4"	""	"*"	"4"		""	"L153"	
"512.981"	"512.9797"	"25"	""		"22773.78"	"42262.30"	"5d5.(4D).6s"	"5D"	"0"	""	"*"	"1"		""	"L153"	
"513.0114"	"513.0115"	"50"	""		"23964.67"	"43451.98"	"5d4.6s.(6D).6p"	"7D*"	"2"	"5d4.6s.(6D).7s"	"7D"	"1"		""	"L153"	
"513.1318"	""	"10"	""		""	""	""	""	""	""	""	""		""	"L153"	
"513.211"	"513.2156"	"2c"	""		"13348.56"	"32828.12"	"5d4.6s2"	"3G"	"3"	"5d4.6s.(6D).6p"	"5D*"	"4"		""	"L153"	
"513.311"	"513.3110"	"20"	""		"32217.91"	"51693.85"	""	""	"3"	""	"*"	"2"		""	"L153,L416"	
"513.608"	"513.6106"	"5w"	""		"32135.94"	"51600.52"	"5d5.(4G).6s"	"3G"	"4"	""	"*"	"3"		""	"L153"	
"513.670"	"513.6676"	"12"	""		"20174.20"	"39636.62"	"5d4.6s2"	"1S2"	"0"	""	"*"	"1"		""	"L153"	
"513.763"	"513.7605"	"3"	""		"37309.16"	"56768.06"	""	"*"	"5"	""	""	"5"		""	"L153"	
"513.7798"	"513.7806"	"6"	""		"28392.70"	"47850.84"	"5d5.(2I).6s"	"3I"	"6"	""	"*"	"5"		""	"L153"	
"513.8400"	"513.8400"	"25"	""		"28233.44"	"47689.33"	"5d5.(4F).6s"	"5F"	"5"	""	"*"	"4"		""	"L153"	
"514.1248"	"514.1230"	"12"	"1.12e+05"	C	"17701.18"	"37146.36"	"5d4.6s2"	"3F2"	"3"	""	"*"	"4"		"T4976"	"L153"	
"514.5453"	"514.5467"	"8"	""		"32826.63"	"52255.80"	""	""	"3"	""	"*"	"3"		""	"L153,L416"	
"514.5774"	"514.5750"	"25"	"2.10e+06"	B	"20983.02"	"40411.12"	"5d5.(4P).6s"	"5P"	"2"	""	"*"	"1"		"T6977"	"L153"	
"514.772"	"514.7727"	"3c"	""		"32957.58"	"52378.22"	""	"*"	"3"	""	""	"4"		""	"L153"	
"514.8727"	"514.8694"	"6*"	""		"31389.08"	"50806.07"	"5d5.(4G).6s"	"3G"	"5"	""	"*"	"5"		""	"L153"	
"514.8727"	"514.8761"	"6*"	""		"31077.80"	"50494.54"	""	""	"2"	""	"*"	"2"		""	"L153c23"	
"514.9765"	""	"3"	""		""	""	""	""	""	""	""	""		""	"L153"	
"515.0252"	"515.0222"	"4"	""		"27213.82"	"46625.05"	"5d5.(2F1).6s"	"3F"	"4"	""	"*"	"4"		""	"L153"	
"515.079"	"515.0835"	"5"	""		"27670.48"	"47079.40"	"5d5.(4F).6s"	"5F"	"1"	""	"*"	"2"		""	"L153"	
"515.1286"	""	"3"	""		""	""	""	""	""	""	""	""		""	"L153"	
"515.3555"	"515.3546"	"40"	""		"22852.80"	"42251.51"	"5d4.6s2"	"1G2"	"4"	""	"*"	"3"		""	"L153"	
"515.3880"	"515.3881"	"20"	""		"28291.88"	"47689.33"	"5d5.(2F1).6s"	"3F"	"3"	""	"*"	"4"		""	"L153"	
"515.4462"	"515.4463"	"30"	""		"22476.68"	"41871.94"	"5d5.(4D).6s"	"5D"	"4"	""	"*"	"4"		""	"L153"	
"515.4904"	"515.4904"	"15"	""		"18280.48"	"37674.08"	"5d5.(6S).6s"	"5S"	"2"	""	"*"	"3"		""	"L153"	
"515.6722"	""	"4"	""		""	""	""	""	""	""	""	""		""	"L153"	
"515.7618"	"515.7598"	"4"	""		"18082.83"	"37466.30"	"5d4.6s2"	"3D"	"1"	""	"*"	"2"		""	"L153"	
"515.8187"	"515.8197"	"15"	""		"23484.78"	"42866.00"	"5d4.6s2"	"1I"	"6"	""	"*"	"5"		""	"L153"	
"515.9095"	"515.9081"	"2"	"9.1e+03"	D	"14976.18"	"34354.08"	"5d4.6s2"	"3D"	"2"	""	"*"	"3"		"T4976"	"L153"	
"515.9564"	""	"3"	""		""	""	""	""	""	""	""	""		""	"L153"	
"516.000"	"515.9978"	"5"	""		"24610.88"	"43985.41"	"5d4.6s2"	"1F"	"3"	""	"*"	"4"		""	"L153"	
"516.0322"	""	"4"	""		""	""	""	""	""	""	""	""		""	"L153"	
"516.106"	""	"4"	""		""	""	""	""	""	""	""	""		""	"L153"	
"516.2146"	"516.2182"	"8"	""		"14976.18"	"34342.44"	"5d4.6s2"	"3D"	"2"	""	"*"	"1"		""	"L153"	
"516.2874"	"516.2872"	"4"	"2.0e+04"	D	"13777.71"	"33141.38"	"5d4.6s2"	"3F2"	"2"	""	"*"	"2"		"T4976"	"L153"	
"516.348"	""	"4"	""		""	""	""	""	""	""	""	""		""	"L153"	
"516.6648"	"516.6664"	"2"	""		"18116.84"	"37466.30"	"5d5.(4G).6s"	"5G"	"2"	""	"*"	"2"		""	"L153"	
"516.878"	"516.8790"	"2w"	""		"34632.60"	"53974.10"	""	"*"	"4"	""	""	"5"		""	"L153"	
"517.065"	""	"2"	""		""	""	""	""	""	""	""	""		""	"L153"	
"517.2626"	"517.2620"	"3"	""		"32957.58"	"52284.76"	""	"*"	"3"	""	""	"3"		""	"L153"	
"517.364"	""	"4"	""		""	""	""	""	""	""	""	""		""	"L153"	
"517.431"	"517.4296"	"5"	""		"23930.08"	"43251.00"	"5d5.(4D).6s"	"5D"	"3"	""	"*"	"4"		""	"L153"	
"517.5732"	"517.5761"	"6"	""		"32378.40"	"51693.85"	"5d5.(2D3).6s"	"3D"	"1"	""	"*"	"2"		""	"L153"	
"517.776"	"517.7726"	"8"	""		"28233.44"	"47541.56"	"5d5.(4F).6s"	"5F"	"5"	""	"*"	"6"		""	"L153"	
"517.951"	"517.9486"	"10"	""		"28291.88"	"47593.44"	"5d5.(2F1).6s"	"3F"	"3"	""	"*"	"3"		""	"L153"	
"518.004"	""	"3"	""		""	""	""	""	""	""	""	""		""	"L153"	
"518.057"	"518.0554"	"1w"	""		"23930.08"	"43227.66"	"5d5.(4D).6s"	"5D"	"3"	""	"*"	"2"		""	"L153"	
"518.194"	"518.1905"	"5w"	""		"27213.82"	"46506.37"	"5d5.(2F1).6s"	"3F"	"4"	""	"*"	"5"		""	"L153"	
"518.230"	""	"3w"	""		""	""	""	""	""	""	""	""		""	"L153"	
"518.3586"	"518.3576"	"6"	""		"20983.02"	"40269.35"	"5d5.(4P).6s"	"5P"	"2"	""	"*"	"3"		""	"L153"	
"518.3965"	"518.3963"	"40"	"9.6e+05"	B	"18974.51"	"38259.40"	"5d5.(4G).6s"	"5G"	"3"	""	"*"	"4"		"T6977"	"L153"	
"518.552"	"518.5498"	"2"	""		"20427.84"	"39707.02"	"5d5.(4P).6s"	"5P"	"1"	""	"*"	"2"		""	"L153"	
"518.7537"	"518.7541"	"6"	""		"28898.96"	"48170.55"	"5d4.6s2"	"3P1"	"2"	""	"*"	"3"		""	"L153"	
"518.8867"	"518.8884"	"10"	""		"17008.50"	"36275.10"	"5d4.6s2"	"3H"	"6"	""	"*"	"5"		""	"L153"	
"518.9516"	"518.9482"	"3"	""		"37309.16"	"56573.54"	""	"*"	"5"	""	""	"5"		""	"L153"	
"519.2705"	"519.2706"	"40"	""		"14976.18"	"34228.60"	"5d4.6s2"	"3D"	"2"	""	"*"	"3"		""	"L153"	
"519.563"	"519.5621"	"40"	""		"25983.60"	"45225.22"	"5d4.6s.(6D).6p"	"5F*"	"1"	"5d4.6s.(6D).7s"	"5D"	"0"		""	"L153"	
"519.649"	"519.6509"	"9"	""		"28204.20"	"47442.53"	"5d5.(4F).6s"	"5F"	"2"	""	"*"	"2"		""	"L153"	
"519.828"	"519.8255"	"5"	""		"18974.51"	"38206.38"	"5d5.(4G).6s"	"5G"	"3"	""	"*"	"3"		""	"L153"	
"519.996"	"519.9945"	"2"	""		"32957.58"	"52183.20"	""	"*"	"3"	""	""	"2"		""	"L153"	
"520.144"	"520.1406"	"4"	""		"29853.66"	"49073.88"	"5d5.(4F).6s"	"5F"	"4"	""	"*"	"5"		""	"L153"	
"520.211"	"520.2099"	"2"	""		"22476.68"	"41694.34"	"5d5.(4D).6s"	"5D"	"4"	""	"*"	"3"		""	"L153"	
"520.325"	"520.3244"	"10"	""		"19535.01"	"38748.44"	"5d5.(4G).6s"	"5G"	"5"	""	"*"	"4"		""	"L153"	
"520.452"	"520.4504"	"12"	"6.8e+06"	B	"20427.84"	"39636.62"	"5d5.(4P).6s"	"5P"	"1"	""	"*"	"1"		"T6977"	"L153"	
"520.518"	"520.5154"	"4"	""		"26861.64"	"46068.02"	"5d5.(2F1).6s"	"3F"	"2"	""	"*"	"3"		""	"L153"	
"520.618"	"520.6187"	"12"	"2.49e+06"	B	"19827.68"	"39030.25"	"5d5.(4P).6s"	"5P"	"3"	""	"*"	"2"		"T6977"	"L153"	
"520.778"	"520.7762"	"2"	""		"29479.32"	"48676.08"	"5d4.6s2"	"3F1"	"4"	""	"*"	"4"		""	"L153"	
"520.912"	"520.9108"	"5"	""		"28291.88"	"47483.68"	"5d5.(2F1).6s"	"3F"	"3"	""	"*"	"3"		""	"L153"	
"521.074"	"521.0732"	"1"	""		"18280.48"	"37466.30"	"5d5.(6S).6s"	"5S"	"2"	""	"*"	"2"		""	"L153"	
"521.234"	"521.2348"	"3"	""		"13777.71"	"32957.58"	"5d4.6s2"	"3F2"	"2"	""	"*"	"3"		""	"L153"	
"521.281"	"521.2775"	"16"	""		"28797.24"	"47975.54"	"5d4.6s.(6D).6p"	"7D*"	"4"	"5d4.6s.(6D).7s"	"7D"	"4"		""	"L153"	
"521.4175"	"521.4167"	"12"	""		"17701.18"	"36874.36"	"5d4.6s2"	"3F2"	"3"	""	"*"	"3"		""	"L153"	
"521.555"	"521.5552"	"3"	""		"17107.01"	"36275.10"	"5d4.6s2"	"3F2"	"4"	""	"*"	"5"		""	"L153"	
"521.8194"	"521.8187"	"4"	""		"35499.15"	"54657.56"	""	"*"	"3"	""	""	"3"		""	"L153"	
"521.8432"	"521.8424"	"10"	""		"28204.20"	"47361.74"	"5d5.(4F).6s"	"5F"	"2"	""	"*"	"3"		""	"L153"	
"521.922"	"521.9173"	"3"	""		"32135.94"	"51290.73"	"5d5.(4G).6s"	"3G"	"4"	""	"*"	"5"		""	"L153"	
"521.956"	"521.9552"	"2"	""		"34632.60"	"53786.00"	""	"*"	"4"	""	""	"4"		""	"L153"	
"522.0354"	"522.0301"	"4w"	""		"28291.88"	"47442.53"	"5d5.(2F1).6s"	"3F"	"3"	""	"*"	"2"		""	"L153"	
"522.427"	"522.4276"	"4"	""		"28347.60"	"47483.68"	"5d5.(4F).6s"	"5F"	"3"	""	"*"	"3"		""	"L153"	
"522.4657"	"522.4661"	"250"	"1.2e+06"	B	"4830.00"	"23964.67"	"5d4.6s2"	"5D"	"3"	"5d4.6s.(6D).6p"	"7D*"	"2"		"T4976"	"L153"	
"522.9127"	"522.9088"	"25"	""		"23455.02"	"42573.49"	"5d5.(4D).6s"	"5D"	"1"	""	"*"	"1"		""	"L153"	
"523.0246"	""	"2"	""		""	""	""	""	""	""	""	""		""	"L153"	
"523.3523"	"523.3520"	"150"	""		"19253.56"	"38355.84"	"5d4.6s2"	"3P2"	"2"	""	"*"	"1"		""	"L153"	
"523.9092"	"523.9071"	"4"	""		"27849.80"	"46931.84"	"5d5.(2I).6s"	"3I"	"5"	""	"*"	"4"		""	"L153"	
"523.9786"	"523.9780"	"60"	""		"13307.10"	"32386.56"	"5d4.6s2"	"3P2"	"1"	""	"*"	"0"		""	"L153"	
"524.0782"	"524.0796"	"15"	""		"16431.31"	"35507.07"	"5d4.6s2"	"3G"	"4"	""	"*"	"5"		""	"L153"	
"524.256"	"524.2544"	"40"	""		"30586.64"	"49656.04"	"5d4.6s.(6D).6p"	"5P*"	"3"	"5d4.6s.(6D).7s"	"5D"	"3"		""	"L153"	
"524.298"	"524.2973"	"250"	"1.1e+06"	B	"16431.31"	"35499.15"	"5d4.6s2"	"3G"	"4"	""	"*"	"3"		"T4976"	"L153"	
"524.3996"	""	"5w"	""		""	""	""	""	""	""	""	""		""	"L153"	
"524.5686"	"524.5675"	"4"	""		"36275.10"	"55333.12"	""	"*"	"5"	""	""	"4"		""	"L153"	
"524.7417"	"524.7401"	"25"	"3.0e+04"	D	"15069.93"	"34121.68"	"5d4.6s2"	"3H"	"5"	""	"*"	"4"		"T4976"	"L153"	
"524.9045"	"524.9010"	"3"	""		"28291.88"	"47337.79"	"5d5.(2F1).6s"	"3F"	"3"	""	"*"	"2"		""	"L153"	
"525.0131"	"525.0137"	"1w"	""		"33141.38"	"52183.20"	""	"*"	"2"	""	""	"2"		""	"L153"	
"525.0406"	"525.0408"	"12"	""		"26861.64"	"45902.48"	"5d5.(2F1).6s"	"3F"	"2"	""	"*"	"2"		""	"L153"	
"525.4542"	"525.4544"	"100"	"3.86e+05"	C	"15460.01"	"34485.86"	"5d4.6s2"	"3D"	"3"	""	"*"	"2"		"T4976"	"L153"	
"525.5396"	"525.5401"	"120"	"2.61e+06"	B	"22476.68"	"41499.43"	"5d5.(4D).6s"	"5D"	"4"	""	"*"	"3"		"T6977"	"L153"	
"525.9342"	"525.9338"	"300"	""		"27488.11"	"46496.62"	"5d5.(6S).6p"	"7P*"	"3"	"5d4.6s.(6D).7s"	"7D"	"3"		""	"L153"	
"526.2818"	""	"3"	""		""	""	""	""	""	""	""	""		""	"L153"	
"526.3215"	"526.3195"	"100"	""		"23455.02"	"42449.60"	"5d5.(4D).6s"	"5D"	"1"	""	"*"	"2"		""	"L153"	
"526.7054"	"526.7055"	"6"	""		"23930.08"	"42910.74"	"5d5.(4D).6s"	"5D"	"3"	""	"*"	"4"		""	"L153"	
"526.8550"	"526.8545"	"80"	"1.4e+05"	C	"17107.01"	"36082.30"	"5d4.6s2"	"3F2"	"4"	""	"*"	"4"		"T4976"	"L153"	
"526.9326"	"526.9315"	"100"	""		"17701.18"	"36673.70"	"5d4.6s2"	"3F2"	"3"	""	"*"	"2"		""	"L153"	
"527.4787"	"527.4792"	"15"	""		"19253.56"	"38206.38"	"5d4.6s2"	"3P2"	"2"	""	"*"	"3"		""	"L153"	
"527.5529"	"527.5538"	"150"	""		"19256.24"	"38206.38"	"5d5.(4G).6s"	"5G"	"4"	""	"*"	"3"		""	"L153"	
"527.859"	"527.8585"	"20"	""		"29139.12"	"48078.32"	"5d4.6s.(6D).6p"	"5F*"	"3"	"5d4.6s.(6D).7s"	"5D"	"2"		""	"L153"	
"527.981"	""	"5w"	""		""	""	""	""	""	""	""	""		""	"L153"	
"528.121"	""	"5"	""		""	""	""	""	""	""	""	""		""	"L153"	
"528.2646"	"528.2660"	"4w"	""		"34465.83"	"53390.42"	""	""	"3"	""	"*"	"3"		""	"L153,L416"	
"528.3274"	"528.3272"	"15"	""		"19826.04"	"38748.44"	"5d4.6s2"	"3G"	"5"	""	"*"	"4"		""	"L153"	
"528.3732"	"528.3730"	"4"	""		"19827.68"	"38748.44"	"5d5.(4P).6s"	"5P"	"3"	""	"*"	"4"		""	"L153"	
"528.4077"	""	"5"	""		""	""	""	""	""	""	""	""		""	"L153"	
"528.552"	""	"5"	""		""	""	""	""	""	""	""	""		""	"L153"	
"528.7117"	""	"3w"	""		""	""	""	""	""	""	""	""		""	"L153"	
"528.8505"	"528.8470"	"3"	""		"24610.88"	"43514.68"	"5d4.6s2"	"1F"	"3"	""	"*"	"2"		""	"L153"	
"529.0637"	"529.0664"	"4"	""		"30374.20"	"49270.16"	"5d4.6s2"	"3F1"	"2"	""	"*"	"2"		""	"L153"	
"529.0774"	"529.0776"	"15"	""		"31389.08"	"50284.64"	"5d5.(4G).6s"	"3G"	"5"	""	"*"	"4"		""	"L153"	
"529.2486"	"529.2485"	"2"	""		"13348.56"	"32238.02"	"5d4.6s2"	"3G"	"3"	""	"*"	"3"		""	"L153"	
"529.3034"	""	"20"	""		""	""	""	""	""	""	""	""		""	"L153"	
"529.4449"	"529.4441"	"5"	""		"29195.84"	"48078.32"	"5d4.6s.(6D).6p"	"5D*"	"2"	"5d4.6s.(6D).7s"	"5D"	"2"		""	"L153"	
"529.5252"	"529.5224"	"6*"	""		"34465.83"	"53345.52"	""	""	"3"	""	"*"	"3"		""	"L416"	
"529.5252"	"529.5283"	"6*"	""		"33201.61"	"52081.09"	"5d5.(2G2).6s"	"3G"	"5"	""	"*"	"5"		""	"L153,L416"	
"529.6462"	"529.6483"	"20"	""		"28204.20"	"47079.40"	"5d5.(4F).6s"	"5F"	"2"	""	"*"	"2"		""	"L153"	
"529.8585"	"529.8589"	"8"	""		"24610.88"	"43478.58"	"5d4.6s2"	"1F"	"3"	""	"*"	"3"		""	"L153"	
"530.2378"	"530.2383"	"15"	""		"27213.82"	"46068.02"	"5d5.(2F1).6s"	"3F"	"4"	""	"*"	"3"		""	"L153"	
"530.5939"	"530.5946"	"12"	""		"22852.80"	"41694.34"	"5d4.6s2"	"1G2"	"4"	""	"*"	"3"		""	"L153"	
"530.7459"	"530.7461"	"15"	"3.7e+04"	C	"17107.01"	"35943.17"	"5d4.6s2"	"3F2"	"4"	""	"*"	"3"		"T4976"	"L153"	
"530.8036"	"530.8042"	"4"	""		"27662.52"	"46496.62"	"5d4.6s.(6D).6p"	"5F*"	"2"	"5d4.6s.(6D).7s"	"7D"	"3"		""	"L153"	
"531.037"	"531.0334"	"4"	""		"33569.53"	"52395.50"	""	""	"4"	""	"*"	"5"		""	"L153,L416"	
"531.1353"	"531.1335"	"20*"	""		"27849.80"	"46672.22"	"5d5.(2I).6s"	"3I"	"5"	""	"*"	"6"		""	"L153"	
"531.1353"	"531.1335"	"20*"	""		"29853.66"	"48676.08"	"5d5.(4F).6s"	"5F"	"4"	""	"*"	"4"		""	"L153"	
"531.164"	"531.1643"	"1"	""		"18082.83"	"36904.16"	"5d4.6s2"	"3D"	"1"	""	"*"	"2"		""	"L153"	
"531.2282"	"531.2275"	"5*"	""		"34465.83"	"53284.92"	""	""	"3"	""	"*"	"2"		""	"L153,L416"	
"531.2282"	"531.2312"	"5*"	""		"35299.82"	"54118.78"	""	""	"4"	""	"*"	"4"		""	"L416"	
"531.3124"	"531.3134"	"6w"	""		"26861.64"	"45677.69"	"5d5.(2F1).6s"	"3F"	"2"	""	"*"	"3"		""	"L153"	
"531.4384"	""	"8w"	""		""	""	""	""	""	""	""	""		""	"L153"	
"531.6037"	""	"5w"	""		""	""	""	""	""	""	""	""		""	"L153"	
"531.7831"	"531.7814"	"15"	""		"19253.56"	"38053.05"	"5d4.6s2"	"3P2"	"2"	""	"*"	"3"		""	"L153"	
"531.8862"	"531.8864"	"40"	""		"27662.52"	"46458.30"	"5d4.6s.(6D).6p"	"5F*"	"2"	"5d4.6s.(6D).7s"	"5D"	"1"		""	"L153"	
"532.0604"	"532.0579"	"10"	""		"29460.98"	"48250.70"	"5d5.(2I).6s"	"3I"	"7"	""	"*"	"7"		""	"L153"	
"532.1282"	"532.1259"	"3w"	""		"18116.84"	"36904.16"	"5d5.(4G).6s"	"5G"	"2"	""	"*"	"2"		""	"L153"	
"532.5769"	""	"6w"	""		""	""	""	""	""	""	""	""		""	"L153"	
"532.6575"	"532.6569"	"1w"	""		"15460.01"	"34228.60"	"5d4.6s2"	"3D"	"3"	""	"*"	"3"		""	"L153"	
"532.677"	""	"1"	""		""	""	""	""	""	""	""	""		""	"L153"	
"532.7052"	"532.7037"	"4"	""		"38001.12"	"56768.06"	""	"*"	"4"	""	""	"5"		""	"L153"	
"532.9711"	"532.9713"	"5"	""		"18116.84"	"36874.36"	"5d5.(4G).6s"	"5G"	"2"	""	"*"	"3"		""	"L153"	
"533.257"	""	"4w"	""		""	""	""	""	""	""	""	""		""	"L153"	
"533.623"	""	"3"	""		""	""	""	""	""	""	""	""		""	"L153"	
"533.7348"	"533.7361"	"40"	""		"26189.20"	"44919.84"	"5d4.6s.(6D).6p"	"7D*"	"3"	"5d4.6s.(6D).7s"	"7D"	"2"		""	"L153"	
"533.9260"	"533.9254"	"8"	""		"20983.02"	"39707.02"	"5d5.(4P).6s"	"5P"	"2"	""	"*"	"2"		""	"L153"	
"533.9940"	"533.9924"	"10"	""		"28720.88"	"47442.53"	"5d5.(4P).6s"	"3P"	"1"	""	"*"	"2"		""	"L153"	
"534.3002"	""	"6"	""		""	""	""	""	""	""	""	""		""	"L153"	
"534.484"	""	"5w"	""		""	""	""	""	""	""	""	""		""	"L153"	
"534.5887"	"534.5898"	"3w"	""		"33952.85"	"52653.58"	"5d5.(4D).6s"	"3D"	"3"	""	"*"	"2"		""	"L153,L416"	
"534.6193"	"534.6230"	"4w"	""		"18974.51"	"37674.08"	"5d5.(4G).6s"	"5G"	"3"	""	"*"	"3"		""	"L153"	
"534.6691"	"534.6696"	"5"	""		"30374.20"	"49072.14"	"5d4.6s2"	"3F1"	"2"	""	"*"	"3"		""	"L153"	
"534.8058"	""	"5w"	""		""	""	""	""	""	""	""	""		""	"L153"	
"534.8932"	"534.8947"	"60"	""		"26229.77"	"44919.84"	"5d5.(6S).6p"	"7P*"	"2"	"5d4.6s.(6D).7s"	"7D"	"2"		""	"L153"	
"534.9854"	"534.9860"	"8"	""		"33291.80"	"51978.68"	"5d5.(2I).6s"	"1I"	"6"	""	"*"	"6"		""	"L153"	
"535.0434"	"535.0421"	"40"	""		"29393.40"	"48078.32"	"5d4.6s.(6D).6p"	"5P*"	"2"	"5d4.6s.(6D).7s"	"5D"	"2"		""	"L153"	
"535.1892"	"535.1888"	"30"	""		"27778.50"	"46458.30"	"5d4.6s.(6D).6p"	"5D*"	"1"	"5d4.6s.(6D).7s"	"5D"	"1"		""	"L153"	
"535.4446"	"535.4456"	"50"	"1.0e+05"	C	"9528.06"	"28198.90"	"5d4.6s2"	"3P2"	"0"	"5d4.6s.(6D).6p"	"5P*"	"1"		"T4976"	"L153"	
"535.525"	"535.5239"	"25"	""		"19535.01"	"38203.12"	"5d5.(4G).6s"	"5G"	"5"	""	"*"	"6"		""	"L153"	
"535.6601"	"535.6594"	"20"	""		"20983.02"	"39646.41"	"5d5.(4P).6s"	"5P"	"2"	""	"*"	"3"		""	"L153"	
"535.7094"	"535.7087"	"40"	"8.4e+04"	C	"15460.01"	"34121.68"	"5d4.6s2"	"3D"	"3"	""	"*"	"4"		"T4976"	"L153"	
"535.832"	"535.8351"	"25"	""		"27670.48"	"46327.75"	"5d5.(4F).6s"	"5F"	"1"	""	"*"	"2"		""	"L153"	
"536.141"	"536.1408"	"15"	""		"22852.80"	"41499.43"	"5d4.6s2"	"1G2"	"4"	""	"*"	"3"		""	"L153"	
"536.2864"	"536.2901"	"12"	""		"34302.04"	"52943.48"	"5d5.(2G2).6s"	"3G"	"4"	""	"*"	"3"		""	"L153"	
"536.3337"	"536.3327"	"5w"	""		"28291.88"	"46931.84"	"5d5.(2F1).6s"	"3F"	"3"	""	"*"	"4"		""	"L153"	
"536.3716"	""	"2"	""		""	""	""	""	""	""	""	""		""	"L153"	
"536.5085"	""	"2"	""		""	""	""	""	""	""	""	""		""	"L153"	
"536.7124"	""	"2w"	""		""	""	""	""	""	""	""	""		""	"L153"	
"536.8014"	"536.8015"	"5"	""		"18280.48"	"36904.16"	"5d5.(6S).6s"	"5S"	"2"	""	"*"	"2"		""	"L153"	
"536.8685"	"536.8684"	"40"	""		"28233.44"	"46854.80"	"5d5.(4F).6s"	"5F"	"5"	""	"*"	"5"		""	"L153"	
"536.9534"	"536.9541"	"1w"	""		"23982.80"	"42601.19"	"5d5.(4D).6s"	"5D"	"2"	""	"*"	"3"		""	"L153"	
"537.0004"	"537.0005"	"4w"	""		"24610.88"	"43227.66"	"5d4.6s2"	"1F"	"3"	""	"*"	"2"		""	"L153"	
"537.1967"	""	"2"	""		""	""	""	""	""	""	""	""		""	"L153"	
"537.2828"	"537.2845"	"25"	""		"27889.68"	"46496.62"	"5d5.(6S).6p"	"7P*"	"4"	"5d4.6s.(6D).7s"	"7D"	"3"		""	"L153"	
"537.4138"	"537.4116"	"40*"	""		"23930.08"	"42532.62"	"5d5.(4D).6s"	"5D"	"3"	""	"*"	"4"		""	"L153"	
"537.4138"	"537.4153"	"40*"	""		"20427.84"	"39030.25"	"5d5.(4P).6s"	"5P"	"1"	""	"*"	"2"		""	"L153"	
"537.4418"	""	"15"	""		""	""	""	""	""	""	""	""		""	"L153"	
"537.6117"	""	"2w"	""		""	""	""	""	""	""	""	""		""	"L153"	
"537.6603"	"537.6619"	"2w"	""		"18280.48"	"36874.36"	"5d5.(6S).6s"	"5S"	"2"	""	"*"	"3"		""	"L153"	
"537.7488"	"537.7489"	"3"	""		"18082.83"	"36673.70"	"5d4.6s2"	"3D"	"1"	""	"*"	"2"		""	"L153"	
"537.9438"	"537.9460"	"10w"	""		"23930.08"	"42514.14"	"5d5.(4D).6s"	"5D"	"3"	""	"*"	"3"		""	"L153"	
"538.1992"	"538.1991"	"10"	""		"27213.82"	"45789.14"	"5d5.(2F1).6s"	"3F"	"4"	""	"*"	"5"		""	"L153"	
"538.2813"	"538.2831"	"4w"	""		"38001.12"	"56573.54"	""	"*"	"4"	""	""	"5"		""	"L153"	
"538.8004"	"538.8007"	"40"	""		"19648.54"	"38203.12"	"5d5.(4G).6s"	"5G"	"6"	""	"*"	"6"		""	"L153"	
"538.8584"	"538.8593"	"15"	""		"26367.28"	"44919.84"	""	"*"	"2"	"5d4.6s.(6D).7s"	"7D"	"2"		""	"L153"	
"538.9661"	"538.9683"	"3"	""		"35299.82"	"53848.63"	""	""	"4"	""	"*"	"4"		""	"L153,L416"	
"539.1070"	"539.1063"	"30"	"8.9e+03"	C	"6219.33"	"24763.39"	"5d4.6s2"	"5D"	"4"	"5d4.6s.(6D).6p"	"7F*"	"4"		"T4976"	"L153"	
"539.254"	""	"2"	""		""	""	""	""	""	""	""	""		""	"L153"	
"539.278"	"539.2791"	"4"	""		"29430.50"	"47968.62"	""	""	"3"	""	"*"	"4"		""	"L153,L416"	
"539.381"	"539.3795"	"2"	""		"28720.88"	"47255.55"	"5d5.(4P).6s"	"3P"	"1"	""	"*"	"1"		""	"L153"	
"539.4736"	"539.4764"	"10"	""		"23982.80"	"42514.14"	"5d5.(4D).6s"	"5D"	"2"	""	"*"	"3"		""	"L153"	
"539.6506"	""	"5"	""		""	""	""	""	""	""	""	""		""	"L153"	
"539.7020"	"539.7018"	"25"	""		"23455.02"	"41978.62"	"5d5.(4D).6s"	"5D"	"1"	""	"*"	"2"		""	"L153"	
"539.7948"	"539.7951"	"30"	""		"19253.56"	"37773.96"	"5d4.6s2"	"3P2"	"2"	""	"*"	"1"		""	"L153"	
"539.8212"	"539.8207"	"8"	""		"23930.08"	"42449.60"	"5d5.(4D).6s"	"5D"	"3"	""	"*"	"2"		""	"L153"	
"539.9388"	""	"1"	""		""	""	""	""	""	""	""	""		""	"L153"	
"539.9602"	"539.9650"	"5w"	""		"28291.88"	"46806.45"	"5d5.(2F1).6s"	"3F"	"3"	""	"*"	"2"		""	"L153"	
"540.0289"	"540.0295"	"8"	""		"26861.64"	"45374.00"	"5d5.(2F1).6s"	"3F"	"2"	""	"*"	"1"		""	"L153"	
"540.0936"	"540.0919"	"15"	""		"23455.02"	"41965.24"	"5d5.(4D).6s"	"5D"	"1"	""	"*"	"0"		""	"L153"	
"540.2296"	"540.2300"	"3"	""		"18082.83"	"36588.32"	"5d4.6s2"	"3D"	"1"	""	"*"	"0"		""	"L153"	
"540.2628"	"540.2583"	"1"	""		"34302.04"	"52806.56"	"5d5.(2G2).6s"	"3G"	"4"	""	"*"	"3"		""	"L153"	
"540.4322"	"540.4321"	"25"	""		"17008.50"	"35507.07"	"5d4.6s2"	"3H"	"6"	""	"*"	"5"		""	"L153"	
"540.6302"	"540.6302"	"15"	""		"18974.51"	"37466.30"	"5d5.(4G).6s"	"5G"	"3"	""	"*"	"2"		""	"L153"	
"540.8136"	""	"1"	""		""	""	""	""	""	""	""	""		""	"L153"	
"540.8576"	"540.8566"	"15"	""		"15460.01"	"33944.06"	"5d4.6s2"	"3D"	"3"	""	"*"	"2"		""	"L153"	
"541.2055"	"541.2077"	"1w"	""		"34302.04"	"52774.10"	"5d5.(2G2).6s"	"3G"	"4"	""	"*"	"5"		""	"L153"	
"541.2960"	"541.2953"	"6"	""		"13348.56"	"31817.63"	"5d4.6s2"	"3G"	"3"	""	"*"	"2"		""	"L153"	
"541.3832"	"541.3821"	"10"	"1.0e+05"	D	"19535.01"	"38001.12"	"5d5.(4G).6s"	"5G"	"5"	""	"*"	"4"		"T4976"	"L153"	
"541.4826"	"541.4797"	"1w"	""		"28898.96"	"47361.74"	"5d4.6s2"	"3P1"	"2"	""	"*"	"3"		""	"L153"	
"541.5528"	"541.5522"	"12"	""		"13777.71"	"32238.02"	"5d4.6s2"	"3F2"	"2"	""	"*"	"3"		""	"L153"	
"541.5974"	"541.5976"	"3"	""		"36874.36"	"55333.12"	""	"*"	"3"	""	""	"4"		""	"L153"	
"541.9390"	"541.9385"	"40"	""		"22476.68"	"40923.83"	"5d5.(4D).6s"	"5D"	"4"	""	"*"	"3"		""	"L153"	
"542.1858"	"542.1845"	"15"	""		"28233.44"	"46672.22"	"5d5.(4F).6s"	"5F"	"5"	""	"*"	"6"		""	"L153"	
"542.2090"	"542.2075"	"2"	""		"24789.66"	"43227.66"	"5d4.6s2"	"1D2"	"2"	""	"*"	"2"		""	"L153"	
"542.2876"	"542.2869"	"40"	""		"22476.68"	"40911.98"	"5d5.(4D).6s"	"5D"	"4"	""	"*"	"5"		""	"L153"	
"542.321"	"542.3210"	"1"	""		"27670.48"	"46104.62"	"5d5.(4F).6s"	"5F"	"1"	""	"*"	"1"		""	"L153"	
"542.344"	"542.3439"	"12"	""		"19826.04"	"38259.40"	"5d4.6s2"	"3G"	"5"	""	"*"	"4"		""	"L153"	
"542.393"	"542.3922"	"40"	"2.9e+05"	B	"19827.68"	"38259.40"	"5d5.(4P).6s"	"5P"	"3"	""	"*"	"4"		"T6977"	"L153"	
"542.463"	""	"4"	""		""	""	""	""	""	""	""	""		""	"L153"	
"542.491"	""	"2"	""		""	""	""	""	""	""	""	""		""	"L153"	
"542.510"	"542.5114"	"1"	""		"24789.66"	"43217.33"	"5d4.6s2"	"1D2"	"2"	""	"*"	"1"		""	"L153"	
"542.599"	"542.5994"	"2"	""		"12161.96"	"30586.64"	"5d4.6s2"	"3H"	"4"	"5d4.6s.(6D).6p"	"5P*"	"3"		""	"L153"	
"542.721"	"542.7220"	"10"	""		"19253.56"	"37674.08"	"5d4.6s2"	"3P2"	"2"	""	"*"	"3"		""	"L153"	
"542.799"	"542.8010"	"5"	""		"19256.24"	"37674.08"	"5d5.(4G).6s"	"5G"	"4"	""	"*"	"3"		""	"L153"	
"542.914"	"542.9183"	"3"	""		"30374.20"	"48788.06"	"5d4.6s2"	"3F1"	"2"	""	"*"	"1"		""	"L153"	
"543.094"	""	"2"	""		""	""	""	""	""	""	""	""		""	"L153"	
"543.3256"	"543.3255"	"6"	""		"17107.01"	"35507.07"	"5d4.6s2"	"3F2"	"4"	""	"*"	"5"		""	"L153"	
"543.3884"	""	"2"	""		""	""	""	""	""	""	""	""		""	"L153"	
"543.5032"	"543.5042"	"100"	"9.0e+04"	C	"1670.29"	"20064.30"	"5d4.6s2"	"5D"	"1"	"5d4.6s.(6D).6p"	"7F*"	"1"		"T4976"	"L153"	
"543.559"	"543.5594"	"30"	"1.2e+05"	C	"17107.01"	"35499.15"	"5d4.6s2"	"3F2"	"4"	""	"*"	"3"		"T4976"	"L153"	
"543.575"	"543.5751"	"4"	""		"28233.44"	"46625.05"	"5d5.(4F).6s"	"5F"	"5"	""	"*"	"4"		""	"L153"	
"543.7637"	""	"2w"	""		""	""	""	""	""	""	""	""		""	"L153"	
"543.8852"	"543.8853"	"8"	"3.3e+04"	E	"17701.18"	"36082.30"	"5d4.6s2"	"3F2"	"3"	""	"*"	"4"		"T4976"	"L153"	
"543.9568"	"543.9569"	"15"	""		"19827.68"	"38206.38"	"5d5.(4P).6s"	"5P"	"3"	""	"*"	"3"		""	"L153"	
"544.005"	"544.0049"	"25"	""		"19826.04"	"38203.12"	"5d4.6s2"	"3G"	"5"	""	"*"	"6"		""	"L153"	
"544.111"	""	"8"	""		""	""	""	""	""	""	""	""		""	"L153"	
"544.1696"	"544.1695"	"4"	""		"29479.32"	"47850.84"	"5d4.6s2"	"3F1"	"4"	""	"*"	"5"		""	"L153"	
"544.201"	"544.2021"	"1"	""		"38203.12"	"56573.54"	""	"*"	"6"	""	""	"5"		""	"L153"	
"544.335"	"544.3360"	"12"	""		"31077.80"	"49443.70"	""	""	"2"	""	"*"	"1"		""	"L153,L416"	
"544.6126"	"544.6121"	"5"	""		"28898.96"	"47255.55"	"5d4.6s2"	"3P1"	"2"	""	"*"	"1"		""	"L153"	
"544.890"	""	"3"	""		""	""	""	""	""	""	""	""		""	"L153"	
"544.9454"	"544.9461"	"2"	""		"22852.80"	"41198.14"	"5d4.6s2"	"1G2"	"4"	""	"*"	"4"		""	"L153"	
"545.179"	"545.1791"	"4"	""		"27213.82"	"45551.32"	"5d5.(2F1).6s"	"3F"	"4"	""	"*"	"3"		""	"L153"	
"545.249"	""	"1"	""		""	""	""	""	""	""	""	""		""	"L153"	
"545.658"	"545.6573"	"30"	""		"23930.08"	"42251.51"	"5d5.(4D).6s"	"5D"	"3"	""	"*"	"3"		""	"L153"	
"545.792"	"545.7925"	"12"	""		"29853.66"	"48170.55"	"5d5.(4F).6s"	"5F"	"4"	""	"*"	"3"		""	"L153"	
"545.935"	""	"3w"	""		""	""	""	""	""	""	""	""		""	"L153"	
"546.052"	""	"3w"	""		""	""	""	""	""	""	""	""		""	"L153"	
"546.293"	"546.2930"	"1"	"3.e+03"	E	"15069.93"	"33370.04"	"5d4.6s2"	"3H"	"5"	"5d4.6s.(6D).6p"	"5F*"	"5"		"T4976"	"L153"	
"546.445"	"546.4450"	"3w"	""		"32828.12"	"51123.14"	"5d4.6s.(6D).6p"	"5D*"	"4"	"5d4.6s.(6D).7s"	"5D"	"4"		""	"L153"	
"546.695"	"546.6891"	"4*"	""		"35499.15"	"53786.00"	""	"*"	"3"	""	""	"4"		""	"L153"	
"546.695"	"546.6975"	"4*"	""		"33569.53"	"51856.10"	""	""	"4"	""	"*"	"4"		""	"L153c23"	
"546.753"	"546.7528"	"12"	""		"29853.66"	"48138.38"	"5d5.(4F).6s"	"5F"	"4"	""	"*"	"5"		""	"L153"	
"546.860"	""	"1"	""		""	""	""	""	""	""	""	""		""	"L153"	
"546.9092"	"546.9083"	"15*"	""		"28392.70"	"46672.22"	"5d5.(2I).6s"	"3I"	"6"	""	"*"	"6"		""	"L153"	
"546.9092"	"546.9089"	"15*"	""		"23982.80"	"42262.30"	"5d5.(4D).6s"	"5D"	"2"	""	"*"	"1"		""	"L153"	
"546.970"	"546.9703"	"2"	""		"28347.60"	"46625.05"	"5d5.(4F).6s"	"5F"	"3"	""	"*"	"4"		""	"L153"	
"546.9932"	"546.9948"	"2"	""		"32217.91"	"50494.54"	""	""	"3"	""	"*"	"2"		""	"L153,L416"	
"547.102"	"547.1056"	"2w"	""		"28233.44"	"46506.37"	"5d5.(4F).6s"	"5F"	"5"	""	"*"	"5"		""	"L153"	
"547.150"	"547.1505"	"3"	""		"33201.61"	"51473.04"	"5d5.(2G2).6s"	"3G"	"5"	""	"*"	"4"		""	"L153,L416"	
"547.2314"	"547.2320"	"6"	""		"23982.80"	"42251.51"	"5d5.(4D).6s"	"5D"	"2"	""	"*"	"3"		""	"L153"	
"547.5110"	"547.5110"	"30"	""		"28198.90"	"46458.30"	"5d4.6s.(6D).6p"	"5P*"	"1"	"5d4.6s.(6D).7s"	"5D"	"1"		""	"L153"	
"547.6032"	"547.6010"	"15"	""		"27849.80"	"46106.20"	"5d5.(2I).6s"	"3I"	"5"	""	"*"	"6"		""	"L153"	
"547.7776"	"547.7798"	"80"	"2.6e+05"	C	"9528.06"	"27778.50"	"5d4.6s2"	"3P2"	"0"	"5d4.6s.(6D).6p"	"5D*"	"1"		"T4976"	"L153"	
"547.8656"	"547.8698"	"3"	""		"31389.08"	"49636.52"	"5d5.(4G).6s"	"3G"	"5"	""	"*"	"4"		""	"L153"	
"547.9229"	"547.9266"	"10"	""		"32826.63"	"51072.18"	""	""	"3"	""	"*"	"3"		""	"L153,L416"	
"548.0617"	""	"15"	""		""	""	""	""	""	""	""	""		""	"L153"	
"548.2866"	""	"2"	""		""	""	""	""	""	""	""	""		""	"L153"	
"548.3276"	"548.3338"	"2"	""		"27670.48"	"45902.48"	"5d5.(4F).6s"	"5F"	"1"	""	"*"	"2"		""	"L153"	
"548.4486"	""	"4"	""		""	""	""	""	""	""	""	""		""	"L153"	
"548.5312"	"548.5333"	"2"	""		"19827.68"	"38053.05"	"5d5.(4P).6s"	"5P"	"3"	""	"*"	"3"		""	"L153"	
"548.6006"	"548.6007"	"60"	""		"31432.91"	"49656.04"	"5d4.6s.(6D).6p"	"5F*"	"4"	"5d4.6s.(6D).7s"	"5D"	"3"		""	"L153"	
"548.7766"	"548.7760"	"40"	""		"4830.00"	"23047.31"	"5d4.6s2"	"5D"	"3"	"5d4.6s.(6D).6p"	"7F*"	"3"		""	"L153"	
"548.8466"	""	"6"	""		""	""	""	""	""	""	""	""		""	"L153"	
"548.913"	"548.9137"	"4"	""		"19253.56"	"37466.30"	"5d4.6s2"	"3P2"	"2"	""	"*"	"2"		""	"L153"	
"548.996"	"548.9960"	"20"	""		"29479.32"	"47689.33"	"5d4.6s2"	"3F1"	"4"	""	"*"	"4"		""	"L153"	
"549.2306"	"549.2315"	"150"	""		"29773.34"	"47975.54"	"5d4.6s.(6D).6p"	"7D*"	"5"	"5d4.6s.(6D).7s"	"7D"	"4"		""	"L153"	
"549.256"	"549.2590"	"3"	""		"16431.31"	"34632.60"	"5d4.6s2"	"3G"	"4"	""	"*"	"4"		""	"L153"	
"549.2908"	"549.2925"	"4"	""		"20983.02"	"39183.20"	"5d5.(4P).6s"	"5P"	"2"	""	"*"	"1"		""	"L153"	
"549.5256"	"549.5286"	"3"	""		"31077.80"	"49270.16"	""	""	"2"	""	"*"	"2"		""	"L153,L416"	
"549.6234"	"549.6250"	"30"	"4.0e+05"	B	"22476.68"	"40665.85"	"5d5.(4D).6s"	"5D"	"4"	""	"*"	"3"		"T6977"	"L153"	
"549.8622"	"549.8641"	"12"	""		"28204.20"	"46385.46"	"5d5.(4F).6s"	"5F"	"2"	""	"*"	"3"		""	"L153"	
"550.0490"	"550.0511"	"75"	"6.9e+05"	C	"19826.04"	"38001.12"	"5d4.6s2"	"3G"	"5"	""	"*"	"4"		"T4976"	"L153"	
"550.0996"	"550.1007"	"10"	"7.1e+04"	C	"19827.68"	"38001.12"	"5d5.(4P).6s"	"5P"	"3"	""	"*"	"4"		"T4976"	"L153"	
"550.147"	"550.1489"	"5"	"4.1e+04"	E	"18974.51"	"37146.36"	"5d5.(4G).6s"	"5G"	"3"	""	"*"	"4"		"T4976"	"L153"	
"550.344"	"550.3394"	"100*"	""		"32957.58"	"51123.14"	""	"*"	"3"	"5d4.6s.(6D).7s"	"5D"	"4"		""	"L153"	
"550.344"	"550.3421"	"100*"	""		"29912.85"	"48078.32"	"5d4.6s.(6D).6p"	"5D*"	"3"	"5d4.6s.(6D).7s"	"5D"	"2"		""	"L153"	
"550.344"	"550.3503"	"100*"	""		"14976.18"	"33141.38"	"5d4.6s2"	"3D"	"2"	""	"*"	"2"		""	"L153"	
"550.648"	"550.6549"	"12"	""		"32378.40"	"50533.55"	"5d5.(2D3).6s"	"3D"	"1"	""	"*"	"1"		""	"L153"	
"550.8474"	"550.8506"	"4"	""		"32135.94"	"50284.64"	"5d5.(4G).6s"	"3G"	"4"	""	"*"	"4"		""	"L153"	
"550.861"	"550.8628"	"20"	""		"20427.84"	"38576.14"	"5d5.(4P).6s"	"5P"	"1"	""	"*"	"0"		""	"L153"	
"551.281"	"551.2850"	"1"	""		"34302.04"	"52436.44"	"5d5.(2G2).6s"	"3G"	"4"	""	"*"	"4"		""	"L153"	
"551.4676"	"551.4684"	"300"	"7.3e+05"	C	"3325.53"	"21453.90"	"5d4.6s2"	"5D"	"2"	"5d4.6s.(6D).6p"	"7D*"	"1"		"T4976"	"L153"	
"551.506"	""	"3"	""		""	""	""	""	""	""	""	""		""	"L153"	
"551.520"	""	"2"	""		""	""	""	""	""	""	""	""		""	"L153"	
"551.880"	"551.8766"	"1w"	""		"29853.66"	"47968.62"	"5d5.(4F).6s"	"5F"	"4"	""	"*"	"4"		""	"L153"	
"551.9135"	"551.9138"	"2"	""		"33944.06"	"52057.80"	""	"*"	"2"	""	""	"1"		""	"L153"	
"552.1004"	"552.0991"	"10"	"4.7e+05"	B	"18082.83"	"36190.49"	"5d4.6s2"	"3D"	"1"	""	"*"	"1"		"T6977"	"L153"	
"552.5276"	"552.5287"	"1w"	""		"28291.88"	"46385.46"	"5d5.(2F1).6s"	"3F"	"3"	""	"*"	"3"		""	"L153"	
"552.6644"	"552.6650"	"2w"	""		"33201.61"	"51290.73"	"5d5.(2G2).6s"	"3G"	"5"	""	"*"	"5"		""	"L153,L416"	
"552.8090"	"552.8108"	"6"	"1.1e+04"	D	"13348.56"	"31432.91"	"5d4.6s2"	"3G"	"3"	"5d4.6s.(6D).6p"	"5F*"	"4"		"T4976"	"L153"	
"553.1384"	"553.1380"	"30"	"6.8e+05"	B	"18116.84"	"36190.49"	"5d5.(4G).6s"	"5G"	"2"	""	"*"	"1"		"T6977"	"L153"	
"553.3026"	""	"6"	""		""	""	""	""	""	""	""	""		""	"L153"	
"553.7289"	""	"3w"	""		""	""	""	""	""	""	""	""		""	"L153"	
"553.7722"	"553.7732"	"10"	"2.2e+05"	C	"19256.24"	"37309.16"	"5d5.(4G).6s"	"5G"	"4"	""	"*"	"5"		"T4976"	"L153"	
"553.868"	"553.8702"	"2"	""		"32135.94"	"50185.70"	"5d5.(4G).6s"	"3G"	"4"	""	"*"	"3"		""	"L153"	
"553.9482"	"553.9478"	"6"	"4.8e+05"	B	"20983.02"	"39030.25"	"5d5.(4P).6s"	"5P"	"2"	""	"*"	"2"		"T6977"	"L153"	
"553.991"	"553.9948"	"2"	""		"35299.82"	"53345.52"	""	""	"4"	""	"*"	"3"		""	"L153,L416"	
"554.2368"	"554.2356"	"2"	""		"28347.60"	"46385.46"	"5d5.(4F).6s"	"5F"	"3"	""	"*"	"3"		""	"L153"	
"554.294"	"554.2967"	"1"	""		"28291.88"	"46327.75"	"5d5.(2F1).6s"	"3F"	"3"	""	"*"	"2"		""	"L153"	
"554.8078"	"554.8064"	"3w"	""		"27849.80"	"45869.10"	"5d5.(2I).6s"	"3I"	"5"	""	"*"	"4"		""	"L153"	
"555.0319"	"555.0304"	"4"	""		"29430.50"	"47442.53"	""	""	"3"	""	"*"	"2"		""	"L153,L416"	
"555.1012"	"555.1000"	"5"	"1.2e+04"	E	"17107.01"	"35116.78"	"5d4.6s2"	"3F2"	"4"	""	"*"	"4"		"T4976"	"L153"	
"555.2685"	"555.2668"	"1"	""		"29479.32"	"47483.68"	"5d4.6s2"	"3F1"	"4"	""	"*"	"3"		""	"L153"	
"555.4112"	"555.4093"	"4w"	""		"22476.68"	"40476.42"	"5d5.(4D).6s"	"5D"	"4"	""	"*"	"5"		""	"L153"	
"555.4887"	"555.4883"	"3"	""		"29853.66"	"47850.84"	"5d5.(4F).6s"	"5F"	"4"	""	"*"	"5"		""	"L153"	
"555.5320"	"555.5303"	"4"	""		"23982.80"	"41978.62"	"5d5.(4D).6s"	"5D"	"2"	""	"*"	"2"		""	"L153"	
"555.9764"	"555.9758"	"4"	""		"14976.18"	"32957.58"	"5d4.6s2"	"3D"	"2"	""	"*"	"3"		""	"L153"	
"556.212"	"556.2131"	"3"	""		"35943.17"	"53916.90"	""	"*"	"3"	""	""	"3"		""	"L153"	
"556.397"	"556.3970"	"4w"	""		"32217.91"	"50185.70"	""	""	"3"	""	"*"	"3"		""	"L153,L416"	
"556.8086"	"556.8057"	"10"	""		"34228.60"	"52183.20"	""	"*"	"3"	""	""	"2"		""	"L153"	
"557.043"	""	"3"	""		""	""	""	""	""	""	""	""		""	"L153"	
"557.199"	"557.2011"	"2"	""		"23930.08"	"41871.94"	"5d5.(4D).6s"	"5D"	"3"	""	"*"	"4"		""	"L153"	
"557.2822"	"557.2794"	"3"	""		"27849.80"	"45789.14"	"5d5.(2I).6s"	"3I"	"5"	""	"*"	"5"		""	"L153"	
"557.5812"	"557.5805"	"4"	""		"18974.51"	"36904.16"	"5d5.(4G).6s"	"5G"	"3"	""	"*"	"2"		""	"L153"	
"557.6318"	"557.6319"	"6"	""		"20427.84"	"38355.84"	"5d5.(4P).6s"	"5P"	"1"	""	"*"	"1"		""	"L153"	
"557.7945"	"557.7946"	"1"	""		"16431.31"	"34354.08"	"5d4.6s2"	"3G"	"4"	""	"*"	"3"		""	"L153"	
"557.826"	"557.8257"	"2"	""		"31432.91"	"49354.68"	"5d4.6s.(6D).6p"	"5F*"	"4"	"5d4.6s.(6D).7s"	"7D"	"5"		""	"L153"	
"557.9925"	""	"5"	""		""	""	""	""	""	""	""	""		""	"L153"	
"558.400"	"558.4024"	"3w"	""		"24610.88"	"42514.14"	"5d4.6s2"	"1F"	"3"	""	"*"	"3"		""	"L153"	
"558.509"	"558.5088"	"1"	""		"18974.51"	"36874.36"	"5d5.(4G).6s"	"5G"	"3"	""	"*"	"3"		""	"L153"	
"558.812"	"558.8126"	"2"	""		"19256.24"	"37146.36"	"5d5.(4G).6s"	"5G"	"4"	""	"*"	"4"		""	"L153"	
"559.053"	"559.0532"	"1"	""		"29479.32"	"47361.74"	"5d4.6s2"	"3F1"	"4"	""	"*"	"3"		""	"L153"	
"559.103"	"559.1017"	"2"	""		"29479.32"	"47360.19"	"5d4.6s2"	"3F1"	"4"	""	"*"	"4"		""	"L153"	
"559.267"	"559.2674"	"1"	""		"26861.64"	"44737.21"	"5d5.(2F1).6s"	"3F"	"2"	""	"*"	"1"		""	"L153"	
"559.356"	"559.3554"	"10"	""		"28233.44"	"46106.20"	"5d5.(4F).6s"	"5F"	"5"	""	"*"	"6"		""	"L153"	
"559.437"	"559.4389"	"1"	""		"30374.20"	"48244.29"	"5d4.6s2"	"3F1"	"2"	""	"*"	"2"		""	"L153"	
"560.1818"	"560.1816"	"1"	""		"19827.68"	"37674.08"	"5d5.(4P).6s"	"5P"	"3"	""	"*"	"3"		""	"L153"	
"560.431"	"560.4325"	"40"	""		"31817.63"	"49656.04"	""	"*"	"2"	"5d4.6s.(6D).7s"	"5D"	"3"		""	"L153"	
"560.520"	"560.5186"	"3"	""		"29853.66"	"47689.33"	"5d5.(4F).6s"	"5F"	"4"	""	"*"	"4"		""	"L153"	
"560.8134"	"560.8123"	"5"	"6.4e+04"	C	"18116.84"	"35943.17"	"5d5.(4G).6s"	"5G"	"2"	""	"*"	"3"		"T4976"	"L153"	
"561.2303"	"561.2304"	"4"	""		"22852.80"	"40665.85"	"5d4.6s2"	"1G2"	"4"	""	"*"	"3"		""	"L153"	
"561.516"	"561.5141"	"2"	""		"23930.08"	"41734.13"	"5d5.(4D).6s"	"5D"	"3"	""	"*"	"2"		""	"L153"	
"561.615"	"561.6191"	"6"	""		"27213.82"	"45014.54"	"5d5.(2F1).6s"	"3F"	"4"	""	"*"	"3"		""	"L153"	
"561.705"	"561.7059"	"5"	"1.47e+05"	C	"17701.18"	"35499.15"	"5d4.6s2"	"3F2"	"3"	""	"*"	"3"		"T4976"	"L153"	
"561.726"	"561.7274"	"5"	""		"16431.31"	"34228.60"	"5d4.6s2"	"3G"	"4"	""	"*"	"3"		""	"L153"	
"561.874"	"561.8732"	"2"	""		"22476.68"	"40269.35"	"5d5.(4D).6s"	"5D"	"4"	""	"*"	"3"		""	"L153"	
"562.397"	"562.3957"	"2"	""		"28291.88"	"46068.02"	"5d5.(2F1).6s"	"3F"	"3"	""	"*"	"3"		""	"L153"	
"562.458"	"562.4587"	"6"	"7.e+04"	D	"19535.01"	"37309.16"	"5d5.(4G).6s"	"5G"	"5"	""	"*"	"5"		"T4976"	"L153"	
"562.967"	"562.9642"	"8"	""		"15069.93"	"32828.12"	"5d4.6s2"	"3H"	"5"	"5d4.6s.(6D).6p"	"5D*"	"4"		""	"L153"	
"562.990"	"562.9927"	"3"	""		"22476.68"	"40233.97"	"5d5.(4D).6s"	"5D"	"4"	""	"*"	"4"		""	"L153"	
"563.127"	"563.1256"	"10"	""		"33370.04"	"51123.14"	"5d4.6s.(6D).6p"	"5F*"	"5"	"5d4.6s.(6D).7s"	"5D"	"4"		""	"L153"	
"563.194"	"563.1957"	"20"	"1.43e+05"	D	"12161.96"	"29912.85"	"5d4.6s2"	"3H"	"4"	"5d4.6s.(6D).6p"	"5D*"	"3"		"T4976"	"L153"	
"563.550"	"563.5484"	"5"	""		"29853.66"	"47593.44"	"5d5.(4F).6s"	"5F"	"4"	""	"*"	"3"		""	"L153"	
"563.711"	"563.7118"	"4"	""		"26861.64"	"44596.28"	"5d5.(2F1).6s"	"3F"	"2"	""	"*"	"2"		""	"L153"	
"563.964"	"563.9627"	"5"	""		"27213.82"	"44940.57"	"5d5.(2F1).6s"	"3F"	"4"	""	"*"	"4"		""	"L153"	
"564.139"	"564.1393"	"5"	""		"33569.53"	"51290.73"	""	""	"4"	""	"*"	"5"		""	"L153,L416"	
"564.203"	"564.2049"	"6"	""		"1670.29"	"19389.43"	"5d4.6s2"	"5D"	"1"	"5d4.6s.(6D).6p"	"7F*"	"0"		""	"L153"	
"564.385"	"564.3845"	"1"	""		"28392.70"	"46106.20"	"5d5.(2I).6s"	"3I"	"6"	""	"*"	"6"		""	"L153"	
"564.447"	"564.4470"	"5"	""		"23982.80"	"41694.34"	"5d5.(4D).6s"	"5D"	"2"	""	"*"	"3"		""	"L153"	
"564.702"	"564.7027"	"3w"	""		"27670.48"	"45374.00"	"5d5.(4F).6s"	"5F"	"1"	""	"*"	"1"		""	"L153"	
"564.837"	"564.8348"	"50*"	""		"28797.24"	"46496.62"	"5d4.6s.(6D).6p"	"7D*"	"4"	"5d4.6s.(6D).7s"	"7D"	"3"		""	"L153c23"	
"564.837"	"564.8408"	"50*"	""		"18974.51"	"36673.70"	"5d5.(4G).6s"	"5G"	"3"	""	"*"	"2"		""	"L153"	
"565.124"	"565.1225"	"2"	"1.1e+04"	E	"16431.31"	"34121.68"	"5d4.6s2"	"3G"	"4"	""	"*"	"4"		"T4976"	"L153"	
"565.241"	"565.2410"	"2"	""		"23484.78"	"41171.44"	"5d4.6s2"	"1I"	"6"	""	"*"	"6"		""	"L153"	
"565.410"	"565.4101"	"3"	"2.6e+04"	D	"15460.01"	"33141.38"	"5d4.6s2"	"3D"	"3"	""	"*"	"2"		"T4976"	"L153"	
"565.700"	"565.6984"	"3"	""		"23455.02"	"41127.38"	"5d5.(4D).6s"	"5D"	"1"	""	"*"	"0"		""	"L153"	
"565.788"	""	"2"	""		""	""	""	""	""	""	""	""		""	"L153"	
"566.007"	"566.0081"	"6"	"1.2e+05"	C	"18280.48"	"35943.17"	"5d5.(6S).6s"	"5S"	"2"	""	"*"	"3"		"T4976"	"L153"	
"566.072"	"566.0744"	"20"	"6.8e+05"	C	"19648.54"	"37309.16"	"5d5.(4G).6s"	"5G"	"6"	""	"*"	"5"		"T4976"	"L153"	
"566.330"	"566.3303"	"3w"	""		"32135.94"	"49788.58"	"5d5.(4G).6s"	"3G"	"4"	""	"*"	"4"		""	"L153"	
"566.398"	"566.3958"	"3"	""		"19253.56"	"36904.16"	"5d4.6s2"	"3P2"	"2"	""	"*"	"2"		""	"L153"	
"566.433"	"566.4311"	"8"	""		"23455.02"	"41104.52"	"5d5.(4D).6s"	"5D"	"1"	""	"*"	"2"		""	"L153"	
"566.718"	"566.7159"	"4"	""		"24610.88"	"42251.51"	"5d4.6s2"	"1F"	"3"	""	"*"	"3"		""	"L153"	
"567.056"	"567.0570"	"1"	""		"29853.66"	"47483.68"	"5d5.(4F).6s"	"5F"	"4"	""	"*"	"3"		""	"L153"	
"567.353"	"567.3537"	"5"	"4.6e+05"	C	"19253.56"	"36874.36"	"5d4.6s2"	"3P2"	"2"	""	"*"	"3"		"T6977"	"L153"	
"567.439"	"567.4400"	"10"	"1.77e+06"	B	"19256.24"	"36874.36"	"5d5.(4G).6s"	"5G"	"4"	""	"*"	"3"		"T6977"	"L153"	
"567.537"	"567.5366"	"5"	"2.20e+05"	C	"18116.84"	"35731.96"	"5d5.(4G).6s"	"5G"	"2"	""	"*"	"2"		"T4976"	"L153"	
"567.660"	"567.6581"	"6"	""		"19535.01"	"37146.36"	"5d5.(4G).6s"	"5G"	"5"	""	"*"	"4"		""	"L153"	
"567.690"	"567.6894"	"8"	""		"17701.18"	"35311.56"	"5d4.6s2"	"3F2"	"3"	""	"*"	"2"		""	"L153"	
"567.890"	""	"4"	""		""	""	""	""	""	""	""	""		""	"L153"	
"567.964"	"567.9645"	"3"	""		"27849.80"	"45451.65"	"5d5.(2I).6s"	"3I"	"5"	""	"*"	"5"		""	"L153"	
"568.008"	"568.0113"	"4"	""		"23982.80"	"41583.20"	"5d5.(4D).6s"	"5D"	"2"	""	"*"	"2"		""	"L153"	
"568.968"	"568.9698"	"2"	""		"28720.88"	"46291.63"	"5d5.(4P).6s"	"3P"	"1"	""	"*"	"1"		""	"L153"	
"569.013"	"569.0151"	"3"	""		"23930.08"	"41499.43"	"5d5.(4D).6s"	"5D"	"3"	""	"*"	"3"		""	"L153"	
"569.373"	""	"4w"	""		""	""	""	""	""	""	""	""		""	"L153"	
"569.456"	"569.4576"	"3"	""		"28233.44"	"45789.14"	"5d5.(4F).6s"	"5F"	"5"	""	"*"	"5"		""	"L153"	
"569.506"	"569.5108"	"3"	""		"34302.04"	"51856.10"	"5d5.(2G2).6s"	"3G"	"4"	""	"*"	"4"		""	"L153"	
"569.779"	"569.7799"	"10"	"2.8e+05"	C	"13777.71"	"31323.48"	"5d4.6s2"	"3F2"	"2"	""	"*"	"1"		"T4976"	"L153"	
"570.437"	"570.436"	"4"	""		"17107.01"	"34632.60"	"5d4.6s2"	"3F2"	"4"	""	"*"	"4"		""	"L153"	
"570.571"	"570.569"	"5"	""		"28347.60"	"45869.10"	"5d5.(4F).6s"	"5F"	"3"	""	"*"	"4"		""	"L153"	
"570.729"	"570.728"	"1"	""		"23982.80"	"41499.43"	"5d5.(4D).6s"	"5D"	"2"	""	"*"	"3"		""	"L153"	
"570.800"	"570.805"	"2"	""		"33291.80"	"50806.07"	"5d5.(2I).6s"	"1I"	"6"	""	"*"	"5"		""	"L153"	
"570.905"	"570.905"	"4w"	""		"37146.36"	"54657.56"	""	"*"	"4"	""	""	"3"		""	"L153"	
"571.247"	"571.251"	"3"	""		"32135.94"	"49636.52"	"5d5.(4G).6s"	"3G"	"4"	""	"*"	"4"		""	"L153"	
"571.538"	"571.537"	"4*"	""		"26861.64"	"44353.46"	"5d5.(2F1).6s"	"3F"	"2"	""	"*"	"1"		""	"L153c23"	
"571.538"	"571.542"	"4*"	""		"30586.64"	"48078.32"	"5d4.6s.(6D).6p"	"5P*"	"3"	"5d4.6s.(6D).7s"	"5D"	"2"		""	"L153"	
"571.818"	"571.822"	"2"	""		"19826.04"	"37309.16"	"5d4.6s2"	"3G"	"5"	""	"*"	"5"		""	"L153"	
"572.110"	"572.111"	"2"	""		"35299.82"	"52774.10"	""	""	"4"	""	"*"	"5"		""	"L153,L416"	
"572.135"	"572.137"	"1"	""		"28204.20"	"45677.69"	"5d5.(4F).6s"	"5F"	"2"	""	"*"	"3"		""	"L153"	
"572.188"	"572.189"	"1"	""		"39361.01"	"56832.90"	""	"*"	"5"	""	""	"6"		""	"L153"	
"572.305"	"572.304"	"8"	""		"25983.60"	"43451.98"	"5d4.6s.(6D).6p"	"5F*"	"1"	"5d4.6s.(6D).7s"	"7D"	"1"		""	"L153"	
"572.454"	"572.452"	"1w"	""		"34719.33"	"52183.20"	""	"*"	"1"	""	""	"2"		""	"L153"	
"572.643"	"572.644"	"2"	""		"32826.63"	"50284.64"	""	""	"3"	""	"*"	"4"		""	"L153,L416"	
"572.856"	"572.858"	"4"	"1.0e+05"	D	"18280.48"	"35731.96"	"5d5.(6S).6s"	"5S"	"2"	""	"*"	"2"		"T4976"	"L153"	
"573.509"	"573.507"	"50"	""		"27488.11"	"44919.84"	"5d5.(6S).6p"	"7P*"	"3"	"5d4.6s.(6D).7s"	"7D"	"2"		""	"L153"	
"573.887"	"573.889"	"3"	""		"19253.56"	"36673.70"	"5d4.6s2"	"3P2"	"2"	""	"*"	"2"		""	"L153"	
"573.960"	"573.959"	"10"	""		"32238.02"	"49656.04"	""	"*"	"3"	"5d4.6s.(6D).7s"	"5D"	"3"		""	"L153"	
"574.006"	"574.007"	"2"	""		"22852.80"	"40269.35"	"5d4.6s2"	"1G2"	"4"	""	"*"	"3"		""	"L153"	
"574.112"	"574.112"	"4"	""		"23455.02"	"40868.40"	"5d5.(4D).6s"	"5D"	"1"	""	"*"	"2"		""	"L153"	
"574.727"	"574.726"	"8w"	""		"30683.54"	"48078.32"	""	"*"	"1"	"5d4.6s.(6D).7s"	"5D"	"2"		""	"L153"	
"574.924"	"574.920"	"20"	""		"30586.64"	"47975.54"	"5d4.6s.(6D).6p"	"5P*"	"3"	"5d4.6s.(6D).7s"	"7D"	"4"		""	"L153"	
"575.022"	"575.022"	"4"	""		"28291.88"	"45677.69"	"5d5.(2F1).6s"	"3F"	"3"	""	"*"	"3"		""	"L153"	
"575.137"	"575.138"	"2"	"1.76e+04"	D	"18116.84"	"35499.15"	"5d5.(4G).6s"	"5G"	"2"	""	"*"	"3"		"T4976"	"L153"	
"575.265"	"575.267"	"3"	""		"32135.94"	"49514.34"	"5d5.(4G).6s"	"3G"	"4"	""	"*"	"3"		""	"L153"	
"575.334"	"575.332"	"4w"	""		"13307.10"	"30683.54"	"5d4.6s2"	"3P2"	"1"	""	"*"	"1"		""	"L153"	
"575.385"	""	"6"	""		""	""	""	""	""	""	""	""		""	"L153"	
"575.457"	"575.452"	"5"	""		"20983.02"	"38355.84"	"5d5.(4P).6s"	"5P"	"2"	""	"*"	"1"		""	"L153"	
"575.610"	"575.608"	"8"	""		"15460.01"	"32828.12"	"5d4.6s2"	"3D"	"3"	"5d4.6s.(6D).6p"	"5D*"	"4"		""	"L153"	
"575.965"	"575.960"	"10"	""		"29139.12"	"46496.62"	"5d4.6s.(6D).6p"	"5F*"	"3"	"5d4.6s.(6D).7s"	"7D"	"3"		""	"L153"	
"576.340"	"576.338"	"3w"	""		"20427.84"	"37773.96"	"5d5.(4P).6s"	"5P"	"1"	""	"*"	"1"		""	"L153"	
"576.776"	"576.776"	"2w"	""		"27213.82"	"44546.76"	"5d5.(2F1).6s"	"3F"	"4"	""	"*"	"5"		""	"L153"	
"576.874"	"576.871"	"2"	""		"28347.60"	"45677.69"	"5d5.(4F).6s"	"5F"	"3"	""	"*"	"3"		""	"L153"	
"577.198"	"577.196"	"6"	"9.6e+04"	D	"19826.04"	"37146.36"	"5d4.6s2"	"3G"	"5"	""	"*"	"4"		"T4976"	"L153"	
"577.348"	"577.348"	"5"	""		"23455.02"	"40770.78"	"5d5.(4D).6s"	"5D"	"1"	""	"*"	"1"		""	"L153"	
"578.476"	"578.478"	"3"	""		"32135.94"	"49417.90"	"5d5.(4G).6s"	"3G"	"4"	""	"*"	"3"		""	"L153"	
"578.981"	"578.980"	"4"	""		"27849.80"	"45116.77"	"5d5.(2I).6s"	"3I"	"5"	""	"*"	"4"		""	"L153"	
"579.133"	"579.131"	"3"	""		"29195.84"	"46458.30"	"5d4.6s.(6D).6p"	"5D*"	"2"	"5d4.6s.(6D).7s"	"5D"	"1"		""	"L153"	
"579.180"	"579.178"	"1w"	""		"24610.88"	"41871.94"	"5d4.6s2"	"1F"	"3"	""	"*"	"4"		""	"L153"	
"579.234"	"579.232"	"1w"	""		"28291.88"	"45551.32"	"5d5.(2F1).6s"	"3F"	"3"	""	"*"	"3"		""	"L153"	
"579.265"	""	"3w"	""		""	""	""	""	""	""	""	""		""	"L153"	
"579.306"	"579.304"	"10"	""		"27662.52"	"44919.84"	"5d4.6s.(6D).6p"	"5F*"	"2"	"5d4.6s.(6D).7s"	"7D"	"2"		""	"L153"	
"579.649"	"579.648"	"8"	"2.21e+05"	C	"17107.01"	"34354.08"	"5d4.6s2"	"3F2"	"4"	""	"*"	"3"		"T4976"	"L153"	
"579.775"	"579.775"	"2"	""		"22476.68"	"39719.96"	"5d5.(4D).6s"	"5D"	"4"	""	"*"	"4"		""	"L153"	
"579.951"	"579.950"	"5"	"4.e+04"	E	"13348.56"	"30586.64"	"5d4.6s2"	"3G"	"3"	"5d4.6s.(6D).6p"	"5P*"	"3"		"T4976"	"L153"	
"580.113"	"580.114"	"1"	""		"27213.82"	"44447.02"	"5d5.(2F1).6s"	"3F"	"4"	""	"*"	"3"		""	"L153"	
"580.304"	"580.304"	"3"	""		"33201.61"	"50429.18"	"5d5.(2G2).6s"	"3G"	"5"	""	"*"	"6"		""	"L153,L416"	
"580.446"	"580.446"	"2"	""		"20983.02"	"38206.38"	"5d5.(4P).6s"	"5P"	"2"	""	"*"	"3"		""	"L153"	
"580.485"	"580.485"	"40"	""		"26229.77"	"43451.98"	"5d5.(6S).6p"	"7P*"	"2"	"5d4.6s.(6D).7s"	"7D"	"1"		""	"L153"	
"580.605"	"580.604"	"3"	"6.9e+04"	C	"18280.48"	"35499.15"	"5d5.(6S).6s"	"5S"	"2"	""	"*"	"3"		"T4976"	"L153"	
"580.624"	"580.625"	"6"	""		"28204.20"	"45422.26"	"5d5.(4F).6s"	"5F"	"2"	""	"*"	"2"		""	"L153"	
"581.046"	"581.043"	"1"	""		"28898.96"	"46104.62"	"5d4.6s2"	"3P1"	"2"	""	"*"	"1"		""	"L153"	
"581.414"	"581.413"	"2"	""		"18116.84"	"35311.56"	"5d5.(4G).6s"	"5G"	"2"	""	"*"	"2"		""	"L153"	
"581.536"	"581.530"	"1"	""		"37466.30"	"54657.56"	""	"*"	"2"	""	""	"3"		""	"L153"	
"581.857"	"581.857"	"1"	""		"28720.88"	"45902.48"	"5d5.(4P).6s"	"3P"	"1"	""	"*"	"2"		""	"L153"	
"582.100"	"582.099"	"4"	""		"23930.08"	"41104.52"	"5d5.(4D).6s"	"5D"	"3"	""	"*"	"2"		""	"L153"	
"582.213"	"582.216"	"1"	""		"34302.04"	"51473.04"	"5d5.(2G2).6s"	"3G"	"4"	""	"*"	"4"		""	"L153"	
"582.260"	"582.259"	"10"	"1.07e+06"	B	"22476.68"	"39646.41"	"5d5.(4D).6s"	"5D"	"4"	""	"*"	"3"		"T6977"	"L153"	
"582.610"	"582.611"	"2"	""		"26861.64"	"44021.00"	"5d5.(2F1).6s"	"3F"	"2"	""	"*"	"3"		""	"L153"	
"583.226"	"583.223"	"5"	""		"27778.50"	"44919.84"	"5d4.6s.(6D).6p"	"5D*"	"1"	"5d4.6s.(6D).7s"	"7D"	"2"		""	"L153"	
"583.361"	"583.358"	"8"	""		"22476.68"	"39614.05"	"5d5.(4D).6s"	"5D"	"4"	""	"*"	"5"		""	"L153"	
"583.594"	"583.596"	"1"	""		"28291.88"	"45422.26"	"5d5.(2F1).6s"	"3F"	"3"	""	"*"	"2"		""	"L153"	
"583.897"	"583.896"	"8"	""		"17107.01"	"34228.60"	"5d4.6s2"	"3F2"	"4"	""	"*"	"3"		""	"L153"	
"584.168"	"584.169"	"2"	""		"26861.64"	"43975.22"	"5d5.(2F1).6s"	"3F"	"2"	""	"*"	"2"		""	"L153"	
"584.370"	"584.367"	"1w"	""		"18974.51"	"36082.30"	"5d5.(4G).6s"	"5G"	"3"	""	"*"	"4"		""	"L153"	
"584.527"	"584.523"	"10"	""		"29393.40"	"46496.62"	"5d4.6s.(6D).6p"	"5P*"	"2"	"5d4.6s.(6D).7s"	"7D"	"3"		""	"L153"	
"584.881"	"584.881"	"2"	""		"31077.80"	"48170.55"	""	""	"2"	""	"*"	"3"		""	"L153,L416"	
"584.952"	"584.949"	"4"	""		"27849.80"	"44940.57"	"5d5.(2I).6s"	"3I"	"5"	""	"*"	"4"		""	"L153"	
"585.158"	"585.157"	"10"	""		"26367.28"	"43451.98"	""	"*"	"2"	"5d4.6s.(6D).7s"	"7D"	"1"		""	"L153"	
"585.439"	"585.439"	"5"	""		"19827.68"	"36904.16"	"5d5.(4P).6s"	"5P"	"3"	""	"*"	"2"		""	"L153"	
"585.661"	"585.660"	"6"	""		"20983.02"	"38053.05"	"5d5.(4P).6s"	"5P"	"2"	""	"*"	"3"		""	"L153"	
"585.770"	"585.773"	"2"	""		"27670.48"	"44737.21"	"5d5.(4F).6s"	"5F"	"1"	""	"*"	"1"		""	"L153"	
"585.822"	"585.822"	"4"	""		"32378.40"	"49443.70"	"5d5.(2D3).6s"	"3D"	"1"	""	"*"	"1"		""	"L153"	
"586.042"	"586.040"	"1"	""		"28392.70"	"45451.65"	"5d5.(2I).6s"	"3I"	"6"	""	"*"	"5"		""	"L153"	
"586.275"	"586.280"	"1"	""		"32135.94"	"49187.92"	"5d5.(4G).6s"	"3G"	"4"	""	"*"	"5"		""	"L153"	
"586.416"	"586.413"	"1"	""		"39719.96"	"56768.06"	""	"*"	"4"	""	""	"5"		""	"L153"	
"586.463"	"586.462"	"12"	"1.60e+06"	B	"19827.68"	"36874.36"	"5d5.(4P).6s"	"5P"	"3"	""	"*"	"3"		"T6977"	"L153"	
"586.602"	"586.604"	"1w"	""		"36874.36"	"53916.90"	""	"*"	"3"	""	""	"3"		""	"L153"	
"586.746"	"586.745"	"1"	""		"20427.84"	"37466.30"	"5d5.(4P).6s"	"5P"	"1"	""	"*"	"2"		""	"L153"	
"587.003"	"586.999"	"4*"	""		"18280.48"	"35311.56"	"5d5.(6S).6s"	"5S"	"2"	""	"*"	"2"		""	"L153"	
"587.003"	"587.003"	"4*"	""		"26861.64"	"43892.62"	"5d5.(2F1).6s"	"3F"	"2"	""	"*"	"1"		""	"L153"	
"587.065"	"587.067"	"1"	""		"28233.44"	"45262.55"	"5d5.(4F).6s"	"5F"	"5"	""	"*"	"4"		""	"L153"	
"587.137"	"587.138"	"1"	""		"29479.32"	"46506.37"	"5d4.6s2"	"3F1"	"4"	""	"*"	"5"		""	"L153"	
"587.164"	"587.163"	"4w"	""		"28198.90"	"45225.22"	"5d4.6s.(6D).6p"	"5P*"	"1"	"5d4.6s.(6D).7s"	"5D"	"0"		""	"L153"	
"587.422"	"587.421"	"6"	""		"19256.24"	"36275.10"	"5d5.(4G).6s"	"5G"	"4"	""	"*"	"5"		""	"L153"	
"587.569"	"587.565"	"5"	"3.9e+04"	D	"17107.01"	"34121.68"	"5d4.6s2"	"3F2"	"4"	""	"*"	"4"		"T4976"	"L153"	
"587.628"	"587.632"	"2"	""		"36904.16"	"53916.90"	""	"*"	"2"	""	""	"3"		""	"L153"	
"587.944"	"587.951"	"1"	""		"28898.96"	"45902.48"	"5d4.6s2"	"3P1"	"2"	""	"*"	"2"		""	"L153"	
"587.969"	""	"2"	""		""	""	""	""	""	""	""	""		""	"L153"	
"588.021"	"588.022"	"10"	""		"34121.68"	"51123.14"	""	"*"	"4"	"5d4.6s.(6D).7s"	"5D"	"4"		""	"L153"	
"588.282"	"588.289"	"1"	""		"23930.08"	"40923.83"	"5d5.(4D).6s"	"5D"	"3"	""	"*"	"3"		""	"L153"	
"588.317"	""	"2"	""		""	""	""	""	""	""	""	""		""	"L153"	
"588.348"	""	"2"	""		""	""	""	""	""	""	""	""		""	"L153"	
"588.462"	"588.464"	"4"	""		"34302.04"	"51290.73"	"5d5.(2G2).6s"	"3G"	"4"	""	"*"	"5"		""	"L153"	
"588.496"	"588.504"	"1"	""		"30374.20"	"47361.74"	"5d4.6s2"	"3F1"	"2"	""	"*"	"3"		""	"L153"	
"588.865"	"588.863"	"1"	""		"12161.96"	"29139.12"	"5d4.6s2"	"3H"	"4"	"5d4.6s.(6D).6p"	"5F*"	"3"		""	"L153"	
"589.032"	"589.031"	"5"	""		"24610.88"	"41583.20"	"5d4.6s2"	"1F"	"3"	""	"*"	"2"		""	"L153"	
"589.161"	"589.158"	"8"	"1.47e+05"	C	"18974.51"	"35943.17"	"5d5.(4G).6s"	"5G"	"3"	""	"*"	"3"		"T4976"	"L153"	
"589.334"	"589.335"	"1"	""		"30374.20"	"47337.79"	"5d4.6s2"	"3F1"	"2"	""	"*"	"2"		""	"L153"	
"589.598"	"589.595"	"1"	""		"23455.02"	"40411.12"	"5d5.(4D).6s"	"5D"	"1"	""	"*"	"1"		""	"L153"	
"590.002"	"590.000"	"1"	""		"24789.66"	"41734.13"	"5d4.6s2"	"1D2"	"2"	""	"*"	"2"		""	"L153"	
"590.120"	"590.119"	"8"	""		"23982.80"	"40923.83"	"5d5.(4D).6s"	"5D"	"2"	""	"*"	"3"		""	"L153"	
"590.200"	"590.199"	"4"	"1.39e+04"	C	"16431.31"	"33370.04"	"5d4.6s2"	"3G"	"4"	"5d4.6s.(6D).6p"	"5F*"	"5"		"T4976"	"L153"	
"590.230"	"590.227"	"4"	""		"32135.94"	"49073.88"	"5d5.(4G).6s"	"3G"	"4"	""	"*"	"5"		""	"L153"	
"590.264"	"590.262"	"20"	"1.36e+06"	B	"19253.56"	"36190.49"	"5d4.6s2"	"3P2"	"2"	""	"*"	"1"		"T6977"	"L153"	
"590.457"	"590.454"	"1"	""		"17701.18"	"34632.60"	"5d4.6s2"	"3F2"	"3"	""	"*"	"4"		""	"L153"	
"590.505"	"590.502"	"4"	""		"32217.91"	"49147.95"	""	""	"3"	""	"*"	"4"		""	"L153,L416"	
"590.652"	"590.650"	"2w"	""		"27670.48"	"44596.28"	"5d5.(4F).6s"	"5F"	"1"	""	"*"	"2"		""	"L153"	
"590.676"	""	"2"	""		""	""	""	""	""	""	""	""		""	"L153"	
"591.032"	"591.029"	"2"	""		"28347.60"	"45262.55"	"5d5.(4F).6s"	"5F"	"3"	""	"*"	"4"		""	"L153"	
"591.339"	"591.337"	"5"	""		"29479.32"	"46385.46"	"5d4.6s2"	"3F1"	"4"	""	"*"	"3"		""	"L153"	
"591.392"	"591.388"	"3"	""		"24789.66"	"41694.34"	"5d4.6s2"	"1D2"	"2"	""	"*"	"3"		""	"L153"	
"591.742"	"591.743"	"3w"	""		"34228.60"	"51123.14"	""	"*"	"3"	"5d4.6s.(6D).7s"	"5D"	"4"		""	"L153"	
"591.966"	""	"3w"	""		""	""	""	""	""	""	""	""		""	"L153"	
"592.060"	"592.057"	"4*"	""		"23982.80"	"40868.40"	"5d5.(4D).6s"	"5D"	"2"	""	"*"	"2"		""	"L153"	
"592.060"	"592.061"	"4*"	""		"35116.78"	"52002.25"	""	"*"	"4"	""	""	"3"		""	"L153c23"	
"592.105"	"592.101"	"3"	""		"22476.68"	"39361.01"	"5d5.(4D).6s"	"5D"	"4"	""	"*"	"5"		""	"L153"	
"592.137"	"592.136"	"3"	""		"28233.44"	"45116.77"	"5d5.(4F).6s"	"5F"	"5"	""	"*"	"4"		""	"L153"	
"592.187"	""	"1"	""		""	""	""	""	""	""	""	""		""	"L153"	
"592.207"	"592.206"	"1"	""		"30374.20"	"47255.55"	"5d4.6s2"	"3F1"	"2"	""	"*"	"1"		""	"L153"	
"592.705"	"592.704"	"3"	""		"22852.80"	"39719.96"	"5d4.6s2"	"1G2"	"4"	""	"*"	"4"		""	"L153"	
"592.858"	"592.856"	"10"	""		"22773.78"	"39636.62"	"5d5.(4D).6s"	"5D"	"0"	""	"*"	"1"		""	"L153"	
"592.893"	"592.891"	"1"	""		"28898.96"	"45760.80"	"5d4.6s2"	"3P1"	"2"	""	"*"	"1"		""	"L153"	
"593.113"	"593.108"	"2"	""		"37414.11"	"54269.77"	""	""	"3"	""	"*"	"3"		""	"L153,L416"	
"593.449"	"593.448"	"8"	""		"19827.68"	"36673.70"	"5d5.(4P).6s"	"5P"	"3"	""	"*"	"2"		""	"L153"	
"593.614"	"593.609"	"1"	""		"14976.18"	"31817.63"	"5d4.6s2"	"3D"	"2"	""	"*"	"2"		""	"L153"	
"593.708"	""	"3"	""		""	""	""	""	""	""	""	""		""	"L153"	
"594.089"	"594.084"	"10*"	""		"6219.33"	"23047.31"	"5d4.6s2"	"5D"	"4"	"5d4.6s.(6D).6p"	"7F*"	"3"		""	"L153"	
"594.089"	"594.086"	"10*"	""		"32828.12"	"49656.04"	"5d4.6s.(6D).6p"	"5D*"	"4"	"5d4.6s.(6D).7s"	"5D"	"3"		""	"L153"	
"594.154"	"594.152"	"3"	""		"19256.24"	"36082.30"	"5d5.(4G).6s"	"5G"	"4"	""	"*"	"4"		""	"L153"	
"594.194"	"594.193"	"3"	""		"28291.88"	"45116.77"	"5d5.(2F1).6s"	"3F"	"3"	""	"*"	"4"		""	"L153"	
"594.708"	"594.707"	"8"	""		"28204.20"	"45014.54"	"5d5.(4F).6s"	"5F"	"2"	""	"*"	"3"		""	"L153"	
"594.757"	"594.757"	"30"	"2.40e+05"	C	"13777.71"	"30586.64"	"5d4.6s2"	"3F2"	"2"	"5d4.6s.(6D).6p"	"5P*"	"3"		"T4976"	"L153"	
"594.819"	"594.819"	"3"	""		"27213.82"	"44021.00"	"5d5.(2F1).6s"	"3F"	"4"	""	"*"	"3"		""	"L153"	
"594.944"	""	"4"	""		""	""	""	""	""	""	""	""		""	"L153"	
"595.396"	"595.394"	"8"	""		"20983.02"	"37773.96"	"5d5.(4P).6s"	"5P"	"2"	""	"*"	"1"		""	"L153"	
"595.619"	"595.616"	"10"	"1.7e+05"	D	"17701.18"	"34485.86"	"5d4.6s2"	"3F2"	"3"	""	"*"	"2"		"T4976"	"L153"	
"595.823"	"595.828"	"1"	""		"28898.96"	"45677.69"	"5d4.6s2"	"3P1"	"2"	""	"*"	"3"		""	"L153"	
"595.853"	"595.853"	"2"	""		"15460.01"	"32238.02"	"5d4.6s2"	"3D"	"3"	""	"*"	"3"		""	"L153"	
"596.083"	"596.081"	"15*"	""		"27213.82"	"43985.41"	"5d5.(2F1).6s"	"3F"	"4"	""	"*"	"4"		""	"L153"	
"596.083"	"596.088"	"15*"	""		"29853.66"	"46625.05"	"5d5.(4F).6s"	"5F"	"4"	""	"*"	"4"		""	"L153"	
"596.448"	"596.449"	"3"	""		"22852.80"	"39614.05"	"5d4.6s2"	"1G2"	"4"	""	"*"	"5"		""	"L153"	
"596.586"	"596.584"	"40"	"1.0e+06"	C	"18974.51"	"35731.96"	"5d5.(4G).6s"	"5G"	"3"	""	"*"	"2"		"T4976"	"L153"	
"597.203"	"597.203"	"3"	""		"19535.01"	"36275.10"	"5d5.(4G).6s"	"5G"	"5"	""	"*"	"5"		""	"L153"	
"597.251"	"597.250"	"25"	"2.4e+04"	C	"3325.53"	"20064.30"	"5d4.6s2"	"5D"	"2"	"5d4.6s.(6D).6p"	"7F*"	"1"		"T4976"	"L153"	
"597.340"	""	"1"	""		""	""	""	""	""	""	""	""		""	"L153"	
"597.356"	"597.357"	"2"	""		"23930.08"	"40665.85"	"5d5.(4D).6s"	"5D"	"3"	""	"*"	"3"		""	"L153"	
"597.665"	"597.665"	"8"	""		"28291.88"	"45019.02"	"5d5.(2F1).6s"	"3F"	"3"	""	"*"	"2"		""	"L153"	
"597.886"	"597.887"	"15"	""		"28198.90"	"44919.84"	"5d4.6s.(6D).6p"	"5P*"	"1"	"5d4.6s.(6D).7s"	"7D"	"2"		""	"L153"	
"598.095"	"598.095"	"2"	""		"33569.53"	"50284.64"	""	""	"4"	""	"*"	"4"		""	"L153,L416"	
"598.260"	"598.263"	"2"	""		"27213.82"	"43924.25"	"5d5.(2F1).6s"	"3F"	"4"	""	"*"	"5"		""	"L153"	
"598.382"	"598.381"	"20"	""		"28233.44"	"44940.57"	"5d5.(4F).6s"	"5F"	"5"	""	"*"	"4"		""	"L153"	
"598.450"	"598.450"	"2w"	""		"30374.20"	"47079.40"	"5d4.6s2"	"3F1"	"2"	""	"*"	"2"		""	"L153"	
"598.694"	"598.692"	"6"	""		"32957.58"	"49656.04"	""	"*"	"3"	"5d4.6s.(6D).7s"	"5D"	"3"		""	"L153"	
"598.743"	"598.743"	"12w*"	""		"27670.48"	"44367.50"	"5d5.(4F).6s"	"5F"	"1"	""	"*"	"2"		""	"L153"	
"598.743"	"598.746"	"12w*"	""		"27849.80"	"44546.76"	"5d5.(2I).6s"	"3I"	"5"	""	"*"	"5"		""	"L153"	
"598.959"	"598.957"	"10"	""		"20983.02"	"37674.08"	"5d5.(4P).6s"	"5P"	"2"	""	"*"	"3"		""	"L153"	
"599.011"	"599.009"	"5"	"6.3e+04"	C	"19253.56"	"35943.17"	"5d4.6s2"	"3P2"	"2"	""	"*"	"3"		"T4976"	"L153"	
"599.107"	"599.105"	"3"	"2.29e+04"	D	"19256.24"	"35943.17"	"5d5.(4G).6s"	"5G"	"4"	""	"*"	"3"		"T4976"	"L153"	
"599.215"	"599.209"	"1"	""		"35499.15"	"52183.20"	""	"*"	"3"	""	""	"2"		""	"L153"	
"599.246"	"599.245"	"8*"	""		"23982.80"	"40665.85"	"5d5.(4D).6s"	"5D"	"2"	""	"*"	"3"		""	"L153"	
"599.246"	"599.247"	"8*"	""		"27670.48"	"44353.46"	"5d5.(4F).6s"	"5F"	"1"	""	"*"	"1"		""	"L153"	
"599.321"	""	"2w"	""		""	""	""	""	""	""	""	""		""	"L153"	
"599.620"	""	"2"	""		""	""	""	""	""	""	""	""		""	"L153"	
"599.828"	"599.824"	"3"	""		"28347.60"	"45014.54"	"5d5.(4F).6s"	"5F"	"3"	""	"*"	"3"		""	"L153"	
"600.102"	""	"2"	""		""	""	""	""	""	""	""	""		""	"L153"	
"600.321"	"600.322"	"4"	""		"28720.88"	"45374.00"	"5d5.(4P).6s"	"3P"	"1"	""	"*"	"1"		""	"L153"	
"600.901"	"600.903"	"10"	""		"27213.82"	"43850.84"	"5d5.(2F1).6s"	"3F"	"4"	""	"*"	"3"		""	"L153"	
"600.917"	"600.922"	"1"	"8.7e+04"	C	"18082.83"	"34719.33"	"5d4.6s2"	"3D"	"1"	""	"*"	"1"		"T6977"	"L153"	
"600.968"	"600.966"	"8"	"4.4e+03"	E	"12161.96"	"28797.24"	"5d4.6s2"	"3H"	"4"	"5d4.6s.(6D).6p"	"7D*"	"4"		"T4976"	"L153"	
"601.278"	"601.281"	"50"	""		"19648.54"	"36275.10"	"5d5.(4G).6s"	"5G"	"6"	""	"*"	"5"		""	"L153"	
"601.564"	"601.563"	"3w"	""		"4830.00"	"21448.76"	"5d4.6s2"	"5D"	"3"	"5d4.6s.(6D).6p"	"7F*"	"2"		""	"L153"	
"601.627"	"601.629"	"2"	""		"26861.64"	"43478.58"	"5d5.(2F1).6s"	"3F"	"2"	""	"*"	"3"		""	"L153"	
"601.973"	"601.973"	"3"	""		"34302.04"	"50909.47"	"5d5.(2G2).6s"	"3G"	"4"	""	"*"	"4"		""	"L153"	
"602.152"	"602.153"	"40"	"6.6e+05"	B	"18116.84"	"34719.33"	"5d5.(4G).6s"	"5G"	"2"	""	"*"	"1"		"T6977"	"L153"	
"602.716"	"602.705"	"1*"	""		"24610.88"	"41198.14"	"5d4.6s2"	"1F"	"3"	""	"*"	"4"		""	"L153"	
"602.716"	"602.716"	"1*"	""		"33201.61"	"49788.58"	"5d5.(2G2).6s"	"3G"	"5"	""	"*"	"4"		""	"L153c23"	
"602.832"	"602.832"	"15"	""		"29912.85"	"46496.62"	"5d4.6s.(6D).6p"	"5D*"	"3"	"5d4.6s.(6D).7s"	"7D"	"3"		""	"L153"	
"602.984"	"602.986"	"5"	""		"31389.08"	"47968.62"	"5d5.(4G).6s"	"3G"	"5"	""	"*"	"4"		""	"L153"	
"603.064"	""	"2s"	""		""	""	""	""	""	""	""	""		""	"L153"	
"603.472"	"603.474"	"3w"	""		"34719.33"	"51285.46"	""	"*"	"1"	""	""	"0"		""	"L153c23"	
"603.542"	"603.541"	"4"	"9.e+03"	E	"13348.56"	"29912.85"	"5d4.6s2"	"3G"	"3"	"5d4.6s.(6D).6p"	"5D*"	"3"		"T4976"	"L153"	
"603.731"	""	"3w"	""		""	""	""	""	""	""	""	""		""	"L153"	
"603.828"	"603.826"	"2"	""		"23455.02"	"40011.50"	"5d5.(4D).6s"	"5D"	"1"	""	"*"	"2"		""	"L153"	
"604.162"	"604.161"	"10"	"6.e+04"	E	"19535.01"	"36082.30"	"5d5.(4G).6s"	"5G"	"5"	""	"*"	"4"		"T4976"	"L153"	
"604.331"	"604.331"	"25"	""		"31432.91"	"47975.54"	"5d4.6s.(6D).6p"	"5F*"	"4"	"5d4.6s.(6D).7s"	"7D"	"4"		""	"L153"	
"604.680"	"604.683"	"3"	""		"28204.20"	"44737.21"	"5d5.(4F).6s"	"5F"	"2"	""	"*"	"1"		""	"L153"	
"604.887"	"604.888"	"2w"	""		"17701.18"	"34228.60"	"5d4.6s2"	"3F2"	"3"	""	"*"	"3"		""	"L153"	
"604.925"	"604.919"	"1w*"	""		"32828.12"	"49354.68"	"5d4.6s.(6D).6p"	"5D*"	"4"	"5d4.6s.(6D).7s"	"7D"	"5"		""	"L153"	
"604.925"	"604.930"	"1w*"	""		"16431.31"	"32957.58"	"5d4.6s2"	"3G"	"4"	""	"*"	"3"		""	"L153"	
"604.992"	"604.989"	"12"	"1.3e+05"	C	"18974.51"	"35499.15"	"5d5.(4G).6s"	"5G"	"3"	""	"*"	"3"		"T4976"	"L153"	
"605.317"	"605.319"	"2w"	""		"31077.80"	"47593.44"	""	""	"2"	""	"*"	"3"		""	"L153,L416"	
"605.593"	"605.592"	"2"	""		"22852.80"	"39361.01"	"5d4.6s2"	"1G2"	"4"	""	"*"	"5"		""	"L153"	
"605.741"	"605.745"	"5w"	""		"34302.04"	"50806.07"	"5d5.(2G2).6s"	"3G"	"4"	""	"*"	"5"		""	"L153"	
"606.129"	"606.126"	"1"	""		"24610.88"	"41104.52"	"5d4.6s2"	"1F"	"3"	""	"*"	"2"		""	"L153"	
"606.508"	"606.507"	"15"	""		"20983.02"	"37466.30"	"5d5.(4P).6s"	"5P"	"2"	""	"*"	"2"		""	"L153"	
"606.688"	"606.687"	"4"	"8.e+04"	E	"19253.56"	"35731.96"	"5d4.6s2"	"3P2"	"2"	""	"*"	"2"		"T4976"	"L153"	
"606.764"	"606.764"	"10"	""		"20427.84"	"36904.16"	"5d5.(4P).6s"	"5P"	"1"	""	"*"	"2"		""	"L153"	
"607.770"	"607.769"	"1"	""		"19826.04"	"36275.10"	"5d4.6s2"	"3G"	"5"	""	"*"	"5"		""	"L153"	
"608.144"	"608.147"	"30"	"4.0e+05"	B	"18280.48"	"34719.33"	"5d5.(6S).6s"	"5S"	"2"	""	"*"	"1"		"T6977"	"L153"	
"608.289"	"608.292"	"3"	""		"33201.61"	"49636.52"	"5d5.(2G2).6s"	"3G"	"5"	""	"*"	"4"		""	"L153,L416"	
"608.388"	"608.391"	"4"	""		"30374.20"	"46806.45"	"5d4.6s2"	"3F1"	"2"	""	"*"	"2"		""	"L153"	
"609.238"	"609.237"	"5"	""		"22773.78"	"39183.20"	"5d5.(4D).6s"	"5D"	"0"	""	"*"	"1"		""	"L153"	
"609.475"	"609.475"	"5"	"3.8e+04"	E	"18082.83"	"34485.86"	"5d4.6s2"	"3D"	"1"	""	"*"	"2"		"T4976"	"L153"	
"610.742"	"610.741"	"10"	"6.e+04"	E	"18116.84"	"34485.86"	"5d5.(4G).6s"	"5G"	"2"	""	"*"	"2"		"T4976"	"L153"	
"611.166"	"611.167"	"15"	""		"15460.01"	"31817.63"	"5d4.6s2"	"3D"	"3"	""	"*"	"2"		""	"L153"	
"611.552"	"611.553"	"12"	"1.3e+05"	C	"14976.18"	"31323.48"	"5d4.6s2"	"3D"	"2"	""	"*"	"1"		"T4976"	"L153"	
"611.939"	"611.936"	"4"	""		"18974.51"	"35311.56"	"5d5.(4G).6s"	"5G"	"3"	""	"*"	"2"		""	"L153"	
"612.825"	"612.826"	"20"	""		"28233.44"	"44546.76"	"5d5.(4F).6s"	"5F"	"5"	""	"*"	"5"		""	"L153"	
"612.960"	"612.958"	"3"	""		"29479.32"	"45789.14"	"5d4.6s2"	"3F1"	"4"	""	"*"	"5"		""	"L153"	
"613.163"	"613.162"	"2"	""		"28291.88"	"44596.28"	"5d5.(2F1).6s"	"3F"	"3"	""	"*"	"2"		""	"L153"	
"613.179"	"613.181"	"1"	""		"23930.08"	"40233.97"	"5d5.(4D).6s"	"5D"	"3"	""	"*"	"4"		""	"L153"	
"613.319"	"613.318"	"4"	""		"31389.08"	"47689.33"	"5d5.(4G).6s"	"3G"	"5"	""	"*"	"4"		""	"L153"	
"613.836"	"613.834"	"1"	""		"23982.80"	"40269.35"	"5d5.(4D).6s"	"5D"	"2"	""	"*"	"3"		""	"L153"	
"614.104"	""	"1"	""		""	""	""	""	""	""	""	""		""	"L153"	
"614.394"	"614.392"	"12"	""		"22476.68"	"38748.44"	"5d5.(4D).6s"	"5D"	"4"	""	"*"	"4"		""	"L153"	
"614.652"	"614.656"	"1"	""		"27213.82"	"43478.58"	"5d5.(2F1).6s"	"3F"	"4"	""	"*"	"3"		""	"L153"	
"614.723"	"614.721"	"3"	"1.8e+04"	C	"17107.01"	"33370.04"	"5d4.6s2"	"3F2"	"4"	"5d4.6s.(6D).6p"	"5F*"	"5"		"T4976"	"L153"	
"614.815"	"614.810"	"2w"	""		"31817.63"	"48078.32"	""	"*"	"2"	"5d4.6s.(6D).7s"	"5D"	"2"		""	"L153"	
"615.181"	"615.183"	"1"	""		"19256.24"	"35507.07"	"5d5.(4G).6s"	"5G"	"4"	""	"*"	"5"		""	"L153"	
"615.372"	"615.371"	"2w"	""		"20427.84"	"36673.70"	"5d5.(4P).6s"	"5P"	"1"	""	"*"	"2"		""	"L153"	
"615.487"	"615.484"	"6*"	""		"17701.18"	"33944.06"	"5d4.6s2"	"3F2"	"3"	""	"*"	"2"		""	"L153"	
"615.487"	"615.486"	"6*"	""		"28204.20"	"44447.02"	"5d5.(4F).6s"	"5F"	"2"	""	"*"	"3"		""	"L153"	
"616.143"	"616.140"	"8"	"2.6e+05"	C	"18116.84"	"34342.44"	"5d5.(4G).6s"	"5G"	"2"	""	"*"	"1"		"T6977"	"L153"	
"616.270"	"616.271"	"1"	""		"27670.48"	"43892.62"	"5d5.(4F).6s"	"5F"	"1"	""	"*"	"1"		""	"L153"	
"616.570"	"616.567"	"1"	""		"29853.66"	"46068.02"	"5d5.(4F).6s"	"5F"	"4"	""	"*"	"3"		""	"L153"	
"616.911"	"616.908"	"10"	"1.5e+05"	D	"18280.48"	"34485.86"	"5d5.(6S).6s"	"5S"	"2"	""	"*"	"2"		"T4976"	"L153"	
"617.618"	"617.614"	"1"	""		"34719.33"	"50906.20"	""	"*"	"1"	""	""	"1"		""	"L153c23"	
"617.966"	"617.962"	"3"	""		"31077.80"	"47255.55"	""	""	"2"	""	"*"	"1"		""	"L153,L416"	
"618.139"	"618.135"	"2"	""		"35299.82"	"51473.04"	""	""	"4"	""	"*"	"4"		""	"L153,L416"	
"618.624"	"618.622"	"15"	""		"20427.84"	"36588.32"	"5d5.(4P).6s"	"5P"	"1"	""	"*"	"0"		""	"L153"	
"618.757"	"618.756"	"5"	""		"28233.44"	"44390.42"	"5d5.(4F).6s"	"5F"	"5"	""	"*"	"6"		""	"L153"	
"618.873"	"618.868"	"3"	""		"28392.70"	"44546.76"	"5d5.(2I).6s"	"3I"	"6"	""	"*"	"5"		""	"L153"	
"619.323"	"619.320"	"10"	"4.6e+04"	C	"18974.51"	"35116.78"	"5d5.(4G).6s"	"5G"	"3"	""	"*"	"4"		"T4976"	"L153"	
"619.578"	"619.576"	"1"	""		"27849.80"	"43985.41"	"5d5.(2I).6s"	"3I"	"5"	""	"*"	"4"		""	"L153"	
"619.596"	"619.594"	"10"	"1.6e+04"	E	"13777.71"	"29912.85"	"5d4.6s2"	"3F2"	"2"	"5d4.6s.(6D).6p"	"5D*"	"3"		"T4976"	"L153"	
"619.636"	"619.631"	"10"	""		"24789.66"	"40923.83"	"5d4.6s2"	"1D2"	"2"	""	"*"	"3"		""	"L153"	
"619.819"	"619.819"	"2"	""		"23484.78"	"39614.05"	"5d4.6s2"	"1I"	"6"	""	"*"	"5"		""	"L153"	
"620.351"	"620.349"	"20"	"3.0e+05"	C	"19827.68"	"35943.17"	"5d5.(4P).6s"	"5P"	"3"	""	"*"	"3"		"T4976"	"L153"	
"621.665"	"621.664"	"3w"	""		"23930.08"	"40011.50"	"5d5.(4D).6s"	"5D"	"3"	""	"*"	"2"		""	"L153"	
"621.936"	"621.933"	"2"	""		"27849.80"	"43924.25"	"5d5.(2I).6s"	"3I"	"5"	""	"*"	"5"		""	"L153"	
"622.031"	"622.028"	"2w"	""		"29479.32"	"45551.32"	"5d4.6s2"	"3F1"	"4"	""	"*"	"3"		""	"L153"	
"622.418"	"622.417"	"3"	""		"18280.48"	"34342.44"	"5d5.(6S).6s"	"5S"	"2"	""	"*"	"1"		""	"L153"	
"622.575"	"622.570"	"4"	""		"19253.56"	"35311.56"	"5d4.6s2"	"3P2"	"2"	""	"*"	"2"		""	"L153"	
"623.474"	"623.478"	"1w"	""		"32135.94"	"48170.55"	"5d5.(4G).6s"	"3G"	"4"	""	"*"	"3"		""	"L153"	
"623.769"	""	"2"	""		""	""	""	""	""	""	""	""		""	"L153"	
"623.927"	""	"2w"	""		""	""	""	""	""	""	""	""		""	"L153"	
"624.054"	"624.051"	"5"	""		"28347.60"	"44367.50"	"5d5.(4F).6s"	"5F"	"3"	""	"*"	"2"		""	"L153"	
"624.194"	"624.192"	"4w"	""		"20174.20"	"36190.49"	"5d4.6s2"	"1S2"	"0"	""	"*"	"1"		""	"L153"	
"624.310"	"624.313"	"2"	""		"33952.85"	"49966.03"	"5d5.(4D).6s"	"3D"	"3"	""	"*"	"3"		""	"L153,L416"	
"624.372"	"624.376"	"2"	""		"32378.40"	"48389.96"	"5d5.(2D3).6s"	"3D"	"1"	""	"*"	"1"		""	"L153c23"	
"624.579"	"624.579"	"8w"	""		"35116.78"	"51123.14"	""	"*"	"4"	"5d4.6s.(6D).7s"	"5D"	"4"		""	"L153"	
"625.148"	"625.149"	"5"	""		"29430.50"	"45422.26"	""	""	"3"	""	"*"	"2"		""	"L153,L416"	
"625.363"	"625.362"	"6"	""		"33201.61"	"49187.92"	"5d5.(2G2).6s"	"3G"	"5"	""	"*"	"5"		""	"L153,L416"	
"625.428"	"625.428"	"25"	""		"33370.04"	"49354.68"	"5d4.6s.(6D).6p"	"5F*"	"5"	"5d4.6s.(6D).7s"	"7D"	"5"		""	"L153"	
"625.888"	"625.887"	"5"	"1.30e+04"	D	"15460.01"	"31432.91"	"5d4.6s2"	"3D"	"3"	"5d4.6s.(6D).6p"	"5F*"	"4"		"T4976"	"L153"	
"625.911"	"625.910"	"4w*"	""		"29479.32"	"45451.65"	"5d4.6s2"	"3F1"	"4"	""	"*"	"5"		""	"L153"	
"625.911"	"625.915"	"4w*"	""		"24610.88"	"40583.07"	"5d4.6s2"	"1F"	"3"	""	"*"	"4"		""	"L153"	
"626.928"	"626.930"	"4"	""		"33201.61"	"49147.95"	"5d5.(2G2).6s"	"3G"	"5"	""	"*"	"4"		""	"L153,L416"	
"627.968"	"627.969"	"3ws"	""		"36082.30"	"52002.25"	""	"*"	"4"	""	""	"3"		""	"L153c23"	
"628.588"	"628.588"	"25"	"6.6e+05"	C	"19827.68"	"35731.96"	"5d5.(4P).6s"	"5P"	"3"	""	"*"	"2"		"T4976"	"L153"	
"628.875"	""	"3"	""		""	""	""	""	""	""	""	""		""	"L153"	
"628.910"	"628.910"	"2"	""		"33291.80"	"49187.92"	"5d5.(2I).6s"	"1I"	"6"	""	"*"	"5"		""	"L153c23"	
"629.101"	"629.100"	"8"	""		"20983.02"	"36874.36"	"5d5.(4P).6s"	"5P"	"2"	""	"*"	"3"		""	"L153"	
"629.202"	"629.203"	"60"	"2.26e+05"	C	"13307.10"	"29195.84"	"5d4.6s2"	"3P2"	"1"	"5d4.6s.(6D).6p"	"5D*"	"2"		"T4976"	"L153"	
"629.731"	"629.731"	"3"	""		"28720.88"	"44596.28"	"5d5.(4P).6s"	"3P"	"1"	""	"*"	"2"		""	"L153"	
"629.857"	"629.855"	"6"	""		"33201.61"	"49073.88"	"5d5.(2G2).6s"	"3G"	"5"	""	"*"	"5"		""	"L153,L416"	
"630.296"	"630.294"	"1"	""		"18082.83"	"33944.06"	"5d4.6s2"	"3D"	"1"	""	"*"	"2"		""	"L153"	
"630.321"	"630.321"	"20"	"1.84e+05"	C	"19256.24"	"35116.78"	"5d5.(4G).6s"	"5G"	"4"	""	"*"	"4"		"T4976"	"L153"	
"630.403"	"630.401"	"3"	""		"19648.54"	"35507.07"	"5d5.(4G).6s"	"5G"	"6"	""	"*"	"5"		""	"L153"	
"630.850"	"630.849"	"10"	"1.9e+04"	D	"13348.56"	"29195.84"	"5d4.6s2"	"3G"	"3"	"5d4.6s.(6D).6p"	"5D*"	"2"		"T4976"	"L153"	
"630.971"	"630.971"	"2"	""		"27670.48"	"43514.68"	"5d5.(4F).6s"	"5F"	"1"	""	"*"	"2"		""	"L153"	
"631.315"	"631.318"	"2"	""		"34302.04"	"50137.55"	"5d5.(2G2).6s"	"3G"	"4"	""	"*"	"5"		""	"L153"	
"631.432"	"631.430"	"3"	""		"32135.94"	"47968.62"	"5d5.(4G).6s"	"3G"	"4"	""	"*"	"4"		""	"L153"	
"631.924"	"631.925"	"8"	""		"27213.82"	"43034.10"	"5d5.(2F1).6s"	"3F"	"4"	""	"*"	"5"		""	"L153"	
"632.467"	"632.468"	"2w"	""		"16431.31"	"32238.02"	"5d4.6s2"	"3G"	"4"	""	"*"	"3"		""	"L153"	
"633.144"	"633.142"	"4"	""		"23930.08"	"39719.96"	"5d5.(4D).6s"	"5D"	"3"	""	"*"	"4"		""	"L153"	
"633.510"	"633.509"	"3"	""		"29139.12"	"44919.84"	"5d4.6s.(6D).6p"	"5F*"	"3"	"5d4.6s.(6D).7s"	"7D"	"2"		""	"L153"	
"633.660"	"633.661"	"2"	""		"23930.08"	"39707.02"	"5d5.(4D).6s"	"5D"	"3"	""	"*"	"2"		""	"L153"	
"634.240"	"634.236"	"3"	""		"20427.84"	"36190.49"	"5d5.(4P).6s"	"5P"	"1"	""	"*"	"1"		""	"L153"	
"634.450"	""	"2"	""		""	""	""	""	""	""	""	""		""	"L153"	
"634.666"	"634.666"	"2"	""		"28233.44"	"43985.41"	"5d5.(4F).6s"	"5F"	"5"	""	"*"	"4"		""	"L153"	
"635.168"	"635.167"	"2"	""		"26861.64"	"42601.19"	"5d5.(2F1).6s"	"3F"	"2"	""	"*"	"3"		""	"L153"	
"635.251"	"635.248"	"4w"	""		"32238.02"	"47975.54"	""	"*"	"3"	"5d4.6s.(6D).7s"	"7D"	"4"		""	"L153"	
"635.566"	"635.564"	"3"	""		"22476.68"	"38206.38"	"5d5.(4D).6s"	"5D"	"4"	""	"*"	"3"		""	"L153"	
"635.590"	"635.588"	"10"	""		"28291.88"	"44021.00"	"5d5.(2F1).6s"	"3F"	"3"	""	"*"	"3"		""	"L153"	
"635.798"	"635.795"	"3"	""		"29195.84"	"44919.84"	"5d4.6s.(6D).6p"	"5D*"	"2"	"5d4.6s.(6D).7s"	"7D"	"2"		""	"L153"	
"635.914"	"635.912"	"6"	""		"17107.01"	"32828.12"	"5d4.6s2"	"3F2"	"4"	"5d4.6s.(6D).6p"	"5D*"	"4"		""	"L153"	
"636.106"	"636.105"	"4"	""		"23930.08"	"39646.41"	"5d5.(4D).6s"	"5D"	"3"	""	"*"	"3"		""	"L153"	
"636.235"	""	"1"	""		""	""	""	""	""	""	""	""		""	"L153"	
"636.379"	""	"1"	""		""	""	""	""	""	""	""	""		""	"L153"	
"636.473"	"636.468"	"10"	""		"14976.18"	"30683.54"	"5d4.6s2"	"3D"	"2"	""	"*"	"1"		""	"L153"	
"636.873"	"636.875"	"1"	""		"28898.96"	"44596.28"	"5d4.6s2"	"3P1"	"2"	""	"*"	"2"		""	"L153"	
"637.032"	"637.029"	"6"	""		"28291.88"	"43985.41"	"5d5.(2F1).6s"	"3F"	"3"	""	"*"	"4"		""	"L153"	
"637.143"	"637.145"	"20"	""		"20983.02"	"36673.70"	"5d5.(4P).6s"	"5P"	"2"	""	"*"	"2"		""	"L153"	
"637.540"	"637.537"	"10"	""		"19826.04"	"35507.07"	"5d4.6s2"	"3G"	"5"	""	"*"	"5"		""	"L153"	
"637.847"	"637.844"	"3*"	""		"27778.50"	"43451.98"	"5d4.6s.(6D).6p"	"5D*"	"1"	"5d4.6s.(6D).7s"	"7D"	"1"		""	"L153"	
"637.847"	"637.847"	"3*"	""		"28347.60"	"44021.00"	"5d5.(4F).6s"	"5F"	"3"	""	"*"	"3"		""	"L153"	
"637.929"	"637.926"	"3"	""		"19827.68"	"35499.15"	"5d5.(4P).6s"	"5P"	"3"	""	"*"	"3"		""	"L153"	
"638.249"	"638.246"	"8*"	""		"23982.80"	"39646.41"	"5d5.(4D).6s"	"5D"	"2"	""	"*"	"3"		""	"L153"	
"638.249"	"638.247"	"8*"	""		"18280.48"	"33944.06"	"5d5.(6S).6s"	"5S"	"2"	""	"*"	"2"		""	"L153"	
"638.472"	"638.471"	"8"	""		"18974.51"	"34632.60"	"5d5.(4G).6s"	"5G"	"3"	""	"*"	"4"		""	"L153"	
"638.647"	"638.645"	"20"	""		"23982.80"	"39636.62"	"5d5.(4D).6s"	"5D"	"2"	""	"*"	"1"		""	"L153"	
"638.713"	"638.712"	"4"	""		"27213.82"	"42866.00"	"5d5.(2F1).6s"	"3F"	"4"	""	"*"	"5"		""	"L153"	
"638.939"	"638.938"	"2"	""		"28204.20"	"43850.84"	"5d5.(4F).6s"	"5F"	"2"	""	"*"	"3"		""	"L153"	
"639.307"	"639.299"	"4*"	""		"28347.60"	"43985.41"	"5d5.(4F).6s"	"5F"	"3"	""	"*"	"4"		""	"L153"	
"639.307"	"639.311"	"4*"	""		"35311.56"	"50949.07"	""	"*"	"2"	""	""	"1"		""	"L153"	
"639.307"	"639.314"	"4*"	""		"29479.32"	"45116.77"	"5d4.6s2"	"3F1"	"4"	""	"*"	"4"		""	"L153"	
"639.520"	"639.513"	"1"	""		"28720.88"	"44353.46"	"5d5.(4P).6s"	"3P"	"1"	""	"*"	"1"		""	"L153"	
"639.730"	"639.729"	"3"	""		"39030.25"	"54657.56"	""	"*"	"2"	""	""	"3"		""	"L153c23"	
"639.974"	"639.968"	"10"	""		"24789.66"	"40411.12"	"5d4.6s2"	"1D2"	"2"	""	"*"	"1"		""	"L153"	
"640.207"	"640.205"	"12"	""		"13777.71"	"29393.40"	"5d4.6s2"	"3F2"	"2"	"5d4.6s.(6D).6p"	"5P*"	"2"		""	"L153"	
"640.421"	"640.419"	"30"	"1.50e+05"	D	"14976.18"	"30586.64"	"5d4.6s2"	"3D"	"2"	"5d4.6s.(6D).6p"	"5P*"	"3"		"T4976"	"L153"	
"640.934"	"640.931"	"1"	""		"29853.66"	"45451.65"	"5d5.(4F).6s"	"5F"	"4"	""	"*"	"5"		""	"L153c23"	
"641.503"	"641.505"	"1"	""		"29430.50"	"45014.54"	""	""	"3"	""	"*"	"3"		""	"L153,L416"	
"641.600"	"641.598"	"12"	""		"19535.01"	"35116.78"	"5d5.(4G).6s"	"5G"	"5"	""	"*"	"4"		""	"L153"	
"641.736"	"641.736"	"4"	""		"33569.53"	"49147.95"	""	""	"4"	""	"*"	"4"		""	"L153,L416"	
"641.822"	"641.821"	"2"	""		"22476.68"	"38053.05"	"5d5.(4D).6s"	"5D"	"4"	""	"*"	"3"		""	"L153"	
"641.869"	"641.868"	"3"	""		"23455.02"	"39030.25"	"5d5.(4D).6s"	"5D"	"1"	""	"*"	"2"		""	"L153"	
"642.542"	"642.539"	"10"	""		"28291.88"	"43850.84"	"5d5.(2F1).6s"	"3F"	"3"	""	"*"	"3"		""	"L153"	
"642.612"	"642.612"	"4"	""		"27670.48"	"43227.66"	"5d5.(4F).6s"	"5F"	"1"	""	"*"	"2"		""	"L153"	
"642.770"	"642.769"	"5"	""		"32135.94"	"47689.33"	"5d5.(4G).6s"	"3G"	"4"	""	"*"	"4"		""	"L153"	
"642.989"	"642.989"	"3"	""		"28898.96"	"44447.02"	"5d4.6s2"	"3P1"	"2"	""	"*"	"3"		""	"L153"	
"643.043"	"643.039"	"1"	""		"27670.48"	"43217.33"	"5d5.(4F).6s"	"5F"	"1"	""	"*"	"1"		""	"L153"	
"643.212"	"643.209"	"3"	""		"31389.08"	"46931.84"	"5d5.(4G).6s"	"3G"	"5"	""	"*"	"4"		""	"L153"	
"643.524"	"643.521"	"8"	""		"29479.32"	"45014.54"	"5d4.6s2"	"3F1"	"4"	""	"*"	"3"		""	"L153"	
"643.558"	"643.556"	"12"	""		"34121.68"	"49656.04"	""	"*"	"4"	"5d4.6s.(6D).7s"	"5D"	"3"		""	"L153"	
"643.812"	"643.808"	"4"	""		"30374.20"	"45902.48"	"5d4.6s2"	"3F1"	"2"	""	"*"	"2"		""	"L153"	
"643.885"	"643.885"	"3"	""		"29393.40"	"44919.84"	"5d4.6s.(6D).6p"	"5P*"	"2"	"5d4.6s.(6D).7s"	"7D"	"2"		""	"L153"	
"643.970"	"643.968"	"15"	"1.29e+05"	C	"22476.68"	"38001.12"	"5d5.(4D).6s"	"5D"	"4"	""	"*"	"4"		"T4976"	"L153"	
"644.308"	""	"1"	""		""	""	""	""	""	""	""	""		""	"L153"	
"644.395"	""	"2"	""		""	""	""	""	""	""	""	""		""	"L153"	
"644.512"	"644.511"	"50"	"6.4e+05"	C	"18974.51"	"34485.86"	"5d5.(4G).6s"	"5G"	"3"	""	"*"	"2"		"T4976"	"L153"	
"644.578"	"644.574"	"10"	""		"29460.98"	"44970.82"	"5d5.(2I).6s"	"3I"	"7"	""	"*"	"7"		""	"L153"	
"644.725"	"644.723"	"1"	""		"35299.82"	"50806.07"	""	""	"4"	""	"*"	"5"		""	"L153,L416"	
"644.825"	"644.822"	"6"	""		"36874.36"	"52378.22"	""	"*"	"3"	""	""	"4"		""	"L153c23"	
"644.876"	"644.874"	"1"	""		"33569.53"	"49072.14"	""	""	"4"	""	"*"	"3"		""	"L153,L416"	
"644.993"	"644.992"	"3"	""		"32826.63"	"48326.41"	""	""	"3"	""	"*"	"3"		""	"L153,L416"	
"645.012"	""	"2"	""		""	""	""	""	""	""	""	""		""	"L153"	
"645.076"	""	"1"	""		""	""	""	""	""	""	""	""		""	"L153"	
"645.124"	""	"2"	""		""	""	""	""	""	""	""	""		""	"L153"	
"645.661"	"645.655"	"7"	""		"19827.68"	"35311.56"	"5d5.(4P).6s"	"5P"	"3"	""	"*"	"2"		""	"L153"	
"645.835"	"645.829"	"10"	""		"24789.66"	"40269.35"	"5d4.6s2"	"1D2"	"2"	""	"*"	"3"		""	"L153"	
"646.178"	"646.175"	"5*"	""		"32217.91"	"47689.33"	""	""	"3"	""	"*"	"4"		""	"L153,L416"	
"646.178"	"646.176"	"5*"	""		"37414.11"	"52885.50"	""	""	"3"	""	"*"	"2"		""	"L416"	
"646.262"	"646.256"	"2"	""		"36588.32"	"52057.80"	""	"*"	"0"	""	""	"1"		""	"L153"	
"646.300"	"646.295"	"2w"	""		"28898.96"	"44367.50"	"5d4.6s2"	"3P1"	"2"	""	"*"	"2"		""	"L153"	
"646.413"	"646.411"	"18*"	""		"19253.56"	"34719.33"	"5d4.6s2"	"3P2"	"2"	""	"*"	"1"		""	"L153"	
"646.413"	"646.413"	"18*"	""		"31389.08"	"46854.80"	"5d5.(4G).6s"	"3G"	"5"	""	"*"	"5"		""	"L153"	
"646.443"	"646.441"	"4"	""		"33952.85"	"49417.90"	"5d5.(4D).6s"	"3D"	"3"	""	"*"	"3"		""	"L153,L416"	
"646.886"	"646.882"	"2"	""		"28898.96"	"44353.46"	"5d4.6s2"	"3P1"	"2"	""	"*"	"1"		""	"L153"	
"647.125"	"647.126"	"1"	""		"13348.56"	"28797.24"	"5d4.6s2"	"3G"	"3"	"5d4.6s.(6D).6p"	"7D*"	"4"		""	"L153"	
"647.484"	"647.481"	"8"	"2.4e+04"	D	"17701.18"	"33141.38"	"5d4.6s2"	"3F2"	"3"	""	"*"	"2"		"T4976"	"L153"	
"647.951"	"647.952"	"10"	""		"28291.88"	"43720.87"	"5d5.(2F1).6s"	"3F"	"3"	""	"*"	"4"		""	"L153"	
"648.019"	"648.017"	"4"	""		"34228.60"	"49656.04"	""	"*"	"3"	"5d4.6s.(6D).7s"	"5D"	"3"		""	"L153"	
"648.409"	"648.408"	"25"	"3.84e+04"	D	"13777.71"	"29195.84"	"5d4.6s2"	"3F2"	"2"	"5d4.6s.(6D).6p"	"5D*"	"2"		"T4976"	"L153"	
"648.738"	"648.733"	"2"	""		"36874.36"	"52284.76"	""	"*"	"3"	""	""	"3"		""	"L153"	
"649.150"	"649.143"	"6*"	""		"26861.64"	"42262.30"	"5d5.(2F1).6s"	"3F"	"2"	""	"*"	"1"		""	"L153"	
"649.150"	"649.145"	"6*"	""		"24610.88"	"40011.50"	"5d4.6s2"	"1F"	"3"	""	"*"	"2"		""	"L153"	
"649.475"	"649.472"	"6"	""		"33291.80"	"48684.68"	"5d5.(2I).6s"	"1I"	"6"	""	"*"	"6"		""	"L153"	
"649.996"	"649.990"	"5"	""		"36904.16"	"52284.76"	""	"*"	"2"	""	""	"3"		""	"L153"	
"650.038"	"650.034"	"15"	""		"18974.51"	"34354.08"	"5d5.(4G).6s"	"5G"	"3"	""	"*"	"3"		""	"L153"	
"650.170"	"650.169"	"1"	""		"19256.24"	"34632.60"	"5d5.(4G).6s"	"5G"	"4"	""	"*"	"4"		""	"L153"	
"650.209"	"650.210"	"4"	""		"41198.14"	"56573.54"	""	"*"	"4"	""	""	"5"		""	"L153"	
"650.307"	"650.300"	"3"	""		"28347.60"	"43720.87"	"5d5.(4F).6s"	"5F"	"3"	""	"*"	"4"		""	"L153"	
"650.626"	""	"6w"	""		""	""	""	""	""	""	""	""		""	"L153"	
"650.805"	"650.802"	"20"	"3.3e+04"	D	"13777.71"	"29139.12"	"5d4.6s2"	"3F2"	"2"	"5d4.6s.(6D).6p"	"5F*"	"3"		"T4976"	"L153"	
"651.344"	"651.342"	"5"	""		"28392.70"	"43741.37"	"5d5.(2I).6s"	"3I"	"6"	""	"*"	"5"		""	"L153"	
"651.465"	""	"2"	""		""	""	""	""	""	""	""	""		""	"L153"	
"651.544"	"651.544"	"3"	""		"32826.63"	"48170.55"	""	""	"3"	""	"*"	"3"		""	"L153,L416"	
"651.946"	"651.945"	"1"	""		"34302.04"	"49636.52"	"5d5.(2G2).6s"	"3G"	"4"	""	"*"	"4"		""	"L153"	
"652.198"	"652.197"	"4"	""		"36673.70"	"52002.25"	""	"*"	"2"	""	""	"3"		""	"L153"	
"652.301"	"652.299"	"6"	""		"12161.96"	"27488.11"	"5d4.6s2"	"3H"	"4"	"5d5.(6S).6p"	"7P*"	"3"		""	"L153"	
"652.373"	""	"1"	""		""	""	""	""	""	""	""	""		""	"L153"	
"652.615"	"652.612"	"12"	""		"27213.82"	"42532.62"	"5d5.(2F1).6s"	"3F"	"4"	""	"*"	"4"		""	"L153"	
"652.666"	""	"1"	""		""	""	""	""	""	""	""	""		""	"L153"	
"652.966"	"652.967"	"4"	""		"28204.20"	"43514.68"	"5d5.(4F).6s"	"5F"	"2"	""	"*"	"2"		""	"L153"	
"653.239"	"653.238"	"25"	"4.6e+05"	E	"20427.84"	"35731.96"	"5d5.(4P).6s"	"5P"	"1"	""	"*"	"2"		"T4976"	"L153"	
"653.329"	"653.331"	"5"	""		"34354.08"	"49656.04"	""	"*"	"3"	"5d4.6s.(6D).7s"	"5D"	"3"		""	"L153"	
"653.403"	"653.401"	"8"	""		"27213.82"	"42514.14"	"5d5.(2F1).6s"	"3F"	"4"	""	"*"	"3"		""	"L153"	
"653.811"	"653.810"	"30"	"2.7e+05"	C	"19826.04"	"35116.78"	"5d4.6s2"	"3G"	"5"	""	"*"	"4"		"T4976"	"L153"	
"654.141"	"654.135"	"8"	""		"31389.08"	"46672.22"	"5d5.(4G).6s"	"3G"	"5"	""	"*"	"6"		""	"L153"	
"654.489"	""	"2"	""		""	""	""	""	""	""	""	""		""	"L153"	
"654.518"	"654.510"	"1"	""		"28204.20"	"43478.58"	"5d5.(4F).6s"	"5F"	"2"	""	"*"	"3"		""	"L153"	
"654.996"	"654.992"	"2*"	""		"36673.70"	"51936.84"	""	"*"	"2"	""	""	"2"		""	"L153"	
"654.996"	"654.994"	"2*"	""		"29853.66"	"45116.77"	"5d5.(4F).6s"	"5F"	"4"	""	"*"	"4"		""	"L153"	
"655.284"	"655.282"	"15"	""		"17701.18"	"32957.58"	"5d4.6s2"	"3F2"	"3"	""	"*"	"3"		""	"L153"	
"655.383"	"655.381"	"8"	""		"18974.51"	"34228.60"	"5d5.(4G).6s"	"5G"	"3"	""	"*"	"3"		""	"L153"	
"655.425"	"655.424"	"20"	""		"28198.90"	"43451.98"	"5d4.6s.(6D).6p"	"5P*"	"1"	"5d4.6s.(6D).7s"	"7D"	"1"		""	"L153"	
"656.143"	"656.141"	"1"	""		"27213.82"	"42450.24"	"5d5.(2F1).6s"	"3F"	"4"	""	"*"	"4"		""	"L153"	
"656.226"	""	"1"	""		""	""	""	""	""	""	""	""		""	"L153"	
"656.289"	"656.288"	"8w"	""		"34121.68"	"49354.68"	""	"*"	"4"	"5d4.6s.(6D).7s"	"7D"	"5"		""	"L153"	
"656.320"	"656.318"	"25"	"2.04e+05"	D	"19253.56"	"34485.86"	"5d4.6s2"	"3P2"	"2"	""	"*"	"2"		"T4976"	"L153"	
"656.732"	"656.728"	"7"	""		"28291.88"	"43514.68"	"5d5.(2F1).6s"	"3F"	"3"	""	"*"	"2"		""	"L153"	
"656.779"	"656.769"	"15"	""		"24789.66"	"40011.50"	"5d4.6s2"	"1D2"	"2"	""	"*"	"2"		""	"L153"	
"656.977"	"656.974"	"5"	""		"35731.96"	"50949.07"	""	"*"	"2"	""	""	"1"		""	"L153"	
"657.181"	"657.181"	"3"	""		"34302.04"	"49514.34"	"5d5.(2G2).6s"	"3G"	"4"	""	"*"	"3"		""	"L153"	
"657.393"	"657.390"	"30"	"9.9e+05"	B	"20983.02"	"36190.49"	"5d5.(4P).6s"	"5P"	"2"	""	"*"	"1"		"T6977"	"L153"	
"657.708"	"657.702"	"1"	""		"22852.80"	"38053.05"	"5d4.6s2"	"1G2"	"4"	""	"*"	"3"		""	"L153"	
"657.827"	"657.826"	"4"	""		"22476.68"	"37674.08"	"5d5.(4D).6s"	"5D"	"4"	""	"*"	"3"		""	"L153"	
"657.977"	""	"1"	""		""	""	""	""	""	""	""	""		""	"L153"	
"658.291"	"658.289"	"12"	""		"28291.88"	"43478.58"	"5d5.(2F1).6s"	"3F"	"3"	""	"*"	"3"		""	"L153"	
"659.006"	"659.006"	"1"	""		"34485.86"	"49656.04"	""	"*"	"2"	"5d4.6s.(6D).7s"	"5D"	"3"		""	"L153"	
"659.413"	"659.410"	"3"	""		"29853.66"	"45014.54"	"5d5.(4F).6s"	"5F"	"4"	""	"*"	"3"		""	"L153"	
"659.998"	"659.996"	"2"	""		"32828.12"	"47975.54"	"5d4.6s.(6D).6p"	"5D*"	"4"	"5d4.6s.(6D).7s"	"7D"	"4"		""	"L153"	
"660.010"	"660.007"	"8"	""		"18974.51"	"34121.68"	"5d5.(4G).6s"	"5G"	"3"	""	"*"	"4"		""	"L153"	
"660.237"	"660.233"	"1"	""		"32826.63"	"47968.62"	""	""	"3"	""	"*"	"4"		""	"L153,L416"	
"660.395"	"660.389"	"1"	""		"37146.36"	"52284.76"	""	"*"	"4"	""	""	"3"		""	"L153"	
"660.546"	"660.546"	"2"	""		"31323.48"	"46458.30"	""	"*"	"1"	"5d4.6s.(6D).7s"	"5D"	"1"		""	"L153"	
"660.713"	"660.712"	"18*"	""		"17107.01"	"32238.02"	"5d4.6s2"	"3F2"	"4"	""	"*"	"3"		""	"L153"	
"660.713"	"660.713"	"18*"	""		"28347.60"	"43478.58"	"5d5.(4F).6s"	"5F"	"3"	""	"*"	"3"		""	"L153"	
"660.850"	"660.848"	"8"	""		"36874.36"	"52002.25"	""	"*"	"3"	""	""	"3"		""	"L153"	
"660.905"	"660.903"	"18"	"4.e+04"	E	"15460.01"	"30586.64"	"5d4.6s2"	"3D"	"3"	"5d4.6s.(6D).6p"	"5P*"	"3"		"T4976"	"L153"	
"661.162"	"661.161"	"20"	""		"32957.58"	"48078.32"	""	"*"	"3"	"5d4.6s.(6D).7s"	"5D"	"2"		""	"L153"	
"661.224"	"661.224"	"2"	""		"33952.85"	"49072.14"	"5d5.(4D).6s"	"3D"	"3"	""	"*"	"3"		""	"L153,L416"	
"661.320"	"661.312"	"4w*"	""		"31389.08"	"46506.37"	"5d5.(4G).6s"	"3G"	"5"	""	"*"	"5"		""	"L153"	
"661.320"	"661.325"	"4w*"	""		"26861.64"	"41978.62"	"5d5.(2F1).6s"	"3F"	"2"	""	"*"	"2"		""	"L153"	
"661.390"	"661.374"	"2"	""		"34302.04"	"49417.90"	"5d5.(2G2).6s"	"3G"	"4"	""	"*"	"3"		""	"L153"	
"661.619"	""	"2"	""		""	""	""	""	""	""	""	""		""	"L153"	
"662.064"	"662.061"	"10"	""		"23930.08"	"39030.25"	"5d5.(4D).6s"	"5D"	"3"	""	"*"	"2"		""	"L153"	
"662.151"	"662.153"	"15"	""		"36904.16"	"52002.25"	""	"*"	"2"	""	""	"3"		""	"L153"	
"662.174"	"662.174"	"20"	""		"19535.01"	"34632.60"	"5d5.(4G).6s"	"5G"	"5"	""	"*"	"4"		""	"L153"	
"662.242"	"662.238"	"8"	""		"24610.88"	"39707.02"	"5d4.6s2"	"1F"	"3"	""	"*"	"2"		""	"L153"	
"662.291"	"662.289"	"4"	""		"36190.49"	"51285.46"	""	"*"	"1"	""	""	"0"		""	"L153c23"	
"662.600"	""	"4"	""		""	""	""	""	""	""	""	""		""	"L153"	
"662.651"	"662.643"	"5"	""		"29853.66"	"44940.57"	"5d5.(4F).6s"	"5F"	"4"	""	"*"	"4"		""	"L153"	
"663.110"	"663.111"	"2w"	""		"28898.96"	"43975.22"	"5d4.6s2"	"3P1"	"2"	""	"*"	"2"		""	"L153"	
"663.454"	""	"2"	""		""	""	""	""	""	""	""	""		""	"L153"	
"663.504"	"663.500"	"6"	""		"29479.32"	"44546.76"	"5d4.6s2"	"3F1"	"4"	""	"*"	"5"		""	"L153"	
"663.602"	""	"6"	""		""	""	""	""	""	""	""	""		""	"L153"	
"663.649"	"663.645"	"4"	""		"32378.40"	"47442.53"	"5d5.(2D3).6s"	"3D"	"1"	""	"*"	"2"		""	"L153"	
"663.668"	"663.661"	"10*"	""		"40269.35"	"55333.12"	""	"*"	"3"	""	""	"4"		""	"L153"	
"663.668"	"663.664"	"10*"	""		"31432.91"	"46496.62"	"5d4.6s.(6D).6p"	"5F*"	"4"	"5d4.6s.(6D).7s"	"7D"	"3"		""	"L153"	
"663.897"	"663.891"	"4"	""		"18082.83"	"33141.38"	"5d4.6s2"	"3D"	"1"	""	"*"	"2"		""	"L153"	
"663.956"	""	"1"	""		""	""	""	""	""	""	""	""		""	"L153"	
"664.358"	"664.354"	"5"	""		"30374.20"	"45422.26"	"5d4.6s2"	"3F1"	"2"	""	"*"	"2"		""	"L153"	
"664.386"	"664.381"	"3"	""		"23982.80"	"39030.25"	"5d5.(4D).6s"	"5D"	"2"	""	"*"	"2"		""	"L153"	
"664.527"	""	"1"	""		""	""	""	""	""	""	""	""		""	"L153"	
"664.812"	"664.812"	"2"	""		"27213.82"	"42251.51"	"5d5.(2F1).6s"	"3F"	"4"	""	"*"	"3"		""	"L153"	
"665.191"	""	"1"	""		""	""	""	""	""	""	""	""		""	"L153"	
"665.237"	""	"1"	""		""	""	""	""	""	""	""	""		""	"L153"	
"665.298"	"665.293"	"1"	""		"31077.80"	"46104.62"	""	""	"2"	""	"*"	"1"		""	"L153,L416"	
"665.396"	"665.394"	"10"	""		"18116.84"	"33141.38"	"5d5.(4G).6s"	"5G"	"2"	""	"*"	"2"		""	"L153"	
"665.444"	"665.442"	"5*"	""		"28204.20"	"43227.66"	"5d5.(4F).6s"	"5F"	"2"	""	"*"	"2"		""	"L153"	
"665.444"	"665.443"	"5*"	""		"34632.60"	"49656.04"	""	"*"	"4"	"5d4.6s.(6D).7s"	"5D"	"3"		""	"L153"	
"665.654"	"665.648"	"12"	""		"28392.70"	"43411.50"	"5d5.(2I).6s"	"3I"	"6"	""	"*"	"7"		""	"L153"	
"665.684"	"665.686"	"1"	""		"32957.58"	"47975.54"	""	"*"	"3"	"5d4.6s.(6D).7s"	"7D"	"4"		""	"L153"	
"665.703"	"665.703"	"10w"	""		"28233.44"	"43251.00"	"5d5.(4F).6s"	"5F"	"5"	""	"*"	"4"		""	"L153"	
"665.766"	"665.764"	"4"	""		"27849.80"	"42866.00"	"5d5.(2I).6s"	"3I"	"5"	""	"*"	"5"		""	"L153"	
"665.904"	"665.900"	"4"	""		"28204.20"	"43217.33"	"5d5.(4F).6s"	"5F"	"2"	""	"*"	"1"		""	"L153"	
"665.936"	""	"1"	""		""	""	""	""	""	""	""	""		""	"L153"	
"666.318"	""	"1"	""		""	""	""	""	""	""	""	""		""	"L153"	
"666.361"	""	"1"	""		""	""	""	""	""	""	""	""		""	"L153"	
"666.416"	"666.412"	"15"	""		"16431.31"	"31432.91"	"5d4.6s2"	"3G"	"4"	"5d4.6s.(6D).6p"	"5F*"	"4"		""	"L153"	
"666.480"	"666.475"	"25"	""		"22773.78"	"37773.96"	"5d5.(4D).6s"	"5D"	"0"	""	"*"	"1"		""	"L153"	
"666.675"	""	"2w"	""		""	""	""	""	""	""	""	""		""	"L153"	
"666.922"	"666.917"	"2"	""		"31077.80"	"46068.02"	""	""	"2"	""	"*"	"3"		""	"L153,L416"	
"667.159"	"667.158"	"1"	""		"35299.82"	"50284.64"	""	""	"4"	""	"*"	"4"		""	"L153,L416"	
"667.412"	""	"1"	""		""	""	""	""	""	""	""	""		""	"L153"	
"667.597"	"667.594"	"15"	""		"19253.56"	"34228.60"	"5d4.6s2"	"3P2"	"2"	""	"*"	"3"		""	"L153"	
"667.717"	"667.713"	"15"	""		"19256.24"	"34228.60"	"5d5.(4G).6s"	"5G"	"4"	""	"*"	"3"		""	"L153"	
"667.842"	"667.838"	"80"	""		"18974.51"	"33944.06"	"5d5.(4G).6s"	"5G"	"3"	""	"*"	"2"		""	"L153"	
"667.928"	"667.921"	"2"	""		"29479.32"	"44447.02"	"5d4.6s2"	"3F1"	"4"	""	"*"	"3"		""	"L153"	
"667.979"	""	"1"	""		""	""	""	""	""	""	""	""		""	"L153"	
"668.260"	"668.258"	"12"	"4.3e+04"	D	"20983.02"	"35943.17"	"5d5.(4P).6s"	"5P"	"2"	""	"*"	"3"		"T4976"	"L153"	
"668.290"	"668.292"	"1"	""		"32378.40"	"47337.79"	"5d5.(2D3).6s"	"3D"	"1"	""	"*"	"2"		""	"L153"	
"669.308"	"669.308"	"30"	"3.6e+04"	D	"14976.18"	"29912.85"	"5d4.6s2"	"3D"	"2"	"5d4.6s.(6D).6p"	"5D*"	"3"		"T4976"	"L153"	
"669.632"	"669.633"	"3"	""		"29460.98"	"44390.42"	"5d5.(2I).6s"	"3I"	"7"	""	"*"	"6"		""	"L153"	
"670.181"	"670.175"	"4"	""		"24789.66"	"39707.02"	"5d4.6s2"	"1D2"	"2"	""	"*"	"2"		""	"L153"	
"670.568"	""	"4"	""		""	""	""	""	""	""	""	""		""	"L153"	
"670.817"	"670.820"	"2"	""		"27670.48"	"42573.49"	"5d5.(4F).6s"	"5F"	"1"	""	"*"	"1"		""	"L153"	
"670.860"	""	"2"	""		""	""	""	""	""	""	""	""		""	"L153"	
"670.924"	"670.919"	"4"	""		"23455.02"	"38355.84"	"5d5.(4D).6s"	"5D"	"1"	""	"*"	"1"		""	"L153"	
"671.057"	""	"3"	""		""	""	""	""	""	""	""	""		""	"L153"	
"671.328"	"671.325"	"15"	"2.3e+04"	E	"13307.10"	"28198.90"	"5d4.6s2"	"3P2"	"1"	"5d4.6s.(6D).6p"	"5P*"	"1"		"T4976"	"L153"	
"671.396"	""	"4"	""		""	""	""	""	""	""	""	""		""	"L153"	
"671.859"	"671.855"	"5"	""		"28347.60"	"43227.66"	"5d5.(4F).6s"	"5F"	"3"	""	"*"	"2"		""	"L153"	
"671.989"	"671.986"	"8"	""		"32378.40"	"47255.55"	"5d5.(2D3).6s"	"3D"	"1"	""	"*"	"1"		""	"L153"	
"672.518"	"672.516"	"15"	"3.2e+04"	E	"19256.24"	"34121.68"	"5d5.(4G).6s"	"5G"	"4"	""	"*"	"4"		"T4976"	"L153"	
"672.642"	"672.640"	"4"	""		"32826.63"	"47689.33"	""	""	"3"	""	"*"	"4"		""	"L153,L416"	
"672.915"	"672.911"	"4"	""		"40476.42"	"55333.12"	""	"*"	"5"	""	""	"4"		""	"L153"	
"673.304"	"673.304"	"14"	""		"36275.10"	"51123.14"	""	"*"	"5"	"5d4.6s.(6D).7s"	"5D"	"4"		""	"L153"	
"673.400"	"673.400"	"1"	""		"34302.04"	"49147.95"	"5d5.(2G2).6s"	"3G"	"4"	""	"*"	"4"		""	"L153"	
"674.008"	"674.010"	"12w"	""		"22476.68"	"37309.16"	"5d5.(4D).6s"	"5D"	"4"	""	"*"	"5"		""	"L153"	
"674.436"	""	"1"	""		""	""	""	""	""	""	""	""		""	"L153"	
"674.547"	""	"7"	""		""	""	""	""	""	""	""	""		""	"L153"	
"674.656"	"674.652"	"15"	""		"23930.08"	"38748.44"	"5d5.(4D).6s"	"5D"	"3"	""	"*"	"4"		""	"L153"	
"675.019"	""	"1"	""		""	""	""	""	""	""	""	""		""	"L153"	
"675.267"	"675.265"	"1"	""		"19827.68"	"34632.60"	"5d5.(4P).6s"	"5P"	"3"	""	"*"	"4"		""	"L153"	
"675.460"	"675.459"	"10"	""		"28233.44"	"43034.10"	"5d5.(4F).6s"	"5F"	"5"	""	"*"	"5"		""	"L153"	
"675.575"	""	"4"	""		""	""	""	""	""	""	""	""		""	"L153"	
"675.638"	""	"2"	""		""	""	""	""	""	""	""	""		""	"L153"	
"675.678"	"675.676"	"1"	""		"32135.94"	"46931.84"	"5d5.(4G).6s"	"3G"	"4"	""	"*"	"4"		""	"L153"	
"675.784"	"675.791"	"5w"	""		"35731.96"	"50525.35"	""	"*"	"2"	""	""	"2"		""	"L153"	
"676.445"	"676.444"	"15"	""		"27670.48"	"42449.60"	"5d5.(4F).6s"	"5F"	"1"	""	"*"	"2"		""	"L153"	
"676.604"	""	"1"	""		""	""	""	""	""	""	""	""		""	"L153"	
"676.778"	"676.777"	"8"	""		"34302.04"	"49073.88"	"5d5.(2G2).6s"	"3G"	"4"	""	"*"	"5"		""	"L153"	
"677.004"	"677.007"	"8"	""		"32826.63"	"47593.44"	""	""	"3"	""	"*"	"3"		""	"L153,L416"	
"677.833"	"677.828"	"10"	""		"20983.02"	"35731.96"	"5d5.(4P).6s"	"5P"	"2"	""	"*"	"2"		""	"L153"	
"678.278"	""	"2w"	""		""	""	""	""	""	""	""	""		""	"L153"	
"678.769"	""	"1"	""		""	""	""	""	""	""	""	""		""	"L153"	
"679.242"	"679.237"	"4"	""		"23484.78"	"38203.12"	"5d4.6s2"	"1I"	"6"	""	"*"	"6"		""	"L153"	
"679.298"	"679.293"	"10*"	""		"31389.08"	"46106.20"	"5d5.(4G).6s"	"3G"	"5"	""	"*"	"6"		""	"L153"	
"679.298"	"679.303"	"10*"	""		"37466.30"	"52183.20"	""	"*"	"2"	""	""	"2"		""	"L153"	
"679.364"	"679.358"	"3"	""		"36190.49"	"50906.20"	""	"*"	"1"	""	""	"1"		""	"L153"	
"679.556"	""	"2"	""		""	""	""	""	""	""	""	""		""	"L153"	
"679.634"	""	"6"	""		""	""	""	""	""	""	""	""		""	"L153"	
"679.930"	"679.927"	"12"	""		"15069.93"	"29773.34"	"5d4.6s2"	"3H"	"5"	"5d4.6s.(6D).6p"	"7D*"	"5"		""	"L153"	
"680.408"	"680.404"	"10"	""		"29853.66"	"44546.76"	"5d5.(4F).6s"	"5F"	"4"	""	"*"	"5"		""	"L153"	
"680.531"	"680.524"	"25"	""		"19253.56"	"33944.06"	"5d4.6s2"	"3P2"	"2"	""	"*"	"2"		""	"L153"	
"680.878"	"680.880"	"1"	""		"27849.80"	"42532.62"	"5d5.(2I).6s"	"3I"	"5"	""	"*"	"4"		""	"L153"	
"681.138"	"681.136"	"12"	""		"28233.44"	"42910.74"	"5d5.(4F).6s"	"5F"	"5"	""	"*"	"4"		""	"L153"	
"681.258"	""	"1"	""		""	""	""	""	""	""	""	""		""	"L153"	
"681.492"	"681.490"	"20"	"1.46e+05"	D	"22476.68"	"37146.36"	"5d5.(4D).6s"	"5D"	"4"	""	"*"	"4"		"T4976"	"L153"	
"681.624"	""	"12"	""		""	""	""	""	""	""	""	""		""	"L153"	
"681.770"	""	"1"	""		""	""	""	""	""	""	""	""		""	"L153"	
"681.989"	""	"4"	""		""	""	""	""	""	""	""	""		""	"L153"	
"682.027"	"682.025"	"20*"	""		"19827.68"	"34485.86"	"5d5.(4P).6s"	"5P"	"3"	""	"*"	"2"		""	"L153"	
"682.027"	"682.028"	"20*"	""		"27213.82"	"41871.94"	"5d5.(2F1).6s"	"3F"	"4"	""	"*"	"4"		""	"L153"	
"682.592"	"682.589"	"1"	""		"40011.50"	"54657.56"	""	"*"	"2"	""	""	"3"		""	"L153c23"	
"682.649"	"682.647"	"4"	""		"30374.20"	"45019.02"	"5d4.6s2"	"3F1"	"2"	""	"*"	"2"		""	"L153"	
"682.843"	"682.840"	"20"	""		"31817.63"	"46458.30"	""	"*"	"2"	"5d4.6s.(6D).7s"	"5D"	"1"		""	"L153"	
"682.975"	"682.975"	"1"	""		"26861.64"	"41499.43"	"5d5.(2F1).6s"	"3F"	"2"	""	"*"	"3"		""	"L153"	
"683.219"	"683.219"	"8"	""		"28233.44"	"42866.00"	"5d5.(4F).6s"	"5F"	"5"	""	"*"	"5"		""	"L153"	
"683.863"	"683.859"	"8"	""		"28291.88"	"42910.74"	"5d5.(2F1).6s"	"3F"	"3"	""	"*"	"4"		""	"L153"	
"684.008"	"684.006"	"8"	""		"28898.96"	"43514.68"	"5d4.6s2"	"3P1"	"2"	""	"*"	"2"		""	"L153"	
"684.488"	"684.485"	"10"	""		"33370.04"	"47975.54"	"5d4.6s.(6D).6p"	"5F*"	"5"	"5d4.6s.(6D).7s"	"7D"	"4"		""	"L153"	
"684.690"	"684.688"	"1*"	""		"37414.11"	"52015.28"	""	""	"3"	""	"*"	"3"		""	"L416"	
"684.690"	"684.695"	"1*"	""		"33569.53"	"48170.55"	""	""	"4"	""	"*"	"3"		""	"L153,L416"	
"684.725"	"684.722"	"12"	""		"27849.80"	"42450.24"	"5d5.(2I).6s"	"3I"	"5"	""	"*"	"4"		""	"L153"	
"685.125"	"685.126"	"2"	""		"27670.48"	"42262.30"	"5d5.(4F).6s"	"5F"	"1"	""	"*"	"1"		""	"L153"	
"685.284"	"685.280"	"2"	""		"32217.91"	"46806.45"	""	""	"3"	""	"*"	"2"		""	"L153,L416"	
"685.374"	"685.368"	"30"	"3.6e+04"	D	"19535.01"	"34121.68"	"5d5.(4G).6s"	"5G"	"5"	""	"*"	"4"		"T4976"	"L153"	
"685.700"	"685.700"	"1w"	""		"28898.96"	"43478.58"	"5d4.6s2"	"3P1"	"2"	""	"*"	"3"		""	"L153"	
"686.116"	""	"1"	""		""	""	""	""	""	""	""	""		""	"L153"	
"686.207"	"686.207"	"5"	""		"33569.53"	"48138.38"	""	""	"4"	""	"*"	"5"		""	"L153,L416"	
"686.481"	"686.476"	"15"	""		"28347.60"	"42910.74"	"5d5.(4F).6s"	"5F"	"3"	""	"*"	"4"		""	"L153"	
"686.665"	"686.669"	"2"	""		"33291.80"	"47850.84"	"5d5.(2I).6s"	"1I"	"6"	""	"*"	"5"		""	"L153"	
"687.113"	""	"1"	""		""	""	""	""	""	""	""	""		""	"L153"	
"687.484"	"687.489"	"10*"	""		"29479.32"	"44021.00"	"5d4.6s2"	"3F1"	"4"	""	"*"	"3"		""	"L153"	
"687.484"	"687.489"	"10*"	""		"30683.54"	"45225.22"	""	"*"	"1"	"5d4.6s.(6D).7s"	"5D"	"0"		""	"L153"	
"687.516"	"687.515"	"3"	""		"13348.56"	"27889.68"	"5d4.6s2"	"3G"	"3"	"5d5.(6S).6p"	"7P*"	"4"		""	"L153"	
"687.601"	"687.603"	"20"	""		"35116.78"	"49656.04"	""	"*"	"4"	"5d4.6s.(6D).7s"	"5D"	"3"		""	"L153"	
"687.673"	""	"2"	""		""	""	""	""	""	""	""	""		""	"L153"	
"687.723"	"687.718"	"1"	""		"17701.18"	"32238.02"	"5d4.6s2"	"3F2"	"3"	""	"*"	"3"		""	"L153"	
"687.759"	"687.760"	"15"	""		"37466.30"	"52002.25"	""	"*"	"2"	""	""	"3"		""	"L153"	
"688.215"	"688.212"	"5"	""		"19827.68"	"34354.08"	"5d5.(4P).6s"	"5P"	"3"	""	"*"	"3"		""	"L153"	
"688.703"	"688.699"	"5"	""		"20983.02"	"35499.15"	"5d5.(4P).6s"	"5P"	"2"	""	"*"	"3"		""	"L153"	
"688.781"	"688.775"	"10"	"2.e+03"	D	"12161.96"	"26676.48"	"5d4.6s2"	"3H"	"4"	"5d4.6s.(6D).6p"	"7F*"	"5"		"T4976"	"L153"	
"689.143"	"689.143"	"4"	""		"28720.88"	"43227.66"	"5d5.(4P).6s"	"3P"	"1"	""	"*"	"2"		""	"L153c23"	
"689.180"	"689.176"	"8"	""		"29479.32"	"43985.41"	"5d4.6s2"	"3F1"	"4"	""	"*"	"4"		""	"L153"	
"689.320"	""	"2"	""		""	""	""	""	""	""	""	""		""	"L153"	
"690.054"	"690.049"	"12"	""		"33201.61"	"47689.33"	"5d5.(2G2).6s"	"3G"	"5"	""	"*"	"4"		""	"L153,L416"	
"690.380"	""	"2w"	""		""	""	""	""	""	""	""	""		""	"L153"	
"690.420"	"690.416"	"3"	""		"31389.08"	"45869.10"	"5d5.(4G).6s"	"3G"	"5"	""	"*"	"4"		""	"L153"	
"690.488"	""	"3"	""		""	""	""	""	""	""	""	""		""	"L153"	
"690.673"	""	"3"	""		""	""	""	""	""	""	""	""		""	"L153"	
"690.746"	"690.737"	"5"	""		"28392.70"	"42866.00"	"5d5.(2I).6s"	"3I"	"6"	""	"*"	"5"		""	"L153"	
"690.829"	"690.828"	"20"	"3.37e+04"	C	"13307.10"	"27778.50"	"5d4.6s2"	"3P2"	"1"	"5d4.6s.(6D).6p"	"5D*"	"1"		"T4976"	"L153"	
"691.552"	"691.546"	"10"	""		"22852.80"	"37309.16"	"5d4.6s2"	"1G2"	"4"	""	"*"	"5"		""	"L153"	
"691.719"	"691.715"	"10"	"1.0e+04"	E	"15460.01"	"29912.85"	"5d4.6s2"	"3D"	"3"	"5d4.6s.(6D).6p"	"5D*"	"3"		"T4976"	"L153"	
"692.097"	"692.093"	"20"	""		"29479.32"	"43924.25"	"5d4.6s2"	"3F1"	"4"	""	"*"	"5"		""	"L153"	
"692.665"	""	"1w"	""		""	""	""	""	""	""	""	""		""	"L153"	
"692.902"	"692.903"	"1w"	""		"32378.40"	"46806.45"	"5d5.(2D3).6s"	"3D"	"1"	""	"*"	"2"		""	"L153"	
"693.423"	"693.424"	"30"	"1.5e+04"	D	"14976.18"	"29393.40"	"5d4.6s2"	"3D"	"2"	"5d4.6s.(6D).6p"	"5P*"	"2"		"T4976"	"L153"	
"694.210"	"694.209"	"3"	""		"19827.68"	"34228.60"	"5d5.(4P).6s"	"5P"	"3"	""	"*"	"3"		""	"L153"	
"694.256"	"694.250"	"3"	""		"31389.08"	"45789.14"	"5d5.(4G).6s"	"3G"	"5"	""	"*"	"5"		""	"L153"	
"694.308"	""	"3w"	""		""	""	""	""	""	""	""	""		""	"L153"	
"694.368"	"694.365"	"12"	""		"22476.68"	"36874.36"	"5d5.(4D).6s"	"5D"	"4"	""	"*"	"3"		""	"L153"	
"694.400"	"694.398"	"3"	""		"28204.20"	"42601.19"	"5d5.(4F).6s"	"5F"	"2"	""	"*"	"3"		""	"L153"	
"695.255"	""	"2"	""		""	""	""	""	""	""	""	""		""	"L153"	
"695.559"	"695.555"	"15"	""		"23982.80"	"38355.84"	"5d5.(4D).6s"	"5D"	"2"	""	"*"	"1"		""	"L153"	
"695.632"	"695.629"	"1"	""		"29479.32"	"43850.84"	"5d4.6s2"	"3F1"	"4"	""	"*"	"3"		""	"L153"	
"695.684"	"695.682"	"10"	""		"32135.94"	"46506.37"	"5d5.(4G).6s"	"3G"	"4"	""	"*"	"5"		""	"L153"	
"695.739"	"695.737"	"2"	""		"28204.20"	"42573.49"	"5d5.(4F).6s"	"5F"	"2"	""	"*"	"1"		""	"L153"	
"695.877"	""	"8"	""		""	""	""	""	""	""	""	""		""	"L153"	
"696.412"	"696.409"	"25"	"2.28e+04"	C	"13307.10"	"27662.52"	"5d4.6s2"	"3P2"	"1"	"5d4.6s.(6D).6p"	"5F*"	"2"		"T4976"	"L153"	
"696.496"	""	"4"	""		""	""	""	""	""	""	""	""		""	"L153"	
"696.943"	"696.940"	"6"	""		"35311.56"	"49656.04"	""	"*"	"2"	"5d4.6s.(6D).7s"	"5D"	"3"		""	"L153"	
"697.164"	"697.160"	"15"	""		"33201.61"	"47541.56"	"5d5.(2G2).6s"	"3G"	"5"	""	"*"	"6"		""	"L153,L416"	
"697.411"	"697.408"	"3"	""		"36190.49"	"50525.35"	""	"*"	"1"	""	""	"2"		""	"L153"	
"697.489"	"697.489"	"4"	""		"30586.64"	"44919.84"	"5d4.6s.(6D).6p"	"5P*"	"3"	"5d4.6s.(6D).7s"	"7D"	"2"		""	"L153"	
"697.729"	"697.715"	"5*"	""		"20983.02"	"35311.56"	"5d5.(4P).6s"	"5P"	"2"	""	"*"	"2"		""	"L153"	
"697.729"	"697.733"	"5*"	""		"37674.08"	"52002.25"	""	"*"	"3"	""	""	"3"		""	"L153c23"	
"697.784"	""	"2"	""		""	""	""	""	""	""	""	""		""	"L153"	
"697.847"	"697.844"	"3"	""		"17107.01"	"31432.91"	"5d4.6s2"	"3F2"	"4"	"5d4.6s.(6D).6p"	"5F*"	"4"		""	"L153"	
"698.188"	"698.183"	"6"	""		"23455.02"	"37773.96"	"5d5.(4D).6s"	"5D"	"1"	""	"*"	"1"		""	"L153"	
"698.427"	"698.426"	"40"	"4.4e+04"	D	"13348.56"	"27662.52"	"5d4.6s2"	"3G"	"3"	"5d4.6s.(6D).6p"	"5F*"	"2"		"T4976"	"L153"	
"698.580"	""	"1"	""		""	""	""	""	""	""	""	""		""	"L153"	
"698.927"	"698.926"	"15"	""		"18082.83"	"32386.56"	"5d4.6s2"	"3D"	"1"	""	"*"	"0"		""	"L153"	
"699.150"	"699.148"	"12"	""		"28233.44"	"42532.62"	"5d5.(4F).6s"	"5F"	"5"	""	"*"	"4"		""	"L153"	
"699.184"	""	"1"	""		""	""	""	""	""	""	""	""		""	"L153"	
"699.296"	"699.294"	"10"	""		"31077.80"	"45374.00"	""	""	"2"	""	"*"	"1"		""	"L153,L416"	
"699.327"	"699.321"	"30"	"5.8e+04"	D	"19826.04"	"34121.68"	"5d4.6s2"	"3G"	"5"	""	"*"	"4"		"T4976"	"L153"	
"699.365"	"699.364"	"4"	""		"27670.48"	"41965.24"	"5d5.(4F).6s"	"5F"	"1"	""	"*"	"0"		""	"L153"	
"699.406"	"699.401"	"15"	"5.2e+04"	D	"19827.68"	"34121.68"	"5d5.(4P).6s"	"5P"	"3"	""	"*"	"4"		"T4976"	"L153"	
"700.156"	""	"2"	""		""	""	""	""	""	""	""	""		""	"L153"	
"700.270"	"700.268"	"10"	""		"23930.08"	"38206.38"	"5d5.(4D).6s"	"5D"	"3"	""	"*"	"3"		""	"L153"	
"700.968"	"700.968"	"8"	""		"29479.32"	"43741.37"	"5d4.6s2"	"3F1"	"4"	""	"*"	"5"		""	"L153"	
"701.140"	"701.138"	"6"	""		"32238.02"	"46496.62"	""	"*"	"3"	"5d4.6s.(6D).7s"	"7D"	"3"		""	"L153"	
"701.338"	""	"1"	""		""	""	""	""	""	""	""	""		""	"L153"	
"701.452"	""	"3w"	""		""	""	""	""	""	""	""	""		""	"L153"	
"701.576"	"701.573"	"8"	""		"33291.80"	"47541.56"	"5d5.(2I).6s"	"1I"	"6"	""	"*"	"6"		""	"L153"	
"701.622"	"701.621"	"8"	""		"36874.36"	"51123.14"	""	"*"	"3"	"5d4.6s.(6D).7s"	"5D"	"4"		""	"L153"	
"701.788"	"701.787"	"20"	""		"28204.20"	"42449.60"	"5d5.(4F).6s"	"5F"	"2"	""	"*"	"2"		""	"L153"	
"702.026"	"702.024"	"8"	""		"24789.66"	"39030.25"	"5d4.6s2"	"1D2"	"2"	""	"*"	"2"		""	"L153"	
"702.789"	""	"5"	""		""	""	""	""	""	""	""	""		""	"L153"	
"702.868"	"702.864"	"12"	""		"23982.80"	"38206.38"	"5d5.(4D).6s"	"5D"	"2"	""	"*"	"3"		""	"L153"	
"703.050"	"703.058"	"10"	""		"14976.18"	"29195.84"	"5d4.6s2"	"3D"	"2"	"5d4.6s.(6D).6p"	"5D*"	"2"		""	"L153"	
"703.156"	"703.155"	"2"	""		"33952.85"	"48170.55"	"5d5.(4D).6s"	"3D"	"3"	""	"*"	"3"		""	"L153,L416"	
"703.199"	"703.199"	"3"	""		"28233.44"	"42450.24"	"5d5.(4F).6s"	"5F"	"5"	""	"*"	"4"		""	"L153"	
"703.238"	""	"4"	""		""	""	""	""	""	""	""	""		""	"L153"	
"703.314"	"703.312"	"2"	""		"35299.82"	"49514.34"	""	""	"4"	""	"*"	"3"		""	"L153,L416"	
"703.332"	""	"3"	""		""	""	""	""	""	""	""	""		""	"L153"	
"703.480"	""	"3"	""		""	""	""	""	""	""	""	""		""	"L153"	
"704.394"	"704.395"	"4w"	""		"37414.11"	"51606.78"	""	""	"3"	""	"*"	"2"		""	"L153,L416"	
"705.616"	"705.609"	"12"	""		"20174.20"	"34342.44"	"5d4.6s2"	"1S2"	"0"	""	"*"	"1"		""	"L153"	
"705.659"	"705.654"	"3"	""		"29853.66"	"44021.00"	"5d5.(4F).6s"	"5F"	"4"	""	"*"	"3"		""	"L153"	
"705.873"	"705.873"	"10*"	""		"14976.18"	"29139.12"	"5d4.6s2"	"3D"	"2"	"5d4.6s.(6D).6p"	"5F*"	"3"		""	"L153"	
"705.873"	"705.876"	"10*"	""		"37773.96"	"51936.84"	""	"*"	"1"	""	""	"2"		""	"L153"	
"706.086"	"706.091"	"5"	""		"33201.61"	"47360.19"	"5d5.(2G2).6s"	"3G"	"5"	""	"*"	"4"		""	"L153,L416"	
"706.104"	"706.102"	"10"	""		"28291.88"	"42450.24"	"5d5.(2F1).6s"	"3F"	"3"	""	"*"	"4"		""	"L153"	
"706.136"	"706.134"	"12"	""		"28291.88"	"42449.60"	"5d5.(2F1).6s"	"3F"	"3"	""	"*"	"2"		""	"L153"	
"706.176"	"706.175"	"2"	""		"35499.15"	"49656.04"	""	"*"	"3"	"5d4.6s.(6D).7s"	"5D"	"3"		""	"L153"	
"706.688"	""	"2w"	""		""	""	""	""	""	""	""	""		""	"L153"	
"706.749"	""	"2w"	""		""	""	""	""	""	""	""	""		""	"L153"	
"707.044"	"707.041"	"5"	""		"13348.56"	"27488.11"	"5d4.6s2"	"3G"	"3"	"5d5.(6S).6p"	"7P*"	"3"		""	"L153"	
"707.070"	""	"2"	""		""	""	""	""	""	""	""	""		""	"L153"	
"707.145"	"707.141"	"3"	""		"24610.88"	"38748.44"	"5d4.6s2"	"1F"	"3"	""	"*"	"4"		""	"L153"	
"707.181"	""	"2w"	""		""	""	""	""	""	""	""	""		""	"L153"	
"707.378"	""	"1"	""		""	""	""	""	""	""	""	""		""	"L153"	
"707.430"	"707.431"	"4"	""		"29853.66"	"43985.41"	"5d5.(4F).6s"	"5F"	"4"	""	"*"	"4"		""	"L153"	
"707.501"	"707.511"	"2w"	""		"38053.05"	"52183.20"	""	"*"	"3"	""	""	"2"		""	"L153"	
"707.585"	""	"1"	""		""	""	""	""	""	""	""	""		""	"L153"	
"707.675"	""	"2"	""		""	""	""	""	""	""	""	""		""	"L153"	
"707.874"	"707.871"	"2"	""		"23930.08"	"38053.05"	"5d5.(4D).6s"	"5D"	"3"	""	"*"	"3"		""	"L153"	
"707.961"	"707.961"	"1"	""		"18116.84"	"32238.02"	"5d5.(4G).6s"	"5G"	"2"	""	"*"	"3"		""	"L153"	
"708.121"	"708.116"	"1"	""		"35299.82"	"49417.90"	""	""	"4"	""	"*"	"3"		""	"L153,L416"	
"708.203"	"708.198"	"8w*"	""		"17701.18"	"31817.63"	"5d4.6s2"	"3F2"	"3"	""	"*"	"2"		""	"L153"	
"708.203"	"708.202"	"8w*"	""		"19827.68"	"33944.06"	"5d5.(4P).6s"	"5P"	"3"	""	"*"	"2"		""	"L153"	
"708.332"	"708.331"	"6"	""		"19256.24"	"33370.04"	"5d5.(4G).6s"	"5G"	"4"	"5d4.6s.(6D).6p"	"5F*"	"5"		""	"L153"	
"708.381"	""	"1"	""		""	""	""	""	""	""	""	""		""	"L153"	
"708.899"	"708.892"	"1"	""		"28347.60"	"42450.24"	"5d5.(4F).6s"	"5F"	"3"	""	"*"	"4"		""	"L153"	
"708.929"	"708.924"	"10"	""		"28347.60"	"42449.60"	"5d5.(4F).6s"	"5F"	"3"	""	"*"	"2"		""	"L153"	
"709.196"	""	"1"	""		""	""	""	""	""	""	""	""		""	"L153"	
"709.221"	""	"1"	""		""	""	""	""	""	""	""	""		""	"L153"	
"709.822"	"709.821"	"15"	""		"29430.50"	"43514.68"	""	""	"3"	""	"*"	"2"		""	"L416"	
"710.052"	""	"2"	""		""	""	""	""	""	""	""	""		""	"L153"	
"710.448"	"710.448"	"1"	""		"32386.56"	"46458.30"	""	"*"	"0"	"5d4.6s.(6D).7s"	"5D"	"1"		""	"L153"	
"710.486"	"710.484"	"3"	""		"23930.08"	"38001.12"	"5d5.(4D).6s"	"5D"	"3"	""	"*"	"4"		""	"L153"	
"710.526"	"710.524"	"4"	""		"23982.80"	"38053.05"	"5d5.(4D).6s"	"5D"	"2"	""	"*"	"3"		""	"L153"	
"710.857"	"710.857"	"8"	""		"27670.48"	"41734.13"	"5d5.(4F).6s"	"5F"	"1"	""	"*"	"2"		""	"L153"	
"710.916"	"710.912"	"1"	""		"31389.08"	"45451.65"	"5d5.(4G).6s"	"3G"	"5"	""	"*"	"5"		""	"L153"	
"710.934"	"710.931"	"6"	""		"26861.64"	"40923.83"	"5d5.(2F1).6s"	"3F"	"2"	""	"*"	"3"		""	"L153"	
"711.118"	"711.113"	"10"	""		"29393.40"	"43451.98"	"5d4.6s.(6D).6p"	"5P*"	"2"	"5d4.6s.(6D).7s"	"7D"	"1"		""	"L153"	
"711.685"	"711.684"	"6"	""		"28204.20"	"42251.51"	"5d5.(4F).6s"	"5F"	"2"	""	"*"	"3"		""	"L153"	
"711.819"	""	"2w"	""		""	""	""	""	""	""	""	""		""	"L153"	
"712.705"	"712.702"	"10"	""		"12161.96"	"26189.20"	"5d4.6s2"	"3H"	"4"	"5d4.6s.(6D).6p"	"7D*"	"3"		""	"L153"	
"712.871"	"712.871"	"2"	""		"33569.53"	"47593.44"	""	""	"4"	""	"*"	"3"		""	"L153,L416"	
"712.964"	"712.961"	"5"	""		"27849.80"	"41871.94"	"5d5.(2I).6s"	"3I"	"5"	""	"*"	"4"		""	"L153"	
"713.289"	"713.285"	"1"	""		"33952.85"	"47968.62"	"5d5.(4D).6s"	"3D"	"3"	""	"*"	"4"		""	"L153,L416"	
"713.323"	""	"3"	""		""	""	""	""	""	""	""	""		""	"L153"	
"713.434"	""	"1"	""		""	""	""	""	""	""	""	""		""	"L153"	
"713.750"	"713.744"	"8"	""		"26861.64"	"40868.40"	"5d5.(2F1).6s"	"3F"	"2"	""	"*"	"2"		""	"L153"	
"713.804"	"713.802"	"3"	""		"28233.44"	"42239.06"	"5d5.(4F).6s"	"5F"	"5"	""	"*"	"6"		""	"L153"	
"714.052"	"714.049"	"40"	"1.0e+05"	C	"13777.71"	"27778.50"	"5d4.6s2"	"3F2"	"2"	"5d4.6s.(6D).6p"	"5D*"	"1"		"T4976"	"L153"	
"714.240"	"714.233"	"2w"	""		"29853.66"	"43850.84"	"5d5.(4F).6s"	"5F"	"4"	""	"*"	"3"		""	"L153"	
"714.700"	""	"3w"	""		""	""	""	""	""	""	""	""		""	"L153"	
"714.892"	"714.890"	"10"	""		"27213.82"	"41198.14"	"5d5.(2F1).6s"	"3F"	"4"	""	"*"	"4"		""	"L153"	
"714.955"	"714.953"	"8"	""		"18974.51"	"32957.58"	"5d5.(4G).6s"	"5G"	"3"	""	"*"	"3"		""	"L153"	
"715.090"	""	"1w"	""		""	""	""	""	""	""	""	""		""	"L153"	
"715.120"	"715.120"	"1"	""		"32826.63"	"46806.45"	""	""	"3"	""	"*"	"2"		""	"L153,L416"	
"715.146"	"715.148"	"1"	""		"30374.20"	"44353.46"	"5d4.6s2"	"3F1"	"2"	""	"*"	"1"		""	"L153"	
"715.280"	"715.273"	"1*"	""		"38206.38"	"52183.20"	""	"*"	"3"	""	""	"2"		""	"L153"	
"715.280"	"715.275"	"1*"	""		"37146.36"	"51123.14"	""	"*"	"4"	"5d4.6s.(6D).7s"	"5D"	"4"		""	"L153"	
"715.530"	""	"1"	""		""	""	""	""	""	""	""	""		""	"L153"	
"715.584"	""	"1"	""		""	""	""	""	""	""	""	""		""	"L153"	
"715.636"	""	"1"	""		""	""	""	""	""	""	""	""		""	"L153"	
"716.159"	"716.154"	"5"	""		"28291.88"	"42251.51"	"5d5.(2F1).6s"	"3F"	"3"	""	"*"	"3"		""	"L153"	
"716.264"	"716.261"	"50"	""		"18280.48"	"32238.02"	"5d5.(6S).6s"	"5S"	"2"	""	"*"	"3"		""	"L153"	
"716.353"	""	"3"	""		""	""	""	""	""	""	""	""		""	"L153"	
"716.690"	"716.682"	"10*"	""		"32378.40"	"46327.75"	"5d5.(2D3).6s"	"3D"	"1"	""	"*"	"2"		""	"L153"	
"716.690"	"716.689"	"10*"	""		"38053.05"	"52002.25"	""	"*"	"3"	""	""	"3"		""	"L153c23"	
"717.338"	"717.330"	"5w"	""		"31077.80"	"45014.54"	""	""	"2"	""	"*"	"3"		""	"L153,L416"	
"717.649"	""	"4"	""		""	""	""	""	""	""	""	""		""	"L153"	
"717.985"	"717.982"	"10"	""		"35731.96"	"49656.04"	""	"*"	"2"	"5d4.6s.(6D).7s"	"5D"	"3"		""	"L153"	
"718.383"	""	"4"	""		""	""	""	""	""	""	""	""		""	"L153"	
"718.429"	""	"5"	""		""	""	""	""	""	""	""	""		""	"L153"	
"718.477"	"718.472"	"12"	""		"20427.84"	"34342.44"	"5d5.(4P).6s"	"5P"	"1"	""	"*"	"1"		""	"L153"	
"718.570"	"718.569"	"2w"	""		"27670.48"	"41583.20"	"5d5.(4F).6s"	"5F"	"1"	""	"*"	"2"		""	"L153"	
"718.756"	"718.754"	"6"	""		"26861.64"	"40770.78"	"5d5.(2F1).6s"	"3F"	"2"	""	"*"	"1"		""	"L153"	
"719.133"	"719.136"	"20"	""		"31323.48"	"45225.22"	""	"*"	"1"	"5d4.6s.(6D).7s"	"5D"	"0"		""	"L153"	
"719.568"	""	"4"	""		""	""	""	""	""	""	""	""		""	"L153"	
"719.862"	"719.857"	"20*"	""		"19253.56"	"33141.38"	"5d4.6s2"	"3P2"	"2"	""	"*"	"2"		""	"L153"	
"719.862"	"719.863"	"20*"	""		"29853.66"	"43741.37"	"5d5.(4F).6s"	"5F"	"4"	""	"*"	"5"		""	"L153"	
"720.016"	"720.013"	"40"	"4.2e+04"	C	"13777.71"	"27662.52"	"5d4.6s2"	"3F2"	"2"	"5d4.6s.(6D).6p"	"5F*"	"2"		"T4976"	"L153"	
"720.294"	""	"1"	""		""	""	""	""	""	""	""	""		""	"L153"	
"720.436"	""	"1"	""		""	""	""	""	""	""	""	""		""	"L153"	
"720.602"	"720.602"	"4"	""		"31389.08"	"45262.55"	"5d5.(4G).6s"	"3G"	"5"	""	"*"	"4"		""	"L153"	
"721.635"	"721.635"	"20"	""		"18974.51"	"32828.12"	"5d5.(4G).6s"	"5G"	"3"	"5d4.6s.(6D).6p"	"5D*"	"4"		""	"L153"	
"721.822"	"721.817"	"6w"	""		"32217.91"	"46068.02"	""	""	"3"	""	"*"	"3"		""	"L153,L416"	
"721.918"	"721.920"	"2"	""		"35299.82"	"49147.95"	""	""	"4"	""	"*"	"4"		""	"L153,L416"	
"722.018"	"722.012"	"8"	""		"28392.70"	"42239.06"	"5d5.(2I).6s"	"3I"	"6"	""	"*"	"6"		""	"L153"	
"722.606"	"722.604"	"20"	"2.8e+04"	D	"19535.01"	"33370.04"	"5d5.(4G).6s"	"5G"	"5"	"5d4.6s.(6D).6p"	"5F*"	"5"		"T4976"	"L153"	
"723.038"	""	"1"	""		""	""	""	""	""	""	""	""		""	"L153"	
"723.166"	"723.160"	"6"	""		"23484.78"	"37309.16"	"5d4.6s2"	"1I"	"6"	""	"*"	"5"		""	"L153"	
"723.712"	"723.705"	"30"	""		"37309.16"	"51123.14"	""	"*"	"5"	"5d4.6s.(6D).7s"	"5D"	"4"		""	"L153"	
"724.057"	""	"1"	""		""	""	""	""	""	""	""	""		""	"L153"	
"724.220"	"724.217"	"4"	""		"26861.64"	"40665.85"	"5d5.(2F1).6s"	"3F"	"2"	""	"*"	"3"		""	"L153"	
"724.521"	"724.521"	"12"	""		"22476.68"	"36275.10"	"5d5.(4D).6s"	"5D"	"4"	""	"*"	"5"		""	"L153"	
"724.588"	"724.587"	"1"	""		"29430.50"	"43227.66"	""	""	"3"	""	"*"	"2"		""	"L153,L416"	
"724.904"	"724.902"	"1"	""		"23982.80"	"37773.96"	"5d5.(4D).6s"	"5D"	"2"	""	"*"	"1"		""	"L153"	
"725.640"	""	"2"	""		""	""	""	""	""	""	""	""		""	"L153"	
"725.930"	"725.928"	"4"	""		"29479.32"	"43251.00"	"5d4.6s2"	"3F1"	"4"	""	"*"	"4"		""	"L153"	
"726.791"	""	"5w"	""		""	""	""	""	""	""	""	""		""	"L153"	
"726.997"	""	"4w"	""		""	""	""	""	""	""	""	""		""	"L153"	
"727.394"	"727.390"	"8"	""		"23930.08"	"37674.08"	"5d5.(4D).6s"	"5D"	"3"	""	"*"	"3"		""	"L153"	
"727.447"	"727.451"	"30"	""		"38259.40"	"52002.25"	""	"*"	"4"	""	""	"3"		""	"L153"	
"727.824"	"727.820"	"100*"	""		"34342.44"	"48078.32"	""	"*"	"1"	"5d4.6s.(6D).7s"	"5D"	"2"		""	"L153"	
"727.824"	"727.822"	"100*"	""		"15460.01"	"29195.84"	"5d4.6s2"	"3D"	"3"	"5d4.6s.(6D).6p"	"5D*"	"2"		""	"L153"	
"727.968"	"727.964"	"1"	""		"32135.94"	"45869.10"	"5d5.(4G).6s"	"3G"	"4"	""	"*"	"4"		""	"L153"	
"728.044"	"728.040"	"10"	"1.30e+04"	D	"17701.18"	"31432.91"	"5d4.6s2"	"3F2"	"3"	"5d4.6s.(6D).6p"	"5F*"	"4"		"T4976"	"L153"	
"728.270"	"728.274"	"10w"	""		"15069.93"	"28797.24"	"5d4.6s2"	"3H"	"5"	"5d4.6s.(6D).6p"	"7D*"	"4"		""	"L153"	
"728.298"	""	"10w"	""		""	""	""	""	""	""	""	""		""	"L153"	
"728.581"	"728.583"	"60"	"1.47e+05"	C	"19648.54"	"33370.04"	"5d5.(4G).6s"	"5G"	"6"	"5d4.6s.(6D).6p"	"5F*"	"5"		"T4976"	"L153"	
"728.848"	""	"1"	""		""	""	""	""	""	""	""	""		""	"L153"	
"729.174"	"729.172"	"8w"	""		"13777.71"	"27488.11"	"5d4.6s2"	"3F2"	"2"	"5d5.(6S).6p"	"7P*"	"3"		""	"L153"	
"729.197"	"729.193"	"6w"	""		"27213.82"	"40923.83"	"5d5.(2F1).6s"	"3F"	"4"	""	"*"	"3"		""	"L153"	
"729.516"	"729.512"	"8"	""		"19253.56"	"32957.58"	"5d4.6s2"	"3P2"	"2"	""	"*"	"3"		""	"L153"	
"729.611"	"729.607"	"5"	""		"28898.96"	"42601.19"	"5d4.6s2"	"3P1"	"2"	""	"*"	"3"		""	"L153"	
"729.655"	"729.655"	"80"	""		"19256.24"	"32957.58"	"5d5.(4G).6s"	"5G"	"4"	""	"*"	"3"		""	"L153"	
"729.687"	"729.684"	"15"	""		"18116.84"	"31817.63"	"5d5.(4G).6s"	"5G"	"2"	""	"*"	"2"		""	"L153"	
"729.825"	"729.824"	"18"	""		"27213.82"	"40911.98"	"5d5.(2F1).6s"	"3F"	"4"	""	"*"	"5"		""	"L153"	
"730.189"	"730.191"	"1"	""		"23982.80"	"37674.08"	"5d5.(4D).6s"	"5D"	"2"	""	"*"	"3"		""	"L153"	
"730.843"	"730.840"	"3"	""		"15460.01"	"29139.12"	"5d4.6s2"	"3D"	"3"	"5d4.6s.(6D).6p"	"5F*"	"3"		""	"L153"	
"730.914"	""	"1"	""		""	""	""	""	""	""	""	""		""	"L153"	
"731.027"	"731.029"	"3"	""		"44919.84"	"58595.42"	"5d4.6s.(6D).7s"	"7D"	"2"	""	"*"	"2"		""	"L153c23"	
"731.091"	"731.085"	"3"	""		"28898.96"	"42573.49"	"5d4.6s2"	"3P1"	"2"	""	"*"	"1"		""	"L153"	
"731.300"	""	"4"	""		""	""	""	""	""	""	""	""		""	"L153"	
"731.895"	"731.894"	"1"	""		"31077.80"	"44737.21"	""	""	"2"	""	"*"	"1"		""	"L153,L416"	
"732.229"	"732.227"	"3"	""		"32135.94"	"45789.14"	"5d5.(4G).6s"	"3G"	"4"	""	"*"	"5"		""	"L153"	
"732.479"	"732.478"	"2"	""		"24610.88"	"38259.40"	"5d4.6s2"	"1F"	"3"	""	"*"	"4"		""	"L153"	
"732.568"	"732.571"	"1"	""		"30374.20"	"44021.00"	"5d4.6s2"	"3F1"	"2"	""	"*"	"3"		""	"L153"	
"733.493"	"733.485"	"1"	""		"38748.44"	"52378.22"	""	"*"	"4"	""	""	"4"		""	"L153c23"	
"733.749"	"733.747"	"3"	""		"29853.66"	"43478.58"	"5d5.(4F).6s"	"5F"	"4"	""	"*"	"3"		""	"L153"	
"734.042"	""	"2"	""		""	""	""	""	""	""	""	""		""	"L153"	
"734.449"	""	"2w"	""		""	""	""	""	""	""	""	""		""	"L153"	
"734.791"	"734.788"	"12"	""		"22476.68"	"36082.30"	"5d5.(4D).6s"	"5D"	"4"	""	"*"	"4"		""	"L153"	
"735.135"	""	"3"	""		""	""	""	""	""	""	""	""		""	"L153"	
"735.500"	"735.499"	"8"	""		"34485.86"	"48078.32"	""	"*"	"2"	"5d4.6s.(6D).7s"	"5D"	"2"		""	"L153"	
"736.169"	"736.171"	"6"	""		"28291.88"	"41871.94"	"5d5.(2F1).6s"	"3F"	"3"	""	"*"	"4"		""	"L153"	
"736.373"	""	"1"	""		""	""	""	""	""	""	""	""		""	"L153"	
"736.516"	"736.514"	"8"	""		"36082.30"	"49656.04"	""	"*"	"4"	"5d4.6s.(6D).7s"	"5D"	"3"		""	"L153"	
"736.632"	""	"2w"	""		""	""	""	""	""	""	""	""		""	"L153"	
"736.848"	"736.841"	"10*"	""		"27849.80"	"41417.52"	"5d5.(2I).6s"	"3I"	"5"	""	"*"	"6"		""	"L153"	
"736.848"	"736.843"	"10*"	""		"44919.84"	"58487.52"	"5d4.6s.(6D).7s"	"7D"	"2"	""	"*"	"3"		""	"L153c23"	
"737.290"	""	"1"	""		""	""	""	""	""	""	""	""		""	"L153"	
"737.725"	"737.723"	"2"	""		"31389.08"	"44940.57"	"5d5.(4G).6s"	"3G"	"5"	""	"*"	"4"		""	"L153"	
"738.131"	"738.131"	"15"	"1.66e+04"	D	"19826.04"	"33370.04"	"5d4.6s2"	"3G"	"5"	"5d4.6s.(6D).6p"	"5F*"	"5"		"T4976"	"L153"	
"738.412"	"738.401"	"8w"	""		"32957.58"	"46496.62"	""	"*"	"3"	"5d4.6s.(6D).7s"	"7D"	"3"		""	"L153"	
"738.508"	"738.504"	"60"	""		"18280.48"	"31817.63"	"5d5.(6S).6s"	"5S"	"2"	""	"*"	"2"		""	"L153"	
"738.562"	"738.555"	"4"	""		"23930.08"	"37466.30"	"5d5.(4D).6s"	"5D"	"3"	""	"*"	"2"		""	"L153"	
"738.635"	"738.632"	"1"	""		"31389.08"	"44923.90"	"5d5.(4G).6s"	"3G"	"5"	""	"*"	"6"		""	"L153"	
"738.656"	""	"2"	""		""	""	""	""	""	""	""	""		""	"L153"	
"738.902"	"738.899"	"6"	""		"28204.20"	"41734.13"	"5d5.(4F).6s"	"5F"	"2"	""	"*"	"2"		""	"L153"	
"739.012"	""	"1"	""		""	""	""	""	""	""	""	""		""	"L153"	
"739.205"	"739.204"	"3"	""		"28347.60"	"41871.94"	"5d5.(4F).6s"	"5F"	"3"	""	"*"	"4"		""	"L153"	
"741.082"	"741.078"	"2"	""		"28204.20"	"41694.34"	"5d5.(4F).6s"	"5F"	"2"	""	"*"	"3"		""	"L153"	
"741.629"	"741.622"	"1*"	""		"29430.50"	"42910.74"	""	""	"3"	""	"*"	"4"		""	"L153,L416"	
"741.629"	"741.635"	"1*"	""		"37414.11"	"50894.12"	""	""	"3"	""	"*"	"3"		""	"L416"	
"741.664"	"741.656"	"1"	""		"17107.01"	"30586.64"	"5d4.6s2"	"3F2"	"4"	"5d4.6s.(6D).6p"	"5P*"	"3"		""	"L153"	
"742.910"	"742.909"	"5"	""		"27670.48"	"41127.38"	"5d5.(4F).6s"	"5F"	"1"	""	"*"	"0"		""	"L153"	
"743.178"	"743.178"	"2"	""		"27213.82"	"40665.85"	"5d5.(2F1).6s"	"3F"	"4"	""	"*"	"3"		""	"L153"	
"743.340"	"743.337"	"3*"	""		"23455.02"	"36904.16"	"5d5.(4D).6s"	"5D"	"1"	""	"*"	"2"		""	"L153"	
"743.340"	"743.342"	"3*"	""		"37674.08"	"51123.14"	""	"*"	"3"	"5d4.6s.(6D).7s"	"5D"	"4"		""	"L153"	
"743.719"	"743.718"	"8*"	""		"28291.88"	"41734.13"	"5d5.(2F1).6s"	"3F"	"3"	""	"*"	"2"		""	"L153"	
"743.719"	"743.723"	"8*"	""		"24610.88"	"38053.05"	"5d4.6s2"	"1F"	"3"	""	"*"	"3"		""	"L153"	
"743.945"	""	"8"	""		""	""	""	""	""	""	""	""		""	"L153"	
"744.821"	"744.824"	"6w"	""		"22852.80"	"36275.10"	"5d4.6s2"	"1G2"	"4"	""	"*"	"5"		""	"L153"	
"745.139"	"745.133"	"15*"	""		"24789.66"	"38206.38"	"5d4.6s2"	"1D2"	"2"	""	"*"	"3"		""	"L153"	
"745.139"	"745.134"	"15*"	""		"22773.78"	"36190.49"	"5d5.(4D).6s"	"5D"	"0"	""	"*"	"1"		""	"L153"	
"745.208"	"745.208"	"2w"	""		"32135.94"	"45551.32"	"5d5.(4G).6s"	"3G"	"4"	""	"*"	"3"		""	"L153"	
"745.637"	"745.634"	"10"	""		"26861.64"	"40269.35"	"5d5.(2F1).6s"	"3F"	"2"	""	"*"	"3"		""	"L153"	
"745.927"	"745.926"	"12"	""		"28291.88"	"41694.34"	"5d5.(2F1).6s"	"3F"	"3"	""	"*"	"3"		""	"L153"	
"746.219"	"746.211"	"4"	""		"29853.66"	"43251.00"	"5d5.(4F).6s"	"5F"	"4"	""	"*"	"4"		""	"L153"	
"746.611"	"746.607"	"5"	""		"24610.88"	"38001.12"	"5d4.6s2"	"1F"	"3"	""	"*"	"4"		""	"L153"	
"746.774"	"746.772"	"2"	""		"34302.04"	"47689.33"	"5d5.(2G2).6s"	"3G"	"4"	""	"*"	"4"		""	"L153"	
"746.822"	"746.814"	"8*"	""		"28347.60"	"41734.13"	"5d5.(4F).6s"	"5F"	"3"	""	"*"	"2"		""	"L153"	
"746.822"	"746.825"	"8*"	""		"37414.11"	"50800.44"	""	""	"3"	""	"*"	"3"		""	"L153c23"	
"747.041"	"747.044"	"7"	""		"32378.40"	"45760.80"	"5d5.(2D3).6s"	"3D"	"1"	""	"*"	"1"		""	"L153"	
"747.156"	"747.155"	"15"	""		"33291.80"	"46672.22"	"5d5.(2I).6s"	"1I"	"6"	""	"*"	"6"		""	"L153"	
"747.390"	"747.387"	"1"	""		"35299.82"	"48676.08"	""	""	"4"	""	"*"	"4"		""	"L153,L416"	
"748.335"	"748.329"	"30"	"3.1e+05"	B	"20983.02"	"34342.44"	"5d5.(4P).6s"	"5P"	"2"	""	"*"	"1"		"T6977"	"L153"	
"748.950"	"748.951"	"4"	""		"27849.80"	"41198.14"	"5d5.(2I).6s"	"3I"	"5"	""	"*"	"4"		""	"L153"	
"749.308"	"749.305"	"3"	""		"16431.31"	"29773.34"	"5d4.6s2"	"3G"	"4"	"5d4.6s.(6D).6p"	"7D*"	"5"		""	"L153"	
"749.796"	"749.798"	"2"	""		"33291.80"	"46625.05"	"5d5.(2I).6s"	"1I"	"6"	""	"*"	"4"		""	"L153"	
"750.413"	"750.411"	"40"	""		"13307.10"	"26629.46"	"5d4.6s2"	"3P2"	"1"	"5d4.6s.(6D).6p"	"5D*"	"0"		""	"L153"	
"750.459"	"750.452"	"2"	""		"27849.80"	"41171.44"	"5d5.(2I).6s"	"3I"	"5"	""	"*"	"6"		""	"L153"	
"750.721"	"750.718"	"1"	""		"33141.38"	"46458.30"	""	"*"	"2"	"5d4.6s.(6D).7s"	"5D"	"1"		""	"L153"	
"750.788"	"750.786"	"6"	""		"32135.94"	"45451.65"	"5d5.(4G).6s"	"3G"	"4"	""	"*"	"5"		""	"L153"	
"750.900"	"750.899"	"40"	"1.5e+05"	D	"19827.68"	"33141.38"	"5d5.(4P).6s"	"5P"	"3"	""	"*"	"2"		"T4976"	"L153"	
"751.508"	""	"1"	""		""	""	""	""	""	""	""	""		""	"L153"	
"752.066"	"752.062"	"20"	""		"19535.01"	"32828.12"	"5d5.(4G).6s"	"5G"	"5"	"5d4.6s.(6D).6p"	"5D*"	"4"		""	"L153"	
"752.159"	"752.159"	"6*"	""		"34302.04"	"47593.44"	"5d5.(2G2).6s"	"3G"	"4"	""	"*"	"3"		""	"L153"	
"752.159"	"752.164"	"6*"	""		"28291.88"	"41583.20"	"5d5.(2F1).6s"	"3F"	"3"	""	"*"	"2"		""	"L153"	
"752.554"	""	"1"	""		""	""	""	""	""	""	""	""		""	"L153"	
"753.238"	"753.237"	"1"	""		"36082.30"	"49354.68"	""	"*"	"4"	"5d4.6s.(6D).7s"	"7D"	"5"		""	"L153"	
"753.745"	"753.741"	"50*"	""		"18974.51"	"32238.02"	"5d5.(4G).6s"	"5G"	"3"	""	"*"	"3"		""	"L153"	
"753.745"	"753.748"	"50*"	""		"24789.66"	"38053.05"	"5d4.6s2"	"1D2"	"2"	""	"*"	"3"		""	"L153"	
"753.795"	"753.792"	"10"	""		"27213.82"	"40476.42"	"5d5.(2F1).6s"	"3F"	"4"	""	"*"	"5"		""	"L153"	
"754.289"	"754.292"	"4w"	""		"38748.44"	"52002.25"	""	"*"	"4"	""	""	"3"		""	"L153c23"	
"754.346"	""	"1w"	""		""	""	""	""	""	""	""	""		""	"L153"	
"755.048"	"755.042"	"40"	"1.5e+05"	C	"18082.83"	"31323.48"	"5d4.6s2"	"3D"	"1"	""	"*"	"1"		"T4976"	"L153"	
"755.657"	""	"1"	""		""	""	""	""	""	""	""	""		""	"L153"	
"756.168"	""	"3"	""		""	""	""	""	""	""	""	""		""	"L153"	
"756.300"	"756.297"	"2"	""		"23455.02"	"36673.70"	"5d5.(4D).6s"	"5D"	"1"	""	"*"	"2"		""	"L153"	
"756.438"	"756.434"	"4"	""		"23930.08"	"37146.36"	"5d5.(4D).6s"	"5D"	"3"	""	"*"	"4"		""	"L153"	
"756.936"	"756.934"	"2"	""		"28291.88"	"41499.43"	"5d5.(2F1).6s"	"3F"	"3"	""	"*"	"3"		""	"L153"	
"756.992"	"756.986"	"80"	"3.73e+05"	C	"18116.84"	"31323.48"	"5d5.(4G).6s"	"5G"	"2"	""	"*"	"1"		"T4976"	"L153"	
"757.484"	"757.487"	"2"	""		"27670.48"	"40868.40"	"5d5.(4F).6s"	"5F"	"1"	""	"*"	"2"		""	"L153"	
"757.681"	""	"1"	""		""	""	""	""	""	""	""	""		""	"L153"	
"758.193"	""	"1"	""		""	""	""	""	""	""	""	""		""	"L153"	
"758.217"	""	"1"	""		""	""	""	""	""	""	""	""		""	"L153"	
"758.288"	"758.282"	"50"	""		"28233.44"	"41417.52"	"5d5.(4F).6s"	"5F"	"5"	""	"*"	"6"		""	"L153"	
"759.055"	"759.053"	"1"	""		"29430.50"	"42601.19"	""	""	"3"	""	"*"	"3"		""	"L153,L416"	
"759.537"	""	"2"	""		""	""	""	""	""	""	""	""		""	"L153"	
"759.806"	"759.803"	"1"	""		"31389.08"	"44546.76"	"5d5.(4G).6s"	"3G"	"5"	""	"*"	"5"		""	"L153"	
"760.078"	"760.076"	"10w"	""		"39030.25"	"52183.20"	""	"*"	"2"	""	""	"2"		""	"L153"	
"760.148"	"760.141"	"15"	""		"28347.60"	"41499.43"	"5d5.(4F).6s"	"5F"	"3"	""	"*"	"3"		""	"L153"	
"760.685"	""	"1"	""		""	""	""	""	""	""	""	""		""	"L153"	
"760.797"	"760.798"	"3"	""		"30374.20"	"43514.68"	"5d4.6s2"	"3F1"	"2"	""	"*"	"2"		""	"L153"	
"761.218"	"761.214"	"50"	""		"23455.02"	"36588.32"	"5d5.(4D).6s"	"5D"	"1"	""	"*"	"0"		""	"L153"	
"761.415"	"761.411"	"150"	""		"19827.68"	"32957.58"	"5d5.(4P).6s"	"5P"	"3"	""	"*"	"3"		""	"L153"	
"762.606"	""	"2"	""		""	""	""	""	""	""	""	""		""	"L153"	
"762.794"	""	"3w"	""		""	""	""	""	""	""	""	""		""	"L153"	
"762.890"	"762.894"	"8"	""		"30374.20"	"43478.58"	"5d4.6s2"	"3F1"	"2"	""	"*"	"3"		""	"L153"	
"763.024"	"763.020"	"10"	""		"31817.63"	"44919.84"	""	"*"	"2"	"5d4.6s.(6D).7s"	"7D"	"2"		""	"L153"	
"763.129"	"763.131"	"40"	""		"27670.48"	"40770.78"	"5d5.(4F).6s"	"5F"	"1"	""	"*"	"1"		""	"L153"	
"763.188"	""	"3"	""		""	""	""	""	""	""	""	""		""	"L153"	
"763.757"	""	"2"	""		""	""	""	""	""	""	""	""		""	"L153"	
"763.791"	""	"2"	""		""	""	""	""	""	""	""	""		""	"L153"	
"764.104"	"764.103"	"3"	""		"29430.50"	"42514.14"	""	""	"3"	""	"*"	"3"		""	"L153,L416"	
"764.234"	"764.222"	"3"	""		"42251.51"	"55333.12"	""	"*"	"3"	""	""	"4"		""	"L153"	
"764.341"	"764.340"	"20"	""		"36275.10"	"49354.68"	""	"*"	"5"	"5d4.6s.(6D).7s"	"7D"	"5"		""	"L153"	
"764.409"	""	"3w"	""		""	""	""	""	""	""	""	""		""	"L153"	
"765.363"	"765.358"	"30"	""		"27849.80"	"40911.98"	"5d5.(2I).6s"	"3I"	"5"	""	"*"	"5"		""	"L153"	
"765.481"	"765.476"	"80"	"1.2e+04"	D	"13307.10"	"26367.28"	"5d4.6s2"	"3P2"	"1"	""	"*"	"2"		"T4976"	"L153"	
"765.648"	"765.657"	"2"	""		"29853.66"	"42910.74"	"5d5.(4F).6s"	"5F"	"4"	""	"*"	"4"		""	"L153"	
"765.748"	"765.748"	"10"	""		"27213.82"	"40269.35"	"5d5.(2F1).6s"	"3F"	"4"	""	"*"	"3"		""	"L153"	
"765.794"	""	"1"	""		""	""	""	""	""	""	""	""		""	"L153"	
"765.880"	"765.879"	"4"	""		"29479.32"	"42532.62"	"5d4.6s2"	"3F1"	"4"	""	"*"	"4"		""	"L153"	
"766.488"	"766.484"	"200"	"3.80e+05"	C	"18280.48"	"31323.48"	"5d5.(6S).6s"	"5S"	"2"	""	"*"	"1"		"T4976"	"L153"	
"766.695"	""	"2"	""		""	""	""	""	""	""	""	""		""	"L153"	
"766.972"	"766.965"	"1"	""		"29479.32"	"42514.14"	"5d4.6s2"	"3F1"	"4"	""	"*"	"3"		""	"L153"	
"767.229"	"767.226"	"15"	""		"22476.68"	"35507.07"	"5d5.(4D).6s"	"5D"	"4"	""	"*"	"5"		""	"L153"	
"767.561"	"767.554"	"20"	""		"28392.70"	"41417.52"	"5d5.(2I).6s"	"3I"	"6"	""	"*"	"6"		""	"L153"	
"767.698"	"767.692"	"6"	""		"22476.68"	"35499.15"	"5d5.(4D).6s"	"5D"	"4"	""	"*"	"3"		""	"L153"	
"767.857"	"767.853"	"6"	""		"29430.50"	"42450.24"	""	""	"3"	""	"*"	"4"		""	"L153,L416"	
"767.918"	"767.913"	"40"	"6.e+03"	E	"13348.56"	"26367.28"	"5d4.6s2"	"3G"	"3"	""	"*"	"2"		"T4976"	"L153"	
"768.012"	"768.011"	"1"	""		"21448.76"	"34465.83"	"5d4.6s.(6D).6p"	"7F*"	"2"	""	""	"3"		""	"L153,L416"	
"768.130"	""	"4"	""		""	""	""	""	""	""	""	""		""	"L153"	
"768.897"	"768.896"	"80"	""		"19826.04"	"32828.12"	"5d4.6s2"	"3G"	"5"	"5d4.6s.(6D).6p"	"5D*"	"4"		""	"L153"	
"768.997"	"768.993"	"25"	""		"19827.68"	"32828.12"	"5d5.(4P).6s"	"5P"	"3"	"5d4.6s.(6D).6p"	"5D*"	"4"		""	"L153"	
"769.280"	"769.279"	"6"	""		"32378.40"	"45374.00"	"5d5.(2D3).6s"	"3D"	"1"	""	"*"	"1"		""	"L153"	
"769.390"	""	"4"	""		""	""	""	""	""	""	""	""		""	"L153"	
"769.436"	"769.429"	"3"	""		"40923.83"	"53916.90"	""	"*"	"3"	""	""	"3"		""	"L153"	
"769.604"	""	"2"	""		""	""	""	""	""	""	""	""		""	"L153"	
"769.800"	""	"10"	""		""	""	""	""	""	""	""	""		""	"L153"	
"769.948"	"769.949"	"20"	""		"24789.66"	"37773.96"	"5d4.6s2"	"1D2"	"2"	""	"*"	"1"		""	"L153"	
"770.101"	"770.098"	"40"	""		"19256.24"	"32238.02"	"5d5.(4G).6s"	"5G"	"4"	""	"*"	"3"		""	"L153"	
"770.154"	"770.155"	"1"	""		"32135.94"	"45116.77"	"5d5.(4G).6s"	"3G"	"4"	""	"*"	"4"		""	"L153"	
"770.263"	"770.264"	"2w"	""		"33952.85"	"46931.84"	"5d5.(4D).6s"	"3D"	"3"	""	"*"	"4"		""	"L153,L416"	
"770.400"	"770.400"	"1w"	""		"34465.83"	"47442.53"	""	""	"3"	""	"*"	"2"		""	"L153,L416"	
"770.558"	"770.555"	"6"	""		"23930.08"	"36904.16"	"5d5.(4D).6s"	"5D"	"3"	""	"*"	"2"		""	"L153"	
"770.680"	"770.679"	"5w"	""		"39030.25"	"52002.25"	""	"*"	"2"	""	""	"3"		""	"L153"	
"771.108"	"771.113"	"1"	""		"28233.44"	"41198.14"	"5d5.(4F).6s"	"5F"	"5"	""	"*"	"4"		""	"L153c23"	
"772.149"	""	"2w"	""		""	""	""	""	""	""	""	""		""	"L153"	
"772.206"	""	"12"	""		""	""	""	""	""	""	""	""		""	"L153"	
"772.334"	"772.329"	"12"	""		"23930.08"	"36874.36"	"5d5.(4D).6s"	"5D"	"3"	""	"*"	"3"		""	"L153"	
"772.681"	""	"4"	""		""	""	""	""	""	""	""	""		""	"L153"	
"772.707"	"772.704"	"20"	""		"28233.44"	"41171.44"	"5d5.(4F).6s"	"5F"	"5"	""	"*"	"6"		""	"L153"	
"772.936"	""	"2"	""		""	""	""	""	""	""	""	""		""	"L153"	
"773.206"	"773.205"	"4"	""		"38355.84"	"51285.46"	""	"*"	"1"	""	""	"0"		""	"L153"	
"773.629"	"773.621"	"8"	""		"13307.10"	"26229.77"	"5d4.6s2"	"3P2"	"1"	"5d5.(6S).6p"	"7P*"	"2"		""	"L153"	
"774.608"	"774.605"	"20"	""		"28291.88"	"41198.14"	"5d5.(2F1).6s"	"3F"	"3"	""	"*"	"4"		""	"L153"	
"774.707"	"774.705"	"3"	""		"33201.61"	"46106.20"	"5d5.(2G2).6s"	"3G"	"5"	""	"*"	"6"		""	"L153,L416"	
"774.965"	"774.961"	"6"	""		"28204.20"	"41104.52"	"5d5.(4F).6s"	"5F"	"2"	""	"*"	"2"		""	"L153"	
"775.492"	"775.488"	"6"	""		"23982.80"	"36874.36"	"5d5.(4D).6s"	"5D"	"2"	""	"*"	"3"		""	"L153"	
"775.858"	"775.855"	"20"	""		"17701.18"	"30586.64"	"5d4.6s2"	"3F2"	"3"	"5d4.6s.(6D).6p"	"5P*"	"3"		""	"L153"	
"776.116"	"776.111"	"40"	""		"13348.56"	"26229.77"	"5d4.6s2"	"3G"	"3"	"5d5.(6S).6p"	"7P*"	"2"		""	"L153"	
"776.161"	""	"1"	""		""	""	""	""	""	""	""	""		""	"L153"	
"777.165"	"777.165"	"6"	""		"38259.40"	"51123.14"	""	"*"	"4"	"5d4.6s.(6D).7s"	"5D"	"4"		""	"L153"	
"777.252"	"777.251"	"8"	""		"28720.88"	"41583.20"	"5d5.(4P).6s"	"3P"	"1"	""	"*"	"2"		""	"L153"	
"777.468"	"777.466"	"10"	""		"35116.78"	"47975.54"	""	"*"	"4"	"5d4.6s.(6D).7s"	"7D"	"4"		""	"L153"	
"777.673"	"777.668"	"30"	""		"24610.88"	"37466.30"	"5d4.6s2"	"1F"	"3"	""	"*"	"2"		""	"L153"	
"777.781"	"777.787"	"6"	""		"30374.20"	"43227.66"	"5d4.6s2"	"3F1"	"2"	""	"*"	"2"		""	"L153"	
"777.971"	"777.963"	"5"	""		"28347.60"	"41198.14"	"5d5.(4F).6s"	"5F"	"3"	""	"*"	"4"		""	"L153"	
"778.277"	"778.276"	"12"	""		"26861.64"	"39707.02"	"5d5.(2F1).6s"	"3F"	"2"	""	"*"	"2"		""	"L153"	
"778.415"	"778.413"	"100"	""		"18974.51"	"31817.63"	"5d5.(4G).6s"	"5G"	"3"	""	"*"	"2"		""	"L153"	
"778.565"	"778.563"	"3"	""		"13348.56"	"26189.20"	"5d4.6s2"	"3G"	"3"	"5d4.6s.(6D).6p"	"7D*"	"3"		""	"L153"	
"779.013"	""	"5"	""		""	""	""	""	""	""	""	""		""	"L153"	
"779.333"	""	"4"	""		""	""	""	""	""	""	""	""		""	"L153"	
"779.757"	"779.755"	"5"	""		"29430.50"	"42251.51"	""	""	"3"	""	"*"	"3"		""	"L153,L416"	
"779.839"	"779.832"	"6"	""		"15069.93"	"27889.68"	"5d4.6s2"	"3H"	"5"	"5d5.(6S).6p"	"7P*"	"4"		""	"L153"	
"779.964"	""	"1"	""		""	""	""	""	""	""	""	""		""	"L153"	
